6.391,43245
6.362,8388
6.631,6437
6.727,4409
6.717,3249
6.621,1856
6.449,2678
6.377,4071
6.3,1731
6.237,7383
6.17,3218
6.156,2506
6.151,1500
6.113,4758
5.935,2626
6.021,3100
6.017,1700
5.873,2206
5.94,1562
5.983,800
5.993,1300
6.06,2813
6.089,2079
6.108,2942
6.036,6719
6.069,8246
6.324,5771
6.386,3908
6.664,6616
6.472,6581
6.42,7472
6.348,2513
6.343,2330
6.218,1527
6.189,7135
6.089,7319
6.18,1910
6.242,900
6.218,503
6.309,400
6.281,1358
6.257,1600
6.209,1162
6.18,900
6.132,1323
6.17,2909
6.228,2527
6.257,514
6.228,1363
6.309,4300
6.333,3026
6.252,8108
6.449,10534
6.928,8980
6.957,10174
7.389,12611
7.427,12904
7.523,26174
7.466,8540
7.571,17003
7.84,22197
7.859,11531
7.782,19879
7.821,7820
7.859,12548
8.022,26660
8.185,22248
8.137,18182
8.003,11970
7.974,16228
8.089,12173
8.027,7700
8.099,11108
7.965,12103
8.07,11600
7.984,7737
7.998,23155
8.181,41545
7.859,61671
7.346,48882
6.971,10407
7.216,5900
7.293,4000
7.101,7300
6.967,5354
6.9,4000
6.837,17171
6.751,5263
6.818,4135
6.66,6685
6.53,12976
6.449,9627
6.477,2547
6.506,5800
6.602,8896
6.52,34474
6.612,5800
6.54,14700
6.516,3356
6.391,6457
6.573,8202
6.597,7321
6.573,10214
6.396,50628
6.045,23273
5.7,6178
5.926,13044
5.873,6300
6.065,3204
5.974,4116
6.137,1597
6.089,4970
6.041,2700
6.055,4797
6.137,1600
6.189,4300
6.204,3700
6.353,4699
6.357,4900
6.271,3817
6.204,4200
6.242,6003
6.333,4100
6.204,5000
6.233,2373
6.189,2630
6.165,2255
6.237,6190
6.305,10638
6.271,25708
6.218,6994
5.969,5047
5.873,4400
5.839,1963
5.906,2300
6.007,1796
5.978,3100
5.974,1765
6.045,3265
6.079,1500
6.093,400
6.017,100
5.988,5182
5.969,100
5.95,3619
5.974,1100
5.974,1098
5.988,700
5.988,3700
5.978,200
5.993,1200
6.065,300
6.074,800
6.093,540
6.069,3169
6.165,11806
6.132,5078
6.305,2421
6.199,3364
6.161,400
6.117,1400
6.036,1379
6.132,3075
6.113,300
6.017,2411
5.969,600
5.873,2800
5.873,1000
5.863,1200
5.815,1735
5.873,4262
5.897,2100
5.825,4300
5.786,23259
5.839,7300
5.81,7066
5.762,7916
5.681,4811
5.695,12580
5.686,4253
5.642,8280
5.647,12192
5.575,28775
5.575,8548
5.609,8669
5.355,7087
5.326,4711
5.35,6293
5.259,1463
5.331,6084
5.364,995
5.34,1900
5.383,4478
5.403,4000
5.321,3100
5.417,3890
5.623,2994
5.594,2684
5.546,2100
5.566,1100
5.561,4000
5.508,2400
5.57,1900
5.551,1900
5.542,2900
5.537,3321
5.532,2800
5.57,11006
5.403,5200
5.431,5667
5.422,3792
5.46,1243
5.46,0
5.412,2686
5.35,700
5.35,4942
5.311,4200
5.292,2700
5.292,2000
5.283,3503
5.283,1200
5.292,2296
5.292,2989
5.292,1700
5.273,900
5.273,5759
5.369,1101
5.311,3100
5.302,1274
5.283,500
5.278,586
5.259,865
5.268,2660
5.254,6802
5.239,20000
5.374,5400
5.436,4994
5.479,2275
5.518,2845
5.508,2313
5.475,1600
5.479,999
5.47,1307
5.446,600
5.422,1241
5.427,1264
5.393,700
5.47,930
5.441,500
5.436,1292
5.431,900
5.407,1393
5.407,0
5.398,569
5.374,1079
5.388,300
5.403,1800
5.422,2400
5.441,3300
5.431,3137
5.498,24534
5.729,8646
5.926,8500
5.954,8219
6.117,6450
6.017,1673
6.084,1700
6.18,5377
6.132,4965
6.305,6696
6.343,2654
6.396,1879
6.362,1900
6.276,2400
6.29,1791
6.276,1000
6.367,2050
6.372,1286
6.381,1246
6.281,800
6.247,1100
6.276,1244
6.285,1044
6.204,600
6.218,1400
6.261,7762
6.218,3027
6.007,2700
6.06,3659
6.065,1600
5.926,4650
5.94,1800
5.964,1395
5.974,851
5.95,575
5.916,560
5.911,2566
5.93,700
5.911,300
5.978,200
5.988,500
5.959,200
6.017,1100
6.045,776
6.055,3613
6.175,4137
6.209,1600
6.247,1800
6.252,5200
6.266,1100
6.281,4791
6.252,14613
6.784,18799
6.746,8475
6.823,2553
6.89,7109
6.904,3983
6.89,1803
6.957,2011
6.976,2630
6.871,400
6.813,1000
6.794,1800
6.808,1718
6.823,1300
6.832,2900
6.804,1900
6.842,1100
6.804,200
6.784,487
6.832,1620
6.852,495
6.88,1216
6.904,1913
6.986,1037
7.005,645
7.024,2009
7.12,7133
7.255,6490
7.034,2300
6.938,2700
6.986,900
7.149,4171
7.154,800
7.226,1700
7.202,5700
7.187,1200
7.331,2200
7.303,1600
7.322,2100
7.322,1300
7.235,600
7.207,2500
7.149,1970
7.053,500
7.024,971
7.101,2556
7.101,700
7.087,1256
7.082,1200
7.072,2588
7.211,2114
7.183,3603
7.149,7881
7.063,12226
7.149,7891
7.485,5726
7.307,5929
7.399,3471
7.499,3200
7.379,3661
7.327,1396
7.394,5400
7.562,4280
7.811,7700
7.696,3897
7.797,2957
7.782,1628
7.677,4600
7.629,1200
7.648,200
7.638,1200
7.629,1500
7.557,1955
7.542,2041
7.61,1500
7.629,1300
7.638,2000
7.61,5242
7.61,8790
7.61,11200
7.47,1700
7.403,1956
7.351,1400
7.456,1300
7.365,500
7.451,500
7.48,300
7.509,1300
7.499,406
7.566,1600
7.581,1028
7.557,500
7.61,619
7.715,1200
7.787,845
7.768,2700
7.782,1500
7.85,1632
7.912,2509
8.008,1500
7.912,1300
7.907,1200
7.907,1287
7.878,2556
7.969,7913
7.715,16337
7.715,7197
7.557,4850
7.542,4398
7.475,3980
7.528,3085
7.538,7644
7.586,1172
7.586,3400
7.518,1200
7.504,2000
7.518,700
7.518,1100
7.504,800
7.494,2928
7.461,800
7.456,800
7.394,4403
7.384,700
7.365,1323
7.36,400
7.322,2590
7.187,2352
7.211,1000
7.293,2000
7.331,3837
7.36,12289
7.494,5077
7.456,5300
7.672,6295
7.538,8795
7.533,6348
7.552,430
7.514,1907
7.706,400
7.845,3630
8.118,6026
8.061,11500
8.022,2370
8.056,3035
8.017,8501
8.027,5879
8.152,11244
8.061,4100
8.08,2517
8.109,1000
8.123,700
8.089,1250
8.2,2300
8.229,5586
8.224,6220
8.229,6878
8.022,13855
7.917,6171
8.161,8150
8.205,2700
8.243,1900
8.281,1700
8.243,1100
8.387,784
8.387,2046
8.387,1968
8.349,2566
8.277,646
8.425,200
8.444,1897
8.502,1500
8.502,10192
8.387,600
8.387,1193
8.411,300
8.468,1300
8.502,800
8.425,347
8.464,3241
8.416,1908
8.243,5540
8.2,8771
8.425,7589
8.598,5010
8.444,2912
8.54,2600
8.531,5567
8.406,10964
8.536,4841
8.665,5157
8.675,4366
8.564,800
8.656,3006
8.54,3800
8.704,4400
8.804,3500
8.732,1000
8.78,2200
8.737,5356
8.891,2300
8.871,2446
8.934,3500
8.871,1477
8.847,2300
8.814,1600
8.732,900
8.718,5102
8.684,9564
8.809,18830
8.948,4996
8.867,2800
8.915,5223
8.857,4814
9.025,1900
9.039,3300
9.068,1400
9.092,2600
9.073,3400
9.078,2900
9.011,2641
8.895,2000
9.03,1900
8.991,3900
8.982,2000
8.929,2600
8.843,4101
8.785,2017
8.833,3415
8.828,2165
8.675,1500
8.771,1700
8.708,900
8.78,6746
8.852,4819
9.078,40544
9.342,9046
9.135,4953
9.02,4130
8.847,8494
8.54,8118
8.608,2956
8.464,3475
8.478,1248
8.444,5780
8.396,4443
8.267,2697
8.296,3405
8.406,802
8.368,1702
8.526,1323
8.536,1510
8.416,3734
8.339,1199
8.42,800
8.411,930
8.449,494
8.372,1559
8.396,3435
8.473,3738
8.416,10994
8.396,11439
8.377,2939
8.301,4836
8.089,1762
8.089,4344
7.95,3024
8.041,2107
8.08,2014
8.109,1316
8.089,655
8.061,310
8.133,2059
8.118,1403
8.109,400
8.185,1000
8.195,602
8.243,1200
8.339,1834
8.358,1212
8.368,1612
8.396,1210
8.301,510
8.262,948
8.224,1567
8.238,1544
8.281,4354
8.07,8813
7.907,3640
7.965,1525
8.147,3748
7.96,2540
8.137,4554
8.185,2529
8.209,2124
8.296,7032
8.435,1890
8.54,1107
8.329,2888
8.253,1466
8.238,3807
8.195,1250
8.166,700
8.176,1070
8.233,490
8.205,2274
8.157,896
8.099,6551
8.022,3691
8.051,3396
8.118,3264
8.157,1994
8.166,12476
8.032,9248
7.907,10010
7.682,6690
7.538,9107
7.394,4359
7.365,4642
7.298,2838
7.202,4524
7.197,13847
7.192,7321
6.971,2986
7.034,1662
6.976,5316
7.235,4088
7.475,975
7.456,3233
7.375,9422
7.629,4202
7.595,1000
7.557,2727
7.533,2627
7.485,5023
7.485,7024
7.547,6234
7.533,9077
7.427,14579
7.139,12204
7.341,3405
7.614,2937
7.653,8493
7.686,1900
7.667,6635
7.706,1157
7.72,740
7.571,586
7.59,1332
7.562,1900
7.485,2184
7.456,1315
7.422,1600
7.494,2948
7.624,2996
7.624,2920
7.614,1417
7.557,900
7.49,1367
7.403,4235
7.303,1635
7.259,1833
7.221,2668
7.346,13634
7.259,36215
7.111,22970
6.842,6051
6.736,13821
6.736,13516
7.043,6699
6.89,3963
6.832,3651
6.765,3910
6.842,4443
6.842,2554
6.842,4861
6.962,2329
6.962,2474
6.952,3468
6.976,4000
6.995,3018
7.063,8500
7.048,3103
7.015,2049
6.995,2300
7.043,1764
7.063,1858
7.072,1146
7.053,4222
7.053,18419
6.823,30953
6.861,3358
6.995,9997
6.995,6410
6.967,7660
7.067,5978
7.077,8698
7.125,1110
7.149,2261
7.043,2410
7.039,1798
7.135,4159
7.139,3166
7.139,2003
7.235,5278
7.207,1824
7.159,4178
7.168,1571
7.163,1303
7.12,3949
7.043,2188
7.091,5762
7.106,1698
7.163,5265
7.303,3229
7.403,2648
7.298,13106
7.408,9904
7.466,7445
7.571,7502
7.691,1635
7.706,1430
7.73,1824
7.648,1256
7.629,3995
7.763,909
7.715,2418
7.71,825
7.691,207
7.691,750
7.619,1000
7.638,433
7.586,211
7.571,1031
7.562,600
7.61,200
7.61,600
7.658,2457
7.706,1516
7.734,1116
7.71,596
7.73,1313
7.701,11159
7.638,7334
7.802,3322
7.893,7138
7.926,5157
7.993,5865
7.993,5175
7.989,3917
8.008,3501
8.027,4038
8.094,3258
8.07,5410
8.013,5320
8.046,4369
8.07,4550
8.113,5094
8.157,3334
8.085,3030
8.061,4223
8.027,3502
8.109,5441
8.089,2337
8.133,3477
8.152,4497
8.142,4005
8.075,4794
8.123,22330
8.032,11874
7.859,3534
7.83,8530
8.032,1908
8.017,5960
8.061,6681
7.984,7425
7.955,1951
7.941,1898
7.912,2404
7.969,1919
7.984,1731
7.931,2514
7.917,5440
7.869,2312
7.85,2258
7.83,4244
7.792,3020
7.763,4441
7.782,3837
7.792,1811
7.792,4519
7.83,6037
7.787,6627
7.71,12697
7.538,25543
7.437,10051
7.163,3733
7.101,9289
6.933,2118
6.924,2778
6.904,6113
6.947,3769
6.9,6320
6.861,3662
6.832,1327
6.837,4579
6.77,1702
6.799,3403
6.9,5301
6.828,2236
6.789,4689
6.76,2414
6.789,1531
6.77,767
6.784,617
6.746,4047
6.708,3957
6.655,9175
6.54,6792
6.698,6320
6.564,6168
6.842,9836
7.063,4121
7.072,4258
6.962,5852
7.019,609
6.981,1511
6.981,2840
7.005,1645
7.111,1564
7.154,1703
7.096,1824
7.019,1398
6.981,1013
6.976,1212
6.933,8287
6.933,2635
6.933,3997
6.909,7511
6.933,1675
6.866,302
6.813,400
6.794,2000
6.828,2707
6.832,1256
6.751,5631
6.636,14131
6.65,6511
6.842,2700
6.976,7679
7.058,3795
7.187,3455
7.245,3600
7.24,1198
7.269,1917
7.317,2943
7.446,2892
7.351,1100
7.389,3325
7.293,421
7.442,2339
7.341,1075
7.384,1719
7.418,1753
7.47,1531
7.437,2415
7.485,300
7.504,3021
7.485,1961
7.499,8714
7.504,7383
7.538,13975
7.566,38369
7.792,9360
7.888,6016
7.802,6140
7.984,4598
7.754,5637
7.782,5333
7.85,3244
7.802,3629
7.83,4898
7.821,4783
7.71,3051
7.653,918
7.72,2746
7.749,4675
7.677,1891
7.686,200
7.706,652
7.619,2468
7.562,13548
7.667,2454
7.73,1278
7.758,2612
7.797,3103
7.806,1810
7.782,14698
7.859,12235
7.782,7227
8.013,5209
8.147,6463
7.955,5613
8.041,3089
8.061,2419
8.104,5403
8.205,2926
8.166,1919
8.166,2412
8.113,1422
8.137,1292
8.157,4156
8.214,1085
8.253,1271
8.325,1418
8.31,1478
8.296,618
8.243,300
8.267,2678
8.305,1400
8.253,825
8.281,801
8.281,2303
8.253,2354
8.296,8481
8.301,4833
7.912,7788
8.243,10845
7.917,7427
7.945,5370
7.883,5030
7.744,3606
7.715,1400
7.667,3591
7.581,3546
7.552,1500
7.552,500
7.514,1459
7.475,1400
7.504,2510
7.6,595
7.614,2600
7.653,416
7.706,1000
7.662,746
7.701,1034
7.701,600
7.701,511
7.696,2400
7.677,5382
7.653,14392
7.725,11502
8.022,3911
7.993,10532
7.921,14119
8.277,6854
8.368,10056
8.502,10850
8.646,7488
8.886,9956
8.886,7678
9.102,13226
9.289,12218
9.428,14061
9.567,14223
9.606,22678
9.845,21373
9.682,21515
9.845,12377
9.529,12751
9.414,9861
9.5,7353
9.5,10806
9.495,22330
9.898,28024
10.09,19316
9.759,42841
8.588,15634
8.646,22514
8.608,9752
8.895,6169
9.107,6948
8.924,6148
8.924,3366
9.203,2488
9.337,400
9.356,2912
9.385,3305
9.471,1103
9.51,862
9.505,4836
9.394,2373
9.327,2418
9.275,400
9.27,1505
9.308,2805
9.361,3831
9.394,6421
9.375,2268
9.337,4123
9.404,4023
9.495,12528
9.519,27541
9.625,9859
10.14,2104
9.855,4182
10.12,7019
10.26,14639
10.04,4517
9.774,5066
10.01,4124
10.17,9117
10.18,1526
10.21,3918
10.28,2256
10.31,701
10.4,3730
10.28,3278
10.26,3512
10.21,2935
10.41,2557
10.44,7246
10.57,8773
10.53,4500
10.35,5770
10.34,5540
10.45,9890
10.49,5816
10.61,18887
10.28,4723
10.33,3303
10.64,9870
10.56,1948
10.62,1983
10.59,910
10.48,2391
10.48,1400
10.55,1076
10.56,2658
10.55,1814
10.41,1271
10.33,2339
10.35,615
10.47,1501
10.43,698
10.47,787
10.49,1132
10.5,885
10.56,401
10.47,1150
10.39,1156
10.37,2639
10.28,3357
10.26,5424
10.23,8000
10.13,12803
10.42,4752
10.21,5825
9.975,3982
9.85,2317
9.75,3122
9.86,1307
9.85,1800
9.893,3720
10.05,1300
10.01,200
9.932,2200
9.951,400
9.994,100
9.932,1903
10.05,404
10.05,0
10,1201
10.09,2300
10.09,610
10.08,400
9.999,900
9.999,1807
9.999,2001
9.927,4577
9.879,5443
10.28,8881
10.33,7210
10.71,4303
10.8,1536
10.82,2510
10.95,2781
10.95,3427
11.25,4507
11.22,2612
10.91,5222
10.97,1810
11.09,2017
11.19,3364
11.09,1500
11.15,2281
11.16,4085
11.1,2784
11.15,1922
11.07,1956
11.03,3042
10.93,10618
10.89,7807
10.74,17667
10.68,19302
10.6,18652
10.47,24163
10.46,26054
10.66,5013
10.59,4119
10.19,8926
10.09,4326
9.961,3537
10.04,1414
9.889,1532
9.798,1510
9.884,1795
9.999,3598
10.15,1484
10.04,800
9.999,540
9.932,2456
9.884,1657
9.879,820
9.702,600
9.754,1409
9.817,2121
9.826,4397
9.941,603
9.975,3979
9.917,3312
10.01,2334
10.05,6793
10.09,4740
9.74,1904
9.658,11455
9.433,7607
9.346,2744
9.203,4563
9.217,6011
9.145,3410
9.361,7479
9.481,5357
9.299,2800
9.346,5814
9.275,2557
9.164,4311
9.164,3200
9.116,2850
9.025,1604
8.982,6674
8.991,6892
8.857,2100
8.747,1504
8.67,11405
8.737,12940
8.593,7458
8.516,13746
8.392,40673
7.888,15154
7.869,7149
7.854,3219
8.032,5100
8.157,2597
8.31,7134
8.281,1899
8.651,2203
8.771,5029
8.684,2348
8.579,409
8.636,1298
8.55,200
8.473,1031
8.55,200
8.545,653
8.454,200
8.377,758
8.444,502
8.454,862
8.416,200
8.425,304
8.425,0
8.353,976
8.368,3367
8.43,6988
8.55,4077
8.233,3780
8.291,4202
8.325,4899
8.483,3134
8.411,1655
8.598,2031
8.617,1668
8.622,1302
8.737,2019
8.795,4219
8.838,607
8.929,1428
8.963,1397
8.828,1300
8.79,1686
8.742,2928
8.771,1368
8.78,3226
8.79,1755
8.732,1177
8.708,706
8.752,882
8.804,315
8.876,1714
8.828,8703
9.174,3848
9.318,3595
9.284,2200
9.534,3601
9.356,4159
9.51,5208
9.447,6916
9.601,3036
9.697,2114
9.807,4365
9.893,5710
9.908,7194
9.999,5435
10.04,3158
10.13,2992
10.27,4806
10.31,10402
10.17,7858
10.12,3378
10.09,4999
10.03,3586
10.16,2725
10.09,2914
10.17,3102
10.22,3581
10.25,15551
9.807,7312
10.19,7809
10.02,5688
10.16,3795
10.03,7101
10.08,4004
9.879,4779
9.745,1707
9.831,2781
9.932,2207
10.04,3024
10.16,13080
10.4,7351
10.45,2600
10.54,3712
10.55,1735
10.58,1870
10.56,4280
10.69,3000
10.58,2513
10.58,2332
10.67,1427
10.64,1235
10.55,1517
10.63,4383
10.55,6787
10.4,19152
10.79,17866
10.17,22201
10.04,14841
10.51,7435
10.88,6354
10.89,5355
10.69,1035
10.7,1600
10.73,1468
10.81,2296
10.78,6588
10.5,1112
10.5,1206
10.58,2168
10.48,2190
10.48,800
10.61,1211
10.54,2310
10.66,1157
10.69,1000
10.67,2017
10.71,800
10.68,2794
10.6,2037
10.57,17060
10.72,12331
10.82,6753
10.97,10279
11.24,6598
11.11,9231
10.81,18401
10.86,8075
10.74,3409
11.05,2775
11.09,1825
11.11,3293
10.99,1600
11.14,1320
11.2,701
11.24,1700
11.28,800
11.35,9009
11.37,2003
11.52,2102
11.54,5807
11.48,5442
11.6,3608
11.62,2392
11.71,12767
11.62,28079
11.65,36944
11.44,24630
10.68,18379
10.03,10843
10.06,5345
10.26,4994
10.09,9524
10.12,1834
10.11,3309
9.932,1149
9.879,2074
9.874,4448
9.999,2303
9.855,3601
9.826,712
9.807,1404
9.778,2346
9.649,5019
9.682,1286
9.75,4472
9.831,2675
9.865,1000
9.989,1343
9.937,2130
9.941,3223
9.879,3449
9.869,4793
10.05,5683
9.989,3290
9.961,2132
9.692,2652
9.817,6336
9.893,6102
10.1,10975
10.06,5840
10.2,2754
10.12,5557
10.17,3377
10.16,4778
10.11,2659
10.11,528
10.2,2004
10.24,1632
10.28,903
10.16,1291
10.16,3906
10.08,3774
10.3,12137
10.61,7862
10.66,5593
10.58,6120
10.54,8849
10.32,14778
9.865,32091
9.279,26597
9.625,8450
9.855,4131
9.769,4568
10.03,7925
10.04,2387
10.35,9562
10.48,2820
10.64,6636
10.91,7305
10.96,8915
11.18,5511
11.04,3921
11.26,6637
11.23,8533
11.28,9794
11.3,8275
11.25,3348
11.32,3137
11.34,1313
11.21,3080
11.09,3612
11.07,8485
11.2,9399
11.37,13786
11.09,16023
10.97,1502
11.06,3518
10.87,2467
10.99,2754
11.18,1820
11.14,2278
11.18,820
11.23,1785
11.27,4422
11.53,788
11.58,1874
11.5,1732
11.44,1253
11.46,1929
11.36,1505
11.39,876
11.47,600
11.47,325
11.51,908
11.47,435
11.36,403
11.4,3020
11.4,806
11.33,933
11.31,10607
11.36,9558
11.72,9257
11.65,7822
11.77,2303
11.68,4701
11.64,1766
11.57,2601
11.44,3254
11.22,1300
11.07,1303
11.16,1800
11.3,1862
11.32,1329
11.35,500
11.28,717
11.38,353
11.4,1400
11.36,100
11.49,2447
11.52,1002
11.51,1400
11.43,2000
11.44,1410
11.43,909
11.38,1391
11.27,4612
11.13,10497
10.95,5448
10.92,5691
11.22,4308
11.33,3227
11.21,3136
10.98,5402
11.2,5500
11.21,2800
11.25,2219
11.21,1500
11.32,1500
11.17,3914
11.11,896
11.07,1811
10.97,803
10.97,489
10.97,970
10.98,3390
10.84,1628
10.82,1230
10.9,630
10.82,300
10.76,506
10.74,4158
10.84,12947
10.58,1913
10.68,1199
10.86,3438
11.1,2205
10.9,1052
10.94,1000
10.93,2495
10.99,4174
10.98,2785
10.78,900
10.74,1129
10.77,596
10.81,1706
10.81,0
10.8,1810
10.74,1000
10.79,100
10.75,1191
10.71,217
10.66,750
10.57,1234
10.59,1500
10.5,200
10.49,1302
10.64,1076
10.65,5408
10.66,16258
11.05,24403
11.35,1583
11.32,3172
11.6,3468
11.49,5416
11.64,3589
11.58,1300
11.49,1968
11.5,2047
11.42,1840
11.21,1710
11.23,2778
11.27,5726
11.21,4593
11.28,2270
11.43,1384
11.41,1154
11.48,900
11.53,800
11.48,200
11.47,1412
11.41,801
11.34,900
11.28,1480
11.22,5161
11.46,8049
11.5,4274
11.46,5701
11.52,2579
11.35,1807
11.44,4236
11.52,3515
11.5,2600
11.74,2506
11.84,2661
11.76,200
11.74,500
11.85,400
11.79,1600
11.81,400
11.84,1000
11.79,800
11.87,600
11.85,1389
11.89,2557
11.85,4882
11.84,1600
11.88,100
11.98,1413
11.95,6602
11.88,6591
11.32,2238
11.59,1256
11.61,500
11.31,2827
11.08,3950
10.98,2711
10.81,6156
10.94,2100
10.94,1107
10.92,2051
10.91,2198
10.99,4793
11.18,4956
11.15,2269
11.11,2558
11.17,1500
11.1,5367
11.18,10247
11.24,7144
11.25,1081
11.13,612
11.25,2018
11.22,595
11.25,603
11.17,2393
11.14,9522
11.24,2220
11.16,2055
11.67,6604
11.84,3839
11.91,4138
11.85,7016
12.19,4662
12.2,2041
12.21,3001
12.17,3165
12.11,2311
11.98,654
12.11,2452
12.12,1522
12.19,1400
12.22,2300
12.24,3800
12.25,3744
12.2,4594
12.19,2862
12.16,3264
12.22,4438
12.2,1200
12.23,4930
12.39,3349
12.31,12221
12.05,5409
12.16,5400
12.05,1300
12.25,1427
12.26,2668
12.39,3314
12.52,2227
12.41,4275
12.48,13544
12.63,1000
12.64,1916
12.81,2740
12.77,2695
12.91,1414
13.04,3006
13.18,1982
13.22,5842
13.34,4123
13.09,3319
13.17,5154
12.91,6650
12.89,3034
12.81,6414
13,5159
12.98,3806
12.98,10082
12.92,3701
12.66,3132
12.74,5607
12.64,7127
12.43,2742
12.55,1859
12.47,5684
12.27,1612
12.35,2481
12.44,2309
12.59,1600
12.65,3228
12.69,1279
12.68,300
12.6,500
12.6,428
12.54,1145
12.72,900
12.75,403
12.86,2606
12.95,1706
13.1,639
13.1,910
13.12,498
13.07,1358
13.15,11014
13.03,4513
13.05,3389
12.75,1541
12.66,732
12.71,1863
12.64,2506
12.73,1261
12.6,500
12.57,861
12.58,1918
12.92,800
12.94,510
12.97,1299
12.97,1246
13.03,1048
13.07,500
13.07,0
13.09,2775
13.09,415
13.1,706
12.96,1369
12.88,211
12.9,1101
12.94,4815
12.86,6390
12.83,14256
12.56,3981
12.12,239
12.28,1708
12.64,2512
12.76,1506
12.91,683
12.8,100
12.87,551
13.05,1000
13.11,1598
13.22,700
13.04,700
13.09,2644
13.25,100
13.2,1200
13.42,2365
13.49,1350
13.52,1250
13.49,960
13.48,800
13.5,600
13.59,613
13.58,921
13.59,712
13.59,5640
13.44,4871
13.22,13502
13.38,3367
13.06,1986
13.38,2626
13.35,2873
13.44,2058
13.22,1175
13.06,1022
13,2416
13.11,751
13.17,1118
13.19,1913
12.95,2955
12.63,2952
12.66,700
12.79,836
12.57,110
12.49,599
12.62,668
12.77,1764
12.65,3311
12.64,373
12.8,2186
12.82,798
12.86,1292
12.77,3709
12.8,3037
12.56,2603
12.71,2352
12.46,4227
12.55,2594
12.88,1400
12.77,1242
12.68,2738
12.7,1662
12.6,500
12.58,2700
12.35,1885
12.46,900
12.42,840
12.61,400
12.65,889
12.72,116
12.72,925
12.77,1674
12.71,900
12.64,636
12.54,1102
12.43,1404
12.35,2067
12.23,2434
12.23,7807
11.59,15862
12.09,4452
12.3,2832
12.2,2605
11.93,6768
11.86,3622
12.01,8760
11.71,1953
11.58,9493
11.82,3217
11.88,3596
11.75,2908
11.71,3976
11.64,1516
11.65,787
11.61,5022
11.82,3326
11.86,4604
11.76,1893
11.74,1234
11.72,793
11.61,167
11.63,220
11.71,208
11.73,1120
11.62,13543
11.41,2998
11.95,6600
11.96,1561
11.8,1658
11.42,1804
11.48,1064
11.65,420
12,1800
12.26,400
12.23,1867
12.22,800
12.3,797
12.23,784
12.27,935
12.13,400
12.13,0
12.13,0
12.15,500
12.26,506
12.34,700
12.16,200
12.18,1330
12.08,1085
12.11,400
12.2,1266
12.14,4255
12.65,5770
12.97,3448
12.85,1676
12.89,8568
13.03,3222
13.51,19187
13.5,1452
13.54,901
13.38,4902
13.25,7272
13.45,945
13.45,2500
13.41,1600
13.53,2213
13.53,206
13.45,700
13.48,1200
13.34,200
13.35,1673
13.36,1003
13.39,1435
13.31,800
13.23,1824
13.16,5819
13.21,3880
13.3,7903
13.4,6995
13.15,2830
13.35,3203
13.37,4804
13.45,1123
13.48,361
13.55,942
13.46,1926
13.43,1440
13.38,335
13.31,1747
13.36,705
13.48,869
13.46,483
13.49,803
13.44,1693
13.41,605
13.53,700
13.46,749
13.37,480
13.39,1534
13.29,676
13.21,882
13.22,2359
13.18,3053
13.17,7183
13.03,5958
13.4,1715
13.78,4091
14.08,8317
14.17,3745
14.01,5533
14.12,3546
13.92,1237
13.87,2313
13.92,1042
13.99,820
13.9,1309
13.81,906
13.76,1415
13.89,1277
13.8,550
13.79,2321
13.89,1481
13.83,2214
13.86,2683
13.76,1312
13.6,1022
13.68,1300
13.58,1915
13.65,2454
13.66,10333
13.56,7630
13.7,1346
13.65,500
13.58,2505
13.56,1703
13.46,901
13.29,300
13.58,500
13.6,2226
13.66,1753
13.69,1802
13.61,1301
13.53,1100
13.47,302
13.44,832
13.33,1000
13.41,204
13.38,100
13.32,500
13.28,1530
13.37,2932
13.33,1806
13.23,1957
13.26,3060
13.43,2955
13.5,4070
13.67,3099
14.44,2751
14.37,450
14.48,828
14.54,1703
14.65,3688
14.92,6528
14.88,3237
14.75,1600
15.01,1037
15.08,1600
15.07,1001
15.01,766
15.09,1637
15.1,701
15.12,3500
15.18,1086
15.22,1960
15.15,1186
15.1,2209
15.06,2338
14.89,1100
14.94,1732
14.87,1801
14.96,2122
14.98,6173
15.24,10493
14.59,2840
14.63,7323
14.45,3640
14.59,1335
14.63,2625
14.46,495
14.57,1710
14.61,1615
14.72,3988
14.88,6219
15.05,2223
15.08,1165
15,1406
15,1200
15.06,200
15.07,277
15.08,3000
15.07,1496
15.17,2214
15.12,2200
15.19,843
15.33,1085
15.32,2106
15.33,2332
15.23,14932
14.96,5033
14.7,2453
14.81,4176
15.04,8948
15.29,2669
15.32,1221
15.18,668
15.16,2554
15.15,850
15.32,830
15.32,947
15.2,520
15.15,1000
15.32,454
15.2,932
15.09,976
15.17,730
15.16,220
15.12,1073
15.25,1050
15.27,850
15.21,2500
15.25,610
15.24,2796
15.27,1451
15.32,12628
15.23,6652
15.01,3909
15.3,3000
15.04,1229
15.03,1659
15.11,1858
15.33,7413
15.58,7032
15.72,3317
15.78,3479
15.85,1438
16.02,1208
16.17,5917
16.16,1968
16.22,2606
16.29,2458
16.3,3469
16.41,1444
16.22,1766
16.2,4040
16.14,4743
16.29,1637
16.25,1659
16.11,1855
16.24,4054
16.35,13273
17.08,24554
17.01,4916
16.98,1200
17.01,1966
17.04,4988
17.01,2436
16.87,6817
16.59,38509
16.19,24654
16.11,6882
15.95,10670
16.04,7743
15.85,3488
16.17,3645
16.23,1748
16.21,1426
16.1,835
16.17,2147
16.15,8533
16.25,3632
16.19,1838
16.16,2336
16.24,4894
16.24,13382
16.21,10116
16.31,14886
16.55,3905
16.73,4174
16.8,4184
17.13,5516
17.06,1997
16.89,1509
17.21,2622
17.05,2001
17.18,800
17.15,200
17.09,300
17,100
17.16,502
17.12,1272
16.94,700
16.8,1400
16.73,339
16.73,2816
16.84,101
16.89,538
16.75,802
16.76,700
16.75,706
16.71,803
16.67,2744
16.74,5581
16.97,3524
17.55,1663
17.35,2007
17.8,3549
17.84,4051
17.89,1094
17.83,3433
17.69,1272
17.8,1149
17.82,3496
17.99,2264
17.87,1955
17.99,2014
18.1,992
18.04,1019
18.02,2323
17.86,1491
17.82,1289
18,2609
18.08,1375
17.89,300
17.87,665
17.92,737
17.96,2533
17.98,2537
18.1,11818
17.98,5966
18.01,2543
18.18,2827
18.25,3583
18.21,5933
17.68,9293
17.6,2108
17.67,3761
17.86,2234
18.06,3330
18.01,3738
18.1,1370
18.13,3741
18.04,960
18.01,1483
18.04,752
18.09,1590
18.05,1511
18.07,2064
18.05,2562
17.87,1621
17.8,3063
17.73,1533
17.81,3532
17.8,4085
17.71,7135
17.76,2479
18.16,1411
18.37,733
18.33,1400
18.34,1600
18.35,711
18.45,1100
18.37,1001
18.11,659
18.24,8425
18.17,7784
18.06,3065
18.05,1934
18.04,1903
18.06,1702
18.1,2916
17.88,7052
17.79,6730
17.88,3438
17.95,1493
17.99,700
17.93,644
17.99,852
17.94,2108
18.14,2304
18.19,6150
18.4,2206
18.47,2527
18.89,2306
18.73,1120
18.82,1488
18.82,3616
18.52,1834
18.49,2287
18.51,1280
18.58,1957
18.67,1590
18.65,1506
18.77,703
18.81,1545
18.76,1115
18.84,500
18.84,1452
18.72,619
18.65,1227
18.68,804
18.61,1204
18.64,611
18.57,821
18.51,3064
18.29,3323
18.32,4515
18.52,24208
17.88,3434
17.23,9056
17.25,5010
16.99,2236
16.86,2797
16.82,1819
17.09,815
17.21,2825
17.03,200
16.95,482
16.83,5384
16.97,1401
16.9,13986
16.81,2471
16.92,6302
16.81,1866
16.91,513
16.86,711
16.79,1918
16.74,850
16.74,1670
16.7,2728
16.78,1548
16.77,2623
16.81,10426
16.75,1904
16.88,2919
16.71,554
16.65,300
16.58,1048
16.71,822
16.85,448
17.06,847
16.97,570
17.11,2677
17.36,4432
17.41,1252
17.5,1134
17.69,800
17.67,611
17.55,345
17.55,0
17.62,110
17.71,627
17.52,1222
17.39,100
17.41,723
17.27,1048
17.24,1587
17.17,2589
16.93,4336
17.17,8180
17.08,2905
17.61,5301
17.85,4336
17.78,2358
17.93,3740
17.61,4132
17.32,2462
16.98,5857
17.02,7384
16.82,2494
16.79,5821
16.95,2351
16.85,1205
16.81,1218
16.62,3228
16.58,1400
16.69,12465
16.04,10786
16.05,10325
16.18,3070
16.09,1896
16.09,2325
16.11,3484
16.1,17124
16.3,12230
16.07,15729
15.86,13743
15.46,9778
15.25,7683
15.69,6348
15.34,5921
15.27,2792
15.2,7271
15.32,4441
15.16,3038
15.23,2071
15.24,2089
15.18,1804
15.13,1305
15.05,2925
15.08,2602
15.03,5381
15.01,5522
15.21,2081
15.33,2207
15.4,2123
15.41,1491
15.31,7737
15.24,6305
15,16184
15.01,32242
14.75,17786
14.62,4784
14.65,7628
14.57,5165
14.64,2544
14.59,1454
14.54,1433
14.41,2635
14.22,4458
14.22,4081
14.1,2258
14.22,1987
14.42,2900
14.52,3302
14.8,5522
14.63,989
14.6,702
14.54,1332
14.48,1929
14.31,2556
14.37,700
14.37,2973
14.32,2707
14.28,2986
14.28,4923
14.41,20374
13.13,9909
13.83,4523
13.53,13977
13.26,2065
13.41,5769
13.53,3497
13.6,3826
13.61,2221
13.48,3631
13.49,1201
13.42,3883
13.38,2559
13.48,1203
13.4,803
13.29,2325
13.22,1287
13.28,1100
13.44,1100
13.55,3088
13.49,1320
13.37,2895
13.31,3488
13.42,2019
13.41,4597
13.6,10535
13.48,13270
13.84,8018
13.19,7293
12.96,3099
12.91,3467
13.03,3282
13.02,1688
13.05,1095
13.15,6438
13.23,2005
13.1,702
13.34,1115
13.49,1222
13.36,702
13.34,840
13.35,607
13.32,675
13.34,950
13.41,1100
13.4,1200
13.43,3924
13.32,645
13.37,703
13.46,1930
13.5,3348
13.51,2680
13.44,8824
14.09,16651
14.28,2302
14.24,2302
13.88,4723
14.09,5812
14.3,9103
14.26,6162
14.22,12740
14.15,1604
14.15,5028
14.13,3461
13.92,3220
13.84,5580
13.74,3819
13.75,2601
13.77,2035
13.71,1600
13.69,4470
13.62,3783
13.76,4051
13.79,2120
13.56,6063
13.49,4555
13.63,3573
13.61,8014
13.51,8946
13.41,6202
13.63,4920
13.62,5710
13.32,4192
13.16,4983
12.95,5121
13.15,1500
13.21,1665
13.05,3425
13.13,949
12.97,11750
12.83,2535
12.98,1669
12.86,1561
12.89,1810
12.95,1200
13.03,1084
13.04,4767
13.03,4016
12.99,1906
13,2228
12.94,1200
12.93,1985
12.88,1303
12.9,5713
12.86,16975
12.65,2762
12.5,6044
12.45,4345
12.47,2696
12.47,2539
12.37,3899
12.5,4757
12.49,5071
12.67,5293
12.73,2379
12.74,2693
12.85,1801
12.8,1429
12.75,1773
12.66,829
12.63,1621
12.63,2316
12.57,1300
12.54,2871
12.48,2602
12.42,900
12.37,1430
12.35,2850
12.39,2219
12.42,3753
12.46,7863
12.71,19055
13.53,4075
13.49,5037
13.3,6604
13.31,7168
13.17,3221
13.23,5187
13.22,7229
13.37,5407
13.6,5241
13.65,2265
13.44,16185
13.45,3026
13.42,2971
13.32,1059
13.38,849
13.26,1120
13.26,2617
13.45,3177
13.47,13812
13.82,7112
13.77,3347
13.66,1710
13.68,4825
13.75,5163
13.59,14379
13.86,12858
13.42,6319
13.18,10444
13.25,5798
12.84,3990
13.26,3151
13.04,3422
12.98,2365
13.09,1964
13.14,3411
13.19,5425
13.32,3566
13.34,1813
13.37,5681
13.22,3965
13.3,5626
13.36,2827
13.37,2444
13.32,1687
13.37,3310
13.41,4959
13.35,5960
13.42,4549
13.57,4437
13.45,6728
13.42,20033
13.36,4223
12.8,5047
12.45,5580
12.29,9424
12.11,5695
12.35,4523
12.33,3637
12.53,898
12.35,3601
12.26,4972
12.48,5891
12.44,1300
12.44,1200
12.44,3077
12.35,1457
12.46,768
12.53,1700
12.54,2883
12.56,6797
12.62,4012
12.55,3317
12.71,3593
12.63,5905
12.63,4081
12.59,6829
12.56,13911
12.8,23276
12.88,13939
13.12,4276
13.23,3867
13.04,6265
13.07,9248
13.15,25488
13.81,36306
14.12,12738
13.9,6121
13.8,9945
13.59,7100
13.53,8847
13.71,7421
13.9,4775
13.98,4656
13.77,3513
13.89,6364
14.04,5317
13.99,2988
14.08,5834
14,8805
14.01,5882
14.11,16268
14.18,10477
14.08,44914
14.44,18004
15.16,7470
15.03,4081
14.63,9943
14.28,2861
14.25,4873
14.44,3420
14.55,2526
14.74,9481
15.03,4783
14.83,3582
14.93,1448
14.76,1402
14.68,387
14.72,1015
14.77,1720
14.86,7721
14.99,1703
14.97,2606
15.01,3820
15.08,4562
15.12,4668
15.1,2923
15.1,4966
15.11,10486
15.08,28127
16.01,32498
16.79,21790
16.33,25844
16.05,16692
16.34,22517
16.32,10078
16.51,11245
16.36,9615
16.67,8810
16.79,1255
16.9,14393
17.31,5981
17.1,11336
17.07,6445
17.18,3344
17.14,6253
16.88,6432
16.86,6049
16.78,3446
16.6,7015
16.5,2785
16.44,6101
16.37,4274
16.3,4201
16.44,15672
16.31,33001
17.18,31951
17.2,47658
16.61,21816
17.14,7898
17.42,9919
17.65,9124
17.53,8753
17.25,6096
17.01,4293
16.75,3164
16.74,3998
16.84,3571
16.72,4246
16.63,3059
16.74,3246
16.74,3295
16.74,3542
16.57,2660
16.58,2395
16.65,1501
16.6,2748
16.66,2339
16.74,3857
16.71,3962
16.66,5894
16.79,18574
15.9,11268
16.06,19328
15.4,14978
15.14,8982
15.36,4764
15.21,11363
15.29,8670
15.8,6928
15.64,1797
15.77,3600
15.88,597
15.6,801
15.4,1358
15.58,826
15.58,0
15.51,300
15.61,1209
15.79,700
15.8,837
15.67,1912
15.82,1626
16.01,1764
15.88,1289
16.21,1655
16.17,1451
16.04,7262
15.71,2708
15.79,1708
16.21,3903
15.81,3607
15.94,8569
15.73,4208
15.64,2592
15.61,1977
15.51,2100
15.35,2879
15.21,4330
15.31,3087
15.13,3284
15.05,2806
15.07,1470
15.06,463
15.15,3168
15.31,7859
15.4,14171
15.51,1065
15.49,935
15.55,700
15.66,3391
15.92,8986
15.71,2851
15.68,11247
15.9,2339
15.96,2427
15.84,1836
16.05,4497
16.06,2046
15.89,1461
15.95,1794
15.69,1395
15.52,1988
15.4,1182
15.38,900
15.3,1088
15.22,1419
15.39,1601
15.26,678
15.32,4641
15.42,3575
15.38,1818
15.44,484
15.37,807
15.44,1340
15.45,2428
15.52,2805
15.41,1108
15.59,3306
15.5,12093
16.53,11764
17.17,7923
16.63,8143
16.39,3289
16.41,2941
16.56,2900
16.36,1992
16.16,2317
16.03,4170
16.02,1560
16.02,1542
15.79,1512
15.8,1179
15.67,2870
15.67,409
15.65,1306
15.56,1000
15.68,614
15.64,1605
15.87,5357
15.87,5400
16,4055
16.05,3416
16.23,942
16.07,2476
16.05,8950
15.94,7119
15.44,6782
16.08,10545
16.28,2548
15.95,1706
15.98,620
15.82,1072
15.66,383
15.66,2671
15.57,2792
15.8,8105
15.78,3192
15.92,2183
15.79,1025
15.89,335
15.81,100
15.74,700
15.76,1929
15.74,2279
15.89,4408
15.87,1801
15.92,613
15.86,1167
15.79,1823
15.68,7724
15.77,12151
15.72,2743
15.32,1980
15.21,2032
15.1,1498
15.31,3891
15.57,1441
15.6,1300
15.81,1718
15.77,706
15.84,1998
15.8,900
15.81,1121
15.73,300
15.84,500
15.84,0
15.62,800
15.66,726
15.61,100
15.56,704
15.53,800
15.54,1118
15.67,715
15.76,1500
15.76,664
15.72,6380
15.69,12905
16.17,5286
16.3,4442
16.13,6212
16.02,12646
15.99,5344
15.68,6134
15.61,8200
15.31,1897
15.16,7571
15.16,8618
15.3,1877
15.21,2925
15.12,3068
15,2154
15.08,1500
14.91,1099
15.08,1610
15.1,606
15.1,1711
15.25,1134
15.22,2946
15.24,1319
15.2,23044
15.1,12739
15.02,7934
15.05,10301
15.16,3482
15.32,1760
15.4,7182
15.66,6097
15.61,2456
15.64,4284
15.65,4957
15.79,5505
15.95,15046
16.02,3900
15.88,2425
15.64,2644
15.7,6788
15.78,1873
15.74,3088
15.65,1473
15.5,1306
15.55,432
15.66,2380
15.53,973
15.51,401
15.54,680
15.49,3403
15.35,1616
15.33,2827
15.34,16262
15.55,63044
16.7,31000
17.3,39101
17.22,24548
17.61,45490
17.73,37633
17.98,138053
18.11,56254
17.86,18296
18.2,22374
18.27,10229
18.44,14230
18.41,10797
18.49,9522
18.18,14091
18.28,11994
18.46,8292
18.3,50405
18.58,13640
18.56,9716
18.62,8592
18.5,10653
18.4,10697
18.55,28910
18.37,27149
18.7,78246
18.19,53185
16.95,95753
16.36,32972
16.14,39094
15.7,35092
15.98,26006
16.03,14281
15.89,11678
15.58,10129
15.82,8979
15.88,5300
15.85,8483
15.74,7680
15.81,3583
15.64,3059
15.7,3149
15.56,4443
15.79,6395
15.69,4862
15.6,7363
15.61,10705
15.62,5188
15.65,4942
15.56,5333
15.43,19633
15.34,40341
14.9,60075
13.94,32783
13.9,20613
13.96,14896
14.43,15605
14.18,7427
13.91,12805
13.91,16895
13.92,7411
13.73,18896
13.76,17878
13.83,5677
13.61,5548
13.65,4304
13.67,3651
13.58,7671
13.53,6875
13.62,4229
13.65,8968
13.73,6368
13.79,8708
13.71,6000
13.66,4448
13.66,4374
13.68,14033
13.89,40755
13.51,16061
13.88,8900
13.86,7554
13.68,4646
13.49,9633
13.75,6793
13.42,3865
13.38,4139
13.27,4750
13.35,3981
13.26,2562
13.42,3682
13.39,2426
13.35,2272
13.34,8726
13.27,7088
13.2,16154
13.16,10042
13.02,10304
13.11,9469
13.15,8419
13.14,7175
13.19,11588
13.32,10473
13.27,18265
13.28,47559
13.31,10194
13.52,11047
13.69,3111
13.55,7669
13.88,11342
13.83,5492
13.54,4773
13.65,3930
13.5,4442
13.29,3762
13.33,2774
13.32,1034
13.29,1002
13.22,1527
13.28,425
13.28,1105
13.23,2898
13.18,3209
13.05,5016
13.32,1734
13.38,3367
13.45,1126
13.46,2093
13.42,2000
13.45,4417
13.54,12320
13.54,0
13.54,0
13.54,0
13.54,0
13.54,0
13.54,0
13.54,0
13.54,0
13.54,0
13.54,0
13.54,0
13.54,0
13.54,0
13.54,0
13.54,0
13.54,0
13.54,0
13.54,0
13.54,0
13.54,0
13.54,0
13.54,0
13.54,0
13.54,0
13.54,0
13.54,0
13.25,12745
12.83,2935
12.98,3376
12.94,5959
13.1,5557
13.45,3737
13.32,2895
13.27,3268
13.41,2955
13.52,4197
13.4,2732
13.42,2143
13.42,4684
13.27,2474
13.33,2495
13.23,2589
13.16,3472
13.19,2167
13.21,5385
13.25,1816
13.31,1403
13.3,2602
13.41,3135
13.44,3060
13.29,9903
13.25,24634
12.77,14538
12.67,12374
12.92,11194
12.87,19121
12.76,9474
12.63,11876
12.6,7229
12.64,6349
12.55,6081
12.66,3458
12.55,8337
12.45,4488
12.39,5285
12.38,4092
12.49,2693
12.49,1663
12.53,5260
12.53,4604
12.53,3541
12.5,2395
12.53,5312
12.44,2108
12.41,2766
12.29,5036
12.28,17198
12.44,27441
11.64,23190
11.91,22968
12.38,19035
12.47,6995
12.19,7060
12.13,16846
12.09,5080
12.14,8237
11.83,8826
11.75,4337
11.58,8634
11.64,13847
11.76,3432
11.88,2339
11.97,3289
11.87,4928
11.78,2358
11.84,1061
11.77,2926
11.91,3689
11.8,5450
11.69,9020
11.71,4672
11.71,12479
11.61,20950
11.54,55870
11.9,10988
11.48,9124
11.14,10751
11,18087
11.04,30828
11.17,11835
11.36,5683
11.43,3846
11.45,3942
11.38,1774
11.32,3067
11.32,1815
11.28,2153
11.4,2147
11.31,1975
11.28,2851
11.31,1529
11.28,4498
11.27,4660
11.39,3258
11.29,5925
11.31,7302
11.32,4998
11.3,6858
11.31,7128
11.43,19349
11.65,9921
11.57,3723
11.49,34024
11.74,8961
11.94,5921
12,10717
11.8,2118
11.81,4889
11.87,3090
11.81,1304
11.75,2358
11.98,4023
11.9,2739
11.86,1900
11.89,6231
12.05,1082
12.06,10156
11.81,4975
11.67,9099
11.71,8188
11.66,5647
11.72,3951
11.73,4797
11.71,4562
11.73,9245
11.68,29390
11.47,5373
11.02,7009
11.08,10405
11.03,11635
10.79,10131
10.53,9853
10.57,6311
10.68,7907
10.74,7844
10.77,6048
10.71,6618
10.71,5702
10.73,3764
10.65,3329
10.73,3432
10.71,3991
10.63,4417
10.7,3646
10.74,5222
10.85,1554
10.9,4841
10.96,2896
10.94,3826
10.91,3317
11,8896
10.95,28024
11.22,18522
11.63,11930
11.83,20596
11.93,9216
11.86,11026
11.64,10128
11.54,5609
11.5,2769
11.55,1992
11.54,2432
11.46,3160
11.46,690
11.39,1329
11.35,1316
11.39,1595
11.39,1021
11.4,1000
11.47,800
11.49,1526
11.57,762
11.54,1850
11.71,1645
11.62,1000
11.72,2279
11.73,7709
11.62,24289
11.65,6705
11.4,8955
11.33,9732
11.26,7782
11.11,3824
11.04,2255
11.03,1439
10.93,2426
10.79,4341
10.83,1240
10.92,1136
10.94,1526
10.9,1319
10.92,744
10.93,292
10.93,2179
11.01,3338
10.95,1504
10.87,1725
10.94,538
10.96,5220
11.06,2449
10.98,2902
10.98,1001
10.97,811
10.94,13196
10.84,7967
10.77,8689
10.84,13977
10.94,5531
10.85,7425
10.92,10396
10.94,6315
11.02,4828
11.16,2222
11.19,2001
11.16,1048
11.1,3874
11.04,2547
11.16,891
11.16,893
11.11,1335
11.09,1923
11.1,5550
11.28,3962
11.28,2531
11.29,2350
11.27,2313
11.22,1552
11.2,500
11.22,4015
11.3,12426
11.35,9944
11.73,2736
11.47,9090
11.58,5157
11.68,7354
11.86,8906
11.98,5571
11.86,1857
11.82,1332
11.88,1860
11.84,2861
11.7,1551
11.7,3051
11.76,1541
11.74,3164
11.7,1623
11.69,2780
11.53,2822
11.59,7044
11.61,13269
11.6,5225
11.66,9884
11.67,9207
11.74,9275
11.68,13308
11.73,34094
11.81,4822
11.3,14304
10.91,31961
10.81,28494
10.75,21323
10.81,9815
10.87,3378
10.87,2464
10.98,3120
11.04,3611
10.91,4100
11.04,1300
11.04,3802
11.19,334
11.19,1240
11.17,1166
11.19,1853
11.16,2303
11.18,2604
11.12,3241
11.24,3673
11.25,2418
11.24,2014
11.17,2032
11.16,6850
11.25,16480
11.05,5870
11.15,3971
10.98,10410
10.78,4823
10.81,2912
10.74,2203
10.66,2415
10.79,1496
10.77,1853
10.86,954
10.94,435
10.93,925
10.88,606
10.77,915
10.78,1031
10.76,2021
10.73,834
10.63,5050
10.53,1806
10.5,2011
10.45,1819
10.38,4280
10.42,3074
10.47,2882
10.47,2699
10.4,11635
10.46,5865
10.75,3190
10.98,7724
11.09,5570
11.04,2928
11,2169
11.01,1896
11.04,1468
10.95,1385
10.99,1482
11.03,834
11.03,1325
11.09,553
11,2200
10.97,2732
10.97,1150
11,1771
11.01,962
11.01,1003
10.95,400
10.99,1248
10.92,1306
10.93,1082
10.96,1113
10.93,7231
11.04,28406
10.7,3177
11,1302
11.23,2067
11.22,1103
11.24,2554
11.12,2694
11.17,1259
11.21,2149
11.2,1705
11.28,1148
11.29,1751
11.28,5023
11.21,1264
11.16,1782
11.19,902
11.14,1659
11.19,2079
11.11,4068
11.19,2261
11.23,3235
11.15,2708
11.26,1954
11.2,496
11.2,2804
11.2,3419
11.09,29499
10.89,3467
10.37,2194
10.29,10457
10.33,12576
9.989,12893
10.08,7962
10.15,4349
10.26,7161
10.23,6398
10.15,8288
10.2,7786
10.21,4838
10.19,11149
10.25,9510
10.19,6600
10.23,6169
10.24,5222
10.34,3200
10.31,1723
10.4,2943
10.34,2928
10.28,2239
10.15,736
10.13,2119
10.09,3436
10.14,8241
10.26,2588
9.989,3871
9.836,2188
9.961,2489
10.22,5927
10.35,5245
10.38,4670
10.4,2309
10.35,1860
10.47,4524
10.56,3472
10.46,2668
10.44,757
10.38,4422
10.37,526
10.34,200
10.3,100
10.31,2042
10.2,298
10.28,1178
10.39,1011
10.35,616
10.27,1000
10.22,1478
10.21,1447
10.11,7023
9.903,2000
10.3,1827
10.29,1601
10.16,1915
10.21,2374
10.02,400
10.07,785
9.951,100
10.01,300
9.946,1032
9.941,449
9.98,10808
9.975,4930
10.01,1660
10.07,1634
10.07,2003
10.09,1226
10.12,1807
10.07,451
9.97,400
10.01,900
10,1411
9.956,1508
9.941,3229
9.908,1869
9.86,8053
9.874,4101
9.625,6302
9.462,1689
9.366,5972
9.39,3014
9.586,3025
9.606,2150
9.606,1909
9.663,200
9.682,2096
9.759,800
9.74,900
9.798,1443
9.673,300
9.639,401
9.586,426
9.692,200
9.711,1230
9.654,965
9.654,0
9.663,1646
9.769,843
9.793,2679
9.798,1107
9.745,5588
9.73,13248
9.553,1654
9.668,3587
9.673,5714
9.596,907
9.697,2202
9.716,1750
9.663,1144
9.586,684
9.586,1190
9.558,2936
9.519,3040
9.654,3224
9.711,3607
9.74,2466
9.706,1892
9.75,1339
9.697,3829
9.702,8375
9.639,5593
9.596,5558
9.495,6699
9.505,5005
9.486,3085
9.452,3597
9.495,1977
9.399,48745
9.678,13653
9.941,10851
10.2,4062
10.26,2700
10.22,722
10.3,1513
10.34,2938
10.46,3476
10.32,1510
10.28,3033
10.19,2439
10.08,1897
10.19,1048
10.23,300
10.3,200
10.36,400
10.34,1229
10.33,1120
10.26,1973
10.34,1388
10.33,3122
10.33,2472
10.38,3123
10.31,1640
10.27,6077
10.17,16816
10.48,15711
10.97,13872
10.69,16774
10.94,18070
11.06,9115
11.03,17302
11.04,9101
11.18,8668
11.04,5001
11.26,7862
11.28,7636
11.09,3843
11.32,4389
11.34,3295
11.28,1954
11.39,2450
11.39,6979
11.32,5230
11.4,8927
11.34,2746
11.34,5086
11.23,5788
11.18,4899
11.13,10916
11,10635
11.07,43875
10.97,10825
11.48,6059
11.33,5528
11.48,12985
11.62,8065
11.52,5436
11.51,4794
11.47,3427
11.53,8237
11.6,4926
11.49,3756
11.28,2430
11.25,910
11.21,1895
11.17,802
11.24,724
11.27,300
11.28,1663
11.18,201
11.17,372
11.24,733
11.25,753
11.29,1354
11.28,500
11.28,1136
11.28,7196
10.35,3041
9.941,6539
9.855,3493
9.821,3071
10.08,2393
9.97,1610
9.917,1815
9.86,1285
9.745,2724
9.98,1789
9.965,5835
10.07,3726
10.23,5161
10.17,8794
10.17,0
10.17,0
10.17,0
10.17,0
10.6,5752
10.5,4356
10.33,4234
10.23,6416
10.17,7770
10.01,2603
10.17,1339
10.18,722
10.06,400
10.09,1986
10.19,799
10.21,3107
10.36,2170
10.49,6481
10.46,603
10.36,1085
10.43,572
10.34,1240
10.39,1445
10.39,932
10.4,1601
10.36,2024
10.37,2466
10.32,3439
10.21,6819
10.19,17343
10.01,4057
9.884,2616
9.682,3283
9.596,2193
9.62,3372
9.524,2850
9.366,2433
9.433,3376
9.414,1635
9.183,2031
9.097,740
9.044,2488
9.231,557
9.222,560
9.279,681
9.241,1371
9.351,5197
9.37,2243
9.481,8064
9.63,1299
9.514,2008
9.5,3072
9.524,2122
9.543,9498
9.591,5352
9.697,18332
9.74,2898
9.639,2446
9.596,12490
9.73,2377
9.692,2052
9.711,3356
9.841,1204
9.812,1853
9.649,1778
9.625,3039
9.658,3799
9.73,2703
9.75,500
9.721,8650
9.601,1103
9.433,505
9.428,350
9.423,1651
9.375,549
9.313,761
9.327,305
9.323,412
9.212,3540
9.164,6513
9.087,7472
9.241,17888
9.155,1485
9.442,100
9.337,1704
9.289,2636
9.375,300
9.174,1930
9.457,748
9.433,513
9.548,945
9.529,1300
9.558,600
9.51,200
9.572,200
9.538,607
9.462,600
9.428,200
9.394,1156
9.337,400
9.5,500
9.51,1343
9.577,1260
9.606,1196
9.601,1177
9.558,300
9.586,1568
9.596,9961
9.75,6246
9.769,3577
9.788,4407
9.798,2855
9.874,1968
9.615,1135
9.721,1011
9.582,400
9.817,100
9.702,1163
9.51,700
9.577,1741
9.615,2901
9.74,1321
9.649,101
9.663,456
9.61,990
9.61,402
9.61,900
9.654,1050
9.682,215
9.615,300
9.538,1500
9.591,1638
9.649,6751
9.61,9486
9.433,9054
8.708,9185
8.948,3414
9.087,1765
9.116,2886
8.91,1230
9.025,2317
8.987,538
9.02,1013
9.174,400
9.159,1380
9.179,212
9.183,306
9.193,100
9.188,445
9.351,411
9.356,970
9.375,858
9.414,825
9.399,942
9.313,100
9.275,1148
9.366,1130
9.442,1409
9.39,2137
9.299,7884
9.452,7533
9.452,5479
9.289,8458
9.423,6347
9.63,3011
9.596,1768
9.639,830
9.639,2727
9.62,3592
9.582,680
9.567,2745
9.558,2772
9.606,1000
9.567,201
9.577,903
9.591,600
9.572,726
9.61,3304
9.601,1948
9.697,3902
9.634,2448
9.61,1915
9.634,1000
9.558,3495
9.49,6601
9.409,36580
9.447,9104
9.615,5620
9.75,4628
9.774,5319
9.75,7289
9.745,5086
9.75,4661
9.821,7932
9.941,4915
9.999,3554
9.989,2077
9.975,3937
9.97,7493
9.865,2553
9.721,4981
9.716,7709
9.817,8368
9.639,1858
9.663,3577
9.596,2978
9.625,2394
9.606,929
9.601,800
9.663,2504
9.644,3560
9.553,6737
9.582,3486
9.183,3038
9.337,900
9.26,1800
9.126,2504
9.03,1652
9.092,300
9.049,1897
9.15,962
9.121,904
9.107,100
9.126,2015
9.164,956
9.179,1600
9.222,110
9.241,712
9.193,312
9.174,623
9.217,1744
9.174,1400
9.164,300
9.164,0
9.126,2191
9.107,600
9.107,2074
9.236,17025
9.327,2107
9.049,1527
8.953,4305
8.8,2914
8.852,2368
8.828,3275
8.804,900
8.723,2220
8.847,386
8.881,932
8.867,637
8.79,400
8.809,400
8.819,1790
8.867,735
8.828,503
8.833,1405
8.905,800
8.91,1093
8.905,853
8.895,1638
8.905,818
8.905,604
8.943,906
8.958,2458
8.963,6454
8.847,22649
8.895,33072
9.126,33224
9.068,34995
8.924,27932
8.886,3516
8.79,8666
8.737,5085
8.752,5338
8.675,4607
8.704,1502
8.742,1824
8.795,4055
8.79,1500
8.78,2334
8.8,1823
8.809,2200
8.809,3346
8.819,1870
8.809,2570
8.771,4058
8.732,1772
8.867,3172
8.924,3536
8.871,7972
8.867,23134
8.876,1688
9.039,2424
9.107,3142
9.006,1639
9.068,1500
9.145,1700
8.991,1500
8.929,2212
8.886,503
8.895,1106
8.785,400
8.8,6802
8.809,500
8.771,616
8.8,800
8.828,600
8.828,454
8.752,554
8.771,4409
8.871,3235
8.929,2800
8.886,109
8.876,4560
8.852,6800
8.871,4132
8.756,9189
8.608,433
8.358,592
8.435,3462
8.339,2949
8.377,1928
8.368,1451
8.281,2346
8.406,4135
8.521,3927
8.492,2167
8.598,2859
8.598,0
8.665,995
8.704,3544
8.737,631
8.785,1822
8.785,3234
8.867,1430
8.876,5048
9.02,6561
8.963,4141
8.915,5188
8.991,4899
9.044,5095
9.179,7698
9.159,72025
9.471,15338
9.51,14000
9.558,7894
9.625,7970
9.692,6731
9.75,11218
9.654,13989
9.548,4144
9.596,6967
9.5,3201
9.481,29790
9.486,4699
9.495,4350
9.495,22269
9.495,4216
9.524,8318
9.534,4225
9.524,4044
9.438,5610
9.438,3748
9.452,12011
9.385,8646
9.255,4375
9.318,3175
9.428,2300
9.385,19855
9.346,976
9.299,4031
9.783,3254
9.807,8646
9.994,6840
10.08,3084
10.17,1882
10.05,5123
10.19,774
10.17,2001
10.09,4145
10.14,4162
10.16,2507
10.18,5091
10.13,3786
10.04,4133
9.951,2010
9.97,1354
9.893,5112
9.869,7518
9.869,4999
9.869,5746
9.869,5172
9.769,7159
9.836,8264
9.769,34108
9.548,5916
9.27,11261
9.241,6158
9.241,6087
9.37,5092
9.375,1424
9.404,612
9.394,976
9.414,1841
9.49,2184
9.534,21109
9.582,19363
9.538,1640
9.5,2698
9.562,2682
9.591,1774
9.5,2408
9.548,3736
9.558,3268
9.567,3794
9.606,3102
9.596,3476
9.644,3697
9.625,6953
9.687,8495
9.634,9593
9.798,2481
9.922,3588
9.855,4640
10.35,12275
10.32,3874
10.37,3610
10.32,3817
10.34,5271
10.48,5379
10.52,2816
10.45,1001
10.36,1100
10.42,947
10.4,2019
10.43,1421
10.46,1205
10.49,1130
10.51,1788
10.5,1841
10.58,1188
10.56,3584
10.59,3967
10.61,3979
10.62,900
10.49,11343
10.45,19679
10.3,1960
10.52,8442
10.32,3465
10.43,1039
10.47,2516
10.48,102
10.54,3137
10.65,3413
10.56,1392
10.57,3056
10.65,1740
10.67,500
10.7,256
10.69,493
10.72,1953
10.74,3065
10.74,1178
10.57,3772
10.49,3607
10.41,3175
10.35,2017
10.4,4503
10.43,14004
10.41,2193
10.42,2972
10.45,12550
10.7,1196
10.6,700
10.32,1205
10.38,420
10.4,1126
10.35,2589
10.39,500
10.37,512
10.39,725
10.42,1068
10.46,618
10.46,489
10.49,1294
10.48,200
10.48,1025
10.46,1602
10.47,1340
10.39,406
10.36,200
10.41,1100
10.31,1170
10.27,400
10.25,1538
10.2,1301
10.16,1711
10.21,8065
10.03,2907
10.19,2173
10.14,964
10.23,6478
10.23,1065
10.25,630
10.31,679
10.24,800
10.28,718
10.31,610
10.33,504
10.33,1030
10.32,463
10.26,500
10.28,282
10.35,649
10.27,300
10.3,515
10.31,503
10.31,1055
10.28,700
10.3,1396
10.32,1860
10.33,2860
10.29,3103
10.46,11704
10.19,1860
10.17,1620
10.06,3388
10.1,2379
10.14,4696
10.08,1291
9.893,4367
10,3040
10.13,8133
10.26,2400
10.27,1471
10.34,2950
10.23,1804
10.25,1945
10.33,2349
10.34,2791
10.28,1615
10.21,1559
10.26,225
10.34,1360
10.33,1312
10.32,1108
10.33,945
10.33,1385
10.36,1616
10.36,7899
10.26,3902
10.16,1659
10.21,695
10.21,1934
10.31,1735
10.43,5490
10.42,1750
10.47,3205
10.38,6994
10.32,5210
10.26,2384
10.15,1986
10.22,506
10.21,2290
10.13,1378
10.16,1376
10.09,2377
10.08,1598
10.06,17427
10.13,1820
10.03,1035
9.999,973
9.97,4137
9.946,2034
9.922,4711
10.01,12393
9.922,1936
9.726,4073
9.778,2183
9.807,1950
9.702,2662
9.644,1226
9.682,744
9.778,1415
9.778,581
9.778,500
9.769,1909
9.932,890
9.893,1007
9.884,700
9.932,1368
9.903,200
9.898,217
9.874,301
9.884,2005
9.879,2413
9.884,1190
9.86,747
9.855,1949
9.798,1003
9.807,1881
9.836,7922
9.759,700
9.596,1461
9.625,2971
9.692,900
9.634,3633
9.606,1405
9.649,2464
9.702,1441
9.697,2212
9.654,1367
9.654,1164
9.692,1515
9.61,3579
9.548,3040
9.5,933
9.51,1900
9.5,1800
9.625,1749
9.663,1356
9.673,1175
9.668,1897
9.644,1300
9.63,2004
9.639,1485
9.73,2557
9.687,13274
10.08,6889
10.8,5606
10.85,9045
10.63,10537
11.02,6042
10.87,12272
10.77,11659
10.91,11013
11.01,9290
10.85,4849
11.19,8537
11.19,3329
11.23,5676
11.3,4350
11.36,6644
11.28,3495
11.17,4527
11.13,3544
11.08,6313
11.09,3768
11.04,3083
11.08,2033
11.04,3562
10.91,2871
10.93,6714
10.8,17595
11.16,4448
11.01,2404
11.05,1816
11.23,3438
11.24,1700
11.22,1458
11.1,1552
11.06,2073
10.85,1361
10.81,2550
10.83,501
10.95,901
10.88,1851
11,1909
10.98,1100
10.99,1737
10.94,484
10.9,1711
10.88,200
10.87,845
10.84,1729
10.9,3362
10.77,4655
10.78,1052
10.81,13951
10.76,32554
11.11,2404
11.4,41263
11.5,2990
11.33,2472
11.45,4377
11.45,2282
11.54,1793
11.35,3416
11.29,2877
11.3,1823
11.28,993
11.3,2066
11.36,2681
11.15,1805
11.2,700
11.16,1113
11.29,4207
11.29,5569
11.29,4467
11.16,2555
11.18,1748
11.04,3065
11.02,2241
10.97,2107
10.89,3692
10.85,7786
11.19,2148
10.85,1304
10.45,4161
10.47,7364
10.61,20169
10.65,9206
10.79,5715
10.87,4576
10.88,5595
11.03,4109
11.05,3400
11.06,1400
11,431
10.96,1140
10.97,438
10.93,1400
10.96,650
11,800
10.99,929
11.01,1521
11.06,3144
11.08,1424
11.07,4044
11.05,4104
11.02,5797
11.02,26031
11.06,4088
11.47,2808
11.31,5487
11.37,3786
11.14,4396
11.07,4428
10.86,6702
10.94,3761
11.01,3172
11.07,1988
11.11,2253
11.11,3505
11.1,3298
11.14,2352
11.1,1250
11.11,1530
11.08,3866
11.08,3807
11.05,2911
10.97,2788
10.95,2804
10.98,1353
10.97,2571
10.96,3674
10.95,8401
10.98,14208
10.87,2436
10.82,800
10.73,18113
11.06,18225
11.31,4390
10.93,4836
10.95,500
10.94,1376
10.86,2086
10.85,1362
10.77,1465
10.73,1102
10.72,1747
10.68,514
10.7,2500
10.74,1327
10.72,1000
10.76,2606
10.79,1237
10.81,1996
10.77,1105
10.76,1913
10.77,1493
10.59,4495
10.67,1766
10.79,8807
10.81,3482
10.81,7660
11.01,8231
11.27,2354
11.11,6687
10.93,3304
11.1,952
11.33,1395
11.26,3711
11.38,3911
11.41,6346
11.56,3334
11.47,1449
11.51,4877
11.42,1329
11.44,1697
11.5,801
11.5,1710
11.4,3258
11.41,3103
11.37,2040
11.38,2841
11.49,3370
11.56,4014
11.63,5320
11.56,39503
11.88,11421
11.9,5006
11.99,11332
12.04,2104
12.01,3143
11.92,3367
12.01,7426
11.97,1339
12.11,4019
12.33,2605
12.37,4004
12.43,2480
12.27,1752
12.45,1548
12.48,1738
12.48,2044
12.56,970
12.57,2608
12.43,1461
12.49,2445
12.52,1706
12.54,1378
12.58,2206
12.58,3515
12.68,4259
12.65,13951
12.5,3895
12.4,3007
12.75,5089
12.7,1807
12.67,11549
12.47,14905
12.27,9919
12.3,8671
12.48,2690
12.52,2673
12.6,1200
12.4,1815
12.3,2394
12.28,1510
12.28,1748
12.29,1096
12.28,1200
12.24,2421
12.14,3726
12.24,2051
12.23,380
12.22,1135
12.19,2014
12.05,2222
12.06,2528
12.03,9075
11.98,12141
12.4,21222
12.72,11198
12.47,1830
12.33,4588
12.29,9073
12.11,1990
12.07,367
12.06,2300
12.32,4242
12.47,2992
12.48,903
12.49,1625
12.43,3813
12.4,1648
12.4,1848
12.51,300
12.53,1000
12.56,625
12.62,1232
12.59,1204
12.6,1544
12.84,3045
12.8,2207
12.85,3518
12.86,15285
13.1,5836
13.04,3161
12.94,3259
13.1,5361
13.16,2418
13.08,3690
13.16,2950
13.09,2540
13.1,5222
12.87,948
12.89,3347
12.72,3273
12.74,4091
12.69,3696
12.54,6723
12.47,812
12.57,1300
12.7,3963
12.77,1966
12.62,1911
12.81,1767
12.78,1670
12.79,2610
12.85,3454
12.8,4503
12.58,11682
12.68,3569
12.76,7086
12.51,7629
12.47,54057
12.4,17987
12.27,3021
12.5,4831
12.4,2841
12.29,2419
12.29,3468
12.42,2312
12.39,3798
12.3,4649
12.26,1708
12.29,2644
12.23,4119
12.15,2011
12.22,2713
12.22,4679
12.3,5243
12.16,2555
12.23,2873
12.14,3668
12.23,15006
12.11,12153
12.11,21324
11.83,9981
11.52,13196
11.38,5685
11.46,5090
11.6,4677
11.53,2471
11.7,2231
11.57,4699
11.62,5555
11.76,3167
11.77,1267
11.81,3733
11.88,2570
11.87,2182
11.87,1693
11.72,600
11.69,1933
11.66,4171
11.72,1307
11.62,3496
11.49,3920
11.41,3337
11.4,4779
11.26,5015
11.2,9645
11.02,22060
10.69,8066
10.49,9982
10.42,18445
10.38,4556
10.27,5105
10.48,13152
10.51,6963
10.57,8670
10.68,4435
10.68,14194
10.66,15704
10.51,12208
10.61,11314
10.59,10920
10.57,9302
10.61,9954
10.49,11292
10.65,11245
10.57,4258
10.54,3143
10.44,2440
10.48,1523
10.33,5576
10.23,3237
10.22,8375
10.32,8750
9.73,9605
9.702,9883
9.596,26540
9.63,11754
9.716,15363
9.716,0
9.716,0
9.716,0
9.716,0
9.716,0
9.716,0
9.716,0
9.716,0
9.716,0
9.716,0
9.716,0
9.716,0
9.716,0
9.716,0
9.716,0
9.716,0
9.716,0
9.716,0
9.716,0
9.716,0
9.716,0
10.01,1949
9.807,6409
9.98,7987
9.965,7563
10.07,3366
10.14,9545
9.989,1499
10.03,1755
10.1,400
10.1,1464
10.17,1715
10.23,1698
10.25,966
10.21,1961
10.24,920
10.24,5793
10.29,4459
10.33,5366
10.34,8496
10.44,5425
10.49,4604
10.51,6699
10.45,5041
10.48,5816
10.43,7704
10.54,15306
11.04,9176
11.29,5281
11.09,4473
10.89,8448
10.81,4200
10.83,2217
10.89,5474
11.03,1385
11,786
10.98,424
11.05,493
11.04,1301
11.19,1858
11.12,1668
11.09,4667
11,1104
11.04,257
11.08,2015
10.95,4998
10.88,5375
11.12,5077
10.88,6258
10.89,17732
10.71,16031
10.76,8772
10.71,14086
10.83,3328
11.2,1489
11.09,1672
11.16,2313
10.83,2945
10.89,1544
10.89,1308
10.8,1491
10.69,3004
10.76,3830
10.64,2169
10.56,2206
10.54,3353
10.57,2915
10.59,10191
10.44,2101
10.37,3941
10.33,1849
10.48,1100
10.49,2205
10.43,2600
10.6,1835
10.58,2791
10.49,4838
10.6,5620
10.61,18549
10.64,8283
10.86,5444
10.85,5463
11.1,5555
10.78,7559
10.54,1317
10.64,700
10.72,1195
10.81,2000
10.79,600
10.89,318
10.81,1233
10.66,4734
10.61,2332
10.47,2100
10.57,1240
10.55,2451
10.53,900
10.56,2420
10.45,4399
10.31,2233
10.44,526
10.5,1600
10.57,900
10.52,10904
10.57,17503
10.83,10202
10.54,6524
10.34,4857
10.57,4418
10.81,4880
10.65,4009
10.81,2703
10.73,1616
10.59,3349
10.51,3093
10.62,4420
10.75,3446
10.65,2705
10.73,2771
10.75,3309
10.71,4427
10.63,3955
10.52,2555
10.54,1919
10.49,6686
10.49,1619
10.42,7838
10.41,3092
10.26,2235
10.26,4038
10.34,26681
10.19,1697
10.59,3000
10.67,5701
11.05,4016
11.19,4617
11.33,2066
11.31,3372
11.44,8995
11.59,5270
11.55,4192
11.49,4472
11.46,1408
11.39,3230
11.52,2071
11.48,1200
11.47,1600
11.4,2418
11.32,2962
11.34,1852
11.37,4578
11.39,3406
11.29,3096
11.3,5419
11.35,19692
11.48,5474
11.53,19362
11.49,6411
11.61,14611
11.57,5979
11.81,8927
11.56,7909
11.5,4319
11.6,3100
11.42,7081
11.49,2276
11.61,1100
11.69,3332
11.84,6729
11.87,3806
11.79,2699
11.89,2588
11.89,3164
11.9,3900
11.88,5807
11.95,8810
11.94,9015
11.84,9917
11.88,11417
11.91,15665
11.91,21295
11.83,12042
11.76,14834
11.65,5718
11.88,1482
11.77,9560
11.87,7066
12.11,7398
12.11,12080
12.23,12974
12.22,14183
12.32,6824
12.23,33565
12.18,4625
12.12,2246
12.11,2110
12.06,500
12.04,5324
12.01,1891
12.06,3735
11.89,1026
11.92,22194
11.9,4050
11.95,6096
11.76,600
11.76,5411
11.7,7808
11.74,7272
11.78,17183
12.09,13089
12.07,13755
12.54,7275
12.66,34324
12.74,8606
12.58,5679
12.45,12761
12.3,9674
12.2,3458
12.37,1720
12.4,2536
12.47,1787
12.41,938
12.4,4716
12.36,5060
12.38,6401
12.42,2674
12.49,2120
12.47,5429
12.38,4186
12.3,2677
12.37,6462
12.37,3550
12.44,6096
12.47,8458
12.48,19659
12.65,14824
12.23,11977
12.36,8832
12.23,5014
12.18,1712
12.17,3543
12.35,2834
12.38,998
12.37,6438
12.23,1762
12.2,5202
12.23,1787
12.23,800
12.25,1564
12.18,1913
12.19,1216
12.13,4967
11.98,3767
11.99,6031
12.1,3669
12.01,24324
12.09,4783
12.15,4320
12.26,1721
12.23,3791
12.23,21354
12.31,15730
12.93,2672
12.52,2827
12.51,8613
12.49,5123
12.62,7594
12.78,6386
12.8,2558
12.64,10646
12.72,13854
12.74,1050
12.72,1701
12.83,2751
12.87,1798
12.85,1736
12.86,2283
12.71,1852
12.71,3092
12.71,4565
12.64,6063
12.51,4227
12.51,4200
12.48,6096
12.49,9185
12.44,10288
12.55,17984
12.88,28492
12.78,11963
12.8,8533
12.86,9385
12.84,10058
12.85,7375
12.86,2950
12.84,4284
12.96,8479
13.01,9124
12.94,4629
12.92,6167
13,10097
12.98,6746
13,3231
12.91,3969
12.88,3405
12.92,4170
12.98,4821
13.01,2377
13.1,4608
13.18,10069
13.12,6278
13.16,4281
13.06,8114
13.02,17488
14.16,29646
14.88,42445
15.18,35755
15.75,45014
15.36,16595
15.24,32782
14.85,24376
15.15,12697
15.13,25098
15.32,17178
15.17,15883
14.97,17532
15.11,6740
14.85,13526
14.83,9645
14.93,13489
14.7,13748
14.42,5682
14.27,9938
14.33,7493
14.38,6278
14.23,6391
14.02,8132
14.09,10639
13.91,19509
14.11,51037
14.37,22708
15.31,10603
15.16,6641
15.31,9159
15.41,12008
15.36,11501
15.52,11629
15.12,11825
15.08,5777
15.06,7249
15.29,9055
15.45,8732
15.53,8858
15.59,8206
15.5,4938
15.57,7700
15.52,15876
15.51,9861
15.64,7841
15.46,5594
15.52,7392
15.74,13712
15.98,21804
16.12,12344
16.16,15581
16.21,49128
16.21,11101
15.73,9463
16.25,8911
16.49,9140
16.38,11723
16.62,7590
16.48,10631
16.76,13298
17.04,8086
16.87,8757
16.87,10053
16.73,3635
16.77,2667
16.83,4340
16.97,6330
17.11,7613
17.17,6260
17.09,7520
17.22,12311
17.05,15506
16.79,14120
17.16,4029
17.18,7292
17.27,6566
17.21,10149
17.38,23605
16.94,12943
16.68,13776
16.28,6666
16.25,6090
16.3,12043
16.21,3245
16.34,18854
16.46,11296
16.67,7944
16.85,2378
16.75,1700
16.65,1956
16.91,3306
16.94,3014
16.82,3564
16.86,3500
16.84,2607
16.71,4231
16.8,4869
16.7,3931
16.7,5490
16.58,4261
16.79,3416
16.71,4751
16.66,9099
16.57,21154
16.74,8301
17.03,7225
16.51,9334
16.47,7833
16.44,8624
16.5,11897
16.04,5775
16.05,7513
15.93,8948
15.79,9893
15.79,19709
15.72,9760
15.91,8046
15.95,4447
16.07,4562
16,3557
15.98,3374
15.86,5674
15.96,5667
15.98,6540
16.23,3855
16.06,2600
16.04,5899
15.83,9202
15.72,4211
15.79,17149
15.77,6330
16.16,17385
16.36,11771
16.74,12224
16.76,17249
16.47,5447
16.65,17054
16.73,10165
16.76,7005
16.58,4753
16.74,11559
16.94,7070
17,10281
16.88,2580
16.77,1989
16.8,1823
16.72,2200
16.73,2297
16.77,6534
16.51,2771
16.56,5179
16.55,4651
16.59,5328
16.53,7542
16.71,9211
16.74,18617
16.64,4168
16.78,4474
17.04,1581
16.93,4357
16.88,8384
16.45,11737
16.22,15045
16.22,3840
16.23,2726
16.2,4321
16.11,2336
15.98,2607
16.04,2999
16.17,1831
16.21,1189
16.2,4207
16.41,1830
16.39,3722
16.38,3061
16.33,3418
16.46,4728
16.37,1932
16.35,5260
16.34,6659
16.23,7764
16.16,13956
16.57,15926
16.12,11382
15.74,17728
15.77,8007
15.87,8668
15.73,6090
15.72,3441
15.64,3800
15.51,4141
15.41,6801
15.47,26159
15.66,6996
15.83,3649
15.88,1665
15.96,1109
15.91,2708
15.88,2437
15.68,3208
15.7,2833
15.87,9705
16.03,3925
16.16,2711
16.37,2098
16.44,2641
16.27,5463
16.27,13224
16.27,3419
16.72,11807
16.95,21052
17.51,20027
17.49,10779
18.05,9151
18.09,6892
18.28,6820
18.18,2532
17.97,6251
18.41,7165
18.61,3398
18.74,10383
18.56,3404
18.58,10434
18.21,5520
17.94,3905
18.22,6771
17.9,6870
17.87,3674
17.83,4734
17.89,5306
17.97,4645
17.92,2199
18.08,6990
17.99,20278
17.3,45664
17,41730
16.62,26589
16.6,16334
16.42,17576
16.39,17105
16.58,12006
16.57,10635
16.44,19923
16.3,17473
16.33,13625
15.94,16785
15.85,15127
15.56,17948
15.44,20352
15.19,22559
15.12,17028
15.17,14565
14.87,95075
14.5,15962
14.73,23353
14.55,18450
14.76,14105
14.59,11340
14.67,75892
14.43,258712
13.91,101466
14.29,70561
14.02,58309
14.24,75646
14.25,39003
14.2,31601
14.05,31941
14.25,15396
14.14,10514
14.21,18481
14.25,13743
14.28,21172
14.59,14249
14.73,9490
14.66,9198
14.8,8538
14.76,9133
15.04,7729
14.99,9134
15.04,6140
15.08,11908
15.16,8262
15.08,20860
15.13,7366
15.2,14653
15.13,60533
15.49,18955
16.03,46210
16.38,29374
16.74,34637
16.42,23570
16.56,24468
16.74,25949
16.6,21648
16.59,21797
16.46,33704
16.28,21732
16.13,8066
16.18,9048
16.12,9358
16.12,5026
16.07,11951
15.97,7543
16.01,7435
16.02,17406
15.8,10580
15.86,8410
16,11204
16.19,9344
16.41,12623
16.39,24121
16.55,58645
17.15,42646
18.09,34988
18.4,22741
18.31,43906
18.22,6638
18.21,10317
17.74,6929
17.93,5931
17.97,5867
17.68,5858
17.3,5626
17.24,7068
17.5,3583
17.55,2272
17.65,5211
17.43,4610
17.36,2344
17.41,1851
17.49,4217
17.66,5672
17.8,3958
17.79,2381
17.75,5649
17.74,4252
17.79,6530
17.85,26341
18.73,54265
19.11,36695
19.45,49163
19.95,25132
20.14,26476
20.17,21456
20.52,21413
19.8,23611
19.84,16004
19.62,16074
19.95,8131
20.14,11179
20.01,3711
20.04,4727
20.05,3857
20.14,6381
20.31,8835
20.46,7747
20.52,6558
20.4,17743
20.21,6469
20.15,5459
20.15,10855
20.14,13432
20.17,15711
20.14,37500
19.59,67026
20.26,21177
20.54,19144
21.08,25450
21.65,28492
21.13,7858
21.07,10256
21.3,7081
21.41,9187
21.24,11539
21.27,11156
21.54,5030
21.5,16887
21.82,10126
22.39,11513
22.43,20345
22.31,17270
22.9,11121
22.72,7012
22.84,12098
22.63,14623
22.44,18540
22.32,16132
22.17,16420
22.37,23745
22.19,51282
21.99,46061
22.28,55170
22.47,21934
23.11,12968
23.28,14756
22.84,42266
23.22,28215
24.02,19826
23.88,20802
24.21,20826
24.11,36032
24.37,55736
24.46,23653
24.26,6789
24.43,7753
24.41,39859
25.22,20001
25.25,13289
25.46,16568
25.23,20647
25.83,31906
25.81,16937
25.5,19403
25.48,16939
25.99,45349
26,122124
23.8,114645
22.08,83177
24.83,39182
23.92,41675
22.89,19295
22.76,18743
22.61,34271
22.42,27772
22.48,14356
21.86,28495
21.18,30679
20.32,63961
19.46,69258
20.37,45850
20.77,75320
21.28,35350
21.4,42297
21.05,31114
20.78,74919
21.07,17277
20.65,56457
21.02,29413
21.11,18200
20.69,45805
21.1,35177
21.2,177780
21.2,0
21.2,0
21.2,0
21.2,0
21.2,0
21.2,0
21.2,0
21.2,0
21.2,0
21.2,0
21.2,0
21.2,0
21.2,0
21.2,0
21.2,0
21.2,0
21.2,0
21.2,0
21.2,0
21.2,0
21.2,0
21.2,0
21.2,0
21.2,0
21.2,0
21.2,0
20.69,34884
20.31,28654
19.9,54469
19.91,22175
19.91,32909
20.25,15521
20.16,12537
20.45,20305
20.45,11686
20.36,12069
20.52,4606
20.31,7716
20.29,29266
19.82,25173
20.04,5702
20.05,9783
19.52,6763
19.63,7015
19.23,6497
19.51,4771
19.49,7023
19.88,5854
19.91,8648
19.99,6664
19.88,13823
20.04,48670
21.71,30810
21.38,17078
21.48,12916
21.86,23528
21.31,14520
21.02,7048
21.15,4650
21.56,4487
21.5,4235
21.59,3586
21.83,1901
21.89,4790
22.14,5278
21.84,3504
21.73,4214
21.78,10895
22.02,6197
22.5,12005
22.64,7636
22.46,3475
22.36,3302
22.46,3995
22.46,4188
22.46,5213
22.8,26863
22.6,46719
21.87,28782
22.22,19673
21.65,24385
21.61,9593
21.23,11165
21.16,12621
21.09,13956
21.15,12280
21.53,13888
21.58,6185
21.5,7895
21.4,6896
21.25,4485
21.34,6367
21.02,7650
21.1,5499
21.14,3048
21.23,8368
21.59,9481
21.8,5594
21.9,10471
22.23,30100
22.09,9296
21.97,8768
21.61,9770
21.89,49373
20.31,26079
19.05,25027
19.05,42848
18.65,38392
19.13,20373
18.96,13349
18.65,17396
19.26,16993
19.14,13690
18.76,15845
18.65,8366
18.78,12114
18.8,12405
18.76,13752
18.65,13778
18.32,17277
18.21,12289
18.5,18447
18.55,8576
18.69,7071
18.59,5060
18.71,10500
18.63,14914
18.58,17220
18.46,28615
18.55,116696
17.93,23568
18.8,21587
18.36,6377
18.41,8411
18.57,15683
18.88,13098
18.88,14961
19.09,15031
19.19,10549
19.33,15494
19.62,10311
20.31,6875
20.32,4386
19.92,1666
19.97,2396
19.9,6417
20.19,9493
20.28,3853
20.27,4102
20.15,5663
20.33,3612
20.24,7686
20.41,25165
20.72,16075
20.36,37017
20.21,90257
19.82,11159
19.29,12926
19.71,9044
19.41,15331
18.9,11256
19.22,7311
18.85,12847
18.87,5175
18.92,6359
18.95,5350
18.85,2589
18.99,2329
18.88,2682
18.91,3676
19.4,5587
19.1,3620
19.12,4363
19.14,4721
19.16,6767
19.06,6413
18.82,5581
19.01,8474
19.26,6714
19.33,8441
19.36,12445
19.26,25357
20.34,26611
21.51,13967
20.68,13785
20.29,11829
20.8,9101
20.6,22397
21.17,16968
21.33,5193
21.09,4839
21,8467
21.38,7054
21.18,2603
21,5058
20.68,3628
20.55,2463
20.58,5628
20.62,6642
20.42,4161
20.34,5551
20.28,4400
20.35,6891
20.55,3474
20.63,7589
20.66,9601
20.89,10434
21.08,36305
21.08,6987
20.72,12854
20.48,4509
20.83,3706
21.15,5530
21.11,5698
20.85,10329
20.79,4930
20.59,3289
20.68,1733
20.59,1136
20.74,1804
20.58,3454
20.66,2237
20.62,2042
20.75,4082
20.72,3016
20.86,5389
20.73,7389
20.62,5013
20.6,9860
20.6,11322
20.57,9061
20.54,11219
20.42,23161
20.35,57652
21.97,28135
22.93,22844
22.92,23456
23.76,20476
23.9,6132
23.92,11366
24.11,13257
23.8,9359
23.31,5267
23.22,3593
23.33,4390
23.35,4449
23.19,6180
23.17,7453
23.03,3797
23.02,5201
23.05,4741
23.21,3881
23.03,3918
23.21,5022
23.1,9157
23.24,3910
23.07,14781
23.25,8710
23.47,12746
23.05,14403
22.7,26221
23.09,7303
23.07,8882
22.52,4818
22.68,4233
22.72,6229
22.62,2716
22.46,9073
22.45,3749
22.38,2992
22.54,2148
22.53,2245
22.45,1369
22.47,2656
22.55,3480
22.68,2297
22.91,1816
22.77,1550
22.91,1898
22.94,2978
22.88,1155
22.87,1297
22.71,2789
22.63,4277
22.6,4412
22.71,18170
24,16456
24.69,28211
24.43,12457
24.36,5084
24.22,3846
24.2,3309
24.38,5788
24.56,2892
24.31,6063
24.27,822
24.23,2276
24.45,2384
24.54,2132
24.44,3462
24.54,3674
24.48,11044
24.48,6148
24.42,6879
24.46,9329
24.57,5832
24.82,8333
24.71,9047
25.13,4797
25.05,7156
25.28,10182
25.05,12918
24.87,11839
24.96,29367
24.94,8752
25.01,21380
24.85,6091
24.76,6795
24.92,14216
25.19,2698
25.15,3514
25.14,2124
24.89,14048
24.74,6525
24.63,890
24.89,1178
24.99,1506
25.06,3426
24.94,1270
24.89,936
24.82,2099
24.77,3940
24.64,4462
24.52,4403
24.37,4143
24.38,6014
24.41,7386
24.25,22967
23.69,11053
24.68,6322
25.25,9679
25.67,12415
25.86,8674
25.99,4405
26.24,3919
26.16,6486
26.22,2621
26.1,7023
25.98,2945
25.87,2518
25.88,3672
25.72,5560
25.5,4133
25.56,5747
25.34,2767
25.57,3040
25.5,2250
25.32,2427
25.15,2159
25.18,4921
25.12,5282
24.87,6570
24.98,11284
24.76,39327
24.09,25087
23.45,22534
22.85,44554
22.81,8538
23.27,3947
23.07,898
22.95,4701
23.32,4797
23.35,4143
23.43,3932
23.72,9693
23.72,5954
23.85,6111
23.93,2743
23.78,4004
23.62,5456
23.53,4830
23.59,3763
23.42,5248
23.26,3202
23.32,1627
23.31,5748
23.24,9021
23.16,2838
23.09,4727
23.34,22647
21.65,60636
21.38,20450
21.85,7372
22.06,8519
22.08,13894
22.2,8235
21.99,4744
21.85,4373
21.86,4398
21.72,4248
21.71,5119
21.71,2889
21.79,3462
22.18,3434
22.07,3493
22.21,1836
22.21,1871
22.22,1839
22.5,3053
22.34,2567
22.25,1459
22.25,1879
22.34,6007
22.42,5410
22.37,3551
22.43,24991
23.95,22000
24.27,10557
24.8,3933
24.43,10905
24.56,5965
24.86,3785
24.83,4503
24.37,2334
24.08,1861
24.31,2243
24.35,1335
24.25,2560
23.93,1957
23.66,2376
23.63,1249
23.71,2547
23.64,791
23.48,986
23.57,2021
23.44,1948
23.58,809
23.55,1769
23.47,621
23.52,932
23.41,4486
23.42,20449
23.28,21625
23.33,19994
23.87,28667
23.12,18247
22.87,18819
22.6,14823
22.67,25336
22.58,19741
22.81,5390
23.05,3202
23.12,2275
23.33,5923
23.28,2463
23.38,3471
23.37,4433
23.35,4402
23.56,10942
23.59,2551
23.63,3397
23.64,4583
23.65,4015
23.54,3094
23.73,2674
23.79,1794
23.87,2392
23.64,13539
23.99,3147
24.59,15779
25.05,10506
24.76,8238
24.86,6531
24.76,6596
24.56,3762
24.86,3300
24.88,4967
24.79,4360
24.58,3964
24.38,3158
24.5,1958
24.53,2162
24.61,2642
24.52,958
24.24,760
24.42,3538
24.44,3693
24.48,2031
24.59,3579
24.71,2715
24.82,4332
24.82,4874
24.91,6077
24.8,14621
25.86,11467
24.6,8105
24.54,4783
24.46,5576
24.18,10337
23.89,5988
23.79,15451
23.23,3823
23.43,5693
23.51,7072
23.63,5430
23.71,5013
23.62,3341
23.71,2901
23.61,3471
23.58,4803
23.46,5110
23.45,5382
23.46,5676
23.73,3625
23.68,6792
23.81,3882
23.81,4109
23.68,4273
23.69,5207
23.78,27190
25.35,80842
26.89,17818
26.14,46175
25.53,25641
25.72,14404
25.77,23227
25.33,9909
24.88,9652
24.94,8393
24.8,14123
24.34,12388
24.4,5395
24.18,3570
24.38,2451
24.45,4450
24.42,6940
24.6,8307
24.36,4368
24.45,4466
24.43,2402
24.23,1787
24.47,4612
24.57,7859
24.44,8307
24.35,10707
24,21438
24.76,16208
23.34,20502
24.38,17305
24.84,9918
24.84,19323
25.28,7961
25.25,11937
25.29,4865
25.04,5352
24.62,4652
24.53,10724
24.39,10145
24.22,6712
24.04,7472
24.12,13652
23.63,23479
23.35,7494
23.41,2265
23.58,4736
23.42,5859
23.55,6768
23.78,6629
23.86,5297
24,3436
23.87,3118
24.04,9299
24.78,11526
24.55,5454
24.82,8431
24.32,5041
24.29,14201
24,12369
23.93,13451
24.36,24463
24.48,8458
24.17,2669
24.28,9632
24.06,3315
24.08,4279
24.15,4144
24.34,3989
24.38,3444
24.53,3486
24.5,3234
24.7,3832
24.85,6457
24.83,41043
24.97,7117
25.21,13898
25.63,21019
25.73,19451
25.87,57282
26.56,31244
25.75,7062
25.86,10340
25.49,2241
25.38,6600
25.68,4553
25.61,3167
26.09,1422
26.08,2190
26.34,2676
26.44,3078
26.45,2750
26.6,3721
26.47,2458
26.55,2706
26.44,3876
26.31,9547
26.01,3317
26.29,3624
26.34,2175
26.21,2221
26.38,3374
26.4,3186
26.37,6368
26.36,4821
26.36,16319
26.1,30752
24.78,6988
25.38,5911
25.54,5122
25.33,6905
25.1,5891
25.14,3099
25.37,3490
25.25,4518
25.36,1105
25.19,1133
25.08,4355
24.95,3664
24.95,12046
24.71,3632
24.82,10011
24.6,14743
25.06,3441
25.15,4705
25.01,2939
25.01,5066
25.11,6345
25.18,5965
24.95,3355
24.77,13156
24.68,26305
25.15,14422
25.89,16027
26.25,10670
26.24,8025
26.58,15679
27.13,13289
27.22,12200
26.91,6589
27.16,3217
27.55,6339
27.67,10633
27.9,5568
28.15,7106
27.82,11861
28.08,4466
28.21,5927
28.13,11893
27.89,8231
27.92,6598
28.04,4491
28.12,12433
27.74,8435
27.75,8617
27.85,8647
27.84,14191
27.71,32607
28.32,39995
27.6,18039
27.98,8099
27.56,11392
27.19,17223
27.64,15903
28.15,8022
28.02,2835
28.2,3720
28.6,6258
28.69,6428
28.9,4955
29.01,6018
29.17,3671
29.25,4750
29.32,3811
29.17,6342
28.96,6220
29.24,6629
29.15,5412
28.93,5027
29.24,5838
29.15,6850
29.18,9728
29.27,7924
29.34,23954
29.22,21076
29.66,2024
29.59,2141
30.05,3246
29.98,2974
30.24,2848
30.21,4423
30.39,6330
30.38,10148
30.36,9767
30.53,7062
30.83,5672
31.03,3023
31.07,9100
30.9,10169
30.66,5361
30.51,4538
30.79,2601
30.71,2411
30.91,4309
31.11,2151
31.26,5515
31.09,2894
31.11,7641
31.21,8563
31.14,17850
31.8,41153
31.35,22417
31.14,11419
30.55,6616
30.82,2580
30.76,4702
30.79,3905
30.65,3435
31,3476
30.41,1673
30.41,3266
30.44,3351
30.59,1514
31.01,1925
31.24,2248
31.29,5006
31.31,2410
31.3,3434
31.07,2911
30.93,4316
30.75,5336
30.75,2822
30.76,2754
30.69,6777
30.48,14686
30.51,27167
29.95,25459
30.15,10497
29.81,8880
29.32,8622
29.67,6157
29.31,5776
29.28,9435
28.82,7255
28.81,4272
29.35,2958
29.54,4555
29.69,2016
29.78,1647
29.96,3168
29.81,1930
29.71,1715
29.68,1888
29.91,3211
30.04,1120
29.99,2388
29.67,4313
29.91,2490
29.71,3789
29.8,4165
29.57,9414
29.86,23758
29.7,6993
29.1,15891
28.16,6256
28.19,3780
28.59,15088
28.86,3169
29.14,6509
28.69,6201
28.57,3172
28.62,1361
28.97,1947
29.21,9979
29.05,1785
29.22,1007
29.22,1998
29.15,708
29.21,949
29.32,2034
29.43,2387
29.4,1762
29.55,3132
29.49,5386
29.59,4814
29.78,13874
30,8220
30.15,14253
29.21,26501
27.88,37907
28.47,35972
28.39,15115
28.2,6299
28.06,9628
27.99,6599
27.85,11847
27.76,4001
27.68,12237
27.25,11971
27.13,13091
26.72,11477
26.43,16036
26.29,11411
26.39,6882
26.84,8992
26.33,21779
26.23,8921
25.96,6287
26.38,5199
26.45,4139
26.3,3489
26.26,6744
26.19,8333
26.31,24663
26.01,31775
26.4,19068
26.03,11753
26.47,11807
26.3,19526
25.42,9650
25.43,10998
25.25,4548
25.01,42503
24.96,5299
24.76,5562
24.85,3840
25.01,2624
24.83,2906
24.56,8067
24.53,2747
24.39,4577
24.07,7563
23.89,8458
23.57,9561
23.73,4149
23.96,3922
23.72,10004
23.68,10435
23.84,21045
23.68,35054
22.64,29739
23.38,21859
23.14,11166
22.8,16893
22.91,7502
23.2,4832
22.56,4972
23.01,5872
22.92,2608
22.26,4626
22.58,5477
22.63,8663
22.46,558
22.72,1354
22.54,1549
22.81,10247
22.74,2146
22.88,3266
23.2,2190
23.22,5270
23.42,3858
23.62,6136
23.33,5169
23.38,14156
23.37,4879
23.44,30630
24.12,19443
23.88,14082
24.6,9009
24.54,13854
24.49,8182
24.41,5941
24.57,8458
25.13,13304
25.22,3748
25.13,4429
24.8,5108
24.96,6148
24.98,4019
24.98,6415
25.27,4083
25.28,7307
25.01,5584
24.92,3622
24.94,4544
24.65,6735
24.51,6191
24.12,7361
24.43,6735
24.46,10286
24.57,12984
24.76,31124
24.64,8826
24.76,14596
25.23,10148
24.92,9715
24.89,5199
24.83,3259
24.99,4217
24.78,4044
24.68,3752
25.03,2396
25.23,3823
25.37,11354
25.57,4701
25.57,7481
25.61,6737
25.31,3076
25.49,3141
25.49,4773
25.75,5705
25.81,3545
25.71,3455
25.75,3231
25.39,4304
25.41,6720
25.64,15983
25.68,32389
22.29,123058
20.81,38691
20.13,39428
20.83,32314
20.48,37413
21.39,42983
22.5,34971
22.6,54685
23.13,34076
23.29,34740
22.88,20854
23.21,8533
23.43,9877
23.61,10175
23.54,3784
23.78,4596
23.58,4776
23.61,3732
23.63,4335
23.46,2708
23.43,12247
23.05,15277
23.71,13161
23.82,15844
23.99,53891
23.64,88171
23.79,36893
22.77,30757
23.56,18794
23.53,39362
23.88,50879
23.59,5067
23.42,7139
23.01,9483
22.84,9390
22.72,4149
22.59,6292
22.89,4387
22.44,4934
22.22,8397
22.09,2787
22.28,2787
22.35,5219
22.23,3757
22.12,3579
22.18,6478
22.43,7668
22.41,4585
22.39,11944
21.86,9643
21.83,10617
21.7,79150
21.45,27827
20.82,21227
20.43,12198
20.25,19166
20.75,13140
20.57,11584
20.06,9641
19.92,10806
20.02,8730
20.19,6245
20.31,10460
20.11,6062
20.28,4601
20.56,3846
20.31,4850
20.4,4014
20.1,5744
20.12,6043
20.21,9892
20.11,10535
20.02,6405
19.93,6653
20,7828
20.17,13557
20.31,14636
20.43,45430
20.87,19430
20.74,17844
21.27,15214
21.51,5849
21.41,4527
21.26,7546
21.69,9478
21.65,9914
21.61,14839
21.28,10766
21.41,6749
21.19,7667
21.01,5718
21.09,8774
21.2,5408
21.27,5126
21.27,4333
21.35,5915
21.24,12926
21.04,7908
21.05,10150
20.97,11681
21.07,12496
21.01,15089
20.94,17571
20.71,53156
21.25,26003
21.05,25196
20.96,13481
21.14,4310
21.11,5927
21.17,11914
21.15,6515
20.96,5216
21.11,8298
21.14,6245
21.32,6346
21.34,3864
21.4,6248
21.29,5731
21.36,5612
21.42,6242
21.33,4553
21.3,9837
21.2,8395
21.35,16156
21.21,9606
21.31,20460
21.43,20801
21.43,9759
21.57,13652
21.74,32076
22.39,17625
21.91,15777
22.06,9416
21.31,5161
21.22,7690
21.4,4502
21.1,5569
20.57,8422
20.52,4610
20.51,6922
20.04,5657
20.44,7964
20.47,3530
20.44,3094
20.69,6311
20.83,2175
20.95,5224
20.96,2288
20.87,4519
20.92,7240
20.99,9770
20.98,9063
21.14,12391
21.11,7084
20.89,8217
21.12,31240
21.37,14660
20.92,11696
20.54,15642
21.32,12685
21.23,4435
21.62,10017
21.64,5888
21.68,6728
21.63,5067
21.5,1097
21.46,6987
21.33,7115
21.38,3513
21.41,1725
21.62,4264
21.37,4714
21.24,5011
21.15,4871
21.12,5014
21.18,5180
21.13,4791
21.05,6926
21.33,3099
21.28,5427
21.32,11169
21.31,19916
20.39,17772
19.94,6526
19.92,11949
19.82,8256
19.92,11148
19.89,13688
19.57,14125
19.43,6313
19.33,7299
19.52,4537
19.87,10535
20,10855
19.9,5818
19.86,3399
19.88,2749
19.86,2493
19.86,3659
19.87,4283
19.8,4358
19.66,4642
19.82,5148
19.81,17161
19.93,15720
20.14,6272
19.94,12209
19.99,29917
20.49,13658
20.2,17795
20.68,5676
21.09,3315
21.01,10279
21.54,4499
20.65,2277
20.29,5204
20.07,800
20.18,2519
19.99,8083
19.92,2877
19.76,6431
19.75,5214
19.57,4661
19.59,3464
19.75,6051
19.97,8005
20.3,7397
20.02,8764
19.96,4015
20.19,5337
20.08,5096
20.2,4682
19.99,15254
19.94,47271
20.74,7649
20.92,5773
21.15,3244
21.12,1892
21.22,5378
21.56,7284
21.59,8628
21.35,5520
21.44,3997
21.58,5896
21.37,3648
21.24,7942
20.86,8322
20.75,8732
20.64,8037
20.48,6905
20.45,8331
20.34,12721
20.28,6219
20.38,8165
20.64,4315
20.87,2304
20.87,4042
20.85,5935
20.91,4703
20.5,24126
20.19,9750
19.53,19737
19.1,5147
19.49,5096
19.62,8847
19.77,2329
19.83,6059
19.91,4719
19.88,3385
19.56,10715
19.38,7856
19.53,1640
19.76,1141
19.71,2905
19.64,1356
19.5,2811
19.42,3786
19.48,3484
19.36,8518
19.12,6341
18.9,7390
19.02,3331
18.88,3027
18.89,7379
18.97,11872
18.88,91037
20.11,12622
20.37,6143
20.66,4467
20.77,2960
20.75,4514
20.42,4848
20.78,2512
20.84,2850
20.61,1673
20.69,2104
20.73,2219
20.86,5476
20.9,2920
20.69,1768
20.73,1415
20.54,1586
20.6,673
20.43,2117
20.3,2197
20.36,2960
20.34,2543
20.58,3454
20.68,3837
20.67,3333
20.64,5412
20.65,18379
21.24,7936
21.56,3900
21.37,3877
21.69,3436
21.51,7063
21.04,1771
21.06,2907
21.06,8019
21.15,1900
21.14,1807
21.12,2249
21.01,1479
20.91,1459
20.81,1016
20.72,1807
21.04,2904
21.2,2575
21.3,1152
21.21,1279
21.18,612
21.15,4986
21.18,2607
21.32,3368
21.24,2999
21.24,3973
21.21,11951
22.09,10830
21.92,5287
21.78,6114
21.65,5486
21.79,2897
21.71,4118
21.77,2675
21.85,2696
21.76,1200
21.77,8867
21.83,4292
21.8,1710
21.81,1602
22.1,2841
22.02,3681
22.07,1281
21.97,1425
21.97,2774
21.93,5126
21.78,1442
21.75,2159
21.92,5363
21.99,5987
21.92,9347
21.9,8688
21.94,24234
22.19,20330
21.6,9954
21.45,10525
21.5,10166
21.57,6748
21.59,6253
21.52,5978
21.08,7282
20.89,4898
21.11,4043
20.91,3576
20.73,5837
20.55,3801
20.67,3923
20.57,6137
20.44,3533
20.47,4438
20.42,4195
20.53,2666
20.27,1804
20.54,1685
20.41,4893
20.51,2424
20.67,2057
20.61,7940
20.9,27910
20.23,17600
21.87,13951
21.78,5864
21.78,5542
21.4,4537
21.47,5355
21.65,2111
21.59,3358
21.69,4826
21.88,2189
22.01,1839
22.06,2421
21.9,751
21.61,1328
21.64,2418
21.42,640
21.55,535
21.57,1834
21.56,2300
21.47,2409
21.43,1293
21.38,2918
21.47,2113
21.35,2986
21.23,3488
21.37,19085
21.36,3421
20.88,1554
21.19,3016
21.15,6907
20.93,6492
20.66,7194
20.49,1105
20.55,3094
20.68,5858
20.69,2094
20.66,3035
20.46,3402
20.33,2654
19.98,1661
19.83,971
19.72,3872
19.77,2679
19.88,721
19.93,1783
19.68,3077
19.8,2143
19.95,2505
20.02,2638
20.03,3143
20.09,11023
20.29,33217
20.96,7200
21.21,15738
21.37,10203
21.26,11095
21.85,7288
21.9,2826
21.83,3962
21.88,2585
22.11,3768
22.33,2654
22.22,4513
22.41,2694
22.62,4339
22.6,3150
22.55,1208
22.54,5886
22.53,5252
22.73,7142
22.84,4261
22.94,6291
23.07,5427
22.98,4857
23,3897
23.04,6930
23.13,9933
23.03,23037
22.92,8928
23.86,10064
23.69,14666
23.42,4038
23.2,5114
22.7,1798
22.87,5443
22.67,4966
22.65,3047
22.79,7947
23.04,2784
23.15,2694
22.91,3395
22.76,3323
23,2683
23,2082
22.98,2021
22.98,2503
23.05,4855
23.23,2828
23.29,1573
23.17,3559
23.13,1754
23.24,6324
23.22,6511
23.4,32704
23.26,7635
23.01,14585
23.26,18618
23.47,14929
23.37,5013
23.18,8392
23.02,12721
22.76,5154
22.9,12130
22.85,20751
22.92,3556
23.03,4783
23.08,2182
23.26,1698
23.32,13026
23.16,4707
23.15,8933
23.11,2606
23.2,5429
23.31,1105
23.25,1279
23.17,4215
23.2,5772
23.49,3441
23.44,10468
23.53,24840
23.84,5100
23.59,14151
24.46,11107
24.67,22939
24.33,1611
24.63,2109
24.98,2009
24.88,2533
24.81,1943
24.83,1791
24.99,3154
24.98,1748
24.97,3476
25.06,2826
24.99,3518
24.87,3225
24.75,4764
24.73,4414
24.82,5038
24.96,4750
24.94,4708
24.91,4085
24.77,4999
24.77,12624
24.76,10406
24.84,25868
24.41,16299
23.73,16168
23.62,13387
23.69,7848
24.01,7068
23.96,4901
23.87,5090
24,15899
23.81,4749
23.85,5261
23.99,4973
23.88,4044
23.95,4171
23.98,3843
24.04,8476
23.99,4466
23.75,5804
23.69,2580
23.83,4947
23.81,8477
23.93,3475
23.91,9217
23.89,5698
23.9,4773
23.87,8210
23.93,32972
24.91,11572
24.86,3705
24.21,14426
24.05,8851
23.99,9987
23.68,4510
23.63,4944
23.08,5479
23.25,2340
23.33,1738
23.48,1346
23.49,1243
23.3,1430
23.33,2093
23.24,3739
23.15,2409
23.07,3218
23.13,2956
23.05,7547
22.67,6262
22.68,8533
22.82,6682
22.7,6425
22.84,10181
22.71,10038
22.51,52305
22.79,2440
23.23,4079
22.92,7176
22.81,8168
22.88,7675
23.44,11013
23.36,7494
23.63,7812
23.45,5319
23.35,6036
23.33,3245
23.41,4754
23.66,3717
23.73,6255
23.87,7100
23.96,7425
23.88,6285
24.18,8241
24,9697
23.98,19548
24.05,22460
24.01,18901
24.04,40381
24.17,11066
24.21,25124
24.09,46489
23.77,18897
24.65,6099
24.02,24647
24.62,12826
24.65,3216
24.56,9807
24.78,4253
24.94,2620
25.09,4144
25.27,4990
25.24,4755
25.33,9884
25.44,7492
25.46,9605
25.56,7794
25.58,7566
25.59,7565
25.61,7491
25.33,2068
25.21,3341
25.08,2833
25.06,4934
24.72,5502
24.89,500
25.06,2747
25.15,11382
24.62,8087
23.89,22282
23.96,16626
24.4,5567
24.82,11527
24.36,2612
24.19,6226
24.11,6257
23.9,8831
23.62,13394
23.5,8668
23.34,23046
23.67,11358
23.72,12615
23.77,6251
23.73,7022
23.82,8199
23.69,10204
23.71,5776
23.96,8732
24.01,9766
24.09,11002
24.23,10157
24.08,9476
24.25,13871
24.35,50973
25.04,18444
25.21,8850
24.72,14472
24.15,13152
23.94,10065
24.11,3730
24.45,4447
24.34,3282
24.32,3564
24.38,3885
24.51,4554
24.25,4114
24.29,3991
24.28,4277
24.31,3697
24.26,5709
24.27,5334
24.52,5971
24.61,6026
24.94,5050
24.99,3956
25.12,7781
25.04,5566
25,7175
24.98,10906
25.1,16407
26.27,42642
27.64,42267
28.15,30353
27.82,22153
27.83,17766
27.2,8878
27.57,4369
27.77,5217
27.32,4335
27.32,3963
27.32,5806
27.08,10811
26.97,2958
27.15,6953
27.28,4051
27.16,2757
27.02,4278
27.13,3711
27.23,5144
27.55,4735
27.53,4489
27.34,5490
27.5,1880
27.53,12211
27.63,7463
27.35,27178
27.4,6060
26.96,8948
27.06,5821
26.95,4285
27.2,4288
27.13,9236
27.3,1281
27.34,2046
27.31,2646
27.37,2143
27.08,1620
27.23,1110
26.96,1682
26.64,2877
26.72,1696
26.97,2525
26.54,2992
26.47,994
26.51,248
26.64,2500
26.53,4347
26.45,3196
26.39,2948
26.53,1436
26.57,4121
26.69,24320
26.11,8520
25.32,4347
25.65,5697
25.54,2066
25.9,2248
25.6,2367
25.49,2712
25.41,5940
25.31,2263
25.53,2214
25.58,1978
25.74,2128
25.87,4395
25.96,3023
25.98,1151
25.84,1264
25.69,1904
25.59,1334
25.6,3795
25.55,3954
25.55,3238
25.59,4364
25.74,2871
25.65,4826
25.47,8981
25.25,26606
24.27,8126
24.79,5732
26.02,4375
25.27,3713
25.25,3403
25.3,3772
25.09,3887
24.99,2898
25.22,2508
25.1,1660
25.25,3134
25.19,3544
25.16,3914
24.93,3760
24.91,730
24.98,1806
25.09,3183
24.99,3273
24.97,1777
24.95,4104
25.14,2838
25.04,3819
25.24,4127
25.35,2811
25.32,4691
25.35,22512
23.37,26371
22.6,14646
23.22,18789
22.55,12230
22.44,6108
22.39,6228
22.31,2291
22.54,6669
22.72,2935
23.08,7142
23.05,3874
23.28,1155
23.21,3350
23.15,1107
23.02,838
23.01,1360
22.88,1412
23.18,3857
23.12,811
22.91,750
22.85,2231
22.92,10349
22.75,5534
22.55,4323
22.44,4850
22.45,51158
23.12,38873
22.25,9780
21.91,13551
21.94,12726
22.05,4073
22.07,5559
22.61,5728
22.49,1581
22.64,4430
22.83,5001
22.59,5953
22.37,4825
22.56,4965
22.45,3185
22.55,4717
22.41,4527
22.31,1306
22.15,3752
22.26,3260
22.03,1908
22.02,3010
21.88,4006
21.81,2466
21.65,11885
21.74,11553
21.77,11964
21.72,8289
22.11,5932
22.77,7332
22.72,4017
22.67,4645
22.68,3354
22.44,1440
22.37,5725
22.59,2361
22.75,2946
22.8,2209
22.82,2451
22.79,2821
22.73,739
22.57,2908
22.62,1845
22.49,3440
22.5,2540
22.59,5015
22.25,4803
22.34,3939
22.93,2069
22.55,1526
22.52,1767
22.68,8262
22.48,35195
21.83,7668
22.36,3339
21.96,4425
21.58,3894
21.77,6045
22,4283
21.9,5529
21.93,6726
22.09,7485
22.17,12592
22.33,16170
22.06,9666
22.09,12164
22.02,12097
22.32,8997
22.45,11369
22.16,3834
22.17,5291
22.08,8790
21.96,12318
21.91,13628
21.85,19754
21.76,12918
21.76,15784
21.7,23032
21.69,57155
21.55,11675
21.26,9924
21.28,9808
20.68,7095
20.58,14172
20.29,12996
20.04,42432
19.93,4047
20.14,5161
20.21,7722
20.12,6681
20.23,5164
20.27,5145
20.3,17051
20.5,6079
20.88,4288
20.77,2751
20.64,7324
20.79,9114
21.04,8917
21.09,9803
21.16,6850
21.11,7560
21.05,10496
21.14,27205
21.09,114424
22.08,38423
22.28,37749
22.93,22106
22.66,4439
23.1,5088
23.32,5150
23.53,3873
23.29,4750
23.37,1039
23.08,5296
23.03,1736
22.98,2027
23.16,2523
23.21,1605
23.4,2223
23.29,3207
23.21,2606
23.03,6128
22.99,3625
22.9,3465
22.82,5373
22.78,5647
22.75,1211
22.76,4096
22.86,7036
22.73,24870
21.16,67410
21.19,12005
21.33,17295
21.3,24816
21.48,4561
21.63,3765
21.49,3487
21.21,3171
21.33,2971
21.36,2396
21.17,3650
21.29,3605
21.49,4525
21.59,3308
21.51,1947
21.64,5800
21.61,4208
21.69,4332
21.59,2002
21.63,4565
21.54,3899
21.36,4924
21.39,4711
21.37,3664
21.41,5133
21.5,18996
21.74,14450
21.4,11998
21.2,11518
20.9,6276
20.81,7306
20.87,14274
20.72,9660
20.42,8654
20.2,7291
20.13,5989
20.03,1877
20,3294
19.89,6377
19.61,5079
19.56,9397
19.76,8849
19.74,8260
19.7,5271
19.93,5317
19.76,5831
19.8,9743
19.86,10319
19.88,7583
19.84,18132
20.12,28157
20.18,41050
20.87,5178
20.5,8065
20.59,20374
21.05,8987
21.28,5350
21.31,2787
21.5,3855
21.41,2954
21.6,2049
21.53,1535
21.43,2478
21.38,1670
21.23,2572
21.25,1627
21.14,1147
21.05,2648
21,1954
21.02,2079
21,1701
20.98,3004
21.1,2872
21.09,1949
21.01,1674
21.03,6569
21.15,16898
21.01,37978
21.2,2844
21.89,3216
21.78,6700
22.07,2581
21.98,8053
22.4,4462
22.53,3862
22.53,10656
22.51,7065
22.03,3202
22.04,4455
21.89,8489
21.89,5996
21.97,3542
22.05,4500
22.13,2957
22.03,5754
21.9,7015
22,8156
22.09,7933
22.09,8655
22.13,4742
22.19,12132
22.4,13648
22.42,15436
22.6,44400
23.11,3922
23.43,8433
23.7,12215
23.45,5195
23.42,2593
23.23,4233
23.32,1810
23.26,985
22.92,1410
22.73,3094
22.62,3255
22.68,2950
22.85,2784
22.92,3555
22.9,1642
22.88,1258
22.9,3454
22.67,2316
22.67,1616
22.65,3733
22.49,3361
22.58,3672
22.62,4269
22.68,4361
22.71,11680
22.83,15383
23.47,8518
22.41,7398
22.66,4889
22.36,3122
22.35,7616
22.04,3500
21.74,4675
21.6,7860
21.65,3057
21.78,2642
22.06,2112
21.91,2695
21.88,1639
21.95,1316
21.86,1516
21.83,1219
21.85,1355
21.85,2042
21.97,2554
22.06,2899
22.01,2909
21.85,2917
21.86,3153
22.08,7790
22.27,8500
21.86,15197
21.06,12329
20.72,17830
20.89,16254
20.93,7895
20.42,8459
20.06,10398
20.06,7004
20.28,3626
20.55,4111
20.79,5713
20.76,2558
20.77,3307
21.01,3679
21.06,2995
21.05,2163
20.79,1949
20.86,2818
20.59,3624
20.59,13397
20.38,14186
20.19,8387
20.17,11367
20.19,7937
20.32,7926
20.34,21155
20.23,45010
20.56,18241
21.11,18567
20.61,16652
20.55,3851
19.92,9081
19.6,4932
19.77,6794
20.3,6333
20,4911
19.93,4410
19.81,2248
19.85,2732
19.98,3841
19.9,2825
19.75,2667
19.77,2120
19.87,2636
19.87,3516
19.84,2483
19.85,4992
20.19,2982
20.05,2854
20.05,3884
20.06,2947
20.08,2937
20.27,21585
19.7,11269
18.89,17823
19.04,16444
19.04,15595
18.82,15974
18.74,6871
18.74,4766
18.45,9675
18.27,6683
18.43,9554
18.46,8149
18.39,8095
18.3,3954
18.25,5931
18.03,8029
17.93,10859
17.79,15774
17.46,8041
17.42,9917
17.56,18276
17.75,23756
17.58,4964
17.58,16550
17.72,7698
17.63,20171
17.71,34089
17.67,14379
17.77,8252
17.6,6181
17.37,9686
17.52,4805
16.98,6175
16.94,3153
16.98,4592
17.23,18792
17.37,9980
17.26,3176
17.27,2503
17.36,4188
17.53,6587
17.47,10140
17.78,7390
17.63,12607
17.72,12068
17.79,14244
17.81,7305
17.83,6619
18.17,2293
18.11,4140
18.14,7447
18.18,17482
18.14,24966
19.14,14764
19.17,9890
19.52,9945
19.11,4949
19.27,14756
19.24,18638
19.24,9507
19.53,5010
19.84,12664
19.72,3699
19.65,1950
19.68,1881
19.73,3655
19.77,2588
19.98,5790
19.9,988
19.83,1638
19.83,8868
19.96,3158
19.95,3445
19.77,4054
19.94,11711
20.07,4108
19.98,4079
19.92,9444
19.69,24340
19.85,14185
19.7,9725
19.39,1830
19.49,9992
19.62,4132
19.83,6998
19.87,4727
19.84,10935
20.01,6664
20.14,3338
20.11,4753
20.1,2458
19.87,2718
19.62,3712
19.49,12339
19.63,7994
19.6,4239
19.61,5202
19.67,4467
19.88,5793
20.04,5645
20.04,781
20.07,2402
20.08,1254
20.02,3501
20.11,12781
19.96,9890
20.44,8599
20.39,6435
19.92,3913
19.97,5312
20.22,9309
20.15,3725
20.02,1910
19.98,2345
19.95,363
20,2696
20.01,3357
19.97,1631
20.12,2768
20.29,2171
20.2,1999
20.19,914
20.18,2408
20.16,4399
20.13,2813
20.04,2091
20.08,2961
20.04,1533
20.19,1690
20.21,3643
20.05,14262
19.38,9970
19.73,2139
19.34,3703
19.66,1081
19.68,2454
19.77,3128
20.07,4929
20.11,1550
20.18,963
20.27,200
20.3,1272
20.26,986
20.14,1328
20.2,3009
20.17,4144
20.24,1346
20.3,2806
20.19,2983
20.25,1536
20.15,2236
20.13,5645
20,4884
19.9,9886
19.7,4368
19.64,6910
19.67,18646
19.56,6354
20.27,12501
20.01,7081
19.71,10203
19.84,10972
20.34,17339
20.86,5782
21.08,10923
20.78,3331
20.56,3393
20.42,8507
20.32,5445
20.33,7554
20.58,1913
20.68,18433
20.68,3211
20.7,3410
20.85,7152
20.91,4485
20.94,2823
20.92,2345
20.87,6315
20.85,4978
20.84,7457
20.67,11300
20.57,17951
19.83,14638
19.3,100458
19.26,17697
19.36,15860
19.3,8067
19.13,11693
19.22,7666
19.13,3983
19.13,3069
19.27,3116
19.35,2805
19.4,4407
19.12,2616
19.19,3270
19.08,4388
19.15,4813
19.21,4154
19.25,3934
19.45,4100
19.48,7522
19.45,6811
19.42,5324
19.54,3913
19.55,3045
19.7,7415
19.8,26858
19.74,60620
19.9,19733
19.74,11560
20.02,13015
20.37,3021
19.85,3176
19.82,3897
19.63,3900
19.5,4496
19.35,5267
19.3,3029
19.44,6554
19.49,6506
19.67,2626
19.59,2010
19.75,3702
19.9,865
19.84,1363
19.76,2520
19.75,3610
19.69,4353
19.9,8559
20.11,8145
20.02,3316
20.06,6640
20.13,25615
21.01,38950
21.51,33194
21.37,14498
21.77,13938
21.42,15632
21.83,11396
21.48,5666
21.4,15421
21.49,2091
21.3,4257
21.25,4863
21.17,1729
21.09,6251
21.04,2350
21.07,1745
21.1,820
21.15,1510
20.98,1870
20.76,2207
20.71,2457
20.77,1554
20.85,3413
20.73,6815
20.63,3153
20.49,5152
20.47,14773
20.37,8180
21.25,3877
20.66,12619
20.17,6400
20.25,18151
20.38,7106
20.42,7349
20.36,4765
20.66,3830
20.68,3815
20.67,6988
20.64,4075
20.62,5545
20.65,4374
20.65,3347
20.64,3947
20.57,2080
20.62,4716
20.64,2727
20.58,2306
20.56,4165
20.54,4527
20.51,2125
20.52,7211
20.67,1666
20.73,11493
20.89,4330
20.44,3341
20.62,2698
20.52,2947
20.53,1856
20.69,3348
20.82,3208
20.83,1922
20.76,412
20.7,2657
20.9,2207
20.81,836
20.86,2520
20.78,2711
20.8,2771
20.72,2378
20.81,1472
20.8,2012
20.65,3268
20.52,2042
20.71,5814
20.79,5779
20.79,4416
20.85,6821
20.82,9508
20.85,18978
20.21,10298
19.57,8029
19.69,12314
19.26,7639
19.1,7961
19.42,7997
19.53,9558
19.32,9704
19.36,12462
19.41,8213
19.37,10158
19.51,6687
19.58,12243
19.36,6874
19.52,8495
19.47,4959
19.38,6348
19.36,8170
19.47,6058
19.34,7197
19.35,5293
19.31,17949
19.28,15742
19.46,4900
19.5,10211
19.58,17802
20.09,11106
20.97,1688
20.3,3008
20.62,2884
20.42,1707
20.4,4179
20.43,768
20.33,2167
20.27,1513
20.02,2103
19.97,1597
19.96,2323
20.03,2314
19.96,2443
19.85,2584
19.84,2243
19.75,2397
19.64,3958
19.77,11220
19.71,8296
19.83,6880
19.91,4756
19.92,4403
19.99,4833
19.96,5344
19.91,28175
20.63,12488
20.88,8390
20.96,10678
20.92,7158
21.13,7155
21.25,6411
21.26,4293
21.13,7575
21.28,6142
21.32,7485
21.25,3512
21.13,4472
21.26,4429
21.3,2912
21.24,3735
21.36,2380
21.24,2441
21.21,3861
21.2,4376
21.34,6110
21.26,3438
21.2,6940
21.28,9091
21.26,10798
21.16,14097
21.18,43476
21.64,16575
21.59,19212
21.48,5846
21.14,2515
21.33,4108
21.31,5071
21.23,2391
20.96,1710
20.79,3695
20.77,2928
20.8,5363
20.83,2001
20.74,1847
20.71,2275
20.83,3806
20.9,1590
21.01,2205
20.98,1522
20.96,1055
20.97,1508
20.86,2333
20.84,1900
20.91,2597
21.01,2465
21.05,12685
21.23,30629
21.1,14847
20.59,12941
20.69,7095
20.64,7638
20.74,7585
20.97,7650
21.3,4298
21.19,3086
21.03,2976
20.99,7705
21.09,3905
21.24,10034
21.27,5229
21.24,2497
21.28,5638
21.29,5928
21.29,16136
21.38,9729
21.22,3896
21.15,5246
21.22,13514
21.42,12029
21.48,15396
21.66,19576
21.99,28667
21.98,24421
23.01,68767
21.79,72808
20.62,34278
20.26,18876
20.31,11352
20.86,19817
21.09,9060
21.07,12508
21.16,7972
21.18,12334
21.37,15981
21.61,6546
21.75,7561
21.81,6490
21.91,9466
22.08,15833
22.13,10366
22.09,11830
21.97,6741
21.73,9914
21.13,11945
21.28,12863
21.38,7706
21.27,6168
21.33,8579
21.42,22913
21.15,10443
20,15794
19.71,10079
19.7,7836
19.91,11609
20,14327
19.93,4774
20.42,7711
20.25,2834
20.36,1376
20.27,1616
20.22,1360
20.17,1100
20.18,5721
20.05,7108
19.87,9114
19.75,13842
19.74,2918
19.88,3943
19.81,10974
19.83,10927
19.95,5276
19.86,5386
19.75,9737
19.88,17418
19.92,38271
19.74,15424
19.25,21644
18.95,17080
19,6465
18.53,9111
18.57,11013
18.67,10272
18.66,8854
18.75,6357
18.61,5892
18.55,2640
18.57,4292
18.63,4398
18.85,3853
18.88,2389
18.77,3053
18.65,1554
18.55,4247
18.68,5834
18.78,2027
18.79,6083
18.69,6353
18.66,3770
18.77,5588
18.69,7806
18.79,25399
18.92,4973
18.45,3666
18.36,3971
18.44,4439
18.34,3798
18.29,5688
18.31,6139
18.42,7222
18.63,6448
18.88,6177
18.88,4999
18.88,1428
18.99,2517
18.92,659
18.81,1864
18.77,1313
18.56,1780
18.58,2833
18.55,2527
18.5,1432
18.5,1965
18.54,2041
18.47,2564
18.51,2099
18.46,7363
18.57,26000
18.52,18252
18.73,5715
18.58,2789
18.6,2051
18.77,5877
18.32,1903
18.29,2361
18.32,2821
18.49,2257
18.56,1530
18.42,1729
18.42,938
18.37,834
18.4,1500
18.52,2466
18.41,1405
18.6,3502
18.48,2078
18.71,3105
18.66,3888
18.53,2401
18.58,1559
18.62,2444
18.69,2106
18.71,5597
18.67,40140
18.45,7246
18.04,10587
18.21,6268
18.65,2071
18.67,1109
18.45,755
18.46,2271
18.29,6546
18.56,4321
18.53,3897
18.46,914
18.45,4179
18.37,1808
18.24,1963
18.4,509
18.5,908
18.5,683
18.41,1656
18.55,1407
18.61,846
18.65,731
18.58,1853
18.49,1668
18.46,2618
18.32,8331
18.07,9480
17.67,4603
18.01,3529
18.4,1765
18.6,1949
18.85,5287
19.06,4259
19.03,3836
18.93,4510
18.67,847
18.67,1686
18.74,939
18.59,640
18.5,448
18.56,2937
18.59,1668
18.66,970
18.58,819
18.62,2052
18.59,1972
18.58,2669
18.46,2126
18.49,1809
18.46,2555
18.48,3696
18.55,4329
18.55,16467
18.65,6248
18.56,5353
18.8,1451
18.57,1300
18.53,2193
18.29,4112
18.42,3246
18.51,2027
18.62,1695
18.58,1441
18.7,711
18.6,1146
18.62,301
18.65,200
18.66,916
18.71,1517
18.71,1607
18.68,623
18.74,2331
18.71,2359
18.73,1095
18.65,3828
18.63,1282
18.75,10271
18.63,8654
18.55,26464
18.88,14588
19.43,9691
19.66,28519
19.9,13249
19.79,9753
19.59,11088
19.49,7019
19.59,4147
19.56,3459
19.51,3695
19.48,4050
19.61,2263
19.69,5675
19.55,4714
19.51,2742
19.6,11872
19.7,7086
19.66,7442
19.82,8158
19.8,6390
19.75,4913
19.72,3334
19.69,4448
19.64,3587
19.77,16113
19.93,34890
19.67,7971
20.07,9954
19.98,7312
19.9,7848
20.08,8704
20.07,7789
20.19,4316
20.13,5857
20.36,8786
20.29,4563
20.27,10450
20.37,13177
20.52,14526
20.46,8605
20.52,8955
20.65,2934
20.58,3565
20.63,2682
20.63,5840
20.62,3715
20.54,359
20.49,5191
20.58,3886
20.67,4761
20.78,10307
20.91,71783
21.09,6385
21.63,10901
21.79,3972
21.94,8922
21.61,3236
21.67,2077
21.79,3826
21.66,6239
21.5,3593
21.56,2295
21.63,710
21.63,1192
21.7,5636
21.71,2419
21.78,928
21.83,1762
21.83,2908
21.68,2560
21.67,2562
21.57,2264
21.71,1153
21.64,1327
21.66,3840
21.62,3822
21.73,3653
21.43,19624
21.23,1739
21.5,8163
21.81,6325
22.14,5199
22.1,2579
22.03,4297
22.17,4222
22.18,1871
22.14,1902
22.2,2756
22.34,3442
22.37,2822
22.31,2775
22.23,3460
22.2,2035
22.15,2616
22.12,2104
22.03,1480
22.03,2299
22.07,12158
22.17,5025
22.12,4806
22.12,10446
22.16,20162
22.26,34516
22.28,56246
21.33,11527
21.5,8494
21.4,9219
21.72,1834
21.52,4443
22.01,8630
21.98,8412
22.03,3988
22.1,4544
22.23,2269
22.45,1065
22.47,995
22.34,903
22.43,1220
22.46,1230
22.33,1070
22.26,892
22.22,1742
22.11,2695
21.91,1980
21.95,2708
21.94,2110
21.89,2206
21.91,2981
22.04,2859
22.08,11917
22.75,4134
22.69,9603
23.22,2282
23.08,812
22.88,413
22.85,1125
22.74,2686
23.01,1556
22.8,300
22.74,300
22.63,1900
22.7,1437
22.61,1372
22.52,204
22.42,1424
22.41,4811
22.39,1708
22.35,1242
22.3,1819
22.33,5411
22.41,14858
22.33,3687
22.46,8661
22.62,2660
22.54,1430
22.51,12967
22.57,3648
23.27,10896
23.55,10117
23.49,20012
23.45,7746
23.6,7745
23.51,13606
23.38,5442
23.29,4854
23.07,4044
23.08,3368
23.02,6426
23.15,7109
23.11,2193
23.03,19507
23.09,1676
23.01,2714
22.87,2551
22.79,6221
22.73,10436
22.62,3048
22.5,3600
22.62,3904
22.55,5054
22.61,8857
22.46,19063
22.85,14481
23.66,5756
23.24,2262
23.18,5474
23.36,4639
23.89,5194
24.23,8920
24.46,13671
24.51,7643
24.62,9647
24.56,5388
24.53,5110
24.53,3916
24.73,4719
24.75,1986
24.77,15727
24.68,18905
25.28,15433
24.78,12641
24.87,7062
24.84,6074
24.66,4356
24.66,3593
24.74,6425
24.68,7774
24.83,27049
24.62,33173
25.22,32324
25.1,24653
24.82,10859
24.62,12133
24.57,2639
24.58,4451
24.54,4134
24.79,2459
25.03,7610
25.06,3097
25.04,3117
24.79,1712
24.82,2790
25,3635
25.09,7785
25.23,6572
25.3,2832
25.39,4462
25.49,3957
25.47,3358
25.25,4837
25.22,6297
25.27,6474
25.21,10963
25.18,35830
25.6,11248
26,11515
25.51,11108
25.99,12480
26.18,6440
26.35,7490
26.44,13244
26.79,6313
26.65,11024
26.64,6459
26.51,4819
26.64,5073
26.6,6116
26.48,2132
26.39,2534
26.19,2791
26.05,2106
26.16,1662
26.25,2136
26.32,3892
26.4,3077
26.41,8800
26.41,3750
26.36,2719
26.32,10827
26.1,28304
26.93,13039
26.66,8116
27,14829
26.94,11156
26.62,9369
26.6,6065
26.56,3754
26.84,4356
26.77,2897
26.72,2890
26.72,1205
26.49,3913
26.27,1309
26.37,2414
26.46,1306
26.3,9929
25.78,3498
25.65,7063
25.47,2669
25.64,3557
25.67,15513
25.75,11056
25.99,4106
26.04,5602
26.13,17202
26.27,35677
25.64,1921
25.83,702
25.62,1313
25.8,1241
25.94,481
26.08,1945
26,622
26.23,3373
25.9,2704
26.34,6435
26.6,30175
26.76,4943
26.93,2524
26.66,2173
26.53,1187
26.54,1771
26.57,1730
26.4,1642
26.52,924
26.3,3474
26.48,3641
26.38,1421
26.44,1087
26.54,1192
26.46,2336
26.53,23502
26.7,9131
27.34,7224
26.7,8961
26.06,2109
26.37,1087
26.48,1642
26.23,2038
26.15,2632
26.12,176
26.25,2090
26.15,893
26.19,8635
26.15,4454
26.13,3852
26.25,4362
26.31,3647
26.22,3658
26.21,2720
26.21,5167
26.3,5306
26.28,2276
26.32,4578
26.46,5866
26.57,4183
26.59,12769
26.67,32315
26.81,3035
27.1,2530
27.4,8749
27.71,13691
27.68,3525
27.44,4208
27.56,1493
27.1,1299
27.15,1785
27.16,455
27.2,1747
27.2,2942
27,3833
26.94,1287
27.15,710
27.11,807
27.17,1219
27.3,1179
27.46,2346
27.47,3623
27.36,2024
27.22,8193
27.1,4391
27,2237
27.07,7613
26.87,29146
25.97,20072
25.74,4860
25.72,4161
25.97,2713
25.85,3204
25.59,3440
25.52,3574
25.86,1410
25.99,6355
26.01,5030
26.04,4266
26.27,1091
26.25,1712
26.11,614
26.09,5373
26.11,2453
26.32,4771
26.46,4381
26.46,5053
26.33,878
26.28,2633
26.25,3011
26.22,2756
26.1,4463
25.89,6147
25.8,19508
25.02,12898
24.17,20712
23.54,30829
22.94,19297
23.27,19756
23.08,16220
23.48,8124
23.47,11224
23.52,10064
23.13,5740
23.27,2808
23.14,5847
22.85,8864
22.58,15131
22.46,13022
22.45,3029
22.56,4057
22.56,8346
23.02,6740
23.07,5838
23.04,7068
22.97,9852
22.88,18222
23.11,9792
23.08,9132
23.42,37834
22.7,3531
23.17,4707
23.13,5120
23.27,2706
23.43,1400
23.65,2833
23.56,1894
23.57,865
23.6,2461
23.64,6555
23.73,4257
23.91,2410
23.74,890
23.7,3510
23.68,2256
23.8,4362
23.7,4228
23.69,4066
23.66,2429
23.79,2933
23.73,2249
23.63,4434
23.59,2163
23.62,2833
23.58,5990
23.66,36391
23.02,17193
23.1,10426
22.94,9136
22.73,4856
23.08,4662
22.93,5539
22.95,7639
23.12,3483
23.05,13328
23.02,9273
23.16,4213
23.02,1830
22.87,2891
22.67,4296
22.61,8349
22.68,2888
22.73,4019
22.57,1664
22.52,3147
22.53,2632
22.71,1929
22.58,3796
22.65,2585
22.66,5321
22.54,2932
22.47,28987
23.18,5342
22.47,4621
22.12,11215
22.11,9682
22.35,6850
22.43,6200
22.42,2665
22.39,1175
22.38,2032
22.39,1652
22.44,1241
22.24,2119
22.27,25644
22.91,10492
22.58,3944
22.76,16923
22.8,14765
23.07,7236
23.11,10254
23.54,14518
23.54,9356
23.68,9087
23.49,11513
23.47,14676
23.63,15165
23.47,26739
25.41,34556
25.61,36355
24.94,13714
24.86,10604
24.8,8572
24.65,7396
24.92,7990
25.01,4085
24.97,9679
25.05,4851
24.96,4234
24.79,5972
24.76,8582
24.71,2699
24.55,5987
24.46,5246
24.59,1345
24.47,1726
24.53,5112
24.68,1658
24.59,3047
24.45,4638
24.34,3994
24.33,8233
24.07,18784
24.08,34252
23.41,9766
22.62,7026
22.56,9617
22.66,13062
22.92,20546
23.33,9465
23.31,6213
23.24,3263
23.19,4764
23.24,5214
23.24,5204
23.19,9281
22.99,2105
22.95,3001
22.84,3425
23.02,2168
22.9,2151
23,726
23,3160
22.93,3565
22.9,2856
22.81,3363
22.79,2884
22.79,4090
22.77,5727
22.75,22753
22.88,23348
22.17,33509
22.19,6785
22.24,16227
22.02,7885
22.13,5694
22.01,4004
22.3,3724
22.15,5511
22.01,8332
22.05,14455
21.37,10635
21.31,6975
21.3,7106
21.58,3553
21.91,755
21.85,1361
21.85,3022
21.85,1082
21.78,1884
21.77,6364
21.66,3435
21.69,5028
21.65,3057
21.69,2746
21.65,26019
22.26,6707
22.56,2940
22.71,8077
22.45,3001
22.55,1208
22.58,1909
22.4,8662
22.11,9696
21.88,3188
22,3323
22.01,3624
22.12,1857
22.16,1380
22.24,1436
22.3,2212
22.21,3821
22.55,3040
22.55,2244
22.51,993
22.36,2981
22.27,4355
22.26,3538
22.28,3094
22.27,5547
22.46,5054
22.34,21282
22.52,3102
21.72,4539
22.17,5637
22.04,3630
22.2,3826
21.93,2265
21.88,2923
22.05,1578
22,3481
22.18,815
22.17,1732
22.09,1291
21.89,800
21.87,703
21.9,1311
21.83,1801
21.79,1773
21.61,1411
21.74,1401
21.74,1249
21.72,962
21.64,3954
21.97,3403
21.96,2523
21.86,5209
21.93,18604
21.75,9008
22.37,9483
22.03,4843
22.01,1892
21.88,6110
21.75,1377
21.82,2991
21.86,2000
21.82,4898
21.99,459
21.97,1961
22.05,1049
22.05,2885
21.9,1611
21.9,2737
21.79,5835
21.82,2953
21.9,3824
21.82,2917
21.77,5063
21.65,5074
21.67,4368
21.69,8178
21.93,8382
21.92,13617
21.66,27681
21.94,11290
22.2,11478
22.62,3964
22.11,3182
22.13,2668
22.17,1501
22.24,1597
22.08,1370
22.18,4057
22.21,6239
22.36,2403
22.31,1251
22.42,2410
22.53,1995
22.57,5823
22.47,3922
22.22,5973
22.25,4567
22.08,1581
22.16,2006
22.07,7408
21.98,8892
21.99,9741
22.04,4018
21.96,9539
22.11,45345
21.97,10524
21.96,4684
22.4,4131
21.99,5630
21.92,3615
21.92,4262
21.8,5396
21.73,1130
21.79,1711
21.71,1887
21.66,3489
21.51,3751
21.55,1124
21.46,2715
21.68,870
21.63,977
21.61,325
21.54,1331
21.51,884
21.52,3529
21.46,4526
21.36,23149
21.08,10694
20.96,8753
20.84,10211
20.74,20449
20.29,8580
19.83,9664
20.43,10703
20.54,3392
20.35,8698
20.23,5840
20.16,2629
20.21,3025
20.07,3175
20.07,2607
19.92,1494
19.83,6982
19.69,10970
19.83,14114
20.04,4626
19.97,952
20.02,2220
19.83,4574
19.7,6150
19.62,7032
19.8,5981
19.76,7284
19.85,10502
19.83,5476
19.66,9347
19.67,33189
19.14,12700
19.81,34684
19.9,19247
19.91,5540
19.85,6727
20.12,5895
19.96,6996
19.95,12472
19.71,14911
19.84,5368
19.85,6216
19.94,10712
20.09,6329
19.95,3625
19.98,2944
20.14,2898
20.03,2384
20.16,6462
20.17,5321
20.22,3010
20.2,3105
20.2,2813
20.33,9346
20.37,6664
20.38,10201
20.37,10062
20.31,3624
20.12,5540
20.11,4999
19.85,7078
19.97,2767
19.91,9019
19.97,2274
20.12,8225
20.15,13390
20.57,5869
20.71,4093
20.77,9148
20.67,14015
20.72,8803
20.85,9842
21.04,11604
21.11,10608
21.01,6110
20.97,5852
20.95,3359
21.05,3194
20.95,3542
20.99,4912
20.96,3832
21.07,9011
21.14,15924
21.64,6842
21.33,6696
21.14,2229
21.4,11567
21.57,3520
21.3,5018
21.34,3367
21.21,2986
21.29,1259
21.19,2288
21.24,2987
21.15,3217
21.02,2287
20.95,3109
21,2001
20.83,2211
20.86,1064
20.89,2612
20.75,3517
20.63,4739
20.63,7011
21.3,6214
21.24,6030
21.15,4506
20.78,6190
20.63,19512
21.02,4393
21.07,2313
20.77,2213
20.9,2992
21.04,3014
20.85,2733
20.74,1763
20.96,2434
21.05,4450
20.91,2100
21.05,1629
21.02,1370
20.96,2190
21.09,1170
21.02,3251
20.83,1263
20.81,2158
20.82,1999
20.89,2656
20.83,3696
20.82,3784
20.88,3553
20.91,2098
20.99,8118
21.04,12686
21.07,27375
20.1,14706
19.61,9160
19.83,16908
20.11,5979
20.25,5730
20.07,5659
19.72,11195
19.66,8022
19.71,8204
19.69,11341
19.68,4809
19.57,2427
19.51,10921
19.32,4667
19.51,1273
19.57,1800
19.5,2401
19.32,14881
19.1,4387
19.08,9231
18.95,4328
18.78,5358
18.74,8472
18.84,5258
18.96,3153
18.94,19459
18.7,15115
19.2,19834
19.41,5100
20.05,2740
20.07,1483
20.12,1650
19.88,1331
19.69,2061
19.71,1405
19.62,4450
19.62,379
19.65,1913
19.5,425
19.55,1537
19.68,1018
19.53,603
19.57,1113
19.49,1954
19.38,2440
19.36,1651
19.33,1258
19.44,1516
19.41,3434
19.33,4081
19.31,5872
19.43,18776
20.34,9907
20.4,4290
20.48,5467
20.48,10465
20.76,5896
20.71,7666
20.78,3011
20.77,2535
20.67,3352
20.58,4327
20.52,6515
20.33,1890
20.42,1305
20.28,4333
20.49,3937
20.47,839
20.5,3811
20.53,3280
20.74,13987
21.02,7205
21.18,3770
21.34,23047
21.56,8999
21.37,6241
21.5,16991
21.44,40500
21.83,6927
22.33,13564
22.41,15319
22.89,8119
23.15,16049
23.45,14442
23.59,16452
23.72,10300
23.89,7243
23.34,6125
23.31,15002
23.31,3578
23.18,3266
23.23,1608
23.16,5525
23.41,2384
23.37,4698
23.5,5914
23.58,7311
23.6,8372
23.62,3229
23.67,4010
23.66,3437
23.67,9033
23.82,13107
23.97,28650
23.47,10761
23.63,5234
23.34,9051
22.68,6326
23.02,6157
23.24,6577
23.32,11674
23.4,4854
23.44,7127
23.54,2936
23.48,6823
23.7,4134
23.8,3281
23.79,2500
23.72,2120
23.66,1465
23.51,3616
23.46,4244
23.38,2526
23.3,2532
23.32,2828
23.3,4047
23.34,3230
23.45,5229
23.45,5634
23.61,17642
23.08,8508
23.38,4075
23.93,4283
24.11,3507
24.22,1352
23.88,1554
23.93,2999
24.02,1856
24.2,3510
24.1,1072
24.04,877
23.98,2743
23.99,1404
23.96,2623
24.04,2935
24.02,2186
23.96,4022
23.82,2585
23.84,3823
23.72,4297
23.72,7311
23.63,2106
23.56,4456
23.57,4478
23.65,5236
23.65,21057
24.69,6406
25.23,3119
24.95,1443
25.04,3421
24.99,11500
25.1,4256
25.12,2421
25.16,7262
25.12,4798
24.93,2654
24.78,4661
24.78,3769
24.88,5176
25.16,12399
25.08,2267
25.19,7922
25.27,5314
25.2,3122
25.24,3377
25.31,3326
25.33,7248
25.39,4678
25.47,8327
25.43,12718
25.29,13227
25.29,44240
25.91,12193
26.23,12181
25.6,9462
25.9,10013
25.42,15229
25.4,11180
25.53,12257
25.35,9387
25.44,9669
25.37,5574
25.36,4713
25.27,6597
24.79,2887
24.91,1668
24.9,1790
24.81,1741
24.69,2747
24.6,9852
24.47,3903
24.43,5329
24.81,1611
24.6,4661
24.63,6725
24.79,8759
24.72,5618
24.95,23835
25.28,19367
25.92,8416
25.3,10415
25.66,6708
25.38,5262
25.64,7275
25.88,5988
25.92,5268
25.66,11891
25.88,5836
25.66,2423
25.83,3220
25.89,3986
26.05,6232
25.97,8111
26.05,5357
26.12,3503
26.18,1806
26.22,5736
26.4,6068
26.36,7692
26.51,4920
26.61,9848
26.68,9449
26.61,17420
26.8,36028
26.29,21035
27.16,7718
26.76,2289
26.58,1190
26.38,916
26.79,2784
26.87,1861
26.96,1861
26.84,1511
26.88,501
26.87,2393
26.78,2727
27.06,2729
27.21,4929
27.3,1936
27.21,1447
27.07,1620
27.33,4944
27.43,4787
27.42,5436
27.54,2729
27.43,8862
27.12,21613
26.98,21350
26.77,7746
26.73,29890
26.43,37514
25.43,2900
25.89,11771
25.6,2464
25.92,899
25.89,2036
25.76,1539
25.83,3067
25.59,6677
25.56,926
25.45,1512
25.53,1000
25.62,1050
25.52,2897
25.74,1718
25.89,1138
25.96,4195
26.05,2013
25.96,1865
25.9,1207
25.97,2929
26.01,3811
25.95,2946
25.96,5233
25.61,7732
25.84,21076
25.88,32135
26.89,15308
26.2,5395
26.4,1921
26.35,654
26.13,2461
25.8,1869
25.79,3043
26.08,698
26.22,945
26.29,1649
26.47,1622
26.28,912
26.3,627
26.22,3848
26.07,1320
26.02,1437
26.27,3631
26.06,1848
25.97,1144
25.94,2734
25.87,1171
25.92,1686
25.91,2656
25.96,3968
26.11,15800
25.91,2528
26.02,8121
25.27,5224
25.21,4729
24.94,4401
25.22,2136
24.95,7846
25,2715
25.12,3007
25.38,4064
25.29,2387
25.35,5268
25.72,5512
25.66,5239
25.94,4496
26.2,3523
26.07,636
25.87,2182
25.78,953
25.65,1350
25.68,2732
25.74,4382
25.48,5232
25.19,5145
25.39,5445
25.44,30583
24.93,56065
24.28,35214
25.11,13384
24.79,11192
24.46,7233
24.58,4139
24.73,2996
25.3,5098
25.37,2260
25.64,4796
25.78,6664
25.45,1083
25.63,3840
25.54,5953
25.78,1898
25.79,1597
25.84,1527
25.85,2150
25.76,3738
25.66,2088
25.7,2791
25.64,1212
25.59,2929
25.78,3240
25.74,7479
25.7,20394
25.38,6705
24.98,7834
25.45,1671
25.42,2410
24.98,1770
25.25,1823
25.72,7787
26.12,5372
26.2,6751
26.17,5193
26.12,6680
25.65,1862
25.52,2180
25.55,2681
25.64,3668
25.49,2206
25.64,2263
25.65,2776
25.73,3884
25.77,3452
25.65,6418
25.53,4943
25.65,2891
25.64,2667
25.64,5601
25.64,16657
25.26,15362
24.72,8847
24.52,5281
24.77,3570
25.02,4593
24.95,3080
25.14,1764
25.02,2105
25.41,3641
25.15,1038
25.1,5071
24.98,3055
25.22,702
25.31,2728
25.23,1268
25.01,963
25.15,2322
25.12,1174
25.04,700
24.95,3046
24.85,3167
24.84,1515
24.89,1586
24.91,2161
24.91,2956
24.91,11369
25.03,4342
25.55,8206
25.77,1841
26.39,3961
26.54,2402
26.18,5822
25.89,3914
25.59,3554
25.67,7555
25.61,11363
25.77,1345
25.82,1868
26.01,2936
26.09,1291
26.22,1096
26.15,1686
26.11,1230
26.15,618
26.01,1509
25.77,3838
25.74,860
25.81,852
25.89,5328
25.9,5356
25.77,6475
25.81,12152
26.04,9906
26.06,3104
26.04,2608
25.89,5675
25.54,1533
25.57,1841
25.54,3878
25.4,6569
25.24,3887
25.14,4712
25.27,3142
25.29,2914
25.11,2930
25.11,2842
25.3,1912
25.39,4404
25.36,2344
25.19,2538
25.19,1240
25.05,1578
25.14,2627
24.94,2781
25.02,1778
25.1,3428
25.05,6640
25.42,6982
25.83,7756
25.21,6510
25.29,4762
25.44,1157
25.37,3613
25.38,3751
25.18,5167
25.02,990
24.89,2100
24.86,1336
24.71,1868
24.86,1244
24.85,4421
24.5,9932
24.42,5887
24.15,5794
24.16,7885
24.1,7977
23.87,6143
23.78,9475
23.7,5231
23.55,5102
23.61,5927
23.63,6274
23.55,13159
23.38,43706
23.63,20587
22.92,9114
23.26,13986
23.73,6629
23.51,7379
23.53,10003
23.65,527
23.65,0
23.65,0
23.69,18939
23.31,35472
22.72,6301
22.69,4306
22.75,8543
22.57,8557
22.39,3591
22.51,6494
22.34,3328
22.38,3628
22.43,4965
22.36,3844
22.31,4499
22.33,5880
22.33,6572
22.24,8678
22.11,17959
22.23,8523
22.22,5854
22.19,11352
22.55,9397
22.26,9334
22.18,5540
21.98,3023
22.08,2565
22.14,913
22.25,2332
22.28,3345
22.17,1524
22.31,4072
22.43,6132
22.59,1748
22.62,2424
22.76,2932
22.74,3965
22.75,2711
22.72,5568
22.8,4855
22.9,4290
22.9,4920
22.96,9060
23.03,10196
23.05,17501
22.45,32030
21.9,23881
22.07,16427
21.9,20057
21.97,11163
22.21,6748
22.4,4883
22.53,3885
22.27,2004
22.28,2925
22.32,1923
22.34,3345
22.39,1724
22.32,9982
22.31,2323
22.23,6494
22.41,7336
22.76,7865
22.79,5371
22.68,4457
22.7,3307
22.76,4833
22.87,1775
22.9,1693
22.95,6372
22.87,11187
22.79,3121
23.05,15682
23.56,12206
23.61,11388
23.51,7101
23.31,12371
23.28,4765
23.23,6103
23.21,3054
23.19,2922
23.1,3215
23.13,2465
22.99,2245
23,4669
22.94,3844
22.82,1374
22.9,3143
22.99,6172
22.91,5677
22.9,5720
22.95,2466
22.98,3820
22.89,3281
23.09,5367
23.21,7731
23.19,26931
23.31,8501
22.78,4116
22.93,5832
23.08,3563
23.02,9420
22.95,2316
22.79,1521
23.01,6060
23.1,2834
23.25,3667
23.2,3693
23.3,5208
23.52,1256
23.41,2851
23.1,1343
22.97,3501
22.81,1607
22.83,1935
22.89,5982
22.96,2735
22.94,3276
22.84,2883
22.82,2047
22.91,2164
22.84,2506
22.84,18544
22.77,13269
22.75,7965
22.97,10960
23.33,5569
23.4,6113
23.65,16343
23.86,3787
24.1,3936
23.81,2404
23.52,4979
23.57,3605
23.62,2363
23.24,2887
23.43,445
23.48,921
23.42,956
23.53,2618
23.68,5054
23.65,1542
23.68,5101
23.77,1459
23.57,4609
23.46,2718
23.32,1531
23.41,3466
23.57,15263
23.01,6343
23.12,10496
22.81,10787
22.63,3736
22.7,9060
22.46,9633
22.45,9807
22.34,7138
22.32,10610
22.44,8760
22.55,1265
22.81,2270
22.94,2930
23.06,5174
23.01,3646
22.89,2611
22.78,1829
22.84,1852
22.95,5437
22.73,2583
22.74,3170
22.76,4010
22.68,6525
22.56,5773
22.56,10017
22.75,63232
22.94,2823
23.59,368
23.25,2445
23.24,1822
23.14,3343
23.2,1873
23.04,2135
22.97,8043
22.99,2322
22.91,3441
22.67,3465
22.57,1571
22.63,1735
22.56,1211
22.71,1700
22.83,800
22.89,1187
22.98,2063
23.04,2913
23.02,2517
23.02,4224
23.15,3959
23.16,5237
23.23,3826
23.1,4642
23.22,26421
23.39,13212
22.99,4357
23.29,1492
23.05,3198
22.92,2998
22.8,3628
22.87,4697
22.94,14787
23.05,3859
22.92,4804
23.01,6549
23.24,4366
23.32,4556
23.27,3943
23.27,3002
23.22,3141
23.28,3511
23.24,4368
23.15,9991
23.21,7084
23.12,4606
23.04,3312
23.09,3210
23.04,5663
23.04,6498
22.97,41629
23.08,9817
22.77,5820
22.22,8629
22.06,3185
22.45,7057
22.45,7366
22.75,1114
22.61,1844
22.6,2003
22.66,1629
22.78,1095
22.56,1754
22.72,4269
22.6,3366
22.6,2517
22.58,2324
22.59,1539
22.56,1804
22.65,8434
22.81,2184
23,8662
22.68,18435
22.64,7657
22.71,9978
22.46,10095
22.52,16050
24.36,36533
24.62,31585
24.45,25170
24.89,19357
25.81,23912
25.97,26432
26.48,18700
24.66,67124
24.55,64682
23.9,9771
24,6946
23.97,6885
23.78,13086
23.18,27240
22.61,19829
22.91,15574
23.16,5728
23.1,7891
22.83,12819
22.65,8114
22.72,14052
22.69,8137
22.73,8156
22.87,12772
22.77,18970
22.74,52429
23.73,31946
24.8,17491
25.64,17625
26.02,13119
26.21,12312
25.97,11035
25.96,9081
25.51,6244
25.45,4917
25.8,9145
25.24,4066
25.28,2280
25.5,9107
25.47,6800
25.37,8050
25.55,10984
25.62,9658
25.59,13301
25.65,11507
25.68,19600
25.7,12933
25.79,10729
25.77,13781
25.73,13373
25.78,17463
26.11,29572
27.39,41485
27.09,38294
26.64,14792
27.77,5526
27.36,11817
27.13,5864
27.6,4154
27.44,3916
27.56,1617
27.72,3446
27.81,8185
27.99,9034
28.41,4329
28.34,8281
28.22,4326
28.24,6016
28.34,4604
28.36,4808
28.55,3504
28.51,5528
28.27,4649
28.44,4428
28.52,4865
28.67,3798
28.67,5596
28.7,30440
28.22,17935
27.65,11380
27.64,9851
27.71,7229
27.87,6053
28.01,8008
28.02,5205
28.31,2250
27.92,2812
28.21,3672
28.31,2007
28.37,2890
28.65,1697
28.58,3047
28.41,2468
28.47,2065
28.28,1043
28.37,4657
28.12,10362
28.11,2589
27.82,2007
28.04,4140
28.19,1923
28.27,4538
28.33,8210
28.34,22342
27.48,13834
27.2,3285
27.15,2025
27.45,2523
27.09,14374
26.97,3841
26.97,5606
26.86,3253
27.15,3314
27.05,4634
27.12,1223
27.01,1794
26.96,1922
27.08,1265
26.79,3667
26.59,10383
26.2,7963
26.2,2951
25.92,3476
25.82,17192
25.61,3098
25.55,3156
25.56,3570
25.51,4195
25.45,5738
25.38,25060
26.14,11874
25.86,5227
25.96,3637
25.92,1617
25.94,1492
26.06,6155
26.35,1171
26.09,3021
25.86,6792
26.19,10975
26.32,2914
26.35,4448
25.91,1028
25.95,2272
25.8,2957
26.01,4167
26.07,4293
26.14,3617
26.02,4229
26.13,4942
26.13,6820
26.2,7916
26.22,5831
26.32,8794
26.47,12943
26.49,29992
27.35,2755
27.41,3266
27,3984
27.4,3636
27.58,5566
26.81,10589
26.77,2025
26.06,2748
25.85,3338
25.89,3692
25.73,4240
25.91,2811
25.95,2050
26.01,3590
26.22,2072
26.41,1608
26.66,3844
26.59,2740
26.5,2271
26.38,3034
26.54,1688
26.56,1964
26.51,1694
26.23,3628
26.35,5541
26.28,19415
26.32,23097
27.42,24415
27.73,15302
27.88,5181
28.11,5168
27.75,3161
27.67,1115
27.51,2078
27.34,2786
27.03,4651
26.97,2642
27.07,717
27.25,1580
27.22,2261
27,1701
27.12,926
27.26,1436
27.23,3374
27.28,1514
27.38,1102
27.42,2266
27.3,2261
27.19,5331
27.17,3496
27.19,4518
27.08,13160
27.23,8090
26.51,2293
27.37,2403
27.47,4568
27.56,5709
27.6,1561
27.28,2229
27.68,2748
27.67,2500
27.64,780
27.57,745
27.52,861
27.59,449
27.55,3935
27.9,1857
27.84,1820
27.6,2426
27.64,4306
27.71,1782
27.75,2231
27.63,1328
27.65,3458
27.72,4380
27.85,5755
27.93,4436
27.83,20216
27.41,5389
27.22,6582
27.02,2499
27.37,2262
27.46,3652
27.68,2994
27.76,2334
27.57,3055
27.59,1873
27.55,2975
27.48,720
27.35,2697
27.31,600
27.57,2816
27.53,1951
27.45,7412
27.47,8499
27.62,955
27.5,1415
27.68,1517
27.67,1410
27.67,1252
27.65,461
27.54,645
27.46,4953
27.43,18058
26.52,17816
25.85,14684
26.24,8502
25.84,6434
26.18,3844
26.2,2831
26.3,6650
26.04,3729
26.02,3110
26,2849
26.13,1595
26.17,1712
26.19,4145
26.27,2333
26.43,3824
26.45,576
26.23,812
26.19,1944
26.18,1420
26.29,2588
26.27,1643
26.16,4792
26.43,1518
26.48,5776
26.55,8016
26.69,40069
26.55,21960
25.58,8235
26.33,5283
26.04,4547
26.13,4817
26.24,1392
26.22,1189
26.21,3944
26.24,3178
26.11,2318
26.07,5052
26.25,6449
26.57,6850
26.52,5509
26.52,1534
26.47,3385
26.58,2172
26.51,2893
26.44,1686
26.29,1994
26.42,2087
26.43,2131
26.42,2381
26.4,2407
26.44,4640
26.32,11535
25.8,8261
25.38,10431
25.7,5322
25.36,5632
25.48,7976
25.46,7996
25.4,13732
25.36,6364
25.44,3528
25.51,4512
25.43,7233
25.91,3858
26,2310
26.01,1374
26.3,2117
26.38,6180
26.39,3578
26.36,3600
26.43,2484
26.43,2442
26.44,3350
26.35,3499
26.32,7121
26.51,8053
26.54,13715
26.51,18886
27.34,8251
27.93,9842
27.8,22708
28.62,7151
28.38,6390
28.35,5981
28.19,2470
28.12,5265
28.48,2350
28.38,2819
28.35,1536
28.31,2794
28.3,4390
28.24,3109
28.36,2536
28.38,3250
28.43,2684
28.48,2657
28.45,1100
28.4,2499
28.34,2396
28.26,2469
28.2,2436
28.22,4643
28.27,9150
28.23,35264
28.54,15316
28.98,1803
28.86,1980
28.56,4029
28.65,2592
28.29,2261
28.3,3996
28.34,4699
28.3,2253
28.2,3592
28.21,4101
28.05,3097
28.13,3801
28.1,2275
28.19,1504
28.19,1562
28.22,1870
28.15,1240
28.15,3826
28.44,1553
28.51,1057
28.61,1035
28.5,1174
28.54,2021
28.47,6730
28.55,14726
28.54,1958
29.03,4461
29,6407
29.14,3585
28.86,3910
28.86,3160
28.79,1607
28.7,1876
28.96,7711
29.18,2556
29.12,3288
29.21,3697
29.25,1725
29.15,7740
29.15,0
29.15,0
28.09,4824
28.81,2128
28.79,2123
28.85,4807
28.99,1231
28.98,1532
28.91,3735
28.93,2580
29.01,4996
29.06,3519
28.95,4620
29.13,749
29,2210
28.93,3441
28.97,1025
28.82,1579
28.57,1842
28.57,4632
28.33,2916
28.33,2323
28.18,2080
28.33,1185
28.18,1330
28.07,4004
28.1,2535
28.14,12301
29.08,11660
29.72,9535
30.14,4928
30.03,9724
30.15,5728
30.19,5924
30.29,4090
30,2163
29.98,4108
30.16,3513
30.13,4130
29.95,5566
30.01,2113
30,585
29.87,1495
29.96,1871
29.98,975
29.99,6018
30.16,2363
30.29,3168
30.2,2916
30.23,2605
30.46,9506
30.51,5038
30.5,4264
30.46,22562
31.29,8972
30.9,8691
30.88,4126
30.87,4941
30.62,3591
30.48,1504
30.44,3087
30.37,4780
30.29,10656
30.38,10697
30.3,7072
30.28,2615
30.27,1471
30.22,1503
30.32,1924
30.19,3494
30.46,3430
30.56,4258
30.87,7045
30.82,5857
30.57,12039
30.28,7467
30.35,6198
30.48,7155
30.42,11934
30.4,39625
30.78,1492
30.64,2682
30.36,3403
30.56,1417
30.19,53205
30.09,5884
29.99,1896
30.06,3276
30.02,1433
30,906
29.97,925
29.79,1600
29.85,445
29.8,407
29.75,1024
29.71,636
29.72,1547
29.8,1232
29.84,1200
30,6027
29.98,1310
29.93,2807
29.89,2905
29.95,3897
29.95,5238
29.97,77874
29.82,3261
30.3,8023
30.69,5826
30.89,3475
30.77,5624
30.7,5932
30.5,1944
30.56,3363
30.6,5460
30.59,3733
30.44,702
30.44,1323
30.52,4718
30.41,1833
30.42,529
30.33,621
30.4,942
30.47,1614
30.49,1638
30.5,1160
30.45,836
30.5,3417
30.45,2178
30.32,6390
30.44,8328
30.47,28413
30.52,3690
29.99,2496
29.64,900
29.78,2067
29.68,1809
29.56,6163
29.25,2850
29.28,5072
29.25,2968
29.56,3209
29.56,1455
29.59,3584
29.34,6206
29.13,14716
29.14,4428
29.14,4170
28.9,2757
28.79,4391
28.83,4830
28.77,12100
28.43,5992
28.54,3528
28.54,3304
28.67,4689
28.37,11116
28.3,18578
28.36,3316
28.79,9451
28.82,8269
28.97,1321
28.62,3340
28.73,600
28.7,1208
28.57,2612
28.62,6184
28.79,371
28.71,954
28.75,697
28.77,929
28.79,1381
28.55,3020
28.34,5744
28.41,2891
28.57,3638
28.68,3653
28.63,2680
28.71,2254
28.71,3456
28.64,1326
28.58,11920
28.52,3989
28.69,15540
28.45,11358
28.36,3911
27.84,6450
28.18,4755
28.42,3543
28.4,5389
28.47,3478
28.22,2000
28.15,2443
28.21,1210
28.34,500
28.29,200
28.25,300
28.06,926
28.02,914
28.19,1014
28.24,1125
28.24,600
28.21,1772
28.29,2063
28.26,2223
28.38,2249
28.4,2208
28.22,3070
28.25,3873
28.1,9977
28.94,1298
28.45,2863
28.65,2265
28.66,1425
28.67,2232
28.42,4344
28.27,2484
28.17,917
28.15,954
28.15,1004
28.03,1501
28.16,200
28.08,1622
28.12,1210
27.97,5658
28.02,3189
28.04,2994
28.05,1753
28.03,1787
27.96,9069
27.8,2529
27.71,3449
27.65,4582
27.45,6826
27.53,6618
27.63,30654
27.65,5773
27.42,2992
27.34,4137
27.62,1870
27.53,3948
27.29,1861
27.43,1020
27.41,1674
27.39,2990
27.41,2151
27.39,4513
27.36,5501
27.34,2555
27.37,2583
27.34,1074
27.32,1337
27.3,2193
27.19,1366
26.98,2797
26.95,2799
27.03,2099
27.08,1846
27.09,5197
26.98,1654
26.91,9368
26.88,30295
26.44,8343
26.32,2563
26.67,3088
26.64,1498
26.77,1099
26.63,1729
26.54,1625
26.62,233
26.54,405
26.56,2628
26.79,837
26.84,1001
26.78,3343
26.78,1120
26.68,2228
26.6,2144
26.58,1911
26.6,2433
26.67,1559
26.66,1829
26.6,1588
26.79,2054
26.78,4141
26.82,2951
26.92,3294
26.8,9708
27.48,5214
27.67,3384
27.83,8114
27.65,10820
27.3,4023
27.68,5315
27.48,3162
27.47,1653
27.34,1008
27.11,750
27.22,1493
27.15,2257
27.05,6435
27.03,1276
26.88,3088
26.82,3270
27.11,3565
27.1,1019
26.98,267
26.82,1555
26.79,2047
26.86,7170
26.97,11142
26.89,7531
27.26,9936
27.2,14938
27.38,575
27.14,2040
26.84,4679
26.61,2982
26.65,3619
26.77,597
26.8,1638
26.86,1026
26.91,1228
26.88,11473
26.94,10112
27.15,15559
27.12,5581
27.34,1086
27.18,1120
27.15,453
27.18,208
27.24,1225
26.98,5804
26.87,2586
27.04,2168
27.06,1469
27.02,1928
27.23,1470
26.91,5279
27,20812
27.14,5054
27.55,4498
27.39,6064
27.8,7995
28.05,4143
28.13,4520
27.95,3366
27.66,2320
27.57,1793
27.61,2643
27.81,4128
27.98,2480
27.95,2048
27.8,3121
27.7,2073
27.67,937
27.68,2744
27.68,2297
27.73,2981
27.76,2460
27.91,3283
28.07,3061
27.98,3317
27.95,3029
27.88,6515
28.02,18020
27.28,4691
27.65,775
27.84,1601
27.86,1701
27.54,5535
27.52,2607
27.43,5000
27.51,2608
27.63,2644
27.52,21936
27.58,3669
27.3,4113
27.17,5620
26.95,5603
26.88,3931
26.9,1266
27.12,2608
27.17,4782
27.29,1808
27.34,3240
27.37,2718
27.25,3577
27.33,3372
27.46,2764
27.48,6041
27.44,47825
27.72,6073
27.11,1209
27.27,3342
27.44,10018
27.5,1212
27.46,2616
27.5,5041
27.45,3682
27.73,7754
27.79,12822
27.69,6103
27.83,4435
27.88,14667
27.59,6965
27.55,3055
27.51,1906
27.36,1745
27.36,1982
27.47,2301
27.58,3645
27.46,2811
27.4,2402
27.5,2429
27.43,4533
27.47,5898
27.57,27507
27.58,4429
27.97,3537
28.15,2613
28.12,1276
27.87,1839
27.82,2967
27.77,14198
27.74,1920
27.69,1850
27.67,1067
27.75,6464
27.63,1042
27.62,2392
27.66,1982
27.63,1009
27.72,701
27.72,548
27.55,1254
27.73,1748
27.69,471
27.73,449
27.73,702
27.56,2219
27.48,1622
27.56,1931
27.46,10073
27.73,6670
27.35,3920
27.11,4459
27.19,10566
27.26,2625
27.22,1729
27.13,1281
26.96,7106
26.97,3337
26.99,3571
27,817
26.99,232
27.04,610
27.04,0
27.18,1531
27.25,1422
27.24,100
27.41,406
27.45,1096
27.54,5358
27.63,1681
27.67,1018
27.69,4302
27.6,3338
27.57,6739
27.53,18818
27.8,2554
27.64,6076
28.24,9358
27.96,3651
27.68,3526
27.55,1589
27.56,3030
27.59,2054
27.57,1024
27.72,1960
27.65,2272
27.6,2339
27.5,2092
27.36,1622
27.43,4217
27.43,2070
27.32,943
27.18,1660
27.21,1347
27.18,2158
27.35,1906
27.47,2358
27.63,3985
27.71,3955
27.82,7755
27.79,19094
28.12,2105
27.8,974
27.62,2535
27.49,980
27.75,2813
27.66,1036
27.59,745
27.68,3142
27.63,501
27.74,2608
27.94,1691
28.17,1320
28.02,1406
28.05,560
28.06,502
28.18,1361
28.14,401
28.34,1631
28.25,850
28.22,744
28.14,530
28.16,200
28.25,1000
28.24,1864
28.14,1409
28.24,6822
28.66,5780
28.57,404
28.48,1957
28.56,592
28.76,3043
28.61,866
28.42,1722
28.29,3361
28.51,2132
28.46,690
28.35,373
28.42,569
28.37,1952
28.23,400
28.31,828
28.28,218
28.37,1062
28.48,1050
28.36,1130
28.22,639
28.21,541
28.21,866
28.22,1202
28.23,2082
28.15,3325
28.25,8773
27.75,8618
26.57,14786
26.15,14157
25.51,33719
25.35,5800
25.34,5637
24.96,5674
25.11,9512
25.48,2737
25.37,20500
25.3,4705
25.43,1836
25.69,5817
25.75,2164
25.82,874
25.79,1464
25.76,2910
25.84,4297
25.87,1871
25.72,2308
25.9,2230
26.11,11121
25.94,12839
25.68,8384
25.52,5658
25.6,67660
25.53,9152
25.89,5265
25.51,6699
25.65,4988
25.73,3953
25.59,4720
25.71,4505
25.87,2814
25.89,3123
25.9,2791
25.9,2160
25.72,4556
25.76,8584
25.83,2035
25.86,1263
25.85,1493
25.89,2679
25.96,2651
25.89,655
25.88,1266
25.78,921
25.69,730
25.75,1901
25.67,3188
25.66,4887
25.6,14433
25.53,7070
25.61,2687
25.49,4677
25.31,3536
25.33,6270
25.08,6044
25.18,3442
25.41,2549
25.43,2793
25.42,1994
25.45,1910
25.35,3044
25.27,4312
25.38,1283
25.4,1119
25.4,2386
25.35,1457
25.33,2211
25.47,1592
25.37,1961
25.44,1428
25.42,1491
25.49,5772
25.4,7165
25.27,11022
25.21,25146
24.58,15579
24.3,15054
24.6,8012
24.55,5370
24.33,4957
24.39,2602
24.55,4668
24.22,7065
24.18,2273
24.13,5982
24.06,6276
24.12,2236
24.19,8044
24.15,3760
24.17,2022
24.23,4537
24.35,2205
24.41,4148
24.39,5739
24.16,10107
23.97,13388
24.06,5689
24.14,4215
24.3,4807
24.26,5798
24.12,36519
23.77,28820
23.97,5359
24.23,10997
24.35,10053
24.43,4389
24.22,6958
24.27,1052
24.67,1590
24.47,1221
24.63,19330
24.6,4174
24.67,1662
24.79,2728
24.98,950
24.79,808
24.89,858
24.85,3386
24.91,6443
24.9,9269
24.96,11643
25.02,17631
25.27,22242
25.41,39258
25.18,17417
25.27,28174
25.22,63072
25.37,23128
25.86,78978
26.06,78339
26.23,46106
25.73,62005
25.69,31951
25.9,6816
26.2,8064
25.89,1754
25.92,2182
26.13,1659
25.99,19629
25.98,2277
26.09,4865
26.25,3193
26.16,19299
26.15,1063
26.06,636
26.05,1941
25.98,4502
25.84,4791
25.82,5508
25.95,1897
25.97,3157
26.04,6729
26.17,29929
26.43,31684
27.31,22583
27.58,30320
28.22,35994
28.46,15128
28.15,4089
27.94,13469
28.3,9405
28.3,6972
28.26,5103
28.25,7587
27.85,3318
28.07,5923
28.24,5342
28.21,4977
28.27,2637
28.14,4384
28.13,6246
28.14,3899
28.09,4243
28.03,3426
28.13,6918
28.05,4338
28.03,4563
28.18,10805
28.19,26132
28.15,2106
27.79,2742
27.71,3842
27.68,1384
27.51,834
27.53,2267
27.65,1253
27.62,3517
27.82,3851
27.67,2383
27.68,1367
27.69,2227
27.69,2713
27.61,1047
27.43,2988
27.35,2556
27.23,1335
27.18,558
27.13,1138
27.05,608
27.1,1447
26.9,3804
26.87,1677
26.79,2350
26.78,5951
26.65,29197
26.77,1736
26.13,7377
25.97,6459
26.01,2507
25.93,3026
25.99,2647
25.91,100
25.65,429
25.61,1714
25.57,4236
25.83,2371
25.8,1193
25.88,506
25.82,3199
25.68,1184
25.78,206
25.87,667
25.92,1072
25.94,2369
26.12,1346
25.9,1838
25.99,1350
26.07,2384
26.07,3141
26.08,12333
26.16,41120
26.04,10558
25.85,4061
25.96,1736
26.29,1747
26.05,4354
26.22,1649
25.99,1804
26,1561
26.1,1635
26.01,1644
25.97,5879
25.84,2170
25.91,1734
25.86,1389
25.72,2539
25.91,2322
26.06,4075
26.22,1877
26.32,2502
26.18,1272
26.14,2377
26,3479
26.11,3567
26.09,3014
26.11,8574
25.93,32644
26.23,2799
26.19,3897
26.11,2145
26.14,2625
26.13,1024
26.18,772
26.16,2092
26.22,1295
26.35,209
26.43,503
26.46,1912
26.67,1789
26.76,1696
26.88,1038
26.96,2303
26.82,2681
26.77,3451
26.56,4109
26.57,1543
26.59,3219
26.58,1536
26.68,3516
26.59,4214
26.63,2341
26.61,3356
26.62,12467
26.42,1166
26.52,2469
26.73,4490
26.75,1435
26.83,2204
26.77,854
26.74,1226
26.74,3033
26.84,1736
26.9,3403
26.92,6227
26.79,1955
26.79,119
26.89,884
26.99,1987
26.95,723
26.99,500
26.95,1016
26.96,1085
27.04,600
27.05,2719
27.15,3519
26.99,1497
27.11,2892
27.23,4084
27.28,17170
27.56,2501
27.67,4774
27.43,5718
27.46,4780
27.39,4263
27.66,5011
27.46,2131
27.59,4618
27.8,8447
28.01,1629
27.78,4938
27.92,4735
28.05,1158
27.67,3121
27.64,2958
27.68,2065
27.76,1345
27.69,3777
27.54,3709
27.7,2265
27.72,2196
27.66,2606
27.56,2533
27.58,3197
27.59,8819
27.67,34797
28.19,2957
27.8,4947
28.07,5015
28.15,1858
28.26,1990
27.98,1393
27.91,621
27.77,733
27.69,2110
27.33,418
27.28,1918
27.07,1727
26.96,492
26.98,2675
27.03,3048
26.74,2279
26.66,2415
26.6,1033
26.71,3239
26.85,2602
26.99,3072
27.04,2194
26.88,1929
26.83,2632
26.68,5531
26.48,15484
26.07,2735
26.18,1773
25.98,5785
26.02,3163
26.29,2556
26.34,1435
26.17,2119
26.1,3640
25.97,1398
25.93,876
26.09,1571
26.32,829
26.24,2132
26.09,1033
26.14,2173
26.23,693
26.24,517
26.31,501
26.36,2125
26.41,3758
26.45,1126
26.42,4217
26.36,3209
26.44,3127
26.39,3089
26.4,15813
26.46,6956
26.63,7446
26.56,15385
26.81,5216
26.8,4844
26.6,5816
26.74,8721
26.84,2866
26.91,771
27,1820
27.06,910
27.06,200
27.14,334
27.09,1828
27.13,365
26.89,100
26.96,908
26.96,1042
27.07,2194
26.97,1234
27.02,917
27.18,2912
27.12,777
27.1,5430
27,2194
26.89,9608
27.21,4336
27.06,6918
27.12,8723
27.16,10117
27.07,3411
27.11,1404
27.13,886
27.19,370
27.24,1202
27.17,1690
27.07,3081
27.06,208
26.94,300
26.94,414
26.96,881
26.96,200
26.96,3244
26.96,2812
26.9,1077
26.85,693
26.76,1739
26.66,16449
26.73,1926
26.76,2008
26.8,3861
26.86,17193
26.57,6119
26.54,5030
26.4,7034
26.33,6590
26.47,5725
26.38,2990
26.45,4227
26.53,1717
26.64,1396
26.7,808
26.51,1537
26.65,4172
26.81,2503
26.97,762
26.82,4059
26.68,2917
26.68,1934
26.67,1946
26.63,878
26.55,659
26.49,784
26.56,747
26.58,4282
26.56,4886
26.72,7451
26.78,16179
26.55,12212
26.34,31519
25.75,22190
26.17,12137
25.81,12836
26,7289
25.93,5574
26,6993
25.91,1944
25.9,824
25.84,1137
25.86,1318
25.82,805
25.93,2617
25.94,3092
26.05,2567
26.2,2700
26.22,1650
26.15,1169
26.13,2744
25.93,4904
25.94,4240
25.95,2998
26.13,5906
26.04,4181
26,10550
25.79,10494
24.95,16216
24.54,7111
24.47,5754
24.85,5469
24.87,8538
24.58,4265
24.96,6827
25.33,6955
25.43,2952
25.29,1391
25.36,4233
25.24,1608
25.32,1080
25.42,3555
25.51,1463
25.42,462
25.58,2809
25.5,808
25.34,976
25.34,3673
25.38,4908
25.49,2335
25.49,2266
25.51,3543
25.43,24356
25.57,3202
25.77,3055
26.04,3139
26.11,2187
25.96,2855
25.72,1017
25.78,580
25.77,1129
25.84,320
25.61,100
25.62,1208
25.66,1459
25.75,709
25.79,835
25.77,1404
25.77,0
25.77,0
25.75,768
25.88,1597
25.79,729
25.95,658
25.96,1520
26.01,4439
25.94,2722
26.05,2246
26.07,9484
25.8,4101
26.26,16144
26.29,7252
26.58,10004
26.62,5868
26.72,1474
26.82,7359
26.89,2976
26.91,14148
26.78,4639
26.75,4107
26.78,1542
26.81,1134
26.73,5084
26.63,1223
26.61,1503
26.61,1951
26.59,3329
26.6,5644
26.49,4357
26.52,2349
26.48,2467
26.64,2240
26.74,3432
26.72,5513
26.78,21247
26.28,2924
26.53,2824
26.47,1592
26.52,2421
26.43,11186
26.78,3474
26.87,300
26.85,2146
26.74,1708
26.85,6716
26.87,1081
26.86,4246
26.82,955
26.82,1574
26.76,2283
26.69,4651
26.69,3505
26.65,2013
26.6,4018
26.59,1902
26.65,1552
26.66,1022
26.72,1675
26.79,2695
26.79,0
26.69,8645
26.57,2227
26.53,1746
26.59,3426
26.57,1533
26.64,4033
26.72,2676
26.49,3034
26.13,834
26.07,1386
26.02,624
25.74,817
25.71,1255
25.91,1890
25.85,2303
26,1151
26.02,1056
26.15,866
26.02,673
26.02,2495
26.13,1047
26.03,3127
26.3,2131
26.31,1858
26.48,5082
26.52,4127
26.71,13935
26.53,2100
26.37,2645
26.19,4149
26.1,2057
26.16,1826
26.29,2039
26.52,1024
26.62,971
26.62,1804
26.67,417
26.6,1574
26.76,100
26.88,498
26.89,1509
26.79,2578
26.95,8727
27.05,1987
27.13,722
27.14,1965
26.98,2525
26.79,2142
26.88,1663
26.81,3109
26.72,5576
26.7,10467
27.05,17657
27.3,5760
27.3,4357
27.32,2744
27.3,2810
27.33,3098
27.41,2406
27.32,2491
27.41,2525
27.43,2686
27.17,941
27.31,330
27.47,3320
27.52,1722
27.47,483
27.37,1779
27.26,1000
27.38,952
27.2,4965
26.97,2321
26.96,2858
26.84,4765
26.85,2763
26.74,5218
26.71,6836
26.71,11300
26.67,16841
26.87,1756
26.39,967
26.31,3886
26.38,5134
26.15,3837
26.06,7545
26.3,3622
26.35,1939
26.63,7101
26.77,5120
26.87,2509
26.83,2505
26.95,1069
26.96,2125
27.03,5874
26.83,1520
27,1243
26.78,1376
26.79,2487
26.77,4598
26.88,3756
26.89,2545
26.87,2453
26.82,3951
26.73,1748
26.67,22304
27.34,25895
27.18,26353
26.8,6290
25.88,21185
25.76,7752
25.91,5810
25.82,5992
25.9,7329
25.91,6139
26.13,4679
26.2,1497
26,1211
25.92,3391
26.32,4818
26.48,4494
26.68,871
26.24,1539
26.09,3714
26.2,3953
26.49,3946
26.79,3407
26.81,2211
26.77,5340
26.72,7173
27.02,12620
26.92,24273
26.72,3137
26.12,8784
26.35,8804
26.2,15573
25.96,4357
25.78,7679
25.86,6549
25.48,4693
25.4,3459
25.36,7654
25.33,6328
25.3,3722
25.06,7608
25.16,2418
25.22,7355
25.29,6668
25.29,4523
25.28,4259
25.1,2491
25.08,2323
25.07,976
25.08,1280
24.99,1895
25.09,3056
24.99,8157
24.86,15577
24.62,7019
24.87,2604
24.63,4786
24.84,1902
24.7,3310
24.68,3846
24.65,3644
24.61,1585
24.62,861
24.6,1501
24.34,4022
24.57,2618
24.58,2654
24.53,2979
24.68,1079
24.63,1348
24.64,4395
24.75,5142
24.79,1137
24.67,1084
24.64,712
24.69,1419
24.7,3625
24.76,2165
24.81,2349
24.63,8880
24.6,6692
24.62,6829
24.33,9248
24.44,8789
24.65,11538
24.86,6135
24.59,7761
24.56,1266
24.71,2027
24.84,2351
24.83,1492
24.71,1476
24.88,758
24.89,1024
25,5145
25,3682
24.98,9639
24.87,4746
24.8,5201
24.82,3265
24.84,2117
24.94,3812
25,4719
25.08,3090
25.19,12201
25.25,22249
25.31,25617
24.92,9661
24.96,4384
25.05,10504
25.35,10442
25.26,6189
25.22,4692
25.27,7300
25.21,8961
24.97,4039
25.16,8516
25.35,4069
25.35,12634
25.5,12467
25.37,4809
25.3,3040
25.27,2570
25.18,2212
25.15,2547
25.35,4271
25.31,3353
25.3,7339
25.39,7114
25.09,5996
25.15,7835
25.25,32472
26.62,67885
25.91,34523
26.54,51761
25.93,47106
25.93,15122
26.15,9673
26.28,37310
26.8,28389
26.06,10854
26.13,5268
25.89,8142
26.32,6511
26.52,6523
26.77,8657
27.06,10154
27.32,7950
27.71,21275
27.42,12248
27.67,17497
27.63,11578
27.55,10097
27.89,8342
27.91,9027
27.94,13124
28.13,23616
28.61,62128
28.44,31323
28.9,12894
28.56,17789
28.88,9114
28.88,15619
28.93,6930
28.59,8631
28.71,10401
28.56,18646
28.65,6647
28.67,11374
28.5,10726
28.38,1506
28.4,4061
28.21,9994
28,5435
28.21,4669
28.32,2695
28.36,3596
28.23,2932
28.18,1380
28.26,2311
28.25,4780
28.19,23722
28.08,26087
27.98,43002
28.31,14838
28.74,10742
28.59,12521
28.48,8667
28.52,7064
28.49,27856
28.8,18620
28.91,14127
28.94,20344
29.09,13555
28.83,6455
28.86,8539
28.76,6142
28.82,3097
28.9,1466
28.77,3771
28.59,2344
28.71,6094
28.75,5335
28.88,5553
28.83,4357
28.76,8777
28.63,7229
28.56,7422
28.49,17995
28.38,18635
27.97,7753
28.08,13965
27.68,16006
27.55,26320
27.39,107086
27.36,10870
27.24,6986
27.34,8693
27.34,11812
27.27,9333
27.38,8107
27.46,3816
27.4,2843
27.34,2559
27.22,6324
27.29,2943
27.23,2279
27.09,3614
27.05,5897
26.85,2254
26.99,3430
27.04,4640
27.06,6744
27.09,4668
27.13,4265
27.22,14345
26.77,3015
26.65,9862
26.11,7273
25.62,6147
25.48,5710
25.69,5364
25.8,6425
25.73,7089
25.63,2651
25.46,3862
25.21,4633
25.23,3555
25.1,3649
25.15,1866
25.15,2099
25.15,6340
24.96,4101
25.01,1942
24.96,3571
25.06,3599
25.01,2032
25.06,3433
25.06,4102
25.08,4494
25.03,9128
25.03,17541
24.58,7299
24.6,3083
24.69,14061
24.55,2551
24.89,3139
24.82,4991
24.96,1211
24.78,2134
24.82,2162
24.58,4217
24.91,2116
24.91,3997
24.96,1933
25.08,3306
25.25,1640
25.37,2421
25.37,4667
25.49,3345
25.42,5126
25.32,5366
25.3,4436
25.11,4478
25.05,3421
25.03,8162
25.03,9288
25.15,18332
25.52,3451
25.55,5140
25.44,1425
25.2,2467
25.21,3379
25.28,3498
25,2958
25.02,2143
24.73,2876
24.83,3780
24.74,3191
24.86,3712
24.92,2877
25.02,1659
24.98,3282
24.95,985
24.96,2219
25.1,2513
25.13,2995
25.21,1949
25.24,3676
25.2,1291
25.17,2527
25.25,2262
25.28,6033
25.23,12072
24.95,4812
24.68,3909
25.01,4490
24.9,5921
24.95,2984
25.01,2078
25.04,3626
25.11,4009
25.2,3628
25.25,2528
25.2,1977
25.17,2803
25.25,2981
25.05,3013
25.03,2725
25.02,359
25.01,874
25.01,3513
25.05,1229
25.05,1372
25.05,1658
25.06,3795
25.24,5704
25.34,8063
25.24,4507
25.19,16564
25.28,4724
25.49,2092
25.43,3045
25.62,2244
25.41,3640
25.38,3266
25.33,2681
25.31,1647
25.35,1305
25.4,1159
25.54,866
25.6,2029
25.69,2071
25.74,5346
25.65,2279
25.67,2105
25.68,2220
25.64,767
25.75,2271
25.84,3085
25.79,3138
25.6,3511
25.59,1219
25.6,4229
25.58,7264
25.6,17692
25.74,5613
25.9,5191
25.82,2177
25.88,1719
25.86,3130
25.64,5928
25.8,3666
25.9,1333
26.06,2209
26.14,3223
26.23,3691
26.28,4444
26.36,2241
26.4,1077
26.41,1578
26.41,1086
26.49,1376
26.47,2451
26.4,560
26.43,1229
26.44,1732
26.43,2339
26.33,2561
26.27,5289
26.26,5809
26.23,12524
26.49,2147
26.36,2095
26.49,3140
26.39,3972
26.42,9202
26.81,3502
26.5,1941
26.42,1112
26.37,1104
26.3,983
26.4,2929
26.4,1517
26.48,4920
26.65,1526
26.7,1089
26.64,910
26.61,1537
26.59,1538
26.63,786
26.69,953
26.59,110
26.57,422
26.62,1060
26.66,1970
26.67,1360
26.72,10780
26.52,1663
26.39,2321
26.65,1149
26.48,2077
26.49,124
26.39,690
26.5,1500
26.47,237
26.48,1152
26.55,797
26.59,672
26.46,1203
26.58,2073
26.69,577
26.67,456
26.6,1201
26.57,754
26.55,2200
26.69,1991
26.72,1650
26.77,1292
26.73,632
26.75,1968
26.75,1940
26.72,2704
26.61,14763
26.47,8311
26.97,4286
26.84,7557
26.89,5519
27.08,6379
27.19,4391
27.31,3309
27.25,1854
27.07,1170
27.07,1817
27.19,2743
27.25,5285
27.29,1607
27.27,5600
27.28,5321
27.26,2996
27.27,6045
27.3,5623
27.32,3179
27.29,4173
27.22,1882
27.02,5102
27.07,6078
26.99,9394
26.9,8307
26.89,16158
25.99,15360
25.31,5688
25.4,4282
25.61,3224
25.53,4169
25.6,1794
25.36,3723
25.53,2348
25.82,1339
25.88,1341
25.93,1677
25.8,1939
25.78,3026
25.65,3000
25.51,2359
25.4,3015
25.35,2555
25.31,1642
25.36,3385
25.29,4933
25.31,5031
25.41,2936
25.32,5499
25.25,5004
25.21,4759
25.33,13799
25.07,10049
25.3,1289
25.19,1442
25.03,1121
25.16,2145
24.93,2360
24.87,2915
24.95,3212
24.93,2485
25.2,426
25.33,458
25.42,934
25.39,495
25.41,566
25.42,702
25.31,105
25.26,1274
25.14,1261
25.12,2020
25.2,255
25.18,412
25.14,2242
25.15,2256
25.26,1099
25.28,2660
25.33,7529
25.1,1574
24.99,2668
25.2,1761
25.31,910
25.47,2169
25.39,1358
25.35,1731
25.32,1430
25.3,1146
25.28,1475
25.06,784
24.99,801
24.88,2632
24.9,800
24.99,730
24.89,2786
24.8,2728
24.77,2039
24.77,1647
24.8,851
24.84,1037
24.79,1067
24.78,1036
24.74,3473
24.77,1405
24.9,18434
25.17,310
25.18,1258
24.94,819
25.01,562
24.99,2123
25.16,573
25.04,909
24.87,2193
24.85,2080
24.82,1960
24.67,6997
24.7,7768
24.82,5690
24.81,2057
24.89,6321
24.95,4651
24.93,5438
24.93,8114
24.9,9590
25.01,4707
24.95,4205
25,5908
24.87,12235
24.78,14537
24.7,12253
24.86,18845
24.41,8050
24.58,9467
24.62,3251
24.54,5228
24.61,5330
24.51,7209
24.76,7274
24.87,2760
24.97,4228
24.93,4173
24.7,1688
24.79,1876
24.78,1449
24.71,2989
24.61,2776
24.56,7298
24.37,4333
24.21,2937
24.29,7703
24.39,5317
24.44,2981
24.46,1309
24.39,3708
24.48,2876
24.47,6188
24.48,16849
23.82,8239
23.94,3760
23.84,4095
24.21,1973
24.33,1634
24.63,2409
24.73,2490
24.63,1920
24.67,2462
24.51,1558
24.54,2492
24.41,3943
24.11,1896
24.11,1222
23.91,2379
24.05,2132
23.99,1799
24.03,2893
24.19,2115
24.19,5029
24.23,3957
24.1,2358
24.07,5093
24.04,3902
23.98,5953
23.9,21655
24.11,2516
24.13,3250
24.3,4272
24.46,1266
24.38,1544
24.31,3195
24.16,356
24.2,954
24.21,1715
24.17,2250
24.15,400
24.18,1435
24.11,1368
24.19,2378
24.26,1313
24.21,1892
24.02,301
23.98,701
23.94,1099
23.87,3376
23.91,923
23.76,1569
23.62,7775
23.41,3422
23.31,2277
23.46,25578
22.32,19340
21.99,11961
22.16,11471
22.33,16687
22.43,4731
22.22,4619
22.19,3811
22.03,1866
22.03,2269
21.96,4378
21.96,14874
21.91,6675
21.92,1475
21.66,3162
21.62,3760
21.62,3401
21.54,1756
21.56,4255
21.71,6792
21.53,3844
21.71,3954
21.73,1495
21.8,8373
21.78,3449
21.86,5356
21.87,19598
21.3,11303
21.71,20768
21.87,7462
21.62,5053
22.07,9506
22.22,8624
22.48,6858
22.42,3135
22.46,3834
22.29,3568
22.42,2939
22.37,1119
22.42,1750
22.28,10523
22.61,6026
22.59,2436
22.59,914
22.49,1624
22.45,1817
22.21,2501
22.29,3190
22.32,2345
22.38,3753
22.37,1674
22.47,3302
22.49,23277
22.39,3992
22.26,7528
22.15,14158
22.02,3040
21.9,6540
21.84,4940
21.98,5327
22.07,4242
22.09,7369
22.12,8560
22.39,8787
22.34,8964
22.27,4601
22.26,2729
22.36,5900
22.43,4906
22.24,2563
22.22,3419
22.3,2088
22.19,2174
22.16,3468
22.07,3643
22.18,4288
22.21,3486
22.31,5813
22.35,30399
22.62,16606
22.82,3943
22.82,5677
22.92,6090
23.11,8208
22.92,7879
23.06,4936
22.99,2945
23.06,752
23.04,3980
22.93,1096
22.84,1346
22.89,756
22.81,1366
22.86,2194
22.83,711
22.76,808
22.76,906
22.67,1358
22.59,577
22.7,1618
22.72,1309
22.8,2210
22.66,954
22.72,1556
22.68,10060
23.44,3979
23.35,7040
23.47,4213
23.07,702
23.02,2207
23.02,6587
22.83,331
22.95,1641
22.96,1333
22.79,950
22.8,1497
22.88,1206
22.9,1246
22.8,2678
22.78,481
22.83,3273
23.02,1849
23,941
22.86,1657
22.95,2729
22.94,1281
22.89,2708
22.83,2861
22.82,4423
22.69,4648
22.77,14352
22.35,1748
22.6,3869
22.63,1858
22.87,1285
22.87,0
22.76,392
22.86,805
22.89,640
22.82,703
22.8,661
22.8,0
22.68,1067
22.76,462
22.85,1163
22.8,1352
22.8,4753
22.86,1246
22.81,3430
22.81,1918
22.94,1510
23.01,2400
23.18,1616
22.95,2741
22.83,2936
22.98,3313
22.83,13105
22.73,1406
22.88,2270
22.96,2005
23.06,1319
23.12,13212
23.19,1092
23.24,792
23.26,3115
23.15,3930
23.14,11615
23.1,6704
23.02,4075
23.06,2324
22.9,2843
22.94,3710
22.85,5235
22.79,2043
22.8,970
22.86,812
22.8,1817
22.65,599
22.44,303
22.58,2277
22.62,985
22.52,1623
22.72,9633
22.37,5446
22.14,4045
22.37,2074
22.44,617
22.6,2096
22.45,6337
22.49,1243
22.38,205
22.48,2492
22.74,1137
22.91,456
22.8,267
22.96,1066
22.92,1730
23.14,1747
23.16,300
23.16,366
23.16,1091
23.1,1009
23.14,1145
23.16,708
23.28,953
23.27,1140
23.34,468
23.37,4063
23.29,16267
23.18,2490
23.04,5772
23.47,8262
23.4,3489
23.32,1730
23.34,1051
23.26,2117
23.17,1501
23.27,340
23.27,1551
23.29,996
23.44,1187
23.46,1637
23.44,1048
23.47,416
23.48,495
23.53,1084
23.65,1315
23.7,858
23.76,3231
23.91,2208
23.91,1941
23.91,4191
23.79,2896
23.83,4939
23.86,10860
24.06,9402
24.15,4318
24.39,6047
24.47,3570
24.21,8756
24.19,1603
24.28,1917
24.43,2150
24.4,1594
24.38,1068
24.55,1310
24.52,2766
24.64,1400
24.75,782
24.78,1554
24.65,1409
24.58,2504
24.54,1245
24.6,598
24.6,1882
24.56,1208
24.59,1305
24.71,2920
24.77,5430
24.66,8490
24.55,23123
24.62,3168
24.61,1049
24.82,326
24.57,2770
24.48,588
24.34,695
24.39,3770
24.38,1048
24.21,465
24.31,977
24.2,1205
24.29,537
24.23,522
24.14,515
24.17,201
24.25,819
24.21,1383
24.27,110
24.18,1120
24.22,241
24.17,786
24.17,1063
24.15,1690
24.23,1718
24.18,890
24.18,0
24.06,12779
23.82,4933
23.67,3991
23.49,4885
23.47,7639
23.52,8633
23.48,2293
23.4,3250
23.4,3524
23.52,1973
23.65,2470
23.71,3429
23.69,1558
23.75,6814
23.76,1869
23.78,2404
23.74,5072
23.6,4894
23.67,2878
23.66,1535
23.7,5311
23.65,4357
23.79,8952
23.96,7905
24.12,6679
24.17,12665
24.5,4278
24.69,3291
24.62,2565
24.71,1515
24.62,1173
24.53,1424
24.54,2152
24.54,422
24.6,926
24.51,1145
24.53,2096
24.43,1908
24.47,624
24.5,100
24.51,426
24.49,1268
24.5,378
24.5,1437
24.47,1290
24.36,423
24.35,745
24.36,1082
24.31,1227
24.29,1499
24.34,3684
24.35,24174
25,24765
24.78,13567
24.52,9583
24.76,6034
24.79,7173
24.61,7598
24.38,8011
24.15,12110
24.33,6517
24.31,3950
24.35,3073
24.44,4642
24.57,3447
24.54,1610
24.6,4702
24.64,4978
24.53,5334
24.64,6213
24.86,6338
24.83,6709
24.89,4624
24.91,3805
24.98,12963
25.17,30260
25.3,11408
25.26,47839
24.89,4119
24.4,3710
24.54,8959
24.88,1700
24.72,1481
24.75,1901
24.72,1574
24.55,3855
24.47,2770
24.31,1266
24.31,500
24.22,1045
24.5,854
24.53,800
24.61,347
24.64,300
24.66,689
24.62,1009
24.73,1279
24.8,705
24.71,325
24.68,201
24.62,1301
24.63,1000
24.52,1564
24.54,7322
24.67,2934
24.67,4779
24.72,4706
24.59,1808
24.5,1644
24.42,1630
24.46,888
24.4,1163
24.34,3738
24.29,7444
24.41,848
24.54,1114
24.54,0
24.54,0
24.7,400
24.72,1629
24.61,1443
24.52,200
24.59,1437
24.72,1864
24.76,1585
24.8,1256
24.77,1930
24.81,4347
24.78,3346
24.82,10279
24.71,852
24.38,800
24.5,225
24.51,511
24.5,1774
24.46,2181
24.33,1025
24.31,701
24.35,202
24.46,435
24.53,133
24.53,0
24.54,636
24.47,521
24.47,531
24.42,324
24.43,936
24.32,1120
24.32,1257
24.32,917
24.37,1009
24.35,1314
24.28,554
24.32,2453
24.33,2518
24.26,16885
24.56,3937
24.62,1970
24.38,3480
24.35,2158
24.46,2234
24.51,3881
24.49,4738
24.5,2125
24.53,1305
24.4,2488
24.19,1929
24.17,710
24.19,2411
24.25,2603
24.25,2488
24.2,1929
24.25,1410
24.26,1313
24.41,1325
24.45,500
24.4,701
24.31,632
24.32,900
24.26,303
24.19,1150
24.19,5951
24.35,613
24.36,1101
24.29,4538
24.46,2807
24.35,3058
24.27,4218
24.36,1951
24.5,1150
24.48,7395
24.68,3597
24.69,4214
24.66,5654
24.64,3765
24.63,5984
24.65,2274
24.57,2932
24.58,1288
24.52,479
24.49,1248
24.55,2622
24.45,2045
24.39,4913
24.4,2700
24.43,1547
24.45,2873
24.39,14668
24.11,5376
24.11,1092
24.35,1419
24.44,1343
24.39,733
24.25,309
24.11,682
24.16,436
24.07,623
24.21,2017
24.22,1915
24.3,701
24.43,201
24.43,0
24.46,943
24.52,1263
24.55,712
24.42,588
24.38,200
24.42,1601
24.34,524
24.28,950
24.33,313
24.25,513
24.2,2662
24.13,10412
24.44,545
24.58,1193
24.49,998
24.48,1315
24.58,1114
24.62,439
24.55,110
24.57,935
24.57,0
24.58,410
24.6,1026
24.6,941
24.61,1736
24.61,210
24.69,210
24.7,110
24.7,318
24.7,451
24.62,610
24.5,305
24.56,528
24.56,0
24.61,713
24.58,1160
24.57,734
24.5,10864
24.5,400
24.63,204
24.46,739
24.37,1882
24.13,2952
23.98,2201
23.94,1989
23.92,1521
23.87,2393
23.85,2815
23.85,3273
23.86,892
23.81,1686
23.91,1499
23.94,1830
24.08,695
24.02,1108
24.03,725
24.04,472
24.04,1350
24.14,586
24.1,2274
24.15,507
24.04,2468
24.13,1263
24.13,4947
26.32,26407
26.11,11381
26.32,13230
25.89,10776
25.7,7754
25.35,6134
25.6,1835
25.19,3038
25.3,3925
25.25,1917
25.09,2302
24.98,2138
25.37,1898
25.56,2150
25.64,2330
25.74,1500
25.68,910
25.66,1002
25.62,1415
25.4,3721
25.41,2310
25.41,1202
25.3,1765
25.32,1476
25.41,3836
25.38,12007
24.78,1356
25.6,3563
25.38,2788
25.13,2136
25.01,2957
24.98,437
25.07,1631
24.97,3762
24.84,3111
24.8,924
24.81,2239
24.97,2517
24.85,2127
24.78,2138
24.87,1153
24.92,941
24.94,1419
24.95,2616
24.81,658
24.91,1250
24.96,1916
24.87,987
24.91,1657
24.97,1661
25,3737
25.06,13863
24.63,4001
24.6,3486
24.51,1321
24.64,2471
24.83,3638
24.89,3293
25.02,938
24.99,853
24.94,334
24.88,1346
24.93,1158
24.84,1848
24.86,3118
24.97,532
25,884
25.02,4493
25.03,1221
24.96,716
24.96,1136
24.92,309
24.84,307
24.84,1900
24.86,3000
24.95,5938
24.97,3343
24.88,6755
24.55,1521
24.58,2929
24.42,2705
24.56,1596
24.48,916
24.34,1277
24.35,651
24.21,4561
24.2,262
24.19,2077
24.15,3687
24.17,1718
24.06,4393
24.11,1375
24.19,3533
24.06,3913
24.17,3000
23.94,3067
23.91,2910
23.87,1318
23.89,2341
23.85,2708
23.77,4378
23.75,3544
23.8,22908
23.79,34516
23.41,23440
23.31,17932
23.41,10971
23.46,5000
23.36,11189
23.1,11188
23.3,4168
23.21,2931
23.26,1067
23.22,836
23.15,1335
23.15,2406
23.15,1553
23.15,918
23.15,910
23.22,809
23.12,623
23.15,1896
23.23,604
23.22,1217
23.17,3626
23.14,1819
23.15,1504
23.11,4581
23.1,2999
23.1,13889
23.09,2574
22.95,2401
23.22,1281
23.41,1294
23.43,2490
23.32,1214
23.25,2457
23.28,158
23.37,1011
23.32,3577
23.4,7482
23.54,1691
23.46,375
23.47,844
23.47,190
23.5,607
23.54,354
23.56,423
23.54,100
23.58,798
23.66,647
23.72,458
23.71,522
23.74,3009
23.81,1270
23.66,9155
23.17,6231
23.12,2471
23.33,2716
23.14,1601
23.14,1438
23.09,4492
23.28,1546
23.24,299
23.21,830
23.11,1496
23.1,2340
23.12,1161
23.22,547
23.25,865
23.2,498
23.03,4191
23.05,1354
22.92,845
23.04,512
23.04,1059
23.06,869
23.03,1901
22.95,1957
22.9,2865
22.92,3094
22.92,15320
23.03,2284
23.02,7390
22.76,345
22.72,2880
22.65,2412
22.71,2197
22.81,506
22.79,3710
22.59,1502
22.65,205
22.64,302
22.63,815
22.7,200
22.68,100
22.66,900
22.61,1277
22.47,1217
22.63,2718
22.53,2153
22.38,1249
22.39,2727
22.33,6712
22.39,4667
22.42,5022
22.49,6519
22.4,18485
22.43,16753
22.68,4760
21.94,7467
22.14,8611
22.01,17793
21.9,10713
22.29,9757
22.39,2321
22.67,5072
22.86,4997
22.98,4981
22.76,2968
22.83,1263
22.81,2665
22.76,5732
22.83,2723
23.19,4415
23.12,4532
23.22,4006
23.07,3281
23.25,2928
23.16,4953
23.26,7422
23.4,7699
23.38,17599
23.01,27452
22.94,3309
22.85,3533
22.85,8751
22.82,1946
22.81,3082
22.74,2462
22.93,2709
22.87,1176
22.83,2691
22.97,2994
23.14,3314
22.99,2907
22.98,1412
22.85,1874
22.72,3949
22.82,1823
22.79,1830
22.78,1065
22.83,2773
22.8,2163
22.71,2475
22.71,1975
22.77,3882
22.89,4978
22.93,13456
22.98,40379
22.97,3494
23.06,2726
22.92,3292
23.08,2503
23.11,1777
22.97,552
22.88,818
22.91,878
22.92,749
22.89,1925
22.89,1340
22.77,2372
22.9,254
22.88,983
22.85,858
22.81,1319
22.72,1170
22.82,710
22.8,205
22.72,998
22.78,2243
22.71,1840
22.74,1582
22.66,1268
22.64,8669
22.61,21114
22.58,2671
22.92,890
22.68,3733
22.45,5621
22.26,9381
22.28,6976
22.22,2877
22.19,3249
21.97,1969
22.12,2045
22.09,2638
22.02,2446
22.08,2545
22.14,3054
22.17,7573
22.18,7153
22.25,2375
22.27,3247
22.16,1792
22.11,3656
22.24,1026
22.23,4223
22.27,2983
22.29,5388
22.26,6797
22.31,22609
22.22,2054
22.33,3314
22.32,885
22.26,6041
22.23,530
22.11,2170
22.28,1256
22.07,475
22.04,790
21.98,955
22.21,2729
22.15,1529
22.06,511
22.1,253
22.09,674
21.99,1181
21.97,521
21.94,212
21.96,906
21.95,660
21.89,3977
22.04,3563
22.03,3851
21.91,2100
21.74,5606
21.57,18433
21.47,4051
21.35,5960
21.5,2766
21.54,5270
21.18,2289
21.16,1487
21.21,825
21.45,2378
21.21,1726
21.22,330
21.13,366
21.19,600
21.11,794
21.18,301
21.28,200
21.32,739
21.35,321
21.33,400
21.3,521
21.29,373
21.28,903
21.28,806
21.39,1395
21.28,1957
21.28,3208
21.18,12607
21.68,4022
21.61,793
21.65,1780
21.69,1748
21.73,3592
21.85,1207
21.96,5771
21.85,400
21.84,875
21.7,200
21.68,600
21.61,2136
21.67,448
21.73,1625
21.87,1201
21.73,1068
21.73,2910
21.76,1042
21.74,3338
21.74,1537
21.73,867
21.89,1606
21.89,2286
21.95,2639
21.94,5669
22,14949
22.4,1723
22.3,3234
22.14,387
22.19,1274
22.18,2200
22.33,2614
22.4,2299
22.36,1301
22.33,2050
22.27,548
22.21,100
22.27,202
22.26,504
22.22,1270
22.2,1498
22.09,1271
22.12,960
22.07,1084
22.13,1444
22.05,921
22.09,2207
22.17,1479
22.19,1996
22.09,3715
22.08,4180
22.21,7742
22.1,1213
22.24,1180
22.34,3020
22.1,2327
22.06,2734
22.26,885
22.23,1037
22.26,812
22.19,961
22.24,900
22.31,1008
22.36,1434
22.34,400
22.27,3979
22.22,1163
22.21,2655
22.26,1426
22.39,518
22.43,596
22.41,650
22.38,632
22.36,887
22.34,1630
22.35,2277
22.35,4448
22.3,7535
22.56,2057
22.19,4092
22.01,6702
21.95,3326
21.95,3167
21.85,3030
22.11,1758
22.25,1216
22.15,1523
22.02,1408
21.97,1288
22.16,827
22.16,606
22.14,1621
22.17,903
22.14,814
22.09,309
22.12,1358
22.2,700
22.23,1536
22.27,617
22.29,861
22.24,1936
22.32,1145
22.35,2706
22.36,5543
21.81,1779
21.75,5010
21.65,2160
21.5,2264
21.32,949
21.36,2583
21.56,1562
21.55,700
21.68,400
21.61,1757
21.51,1292
21.47,2016
21.61,616
21.6,599
21.61,1896
21.63,3143
21.69,2212
21.65,594
21.63,4327
21.69,987
21.67,1711
21.67,2525
21.68,2511
21.68,1765
21.61,4518
21.58,7466
21.67,1574
21.78,2175
21.87,3542
21.73,3546
21.6,2963
21.64,406
21.71,1070
21.71,0
21.64,1168
21.59,331
21.48,596
21.46,453
21.46,754
21.39,348
21.4,1304
21.38,569
21.49,938
21.5,921
21.5,837
21.41,2510
21.49,2022
21.56,4969
21.53,4606
21.55,2111
21.54,5736
21.6,8123
21.89,1499
21.73,1849
21.88,601
21.95,670
21.92,2399
21.85,718
21.72,1645
21.72,404
21.68,1653
21.8,214
21.79,2360
21.84,640
21.81,300
21.83,600
21.87,523
21.9,744
21.9,441
21.92,334
21.92,0
21.92,0
21.88,200
21.88,207
21.9,923
21.79,2849
21.75,2035
21.75,6635
21.51,1797
21.72,1391
21.55,1731
21.39,410
21.23,807
21.27,1155
21.24,486
21.32,430
21.33,344
21.33,0
21.24,310
21.18,110
21.15,269
21.13,668
21.09,210
21.07,416
21.07,233
21.04,101
21.06,1269
21.03,1032
21,3044
20.84,1535
20.78,3565
20.68,2612
20.65,5151
20.46,19198
20.62,1594
20.69,6802
20.59,528
20.5,1309
20.69,874
20.49,2849
20.49,9859
20.4,3656
20.45,3182
20.44,3159
20.6,7378
20.59,5962
20.54,4417
20.63,2749
20.61,1407
20.62,957
20.61,2894
20.54,4181
20.56,3301
20.42,596
20.35,1285
20.32,1936
20.36,2040
20.42,2850
20.38,4159
20.37,18272
19.98,12241
19.48,14443
19.44,9185
19.45,7693
19.25,10920
19.35,6351
19.46,4799
19.42,4083
19.39,2755
19.52,5133
19.45,2679
19.32,5643
19.37,3489
19.37,2971
19.47,6731
19.51,6020
19.54,3851
19.54,3294
19.6,5140
19.61,2507
19.63,3459
19.73,4093
19.88,10747
19.91,7832
19.99,13730
20.01,54155
20.25,14456
20.08,9457
20.01,4590
20.06,2169
19.96,2424
20.13,2446
20.02,2634
20,2606
19.9,2970
19.75,1306
19.73,1376
19.85,601
19.82,1274
19.85,5694
19.91,3767
19.73,2227
19.71,3941
19.53,5119
19.62,6057
19.63,3032
19.62,4085
19.59,4206
19.63,4537
19.67,5620
19.71,14553
19.69,23425
19.56,9547
19.87,1769
19.87,840
19.98,602
20.09,3932
19.97,3243
20.01,3070
20.17,3162
20.25,1510
20.14,1971
20.18,1492
20.17,1323
20.18,714
20.17,2045
20.21,3635
20.17,1645
20.16,1921
20.2,1405
20.11,901
20.01,2314
20.01,2441
19.99,3192
19.98,5244
19.95,4256
19.93,1956
19.94,14537
19.88,6379
19.69,2183
19.81,1999
19.9,2099
19.85,2413
19.81,377
19.78,2122
19.74,1536
19.73,2654
19.84,562
19.86,1498
19.85,1870
19.9,2236
19.83,559
19.89,1742
19.87,1455
19.76,1460
19.76,1064
19.74,1757
19.63,2845
19.55,1764
19.46,4402
19.68,2297
19.71,1655
19.69,3544
19.73,6794
19.51,4030
19.21,4220
18.96,3451
18.94,1719
18.97,4448
19,3501
19,3019
18.99,3003
19,2189
19.01,3012
19.01,2526
18.92,4678
18.94,3415
18.97,1066
19.01,4577
18.99,2297
18.93,2891
18.98,2196
18.98,2166
18.96,2763
19.02,2768
19.04,5064
19,7229
18.98,7272
19.09,11264
19.1,27994
18.46,4594
18.56,3207
18.44,7606
18.45,4396
18.29,5838
18.46,4491
18.58,1874
18.5,1544
18.46,3366
18.47,1601
18.54,3196
18.41,2927
18.38,1875
18.43,2247
18.35,2493
18.45,600
18.45,3510
18.53,2507
18.57,911
18.44,1981
18.54,2394
18.43,2789
18.53,3263
18.49,4754
18.56,5368
18.53,12216
18.69,3758
18.46,1428
18.33,2222
18.27,929
18.38,2260
18.33,3028
18.28,1758
18.17,3930
18.11,433
18.15,1017
18.05,3097
18.01,1904
18.12,1080
18.09,533
18.06,1557
17.96,1846
17.95,3992
18,3663
18.02,2994
18.08,3720
18.13,6772
18.11,3731
18.14,6472
18.16,2826
18.07,8088
17.97,21022
17.56,8195
17.5,9126
17.46,8551
17.28,4801
17.19,2480
17.19,6200
17.17,3487
17.23,9887
17.25,6407
17.25,2749
17.32,3418
17.3,6134
17.2,3008
17.19,2575
17.18,2419
17.27,504
17.27,616
17.32,859
17.45,1916
17.51,4128
17.58,5812
17.52,3310
17.56,5265
17.62,11132
17.81,18165
17.76,30873
17.56,4831
17.75,1733
17.73,3545
17.52,4220
17.46,2089
17.51,963
17.3,1410
17.31,1398
17.26,3387
17.32,2717
17.36,1940
17.38,3515
17.41,3588
17.35,1858
17.38,2748
17.38,2243
17.46,2199
17.46,2502
17.5,3348
17.37,1353
17.38,1725
17.42,1205
17.37,3796
17.43,3576
17.45,8202
17.52,31708
17.57,3543
17.67,2793
17.65,2057
17.64,2094
17.78,714
17.82,471
17.79,1414
17.84,1133
17.83,4180
17.88,1649
17.93,402
17.83,1372
17.92,2241
17.85,1487
17.89,1037
17.93,3667
17.88,2568
17.84,2616
17.87,2845
17.85,3905
17.86,3715
17.79,2728
17.81,4060
17.76,6009
17.76,4884
17.69,17341
17.99,3346
18.12,1630
18.07,1704
18.07,1073
18.06,2207
18.05,1138
17.94,1341
17.93,4753
17.93,4539
18.07,2835
18.09,2354
18.17,3576
18.23,3360
18.19,4829
18.22,1852
18.22,3060
18.33,614
18.23,3208
18.2,1534
18.22,4083
18.22,987
18.2,1768
18.22,2198
18.24,1442
18.22,1984
18.16,15695
18.48,24931
18.56,14390
18.33,13893
18.2,4373
18.37,4352
18.42,2137
18.38,4066
18.44,3118
18.48,2518
18.45,2360
18.4,2335
18.39,2512
18.39,4865
18.35,1856
18.4,1392
18.3,1633
18.29,1330
18.24,2411
18.27,1818
18.3,1619
18.33,2409
18.29,2199
18.35,2704
18.35,2553
18.33,7059
18.3,12728
17.96,12298
18.27,7609
18.29,4584
18.49,2903
18.58,2362
18.54,3699
18.61,2739
18.66,3361
18.54,2128
18.48,4984
18.6,3294
18.64,2955
18.56,3404
18.56,2422
18.73,3662
18.8,2426
18.81,2412
18.69,3031
18.7,3435
18.73,2874
18.75,2547
18.73,3136
18.7,2681
18.71,4068
18.74,9809
18.66,10461
18.93,2939
18.8,4742
19,3435
18.99,3643
18.94,2469
19.01,5368
19,4147
19.08,4210
19.2,3357
19.3,7138
19.42,1967
19.43,2166
19.37,2509
19.37,2982
19.27,3032
19.41,4026
19.31,1925
19.34,1608
19.36,3900
19.4,5212
19.37,2437
19.34,2510
19.4,2816
19.27,5207
19.27,8363
19.21,21786
19.46,1616
19.48,979
19.16,2470
19.36,1347
19.26,3099
19.17,2898
19.14,2610
19.01,512
19.01,834
18.82,1789
18.84,1273
18.84,1535
18.9,2292
18.98,1171
18.98,1799
18.89,1370
18.96,1499
18.88,1222
18.93,519
18.91,1872
18.93,712
18.9,1138
18.89,4384
18.88,4275
18.83,6549
19.01,13073
19,6718
19.13,2089
19.14,1233
19.18,4470
19.46,4501
19.64,4161
19.65,2942
19.51,1457
19.58,1357
19.65,3140
19.6,4700
19.62,4234
19.62,7366
19.61,3907
19.55,4387
19.55,6474
19.51,6370
19.57,4075
19.44,2650
19.43,2550
19.42,4130
19.38,9166
19.41,10486
19.4,7120
19.37,20482
19.35,42867
18.94,7496
18.97,2280
18.95,1288
19.07,3194
18.84,2538
18.69,8116
18.72,5574
18.79,2193
18.75,2850
18.69,3315
18.74,3199
18.8,1545
18.74,1165
18.72,2367
18.68,1799
18.65,1103
18.62,2698
18.71,3687
18.65,3055
18.63,7714
18.68,4008
18.72,4250
18.72,4071
18.72,3151
18.76,5952
18.76,15689
18.99,24399
19.12,5123
19.17,13753
19.2,5555
19.19,7311
19.1,1804
19.08,2337
19.09,2639
19.04,4481
19.06,10165
19.11,6581
19.13,8638
19.14,5760
19.16,8206
19.18,6724
19.12,9811
19.1,3846
19.11,6026
19.13,5256
19.06,2400
19.06,6480
18.99,2811
19.03,5941
19.03,11738
19.09,17087
19.05,21826
19.21,2389
19.26,1738
19.3,4915
19.42,3700
19.43,6773
19.64,3419
19.65,5009
19.74,3596
19.7,1603
19.65,3121
19.65,1601
19.62,4421
19.62,1529
19.7,4588
19.65,1116
19.53,5657
19.53,2723
19.51,754
19.41,5530
19.39,7833
19.31,11862
19.43,12156
19.5,4497
19.5,5279
19.45,8028
19.41,18432
19.51,10058
19.71,2949
19.73,2791
19.69,7282
19.66,7594
19.76,2677
19.76,3855
19.83,3384
19.97,3435
19.99,556
19.92,3896
19.85,5071
19.86,6273
19.84,5177
19.88,5394
19.92,7699
19.92,4078
20.02,825
20.03,6756
20.07,3858
20.09,6150
20.12,6752
20.11,5082
20.05,10220
19.95,6456
19.91,36196
19.93,808
19.94,1415
19.81,8604
19.83,4562
19.78,7597
19.8,6499
19.77,3802
19.75,4323
19.69,5500
19.62,2234
19.62,2248
19.59,1501
19.75,806
19.78,1513
19.82,1458
19.75,1591
19.69,9036
19.68,12410
19.72,3067
19.73,12374
19.77,46356
19.83,2717
19.81,3463
19.78,6209
19.82,5770
19.8,34039
19.68,3683
20.08,10175
20.42,3253
20.53,5707
20.59,14288
20.5,3069
20.64,3515
20.66,1984
20.46,2070
20.53,2661
20.48,5018
20.4,3507
20.33,1476
20.32,1514
20.51,1572
20.48,1541
20.52,1593
20.48,1694
20.52,2037
20.49,775
20.49,1303
20.47,1240
20.48,875
20.52,4202
20.54,4891
20.47,10993
20.39,1026
20.5,2602
20.58,5024
20.6,9410
20.66,2628
20.59,4087
20.71,3172
20.76,3406
20.69,2949
20.72,2769
20.69,1985
20.66,2670
20.72,2985
20.66,1040
20.63,2870
20.68,1408
20.65,2568
20.62,898
20.67,1717
20.63,2342
20.62,1131
20.6,2214
20.6,5827
20.71,7281
20.72,6006
20.66,22309
20.48,445
20.42,4701
20.26,4739
20.22,5098
20.26,6513
20.29,2487
20.37,1982
20.41,2385
20.33,4105
20.4,3786
20.47,1789
20.53,1498
20.46,1613
20.51,1591
20.37,1829
20.35,2834
20.35,2896
20.36,2423
20.36,406
20.39,851
20.45,916
20.46,3142
20.46,4049
20.4,7747
20.34,5009
20.36,18139
20.14,1786
20.12,4639
20.06,1631
20.3,1831
20.3,1518
20.21,693
20.27,1465
20.3,521
20.27,942
20.29,500
20.23,1110
20.28,310
20.35,700
20.27,424
20.26,830
20.27,585
20.3,300
20.24,1173
20.22,1263
20.21,2196
20.23,1894
20.12,1246
20.03,1332
20.03,2164
20.08,3033
20.09,15905
20.07,5812
19.95,3176
20.12,3310
20.2,2269
20.22,1941
20.21,2811
20.26,1350
20.28,1679
20.26,1368
20.19,1678
20.3,2388
20.34,1739
20.23,2500
20.15,4535
20.19,1376
20.15,3180
20.24,1335
20.18,2394
20.19,1270
20.23,2207
20.12,1768
20.13,1825
20.16,3916
20.2,2816
20.17,5209
20.09,7866
20.03,1738
20.19,204
20.14,3429
20.19,1817
20.44,1551
20.38,2130
20.37,2197
20.41,1438
20.41,1405
20.34,1560
20.31,200
20.28,1048
20.28,973
20.21,1959
20.22,797
20.25,655
20.28,1433
20.27,1430
20.26,2118
20.23,1288
20.25,1784
20.27,2209
20.27,1659
20.27,1345
20.28,1259
20.3,5267
20.14,884
19.99,563
20.04,4570
19.81,2497
19.82,1424
19.86,618
19.94,713
20.08,1015
20.07,3362
20.09,1417
20.09,537
20.08,411
20.08,211
20.06,476
20.06,893
20.08,752
20.18,1033
20.14,1359
20.17,902
20.18,211
20.16,721
20.15,1221
20.13,1123
20.09,1066
20.12,3979
20.1,4039
20.46,464
20.59,617
20.65,2108
20.89,5304
21.08,12846
21.23,4733
21.14,2624
21.11,675
21.14,826
21.04,1306
21.09,420
21.03,209
21.05,2679
21.02,1223
21.05,653
21.07,9459
21.03,2232
21.04,2286
20.99,435
20.99,2424
21,2564
20.93,1667
20.91,952
20.92,1404
20.83,2452
20.84,8798
20.77,942
20.91,1462
20.98,2042
21.03,1482
20.97,983
20.95,757
21,2067
21.14,1739
21.05,378
21.07,844
21.02,424
21.04,1581
21.07,1789
21.1,654
21.07,1670
20.92,1076
20.94,1215
20.94,1353
21.04,2275
21.11,6905
21.17,3742
21.28,2964
21.23,1541
21.16,2978
21.11,4506
20.99,8294
20.81,670
21.1,1702
21,1530
21.07,1134
21.21,921
21.14,843
21.21,2269
21.19,1134
21.34,4439
21.26,3113
21.41,4050
21.4,4288
21.35,6284
21.16,8137
21.16,0
21.16,0
21.21,3206
21,1924
21.11,3051
21.28,691
21.11,1008
21.13,1287
21.11,1167
21.07,1409
20.98,1643
21.04,584
21.04,1725
20.99,4285
20.94,777
20.94,1262
21,754
21.01,443
20.98,601
21.01,490
21.03,1194
20.99,1547
20.87,2605
20.77,6340
20.83,5668
20.78,8163
20.84,11767
20.86,18096
21.02,4617
20.73,867
20.64,1477
20.66,1099
20.59,987
20.73,1523
20.8,9691
20.61,7404
20.59,1666
20.66,500
20.67,638
20.61,402
20.57,103
20.61,410
20.59,1304
20.52,1390
20.42,2023
20.46,1848
20.42,2246
20.48,1274
20.45,312
20.45,1732
20.48,601
20.48,2567
20.55,5990
20.5,7378
20.52,1562
20.68,320
20.72,2646
20.75,1365
20.76,4031
20.82,2491
20.91,952
21.04,1562
21.08,2480
21.11,2404
21.09,953
21.03,2513
21.08,2424
21.12,958
21.25,1037
21.24,1881
21.24,1350
21.21,1959
21.2,702
21.22,2011
21.24,1943
21.25,2099
21.26,1833
21.26,1525
21.2,4746
21.13,12341
20.88,2717
21.26,3022
21.29,200
21.23,850
21.14,2221
21.12,2624
21.04,1335
21,1601
20.97,1335
20.96,1243
20.98,2408
20.96,2685
21.05,1317
20.98,200
20.98,331
20.96,711
20.97,2912
20.86,528
20.92,2409
20.92,2455
20.93,2937
20.95,946
20.95,1933
20.96,4834
20.95,12655
20.95,10342
21.14,1795
21.18,129
21.23,1771
21.19,1854
21.15,510
21.25,1796
21.24,600
21.21,1895
21.18,418
21.3,205
21.26,714
21.2,3378
21.31,1201
21.39,200
21.38,642
21.35,300
21.32,1840
21.39,1472
21.27,414
21.29,1877
21.35,1101
21.31,2987
21.33,1147
21.36,947
21.35,2207
21.34,7307
21.48,1589
21.56,694
21.49,2405
21.44,2224
21.37,2412
21.22,1664
21.3,657
21.13,1968
21.04,2151
21.04,3216
20.91,3660
20.87,2669
20.89,3931
20.9,7099
20.78,1482
20.84,1066
20.81,3183
20.78,3507
20.71,1804
20.63,4036
20.53,2373
20.6,2015
20.58,4350
20.53,6770
20.46,7266
20.44,20207
20.4,1724
20.47,1047
20.48,811
20.7,682
20.64,569
20.69,1158
20.7,630
20.56,1357
20.62,4612
20.65,6032
20.67,1238
20.72,2560
20.56,2102
20.58,308
20.55,1077
20.48,2059
20.54,1106
20.49,470
20.45,332
20.42,1577
20.41,1761
20.5,3363
20.51,2929
20.53,2652
20.51,4406
20.44,9123
20.42,4802
20.28,3433
20.23,3172
20.18,5931
20.14,3144
20.21,3369
20.2,2584
20.2,1176
20.19,494
20.19,1689
20.26,5339
20.24,3230
20.29,2491
20.33,4375
20.3,4443
20.23,4633
20.25,2839
20.2,3065
20.11,3545
20.1,5780
20.13,3662
20.06,5578
20.12,5049
20.08,7211
20.15,9621
20.16,23851
20.02,718
20.13,1464
20.17,4811
20.04,1512
20.12,800
20.11,5298
20.08,1627
20.12,332
20.1,817
20.1,769
20.19,1330
20.21,499
20.14,503
20.14,1890
20.17,296
20.18,1095
20.28,515
20.33,694
20.28,1294
20.28,864
20.24,1002
20.2,1064
20.21,1519
20.21,1741
20.17,2584
20.09,7363
20.34,1723
20.53,2037
20.66,3799
20.74,6666
20.7,2534
20.77,1239
20.84,2572
20.82,361
20.82,736
20.88,992
20.83,326
20.83,1010
20.82,1041
20.71,782
20.73,977
20.74,579
20.71,485
20.68,685
20.68,0
20.56,301
20.63,1887
20.63,2290
20.71,2246
20.71,3281
20.74,5021
20.73,20358
20.72,1271
20.66,692
20.71,885
20.78,653
20.71,804
20.64,691
20.64,0
20.62,1552
20.69,2125
20.77,1434
20.71,585
20.77,534
20.71,826
20.78,130
20.78,473
20.81,107
20.83,1062
20.73,1290
20.74,4186
20.74,600
20.67,990
20.68,797
20.67,1536
20.67,6972
20.75,2541
20.76,11259
21.01,2285
20.96,1258
21.03,11006
20.97,4268
20.92,3067
20.93,3260
21.07,3342
21.04,6394
20.97,1555
20.82,1277
20.87,1100
20.89,2192
20.84,1144
20.81,2784
20.81,4423
20.87,3118
20.92,3946
20.96,3273
20.9,4712
20.9,3326
21.02,2194
21.01,4292
21.07,4783
21.06,6084
20.96,7017
20.98,24758
20.9,992
20.92,1483
20.95,3689
21.04,1015
20.94,1362
20.95,2314
20.94,3117
20.97,3175
20.96,1551
21,1554
21.05,799
21.07,4288
21.04,500
21.07,4580
21.04,435
21.01,2164
21.05,1333
21,268
21.03,1023
20.99,1012
21.04,1399
21.05,1139
21.04,5937
21.09,2409
21.1,12738
21.1,48505
21.2,5047
21.23,3555
21.07,3748
21.07,1404
21.08,759
21.19,769
21.17,680
21.15,458
21.14,1395
21.14,2734
21.15,723
21.15,0
21.07,1182
21.17,1439
21.11,1690
21.12,4378
21.23,2170
21.26,2002
21.26,2777
21.33,1976
21.37,2144
21.33,823
21.28,1624
21.2,2218
21.17,3591
21.19,6720
21.31,6541
21.69,10614
21.82,4045
21.68,4746
21.78,1975
21.89,8913
21.98,3733
21.84,6281
21.86,4443
21.87,2791
21.79,2371
21.84,2948
21.85,1905
21.82,2400
21.83,1410
21.83,3431
21.82,2850
21.88,2067
21.98,2943
21.94,2005
21.84,2058
21.79,2763
21.72,2200
21.68,4880
21.76,2707
21.7,14385
21.5,1585
21.57,1621
21.46,2978
21.52,3514
21.67,4203
21.76,5013
21.81,5676
21.79,5152
21.7,2263
21.76,1769
21.86,1955
21.82,3973
21.83,3016
21.82,2151
21.8,2689
21.71,2491
21.61,2570
21.58,1892
21.55,1178
21.44,1745
21.57,2347
21.7,1749
21.66,3921
21.56,3928
21.61,4243
21.67,11055
20.79,10424
20.58,8751
20.97,2328
20.51,6909
20.7,1448
20.98,2523
21.14,3904
21.41,881
21.33,1656
21.41,5395
21.39,2485
21.38,2679
21.32,3425
21.4,610
21.38,1269
21.36,1446
21.18,485
21.14,702
21.21,1023
21.18,555
21.1,1101
20.95,2564
20.95,1987
20.97,2374
20.92,4131
20.83,22101
20.9,4953
20.61,1335
20.68,5188
20.46,3910
20.38,2581
20.32,4399
20.4,1684
20.41,1687
20.44,1378
20.53,2240
20.61,1702
20.64,1325
20.65,2064
20.73,1363
20.69,2080
20.76,3609
20.66,2265
20.53,3160
20.54,2555
20.6,2226
20.6,2252
20.63,2708
20.59,1117
20.64,1768
20.76,3410
20.66,22077
21.21,3502
21.41,7298
21.65,2240
21.39,1990
21.34,1004
21.41,1374
21.48,1524
21.39,467
21.41,615
21.4,842
21.4,0
21.46,1159
21.58,300
21.57,123
21.55,200
21.5,410
21.51,489
21.59,2245
21.62,210
21.6,1221
21.63,894
21.6,104
21.62,655
21.61,710
21.62,1353
21.63,10655
21.44,6281
21.56,3630
21.59,1784
21.51,2433
21.24,1877
21.13,1987
21.18,2124
21.09,1742
20.95,2860
20.91,3360
21.07,1054
21.07,1784
21.11,1121
21.15,774
21.16,2223
21.21,1496
21.22,1456
21.25,1523
21.24,1835
21.28,1800
21.25,1107
21.25,1928
21.27,2223
21.34,2435
21.36,4789
21.35,9043
21,1451
20.78,866
20.86,1551
20.69,1818
20.86,2552
20.54,3514
20.29,1687
20.26,1822
20.37,841
20.33,2646
20.5,4487
20.57,4085
20.47,3270
20.4,3367
20.5,1571
20.48,1121
20.59,1977
20.57,1921
20.69,2615
20.69,3205
20.71,5162
20.74,3740
20.73,3801
20.78,3160
20.84,8265
20.86,11838
20.87,5289
20.4,812
20.48,3344
20.63,2751
20.64,1449
20.69,1094
20.67,971
20.67,965
20.75,953
20.66,1135
20.73,1719
20.91,2167
20.8,321
20.75,723
20.82,981
20.77,1007
20.76,618
20.76,0
20.71,1495
20.73,2621
20.84,2793
20.9,4102
20.99,1759
20.87,647
20.87,1596
20.78,17044
21.07,2009
21.11,723
21.1,627
21.07,1431
21.09,610
21.08,1343
21.04,712
21.01,909
21.07,960
21.23,849
21.11,106
21.08,410
21.11,445
21.08,415
21.08,644
21.06,716
21.13,1187
21.15,952
21.14,1876
21.07,1543
21.05,1127
21.02,1235
21,1117
20.99,617
20.96,2305
20.99,9986
21.02,952
20.87,691
20.79,555
20.8,400
20.98,100
20.98,0
20.99,302
20.99,322
20.94,301
20.94,0
20.93,100
20.92,442
20.96,464
20.95,598
20.95,506
20.86,705
20.89,210
20.88,514
20.89,491
20.89,1304
20.9,124
20.89,1178
20.94,1170
20.97,515
21.02,2427
20.97,9483
20.64,1377
20.86,1436
20.89,231
20.88,1835
21.08,2151
21.32,1714
21.43,3701
21.42,1025
21.41,2007
21.41,1105
21.33,504
21.34,409
21.39,2718
21.52,3810
21.6,1898
21.62,761
21.63,1319
21.61,1495
21.66,792
21.64,415
21.66,1400
21.56,2081
21.6,714
21.64,1921
21.58,3217
21.58,18616
22.07,23621
22.11,7583
22.47,13697
22.92,5274
23.17,2970
23.07,4145
22.86,5390
22.84,2234
22.75,6275
22.96,2431
22.9,3952
23.03,4907
23.26,4662
23.11,5059
23.3,671
23.12,1389
23.1,2160
23.1,1195
23.19,2095
23.19,1547
23.1,531
23.24,388
23.2,6094
23.05,5195
22.9,20071
22.81,34012
22.88,4355
22.78,3745
22.63,2789
22.77,1812
22.64,4014
22.34,652
22.31,1084
22.34,1379
22.25,1104
22.23,2311
22.17,4172
22.14,4876
22.07,2325
22.01,3229
21.94,2783
21.94,2841
21.89,2653
21.89,2201
21.77,4475
22.05,2547
22.2,2580
22.16,1115
22.21,2053
22.36,2193
22.22,2616
22.1,11990
21.81,1990
21.91,2247
21.91,4590
22.04,3042
22.23,1383
22.17,1275
22.11,3035
22.05,1528
22.06,1177
22.03,1395
22.06,399
22.08,945
22.06,936
22.12,833
22.08,930
21.99,1048
22,1075
22.01,1680
22.04,1145
22.13,910
22.12,1001
22.1,894
22.11,624
22.09,1156
22.14,3126
22.11,11272
22,2367
21.65,4487
21.53,1854
21.75,985
21.78,1302
21.77,1483
21.66,2793
21.64,769
21.7,601
21.74,657
21.83,2066
21.82,704
21.79,400
21.82,1445
21.84,506
21.84,1213
21.77,402
21.7,520
21.7,585
21.66,285
21.63,2292
21.62,1991
21.69,1269
21.69,10599
21.7,18955
21.7,34868
21.42,31830
21.61,3436
21.48,4005
21.54,2483
21.46,2304
21.43,1303
21.32,2192
21.32,1716
21.38,6594
21.38,911
21.34,1450
21.27,1142
21.3,1380
21.24,2536
21.18,427
21.16,1020
21.12,809
21.07,2751
21.15,1139
21.17,1752
21.19,1327
21.27,1969
21.23,1456
21.23,466
21.2,8234
21.16,18762
21.07,3984
21,547
21.09,879
21.07,2902
21.12,1521
21.24,503
21.21,402
21.26,300
21.29,100
21.29,1358
21.39,2608
21.55,451
21.62,1611
21.6,100
21.51,340
21.42,310
21.45,1110
21.48,943
21.46,652
21.47,110
21.5,905
21.44,647
21.41,763
21.31,1212
21.26,1651
21.23,5970
21.73,754
21.64,1230
21.49,402
21.71,451
21.64,868
21.6,478
21.68,528
21.73,800
21.7,423
21.63,1140
21.62,1457
21.64,882
21.7,1074
21.6,712
21.68,1390
21.58,697
21.51,601
21.53,234
21.5,700
21.47,790
21.46,864
21.45,768
21.44,790
21.41,1267
21.42,5663
21.39,19113
21.04,6470
21.19,4347
21.24,2116
21.17,1897
21.09,2982
20.84,751
21,664
21.05,1320
21.04,600
21,1483
21.01,1393
21.17,1038
21.22,1004
21.23,625
21.16,401
21.16,300
21.1,401
21.13,211
21.12,926
21.11,200
21.1,885
21.11,654
21.1,1415
20.99,916
21.11,1386
21.14,18811
21.3,890
21.17,680
21.16,362
21.02,825
21.05,1001
21.11,418
21.21,155
21.21,0
21.18,916
21.15,606
21.16,305
21.14,100
21.08,325
21.1,939
21.07,463
21.13,913
21.19,291
21.25,306
21.25,670
21.24,900
21.31,1159
21.36,1344
21.38,200
21.36,1679
21.37,879
21.38,11326
21.61,2936
21.59,1276
21.67,1661
21.67,9062
21.86,2369
21.98,2056
21.85,738
21.89,1349
21.85,230
21.82,651
21.82,0
21.82,0
21.82,0
21.69,300
21.59,1459
21.63,1008
21.64,202
21.61,610
21.55,276
21.57,461
21.6,453
21.62,980
21.69,305
21.73,1522
21.53,1901
21.52,3397
21.17,2179
21.11,646
21.07,300
21.06,100
21.04,812
20.98,932
21.23,305
21.24,1072
21.17,1776
21.25,263
21.23,1183
21.24,100
21.3,607
21.32,100
21.29,402
21.21,403
21.23,621
21.2,815
21.18,809
21.16,329
21.11,1030
21.09,1346
21.15,1728
21.07,762
21.12,4436
21.1,16399
21.03,6413
20.88,785
21.06,2145
20.93,1490
20.91,1696
20.95,899
20.87,959
20.87,1354
20.83,4187
20.83,1006
20.94,1120
20.86,2924
20.88,2017
20.85,1118
20.8,2468
20.87,2892
20.8,1409
20.75,1138
20.74,1841
20.74,2094
20.74,2462
20.73,1759
20.77,2467
20.83,1467
20.87,2141
20.78,19544
20.79,1460
20.67,2102
20.56,3270
20.7,4087
20.69,1401
20.57,583
20.55,1443
20.63,1671
20.55,4368
20.8,893
20.78,1100
20.7,800
20.78,1010
20.78,1961
20.78,1896
20.75,747
20.65,1098
20.63,2255
20.65,1488
20.74,150
20.79,1711
20.7,1272
20.82,919
20.76,838
20.71,1224
20.69,6229
20.98,1944
21.03,1461
21.09,915
21.08,2296
20.98,1503
21.04,1412
21.02,1018
20.99,1105
20.99,1597
20.97,363
20.97,786
20.99,546
20.99,572
21,706
21.01,100
20.91,363
20.91,1130
20.89,1701
20.86,908
20.82,1761
20.76,1438
20.79,678
20.84,818
20.78,433
20.8,2900
20.83,5162
20.98,700
20.84,1066
21.02,4577
20.99,1647
20.98,2411
20.96,2366
20.99,2301
21.09,853
21.14,1182
21.17,302
21.18,700
21.23,503
21.22,924
21.29,708
21.3,1623
21.35,3160
21.45,2242
21.4,2308
21.3,1161
21.38,973
21.35,787
21.25,1213
21.19,1403
21.16,2549
21.19,6856
21.12,12540
21.02,1708
21.1,201
21.06,101
21.16,200
21.21,500
21.21,101
21.29,153
21.28,1512
21.31,100
21.31,843
21.33,213
21.28,201
21.28,232
21.28,656
21.26,620
21.26,104
21.25,331
21.16,311
21.17,401
21.21,584
21.16,872
21.16,1745
21.22,987
21.2,304
21.19,1916
21.2,3219
21.14,1268
21.1,239
21.25,437
21.11,328
21.17,620
21.22,1194
21.17,1395
21.18,768
21.09,773
21.04,660
20.99,416
20.99,527
21.02,425
20.94,1021
20.97,400
21.01,2107
21.01,996
20.9,603
20.94,1215
20.92,602
20.87,3260
20.86,1628
20.83,2695
20.85,9211
20.82,17378
20.81,26084
21.32,2583
21.51,2928
21.49,2759
21.65,16092
21.79,5377
21.64,4729
21.77,3117
21.63,3817
21.51,8389
21.61,3640
21.63,1616
21.66,5448
21.63,1885
21.51,2762
21.51,2639
21.47,2597
21.6,737
21.55,1237
21.64,815
21.61,955
21.57,338
21.59,1263
21.61,709
21.57,1887
21.57,3233
21.57,13588
21.28,2231
21.42,1281
21.61,600
21.59,4513
21.7,5247
21.71,2072
21.7,600
21.66,2813
21.55,799
21.68,1656
21.7,2211
21.75,340
21.75,233
21.73,781
21.76,1618
21.79,1091
21.71,1325
21.86,1069
21.81,1483
21.83,2255
21.8,1693
21.8,1033
21.82,1227
21.76,1714
21.76,5042
21.76,15893
21.74,800
21.89,850
21.93,1122
21.86,2936
21.67,4243
21.52,2405
21.16,9487
21.02,3402
21.03,5754
21.03,2042
21.11,743
21.09,796
21.06,859
21.13,1465
21.12,3244
21.13,2169
21.11,1132
21.04,876
21.06,505
21.14,1604
21.09,2553
21.15,3363
21.19,310
21.14,503
21.13,1632
21.05,16038
21.19,700
21.16,2386
21.19,1887
21.13,2757
21.15,2533
21.05,1899
21,1863
20.97,357
21.1,361
21.11,1005
21.11,800
21.18,309
21.13,521
21.15,377
21.18,2562
21.2,1749
21.2,1025
21.12,1230
21.06,894
21.06,988
21.05,1221
20.95,2752
20.91,508
20.88,1458
20.99,3491
21.01,12130
21.06,2149
20.81,920
20.88,730
20.99,1369
21.03,1912
21.04,321
21.02,1915
21.19,653
21.21,1509
21.28,820
21.23,3912
21.41,645
21.39,2308
21.5,1440
21.47,516
21.41,1510
21.5,3357
21.45,1629
21.45,1844
21.41,688
21.41,815
21.36,3801
21.34,911
21.28,1270
21.23,3968
21.27,10488
21.53,3729
21.56,4699
21.62,2136
21.53,3634
21.69,1439
21.6,1608
21.48,599
21.4,550
21.32,1077
21.29,1070
21.34,1504
21.41,4325
21.39,2919
21.42,2849
21.41,996
21.31,1752
21.32,1454
21.23,1072
21.19,2709
21.19,3008
21.03,2191
21.09,3271
21.13,2114
21.1,4471
21.09,7613
21.01,18889
21.35,3825
21.52,1134
21.65,3389
21.67,5436
21.68,4837
21.77,2002
21.86,5506
21.89,2977
21.76,2006
21.77,818
21.75,1164
21.65,517
21.65,302
21.7,1009
21.72,105
21.72,0
21.7,917
21.67,1452
21.61,1014
21.62,1322
21.67,1329
21.58,355
21.59,891
21.58,1607
21.66,7894
21.69,10260
22.31,18793
22.95,8164
22.52,8086
22.33,6091
22.46,13113
22.73,2567
22.64,2608
22.64,2948
22.53,2354
22.55,802
22.52,1100
22.48,3686
22.49,1433
22.53,1085
22.53,623
22.53,2467
22.6,2061
22.61,1783
22.55,2577
22.52,5656
22.36,4022
22.35,1550
22.26,5845
22.17,3102
22.29,3550
22.37,22088
22.83,4565
22.95,5788
22.97,3640
22.88,2934
23.01,7678
23.11,3868
22.98,2698
23.02,2821
23,2393
22.93,807
22.98,401
23.14,948
23.16,2374
23.09,1672
23.16,1398
23.23,6684
23.37,1755
23.42,2908
23.51,1077
23.49,1202
23.39,1601
23.37,1203
23.44,1839
23.35,2200
23.31,6317
23.3,13639
23.38,2087
23.54,461
23.54,2183
23.6,3500
23.75,743
23.69,847
23.47,7527
23.43,3577
23.4,3850
23.37,1986
23.41,2162
23.36,2495
23.37,2213
23.39,1395
23.39,1906
23.35,2020
23.29,8470
23.33,485
23.34,2990
23.36,1054
23.34,1250
23.38,1883
23.36,4514
23.39,3423
23.42,3321
23.19,28507
23.35,3997
23.33,1332
23.25,4502
23.47,3281
23.44,3245
23.48,2530
23.57,1995
23.49,540
23.46,2059
23.4,1026
23.33,563
23.35,700
23.29,520
23.35,1051
23.32,944
23.28,1702
23.21,1028
23.26,801
23.26,4068
23.21,2211
23.23,988
23.26,2020
23.22,720
23.27,1774
23.24,4483
23.23,19559
23.56,1717
23.54,1685
23.35,875
23.23,2223
23.23,2733
23.27,7320
23.13,5006
23.11,2220
23.19,1871
23.13,1092
23.15,400
23.15,1386
23.21,1252
23.17,394
23.13,899
23.14,523
23.16,509
23.04,584
23.01,719
23.08,304
23.01,920
23.07,1554
23.01,2188
23.06,3567
23.04,4993
23.14,9519
23.03,2698
23.2,773
23.18,1826
23.24,849
23.26,895
23.21,532
23.24,1009
23.32,593
23.24,556
23.21,199
23.22,441
23.24,553
23.21,310
23.22,352
23.2,268
23.23,522
23.21,1532
23.2,1267
23.14,708
23.19,332
23.19,1713
23.11,306
23.04,672
23,913
22.87,1371
22.75,11705
22.51,6940
22.21,8635
22.16,1266
22.14,352
22.1,1308
22.03,2201
21.99,883
22.16,735
22.21,343
22.18,331
22.12,1782
22.2,1284
22.3,1758
22.34,1371
22.3,906
22.39,846
22.42,1178
22.43,493
22.45,1166
22.29,1990
22.37,1949
22.5,1913
22.47,917
22.44,2823
22.36,2419
22.39,7599
22.52,2138
22.52,3076
22.5,4747
22.42,1538
22.37,5845
22.39,759
22.38,2176
22.29,1545
22.32,1865
22.32,1502
22.36,1456
22.32,810
22.39,1422
22.4,968
22.42,423
22.44,3363
22.35,1475
22.42,598
22.4,426
22.41,665
22.41,548
22.44,622
22.44,809
22.55,1128
22.53,1297
22.47,4018
22.06,210
22.13,110
22.37,1417
22.5,1100
22.59,792
22.51,1679
22.58,830
22.68,272
22.69,1032
22.83,423
22.85,1211
22.9,1573
22.95,2160
22.97,1800
23.01,997
22.97,344
22.94,519
22.94,801
23.01,1409
23.02,4223
22.96,2135
22.93,4099
22.96,2466
22.98,8476
22.95,2420
23.02,10443
22.71,889
22.93,677
22.9,1141
22.72,676
22.75,1043
22.86,798
22.8,336
22.73,240
22.68,1228
22.64,755
22.68,1124
22.61,406
22.57,1266
22.53,2157
22.59,2591
22.64,341
22.64,581
22.61,2748
22.59,3381
22.54,7812
22.54,2466
22.51,5794
22.49,3528
22.56,4989
22.5,9670
22.58,22321
23.45,4015
23.94,4529
24.07,5235
23.98,5037
24.08,6787
24.04,5850
24.18,1890
24.15,3333
24.17,1696
24.04,4341
24.18,1164
24.12,3549
24.15,5029
24.19,4729
24.15,3893
24.13,4408
24.02,2954
23.83,2139
23.79,1669
23.7,2883
23.78,1119
23.88,3618
23.82,2261
23.92,4209
23.84,5088
23.66,20069
23.99,1787
24.31,1906
24.42,6741
24.57,4448
24.6,2656
24.59,3125
24.49,2158
24.61,1663
24.59,1286
24.56,1645
24.39,659
24.54,808
24.54,2221
24.45,1731
24.49,2102
24.55,3107
24.52,1153
24.62,1627
24.67,1642
24.87,1741
24.87,2458
25,5130
24.98,2028
24.94,2745
24.9,5252
24.8,22415
24.78,3977
25.09,6845
25.09,5129
25.1,4887
25.16,5033
25.35,4339
25.21,1205
25.31,2352
25.26,2474
25.2,2157
25.2,2137
25.19,1821
25.23,1916
25.3,1131
25.12,1161
25.07,2611
25.1,1359
25.03,2671
25.03,2286
25.08,2857
25.01,1418
25.1,3235
25.26,2157
25.17,3343
25.15,4246
25.12,15115
24.64,2754
24.54,1681
24.52,500
24.22,1011
24.22,1394
24.29,832
24.56,1050
24.52,950
24.5,1326
24.37,788
24.45,301
24.54,709
24.48,3382
24.51,756
24.53,320
24.57,236
24.4,250
24.41,602
24.42,637
24.38,1209
24.31,4199
24.23,902
24.2,799
24.24,1620
24.19,2131
24.32,8594
24.37,2590
24.25,910
24.2,1190
24.26,1912
24.2,415
24.01,599
23.99,1247
23.91,1404
23.9,1623
23.87,1133
23.76,1671
23.87,400
23.83,301
23.76,977
23.68,200
23.73,100
23.73,309
23.63,228
23.62,941
23.64,1600
23.79,1864
23.83,2528
23.88,1468
23.88,662
23.86,5434
23.77,14497
23.88,845
23.11,2834
23.13,5081
23.07,8476
22.7,4414
22.96,2571
22.92,3018
23.14,838
23.11,1910
23.08,1726
23.08,3227
23.08,1780
23.16,1435
23.15,600
23.09,2042
23.04,649
23,1582
22.92,1848
22.81,657
22.87,135
22.85,1073
22.88,417
22.88,1193
22.88,1608
22.85,2627
22.89,31192
23.21,2153
23.2,1702
23.32,1178
23.26,1717
23.44,635
23.4,600
23.24,117
23.27,1016
23.32,452
23.26,235
23.23,1294
23.16,100
23.28,655
23.18,516
23.12,600
23.13,941
23.22,611
23.24,498
23.26,100
23.21,305
23.15,481
23.2,449
23.17,755
23.07,1317
23.07,2929
23.08,7636
23.06,812
23.06,0
23.12,424
23.35,205
23.37,221
23.24,387
23.31,435
23.31,0
23.4,326
23.4,0
23.51,208
23.55,374
23.53,300
23.51,311
23.56,600
23.64,1000
23.67,525
23.64,1260
23.69,901
23.75,932
23.8,686
23.8,934
23.73,2062
23.78,2167
23.78,6157
23.75,19114
23.83,2521
24.36,2971
24.14,2029
24.23,5527
24.32,5339
24.46,3437
24.43,2801
24.56,3525
24.5,3496
24.51,3175
24.71,689
24.59,1864
24.66,1046
24.73,1739
24.75,847
24.81,1952
24.82,2105
24.98,1824
24.93,1621
24.99,1954
25.05,2446
24.99,611
24.89,1066
24.92,1022
24.91,5349
24.58,11039
24.59,1521
24.86,2541
24.74,1922
24.8,3933
24.65,849
24.67,1942
24.72,1185
24.7,930
24.9,130
24.82,1772
24.96,3064
24.92,4317
24.95,1865
24.91,790
24.93,909
24.91,369
24.99,2889
25,1595
25.09,2039
25.09,1991
25.1,834
25.15,1732
25.27,1546
25.12,2600
25.26,4137
25.23,20872
25.08,571
25.18,300
25.15,931
25.13,7573
24.8,1171
24.81,765
24.86,208
24.75,693
24.82,3552
24.72,946
24.73,1305
24.62,979
24.52,644
24.83,497
24.77,353
24.77,0
24.86,227
24.86,1055
24.98,777
24.95,1445
24.97,458
24.95,1332
25.04,1405
25.01,2126
24.99,4682
25.07,15176
24.95,1912
24.64,608
24.68,1030
24.45,669
24.49,1042
24.39,2103
24.54,1330
24.6,958
24.65,100
24.65,3384
24.83,615
24.7,352
24.74,414
24.61,100
24.61,726
24.62,658
24.55,2951
24.59,1484
24.6,909
24.5,1836
24.56,3471
24.61,3548
24.6,2152
24.65,1802
24.63,2904
24.8,12044
25.29,1321
24.96,1582
24.86,2754
24.77,727
24.7,1344
24.76,400
24.84,2356
24.92,1350
25.01,1227
24.94,1111
24.97,607
24.93,758
25.02,1675
24.98,1029
25,1548
24.77,302
24.79,831
24.7,875
24.78,1826
24.84,1615
24.79,1373
24.83,3013
24.9,3051
24.98,2473
24.92,3604
24.86,27222
24.82,1300
24.57,2419
24.49,544
24.63,1572
24.75,420
24.72,912
24.73,1407
24.82,2222
24.73,2263
24.75,962
24.68,467
24.7,1338
24.66,1489
24.79,702
24.78,4337
24.66,2904
24.55,1647
24.64,1133
24.71,510
24.75,398
24.7,579
24.73,1041
24.72,1747
24.75,3399
24.81,2332
24.8,11020
24.82,816
24.95,2302
24.99,3064
25.3,770
25.3,526
25.23,839
25.26,927
25.4,662
25.22,412
25.17,851
25.14,395
25.18,916
25.16,604
25.12,300
25.1,400
25.05,551
25,637
25.07,770
25.07,590
25.07,793
25.16,1201
25.04,5211
24.99,6051
24.96,938
24.98,2861
24.96,11162
24.92,948
25.09,600
25.1,300
25.1,302
25.09,876
24.94,1371
24.89,710
24.84,804
24.92,409
24.87,1310
24.79,1222
24.75,722
24.75,2181
24.81,767
24.77,810
24.85,1077
24.79,722
24.72,1412
24.76,834
24.75,1385
24.77,1654
24.72,2470
24.7,2015
24.66,2581
24.67,6426
24.62,10228
24.53,1270
24.63,802
24.61,2247
24.52,2712
24.6,5158
24.44,1987
24.45,1693
24.56,1643
24.52,432
24.53,500
24.48,700
24.6,900
24.52,2281
24.49,2460
24.54,2634
24.59,3278
24.54,4506
24.43,2728
24.47,1370
24.44,2948
24.45,3610
24.44,13590
24.45,3346
24.5,2093
24.51,5109
24.48,18253
24.53,1477
24.49,406
24.31,420
24.2,1363
24.1,1065
24.16,2192
24.25,789
24.18,2092
24.31,1665
24.4,2096
24.48,1324
24.38,2241
24.44,1623
24.39,1450
24.37,2326
24.35,2188
24.34,1018
24.3,1633
24.33,1420
24.26,2502
24.29,2910
24.2,2839
24.19,1681
24.16,2942
24.17,2177
24.14,18904
23.91,1405
23.98,1653
24.16,1207
24.16,1531
24.2,300
24.19,483
24.25,812
24.37,100
24.36,259
24.32,1386
24.3,343
24.3,100
24.29,345
24.26,473
24.25,518
24.3,200
24.27,500
24.23,315
24.28,200
24.23,212
24.25,600
24.18,600
24.26,737
24.2,200
24.17,2114
24.18,10695
24.27,2015
24.28,1916
24.33,1831
24.34,1266
24.31,629
24.28,1686
24.29,625
24.26,545
24.21,555
24.25,752
24.11,507
23.95,906
23.98,3136
23.96,2397
23.96,604
23.97,682
23.97,523
23.98,836
23.97,496
24,1418
23.97,1111
23.96,2542
23.89,979
23.91,1924
23.87,1972
23.85,11243
23.77,2468
24.03,2248
23.97,1793
23.77,1474
23.72,2660
23.89,1503
23.92,1687
23.91,927
23.91,644
23.96,1869
23.85,2250
23.78,1439
23.79,820
23.76,1837
23.71,1264
23.72,935
23.73,1338
23.81,2348
23.8,5858
23.77,7434
23.67,13339
23.6,14840
23.66,7153
23.82,6188
23.78,7693
23.8,29401
22.19,31042
22.29,13918
22.47,29413
22.59,8100
22.81,8437
23.04,6602
22.74,13539
23.14,15687
22.97,9561
23.25,14755
23.1,11469
22.89,8373
22.83,5266
23.11,4203
22.98,6155
22.91,8669
22.72,1378
22.7,3719
22.88,3521
23.12,4472
22.94,6371
23.04,4964
23.18,4456
23.16,4394
22.99,8519
22.98,34701
23.5,3627
23.63,2927
23.64,4213
23.81,1694
23.94,2685
23.69,3361
23.8,3484
23.98,2330
24.23,1503
24.37,716
24.4,1910
24.36,1289
24.28,1721
24.21,2736
24.06,3980
23.96,2494
24,971
24.07,1181
24.08,1498
24.01,2170
24.09,2761
24.13,1166
24.1,2186
24.05,8814
24.06,6067
24.05,17053
24.03,2676
23.53,1052
23.53,4447
23.3,3949
23.28,3548
23.14,3984
23.18,3763
23.2,3087
23.14,2950
23.11,4106
23.14,1351
23.29,1804
23.26,1865
23.2,1782
23.18,1012
23.23,1200
23.26,1038
23.34,914
23.42,2378
23.42,500
23.39,2004
23.42,1900
23.42,1927
23.5,1199
23.51,3491
23.4,30734
23.1,3848
22.82,1620
22.86,2171
22.98,5676
22.84,4412
22.88,2274
22.93,493
23.06,1701
23.1,1414
23.05,935
22.95,727
22.94,1716
22.83,2171
22.75,1664
22.85,1608
22.83,1110
22.76,1861
22.84,1171
22.86,1985
22.78,645
22.76,1161
22.72,2609
22.75,616
22.71,1891
22.65,10149
22.77,17260
22.77,1794
22.78,3123
22.67,2431
22.76,1232
22.74,905
22.71,501
22.64,2619
22.6,2253
22.7,200
22.71,560
22.71,215
22.69,701
22.67,1434
22.59,400
22.66,956
22.61,884
22.63,811
22.61,1109
22.73,2124
22.66,1375
22.72,1714
22.63,1448
22.64,1647
22.77,819
22.77,3108
22.59,19730
22.83,2799
22.85,3231
22.95,2065
22.92,1389
23.08,2924
23.13,1618
23.13,1017
23.12,914
23.1,1291
23.04,1854
23.08,562
22.9,1156
22.83,1054
22.83,697
22.84,420
22.85,1761
22.87,510
22.8,1590
22.83,541
22.79,1073
22.79,923
22.77,1195
22.78,4176
22.79,1660
22.77,3284
22.69,18712
23.11,1521
23.21,560
23.36,510
23.05,400
23.06,512
23.03,290
23.01,432
22.96,788
23.01,1476
23.09,1024
23.1,750
22.99,500
22.9,331
22.93,687
22.94,553
22.86,100
22.88,446
22.85,550
22.92,406
22.9,652
23,693
23.05,1705
23.04,533
23.03,2085
22.99,532
22.94,9588
22.92,947
22.65,683
22.72,929
22.72,1146
22.87,1986
22.8,1038
22.79,815
22.7,416
22.66,534
22.56,1500
22.68,1778
22.6,950
22.52,898
22.54,1410
22.48,7996
22.48,2126
22.5,3767
22.5,2136
22.52,1409
22.43,1786
22.5,4450
22.65,3112
22.66,1450
22.7,2160
22.74,2403
22.74,10213
21.95,6214
21.47,9429
21.66,1804
21.79,4353
21.57,6779
21.67,6647
21.58,3986
21.55,6152
21.47,13460
21.46,11232
21.47,9140
21.41,6517
21.47,3111
21.41,2263
21.53,1112
21.68,1807
21.73,1700
21.78,1567
21.75,1763
21.73,670
21.74,3038
21.72,3563
21.81,2544
21.84,4005
21.76,6758
21.87,21900
21.93,522
22.03,1174
21.99,1253
21.84,1584
21.97,836
21.9,939
22.08,1030
22.1,1383
22.14,140
22.09,106
22.15,986
22.04,1012
22.01,1753
22.01,1582
21.91,3155
21.89,5381
21.88,1590
21.84,2303
21.88,2344
21.81,3512
21.74,1469
21.69,2089
21.74,2151
21.77,2703
21.71,5809
21.68,18943
21.92,831
22.06,1974
22.15,4720
22.17,878
22.24,1452
22.18,1387
22.2,1128
22.19,2275
22.22,535
22.3,1423
22.31,1624
22.32,1908
22.33,152
22.28,1259
22.36,1851
22.26,1598
22.22,1543
22.23,1058
22.2,2681
22.18,1524
22.22,3135
22.14,3985
22.12,3212
22.16,3186
22.11,9137
22.1,32829
22.7,2877
22.53,6149
22.35,7147
22.37,2211
22.33,1888
22.13,2814
22.16,2279
22.19,2213
22.24,1296
22.27,329
22.31,732
22.27,786
22.25,108
22.21,815
22.24,3816
22.03,3302
22.06,2473
22.02,2295
21.99,2276
22.02,2727
21.97,2537
21.97,3290
21.95,4813
21.94,6636
22,8901
21.95,16724
21.98,1619
21.98,0
21.98,2783
21.99,1824
21.93,3380
21.81,1362
21.81,3293
21.77,2585
21.75,1444
21.78,1917
21.7,2145
21.73,1721
21.71,893
21.71,3543
21.69,1774
21.7,2227
21.67,4729
21.8,1263
21.81,2608
21.73,1506
21.79,5075
21.84,3058
21.76,3506
21.71,4198
21.69,11856
21.68,46539
21.85,5406
22,3763
22.1,2690
22.19,4532
22.24,2859
22.29,3661
22.3,2394
22.29,1410
22.29,1396
22.19,1100
22.21,2243
22.17,2089
22.16,2578
22.21,2520
22.17,3850
22.19,2038
22.22,2659
22.22,1189
22.25,2078
22.19,1467
22.21,3096
22.17,1901
22.2,3597
22.29,3073
22.36,19123
22.24,28905
22.22,1643
22.31,1015
22.43,1784
22.54,1408
22.66,1329
22.76,946
22.79,816
22.73,1706
22.64,941
22.61,635
22.58,644
22.63,618
22.66,680
22.73,400
22.63,524
22.55,1503
22.5,6318
22.45,5265
22.54,2547
22.5,2659
22.56,3351
22.55,6665
22.58,2759
22.65,4024
22.7,6020
22.65,46427
22.34,1644
22.86,2366
22.43,400
22.31,4107
22.18,5478
22.08,452
22.15,1123
22.1,1375
22.02,1063
22.05,2222
22,1430
22.08,3091
22.04,3449
22.09,919
22.04,2072
22.09,1717
22.07,1598
22.09,1955
22.11,2302
22.12,2139
22.18,992
22.24,1112
22.18,1453
22.24,1636
22.24,2647
22.26,13363
22.61,2340
22.84,2391
22.8,773
22.82,1125
22.79,1905
22.87,1706
22.9,1525
22.88,493
22.83,2307
22.78,4157
22.82,1165
22.78,861
22.81,554
22.79,1182
22.84,666
22.81,1643
22.84,1087
22.89,3418
22.89,2536
22.9,3725
22.96,3886
22.94,5579
22.99,5894
23.01,8049
23.07,17140
23.03,58087
23.13,2624
22.78,1855
22.56,2634
22.49,2293
22.59,2085
22.69,1939
22.47,2058
22.56,1551
22.78,2008
22.89,4609
22.85,2099
22.8,1965
22.89,3131
22.87,1829
22.8,2781
22.79,1189
22.79,1694
22.7,1164
22.69,1627
22.59,1636
22.55,3096
22.62,4298
22.66,2049
22.65,2212
22.7,8446
22.77,18328
22.74,2087
22.63,1729
22.52,1209
22.72,1577
22.85,2359
22.91,1408
22.97,1046
22.85,1355
22.74,2484
22.75,2087
22.69,941
22.66,1479
22.63,1145
22.65,800
22.64,1843
22.6,290
22.62,752
22.63,1768
22.53,1618
22.59,1786
22.66,1165
22.59,1995
22.57,719
22.6,2542
22.58,3079
22.51,12281
22.27,4337
22.69,3848
22.85,5724
22.75,1416
22.76,4407
22.76,1245
22.76,1741
22.74,1748
22.74,2225
22.79,3092
22.8,2296
22.84,1764
22.72,2147
22.72,2607
22.84,2838
22.84,1769
22.84,3192
22.87,4906
22.87,2251
22.94,1700
23,3029
22.94,1862
22.94,2199
22.96,3175
22.94,2749
22.87,13773
23.13,4700
23.13,1990
23.3,1747
23.32,1526
23.37,1137
23.4,1424
23.41,1955
23.36,1721
23.38,1056
23.34,2240
23.33,1215
23.28,2040
23.28,1761
23.22,9949
23.22,0
23.15,14697
23.3,521
23.18,2394
23.14,1649
23.15,3092
23.2,1107
23.16,1461
23.16,3090
23.12,797
23.18,1586
23.16,2388
23.18,5971
23.22,2254
23.22,1700
23.2,2525
23.27,3479
23.28,4263
23.22,2740
23.21,3015
23.25,4709
23.28,3419
23.29,5187
23.29,9960
23.35,2621
23.31,5057
23.32,16638
23.31,2832
23.26,3709
23.13,3018
23.12,4950
23.18,3475
23.18,4113
23.25,3599
23.2,2802
23.23,3971
23.29,2871
23.25,3976
23.24,1847
23.22,2412
23.28,2968
23.21,2844
23.2,1982
23.13,423
23.18,1295
23.2,1005
23.19,2105
23.09,1858
23.14,821
23.12,2940
23.06,8438
23.09,5497
23.12,17597
23.18,552
23.1,3127
23.14,1891
22.98,1416
22.97,2254
22.94,1419
23,659
23.1,3434
23.05,2575
23.2,1428
23.13,1241
23.1,2690
23.05,1161
23.1,300
23.1,305
23.16,1237
23.17,1567
23.15,565
23.14,1409
23.12,1627
23.07,1591
23.04,1406
23,1687
22.96,1926
23.01,3149
23.07,14292
23.16,942
23.27,4159
23.32,2436
23.28,1866
23.22,2353
23.17,3320
23.07,1518
23.04,2227
22.97,3142
23.05,1601
22.99,2065
23.1,4058
23.09,1613
23.12,539
23.15,1548
23.2,1160
23.17,2139
23.14,2394
23.15,1178
23.13,2431
23.2,4004
23.2,3887
23.22,3511
23.19,4900
23.13,7829
23.12,34559
23.22,1616
23.42,3957
23.38,5218
23.6,3375
23.58,1458
23.6,1521
23.48,2173
23.62,5268
23.69,2729
23.75,1767
23.84,730
23.87,5116
23.79,3935
23.78,2948
23.87,3137
23.78,3286
23.78,3188
23.84,2245
23.88,5508
24.01,6356
23.93,1374
23.88,2133
23.96,926
23.92,2072
23.84,8049
23.79,26720
23.61,2614
23.83,412
23.48,643
23.51,1059
23.49,934
23.47,958
23.4,1911
23.34,1111
23.34,641
23.39,1121
23.45,906
23.45,0
23.41,1354
23.36,426
23.36,0
23.33,1775
23.25,508
23.28,703
23.28,1232
23.28,2461
23.27,1934
23.36,1482
23.34,1379
23.3,2248
23.25,6579
23.29,13832
23.21,1414
23.06,2711
23.12,1426
23.01,961
23.04,2290
22.97,1820
23.04,2674
22.92,1005
23.05,436
22.95,830
22.94,500
22.91,627
22.92,1047
22.9,1441
22.9,0
22.95,1733
22.99,500
23,1683
23.06,1847
23.08,1353
23.09,1644
23.09,3805
23.06,3297
23.07,1065
23.07,3996
23.1,17952
23.25,1390
23.56,760
23.72,1481
23.54,1255
23.38,870
23.37,2244
23.28,6521
23.39,3007
23.4,5149
23.32,3038
23.2,1848
23.17,1882
23.11,3046
23.1,50640
23.11,2118
23.02,2520
23.08,1951
22.95,1491
22.95,1117
22.86,1744
22.8,2968
22.91,3241
22.77,6132
22.63,7714
22.59,4891
22.66,19164
22.6,2192
22.73,2962
22.98,3105
23.11,1415
23.18,2194
23.08,1450
23.07,644
22.95,860
22.94,794
22.86,306
22.85,403
22.81,1741
22.89,995
22.92,648
22.91,605
22.95,1327
22.96,1012
23.01,1589
22.91,672
22.89,1000
22.9,863
22.86,834
22.82,918
22.81,1413
22.88,2527
22.83,9721
22.91,1300
23.07,606
23.1,3300
23.09,1260
23.1,1086
23.06,1609
23.01,2709
22.96,1709
23.06,2451
23.01,1450
22.97,1549
22.91,1100
22.92,1310
22.9,3724
22.9,2244
22.91,1339
22.93,1915
22.97,2084
22.94,1938
22.97,2605
23.02,1631
22.95,2032
22.95,1613
22.97,926
23,2429
22.97,23445
22.55,3291
22.64,3529
22.35,4111
22.47,1875
22.39,3974
22.47,2330
22.47,2899
22.45,1172
22.51,206
22.51,4265
22.51,0
22.56,1822
22.67,2996
22.7,2412
22.59,2474
22.65,4803
22.62,4110
22.53,1448
22.57,2091
22.55,390
22.65,1895
22.64,828
22.65,3014
22.68,1770
22.69,3868
22.76,17916
22.62,2206
22.55,1159
22.43,3515
22.67,3638
22.63,3922
22.68,3679
22.7,3739
22.64,2951
22.65,3649
22.69,3445
22.68,3156
22.6,6253
22.51,3251
22.6,5477
22.52,1176
22.53,1694
22.5,3327
22.57,2366
22.54,1123
22.46,1250
22.46,1463
22.5,2213
22.54,1335
22.53,3509
22.45,4399
22.36,15763
22.44,2499
22.57,930
22.5,1704
22.42,750
22.4,2610
22.51,1289
22.47,732
22.4,1781
22.35,1171
22.34,882
22.4,2115
22.43,4320
22.48,1382
22.46,1323
22.47,1142
22.47,1000
22.46,11411
22.56,8887
22.74,2981
22.72,2253
22.89,3983
22.89,3858
22.95,6432
22.75,4329
22.78,3732
22.87,22522
23.3,8885
23.58,4140
23.28,2348
23.04,3922
22.97,1706
22.85,2003
22.92,1212
23,2118
23,2536
23.09,1647
23.09,1799
23.2,3138
23.11,2558
23.19,3886
23.17,3300
23.16,2490
23.12,2471
23.13,3194
23,3637
22.96,2349
22.96,4623
23.02,5265
23.07,4038
23.13,5029
23.12,7731
23.02,21289
23.02,2416
22.59,2350
22.63,1949
22.68,2740
22.57,5945
22.73,4775
22.84,1623
22.8,1602
22.83,2548
22.76,2910
22.84,1979
22.92,1341
22.9,967
22.85,1134
22.91,1121
22.85,872
22.87,1206
22.81,1410
22.78,1544
22.84,2193
22.84,3146
22.96,2498
22.95,3641
23.04,4572
23.22,5591
23.1,16637
23.45,3122
23.28,4298
23.12,5333
22.95,2624
22.97,1576
22.97,2886
22.92,2073
22.92,658
22.94,1591
22.94,1065
22.89,2233
22.98,1000
23.03,2630
22.94,720
22.89,552
22.91,1043
22.96,1965
22.88,1208
22.88,2341
22.84,2423
22.9,2701
22.93,1406
22.94,3009
22.92,3255
22.88,8119
22.73,21106
22.92,3572
22.85,2206
23.08,5248
22.94,1154
22.94,1546
23.01,972
23.12,1101
23.16,530
23.24,100
23.25,484
23.29,3720
23.27,2101
23.41,1391
23.47,2161
23.58,2587
23.57,3929
23.55,2536
23.56,1288
23.53,2056
23.56,3986
23.62,1387
23.57,3811
23.56,3667
23.53,8132
23.52,6351
23.48,33552
23.76,6546
23.81,5729
23.78,4351
23.74,3407
23.72,5807
23.64,3166
23.63,4547
23.71,2623
23.76,2710
23.71,1306
23.56,210
23.55,1483
23.52,2393
23.53,1465
23.59,1160
23.57,2213
23.55,2440
23.58,3826
23.59,1449
23.52,3222
23.66,1618
23.57,1524
23.41,2754
23.36,4112
23.27,4611
23.28,15082
23.54,541
23.36,1775
23.44,5553
23.33,2062
23.33,2359
23.41,1855
23.45,1467
23.4,1275
23.38,526
23.39,1066
23.36,1260
23.33,1260
23.2,503
23.35,854
23.4,441
23.35,675
23.35,800
23.34,1420
23.43,1167
23.39,1347
23.42,927
23.43,3144
23.43,1028
23.42,4938
23.48,4952
23.49,30804
23.64,4054
23.82,3098
23.93,1825
23.93,2251
23.97,4132
24.01,3241
24.18,2184
24.29,3475
24.52,3323
24.43,3875
24.57,4346
24.57,2129
24.61,1050
24.6,1380
24.41,607
24.32,1540
24.35,872
24.44,2594
24.42,1751
24.45,1378
24.27,616
24.43,2171
24.38,3408
24.41,1252
24.31,3223
24.27,26532
24.36,301
24.32,566
24.36,1348
24.3,1238
24.31,1442
24.39,650
24.41,592
24.35,732
24.28,1627
24.27,1271
24.33,1250
24.33,968
24.28,642
24.3,1328
24.31,1301
24.35,907
24.36,347
24.34,570
24.3,1253
24.34,872
24.31,806
24.28,1537
24.28,515
24.25,1436
24.3,2412
24.3,8156
24.19,1044
24.41,1331
24.37,411
24.43,341
24.48,1006
24.44,808
24.33,654
24.35,788
24.3,402
24.28,509
24.27,1274
24.36,1485
24.29,300
24.3,1030
24.3,1075
24.34,1941
24.37,1782
24.38,702
24.3,2326
24.2,2116
24.23,734
24.24,1967
24.26,1008
24.3,1206
24.26,1112
24.19,7338
24.14,550
24.21,952
24.08,613
24.02,1029
23.98,1412
23.96,100
23.93,799
23.92,585
23.99,1208
24.05,1177
24.12,777
24.13,228
24.06,987
24.03,599
24,807
23.94,877
23.96,817
23.95,1215
23.92,300
23.88,1033
23.86,1578
23.86,8397
23.82,2867
23.84,1024
23.87,2834
23.88,8752
23.71,828
23.87,1115
23.83,812
23.74,1827
23.73,1043
23.62,1197
23.57,2701
23.53,7147
23.52,3077
23.46,2614
23.41,3527
23.41,3922
23.37,2256
23.33,4663
23.41,6163
23.42,4292
23.47,974
23.56,921
23.52,611
23.53,1564
23.52,1038
23.52,1460
23.54,880
23.55,1951
23.61,1559
23.57,4444
23.69,1305
23.89,1989
23.96,1817
23.94,1076
23.76,745
23.71,2056
23.75,1871
23.9,362
23.82,1052
24,700
24.04,1222
23.98,199
23.98,251
23.97,1653
23.92,600
23.9,2237
23.89,2519
23.84,3317
23.82,2065
23.86,1639
23.84,3267
23.8,5378
23.75,4900
23.74,2696
23.7,12048
23.62,31607
23.51,1707
23.42,1209
23.48,913
23.62,1430
23.74,1108
23.8,1422
24.08,1272
23.98,902
24.11,2763
24.11,1624
24.06,878
23.98,1018
23.96,1500
24,752
23.99,700
24.04,3220
24.13,496
24.21,7015
24.19,5054
24.11,1733
24.23,9939
24.23,1479
24.08,7863
24.01,6710
24.03,4117
24.02,7909
24.07,1624
24.11,1256
24.25,1040
24.25,2343
24.37,723
24.71,2732
24.66,2596
24.72,2026
24.78,1015
24.7,1173
24.5,228
24.52,560
24.52,200
24.5,706
24.5,1146
24.55,837
24.56,568
24.58,1646
24.68,2341
24.83,4079
24.86,1752
24.71,826
24.77,1449
24.67,2724
24.68,4260
24.61,15143
24.85,3061
24.82,4568
24.82,3672
24.75,3802
24.96,1695
24.93,1523
24.84,11175
24.74,3678
24.76,5598
24.81,1986
24.79,2331
24.75,2032
24.83,2958
24.84,2257
24.88,1291
24.84,2482
24.96,3821
24.98,2479
25,1329
25.01,1933
25.02,1597
24.9,1740
24.89,4514
24.98,1922
24.97,5351
24.94,17258
24.93,9700
24.04,10975
24.26,3121
24.2,855
24.36,1910
24.43,500
24.51,1504
24.6,1340
24.61,940
24.6,1444
24.59,1731
24.48,1431
24.44,1367
24.4,752
24.47,744
24.49,1168
24.53,1440
24.52,1174
24.46,1931
24.5,919
24.53,787
24.45,1224
24.41,4743
24.42,4591
24.44,3021
24.54,9725
24.32,1343
24.14,3058
24.22,1668
24.23,1409
24.1,567
24.04,1016
23.97,501
24.01,1215
23.97,904
23.96,1229
24.02,622
24.07,1916
24.09,1791
24.23,2422
24.29,1336
24.3,259
24.19,1537
24.19,1030
24.18,2394
24.2,1794
24.25,509
24.24,501
24.26,1074
24.29,2053
24.31,1105
24.32,12616
24.05,1823
23.7,2619
23.63,9694
23.48,888
23.44,1111
23.36,3423
23.44,5003
23.41,2472
23.47,1057
23.59,327
23.55,1400
23.52,2306
23.57,1195
23.6,9478
23.56,1455
23.43,1163
23.35,2594
23.18,5495
23.1,6314
23.16,1915
23.13,4051
23.21,1843
23.22,2698
23.1,6183
23.1,5988
23.11,79075
23.32,951
23.22,1774
23.2,2695
23.2,3057
23.3,3179
23.26,3222
23.19,1613
23.16,2185
23.1,1946
23.14,1978
23.12,2758
23.08,503
23.01,366
23.08,3240
23.08,2003
23.05,5223
23.04,1833
23.05,352
23.1,1453
23.1,1666
23.13,2042
23.13,687
23.17,2207
23.11,2541
23.11,2113
23.1,12095
23.46,4516
23.39,1124
23.39,0
23.33,1535
23.26,1736
23.19,1916
23.16,646
23.18,500
23.33,749
23.23,2535
23.11,768
23.09,517
23.04,1041
23.03,3668
23.09,1939
23.01,1331
23.03,271
23.02,531
22.99,3115
23.18,2232
23.12,3916
23.12,2438
23.14,2011
23.19,2702
23.11,4038
23.09,10279
23.14,4960
22.94,2667
22.99,5460
22.84,4218
23.03,6019
22.96,3159
22.93,5002
22.79,3725
22.91,4414
22.87,4910
22.8,5182
22.73,3635
22.68,3266
22.71,4672
22.62,2335
22.71,3087
22.64,2489
22.6,3334
22.6,4315
22.57,2205
22.58,5131
22.59,2162
22.52,4109
22.51,5838
22.45,6692
22.48,26392
22.2,3382
22.19,3752
22.23,5825
22.55,6222
22.28,3054
22.34,2461
22.35,2127
22.31,4014
22.4,2625
22.37,3104
22.35,2507
22.41,4160
22.35,1054
22.32,510
22.37,640
22.33,1811
22.33,1937
22.3,3240
22.43,3286
22.49,1812
22.5,902
22.62,5096
22.57,3343
22.52,2619
22.48,6943
22.47,7660
23.63,92964
24.23,44104
24.31,41437
24.69,15564
24.8,26499
24.49,20487
24.51,11081
24.38,8899
24.54,12909
24.43,7754
24.46,6278
24.3,12196
24.53,9140
24.51,9081
24.48,9973
24.41,5946
24.23,9003
24.39,9469
24.37,11668
24.52,10368
24.65,6821
24.6,9437
24.75,7738
24.54,7585
24.62,15404
24.57,55104
24.67,5339
24.83,7705
24.72,4049
24.81,11412
24.89,6802
24.89,4610
24.95,5065
25.11,4253
25.01,4428
24.93,4244
24.83,2579
24.9,4857
25,3933
25.05,2599
24.96,1312
25.02,3276
25.09,3830
25.07,3639
25.07,5497
25.1,4276
25.06,7458
25.06,5408
25.13,9582
25.13,7543
25.18,11698
25.2,37515
25.25,4326
25.36,4374
25.16,8983
25.05,7910
25.02,9084
24.85,6209
24.93,3321
24.86,3567
24.9,3693
24.86,8277
24.91,4359
24.86,4103
24.87,14022
24.85,6688
24.93,3202
24.87,4520
24.69,10191
24.78,9289
24.83,6315
24.76,3095
24.74,5194
24.72,6263
24.79,4277
24.9,17619
24.8,11700
24.68,63532
24.69,5483
24.97,2183
25,6491
25.01,1410
24.94,1265
24.78,2288
24.68,3752
24.77,3414
24.82,736
24.86,3199
24.89,2277
24.85,2205
24.85,200
24.84,960
24.87,2519
24.92,1425
24.93,2050
24.99,1795
24.99,2241
24.96,439
24.87,2759
24.93,1644
24.91,1864
24.96,2331
24.94,8334
25.02,13404
25.32,2256
25.41,9371
25.52,4896
25.76,5676
25.88,3498
26.06,7477
25.98,7029
26.18,4847
26.11,3113
26.14,3670
26.21,3332
26.15,3357
26.14,4590
26.21,1447
26.29,2893
26.22,2865
26.14,2612
26.04,1169
25.99,909
25.92,2932
25.96,1878
25.97,3872
25.99,4281
25.87,2504
25.86,2366
25.92,14832
26.28,1961
26.02,2969
26.03,2279
25.79,5502
25.65,10475
25.79,2841
25.71,1143
25.7,1396
25.64,1388
25.62,2452
25.61,3014
25.65,1018
25.63,1568
25.68,2915
25.75,2595
25.76,5820
25.75,5458
25.84,1449
25.71,3390
25.8,4677
25.9,2291
25.88,1567
25.91,3034
25.83,1893
25.81,5354
25.78,16877
25.71,2097
25.71,1331
25.84,2486
25.92,1490
26.06,2647
26.26,2888
26.22,1374
26.17,1814
26.11,2195
25.97,1090
25.92,1923
25.84,1409
25.84,2244
25.79,2781
25.84,710
25.79,1527
25.92,770
25.92,1281
25.96,920
26.04,847
26.08,1130
26.12,1106
26.16,1513
26.1,1179
26.03,3042
26.06,21839
26.01,3734
25.77,14597
25.69,2529
25.53,715
25.59,2505
25.84,1391
25.81,2903
25.83,1362
25.77,1480
25.71,2066
25.76,1570
25.7,1250
25.7,2137
25.64,1177
25.67,1197
25.68,1544
25.73,4335
25.68,2929
25.67,5428
25.7,8441
25.67,9873
25.7,5675
25.72,5171
25.79,4763
25.83,6856
25.84,8908
25.55,1817
25.59,558
25.77,4841
25.51,1640
25.41,1390
25.44,2857
25.53,2108
25.57,1999
25.61,1978
25.65,857
25.67,1502
25.66,1306
25.66,2003
25.64,1700
25.7,1190
25.79,3419
25.77,6073
25.85,1000
25.88,1180
25.94,1203
25.97,1376
26.07,1676
26.04,476
25.97,1399
26.04,2538
26.04,11317
25.99,1237
26.18,5151
26.15,1788
26.2,3686
26.13,1389
26.11,1728
26.12,318
26.1,1809
25.97,1521
26.07,404
26.02,207
26,616
25.99,1177
26.01,300
26.07,1109
26.09,1067
26.07,293
26.06,773
26.12,1211
26.12,2639
26.09,5796
26.31,4754
26.09,2650
26.03,1534
26,1863
25.94,8504
26.08,2041
26.26,1429
26.04,2708
25.92,1569
25.99,1412
25.9,1084
25.94,1511
26,730
25.93,724
25.94,829
25.98,2352
26.02,1236
26.04,1522
25.8,2777
25.63,2069
25.7,2637
25.87,804
25.98,2133
25.95,1986
25.92,2617
26.02,1389
26.02,1130
26.07,3184
26.05,3034
26.05,1613
26.09,9580
26.09,2970
25.86,2241
25.96,3091
25.88,6421
25.98,1324
26.05,2476
25.96,3226
25.92,615
25.93,2094
25.92,3694
25.92,1724
25.99,1182
26.09,1895
25.99,317
26.01,1044
26.04,1142
26.09,972
26.05,783
26.03,1223
26.09,1180
26.08,1741
26.07,671
26.12,636
26.15,2760
26.14,5377
25.97,20757
25.46,5161
25.19,10296
24.92,3938
25.06,4223
25.12,4770
25,7831
25.01,1781
25.05,4393
25.04,3916
25.02,4460
25.03,3395
25.03,3848
25,3190
25.14,2370
25.1,2005
25.1,1766
25.15,4920
25.22,2568
25.23,6180
25.19,4258
25.21,5301
25.27,4795
25.35,7571
25.13,10499
25.24,10334
25.27,21596
25.19,812
25.25,2388
24.96,4869
24.93,2291
24.89,3480
25.17,1361
24.81,1141
24.83,8513
24.87,5358
25.02,2940
24.99,3161
25,3119
25.02,1187
24.95,2240
24.98,1218
24.97,1008
24.98,852
25.01,2002
25.03,1556
24.89,3794
24.87,5399
24.9,3350
24.9,3692
24.94,3897
24.82,13670
24.8,33038
25.02,2013
24.94,8718
24.97,3257
24.88,2813
24.89,2348
24.78,2295
24.84,1309
24.95,1294
24.87,1390
24.94,2118
24.84,1469
24.82,742
24.77,4466
24.82,2990
24.82,2237
24.84,3034
24.86,1655
24.76,1182
24.75,3111
24.82,3721
24.86,2076
24.85,4214
24.89,6876
24.95,5633
25.05,10166
25.13,31282
24.05,14289
23.92,24463
24.2,3314
25.02,4612
24.85,3138
24.97,2106
25.17,1213
25.29,2548
25.29,6177
25.14,3665
25.29,1441
25.23,900
25.05,1265
25.2,2897
25.02,1957
24.96,1267
25.01,1638
25.1,669
25.11,1299
25.13,1213
25.15,1229
25.12,1387
25.19,2680
25.13,1499
25.14,6248
25.12,22404
25.05,5821
24.22,8227
24.04,10750
23.98,6172
24.18,3087
24.25,3375
24.54,1820
24.59,3353
24.67,1993
24.47,2543
24.56,3867
24.55,4021
24.65,2959
24.62,2654
24.67,1410
24.67,1188
24.75,2204
24.69,4025
24.5,8475
24.69,2572
24.6,7987
24.63,8031
24.4,6198
24.45,4035
24.54,10024
24.48,55706
24.67,1835
24.74,1431
24.93,4661
24.73,1911
24.64,1662
24.71,1844
24.74,1766
24.73,2111
24.69,3608
24.7,3088
24.68,1386
24.62,16079
24.72,1671
24.91,2686
24.95,1422
24.83,903
24.81,2620
24.74,1726
24.66,2627
24.65,2793
24.64,3154
24.66,2371
24.62,5528
24.59,4328
24.44,8286
24.49,21517
24.24,18573
24.27,2160
24.16,4145
24.16,6878
24.39,5791
24.44,2728
24.38,3606
24.36,4167
24.26,2529
24.26,9313
24.25,8222
24.22,3907
24.1,3365
24.12,3487
24.13,5004
24.09,4920
24.09,8240
24.11,7311
24.13,5818
24.06,2430
24.06,8140
24.02,10181
23.96,9482
23.94,11315
24.02,11938
24.16,29721
24.19,928
24.13,4597
24.21,2989
23.95,1273
24,1709
23.99,2165
24,3527
24.01,2940
24.06,8394
24.02,4164
23.96,2378
24.06,3127
24.13,1127
24.11,2285
24.11,13040
24.04,2310
23.99,3766
24.12,1919
24.12,1220
24.09,3111
24.17,2825
24.19,968
24.19,2572
24.19,2051
24.24,3030
24.16,19669
23.67,6402
23.79,4908
23.89,5745
23.7,3501
23.89,5534
24.02,3991
23.78,2417
23.77,1508
23.73,1888
23.84,3451
23.87,2252
23.93,2494
23.83,4745
23.85,1521
23.82,2059
23.87,3228
23.8,2922
23.99,1842
23.98,3662
24.02,2719
24.06,5156
24.04,2365
24.09,2146
24.05,8445
23.99,15195
23.95,22781
23.78,1670
23.46,7589
23.59,6220
23.76,4134
23.74,3130
23.73,2688
23.62,843
23.65,6102
23.78,1801
23.79,2174
23.88,1856
23.89,3619
23.89,4353
23.88,4659
23.82,553
23.78,4494
23.79,5564
23.83,3943
23.78,3738
23.86,2254
23.83,8043
23.77,3081
23.7,3797
23.67,6264
23.69,4212
23.66,19941
23.51,2916
23.34,6269
23.19,4373
23.19,5858
23.14,3827
22.96,8436
23.02,3687
22.89,4693
23.03,6123
22.97,3588
22.97,3344
23.1,5015
23.08,4513
23.01,4102
23.01,3247
22.97,3104
22.92,3543
22.93,4197
22.93,3479
22.94,7814
22.88,4779
22.99,16254
23.02,4391
23.05,8988
23.08,16113
23.15,31251
23.39,694
23.79,822
23.66,3840
23.79,2477
23.84,4555
23.98,3116
24.03,3378
24.04,2915
23.96,3586
24.03,2316
23.98,1852
23.93,4663
23.99,2223
23.95,2204
23.97,5711
23.95,3789
23.94,3595
23.95,2705
23.95,2502
23.94,2034
23.93,1952
23.96,1766
23.94,1848
23.91,2267
23.91,5380
23.91,17777
24.03,2431
23.84,2023
23.8,2644
23.89,2893
23.83,2655
23.8,3354
23.86,3701
24,2244
23.91,2396
23.92,2878
23.92,1124
24.04,2335
24.13,3078
24.14,2337
24.2,2412
24.08,1117
24.06,752
24.06,2537
24.05,1621
23.98,4065
23.98,4057
24.06,3902
24.08,1467
24.06,3264
24.08,7419
24.14,25963
24.09,1639
23.94,2971
23.98,1052
23.97,4677
24.01,14342
24.01,3933
24.07,3694
24.04,2008
24.07,1479
24.04,2061
24.08,2082
24.17,1965
24.12,3439
24.09,1062
24.08,1595
24.06,5276
24.06,2156
24.23,2381
24.21,6201
24.18,3143
24.06,2288
24.06,1858
24.05,3445
24.12,1468
24.1,1652
24.13,15680
24,655
24.13,2078
24.2,993
24.15,2004
24.24,3552
24.16,1541
24.14,9551
24.03,2028
24.04,2071
24.08,965
24.05,1087
24,1528
24.05,1669
24.06,1847
24.19,26462
24.13,2108
24.11,1849
24.14,1341
24.14,1239
24.11,933
24.11,2185
24.13,2614
24.12,2149
24.14,1690
24.15,5744
24.15,25473
24.55,9852
24.43,5848
24.32,6586
24.35,4263
24.32,3356
24.4,3619
24.46,1274
24.38,1198
24.41,2446
24.38,3172
24.39,4492
24.4,2271
24.38,2051
24.37,1650
24.38,3389
24.35,1577
24.35,1078
24.4,1124
24.48,1149
24.47,2136
24.46,1454
24.39,839
24.37,1242
24.37,1384
24.37,4634
24.41,26033
24.09,4056
24.4,1469
24.34,2090
24.32,1247
24.34,1322
24.32,2366
24.25,919
24.13,863
24.2,805
24.23,1370
24.34,504
24.36,843
24.32,804
24.4,1228
24.39,409
24.4,566
24.4,6795
24.31,996
24.32,864
24.19,863
24.18,1274
24.08,945
24.05,2314
24,1072
23.99,4445
24.06,14984
24.17,3176
24.23,14257
24.31,2087
24.15,1706
24.24,2830
24.27,2005
24.25,2638
24.38,2076
24.29,2520
24.28,1218
24.21,1603
24.18,2680
24.29,3555
24.28,576
24.27,3399
24.25,2809
24.22,1236
24.23,1785
24.3,3412
24.31,3064
24.26,2696
24.22,2802
24.16,2291
24.19,2816
24.21,5685
24.18,37800
24.32,3871
24.48,2918
24.43,4855
24.4,4077
24.45,2498
24.44,1643
24.42,6365
24.49,16598
24.49,9053
24.51,6247
24.5,2055
24.51,8042
24.5,1011
24.37,1826
24.43,1371
24.41,3810
24.42,300
24.44,745
24.54,3267
24.51,28105
24.54,679
24.53,2120
24.53,19227
24.53,7348
24.56,9171
24.5,30126
24.54,1789
24.85,5493
24.79,3367
24.81,3087
24.86,5645
24.82,1201
24.78,2059
24.78,4522
24.76,21134
24.75,1192
24.74,1092
24.75,1483
24.72,3555
24.75,14722
24.75,25560
24.73,13543
24.69,31995
24.75,1993
24.79,3569
24.73,4783
24.7,5819
24.67,3618
24.58,3752
24.61,937
24.61,3180
24.6,18815
24.52,5019
25.01,3092
25.13,5591
24.99,398
24.91,2183
24.98,1298
25.05,3128
25.12,3563
25.17,2145
25.09,1746
25.05,1414
25.08,1104
25.05,757
25.07,398
25.07,797
25.07,708
25.1,2899
25.09,5130
24.99,4546
25.07,1401
24.95,609
24.93,2650
24.89,2717
24.84,2349
24.83,3393
24.77,15133
25.16,6213
25.25,4046
25.12,6953
25.13,3006
25.11,2271
25.03,1192
25.11,2346
25.24,2881
25.3,1681
25.39,3044
25.4,5304
25.46,6385
25.51,6822
25.58,7518
25.58,4371
25.4,2054
25.4,3002
25.47,3925
25.38,1954
25.33,2716
25.37,4365
25.37,11730
25.44,8790
25.42,4318
25.39,8287
25.54,17068
25.64,1218
25.75,509
25.81,3411
25.85,1919
26,2224
25.99,1517
26.07,821
26.05,1892
26.12,2665
26.11,1883
26.19,1891
26.19,5895
26.28,2651
26.3,5856
26.34,4045
26.39,1299
26.28,3366
26.3,1052
26.26,5503
26.23,4082
26.13,866
26.1,3105
26.06,2823
26.04,2465
26.02,5453
26.01,12544
26.14,667
26.31,761
26.18,2849
26.03,1357
26,2438
26.01,3726
26.09,1534
26.13,1270
26.2,1976
26.23,728
26.25,3955
26.29,4656
26.37,1364
26.27,1178
26.26,504
26.27,1685
26.33,898
26.24,2459
26.08,2467
26.16,5348
26.04,4134
26.12,2058
26.2,5802
26.22,2823
26.29,8555
26.28,8761
26.36,2398
25.6,1899
25.39,1645
25.36,1982
25.43,609
25.36,452
25.33,2110
25.43,592
25.4,2308
25.5,1440
25.48,1555
25.55,2365
25.51,4052
25.55,1321
25.54,1673
25.51,2679
25.5,1354
25.51,1866
25.53,1914
25.5,2045
25.51,2245
25.52,4553
25.51,2648
25.47,4279
25.53,2810
25.42,14123
25.16,1042
24.94,1800
25.19,3527
25.08,1221
25.16,1065
25.1,1650
25.07,600
25.03,1237
25.01,2221
24.87,1719
24.78,3412
24.76,1767
24.7,3517
24.66,3945
24.63,858
24.62,2351
24.6,3239
24.67,1837
24.66,4925
24.64,5787
24.61,16487
24.5,3972
24.44,10282
24.46,6680
24.55,9008
24.54,49664
24.5,548
24.38,2332
24.33,12915
24.18,3512
24.06,5526
24.18,7040
24.32,5045
24.32,1165
24.45,1791
24.49,2921
24.45,2604
24.54,2371
24.57,1391
24.6,2990
24.61,1385
24.63,762
24.7,1767
24.62,2354
24.64,2719
24.69,4028
24.59,6652
24.62,3646
24.55,5961
24.54,5071
24.52,6422
24.53,12081
24.35,3425
24.17,6575
24.12,11592
24.11,9748
24.08,5017
24.23,8320
23.86,4261
23.83,6514
23.78,6852
23.9,1496
23.91,2305
23.95,3380
23.97,2993
24.01,2648
24.04,1724
24.09,3966
24.05,5115
24.06,2677
24.05,3559
24.08,5638
24.06,5274
24.07,6929
24.05,4303
24.02,7005
24.03,14823
23.99,28446
23.86,3862
23.84,3639
24.03,13822
23.94,5004
23.82,5806
23.79,4098
23.93,3898
23.86,4052
23.84,1449
23.85,4035
23.84,7689
23.81,2426
23.81,2952
23.73,36706
23.48,3896
23.62,4910
23.71,7599
23.78,5018
23.78,3856
23.63,6482
23.63,7951
23.66,10387
23.68,7635
23.64,14987
23.49,20811
23.57,58257
23.25,9239
23.36,9382
23.38,6453
23.47,25927
23.63,5879
23.84,3550
23.84,4948
23.83,11221
23.87,4819
23.82,4331
23.79,3268
23.81,4729
23.8,2835
23.81,4317
23.79,3226
23.8,5951
23.78,5815
23.7,2937
23.81,3229
23.81,4466
23.78,2080
23.75,3035
23.71,1623
23.73,4698
23.81,20876
23.74,30612
23.49,491
23.56,958
23.45,2285
23.71,1188
23.63,1620
23.6,2199
23.62,621
23.73,1642
23.7,1009
23.66,3618
23.58,1527
23.53,1329
23.62,1495
23.7,2777
23.62,2756
23.56,2218
23.6,1288
23.6,2105
23.62,2642
23.69,6083
23.79,1901
23.79,2279
23.74,1872
23.72,2008
23.72,4596
23.71,12622
23.68,367
23.73,2407
23.65,3300
23.62,5389
23.54,3628
23.64,1606
23.61,2216
23.64,1962
23.62,2795
23.56,2531
23.57,2360
23.58,2186
23.58,0
23.76,300
23.76,1556
23.8,200
23.8,1833
23.79,884
23.82,2659
23.84,1713
23.89,2077
23.93,3806
23.87,3044
23.76,2227
23.74,8127
23.7,27387
23.79,1006
24,2071
24.08,5296
23.97,4320
23.77,6519
23.81,4593
23.78,3363
23.8,4678
23.81,5159
23.89,4287
23.85,2311
23.83,2685
23.85,1439
23.82,2103
23.81,2887
23.86,3469
23.89,2426
23.88,2444
23.82,2516
23.82,4171
23.79,5238
23.74,4213
23.73,4853
23.79,5026
23.81,7441
23.76,21086
23.82,762
23.9,2704
23.94,2023
23.84,2726
23.96,2519
23.9,1093
23.91,1612
23.87,1487
23.89,2710
23.82,921
23.86,1782
23.87,1492
23.84,1222
23.83,621
23.84,1856
23.76,2311
23.75,4288
23.75,2873
23.73,868
23.68,961
23.67,1473
23.64,1820
23.64,2400
23.62,2314
23.55,3608
23.47,12998
23.62,7669
23.74,3297
23.79,3975
23.65,4479
23.57,3011
23.51,5549
23.68,9609
23.68,10620
23.62,4159
23.62,3108
23.63,3307
23.67,3034
23.61,1194
23.6,2902
23.61,6822
23.54,3307
23.51,2101
23.46,1520
23.46,9827
23.48,4843
23.44,8188
23.43,6399
23.33,9797
23.22,6105
23.31,4852
23.31,14584
23.5,1443
23.06,4910
23.24,1959
23.04,3032
22.96,7253
22.84,4098
22.87,961
22.87,230
22.99,1105
22.94,649
22.94,895
22.92,1939
22.89,3579
22.92,1480
22.93,1587
22.98,1292
22.99,1696
22.97,3066
22.99,2317
22.97,3402
22.98,2752
22.97,2083
22.95,1931
22.92,8129
22.95,7468
22.87,20021
22.97,1476
23.15,2814
23.43,2762
23.52,2629
23.43,1160
23.38,1718
23.35,3628
23.41,2789
23.47,4764
23.43,2695
23.39,2038
23.43,917
23.41,726
23.44,531
23.42,1308
23.42,526
23.42,1833
23.47,105
23.44,1257
23.47,1033
23.46,2447
23.55,1811
23.49,2917
23.44,3582
23.41,7970
23.45,13482
23.68,1218
23.66,699
23.5,2868
23.37,6117
23.44,5639
23.31,5275
23.49,3154
23.52,3266
23.62,4781
23.71,4641
23.64,2318
23.69,3292
23.72,3432
23.77,2706
23.67,8896
23.64,2864
23.7,3789
23.69,1227
23.71,516
23.72,1553
23.73,2883
23.73,5160
23.72,4000
23.69,3012
23.67,7429
23.74,32884
23.64,1328
23.71,1919
23.62,3248
23.55,2142
23.44,3276
23.45,3643
23.47,2452
23.53,2202
23.58,1981
23.55,1401
23.62,1202
23.62,2703
23.65,2110
23.69,1503
23.67,4965
23.67,2266
23.64,2020
23.53,2701
23.49,1879
23.47,2198
23.49,2540
23.41,1859
23.46,2983
23.44,3828
23.43,9270
23.55,12550
23.61,200
23.73,735
23.86,1512
23.73,1037
23.63,684
23.61,1406
23.57,323
23.52,1666
23.38,1209
23.5,306
23.5,1200
23.47,1062
23.5,925
23.49,1734
23.49,1072
23.55,1049
23.51,1009
23.43,507
23.44,358
23.45,2779
23.45,1070
23.51,2782
23.5,2777
23.52,2703
23.53,3372
23.59,10872
23.76,1235
23.55,334
23.49,1518
23.53,975
23.46,568
23.48,1097
23.61,230
23.64,842
23.63,506
23.61,887
23.5,200
23.47,2462
23.55,1292
23.45,1276
23.45,752
23.41,1400
23.39,342
23.34,1488
23.36,653
23.39,1053
23.35,2982
23.29,3541
23.29,3190
23.24,8599
23.21,5871
23.26,18157
23.33,1759
22.97,2689
23.16,679
23.23,529
23.21,1521
23.11,1148
23.14,1178
23.1,3982
23.14,652
23.09,1916
23.12,1364
23.07,2025
22.99,1549
22.95,2712
22.92,3820
22.98,3082
22.96,2165
22.9,2463
22.91,6948
22.85,6975
22.84,6457
22.78,14101
22.72,7607
22.7,6248
22.73,10897
22.63,36297
22.49,964
22.42,1086
22.5,1173
22.56,1945
22.45,2646
22.54,1551
22.54,200
22.57,513
22.57,1336
22.64,4400
22.69,4023
22.78,4091
22.81,1548
22.85,4384
22.86,4707
22.81,1346
22.76,816
22.69,819
22.71,1104
22.76,1602
22.75,1532
22.8,659
22.72,2861
22.76,1004
22.76,4331
22.7,14579
22.64,148
22.6,860
22.66,2264
22.6,1362
22.64,951
22.72,1297
22.78,757
22.8,950
22.83,1334
22.8,1836
22.82,301
22.86,678
22.91,1985
22.92,417
22.94,1226
22.84,1367
22.85,1555
22.87,923
22.89,305
22.87,500
22.84,802
22.82,684
22.85,790
22.83,376
22.85,5066
22.79,7160
22.92,145
22.97,2453
22.92,1319
22.83,517
22.86,982
22.65,1472
22.68,7298
22.64,1345
22.62,867
22.64,1265
22.57,930
22.58,2012
22.65,584
22.62,1327
22.61,1697
22.61,888
22.66,1173
22.68,1496
22.67,2102
22.69,1618
22.68,1651
22.68,2580
22.68,748
22.66,1544
22.73,3578
22.73,11307
22.3,1922
22.35,2325
22.46,1326
22.6,691
22.68,1871
22.8,1344
22.75,1504
22.67,840
22.68,1137
22.68,1219
22.62,2156
22.67,503
22.68,1332
22.68,0
22.7,1735
22.69,286
22.66,2239
22.72,1450
22.84,1184
22.82,1310
22.76,612
22.81,1373
22.82,1112
22.81,1152
22.84,7536
22.81,10839
21.37,23176
22.11,5723
22.13,3215
22.34,2084
22.43,3236
22.54,2868
22.59,3609
22.72,6129
22.71,1677
22.82,1908
22.93,738
22.91,1080
22.86,2699
22.85,350
22.95,872
22.94,1123
22.92,300
22.85,1512
22.84,1264
22.88,1137
22.88,2463
22.88,1536
22.89,1373
22.84,2318
22.72,4118
22.84,11809
22.79,2515
22.96,4042
22.8,2955
22.87,2072
22.92,952
22.92,1023
22.89,2071
22.91,400
22.88,1962
22.85,3572
22.73,1758
22.79,3669
22.81,6193
22.6,1451
22.65,3993
22.65,1356
22.64,1624
22.66,1948
22.67,2010
22.69,1502
22.6,3104
22.53,995
22.51,2557
22.5,7700
22.46,8379
22.4,23574
22.48,2353
22.36,3501
22.57,3477
22.39,1763
22.34,2431
22.39,2332
22.45,1172
22.5,1235
22.46,2708
22.42,1011
22.49,1039
22.49,918
22.42,1112
22.39,536
22.4,1655
22.42,1848
22.31,509
22.35,361
22.36,431
22.35,2106
22.22,2892
22.25,1961
22.21,2430
22.22,4218
22.2,5167
22.22,10339
22.54,3411
22.25,6518
22.34,6535
22.68,13918
22.62,6198
22.81,3897
22.84,6550
22.84,3850
22.94,1909
22.98,1204
22.97,1855
23.03,1752
23.04,1614
23.06,13359
23.12,3514
23.14,6789
23.1,4818
23.17,2787
23.2,8373
23.24,3602
23.31,10160
23.32,6552
23.44,11005
23.42,5962
23.43,21081
23.55,44457
23.64,7763
24.04,4457
24.09,2913
23.95,2982
23.86,3556
23.86,3082
23.97,1897
24.03,5369
23.92,4284
23.86,1358
23.96,2490
23.86,5615
23.8,2752
23.9,3390
23.87,5803
23.97,4709
23.94,3203
23.93,676
23.92,4992
23.81,6097
23.87,12288
23.86,23524
23.61,2191
23.48,12055
23.51,7753
23.42,14393
23.41,2723
23.35,3092
23.67,2741
23.73,611
23.65,864
23.7,1370
23.76,865
23.78,1415
23.74,1334
23.74,400
23.67,567
23.62,1657
23.72,1469
23.71,1468
23.54,976
23.56,1640
23.58,737
23.5,666
23.52,729
23.45,457
23.38,2639
23.35,8440
23.3,3762
23.42,3464
23.43,4290
23.42,11549
23.37,639
23.37,402
23.49,621
23.55,724
23.56,580
23.56,205
23.49,1325
23.53,701
23.48,441
23.38,921
23.39,1389
23.31,872
23.3,473
23.33,698
23.38,1011
23.41,100
23.39,110
23.39,797
23.36,300
23.38,1785
23.34,1981
23.3,1411
23.32,833
23.37,1646
23.36,5356
23.32,9624
23.34,5975
23.24,7881
23.22,848
23.25,1214
23.39,1395
23.4,1188
23.25,935
23.28,892
23.27,767
23.34,344
23.43,238
23.42,966
23.39,523
23.4,614
23.42,1063
23.43,577
23.4,566
23.34,416
23.38,311
23.42,1439
23.44,751
23.41,683
23.42,1017
23.47,1098
23.4,3049
23.35,10727
22.9,200
22.85,2372
22.81,2590
22.7,1841
22.73,1883
22.73,4227
22.77,3859
22.74,5534
22.81,410
22.74,1145
22.74,3658
22.78,2737
22.83,2972
22.82,848
22.81,1116
22.75,2448
22.78,2879
22.76,3818
22.77,3491
22.76,7182
22.82,1468
22.84,2230
22.82,5248
22.78,9122
22.81,6686
22.79,10355
22.76,720
22.75,520
22.7,406
22.68,734
22.62,710
22.67,787
22.67,1230
22.58,803
22.6,1740
22.5,402
22.57,2691
22.62,1673
22.68,129
22.69,471
22.69,833
22.65,1906
22.65,923
22.74,579
22.77,749
22.72,1206
22.72,2342
22.7,570
22.7,1652
22.72,4588
22.79,4600
22.82,12696
22.73,100
22.64,553
22.64,600
22.68,500
22.75,1453
22.67,337
22.72,3099
22.87,1035
23,2131
22.88,599
22.92,735
22.96,1345
22.98,801
23.01,560
23.04,2207
23.04,2041
22.95,932
22.96,313
23.01,973
23.01,1440
23.01,2587
23.08,1796
23.13,5376
23.12,2026
23.17,2348
23.13,18937
23.23,812
23.24,712
22.96,455
22.94,231
22.93,268
22.87,1567
22.82,2464
22.85,1918
22.87,1232
22.83,704
22.81,300
22.86,1858
22.9,261
22.93,521
22.93,0
22.9,772
23.06,929
23.08,745
23.02,1649
23.04,561
22.98,801
23.06,1697
22.97,1134
23.05,1031
23.05,2578
22.99,7257
22.87,734
22.94,538
22.99,981
22.85,699
22.95,669
22.96,400
22.97,1772
22.99,302
22.99,454
22.99,973
22.98,705
22.99,571
22.99,203
22.88,400
22.85,978
22.88,817
22.89,1306
22.89,100
22.93,409
22.95,201
22.92,1620
22.87,4965
22.76,102
22.87,2197
22.84,6903
22.83,12415
22.41,520
22.46,1251
22.27,439
22.39,7624
22.24,1726
22.25,4212
22.25,4267
22.31,3312
22.26,1434
22.25,6021
22.29,1906
22.24,3472
22.2,8147
22.17,4722
22.17,3313
22.16,4504
22.15,4334
22.17,12164
22.08,10422
22.01,18857
21.81,16369
21.81,15977
21.71,20613
21.59,25078
21.65,31870
21.48,56629
21.3,402
21.35,500
21.32,1464
21.22,571
21.12,5964
21.08,1577
21.02,2135
21.1,2535
21.07,1974
21,6643
20.96,1061
20.97,3944
20.97,860
20.91,5798
20.95,1824
20.92,2322
20.97,4563
20.89,10826
20.86,4712
20.83,2050
20.93,5741
21.02,6441
21.14,2927
21.04,4966
20.92,19563
20.87,14571
21.38,11410
21.7,4066
21.21,1823
21.51,1797
21.26,2710
21.46,1968
21.68,2451
21.69,2735
21.61,4127
21.67,444
21.65,6289
21.72,4923
21.6,2212
21.62,1952
21.62,1751
21.47,304
21.48,769
21.47,351
21.45,1693
21.27,1451
21.34,2361
21.23,3799
21.02,1095
21.02,3872
21.08,2912
20.91,16826
21.09,2589
21.23,3904
21.08,380
20.8,890
20.99,1714
21.2,2075
21.19,8802
21.29,1065
21.28,5328
21.22,1926
21.28,903
21.29,2639
21.32,1585
21.38,1897
21.43,3327
21.39,1053
21.35,1097
21.34,1298
21.39,1209
21.39,2191
21.4,5364
21.37,1360
21.42,1201
21.5,4350
21.54,3175
21.53,15848
21.52,407
21.62,305
21.54,2302
21.61,3199
21.66,990
21.5,200
21.46,1000
21.52,528
21.43,740
21.47,3243
21.39,1430
21.42,2046
21.36,1213
21.47,412
21.5,699
21.45,1130
21.47,760
21.46,2374
21.44,1235
21.47,1039
21.46,1728
21.37,644
21.39,1573
21.35,2579
21.33,7013
21.31,9622
21.27,9174
21.58,1037
21.53,3789
21.51,2463
21.53,4196
21.67,3007
21.64,6938
21.64,2072
21.65,4886
21.71,596
21.66,1718
21.67,5599
21.65,4362
21.68,4132
21.65,3872
21.57,6310
21.6,5919
21.64,5106
21.56,3255
21.59,3318
21.59,3462
21.61,2227
21.57,2223
21.59,2888
21.51,9257
21.48,20088
21.11,837
21.35,1332
21.26,1415
21.31,518
21.27,623
21.25,821
21.24,674
21.21,2218
21.27,839
21.25,1367
21.27,300
21.26,1649
21.29,602
21.28,345
21.23,1011
21.2,2041
21.22,1218
21.18,900
21.18,1828
21.2,792
21.23,580
21.27,828
21.25,1447
21.26,2499
21.3,1535
21.31,9594
21.37,493
21.21,4802
21.26,400
21.39,607
21.51,100
21.52,834
21.42,1761
21.45,1305
21.35,1880
21.37,1110
21.35,1583
21.33,300
21.44,656
21.41,1772
21.42,820
21.43,2706
21.41,1346
21.42,1570
21.41,771
21.41,1803
21.36,1533
21.42,2623
21.46,1705
21.46,1118
21.49,2348
21.67,12030
21.6,200
21.49,816
21.55,738
21.51,935
21.57,973
21.57,300
21.43,178
21.45,413
21.48,825
21.45,828
21.41,1005
21.44,606
21.46,1727
21.47,710
21.45,712
21.41,1317
21.44,102
21.42,401
21.41,1175
21.34,1497
21.38,6651
21.38,1192
21.36,709
21.39,2121
21.33,4828
21.29,16723
21.49,1002
21.59,2427
21.71,2946
21.75,1349
21.72,770
21.79,1541
21.65,1934
21.62,2021
21.53,202
21.59,803
21.6,300
21.66,500
21.69,105
21.71,1665
21.67,814
21.73,616
21.64,971
21.63,216
21.62,521
21.64,364
21.64,300
21.63,721
21.66,443
21.64,1170
21.65,2761
21.62,8587
21.78,3543
21.93,858
21.88,836
21.86,1184
21.85,778
21.98,941
21.99,1141
22.03,405
22.05,101
22.03,2143
21.98,1090
21.97,866
21.94,1445
22,656
21.94,1416
21.93,1951
21.92,942
21.92,1266
21.9,1458
21.95,2494
21.89,3797
21.93,3333
21.96,3676
21.92,2940
21.88,4748
21.84,17274
21.95,910
22.04,5302
21.95,1071
21.92,1138
21.99,1352
22.05,616
22.15,2199
22.22,5968
22.25,2543
22.34,1972
22.26,1107
22.3,2889
22.26,5446
22.29,2678
22.33,2596
22.32,3249
22.22,473
22.21,1038
22.19,829
22.23,6696
22.27,4257
22.31,7272
22.31,7458
22.22,21776
22.2,6499
22.25,20290
22.08,5389
22.02,2309
22.15,832
22.07,933
22.04,408
22.09,509
22.1,236
22.07,2289
22.07,1217
22.03,4412
22.09,804
22.09,1309
22.09,300
22.04,1025
22.09,1769
22.18,1720
22.15,1507
22.15,2153
22.17,1906
22.15,800
22.14,975
22.15,1424
22.15,3690
22.13,2943
22.12,4758
22.07,21949
22.06,348
22,402
21.78,3135
21.93,1757
22.04,779
22.02,704
22.02,616
21.96,310
21.9,1268
21.9,757
21.76,2114
21.78,2242
21.78,1389
21.83,681
21.83,916
21.82,2329
21.9,4401
21.93,11426
21.9,1765
21.88,2386
21.86,5069
21.89,5748
21.85,5477
21.95,8121
22.06,7029
22,37512
22.07,1242
22,1255
22.18,2339
22.32,785
22.28,852
22.44,1706
22.38,3532
22.47,2999
22.55,1697
22.62,1282
22.64,974
22.62,1699
22.64,1716
22.51,1446
22.66,2616
22.56,1481
22.53,6662
22.51,4673
22.52,4548
22.58,3466
22.66,6297
22.67,4565
22.61,7171
22.66,11844
22.69,14428
22.67,74516
22.66,1487
22.56,593
22.82,1090
23,825
22.97,1831
22.97,4193
22.9,1808
22.86,3624
22.87,2057
22.82,2067
22.78,1539
22.73,1415
22.68,1024
22.75,1007
22.79,453
22.81,295
22.84,600
22.86,768
22.94,6496
22.88,3683
22.98,2836
22.97,4176
23.11,2739
23.07,4417
23.1,32456
23.08,54571
22.88,495
22.67,921
22.73,1430
22.84,1260
22.88,1359
22.87,421
23,177
22.98,1929
23.02,408
23.08,518
23.05,613
23.12,600
23.17,375
23.21,1036
23.22,253
23.2,200
23.16,300
23.14,1018
23.12,544
23.06,904
23.01,304
22.95,1908
22.89,517
23.04,1006
23.04,1870
23.06,15395
23.03,952
22.93,871
22.84,1494
22.75,3123
22.86,2181
22.78,600
22.84,1839
22.82,3858
22.89,486
22.77,643
22.79,674
22.72,1266
22.78,1571
22.72,1264
22.64,708
22.6,1264
22.6,700
22.6,1778
22.58,6439
22.59,8293
22.59,4178
22.62,2363
22.6,10192
22.68,2502
22.71,4023
22.62,10373
22.9,392
22.87,2205
22.76,1825
22.78,1123
22.86,860
23.01,705
23.02,755
23.06,3415
23.05,2182
23,750
22.92,1103
22.89,1179
22.84,677
22.83,500
22.86,420
22.84,638
22.87,371
22.97,1149
22.92,2080
22.89,390
22.81,8000
22.86,1152
22.82,403
22.77,2763
22.82,1586
22.9,11308
23.08,10132
23.3,5802
23.19,2541
23.12,2527
23.22,1788
23.22,2231
23.11,3733
23.15,2118
23.17,2577
23.21,1846
23.15,2772
23.18,2156
23.18,879
23.17,861
23.15,3009
23.11,3505
23.11,1354
23.13,2216
23.09,2253
23.14,6788
22.99,4241
22.97,3785
22.99,4711
23.01,2167
22.97,16349
23,19863
22.95,401
22.67,100
22.77,400
22.74,300
22.71,2358
22.68,807
22.67,2033
22.72,1580
22.69,3354
22.72,428
22.74,1336
22.72,768
22.71,224
22.74,1435
22.65,594
22.66,3184
22.61,300
22.64,1046
22.63,1365
22.66,1669
22.65,500
22.62,1805
22.61,4473
22.65,2975
22.6,17427
22.57,30262
22.8,300
22.89,852
22.9,735
22.96,411
22.85,904
22.93,793
22.86,624
22.86,1428
22.84,753
22.92,220
22.89,217
22.95,373
22.95,3210
22.98,366
23.03,1367
23.02,1530
23,1282
23.19,8417
23.12,4583
23.1,1699
23.13,2813
23.14,3880
23.14,4229
23.16,8476
23.09,3766
23.09,16253
23.54,708
23.5,1967
23.46,1165
23.51,2902
23.63,1546
23.64,1846
23.78,5563
23.7,2398
23.79,3722
23.72,1569
23.67,2018
23.66,5481
23.72,4226
23.63,1028
23.68,1576
23.76,5807
23.77,5102
23.81,3231
23.78,7645
23.9,2354
23.92,3010
23.94,4353
23.87,4536
23.9,9399
23.87,14004
23.95,62411
24.39,806
24.76,2378
24.83,2388
25.02,5044
24.96,4803
25.03,7712
24.87,729
24.87,0
24.87,0
24.85,201
24.85,0
24.85,0
24.85,0
24.85,0
24.85,0
24.85,0
24.85,0
24.85,0
24.85,0
24.85,0
24.85,0
24.85,0
24.85,0
24.85,0
24.85,0
24.85,0
24.41,6561
23.79,11005
23.52,5573
23.51,3412
23.49,7094
23.45,3235
23.33,4048
23.26,7275
23.35,6494
23.43,3147
23.46,3247
23.46,2188
23.34,3286
23.55,4950
23.49,955
23.49,1977
23.37,2758
23.36,1945
23.45,3697
23.38,4000
23.38,2068
23.39,12845
23.42,24324
23.42,17218
23.37,28157
23.3,10045
23.1,109
23.3,11708
23.39,4103
23.23,410
23.27,1550
23.13,1306
22.97,400
23.01,908
23.01,1810
23.13,310
23.16,5461
23.14,1037
23.15,1354
23.18,803
23.16,4412
23.14,2051
23.1,1716
23.14,700
23.18,950
23.09,905
23.13,1261
23.16,1400
23.15,2868
23.15,6922
23.15,6936
23.18,42073
23.04,200
23.04,0
23.27,479
23.27,0
23.41,1440
23.41,0
23.27,322
23.41,761
23.48,903
23.46,934
23.49,804
23.43,100
23.46,911
23.4,810
23.47,942
23.49,671
23.56,1867
23.56,312
23.57,1265
23.56,346
23.55,308
23.57,1727
23.57,3914
23.58,856
23.58,1825
23.47,24348
23.34,740
23.26,408
23.03,506
23.1,1155
23.14,1397
23.04,1323
23,608
23.06,4635
22.96,2453
23.06,1275
22.94,622
22.98,777
22.96,1005
23.02,801
23.02,1105
23.04,908
23.07,2054
23.07,487
23.03,610
23.08,1062
23.09,651
23.09,412
23.09,1547
23.07,1446
23.1,2193
23.11,11936
23.01,1110
22.55,701
22.44,702
22.82,501
22.88,540
22.88,0
22.77,100
22.79,100
22.79,100
22.74,429
22.89,230
22.89,0
22.91,201
22.91,0
22.91,0
22.87,2496
22.85,501
22.88,866
22.95,1296
22.97,704
22.98,613
23,674
22.95,265
23.06,435
23.04,1506
23.04,5283
22.74,2845
22.62,718
22.44,2373
22.46,665
22.43,1335
22.36,1301
22.36,1101
22.41,675
22.45,802
22.42,1234
22.44,1416
22.42,2869
22.45,3431
22.47,1634
22.42,4320
22.41,1908
22.39,552
22.39,1234
22.36,1702
22.33,3368
22.39,1612
22.4,3494
22.41,3454
22.45,6423
22.37,18980
22.4,17416
22.5,205
22.52,300
22.57,868
22.69,205
22.67,300
22.58,923
22.45,503
22.49,1500
22.5,2653
22.44,624
22.45,124
22.4,200
22.45,454
22.43,216
22.4,200
22.43,3256
22.39,100
22.39,700
22.35,839
22.36,600
22.57,3366
22.5,1255
22.38,800
22.37,2705
22.21,14124
22.23,11007
22.3,927
22.16,885
22.08,649
22.15,351
22.13,100
22.12,431
22.15,321
22.14,1629
22.15,527
22.17,202
22.17,234
22.15,100
22.16,100
22.16,207
22.2,202
22.23,408
22.34,518
22.35,837
22.34,460
22.36,210
22.37,1169
22.38,1148
22.4,643
22.39,515
22.35,1781
22.41,12768
22.41,0
22.42,606
22.45,420
22.43,103
22.48,1002
22.54,428
22.46,100
22.44,1294
22.43,210
22.36,100
22.42,100
22.42,0
22.39,124
22.43,102
22.48,110
22.48,0
22.47,301
22.43,200
22.39,686
22.29,300
22.33,213
22.27,432
22.28,300
22.25,1928
22.3,2196
22.26,13715
22.2,801
22.04,1170
21.96,1121
21.98,506
21.97,502
21.79,1055
21.86,471
21.9,339
21.9,497
22,371
22,100
22.08,300
22.07,327
22.09,100
22.12,205
22.1,1076
22.1,805
22.1,886
22.11,1138
22.09,1362
22.11,1345
22.1,3309
22.11,2058
22.12,4292
22.1,4362
22.09,16597
21.89,404
21.87,138
21.92,301
21.86,501
21.8,212
21.79,766
21.9,1312
21.95,668
21.89,1470
21.93,602
21.93,527
21.89,303
21.93,305
21.92,102
21.9,316
21.93,259
21.9,1247
21.91,1240
21.91,400
21.91,1576
21.91,441
21.91,1951
21.91,3768
21.89,4714
21.9,4344
21.96,6706
21.99,3619
21.96,1173
21.95,1311
21.93,1196
22.13,2420
22.11,719
22.12,1087
22.07,965
22.18,497
22.24,1639
22.25,201
22.31,1992
22.24,3437
22.29,1232
22.3,559
22.34,1286
22.27,1404
22.18,301
22.2,1376
22.14,643
22.15,1437
22.11,1338
22.07,1123
22.09,2444
22.13,3265
22.13,10574
22.13,2388
21.64,364
21.7,1500
21.64,2348
21.66,4278
21.67,12843
21.64,1492
21.6,1703
21.74,1641
21.7,2318
21.72,1983
21.64,3091
21.67,1907
21.61,1174
21.66,990
21.67,2823
21.68,1726
21.63,3025
21.69,1610
21.64,6031
21.68,3951
21.56,7578
21.52,3402
21.51,5338
21.49,8842
21.42,27799
21.48,700
21.55,1811
21.68,1263
21.65,1320
21.69,507
21.65,1200
21.68,355
21.68,218
21.72,584
21.72,190
21.76,615
21.84,1392
21.8,563
21.77,200
21.74,214
21.73,300
21.75,865
21.75,523
21.75,0
21.73,200
21.81,213
21.84,159
21.84,925
21.83,1296
21.84,8877
21.82,12374
21.62,1003
21.62,0
21.52,858
21.54,900
21.41,2065
21.32,5464
21.32,0
21.41,1169
21.41,1854
21.38,500
21.31,4065
21.28,1222
21.22,738
21.2,810
21.19,288
21.21,857
21.21,547
21.26,514
21.25,3101
21.27,325
21.25,882
21.25,3421
21.27,3466
21.22,6553
21.25,7322
21.21,12033
21.14,991
21.31,200
21.35,300
21.36,1038
21.28,614
21.17,100
21.23,373
21.22,1148
21.16,608
21.17,1186
21.17,100
21.19,406
21.19,325
21.16,400
21.14,897
21.16,1222
21.17,1498
21.28,371
21.27,1180
21.25,1526
21.23,1425
21.21,2483
21.19,1274
21.2,4442
21.23,3299
21.26,11099
21.64,1151
21.58,892
21.53,2609
21.38,10435
21.39,1661
21.38,1613
21.3,1875
21.27,1011
21.24,1144
21.17,1810
21.2,3780
21.13,1275
21.16,884
21.15,6140
21.13,2375
21.13,774
21.05,5597
21.09,734
21.06,1201
21.06,2637
21.07,1883
21.07,6268
21.04,719
21.05,3983
21,5332
21.09,12371
21.65,9414
21.93,3350
21.86,4286
21.66,1670
21.73,3905
21.67,2091
21.66,2719
21.7,3498
21.71,1599
21.71,2079
21.75,2518
21.72,1947
21.7,1628
21.59,1234
21.67,1819
21.66,954
21.61,816
21.56,401
21.62,2165
21.63,2599
21.57,1022
21.52,1596
21.52,1432
21.52,2404
21.55,4992
21.57,23996
22.73,30423
23.07,5034
23.08,8334
23.04,6714
22.88,3936
22.88,3323
22.85,2786
22.84,1484
22.82,1060
22.85,4684
22.99,3916
22.89,1869
23,2599
23.23,9233
23.14,5281
23.3,3690
23.04,1958
23.19,1867
23.25,1417
23.27,2593
23.19,1499
23.2,5867
23.26,6702
23.23,4131
23.23,8916
23.35,23724
23.33,497
23.09,939
23.1,3295
22.99,1124
23.02,1569
23.06,3310
22.84,1673
22.76,1812
22.89,754
22.9,501
22.96,379
22.91,809
22.91,860
22.9,1151
22.89,1515
22.91,3231
22.85,950
22.83,715
22.79,916
22.86,959
22.77,750
22.76,1786
22.69,2595
22.75,1576
22.87,3732
22.87,10293
23,304
23.16,702
23.1,1858
23.2,2362
23.23,1524
23.23,1345
23.19,1883
23.03,661
23.02,1750
22.91,1649
22.89,1131
22.86,4434
22.82,4189
22.72,14134
22.72,0
22.65,410
22.68,150
22.69,2306
22.62,1066
22.58,951
22.65,928
22.64,784
22.85,533
22.83,424
22.85,1551
22.86,1000
22.84,349
22.82,227
22.76,104
22.69,1779
22.68,633
22.68,421
22.62,100
22.63,1481
22.57,1717
22.57,2214
22.57,2967
22.6,830
22.61,3107
22.58,3728
22.63,10316
23.04,493
23.15,1277
23.13,1332
23.08,1193
23.19,824
23.19,583
23.18,2026
23.05,2505
23.05,1596
22.93,2260
22.92,1809
23.02,562
23.01,1363
22.95,561
22.98,694
23.01,3003
22.96,1343
22.88,360
22.86,1772
22.87,2109
22.8,711
22.8,641
22.78,817
22.79,1726
22.83,3749
22.85,16389
22.77,518
22.73,100
22.72,327
22.67,154
22.7,800
22.78,1393
22.73,698
22.7,600
22.73,200
22.7,512
22.71,1230
22.73,1242
22.74,546
22.76,587
22.69,1139
22.72,200
22.73,500
22.71,430
22.68,869
22.67,1091
22.66,951
22.64,1260
22.61,1576
22.61,2706
22.61,4129
22.53,14536
22.53,0
22.36,200
22.3,1176
22.28,2322
22.17,409
22.08,1072
22.07,295
22.06,2316
21.99,1763
21.94,5721
21.86,3315
21.89,2045
21.85,2211
21.83,2689
21.8,2934
21.75,3122
21.73,2766
21.71,1791
21.71,3003
21.71,5327
21.87,6452
21.84,2313
21.8,4032
21.81,7740
21.78,10168
21.81,12180
22,300
21.97,1478
21.84,1000
21.87,712
21.96,3137
22.15,2594
22.29,1116
22.08,878
22.13,773
22.12,500
22.01,1999
22.08,1282
22.02,1287
22.03,1833
22.09,3760
22.17,3820
22.07,560
22.16,2035
22.14,2641
22.12,2560
22.11,1330
22.09,4149
22.12,936
22.09,3966
22.09,5294
22.2,19737
22.37,558
22.06,817
22.07,1869
22.09,612
22.15,720
22.21,1213
22.2,934
22.22,2130
22.21,1227
22.18,1487
22.2,1327
22.18,1104
22.2,1346
22.17,2887
22.23,1761
22.36,2624
22.42,2722
22.38,425
22.46,1211
22.46,3916
22.43,3893
22.48,7676
22.5,4963
22.52,8484
22.49,3772
22.47,14572
22.73,5689
22.53,2356
22.75,10536
22.74,5902
22.88,4041
22.99,4302
23.08,5357
23.02,6922
22.97,4921
23.02,3030
23.02,1874
22.98,1761
23.01,4545
23.03,6336
23.02,7360
23.15,18846
23.17,6132
23.13,3360
23.12,4886
23.13,8906
23.1,5279
23.13,7089
23.09,5594
23.06,8098
23.13,5818
23.02,31874
22.82,1104
22.36,1840
22.41,3058
22.48,1538
22.64,1269
22.67,4368
22.9,3028
22.88,2109
22.95,1850
22.92,1103
22.95,450
23.02,787
22.97,818
23.01,797
23.07,872
23.07,347
23.14,777
23.17,2934
23.2,2394
23.21,4233
23.25,5272
23.25,6325
23.27,6605
23.25,6976
23.27,9357
23.31,21259
23.28,708
23.22,3341
23.45,538
23.37,923
23.33,909
23.32,445
23.26,1261
23.24,924
23.28,2206
23.26,216
23.32,1712
23.16,1820
23.02,1207
22.95,878
23.03,594
23,628
23.01,1109
23.02,1347
23.02,2293
23.09,1161
23.19,1603
23.21,1480
23.23,1287
23.25,3056
23.26,3515
23.15,19952
23.12,1000
23.11,694
23.12,1859
23.13,520
23.07,100
23.05,4057
22.91,2513
22.95,2132
22.92,3580
22.89,2814
22.89,3316
22.86,3226
22.79,1683
22.81,2948
22.86,302
22.83,720
22.79,416
22.74,318
22.71,7080
22.64,5483
22.55,5020
22.56,7729
22.51,21275
22.37,16781
22.48,13283
22.56,17850
22.56,0
22.41,127
22.46,229
22.46,0
22.24,275
22.22,598
22.22,0
22.1,450
22.12,546
22.16,431
22.2,600
22.16,300
22.15,1970
22.2,362
22.22,782
22.3,724
22.29,1404
22.39,1312
22.42,416
22.41,2056
22.35,1100
22.34,897
22.37,1974
22.35,4076
22.41,5081
22.34,12949
22.1,577
22.22,953
22.09,929
22,692
21.94,234
21.98,215
22.02,876
21.99,2296
21.98,953
22.01,4357
22.04,2339
22.07,2042
22.07,0
22.02,643
22.06,1070
22.07,751
22.09,1686
22.09,520
22.07,2016
22.02,978
22.04,5182
22.04,3188
22.07,2431
22.08,2248
22.08,9069
22.03,9925
21.72,1810
21.67,1532
21.64,894
21.84,1919
21.84,300
21.69,2116
21.64,930
21.64,1611
21.68,2606
21.65,402
21.67,722
21.67,1780
21.68,400
21.68,2613
21.67,340
21.66,1282
21.67,1361
21.67,4493
21.68,3751
21.67,1947
21.7,2634
21.72,5931
21.74,1423
21.73,2066
21.76,7776
21.84,16981
21.82,504
21.8,1100
21.79,720
21.67,1060
21.75,1764
21.73,624
21.63,1049
21.61,910
21.64,621
21.63,957
21.61,1039
21.59,614
21.61,751
21.5,1404
21.6,329
21.62,324
21.6,809
21.62,548
21.61,1211
21.6,645
21.59,1791
21.53,2181
21.56,2571
21.55,3501
21.48,9728
21.52,21415
21.28,3444
21.09,1623
20.75,2842
20.87,859
20.96,2038
21.06,14869
21.2,2193
21.08,2419
21.03,4600
21.12,1558
21.18,1824
21.25,3085
21.37,765
21.39,1751
21.38,1028
21.43,2453
21.56,183
21.51,285
21.5,204
21.47,2694
21.49,885
21.45,1448
21.53,2026
21.5,1721
21.54,2548
21.49,19449
21.44,200
21.41,1748
21.54,2674
21.5,726
21.43,1655
21.34,1270
21.36,610
21.3,1783
21.33,3829
21.31,2250
21.38,2718
21.44,1915
21.51,2972
21.43,2476
21.46,2367
21.49,1210
21.53,1454
21.53,1787
21.5,604
21.54,9752
21.5,1639
21.5,1966
21.49,2225
21.54,2921
21.51,4836
21.61,11570
21.62,2992
21.72,499
21.61,2867
21.55,117
21.55,0
21.51,530
21.51,0
21.43,372
21.4,311
21.44,551
21.39,1131
21.43,300
21.43,317
21.35,421
21.31,2153
21.32,321
21.28,847
21.33,1226
21.35,1202
21.37,1409
21.33,518
21.32,1067
21.31,668
21.35,2943
21.41,3067
21.47,8048
21.36,623
21.31,1287
21.24,1604
21.16,410
21.22,201
21.2,200
21.15,751
21.18,369
21.11,401
21.14,200
21.13,1044
21.13,0
21.17,599
21.22,1742
21.16,1450
21.22,541
21.19,600
21.15,3065
21.18,1964
21.11,2353
21.05,6422
20.99,3303
20.98,3034
21.04,2334
21.06,1681
21.15,7659
21.43,1136
21.28,460
21.21,2317
21.24,906
21.17,1329
21.24,1848
21.22,2028
21.27,792
21.16,1454
21.24,990
21.32,1312
21.36,1130
21.37,2069
21.38,1699
21.34,4754
21.37,1145
21.32,720
21.32,6728
21.27,2635
21.38,4410
21.48,4926
21.58,6816
21.71,6668
21.7,5680
21.62,4750
21.69,31477
23.3,12865
22.96,11609
22.5,12288
22.17,16344
22.22,6016
22.68,8429
22.07,4331
21.88,5017
22.07,4573
21.93,2651
21.75,3948
21.61,3531
21.92,2327
21.95,3163
22.07,1328
21.95,4104
21.95,4440
21.77,1623
21.93,4011
21.65,1944
21.67,8568
21.76,1181
21.83,5463
21.9,10625
22.06,10101
21.9,40334
21.44,2022
21.39,3776
21.56,2926
21.75,3145
21.74,1902
21.63,2519
21.61,1297
21.47,2933
21.64,1245
21.63,2671
21.56,1011
21.67,2403
21.5,5025
21.46,2509
21.48,1852
21.46,680
21.55,1472
21.53,1581
21.52,1543
21.56,1251
21.69,3823
21.6,2989
21.47,3243
21.49,2875
21.54,4216
21.54,12299
20.16,4061
20.34,597
20.52,2344
20.44,2069
20.48,1978
20.65,2599
20.55,3330
20.54,3022
20.55,4237
20.65,5491
20.86,3442
20.85,3730
20.86,2315
20.82,2461
20.77,1900
20.7,2746
20.83,1871
20.72,1195
20.72,2746
20.79,905
20.82,1616
20.79,724
20.78,1881
20.76,2561
20.81,2194
20.8,16785
20.78,2109
20.88,3994
20.89,10455
21.02,5046
21.12,3307
21.28,3851
21.16,4923
21.13,3433
21.14,2492
21.13,2492
21.2,1708
21.22,2211
21.15,1205
21.15,1835
21.16,1714
21.12,1550
21.12,3258
21.17,2404
21.06,4772
20.98,4150
21.05,2112
21.03,1526
20.89,429
20.83,5052
20.94,8085
20.91,18320
21.1,1161
21.45,4005
21.44,4179
21.45,2867
21.47,7063
21.64,5225
21.58,4794
21.58,3492
21.53,2365
21.59,3440
21.59,3934
21.63,3584
21.59,3418
21.61,4862
21.49,3092
21.29,3769
21.32,2413
21.32,1178
21.27,1707
21.27,1800
21.3,2550
21.33,1563
21.28,3475
21.33,11159
21.41,10886
21.27,8802
21.74,1200
21.69,3014
21.79,1561
21.79,3239
21.68,3122
21.7,2243
21.74,2944
21.68,2405
21.59,3593
21.65,905
21.61,2570
21.53,938
21.46,7104
21.54,11356
21.52,1132
21.58,200
21.56,906
21.57,769
21.51,1169
21.55,201
21.57,1029
21.54,1310
21.53,2569
21.59,1875
21.57,6489
21.6,22248
21.65,1123
21.72,1540
21.67,1006
21.8,506
21.9,1548
21.77,934
21.81,2222
21.87,531
21.81,310
21.81,550
21.81,608
21.77,432
21.84,585
21.88,1737
21.88,810
21.88,1252
21.94,10475
21.87,4778
21.93,6980
21.95,3233
21.92,3482
21.95,2519
21.92,1444
22,2861
21.97,5940
22.01,12237
22.14,1178
21.99,1831
21.89,7793
21.97,2752
21.92,2191
22.09,3171
22.1,2436
22.11,1809
22.04,1793
22.07,1863
22.09,2527
22.05,1761
22,1815
21.92,2178
21.93,2111
21.92,1411
21.95,5437
22,3329
22,4781
22,7907
21.97,9045
21.97,4403
21.94,6717
21.99,4673
22.04,7296
21.97,14759
21.88,3017
21.91,873
21.88,553
21.89,419
21.88,1260
21.88,2420
21.95,1017
21.98,724
22,809
22.01,897
22.05,2024
22.08,1681
21.89,5079
22,2915
22.04,1984
22,1984
21.99,929
22,1208
22.09,712
22.08,823
22.08,4056
22.11,2801
22.14,2259
22.12,2896
22.11,3590
22.16,16856
22.31,600
21.99,14362
21.9,2275
21.7,2009
21.58,2048
21.39,15999
21.46,7031
21.27,4804
21.21,23882
21.35,9091
21.27,4221
21.09,7941
20.98,8453
20.81,8789
20.95,3305
20.82,7041
20.93,12249
21.02,9014
21.12,10640
21.13,7826
21.22,7808
21.16,8154
21.16,3575
21.25,12790
21.33,7700
21.23,48455
21.63,1773
21.56,1959
21.35,3799
21.62,619
21.62,2679
21.61,2685
21.54,1540
21.61,3467
21.56,1393
21.49,2878
21.55,2442
21.66,2699
21.62,2135
21.64,2117
21.63,2652
21.66,2907
21.6,819
21.62,18903
21.71,2517
21.68,4379
21.58,1369
21.68,888
21.69,2638
21.66,3663
21.6,1943
21.53,18787
21.5,1365
21.48,3548
21.53,303
21.49,1670
21.44,2587
21.56,1068
21.6,1514
21.68,1466
21.74,590
21.73,906
21.77,1215
21.81,1761
21.85,3896
21.94,2842
21.98,4186
22.03,2076
22,3101
21.97,1668
22.06,2437
22.06,1075
22.02,1933
22.05,3629
22.07,2289
22.04,8668
21.9,6759
21.92,17804
22.04,1950
22.11,2679
22.13,5197
22.33,3604
22.66,2513
22.73,2533
22.8,7745
22.89,3256
22.83,2357
22.76,1438
22.77,3276
22.83,4024
22.86,3366
22.91,2909
22.88,642
22.86,1782
22.72,1644
22.72,4186
22.82,2960
22.77,2819
22.74,3386
22.75,3895
22.69,2570
22.77,8267
22.76,4791
22.56,13492
22.4,320
22.46,830
22.36,767
22.29,1437
22.23,908
22.09,4029
22.1,2406
22.11,1808
22.09,1942
22,2197
22.08,1853
22.08,1072
22.11,1294
22.16,2375
22.14,2388
22.13,2715
22.11,3781
22.15,2582
22.16,4091
22.18,2984
22.15,1289
22.17,1820
22.18,1424
22.16,1619
22.15,1748
22.17,12880
23.14,26330
23.82,14787
23.17,10078
23.27,4897
23.06,3940
22.96,4439
22.67,6909
22.75,6892
22.51,3010
22.49,2457
22.3,6078
22.53,4279
22.49,3466
22.59,4431
22.57,1931
22.51,2792
22.6,5381
22.65,3853
22.66,2632
22.62,3673
22.67,6238
22.65,4234
22.7,3891
22.8,9940
22.82,8555
22.83,22313
22.67,10090
22.7,2021
22.7,881
22.71,6615
22.69,4441
22.67,4245
22.71,2697
22.52,2983
22.52,4227
22.47,2557
22.52,1656
22.6,754
22.63,2413
22.74,679
22.7,2221
22.69,3869
22.68,1762
22.67,355
22.77,683
22.81,1664
22.83,1358
22.83,1908
22.81,839
22.79,1213
22.78,2105
22.78,22347
22.7,843
22.56,1202
22.52,2156
22.84,3128
22.84,2668
22.71,1459
22.73,773
22.72,738
22.7,200
22.64,627
22.6,834
22.71,7403
22.85,696
22.81,805
22.83,874
22.86,271
22.88,841
22.84,837
22.86,599
22.86,564
22.89,922
22.83,1959
22.84,2129
22.92,1982
22.92,2137
22.92,15121
23.08,2525
23.01,700
23.04,1427
22.87,2678
22.88,2347
22.82,1980
22.81,9306
22.71,965
22.74,1770
22.71,1177
22.75,1535
22.78,1069
22.76,2122
22.85,1320
22.83,336
22.86,521
22.81,1159
22.79,2147
22.64,4062
22.69,4081
22.66,6317
22.64,3571
22.72,1855
22.73,2012
22.61,10664
22.64,23290
22.64,2711
22.64,1100
22.72,1736
22.65,500
22.73,1079
22.58,3877
22.55,5474
22.47,5855
22.5,1660
22.44,2889
22.43,3627
22.48,1529
22.46,2064
22.43,2775
22.36,3289
22.38,1637
22.38,2866
22.45,8806
22.5,6024
22.57,3451
22.59,6438
22.75,2623
22.79,13590
22.89,6968
22.88,5801
22.8,25117
22.37,4623
22.51,926
22.68,3028
22.61,1137
22.58,3403
22.55,3412
22.57,5735
22.47,11317
22.51,2200
22.48,4627
22.49,754
22.52,923
22.53,2478
22.54,1233
22.57,779
22.56,635
22.57,1380
22.58,1572
22.56,3440
22.55,3422
22.59,3160
22.62,1442
22.7,1236
22.73,2064
22.74,6687
22.93,18446
23.11,1151
22.97,664
23,1796
23.04,1525
23.09,1447
23.08,3718
23.15,2084
23.13,2765
23.09,3065
23.01,7007
22.98,2750
22.96,2593
22.96,3740
23.01,3717
23.02,3911
23.16,4474
23.1,5168
23.12,3564
23.12,3754
23.03,2611
22.92,4858
22.96,5180
23.06,6841
23.08,4488
23.15,9160
22.97,18958
22.98,372
23,1426
23.04,1565
22.99,2564
23.12,2995
23.12,2323
23.07,3707
23.04,1773
23.02,1120
22.93,1138
22.88,1278
22.93,1829
22.89,450
22.82,2693
22.83,4030
22.86,817
22.86,2827
22.8,3743
22.8,5238
22.87,5990
22.81,2983
22.79,6767
22.73,2330
22.64,7622
22.77,6838
22.81,17039
22.59,6010
22.51,4122
22.3,3000
22.22,1194
22.15,3956
22.13,11281
22.17,2534
22.15,4717
22.1,2365
22.08,5717
21.99,3832
21.92,4298
21.89,13180
21.85,6783
21.72,4685
21.75,2766
21.78,5791
21.74,6482
21.66,5301
21.63,8639
21.62,3909
21.64,3837
21.65,4426
21.61,4661
21.58,8652
21.59,23410
21.59,1741
21.77,5776
21.78,3028
21.72,1728
21.73,1432
21.83,1243
21.81,1316
21.74,1253
21.7,1905
21.71,1613
21.63,700
21.61,1432
21.6,2120
21.6,2414
21.67,2896
21.67,2329
21.58,1835
21.53,4184
21.49,2002
21.48,3353
21.53,3712
21.47,4548
21.5,4505
21.53,4481
21.56,6154
21.5,15421
21.5,1626
21.38,8096
21.22,8640
21.2,2953
21.21,2180
21.18,4174
21.15,2908
21.16,2880
21.21,4337
21.24,4806
21.28,1712
21.25,1235
21.28,2521
21.27,2247
21.29,3272
21.31,3472
21.27,1764
21.34,4240
21.33,2994
21.34,3610
21.37,2679
21.34,7539
21.28,17652
21.2,6680
21.2,5852
21.17,36304
21.02,2954
21.03,1764
21.09,2917
21.13,2521
20.9,2688
20.72,5778
20.72,6436
20.55,6809
20.46,5220
20.41,9662
20.28,6488
20.26,5804
20.23,12620
20.25,4161
20.29,6670
20.33,15099
20.46,5894
20.33,6878
20.31,2473
20.26,5910
20.3,3688
20.26,2121
20.32,4960
20.35,11175
20.44,16605
20.45,25478
20.47,1658
20.43,4109
20.58,6305
20.58,3697
20.6,4109
20.52,3976
20.51,3759
20.48,4831
20.43,3186
20.57,2841
20.46,2569
20.56,1766
20.53,2921
20.55,3064
20.52,1987
20.55,2159
20.52,322
20.51,3469
20.48,2287
20.5,1813
20.49,3385
20.48,3493
20.47,5933
20.46,4616
20.47,21512
20.37,31135
20.27,2837
20.17,2013
20.44,2606
20.3,2191
20.36,1285
20.46,2676
20.47,1299
20.51,1449
20.44,1260
20.38,1412
20.35,4030
20.43,1310
20.36,3542
20.39,4004
20.35,2194
20.36,1529
20.31,3926
20.28,4683
20.24,1908
20.25,3819
20.17,2243
20.23,2384
20.22,632
20.12,5434
20.12,4554
20.11,19444
20.02,7155
19.96,14434
20.01,5592
19.85,3330
19.95,2721
19.9,2732
19.85,3148
19.93,2791
19.91,4140
19.93,1167
19.84,349
19.87,2047
19.9,1130
20,2124
20.08,3487
20.12,2871
20,3353
20.05,5535
20.02,6010
20.02,5471
20.06,5939
20.14,9252
20.17,5131
20.21,7564
20.22,14820
20.39,33231
20.49,3951
20.78,2484
20.54,3254
20.5,6158
20.57,5774
20.76,4663
20.73,5160
20.86,5378
20.89,2302
20.8,1175
20.83,4348
20.8,2381
20.78,2961
20.83,3066
20.85,5030
20.82,2286
20.85,2818
20.88,6544
20.89,5126
20.87,9703
20.82,5115
20.77,4507
20.79,8113
20.82,8840
20.81,8772
20.78,30942
21.2,9494
21.5,13661
21.63,11742
21.87,16436
21.73,10216
21.84,7996
21.83,13528
21.76,16233
21.84,10521
21.78,7260
21.82,3799
21.82,7266
21.89,4718
21.84,5483
21.78,3084
21.78,4157
21.82,3345
21.86,8916
21.77,1799
21.85,5931
21.79,5231
21.8,3298
21.7,2760
21.68,6153
21.72,8665
21.63,17680
22.06,4454
22.02,5594
22.2,2243
22.33,3973
22.15,3062
22.01,3220
21.92,2808
22,3589
21.85,7153
21.81,6038
21.81,2132
21.8,1753
21.9,1703
21.86,967
21.9,1541
21.87,2479
21.82,1641
21.84,2212
21.87,1187
21.84,2910
21.77,3198
21.78,1475
21.85,2378
21.79,3261
21.87,7230
21.96,17369
22.15,6196
22.54,6936
22.38,5289
22.51,8303
22.55,5381
22.59,6785
22.58,6317
22.51,6432
22.61,5405
22.55,5016
22.51,4636
22.52,5077
22.56,5518
22.52,2947
22.48,4103
22.47,7022
22.5,7059
22.48,5423
22.47,5379
22.42,6643
22.43,2690
22.5,9405
22.46,4405
22.44,4909
22.35,6139
22.25,35646
22.38,713
22.51,1882
22.5,1527
22.43,2264
22.34,3326
22.14,1404
22.11,1829
22.11,643
22.1,505
22.06,1296
22.05,1398
22.06,1682
22.06,1590
22.03,958
22.06,1595
22.04,1727
22.1,700
22.01,3497
22,5160
22.23,5531
22.43,7648
22.27,4842
22.32,4056
22.27,4116
22.29,6830
22.13,15797
22.56,1323
22.27,1392
22.29,7900
22.1,8638
22.27,8003
22.16,3549
22.2,1810
22.16,4752
22.22,1914
22.24,832
22.24,172
22.22,1093
22.38,1679
22.3,3020
22.4,1675
22.41,1121
22.43,3893
22.39,1489
22.34,2922
22.25,1088
22.31,1464
22.32,1551
22.29,2525
22.28,4228
22.33,7424
22.34,18874
22.36,849
22.47,13129
22.59,18573
22.91,13322
23.08,10083
22.99,9276
23.06,10479
23.12,17276
22.9,23686
23.03,47790
23.43,13570
23.52,18440
23.42,12246
23.45,12947
23.44,11732
23.45,10507
23.5,10215
23.4,9622
23.19,5903
23.09,5737
23.14,6914
23.23,10735
23.26,13453
23.18,8187
23.29,16505
23.22,69490
23.37,2531
23.36,15706
23.6,8336
23.63,9868
23.62,4633
23.4,4215
23.19,1402
23.15,3589
23.14,3475
23.17,2068
23.12,1990
23.04,5514
22.98,4295
22.93,4360
23.06,4529
23.04,4114
23.04,4301
22.92,4601
22.93,7308
23.04,1544
23.11,2811
23.12,5425
23.1,5287
23.17,7836
23.13,11308
23.07,31837
23.81,8284
23.89,10410
23.96,8788
24.26,10529
24.25,3982
23.94,19539
24.16,8157
24.14,13317
24.28,9537
24.12,9384
24.18,13125
24.26,10398
24.27,15662
24.29,9439
24.28,9074
24.21,9099
24.24,11709
24.24,10942
24.26,8932
24.26,7834
24.33,8672
24.34,12109
24.27,6266
24.25,9234
24.23,22160
24.21,60550
23.98,3622
23.82,15533
24.24,9052
24.21,7488
24.19,7003
24.2,5954
24.22,6447
24.11,4770
24.17,4855
24.22,5529
24.22,8858
24.43,7517
24.44,8889
24.48,13098
24.39,5350
24.43,7954
24.38,2553
24.35,6576
24.23,4085
24.25,7336
24.41,15127
24.35,7548
24.25,10318
24.27,5802
24.36,11203
24.29,38954
24.76,14813
24.96,7393
24.87,9543
24.83,6919
24.97,5294
24.9,5187
24.93,6676
24.94,9438
25,7491
25.01,5804
24.96,4710
24.96,12930
24.95,4467
25.03,6684
25.06,5957
25.09,4686
25.05,3807
25.01,3269
25.03,4317
25.08,7905
25.07,6681
25.07,4314
25.05,10236
25.1,8070
25.11,20285
25.16,31259
25.52,5659
25.35,7209
25.37,9300
25.83,10070
25.81,10268
25.91,10322
25.89,16470
25.93,11288
25.75,17720
25.67,13179
25.6,16740
25.61,9298
25.67,10175
25.63,8454
25.65,8381
25.58,8519
25.54,5788
25.45,6651
25.47,7326
25.47,6266
25.41,11488
25.42,6457
25.48,7260
25.4,11960
25.45,10024
25.49,39424
25.88,2645
25.97,5958
25.88,5799
25.79,7029
25.63,8398
25.78,6035
25.73,6147
25.68,9352
25.83,8256
25.8,4332
25.76,4769
25.91,4432
25.9,7298
25.95,2670
25.98,7417
25.93,3351
25.91,4243
25.86,3804
25.94,2956
25.85,3267
25.87,3653
25.89,2210
25.86,5627
25.71,7269
25.8,7147
25.84,39313
25.95,10730
25.61,10940
25.47,6395
25.62,4731
25.59,5744
25.74,3579
25.77,3490
25.68,3471
25.6,6394
25.86,2604
25.79,3609
25.79,6296
25.74,3261
25.71,5014
25.8,3074
25.67,5364
25.61,5181
25.7,6058
25.77,9892
25.83,5501
25.84,6413
25.8,2811
25.8,2795
25.87,4963
25.86,13961
25.78,29270
26,1510
25.73,2635
26.22,3331
26.15,1846
26.11,4277
26.07,3815
25.83,7391
25.8,4986
25.7,3738
25.69,1304
25.64,5575
25.49,2878
25.47,2412
25.45,2429
25.44,3255
25.36,3034
25.35,5257
25.26,1729
25.26,3365
25.27,6643
25.21,6008
25.25,6452
25.31,6279
25.32,12886
25.24,9801
25.37,23052
25.08,301
25.13,1950
25.13,5837
25.25,2434
25.33,2429
25.31,1480
25.38,1543
25.39,977
25.33,1204
25.35,1049
25.33,1106
25.36,1192
25.34,966
25.38,1275
25.33,2493
25.32,3087
25.35,2889
25.39,1360
25.43,5165
25.48,7337
25.63,2566
25.6,6920
25.54,6422
25.48,3327
25.6,10805
25.47,17975
25.57,405
25.6,1166
25.6,1518
25.77,200
25.65,1778
25.68,2052
25.83,2200
25.69,1691
25.57,1371
25.56,585
25.63,642
25.69,3286
25.65,24977
25.72,2085
25.75,3104
25.88,2114
25.79,5698
25.7,3543
25.65,2754
25.66,6198
25.63,6304
25.56,6049
25.56,5773
25.56,6884
25.59,6784
25.64,21506
25.74,1742
26.16,2251
26.12,5163
26.12,10198
25.96,2215
25.97,1496
25.95,3231
25.97,716
25.99,749
25.89,1652
25.82,954
25.76,2453
25.87,670
25.86,931
25.82,890
25.87,4035
25.86,4895
25.91,5322
25.88,2890
25.84,3445
25.74,4017
25.77,2018
25.83,3725
25.86,7263
25.82,8217
25.79,31368
25.47,1883
25,2376
25,4707
25.14,2630
25.01,7214
25.13,3941
25.09,5081
25.12,4435
25.17,3789
25.2,2667
25.22,4100
25.22,2226
25.27,2277
25.25,3046
25.19,4803
25.22,3135
25.34,2948
25.39,2800
25.35,2506
25.34,3203
25.31,4807
25.33,3358
25.32,6772
25.3,6883
25.26,11592
25.28,34288
25.04,918
24.93,3150
24.93,4095
24.85,2098
24.92,1121
24.92,2508
24.94,3412
25.13,2974
25.24,3803
25.22,3701
25.19,2289
25.28,1027
25.24,1952
25.2,1109
25.2,2325
25.16,2395
25.11,2207
25.14,2308
25.11,2113
25.13,3924
25.14,3762
25.09,5499
25.11,12582
25.18,11773
25.15,11884
25.19,19350
25.11,200
25.18,632
25.55,3339
25.81,1004
25.84,550
25.65,754
25.55,803
25.59,916
25.57,1145
25.74,698
25.76,1543
25.87,1377
25.83,766
25.82,1329
25.82,925
25.76,2115
25.87,2170
25.93,12817
26.12,3768
26.04,1968
26.01,1355
26.02,2344
26.05,3254
26,4268
26.03,14458
26.09,34551
26.36,700
26.33,7093
26.44,4935
26.57,5327
26.42,2402
26.34,5692
26.34,2171
26.33,2866
26.35,1321
26.38,1702
26.39,4091
26.4,3316
26.41,1630
26.46,3683
26.41,1501
26.41,3540
26.34,2528
26.36,2688
26.45,1882
26.46,3543
26.48,3598
26.56,5077
26.53,5696
26.56,6087
26.59,13299
26.55,21991
26.35,860
26.49,894
26.27,6472
26.21,2198
26.26,2247
26.37,3341
26.31,950
26.25,600
26.18,2127
26.22,2046
26.34,5831
26.22,3326
26.18,1500
26.19,1846
26.19,2824
26.29,817
26.24,1486
26.25,2907
26.22,2401
26.2,3834
26.11,6758
26.18,4953
26.15,6304
26.14,10411
26.09,13715
26.06,31249
25.81,420
25.61,400
25.62,300
25.68,992
25.58,1421
25.69,625
25.8,1609
25.86,599
25.91,1477
25.87,1442
25.67,2298
25.67,1799
25.71,1078
25.67,1197
25.67,4280
25.66,3241
25.63,10240
25.55,3286
25.51,5449
25.35,6359
25.31,6654
25.34,9753
25.33,10504
25.31,8208
25.3,20120
25.17,68725
25.03,383
25.15,2301
25.09,2687
25.23,4388
25.39,3898
25.34,4430
25.31,2731
25.2,2224
25.2,2311
25.08,3239
25.07,3990
25.04,2710
25.08,4173
25.17,2077
25.14,4981
25.18,3350
25.17,2294
25.13,4684
25.23,2422
25.23,4399
25.12,2555
25.12,4428
25.19,8309
25.08,8400
25.11,4001
25.09,33466
24.82,2302
24.8,430
24.85,3606
24.93,4319
25.03,3511
24.92,5137
24.81,7783
24.74,10307
24.76,7959
24.85,4772
24.76,7963
24.69,5577
24.69,4686
24.73,1982
24.87,3221
24.83,4257
24.84,4955
24.75,5088
24.76,5242
24.72,3524
24.74,12082
24.7,4729
24.72,5700
24.77,5985
24.79,12053
24.82,31962
24.83,1500
24.64,2018
24.67,1375
24.42,3767
24.54,4495
24.52,3895
24.51,7826
24.56,2745
24.52,3529
24.57,3249
24.52,4023
24.54,3704
24.54,2291
24.53,1562
24.54,2348
24.54,2020
24.46,2472
24.48,3381
24.5,2721
24.51,1947
24.44,2042
24.42,2400
24.39,9462
24.5,5034
24.48,6460
24.43,37913
24.35,2584
24.2,972
24.12,5875
23.96,6384
23.95,4539
24.03,2513
24.12,2830
24.08,1778
24.03,4542
24.15,1756
24.18,3061
24.25,2206
24.25,2395
24.27,1366
24.28,771
24.32,2303
24.34,2171
24.3,2101
24.34,2656
24.3,1395
24.32,437
24.33,3348
24.29,4252
24.33,5612
24.33,5032
24.33,24664
24.35,1186
24.31,1509
24.41,2200
24.43,1836
24.36,3691
24.48,2924
24.46,834
24.4,750
24.38,1294
24.28,2827
24.21,2029
24.25,744
24.32,705
24.36,1730
24.36,2348
24.31,2012
24.27,1193
24.28,1166
24.2,2986
24.27,966
24.25,1537
24.25,2252
24.23,2386
24.29,1322
24.32,3993
24.32,18459
24.22,1237
23.99,1644
24.25,614
24.12,3219
24.08,3021
24.09,551
24.17,1292
24.13,7988
24.08,5948
24.3,2030
24.33,838
24.22,2576
24.09,1780
24.06,2055
23.95,1607
23.95,2038
23.92,2981
23.85,3252
23.85,4610
23.84,4427
23.79,8459
23.82,7201
23.81,6411
23.79,6901
23.74,6530
23.85,34255
23.87,100
23.85,310
23.77,499
23.64,451
23.57,1138
23.66,694
23.77,306
23.74,749
23.78,1427
23.8,3868
23.95,3678
23.93,3176
23.93,2374
23.83,2624
23.82,968
23.84,527
23.87,832
23.91,1706
23.87,643
23.9,1117
23.92,1570
23.89,2751
23.83,2185
23.84,1044
23.94,2385
23.96,17935
24.3,375
24.02,816
24.19,2113
24.28,1859
24.27,8363
24.2,1468
24.16,1629
24.15,1541
24.16,1094
24.04,1098
24,891
23.97,874
23.97,402
23.95,876
23.95,373
23.99,1968
23.91,713
23.88,901
23.9,1028
23.91,1181
23.97,2213
23.99,2421
23.89,1317
23.92,1268
23.92,2226
23.91,23296
23.77,1353
23.8,2021
23.83,4523
24.05,1790
24.09,3074
24.13,3107
24.22,2945
24.31,1845
24.3,2593
24.2,2518
24.25,1999
24.38,2617
24.36,1778
24.34,1739
24.36,2327
24.4,4850
24.5,4037
24.43,2782
24.41,3100
24.42,2401
24.46,1958
24.48,2399
24.5,5538
24.49,5971
24.55,9235
24.53,19479
24.54,5168
24.27,1278
24.49,2099
24.37,4651
24.48,5249
24.49,2786
24.44,2256
24.49,2103
24.42,24847
24.41,2094
24.43,1790
24.46,2672
24.45,1172
24.42,2548
24.43,773
24.43,2759
24.49,719
24.41,1154
24.43,2582
24.48,1018
24.44,1248
24.44,1842
24.38,1859
24.37,3997
24.41,8271
24.36,41056
24.21,2879
24.32,5220
24.65,1456
24.8,2703
24.77,1373
24.64,1712
24.6,2044
24.65,2076
24.6,2430
24.53,2001
24.46,1885
24.4,2357
24.28,1542
24.3,2329
24.25,1447
24.24,2854
24.24,3429
24.25,1235
24.31,5391
24.31,1415
24.3,2272
24.26,2181
24.17,6158
24.3,4320
24.24,7555
24.19,12343
25.76,13004
25.55,7873
25.7,11904
26.35,10547
26.19,4514
26.07,6658
25.93,22467
26.02,14575
26.21,9067
26.33,7274
26.25,11748
26.23,15655
26.41,7188
26.29,5088
26.24,2413
26.39,4734
26.29,3750
26.32,6089
26.38,10088
26.37,8333
26.35,26077
26.44,7854
26.51,6565
26.38,5677
25.97,16694
25.72,40375
25.66,4952
26.02,5302
26.2,2710
26.25,3454
26.2,5452
25.97,2955
25.9,2732
25.89,3473
25.81,3234
26.01,28975
26.05,7788
26.13,1558
26.18,1368
26.04,3438
26.06,3692
26.06,3506
26.11,2987
25.99,2069
25.94,2631
25.89,3398
25.95,2872
25.94,1755
25.84,4109
25.72,3034
25.71,6283
25.87,30804
25.99,7647
25.79,5300
25.63,8879
26.05,6011
25.89,5376
25.96,4175
26,4621
26.06,4365
26.07,4410
26.09,2492
25.95,2575
26,1533
26.18,3546
26.29,917
26.31,1613
26.23,2200
26.33,5269
26.33,1575
26.32,854
26.34,2356
26.34,2842
26.27,1948
26.29,1941
26.15,3495
26.09,5632
25.98,12217
25.79,5816
26.32,4435
26.72,3884
26.41,8596
26.45,4218
26.62,2851
26.76,4307
26.69,3613
26.62,4837
26.57,3870
26.57,3199
26.44,2021
26.33,2180
26.3,1400
26.34,1709
26.3,827
26.27,1850
26.18,784
26.24,2469
26.48,4356
26.59,3762
26.53,4527
26.48,5346
26.5,4400
26.5,5967
26.51,35358
28.38,15426
28.28,8106
28.04,11098
28.29,10333
28.74,11334
28.95,5179
29.2,13515
29.21,18298
28.87,10314
28.78,12520
28.91,7206
29.11,5441
29.07,6966
29.13,3032
29.19,3729
29.12,6503
29.24,6990
29.08,13473
29.02,7690
28.88,4677
28.94,4905
29.06,6479
29.02,5956
29.05,4445
29.19,4445
29.2,38871
29.01,4850
28.54,4184
28.3,8174
28.32,12419
28.43,6701
28.35,6629
28.32,5541
28.31,6655
28.42,7739
28.56,4292
28.32,3944
28.42,7592
28.35,4242
28.25,4299
28.29,7199
28.47,4006
28.53,3544
28.55,2979
28.56,2422
28.39,3987
28.27,9914
28.25,4348
28.36,3803
28.44,2560
28.48,5607
28.34,22155
28.11,6744
28.19,3350
28.33,2082
28.35,3081
28.26,1972
28.37,2676
28.22,4059
28.28,2814
28.2,2277
27.96,1711
27.9,2204
27.93,2434
28.03,3279
27.93,1275
27.85,4003
27.88,2850
27.92,3204
27.91,1942
27.98,3861
28.01,2029
27.92,3963
28.02,4042
28.1,3794
28.03,2925
27.94,10957
27.91,23355
27.82,1570
27.63,5015
27.56,4940
27.27,13908
27.47,8598
27.62,4972
27.57,4060
27.56,1221
27.56,1319
27.58,3376
27.61,1037
27.65,2752
27.56,2391
27.61,3238
27.64,3026
27.58,3052
27.62,3091
27.62,3376
27.66,3880
27.66,3254
27.68,2431
27.72,4819
27.61,4146
27.63,3897
27.64,5845
27.58,21409
27.31,2000
27.18,5982
27.14,1654
27.12,714
27.34,3073
27.27,3686
27.45,2474
27.47,2452
27.39,1163
27.37,2393
27.08,1433
27.01,400
27.02,2578
26.98,3441
26.9,2256
26.92,5849
26.89,8852
26.89,3925
26.88,5652
26.77,14032
26.76,6468
26.66,9281
26.69,9261
26.64,10771
26.49,10845
26.38,75853
26.35,3264
26.18,3511
26.35,5071
26.29,7588
26.48,4830
26.56,3748
26.63,3882
26.65,5452
26.76,5096
26.63,3269
26.6,5898
26.67,5648
26.59,3113
26.53,3796
26.57,4086
26.65,4670
26.64,3364
26.68,2790
26.73,1453
26.88,6828
27.04,10974
27.03,6393
26.97,10921
27.05,6168
27,3348
26.97,46183
27.58,1254
27.25,1882
27.33,7663
27.08,1619
27.04,2926
26.89,2024
26.83,3520
26.74,4083
26.69,6099
26.66,516
26.65,3459
26.66,1183
26.62,2186
26.52,2873
26.54,1096
26.61,1864
26.54,1259
26.57,5182
26.5,2807
26.57,1845
26.57,1429
26.68,2024
26.63,2285
26.63,1177
26.64,13367
26.52,37417
26.74,217
26.65,100
26.65,3108
26.8,483
26.63,1880
26.69,1149
26.6,895
26.6,860
26.6,1145
26.53,626
26.53,4331
26.4,1914
26.41,1513
26.49,964
26.37,1237
26.39,480
26.4,1353
26.35,2813
26.25,964
26.28,1815
26.25,998
26.3,1650
26.32,1344
26.41,2476
26.37,2588
26.26,15041
26.56,931
26.23,707
26.21,1303
26.29,2314
26.37,2256
26.18,2495
26.1,5802
26.24,2420
26.16,3094
25.95,5505
25.83,1150
25.8,1417
25.77,2897
25.78,7883
25.86,4792
25.96,836
25.95,5021
25.93,2310
26.02,1243
26.04,1284
25.99,2926
25.99,2429
25.99,3271
26.14,7181
26.2,10406
26.06,29461
25.73,2377
26.26,2080
26.13,1246
26.08,1859
26.04,4236
25.91,2288
25.9,966
25.87,1172
25.82,946
25.8,1251
25.9,254
25.87,1082
25.87,2840
25.9,1704
25.9,923
25.91,1905
26.06,1744
26.1,1342
26.02,1836
26.01,1406
25.94,2755
25.99,2005
25.99,2288
26,4778
26,5431
26.03,18333
26.19,859
26.35,953
26.49,747
26.34,723
26.41,2292
26.48,417
26.45,641
26.43,638
26.26,2031
26.21,1156
26.18,767
26.18,1342
26.13,2076
26.28,353
26.17,1254
26.06,870
26.08,530
26.03,545
26.03,3637
26.01,1726
26.07,828
26.1,1563
26.03,1175
26.09,2160
26.09,3777
26.09,19074
26.51,2441
26.42,4558
26.67,4990
27.01,3991
26.7,2406
26.81,6139
27.19,2740
27.21,2675
27.29,5970
27.4,3074
27.46,2211
27.5,3784
27.54,3323
27.58,1551
27.56,2777
27.59,3732
27.71,1665
27.74,2874
27.66,1363
27.71,2799
27.69,1891
27.69,3808
27.52,2882
27.58,4379
27.61,4797
27.56,23303
27.33,1397
27.41,5371
27.33,4280
27.3,1472
27.25,2126
27.35,3742
27.25,4275
27.14,2261
27.07,2275
27.16,2479
27.14,928
27.1,2537
27.15,2838
27.04,1993
27.03,3004
26.94,3725
26.85,2349
26.83,2875
26.79,3875
26.93,1436
27.03,5613
26.82,4731
26.7,7055
26.77,6473
26.86,2457
26.79,12809
26.87,23241
26.4,17521
26.24,11129
26.15,15094
26.15,9743
26.21,16247
25.93,7981
25.75,16711
25.94,10811
25.95,4632
26,11504
25.72,5304
25.71,3862
25.49,3295
25.39,3459
25.34,5373
25.24,4068
25.17,4074
25.11,12336
25,10635
24.79,7057
25.02,11991
25.09,4382
25.04,9157
25.22,24748
25.34,98714
24.92,9121
24.98,3549
25.13,3073
24.86,6024
24.75,3100
24.75,3972
24.74,9422
24.67,2047
24.66,1546
24.61,749
24.54,3238
24.47,2884
24.33,6150
24.44,9779
24.3,5726
24.3,5684
24.12,6276
24.1,5430
24.08,9379
24,19294
23.95,9128
23.85,13083
23.78,24252
23.85,26349
23.71,53579
23.7,74558
23.82,10392
24.18,9351
24.25,7085
24.03,3559
24.02,3283
24.13,2191
24.13,3786
24.25,6489
24.25,1990
24.18,3353
24.09,1907
24.07,2685
24,1811
24.05,1543
24.08,2966
24.11,6113
24.03,4690
24.07,2016
24.2,2087
24.16,4153
24.16,5976
24.13,3050
24.13,3520
24.09,3128
24.16,4427
24.05,29005
23.62,7282
23.7,16722
23.4,8983
23.34,3179
23.42,2341
23.42,3011
23.35,3915
23.45,3869
23.42,3558
23.26,5839
23.41,6768
23.35,3330
23.38,4569
23.35,22706
23.35,0
23.46,7413
23.52,8886
23.5,12357
23.46,3356
23.28,4257
23.18,15260
22.98,4938
22.97,5882
23,5264
22.86,4890
22.88,3496
22.94,3665
22.95,4323
22.96,4274
23.05,4315
23.12,2755
23.08,2318
23.02,3744
23.12,2914
23.04,1628
23.08,1973
23.05,3121
23.11,2591
23.13,5379
23.1,5398
23.09,30714
23.4,2948
23.16,3130
23.12,4681
23.13,3101
23.19,1219
23.11,2103
23.21,1368
23.23,1853
23.32,3026
23.27,1702
23.22,2083
23.18,4204
23.08,2610
23.11,5224
23.23,3859
23.17,4490
23.15,2102
23.09,1222
23.11,3291
23.12,708
23.15,1242
23.15,962
23.14,3807
23.16,3455
23.09,10136
23.13,19474
23.13,4382
22.95,1576
22.97,1359
22.78,1825
22.75,1521
22.8,1749
22.88,2876
22.76,1171
22.81,2542
22.79,2195
22.81,1272
22.89,3956
22.81,2254
22.86,1649
22.81,3585
22.69,1666
22.68,994
22.72,1546
22.76,4187
22.86,4076
22.83,7375
22.78,5500
22.67,5231
22.62,7331
22.57,16921
22.62,42676
22.44,3225
22.53,5465
22.43,2209
22.24,4133
22.25,1196
22.23,278
22.21,1287
22.27,1736
22.35,1590
22.53,672
22.48,1288
22.45,1770
22.42,1091
22.41,839
22.42,917
22.4,2545
22.58,1438
22.47,5937
22.45,2983
22.33,2206
22.39,918
22.44,1802
22.56,1486
22.5,2727
22.56,3787
22.56,17031
22.74,1106
22.44,100
22.18,2814
22.27,1364
22.2,2318
22.07,1343
22.04,2422
22.15,500
22.14,1637
22.13,2117
22.17,2423
22.13,952
22.12,1923
22.01,2566
22.03,4453
22.01,2325
22.01,4285
21.92,7787
22.02,4477
21.95,1622
21.98,1186
21.96,1732
22.01,7499
21.84,5961
21.87,11009
21.78,30975
22.54,4160
22.47,3124
22.51,2321
22.52,2227
22.64,2161
22.35,529
22.33,1158
22.32,2173
22.47,4041
22.59,1414
22.56,817
22.46,609
22.45,821
22.5,2647
22.45,2762
22.46,3254
22.36,1544
22.34,4259
22.45,2981
22.33,1049
22.27,893
22.23,3525
22.26,3274
22.21,2979
22.15,5519
22.13,9035
22.1,1737
21.88,1194
21.84,2757
21.82,362
21.85,180
21.85,1587
22,1046
21.98,1025
22.01,1946
22.09,2133
22.04,1527
21.99,859
21.98,2127
22.04,1089
22.05,1030
22.14,1400
22.1,226
22.05,268
22.05,574
22.09,2255
22.08,1544
22.07,951
22.11,3265
21.98,3296
22.01,3801
21.93,12705
21.92,929
21.92,924
21.85,1930
21.75,865
21.71,1000
21.66,3341
21.75,302
21.79,846
21.92,1279
21.88,1758
21.84,1336
21.94,1712
21.9,1701
21.97,1808
21.95,903
21.88,2560
21.91,4021
21.85,1855
21.85,535
21.82,516
21.92,1045
21.88,672
21.91,1981
21.85,2238
21.87,3128
21.82,8794
21.55,4205
21.61,960
21.54,1401
21.53,986
21.49,1230
21.45,1821
21.62,1682
21.63,1173
21.63,3155
21.64,3265
21.78,500
21.85,1251
21.87,580
21.87,899
21.91,1033
21.93,582
21.87,753
21.87,0
21.84,2179
21.79,1598
21.93,106
21.92,734
21.94,1632
22.03,2206
22.01,1855
21.9,8886
21.84,648
21.8,702
21.66,619
21.54,595
21.55,795
21.53,841
21.49,1045
21.56,822
21.55,765
21.57,460
21.51,583
21.57,925
21.59,672
21.61,636
21.6,577
21.51,2044
21.57,2302
21.44,903
21.49,2384
21.54,1210
21.5,779
21.52,1489
21.48,601
21.52,1497
21.53,3641
21.53,9290
22.07,11522
21.48,3897
21.45,5258
21.4,4323
21.36,2732
21.31,2088
21.4,1833
21.39,3032
21.33,4194
21.44,2277
21.42,809
21.38,1039
21.35,500
21.34,1682
21.28,1548
21.28,2431
21.24,1001
21.21,695
21.27,2008
21.22,2286
21.15,2410
21.12,3571
21.16,4018
21.15,8776
21.11,9569
21.05,22549
20.91,1613
20.74,1984
20.79,3332
20.6,1967
20.71,2068
20.68,2977
20.69,1115
20.62,4013
20.73,6374
20.79,3181
20.82,884
20.78,2055
20.75,690
20.76,1244
20.84,1871
20.8,2191
20.8,5110
20.82,1413
20.9,1590
20.84,1136
20.84,3237
20.91,2064
20.88,4398
20.83,8832
20.86,11031
20.91,18731
21.18,1033
21.22,897
21.14,4328
21.11,4362
21.37,2569
21.34,522
21.35,2642
21.35,1453
21.4,3455
21.46,4534
21.42,971
21.41,1096
21.42,2523
21.37,10062
21.44,6291
21.47,13270
21.49,2224
21.43,1463
21.47,3722
21.22,1261
21.29,3125
21.12,3649
21.03,2405
21.04,3016
21.04,5464
20.68,15747
21.23,10475
21.25,7509
20.98,5504
20.94,5248
21.06,6404
21.13,3500
21.16,19150
21.19,5850
21.25,6379
21.31,2909
21.27,4872
21.26,2714
21.17,4391
21.14,5100
21.17,14572
21.18,1819
21.17,3283
21.16,3350
21.18,1457
21.1,3159
21.16,1840
21.16,2489
21.15,3737
21.17,8566
21.18,6799
21.19,43814
21.08,3663
21.17,3050
21.17,4170
21.07,1983
21.11,1282
21.05,1204
21.04,2529
21.03,1633
20.9,3915
20.94,5845
20.95,4262
20.95,4136
20.94,2582
20.95,2565
20.93,6863
20.78,4490
20.71,2989
20.69,3808
20.65,9834
20.53,4961
20.68,9996
20.76,7844
20.64,9083
20.51,6963
20.4,13188
20.38,36930
20.31,2581
19.92,3563
20,12493
19.96,2488
19.68,2865
19.58,4863
19.52,7736
19.55,3176
19.66,2590
19.53,5755
19.65,5821
19.66,3246
19.68,3167
19.71,4495
19.73,1557
19.81,2924
19.76,7652
19.64,24877
19.64,0
19.64,0
19.64,0
19.63,3474
19.53,2527
19.72,3996
19.74,3053
19.64,1518
19.67,796
19.72,2791
19.74,2641
19.66,3056
19.71,2606
19.7,1685
19.6,2072
19.57,1098
19.58,2122
19.54,780
19.55,1549
19.55,1559
19.58,926
19.55,1309
19.58,1328
19.47,2412
19.51,1795
19.51,2808
19.47,2998
19.51,5385
19.59,14574
19.28,791
19.52,1351
19.56,1009
19.43,6193
19.41,2733
19.56,2768
19.54,3053
19.41,3453
19.48,2452
19.51,5111
19.44,4038
19.41,3070
19.45,4723
19.41,1602
19.41,407
19.4,1504
19.45,1527
19.47,3107
19.44,1302
19.49,1387
19.5,1717
19.53,1507
19.51,1051
19.53,3704
19.53,4527
19.49,17601
19.6,3013
19.81,3781
19.95,3674
19.91,4851
20,16065
19.8,2629
19.86,2779
20.07,669
20.11,1563
20.16,1592
20.26,1398
20.25,2694
20.28,2807
20.3,4182
20.38,3494
20.42,2738
20.35,1545
20.37,2979
20.36,2286
20.3,2376
20.34,2125
20.36,3245
20.39,3699
20.39,4898
20.4,5188
20.38,27382
20.49,3601
20.43,6455
20.53,4145
20.61,5972
20.65,4002
20.67,2193
20.6,1908
20.57,3423
20.49,2184
20.54,2349
20.54,2711
20.51,2416
20.47,4561
20.43,3916
20.43,1328
20.47,1422
20.48,1391
20.52,2886
20.51,3773
20.58,2527
20.54,3235
20.6,3155
20.62,4456
20.68,1736
20.73,7868
20.63,23737
20.71,5015
20.87,4577
20.72,5633
20.61,3726
20.57,3719
20.6,2830
20.56,3717
20.44,2311
20.38,2655
20.39,2402
20.42,1918
20.44,4220
20.33,1328
20.42,1543
20.39,1347
20.37,2297
20.35,1335
20.37,2183
20.33,2806
20.38,2323
20.4,2400
20.42,3814
20.43,3435
20.43,2616
20.43,4451
20.45,15541
20.24,1644
20,3370
19.87,1216
19.89,500
19.96,2489
19.91,1897
19.9,2610
19.88,3480
19.75,1029
19.8,982
19.82,884
19.87,1579
19.91,1581
19.86,1545
19.88,3419
19.84,2178
19.88,2507
19.86,2732
19.88,2719
19.84,2279
19.79,3561
19.82,5639
19.83,2295
19.85,3593
19.85,6225
19.79,23042
19.76,5420
19.5,3800
19.38,5338
19.6,3994
19.73,3373
19.62,10744
19.89,7240
19.87,5233
19.87,10768
20.02,2955
19.93,3073
19.86,4494
19.64,6325
19.53,10589
19.52,4756
19.51,4483
19.54,2441
19.49,4354
19.41,3144
19.43,3615
19.39,4852
19.37,6965
19.36,3690
19.31,9331
19.25,9524
19.16,41526
19.19,5591
18.96,2567
19.14,4480
19.2,9503
19.11,13323
18.96,3184
19.03,5116
18.88,11739
18.83,4341
18.77,4740
18.86,5884
18.8,5105
18.8,4763
18.9,1996
18.88,3732
19,2197
19.02,8022
19.01,3633
19,4343
18.99,3457
18.98,1605
18.97,2387
18.9,4644
18.89,7296
18.94,9878
18.92,44879
18.67,49937
18.44,6927
18.51,6001
18.42,5956
18.42,5038
18.39,4712
18.5,9164
18.7,11302
18.82,3228
18.8,1065
18.89,2824
18.77,600
18.75,2091
18.73,2253
18.76,2215
18.78,1494
18.75,823
18.7,2504
18.62,2000
18.63,4045
18.7,2517
18.71,6868
18.63,3753
18.67,9660
18.65,10075
18.59,31088
18.55,3068
18.51,3590
18.23,7849
18.2,9586
18.07,2920
18,11570
17.91,10546
17.93,6612
17.83,19257
17.78,8526
17.62,29272
17.66,4477
17.69,4601
17.64,4156
17.77,4747
17.71,3428
17.75,5192
17.69,3596
17.67,3949
17.75,18023
17.78,10732
17.67,9688
17.71,13685
17.67,15464
17.61,13575
17.58,38309
17.46,8813
17.58,4538
17.69,11627
17.62,11781
17.73,3137
17.74,6936
17.72,3428
17.74,3198
17.74,2524
17.71,4643
17.65,6939
17.62,11832
17.53,5601
17.64,9769
18,16063
18.01,7052
18.11,3929
18.15,5274
18.07,4100
18.12,7386
18.21,8490
18.37,11492
18.39,9762
18.46,12758
18.41,13753
18.38,38240
18.73,20479
18.62,11300
18.36,10794
18.29,4471
18.21,2524
18.33,2615
18.3,1193
18.32,7212
18.25,9438
18.14,7426
18.01,2684
18.1,2082
18.17,2158
18.14,3045
18.14,3317
18.14,2543
18.2,5441
18.19,2219
18.15,3593
18.04,5573
18.04,5921
18.11,6356
18.11,9026
18.15,9883
18.24,12667
18.15,21164
18.45,6020
18.13,12808
18.17,6510
18.23,5227
18.3,4791
18.18,2958
18.24,2590
18.17,4818
18.33,4756
18.31,6618
18.26,10028
18.18,3865
18.2,6756
18.27,9210
18.26,6432
18.22,4126
18.28,5237
18.29,5122
18.29,2616
18.2,2895
18.19,3126
18.24,4509
18.24,7342
18.2,9784
18.3,10055
18.34,27451
18.12,9780
17.85,8716
17.92,5460
18.12,6803
18.35,10230
18.34,5514
18.41,3766
18.42,4847
18.47,4192
18.4,2894
18.37,2271
18.38,2064
18.4,3164
18.4,3767
18.38,4652
18.47,3411
18.43,3149
18.35,5020
18.3,3029
18.37,5164
18.41,5327
18.46,5459
18.51,10286
18.54,13588
18.5,6622
18.57,16057
18.54,1708
18.67,5174
18.82,10182
18.96,16365
19.07,7920
19.11,4639
18.97,4992
18.87,4393
18.83,2851
18.79,1290
18.95,1614
18.97,2343
18.98,2659
19.02,3425
18.95,1324
18.88,603
18.94,3660
18.91,2887
18.93,3797
19.01,3074
19.03,3346
19,4299
18.95,3279
18.96,7482
18.96,6827
19,38029
19.24,3859
19.3,3148
19.04,3104
18.9,2056
18.91,1641
18.94,1335
18.83,4481
19.02,1386
19.01,1706
18.99,704
18.94,815
18.99,2277
19,1768
18.88,1116
18.93,2281
18.97,2173
18.99,4520
19.04,2807
19.13,3104
19.05,2828
19.05,1899
19.08,2922
19.14,1737
19.22,1981
19.16,3636
19.13,13113
19.25,1956
19.34,1877
19.01,3563
18.88,1172
18.76,1866
18.86,1686
18.83,3259
18.84,1588
18.86,1517
18.85,1130
18.87,2000
18.83,1818
18.92,1357
18.91,2038
18.9,1734
18.87,1702
18.89,1057
18.94,927
18.85,812
18.83,2404
18.84,1772
18.88,13867
18.89,3444
18.8,2046
18.74,3307
18.75,21914
18.83,10320
18.73,8194
18.79,5670
18.81,7153
18.92,4970
18.96,4193
18.88,2348
18.91,2394
18.86,64634
19.36,20126
19.5,12701
19.38,7192
19.38,5376
19.39,5522
19.16,9213
19.2,7918
19.12,5677
19.02,5035
19.08,3931
19.08,6057
19.09,2454
19.06,7050
18.98,4920
18.99,5680
18.9,8181
18.88,23438
19.06,4270
18.92,1761
18.77,4133
18.82,3452
18.76,4379
18.72,4716
18.64,1365
18.65,880
18.74,390
18.73,2252
18.68,859
18.79,1126
18.82,1407
18.75,2843
18.71,1641
18.83,11801
18.79,1547
18.82,1472
18.81,1995
18.75,850
18.74,1064
18.77,1692
18.79,3350
18.84,3352
18.82,6962
18.93,22585
18.73,9643
18.62,3444
18.71,4832
18.77,1915
18.78,3197
18.6,3894
18.46,3483
18.49,2414
18.38,2662
18.31,6018
18.23,6195
18.2,4901
18.15,6624
18.1,7572
18.11,6110
18.18,3223
18.16,5667
18.1,2829
18.1,2335
18.16,2757
18.16,2666
18.25,3676
18.11,3679
18.11,6824
18.15,9016
18.09,37518
18.15,1747
18.03,2071
17.91,4555
17.97,1357
17.94,1354
17.93,2371
17.96,1880
17.99,2855
17.86,15652
17.87,2156
17.84,698
17.92,231
17.96,558
18.01,498
18.01,1273
18.01,1142
18.03,1513
18,1555
18.03,1834
17.96,682
17.94,2507
18.02,2635
18.01,5663
17.93,6651
17.83,6399
17.75,26528
17.85,4165
17.94,1282
18.1,4546
18.07,3537
18.06,6040
18.07,5193
17.95,7728
18,4286
18.02,2684
17.97,1744
17.99,2469
18,2310
17.89,4269
17.91,1213
17.92,3395
17.89,2515
17.98,939
17.95,1423
17.9,1897
17.86,1744
17.92,2252
17.95,1798
17.86,1524
17.84,2215
17.82,6649
17.84,15342
17.98,802
17.91,574
17.95,1581
18,1882
18.07,1711
18.13,3357
18.02,1014
18.03,551
18.04,1127
17.94,1739
17.88,900
17.8,1708
17.84,778
17.84,1080
17.85,2140
17.9,2411
17.99,3965
18.08,2711
18.09,2676
18.05,880
18.06,1849
18.05,1772
18.06,968
18.05,2363
18.1,3446
17.85,17863
18.06,2276
17.82,3210
17.82,8449
17.88,6078
18,1693
18.01,2411
18.04,2105
17.94,2761
17.96,8602
17.98,2776
18.02,2041
18.02,2198
18.14,3023
18.09,1834
18.12,1559
18.1,3531
17.94,5453
17.96,2206
17.87,3484
17.79,1807
17.81,2681
17.73,15647
17.76,4665
17.75,1676
17.78,10358
17.75,32834
17.41,1963
17.52,3438
17.57,7270
17.51,7789
17.74,5932
17.63,1919
17.67,3674
17.66,2232
17.66,1437
17.63,1514
17.5,9005
17.41,4075
17.36,3639
17.31,2613
17.3,1140
17.28,3076
17.24,2798
17.24,1902
17.2,3833
17.24,7210
17.26,4200
17.27,6832
17.27,17427
17.24,4680
17.28,11519
17.24,36938
16.79,5435
17.22,4561
17.28,4175
17.38,5575
17.51,4110
17.47,2350
17.44,4222
17.39,2787
17.47,2072
17.54,2408
17.62,1837
17.6,1428
17.65,1615
17.64,2099
17.67,2089
17.7,2776
17.65,399
17.66,1525
17.61,6655
17.71,2575
17.73,4179
17.81,4632
17.82,5960
17.83,9369
17.78,11743
17.9,46481
17.9,7011
17.77,3485
17.61,6220
17.71,3792
17.77,6080
17.77,6180
17.83,3384
17.77,3263
17.8,2728
17.77,1130
17.8,3060
17.83,7142
17.77,5190
17.81,3228
17.8,4046
17.79,13564
17.79,7417
17.79,9009
17.79,2788
17.82,8342
17.81,7894
17.76,8279
17.69,10069
17.65,19127
17.69,17978
17.57,44358
16.87,52594
16.21,33177
16.7,16764
16.69,16498
16.81,15286
16.7,11288
16.83,17348
16.96,13626
17.13,20851
16.96,39894
16.91,7675
16.85,5791
16.78,8285
16.67,8841
16.67,18514
16.73,9863
16.64,12299
16.46,9524
16.29,12138
16.28,11938
16.21,11778
16.24,9559
16.18,12315
16.2,29037
16.18,18695
16.12,50078
16.23,11768
16.61,11690
16.43,50254
16.14,10354
16.05,12507
15.9,16738
15.67,11268
15.62,15503
15.62,5835
15.64,5933
15.65,4778
15.74,8365
15.7,12981
15.7,4046
15.7,6328
15.7,3721
15.71,3976
15.72,4617
15.67,3933
15.67,4485
15.62,5748
15.63,7364
15.61,7611
15.62,8058
15.65,18725
15.64,39901
15.84,16286
16.19,16173
16.4,12275
16.29,11569
16.1,7959
16.26,6503
16.27,5078
16.3,6074
16.34,5479
16.39,5907
16.45,3861
16.46,4798
16.51,6553
16.47,6338
16.45,3392
16.52,8521
16.48,7710
16.52,5471
16.41,3346
16.4,3597
16.39,6093
16.42,5175
16.38,5422
16.42,6752
16.45,4662
16.46,17732
16.23,27875
16.71,19873
16.76,22421
16.85,19632
16.96,11240
17.11,16333
17.35,14790
17.44,28239
17.36,13999
17.37,8291
17.29,9491
17.25,9512
17.33,10536
17.17,8133
17.13,10066
17.12,7557
17.12,6547
17.12,9466
17.02,5935
17,8896
17.01,13242
16.98,11736
16.97,10830
16.98,18990
16.95,11466
16.89,25964
16.77,13980
16.94,8704
16.95,6917
16.97,3211
16.92,2490
16.91,6102
16.81,5164
16.8,3452
16.75,3428
16.79,4264
16.85,2765
16.85,2988
16.73,1574
16.71,1443
16.72,2444
16.66,3130
16.6,6568
16.48,1421
16.48,2633
16.41,7835
16.39,8462
16.46,3304
16.51,2189
16.54,3130
16.52,4314
16.54,35700
16.44,2904
16.41,1472
16.44,4044
16.52,1918
16.5,3866
16.43,2895
16.45,1670
16.38,2650
16.4,2516
16.51,1611
16.5,1049
16.54,1670
16.56,2612
16.61,2693
16.64,1813
16.66,1556
16.65,1834
16.68,2548
16.68,2632
16.65,1422
16.64,2211
16.64,3559
16.62,866
16.69,3055
16.71,5224
16.72,24418
16.99,8356
16.76,7208
16.47,4825
16.55,2058
16.42,2097
16.4,5778
16.23,8298
16.1,4733
16.07,4431
16.09,9120
16.11,7765
16.09,4117
16.05,3505
16.01,4841
16,7682
15.99,4354
16.02,1261
16.02,8461
16.06,4186
16.11,9170
16.11,3906
16.1,4337
16.07,2630
16.02,2280
16.03,3795
15.98,21235
15.89,13568
15.72,5368
15.72,12570
15.64,7061
15.62,8278
15.64,7564
15.63,7193
15.65,3180
15.66,1264
15.65,1115
15.65,4445
15.65,1782
15.66,5934
15.63,2810
15.6,2125
15.64,3113
15.61,2031
15.51,3052
15.48,5602
15.42,3432
15.39,4554
15.42,4023
15.4,5784
15.47,6432
15.5,10041
15.59,50298
15.43,9565
15.31,3878
15.17,5179
15.28,5111
15.21,5650
15.05,18112
14.94,20452
14.97,14967
14.97,6154
14.98,5376
14.93,3878
14.88,5906
14.84,8434
14.74,6788
14.71,7907
14.67,5376
14.74,5745
14.82,5365
14.8,6761
14.83,4767
14.85,7992
14.8,9618
14.82,6279
14.77,10834
14.75,11751
14.78,50664
14.79,6583
14.91,8615
14.92,26359
14.96,8041
14.84,4845
15,18016
14.96,3430
14.94,3958
14.93,6352
14.97,3447
14.93,3509
14.95,8083
14.94,4752
14.96,6503
15.02,2715
15.02,15954
15.07,12803
15.03,7980
15.01,11730
15.06,6763
15.14,10731
15.15,8214
15.19,10880
15.17,9485
15.11,9771
15.2,43205
15.25,5748
15.02,5409
14.95,6514
14.87,9224
14.86,5571
14.89,2823
14.88,8954
14.82,2333
14.81,7299
14.82,2434
14.79,3651
14.8,2074
14.8,1894
14.75,2386
14.72,4591
14.7,3022
14.64,6737
14.6,9264
14.51,3007
14.57,4949
14.54,4062
14.49,4755
14.47,4176
14.47,3412
14.5,6893
14.52,27479
14.41,11708
14.52,8121
14.5,17358
14.69,16297
14.44,5686
14.55,5777
14.64,1952
14.67,2690
14.67,3723
14.77,2912
14.71,2253
14.73,2397
14.74,2852
14.78,1853
14.72,3165
14.75,5093
14.8,3274
14.86,3742
14.78,2528
14.76,3992
14.75,2287
14.76,5317
14.74,3841
14.75,3535
14.76,4892
14.76,29972
14.49,7766
14.4,5960
14.32,10574
14.24,6576
14.17,21499
14.25,7562
14.23,4935
14.26,8145
14.13,4364
14.15,3339
14.19,1888
14.16,5362
14.2,3172
14.24,1532
14.25,4902
14.29,10030
14.29,791
14.35,1454
14.34,2598
14.27,8441
14.24,4210
14.28,2584
14.31,6406
14.34,5270
14.36,4278
14.26,29946
14.49,44659
14.43,9499
14.42,6584
14.38,2824
14.25,3285
14.21,7000
14.24,3630
14.28,3448
14.24,10242
14.19,7667
14.17,1816
14.15,6678
14.19,3570
14.17,3107
14.16,1280
14.14,2556
14.12,3849
14.15,6140
14.08,5676
14.06,3801
14.06,4433
14.09,2008
14.05,9128
14.03,18527
13.94,13802
13.93,43971
14,13177
13.66,10746
13.69,7453
13.86,4504
13.9,4963
13.87,2579
13.82,4494
13.79,2249
13.7,2933
13.66,2331
13.6,2598
13.55,5440
13.52,5794
13.61,1762
13.61,1061
13.59,1441
13.63,1130
13.62,1736
13.6,532
13.6,4051
13.56,2165
13.63,3656
13.61,935
13.59,5060
13.61,4300
13.61,38666
13.4,9255
13.46,9260
13.57,13888
13.69,13883
13.64,10403
13.67,4406
13.68,7241
13.56,8017
13.57,5368
13.61,2771
13.62,4671
13.59,3366
13.52,6889
13.41,8563
13.39,4473
13.35,4710
13.35,6609
13.55,7615
13.5,4913
13.54,5216
13.44,4706
13.48,9092
13.44,10333
13.5,15338
13.59,9840
13.61,33734
13.98,89480
13.6,85572
12.83,106496
12.39,65015
12.97,60875
13.26,61903
13.19,53041
13.42,28687
13.43,26061
13.27,27427
13.28,19075
13.34,22091
13.45,19309
13.44,16502
13.28,12681
13.15,15288
13.11,20094
13.16,17387
13.21,16180
13.21,30175
13.09,29094
13.06,25784
12.97,22399
12.91,11689
12.91,21334
12.86,65479
12.72,42258
12.6,28659
12.5,17554
12.69,9915
12.78,11666
12.6,6281
12.48,25244
12.42,15705
12.46,22457
12.57,19692
12.63,5190
12.63,6334
12.57,6770
12.67,8728
12.61,7775
12.63,8144
12.65,4596
12.65,5012
12.75,14502
12.85,8258
12.83,12989
12.83,9067
12.88,12488
12.85,10689
12.92,11528
12.76,43842
12.57,17123
12.93,4457
12.7,5533
12.68,25706
12.45,17440
12.47,14575
12.32,10020
12.4,17893
12.28,10008
12.24,4821
12.29,2743
12.29,2746
12.35,1237
12.35,1469
12.4,6060
12.32,7288
12.35,5223
12.32,4479
12.4,5405
12.49,9487
12.52,7845
12.51,7584
12.54,5608
12.66,8137
12.65,9195
12.64,36551
12.38,15732
12.32,12163
12,10745
12.25,6383
12.28,6858
12.34,6490
12.34,4499
12.4,3485
12.41,3878
12.31,4160
12.23,4020
12.27,2273
12.29,4144
12.23,3785
12.26,7257
12.33,2843
12.34,4063
12.3,2216
12.25,2495
12.32,3938
12.34,3164
12.49,5697
12.51,10739
12.62,3426
12.62,11453
12.59,35031
12.76,9105
12.54,5626
12.52,4330
12.59,3446
12.55,3970
12.48,7438
12.51,4725
12.5,7521
12.42,7566
12.41,4904
12.31,5600
12.29,9962
12.43,23457
12.4,5851
12.39,9497
12.46,9989
12.41,5470
12.46,4883
12.48,4242
12.49,3581
12.46,5958
12.38,6900
12.35,3539
12.35,4042
12.37,7322
12.34,36631
12.95,35089
13.24,16938
13.09,28752
13.43,12542
13.35,7882
13.33,22857
13.28,10243
13.37,9600
13.32,7734
13.27,4982
13.27,5892
13.38,8252
13.35,6667
13.36,5381
13.39,4333
13.41,4649
13.44,4529
13.34,5503
13.32,2664
13.35,9119
13.35,10193
13.44,10979
13.41,9167
13.44,9543
13.52,26963
13.61,76734
13.74,41705
13.01,22202
13.04,10478
13.08,6617
12.98,17177
12.89,8840
12.7,11251
12.76,8661
12.7,6862
12.77,15127
12.75,6033
12.75,10694
12.66,4684
12.63,8038
12.64,5656
12.71,5977
12.7,9020
12.75,43121
12.65,12824
12.73,3737
12.63,4963
12.6,6254
12.62,10414
12.56,13733
12.45,21362
12.51,51027
12.4,28916
12.48,10746
12.64,12081
12.59,8147
12.54,5554
12.76,8144
12.81,6144
12.67,4864
12.61,3420
12.53,4012
12.64,5258
12.7,1572
12.69,1468
12.72,7405
12.58,1586
12.58,2426
12.62,8348
12.54,2313
12.56,2302
12.63,8342
12.74,5994
12.73,3245
12.73,4682
12.75,6814
12.71,8789
12.8,37167
12.9,4731
12.88,5684
12.82,10571
12.91,12209
12.9,10637
13.07,6114
13.08,6952
13.09,5285
13.14,3447
13.14,7483
13.15,5052
13.04,3189
12.98,3051
12.99,5125
13.09,3864
13.05,4388
13.06,2888
13.02,7015
12.97,4344
12.98,1829
12.97,3845
13,4803
13,3221
13.02,4881
13.04,14648
13.16,72467
13.35,29065
12.96,12530
12.97,8110
12.94,7442
12.97,4556
12.93,2921
13,3732
13.1,5541
13,2265
13.04,3388
12.99,3410
13.12,2951
13.11,3008
13.14,4315
13.15,2940
13.16,3492
13.16,2719
13.12,2323
13.18,3242
13.21,4143
13.22,3371
13.24,3617
13.19,3229
13.23,4610
13.2,6666
13.24,29728
13.73,45805
13.63,20993
13.7,26405
13.74,41525
13.75,20012
13.75,12820
13.72,15591
13.71,9182
13.78,7089
13.68,3059
13.7,5148
13.71,4927
13.73,8417
13.61,12223
13.67,14355
13.69,6943
13.66,9520
13.69,10514
13.79,11041
13.78,11000
13.79,13531
13.84,13425
13.79,8628
13.9,12274
13.93,11400
14,55776
13.89,8365
13.73,25815
13.7,4175
13.72,5459
13.73,6566
13.69,5794
13.79,12805
13.9,10420
13.83,4360
13.76,3071
13.77,3926
13.78,2308
13.85,4918
13.91,2070
13.82,3332
13.76,3217
13.76,5666
13.66,3241
13.54,6061
13.65,7538
13.69,10586
13.71,10046
13.9,6301
13.81,7841
13.79,9489
13.81,23281
13.26,13094
13.5,7192
13.55,4466
13.61,9662
13.49,8608
13.44,3655
13.54,2942
13.54,2816
13.61,2396
13.57,743
13.54,2537
13.5,1787
13.49,1557
13.49,5825
13.46,2347
13.46,2434
13.48,4649
13.49,1142
13.54,1408
13.57,1479
13.57,851
13.55,1952
13.58,3437
13.59,4073
13.6,10894
13.68,39016
13.43,9423
13.31,7743
13.26,12252
13.38,8975
13.47,8194
13.53,5156
13.68,12474
13.68,3354
13.77,12097
13.68,7454
13.68,6013
13.74,2984
13.76,5907
13.77,4865
13.85,4691
13.81,3321
13.78,4989
13.76,3862
13.76,9523
13.83,12621
13.85,5303
13.91,16708
13.89,10931
13.85,9565
13.83,25157
13.8,116544
13.94,6520
14.05,16935
13.71,9124
13.83,4677
13.91,1988
13.8,3014
13.82,685
13.83,4058
13.89,3743
13.88,1547
13.9,6754
13.99,5693
13.93,5207
13.85,3808
13.9,3101
13.97,3142
13.99,4510
14.04,8301
14.22,23306
14.3,5988
14.25,4823
14.32,8675
14.25,3885
14.25,7406
14.34,12073
14.38,38387
14.26,32380
14.5,28278
14.57,31386
14.68,8616
14.54,10685
14.69,6865
14.58,4789
14.64,4194
14.61,7021
14.68,8653
14.62,6208
14.57,5083
14.51,9739
14.41,10117
14.43,5865
14.48,6147
14.36,6440
14.4,5999
14.42,4954
14.5,6606
14.46,4109
14.37,6280
14.41,3460
14.35,8067
14.34,9251
14.38,54177
14.08,18372
13.91,15227
13.75,16995
13.74,8674
13.75,7165
13.87,6468
13.86,3581
13.9,14407
13.9,4276
13.89,4852
13.83,3146
13.8,3902
13.77,3275
13.71,2083
13.68,3349
13.65,7738
13.7,6157
13.73,5725
13.73,8535
13.76,3778
13.77,6839
13.8,6481
13.82,7248
13.87,7345
13.82,11688
13.77,36023
13.73,17875
13.69,4985
13.83,6839
13.63,8066
13.52,5669
13.63,2214
13.58,3313
13.65,1006
13.62,6812
13.73,4580
13.68,3969
13.75,1754
13.76,3793
13.78,4095
13.75,3863
13.78,9096
13.8,8987
13.91,8067
13.97,6732
13.98,5764
13.98,7595
14.05,9797
13.99,10469
14.09,11771
14.07,9501
14.02,54499
14,6146
14.05,8154
13.79,18619
13.98,7722
13.72,8068
13.73,6324
13.63,7886
13.63,6638
13.61,4242
13.63,7898
13.66,5883
13.56,9430
13.39,3753
13.41,2955
13.4,6847
13.31,9388
13.29,3847
13.32,4399
13.44,5126
13.42,4411
13.45,4684
13.42,8850
13.52,5036
13.56,11166
13.58,12761
13.53,50350
13.18,56257
12.93,20560
13.18,9936
13.18,5638
13.23,10057
13.35,3550
13.33,3971
13.38,2617
13.32,1921
13.24,5361
13.23,4132
13.17,7657
13.17,4244
13.22,2154
13.18,3063
13.18,4092
13.14,3343
13.18,3514
13.19,4056
13.21,3225
13.24,4191
13.2,6088
13.24,4304
13.27,4363
13.28,6431
13.34,30109
13.51,9717
13.48,4833
13.27,3259
13.31,4234
13.39,1838
13.4,1283
13.41,2132
13.5,3872
13.4,3021
13.43,4596
13.41,2145
13.41,4432
13.27,8719
13.21,2358
13.15,5359
13.22,5767
13.19,2939
13.19,4684
13.25,4284
13.22,8138
13.15,8453
13.22,2039
13.2,6709
13.2,9557
13.2,11844
13.21,52656
13.2,15090
13.19,8791
12.91,9433
12.96,13994
12.86,15654
12.86,13278
12.82,11403
12.87,4688
12.98,7220
13,3969
13.02,3625
13.08,5278
13.09,4704
13.02,5656
13.03,8592
13.07,13677
13.06,11794
12.94,4670
12.96,3412
12.96,8191
12.87,6284
13.01,10636
13.08,11352
13.11,8246
13.16,13337
13.15,35881
12.32,32470
12.29,23475
12.03,16866
12.23,8599
12.17,11941
12.19,15453
12.09,18666
12.01,14626
11.94,18289
12,10073
11.91,8511
11.95,12946
11.93,12399
11.91,3516
11.86,11990
11.86,11045
11.9,13870
12.02,5809
11.99,5010
11.91,11518
11.92,8368
11.89,10702
11.88,11963
11.86,23761
11.89,19557
11.74,67091
11.22,23003
10.89,20816
10.68,7138
10.45,20263
10.35,11047
10.18,20787
10.37,18286
10.54,34697
10.58,20732
10.5,11540
10.48,7278
10.49,14850
10.44,8726
10.41,9383
10.4,7625
10.23,15771
10.22,7225
10.29,8298
10.44,10477
10.33,9830
10.27,10584
10.26,9055
10.25,12976
10.28,17283
10.36,13215
10.29,40882
9.891,20724
9.566,18822
9.99,51073
10.35,28983
9.876,15477
10.03,27386
10.03,23103
9.842,4629
9.773,10991
9.955,13955
9.847,6260
9.798,10363
9.931,18707
10.04,8320
10,4469
10.17,6929
10.17,5092
10.32,11559
10.31,9784
10.21,7058
10.15,3367
10.09,5817
10.02,4554
10.01,5782
10.03,11210
10.11,48405
12,80125
11.11,42534
11.41,31645
11.51,26854
11.67,12560
11.47,18077
11.38,13235
11.27,21458
11.24,9160
11.41,6457
11.4,3002
11.34,4149
11.3,10571
11.15,8498
11.09,16287
10.97,12803
11.01,12230
11.24,12831
11.21,7775
11.15,8579
11.12,24984
11.14,13359
11.1,12315
10.99,11578
10.96,14369
10.88,55246
12.29,205225
13.27,78439
12.48,55218
11.7,65746
11.34,44055
11.08,23713
11.05,25914
11.11,14594
11.04,15799
11.05,16058
11.12,26377
11.2,33269
11.48,23967
11.55,23505
11.52,25342
11.37,49140
12.18,55994
12.26,61318
12.62,34152
12.38,33329
12.47,17337
12.16,17935
11.96,32615
12.2,14224
12.32,18273
12.5,165131
11.55,26910
11.05,20198
11.29,31283
11.2,22067
11.46,14103
11.54,21679
11.25,8628
11.09,13689
10.98,12434
10.97,8387
10.99,13489
11.06,13770
11.07,14346
11.16,5812
11.09,9735
10.98,5778
11.09,5168
11.18,9415
11.25,10008
11.16,15746
11.39,12242
11.31,13067
11.22,14973
11.2,20718
11.09,18743
10.94,84066
11.25,12077
11.52,15600
11.66,11689
11.71,14245
11.56,9480
11.65,16896
11.58,8231
11.41,8472
11.47,3398
11.5,3025
11.6,5046
11.73,14625
11.77,6318
11.87,12788
11.96,15992
12.06,8806
12.04,17341
12.23,21359
12.17,2712
12.27,22887
12.24,27037
12.18,18110
12.36,14933
12.54,32809
12.53,28477
12.59,87727
12.83,35918
12.28,12535
12.39,9223
12.16,12329
12.03,7172
11.91,6381
11.88,14116
11.74,19999
11.79,6139
11.73,3854
11.75,3146
11.75,3678
11.72,2910
11.84,6910
11.76,2229
11.75,5639
11.76,7101
11.61,6739
11.56,3690
11.52,14827
11.5,7820
11.44,8004
11.63,6148
11.62,26341
11.76,16279
11.84,43232
11.88,6162
11.76,1937
11.93,6070
11.89,4595
11.88,5534
11.82,3240
11.88,2415
11.86,2686
11.83,1402
11.88,2775
11.91,3125
11.95,4615
11.94,4896
12.09,5789
12.02,1617
12.06,2320
12.05,3818
11.98,4270
12.01,2166
11.98,2448
12.01,5479
12.08,9598
12.16,22484
12.25,15239
12.2,31706
12.2,63096
12.06,4591
12.32,10165
12.42,6953
12.46,6349
12.61,19869
12.71,14015
12.4,9335
12.43,7381
12.39,3937
12.34,2381
12.32,3090
12.28,6845
12.08,6974
12.15,7386
12.24,3420
12.24,6031
12.2,3434
12.09,7640
11.95,9424
11.96,4606
11.95,6365
11.9,5191
11.9,7280
11.88,8172
11.84,7731
11.95,60686
12.31,22369
12.54,20356
12.39,3178
12.41,3157
12.44,2140
12.42,1800
12.34,1849
12.52,4610
12.47,2131
12.43,1491
12.46,3955
12.5,3776
12.57,4721
12.53,3516
12.64,2548
12.58,2946
12.55,2136
12.58,2898
12.59,837
12.6,2028
12.65,4034
12.69,4967
12.64,3054
12.62,6266
12.66,9800
12.68,39463
12.4,8887
12.39,6821
12.27,5268
12.12,5866
12.14,2414
12.2,2379
12.15,1488
12.12,3011
12.14,882
12.14,1528
12.12,2242
12.14,4223
12.14,2026
12.24,815
12.12,2451
12.12,1831
12.14,5023
12.1,1543
12.13,1850
12.15,1317
12.19,2532
12.19,1594
12.22,3053
12.23,5276
12.18,6091
12.17,37167
12.28,11199
12.09,40512
12.01,11678
11.94,6423
11.93,7723
11.89,9997
11.92,2797
12.06,5930
12.04,3046
12.09,7269
12.19,4529
12.26,2942
12.25,3910
12.25,3986
12.25,10007
12.16,6345
12.09,5058
12.1,5748
12.06,4277
12.14,3565
12.13,5815
12.18,8017
12.17,5636
12.19,4144
12.19,13861
12.23,35740
12.63,18007
12.7,7079
12.69,7209
12.72,7673
12.92,12840
12.77,3483
12.67,8971
12.55,14526
12.25,13675
12.29,6397
12.26,8942
12.19,11101
12.06,28973
11.94,19721
11.89,17067
11.88,8458
11.9,15679
11.82,11712
11.87,16223
11.77,20808
11.79,26773
11.84,13213
11.89,10612
11.92,14578
11.85,16386
11.9,60541
12.13,12610
12.2,4489
12.06,8321
12.13,8484
12.26,7856
12.25,6512
12.26,6035
12.28,2633
12.27,3129
12.3,2639
12.32,3143
12.34,2995
12.37,3926
12.44,3102
12.47,6657
12.53,10290
12.49,5491
12.5,3155
12.55,6044
12.61,6804
12.61,8235
12.59,4454
12.57,9294
12.44,8048
12.44,10946
12.52,38534
12.4,5933
12.27,11468
12.17,8336
12.27,4604
12.19,3061
12.23,3463
12.25,4104
12.31,3646
12.25,3789
12.21,4171
12.24,3326
12.27,1504
12.24,4518
12.36,4089
12.31,3137
12.35,17721
12.32,22593
12.15,3644
12.05,4904
12.15,5581
12.24,6106
12.19,4896
12.2,2147
12.25,14350
12.31,13614
12.29,71771
12.36,7123
12.49,6696
12.37,3074
12.5,1306
12.57,8130
12.6,1763
12.51,1777
12.49,7658
12.41,1771
12.46,3942
12.5,2696
12.5,2702
12.51,2940
12.51,2237
12.49,6944
12.46,2815
12.41,4752
12.47,7257
12.35,2877
12.38,2950
12.42,3664
12.43,3044
12.47,4842
12.43,5235
12.38,9603
12.51,33100
12.29,4689
12.28,6616
12.24,5604
12.19,4700
12.29,3101
12.36,3380
12.35,2044
12.44,1639
12.46,4886
12.53,5041
12.52,9236
12.69,7589
12.64,7398
12.75,8015
12.63,3867
12.64,5109
12.69,3939
12.72,6447
12.75,6031
12.74,5619
12.73,3856
12.71,3658
12.7,2469
12.69,4318
12.73,16516
12.73,30344
12.09,5917
12.13,10722
12.13,3964
12.17,2628
12.22,4930
12.22,3418
12.24,2154
12.38,2482
12.25,5991
12.3,3101
12.2,4835
12.14,3145
12.14,5431
12.2,1044
12.21,3398
12.2,5595
12.25,1083
12.28,2654
12.23,1928
12.28,3808
12.26,2066
12.19,6915
12.21,3103
12.15,14345
12.09,17326
12.1,39234
12.24,3634
12.47,2504
12.39,5329
12.5,1860
12.47,2373
12.45,2407
12.46,3250
12.33,3096
12.29,4468
12.17,10129
12.1,4570
12.1,6773
12.08,6270
12.05,2471
12.02,2179
12.09,2423
12.06,2247
12.1,2367
12.16,1123
12.13,2830
12.19,1430
12.2,1427
12.21,2523
12.25,6199
12.24,10141
12.31,28906
12.41,10891
12.45,5754
12.45,5846
12.47,7932
12.59,11440
12.67,5190
12.7,5421
12.7,7985
12.61,4272
12.69,7161
12.68,9988
12.79,7227
12.76,5164
12.66,2541
12.63,2114
12.59,2902
12.66,1902
12.65,3052
12.67,1705
12.71,4878
12.7,2354
12.67,4032
12.59,4087
12.58,5624
12.65,6754
12.62,34431
13.11,90315
13.18,27919
13.18,28824
13.21,19193
13.29,31175
13.28,14455
13.27,11356
13.38,7993
13.34,9253
13.36,8959
13.25,17555
13.22,13262
13.41,12317
13.45,9691
13.42,8469
13.37,10706
13.33,9961
13.33,10301
13.3,12104
13.31,24134
13.31,11473
13.38,7350
13.33,9351
13.42,12537
13.37,27045
13.42,62937
13.51,22459
13.61,24257
13.74,37207
13.84,31054
13.96,12455
14.06,8147
14.12,31387
14.18,14923
14.21,35601
14.14,15556
14.3,13983
14.3,8385
14.22,4233
14.26,12188
14.18,6475
14.38,5519
14.38,5131
14.34,5474
14.35,6611
14.34,7372
14.49,17593
14.71,13920
14.6,5412
14.53,11239
14.74,17601
14.77,41184
14.61,8720
14.4,26031
14.12,8856
14.06,24276
13.92,20386
14.08,19018
14.2,12040
14.16,16461
14.21,17843
14.15,7461
14.17,6501
14.19,7932
14.19,10332
14.23,3567
14.25,7092
14.3,8449
14.27,8764
14.3,10528
14.24,25043
13.96,16102
14.08,15800
14.17,18659
14.2,16444
14.16,16348
14.15,18670
14.25,78864
14.08,29792
13.65,26067
13.49,15275
13.61,9513
13.78,19430
13.56,8326
13.56,6823
13.62,11916
13.65,9560
13.81,9288
13.93,9419
13.78,5881
13.65,4197
13.67,5145
13.71,5386
13.75,8362
13.89,10647
13.93,5698
13.9,5689
13.89,16783
13.78,10194
13.86,16035
13.86,10049
13.9,21553
13.92,16000
13.94,52637
14.15,4650
13.9,22569
13.92,14120
13.83,15502
13.65,7799
13.75,16827
13.6,28721
13.65,43229
13.68,8699
13.63,21121
13.62,18654
13.71,7916
13.69,7160
13.7,6702
13.77,9680
13.8,18578
13.85,22459
13.85,30717
13.86,8835
13.82,16516
13.78,12921
13.72,9928
13.68,9601
13.73,12758
13.92,37123
14.02,55832
14.55,12894
14.35,8562
14.22,11199
14.14,11179
13.98,24590
14.12,7622
14.19,13253
14.3,7833
14.34,7660
14.29,13274
14.43,14602
14.43,15916
14.52,5408
14.63,10548
14.7,5805
14.69,8503
14.8,12038
14.94,12754
14.73,8218
14.58,7229
14.55,9684
14.56,18456
14.52,17872
14.33,21738
14.36,19090
14.28,55823
14.65,11920
14.61,7860
14.72,4779
14.87,8261
14.87,6944
14.94,6849
15.01,13058
15.16,27590
15.3,6480
15.18,5877
15.24,3198
15.19,6495
15.15,6668
15.24,6281
15.25,7795
15.21,4778
15.22,4111
15.14,8005
15.16,9016
15.12,4417
15.12,10248
15.08,5711
15.12,7789
15.27,15867
15.22,14288
15.3,45158
14.84,13039
14.71,10080
14.84,10593
14.82,4939
14.88,6125
14.96,6743
14.98,7768
14.85,3404
14.93,5210
14.9,4241
14.84,2994
14.81,3946
14.8,3291
14.75,2418
14.78,2235
14.71,6649
14.62,4520
14.6,4984
14.57,3092
14.57,5317
14.54,3694
14.53,1949
14.5,3089
14.51,11945
14.46,8592
14.4,27212
14.12,4691
14.23,5714
14.25,2538
14.12,4178
14.19,4260
14.15,5750
14.04,3512
14.11,4494
14.08,4792
14.08,5864
14.12,1515
14.12,3097
14.09,3502
14.08,10221
14.07,6654
14.08,2918
14.08,3277
14.06,3047
14.04,2944
14.02,6218
14.03,5596
14.11,4519
14.07,1881
14.15,2307
14.13,4804
14.2,28469
14.14,9061
14.19,7458
14.3,7386
14.26,2428
14.27,2261
14.18,1771
14.15,5731
14.18,3922
14.2,3212
14.18,2328
14.34,3396
14.4,3479
14.48,2917
14.51,6806
14.56,4510
14.48,5734
14.56,7684
14.65,11669
14.59,11883
14.59,15387
14.57,18048
14.68,14250
14.74,13026
14.67,5371
14.63,14327
14.67,38204
14.33,12717
13.98,15440
13.92,13557
13.9,4663
13.85,6631
13.79,10753
13.85,13529
14.04,3352
14.02,12273
14.12,6580
14.06,7582
13.99,4324
13.94,6014
13.82,5482
13.84,4210
13.82,4357
13.8,3622
13.69,4964
13.72,4096
13.76,8002
13.78,2764
13.81,4234
13.79,5370
13.82,7989
13.83,12870
13.86,31551
13.92,5639
13.81,11388
13.89,9961
13.7,6646
13.73,3857
13.77,5188
13.83,3675
13.9,2863
13.86,3135
13.82,518
13.85,2961
13.82,1667
13.83,2193
13.78,1601
13.82,788
13.81,744
13.82,2954
13.85,1221
13.81,1472
13.79,1511
13.74,2182
13.74,660
13.79,3086
13.85,4839
13.91,5189
13.85,29760
13.55,9803
13.93,23208
14.05,9718
14.22,7199
14.26,7320
14.15,4575
14.2,4431
14.31,3391
14.28,2693
14.21,2409
14.23,6053
14.3,925
14.29,3552
14.22,2307
14.23,865
14.24,2245
14.06,1294
14.07,4677
14.07,3652
14.04,2844
14.09,1207
14.12,1740
14.05,12347
13.88,8055
13.84,9731
13.93,45104
13.63,9705
13.61,6684
13.67,5040
13.74,2069
13.63,4713
13.61,11050
13.65,5363
13.6,7509
13.48,2227
13.52,2190
13.45,4500
13.53,3282
13.49,4344
13.5,8390
13.45,2800
13.44,699
13.46,1549
13.48,2714
13.47,9969
13.42,2533
13.37,2312
13.37,5290
13.31,4367
13.33,4721
13.36,6599
13.37,35759
13.13,4950
13.42,20535
13.88,8187
13.7,4517
13.69,8350
13.7,7109
13.67,9153
13.6,4591
13.69,5398
13.77,1431
13.71,2548
13.64,2163
13.64,2232
13.68,1926
13.72,2472
13.71,1787
13.71,4314
13.73,5954
13.66,2928
13.71,1258
13.69,3127
13.71,3598
13.74,4168
13.75,6086
13.64,12178
13.67,36469
13.91,5562
14.12,3924
14.04,6430
14.12,6705
14.16,3749
14.1,2630
14.08,5195
14.12,3045
14.15,2205
14.18,1987
14.18,300
14.2,2259
14.17,1897
14.21,2023
14.22,1568
14.24,974
14.26,3392
14.33,1672
14.36,9476
14.42,3352
14.3,2677
14.3,1153
14.31,5051
14.3,7662
14.35,14578
14.37,36077
14.28,11348
14.02,10288
14.02,3783
13.94,3152
13.99,2175
13.97,2086
14,1871
13.97,2085
13.95,5112
13.93,5673
13.86,5141
13.87,2476
13.92,4013
13.9,1618
13.93,1935
13.95,2136
13.95,3022
13.98,1528
13.94,2752
13.96,2532
13.95,1733
13.97,4701
13.91,2723
13.94,3648
13.96,11295
13.94,13658
13.87,8648
13.74,4366
13.82,21558
13.63,7922
13.61,4321
13.66,5032
13.63,2892
13.66,5311
13.65,6062
13.69,3320
13.61,1195
13.61,1761
13.65,2057
13.61,2534
13.6,3275
13.63,1827
13.6,3790
13.58,2485
13.59,4303
13.58,3515
13.59,2377
13.62,4451
13.64,3408
13.69,6335
13.67,5467
13.68,28555
13.44,8303
13.33,3876
13.24,4956
13.21,1284
13.33,3794
13.23,4103
13.21,2471
13.2,2699
13.26,2101
13.19,1096
13.13,1659
13.18,990
13.09,986
13.11,766
13.07,1859
13.1,2163
13.13,1508
13.09,2443
13.17,1530
13.19,2091
13.15,1245
13.13,1170
13.1,2100
13.1,3791
13.11,9775
13.12,31029
13.37,19084
13.39,8411
13.11,8414
13.07,7812
13.08,6056
13.11,5032
13.12,4080
13.02,7927
13.1,6591
13.17,1911
13.19,2888
13.09,8394
13.06,4474
13.05,3735
13.11,2804
13.03,1772
13.07,3265
13.03,2732
13.04,3815
12.99,2596
13.02,4249
13,6311
13,4028
13,16372
13,19928
12.95,79759
13.04,10658
12.75,10427
12.72,6530
12.77,5281
12.9,5112
12.99,3719
13.04,4309
13.12,2444
13.16,2930
13.15,3920
13.14,3616
13.05,3380
13.11,3903
13.15,3617
13.12,3729
13.08,4868
13.04,7611
13.04,3242
13.08,4755
13,6780
13.03,11822
13.07,4242
13.04,10133
12.97,10704
12.98,14889
13.02,49093
13.03,11093
13.36,4282
13.06,7002
13.13,5693
13.22,2963
13.23,8856
13.22,12086
13.56,10458
13.55,5526
13.53,9322
13.49,5964
13.4,3849
13.44,2529
13.43,5174
13.46,5891
13.47,3439
13.46,3556
13.51,2839
13.43,6262
13.45,5230
13.48,5024
13.46,3087
13.49,4867
13.42,8186
13.43,10538
13.41,43851
13.35,1478
13.3,25091
13.16,11747
13.18,7778
13.13,8695
13.16,4312
13.21,2286
13.23,3588
13.27,4020
13.25,3758
13.26,3286
13.2,3389
13.19,6297
13.15,3909
13.13,4671
13.16,9426
13.19,3635
13.2,3447
13.26,3411
13.18,4159
13.19,10095
13.23,6613
13.2,7979
13.17,17638
13.09,17341
13.1,63237
13.25,5245
13.2,1847
13.03,6480
13.15,3766
13.18,4783
13.22,3617
13.19,3712
13.15,2449
13.14,2120
13.16,705
13.19,1505
13.17,951
13.19,1390
13.21,1257
13.2,1264
13.13,1026
13.1,651
13.15,1011
13.13,1231
13.12,1275
13.11,3019
13.12,1285
13.15,1752
13.14,2896
13.11,5529
13.1,23257
13.33,4891
13.18,2451
13.07,2956
13.21,5354
13.26,1907
13.16,3566
13.17,3969
13.24,2514
13.26,1570
13.3,2393
13.26,733
13.26,1691
13.3,608
13.32,2334
13.4,6227
13.31,1816
13.38,1290
13.37,1723
13.35,1336
13.37,1682
13.41,1182
13.42,2840
13.47,1253
13.45,7604
13.49,6430
13.42,30105
13.67,7816
13.35,2236
13.37,3839
13.34,3732
13.42,1575
13.39,964
13.43,2535
13.41,2655
13.45,4951
13.41,3258
13.39,1771
13.36,4744
13.37,3226
13.35,2908
13.36,3776
13.34,681
13.34,1127
13.28,3989
13.21,2545
13.16,1583
13.16,1788
13.14,1636
13.18,52643
13.51,14289
13.29,12847
13.46,30402
13.44,2943
13.46,2396
13.54,1972
13.7,2127
13.53,3765
13.44,1914
13.52,7329
13.67,2554
13.62,3416
13.51,1940
13.51,2595
13.4,1290
13.34,504
13.4,1538
13.44,2650
13.45,1401
13.48,665
13.44,2066
13.4,2349
13.3,1660
13.36,1947
13.45,1568
13.4,1700
13.43,2518
13.51,17651
13.67,45840
13.4,14425
13.24,3969
13.33,21484
13.26,4475
13.3,6253
13.18,55364
13.09,11460
13.08,7976
13.08,2504
13.1,1425
13.13,2178
13.2,3675
13.14,2354
13.11,3155
13.14,1064
13.15,1537
13.16,2317
13.17,1362
13.16,9602
13.22,1053
13.11,868
13.09,3515
13.13,5183
13.13,3127
13.21,7812
13.23,20377
13.21,4917
13.14,3932
13.24,2010
13.31,2371
13.39,4663
13.39,4869
13.51,5422
13.55,3011
13.55,4446
13.55,2624
13.45,2796
13.56,1721
13.5,1431
13.55,500
13.55,1057
13.53,1094
13.53,3743
13.49,1192
13.49,2350
13.4,1924
13.41,2900
13.43,1773
13.5,2618
13.52,3737
13.46,3918
13.47,32637
13.65,17818
13.52,18236
13.42,17175
13.35,14833
13.43,9277
13.54,809
13.51,1219
13.42,511
13.39,1709
13.42,746
13.37,302
13.48,1638
13.5,576
13.56,1645
13.63,378
13.65,1197
13.61,1929
13.6,1065
13.57,452
13.56,1259
13.54,1234
13.48,2124
13.48,3847
13.44,4574
13.48,2172
13.49,20551
13.6,18584
13.73,22093
13.98,19431
14.03,13049
14.03,13279
14.02,20076
14.19,11885
14.33,8940
14.25,7991
14.31,14080
14.35,8713
14.26,13207
14.18,3158
14.17,3815
14.13,5371
14.11,3960
14.15,6141
14.22,4055
14.14,2412
14.12,5619
14.09,4800
14.11,6026
14.11,11604
14.02,4547
14.06,14361
13.93,94328
13.93,7035
13.8,12534
13.65,11310
13.74,2845
13.91,8818
13.89,920
13.89,3216
13.88,2977
13.98,1899
14.04,2076
14.08,1155
14.1,2609
14.12,4972
14.22,1492
14.19,2103
14.25,4184
14.41,4297
14.34,1471
14.37,5691
14.4,3593
14.43,16351
14.38,18126
14.3,12208
14.2,15593
14.11,21278
14.12,55840
14.2,14722
13.83,7122
13.99,8650
14.02,10502
13.8,6403
13.83,5613
13.73,7298
13.59,19278
13.83,4264
13.88,12470
13.72,3065
13.69,3854
13.67,2564
13.6,3508
13.59,3212
13.56,4011
13.48,3338
13.49,12829
13.41,4678
13.48,5455
13.53,3423
13.49,6470
13.39,3477
13.41,3177
13.42,4064
13.44,31660
13.36,9158
13.72,6779
13.58,9161
13.75,7964
13.7,4964
13.59,2482
13.57,2586
13.56,1654
13.59,5492
13.66,1341
13.59,4812
13.53,1341
13.48,2552
13.46,1769
13.4,985
13.41,658
13.4,1415
13.33,2086
13.22,15424
13.12,6050
13.11,4537
13.15,7243
13.16,4669
13.2,3032
13.21,6018
13.25,38236
12.98,7041
13.03,5740
13.03,7768
13.07,7781
13.08,6029
13.02,3016
13.05,2731
12.95,5670
12.88,4447
12.84,7979
12.85,3968
12.9,5995
12.89,2328
12.9,11493
12.84,2082
12.86,3266
12.81,7766
12.81,4433
12.84,3611
12.82,4934
12.8,8358
12.76,14994
12.71,7998
12.74,16785
12.81,30307
12.85,67037
12.73,5221
12.63,6237
12.57,6983
12.53,5471
12.51,4066
12.57,3873
12.62,4465
12.61,4050
12.55,4524
12.61,1748
12.62,1558
12.63,1546
12.61,2305
12.62,1850
12.63,1825
12.7,739
12.69,847
12.72,1751
12.76,2435
12.73,4506
12.69,7896
12.71,5598
12.72,7197
12.67,7132
12.82,8686
12.76,29702
12.85,20915
12.67,25166
12.65,6461
12.63,2904
12.76,6093
12.8,6002
12.88,6357
12.89,8580
12.8,6455
12.7,7155
12.65,9098
12.63,6637
12.6,5146
12.63,8169
12.71,5295
12.7,6315
12.72,5323
12.81,5248
12.76,3149
12.75,4730
12.66,4313
12.62,3989
12.62,2240
12.59,6459
12.52,10231
12.49,39151
12.69,3411
12.73,2494
12.81,3099
12.8,4082
12.83,5331
12.91,4469
12.83,3909
12.89,2974
12.86,4060
12.82,2531
12.76,13084
12.66,7579
12.71,6051
12.68,4736
12.69,1318
12.68,3609
12.67,2179
12.7,3477
12.56,4794
12.55,3882
12.51,2877
12.57,3585
12.54,1872
12.55,5607
12.6,5578
12.63,32898
12.82,18067
12.63,2864
12.67,4224
12.57,11495
12.99,23322
13.1,6750
13.04,10112
13.27,9176
13.37,8418
13.23,3091
13.38,2963
13.42,5420
13.24,4758
13.25,3277
13.38,9335
13.43,5597
13.4,11173
13.46,8626
13.43,9595
13.4,15866
13.27,12051
13.32,11202
13.39,13355
13.39,11021
13.47,19008
13.32,38957
13.21,11381
13.09,12536
13.01,7704
12.88,21534
12.8,10490
12.84,13082
12.78,21798
12.9,13254
13.13,10580
13.13,5593
13.23,6802
13.33,7692
13.35,6463
13.19,7557
13.07,6696
13.19,3938
13.19,2746
13.23,3372
13.09,3721
13.04,9635
13.12,4927
13.12,8718
13.15,6118
13.14,9997
13.2,10350
13.22,32180
13.53,50077
13.96,22335
14.06,24807
14.01,13229
14.12,17575
14.22,14005
14.36,12444
14.36,9408
14.38,13769
14.34,8002
14.45,8469
14.52,7604
14.47,13055
14.25,9385
14.34,7660
14.38,5198
14.48,5751
14.46,5070
14.4,4853
14.43,4199
14.42,6599
14.39,6184
14.46,6934
14.51,9321
14.48,13455
14.49,69415
14.86,12905
14.63,10320
14.5,9585
14.38,11326
14.33,6766
14.29,12739
14.29,7476
14.35,8143
14.25,6495
14.24,6542
14.29,6748
14.24,5211
14.28,10835
14.34,23930
14.34,0
14.34,0
14.34,0
14.34,0
14.07,6787
14.23,6809
14.16,7087
14.04,12058
14.11,8849
14.16,6111
14.2,9671
14.27,10596
14.31,5983
14.36,5851
14.37,7913
14.5,9688
14.36,1832
14.29,2523
14.22,2145
14.31,2988
14.27,2772
14.25,2591
14.33,1956
14.43,2536
14.4,4016
14.41,4160
14.44,3488
14.44,5312
14.45,6214
14.35,27839
14.28,30970
14.09,6435
14.21,8028
14.08,4570
14.11,5332
14.18,10689
14.29,6476
14.23,4099
14.18,5921
14.21,3767
14.24,3914
14.13,2491
14.15,2863
14.21,5438
14.27,3730
14.22,4042
14.26,4203
14.19,3046
14.31,4292
14.31,1805
14.22,3257
14.26,2569
14.27,1985
14.21,3612
14.22,4671
14.21,20315
14.12,1831
14.16,3277
14.07,4604
14.07,7377
14,4130
14.01,1537
14,1960
14.04,550
14.07,701
14.13,571
14.15,1378
14.1,4572
14.1,2299
14.01,1047
14.08,670
14.19,982
14.14,765
14.15,485
14.11,707
14.13,886
14.07,925
14.06,1264
14.05,1521
14.01,6714
14.03,6994
14,20940
14.32,9571
14.67,12947
14.7,22627
14.87,10308
14.77,5078
14.7,8910
14.87,6524
14.84,4281
14.82,3369
14.81,4305
14.87,4259
14.9,4033
14.86,6975
14.77,6317
14.82,5143
14.92,2066
14.91,2372
14.92,3157
14.91,4258
14.81,4132
14.8,3458
14.83,7594
14.73,7384
14.71,3812
14.65,10317
14.69,25539
14.51,10805
14.69,3259
14.6,5267
14.51,3505
14.7,6058
14.66,4371
14.72,5445
14.73,2391
14.82,2657
14.86,3643
14.88,1805
14.88,2863
14.85,3154
14.87,4391
14.84,3616
14.86,2511
14.88,3712
14.91,4751
14.95,4581
14.95,4247
15.02,6089
15.13,11820
15.15,16260
15.2,8556
15.11,12296
15.15,36579
15.12,10045
15.19,7296
14.95,7501
14.87,4010
14.75,3348
14.79,2451
14.75,6367
14.71,18822
14.65,7153
14.83,3257
14.73,3328
14.74,1462
14.79,1553
14.77,2919
14.75,1404
14.7,1978
14.69,8063
14.74,3549
14.71,3816
14.84,1326
14.84,3110
14.84,3088
14.79,15498
14.81,23866
14.87,16906
14.82,42943
14.74,15552
14.56,7838
14.59,8100
14.76,9626
14.74,6226
14.8,7914
14.79,4380
14.87,4338
14.86,8594
14.86,9096
14.89,5613
14.93,6751
14.93,9653
14.93,4905
14.86,6195
14.96,2205
15.02,6701
15.06,4352
15.06,7601
15.09,7124
15.05,7765
14.9,3874
14.88,3126
14.96,7809
14.88,9167
14.9,26241
14.71,19572
14.66,15512
14.68,14739
14.6,10102
14.68,12263
14.77,14215
14.67,12419
14.75,13623
14.54,11461
14.5,9986
14.54,12538
14.59,5855
14.63,7500
14.57,6999
14.62,4370
14.63,8487
14.54,4591
14.52,4881
14.46,9410
14.54,5146
14.49,8214
14.55,5120
14.54,6939
14.54,15195
14.55,24138
14.56,31424
14.73,8927
15,20452
15.25,15829
15.41,11144
15.37,8685
15.25,8854
15.17,7418
15.17,5235
15.21,6568
15.27,7124
15.29,6501
15.27,2859
15.28,8944
15.5,9686
15.57,3238
15.45,6954
15.5,5096
15.53,5494
15.64,7372
15.59,8032
15.65,15404
15.67,5788
15.67,5141
15.71,19573
15.73,27714
15.8,59594
15.91,9684
15.93,13160
15.96,19683
16.17,22229
16,12963
16.12,14822
16.11,13371
15.95,9310
15.94,3646
15.89,1796
15.95,2059
15.96,3042
15.76,3311
15.6,5828
15.72,3390
15.69,2445
15.74,3777
15.69,1823
15.68,1841
15.56,1676
15.6,2314
15.61,2927
15.61,4823
15.69,5648
15.7,8603
15.58,36205
15.99,12098
15.89,10212
15.68,8511
15.55,12163
15.55,10268
15.53,15908
15.7,13984
15.86,17210
15.92,22339
15.98,7162
15.87,5176
15.78,2127
15.79,1454
15.8,3004
15.86,4745
15.83,1246
15.85,2403
15.85,2136
15.9,8517
15.87,2175
15.84,3534
15.85,3226
15.8,2766
15.81,4196
15.8,3528
15.74,11319
16.6,58504
17.41,71127
17.49,55902
17.39,35889
17.15,17819
17.14,28951
17.08,17172
16.91,16129
16.96,16660
17.05,10258
16.93,8337
17,10759
16.84,17591
16.82,10746
17.01,11881
16.96,12146
17.19,11345
17.1,74293
17.09,13161
17.26,15656
17.32,8517
17.3,10936
17.28,11727
17.43,11684
17.45,26125
17.36,110165
17.33,5796
17.17,4247
17.19,5638
17.12,6595
17.13,11699
17.05,3187
17.11,5004
17.11,3624
17.13,4474
17.1,3372
17.21,3495
17.17,2732
17.13,2819
17.09,3005
17.12,1513
17.18,2300
17.08,4073
17.08,4985
17.07,2703
17.08,2314
17.09,3196
17.11,2404
17.11,3774
17.12,4733
17.06,4111
17.14,39614
17.15,2382
17.14,5954
17.15,9688
17.03,7728
17.25,18051
17.28,12264
17.48,10073
17.46,5478
17.44,3863
17.37,1936
17.47,2879
17.31,3842
17.32,1653
17.27,2651
17.21,2201
17.25,2632
17.32,2070
17.31,1842
17.24,3366
17.27,3101
17.35,2325
17.23,5155
17.2,2766
17.21,4241
17.22,4765
17.23,44151
17.09,6265
17.03,4658
16.97,3685
16.78,6071
16.84,7126
16.95,7373
16.88,4928
16.81,5005
16.76,3210
16.61,7429
16.61,7333
16.54,8036
16.54,17298
16.49,7064
16.44,7361
16.46,3341
16.46,2491
16.41,6488
16.38,5819
16.44,7190
16.46,7735
16.44,5976
16.44,5170
16.49,3931
16.45,5905
16.48,28033
16.45,51747
16.06,25920
15.7,29962
15.78,16491
15.56,40854
15.69,19524
15.55,15275
15.69,18607
15.65,11700
15.67,6028
15.73,10335
15.71,14112
15.72,8316
15.7,11708
15.6,12799
15.51,20908
15.33,21660
15.3,13956
15.31,15426
15.32,13895
15.36,11039
15.39,15339
15.35,14803
15.32,22800
15.29,45664
15.27,94570
15.43,6395
15.51,19562
15.61,22137
15.76,34649
15.81,30120
15.84,14977
15.76,11215
15.78,22994
15.71,25442
15.74,14627
15.79,7933
15.79,3738
15.75,4002
15.65,5293
15.62,4219
15.74,9899
15.7,7624
15.72,5549
15.71,14353
15.82,23897
15.79,21329
15.92,10663
15.92,11281
15.96,18457
15.88,49703
15.82,48897
15.57,37995
15.68,13398
15.67,13663
15.68,12300
15.74,10505
15.66,15207
15.69,7580
15.65,6298
15.67,7965
15.63,5603
15.67,4075
15.7,1743
15.7,2652
15.71,3373
15.69,1771
15.67,3032
15.67,1643
15.74,5194
15.69,5904
15.65,5001
15.55,7782
15.47,7107
15.24,11991
15.22,15969
15.12,9172
15.15,37359
14.27,27128
15.17,16188
14.99,15855
14.94,15064
15.05,15425
14.78,15968
14.55,7833
14.47,22924
14.51,15300
14.81,12432
15.22,19918
15.68,26904
16.01,26996
16.13,22732
16.14,20165
16.36,13057
16.09,12016
16.15,17347
16.04,12550
15.92,29376
15.99,8882
16.01,12260
15.99,12757
16.11,21544
15.82,67755
15.83,215790
15.63,20052
15.44,12334
15.28,13436
15.46,10782
15.44,8023
15.4,7855
15.39,6977
15.44,12544
15.56,11033
15.63,18434
15.84,8008
16,20010
15.82,7582
15.82,6539
15.77,4436
15.83,2861
15.83,5490
15.82,7068
15.83,4987
15.77,5529
15.78,6943
15.91,12310
15.8,5809
15.89,9209
15.79,16914
15.73,47403
15.63,8264
15.76,6204
16.02,9218
16.03,8521
16.06,6056
16.16,5985
16.15,5067
16.35,5812
16.32,7299
16.41,12806
16.36,8169
16.31,6302
16.33,5860
16.4,5889
16.37,3446
16.45,5692
16.42,5239
16.47,5669
16.43,11406
16.44,21328
16.45,12256
16.37,10147
16.51,8107
16.6,9957
16.48,10688
16.49,47077
16.74,8204
16.97,4648
17.01,8269
16.89,3387
16.65,6426
16.62,9492
16.66,9933
16.74,2085
16.73,3506
16.73,9175
16.88,5647
16.95,3324
16.99,2448
16.95,2330
16.97,4248
17.08,4581
17.11,3436
17.08,4559
17.11,4721
17.05,5153
17,4001
17.08,4699
17.08,5941
17.11,7372
17.07,6497
17.12,49146
17.09,3648
16.74,4826
16.89,7350
16.86,3635
16.77,6101
16.71,2681
16.73,3563
16.56,6627
16.68,3377
16.58,3330
16.56,3351
16.56,2348
16.56,2419
16.53,6659
16.49,2763
16.46,7475
16.3,11681
16.32,5494
16.32,4427
16.28,4161
16.34,3651
16.35,3111
16.38,6426
16.35,5329
16.22,9679
16.25,34649
16.7,4416
16.63,6977
16.52,5306
16.42,5280
16.3,4006
16.27,2235
16.26,2529
16.19,3898
16.18,2183
16.24,2686
16.29,3601
16.31,2617
16.43,2296
16.39,1857
16.49,5582
16.56,6539
16.55,1761
16.69,2456
16.65,2637
16.66,3861
16.7,5327
16.76,7722
16.77,8628
16.84,8129
16.86,13776
16.88,57496
17.1,27538
17.61,22716
17.91,17590
17.47,15593
17.32,8199
17.39,10924
17.4,7728
17.47,7796
17.21,4146
17.18,13764
17.23,3534
17.28,3539
17.27,2911
17.24,6668
17.06,6291
16.92,7204
16.89,5903
17.02,9377
17.11,4048
17.03,3686
16.98,1912
16.98,3048
17,8108
17.02,8363
17.14,11404
17.05,27427
17.12,5649
17.14,2447
17.14,3664
17.06,4530
17.12,4002
16.93,3983
16.91,3379
16.91,6683
16.94,3888
17.04,3673
17.18,4809
17.05,4545
17.02,2156
16.97,5292
16.94,1623
16.93,2808
16.88,3674
16.92,3907
17.02,9332
17.16,9478
17.18,10327
17.26,7177
17.26,8425
17.3,9986
17.31,13986
17.34,33762
17.68,13200
18.49,14703
18.42,10403
18.47,14908
18.3,9361
18.17,7923
18.16,3509
18.11,4300
18.11,6041
18.15,4893
18.14,5552
18.05,4972
18.09,2215
18.08,3176
18.14,4071
18.08,4562
18.06,6313
18.14,5672
18.15,6122
18.18,3242
18.17,5147
18.05,8184
18.08,17132
18.1,10589
18.04,8409
17.93,25110
17.89,4551
18.06,12087
18.01,10394
18.18,7132
18.07,8961
17.99,5216
17.93,6480
17.68,8250
17.69,11159
17.78,8246
17.85,11204
18.12,6086
17.95,5242
17.96,7189
17.97,5084
18.02,5492
18.03,5689
18.04,3690
17.97,3292
18.04,4183
18.14,3100
18.13,1951
18.19,2563
18.19,2297
18.21,13918
18.21,39074
18.1,1790
18,1868
18.04,3867
18,5765
18.03,2816
18.03,4731
17.92,4014
17.86,6634
17.76,2871
17.71,2309
17.83,2861
17.66,2381
17.71,1394
17.63,3894
17.71,5656
17.79,1951
17.8,4518
17.82,5063
17.79,4348
17.66,1813
17.67,2655
17.81,2643
17.76,2507
17.79,4236
17.76,10056
17.85,44114
17.74,1053
17.6,3862
17.61,4179
17.59,2009
17.61,3835
17.61,3506
17.74,3916
17.67,1699
17.61,2887
17.64,2655
17.61,2828
17.5,3869
17.63,2119
17.57,1453
17.58,2896
17.58,3660
17.58,2227
17.55,2660
17.53,2459
17.43,2509
17.48,2703
17.53,3655
17.52,5649
17.44,4838
17.44,6403
17.44,36939
17.08,14600
17.08,12223
17.11,51148
17.27,7828
17.26,10476
17.16,10856
17.07,28745
17.06,9764
17.07,9206
17.04,3964
17.08,7546
17.07,1000
17.06,2670
16.99,6185
17.05,7721
17.05,2659
16.99,6644
16.93,8683
16.99,3506
16.94,5874
16.96,5333
17.02,4288
17.06,3023
16.98,13677
16.93,5838
16.88,19497
17.37,19946
17.16,15555
17.12,17309
17.04,25493
16.63,17039
16.52,5441
16.75,7487
16.86,7927
16.86,4903
16.73,5860
16.63,7000
16.52,6596
16.55,4911
16.46,5559
16.49,5681
16.54,5181
16.45,5526
16.46,5325
16.51,5628
16.56,3440
16.55,4803
16.58,5396
16.57,3194
16.5,3936
16.55,9639
16.52,48999
16.21,6549
16.17,8139
16.11,7750
15.98,7312
15.87,5687
15.79,4544
15.89,5226
15.89,5832
15.97,3821
15.93,2690
15.86,2661
15.82,2891
15.82,3302
15.84,4986
15.94,4451
15.95,2566
15.93,2689
15.88,4078
15.89,3991
15.87,9758
15.97,6395
16,8532
16.07,3627
16.03,7053
16,13131
16.05,29494
15.9,7016
15.96,6566
16.01,5468
15.88,5198
15.83,3951
15.82,3591
15.89,2456
15.83,3722
15.82,8760
15.89,4352
15.88,3347
15.79,2355
15.74,3333
15.79,4376
15.69,2815
15.66,3253
15.7,7758
15.73,3771
15.74,4196
15.74,2469
15.74,3216
15.71,2597
15.86,2655
15.83,1656
15.8,5580
15.81,32457
15.88,1739
15.94,1880
16.01,6013
16.43,3953
16.22,6984
16.3,3316
16.44,2319
16.45,2060
16.4,5070
16.43,12071
16.44,9179
16.47,14673
16.45,12245
16.47,8190
16.45,11922
16.48,4058
16.46,3784
16.53,2224
16.5,3270
16.6,3438
16.58,4016
16.59,4581
16.62,16321
16.6,28389
16.52,7773
16.58,24782
16.43,4342
16.63,6638
16.82,5907
16.8,8897
16.93,2714
17.08,12733
17.06,9561
17.14,18189
17.02,17865
17.13,12416
17.13,8992
17.18,11437
17.06,19156
17,8357
16.93,8621
16.99,6841
16.95,9195
16.88,3801
16.87,4577
16.84,6699
16.85,2363
16.89,3193
16.88,1984
16.87,3835
16.83,12808
16.75,38616
16.47,5421
16.52,806
16.58,680
16.68,2395
16.61,2254
16.57,3954
16.64,3510
16.81,2966
16.72,2483
16.65,1022
16.63,472
16.7,8063
16.81,2018
16.86,1175
16.75,540
16.7,1145
16.82,1146
16.8,3280
16.93,2961
16.93,2746
16.99,5070
16.96,3348
16.99,2667
16.85,1082
16.82,5178
16.79,24961
16.53,4748
16.91,1833
16.63,2840
16.61,3059
16.56,4940
16.63,3434
16.57,4057
16.56,3431
16.52,2292
16.59,737
16.58,1301
16.63,2032
16.65,1133
16.66,1052
16.72,1025
16.77,1218
16.8,2367
16.85,2367
16.86,1375
16.85,2262
16.87,2175
16.81,1615
16.83,1391
16.76,1713
16.78,3334
16.76,23121
16.74,1910
16.63,9770
16.67,4381
16.66,2943
16.73,2738
16.65,7895
16.61,4269
16.55,2080
16.56,2534
16.56,3179
16.55,2381
16.52,1606
16.49,2460
16.53,3929
16.44,3842
16.5,2155
16.46,5025
16.56,2829
16.66,14475
16.72,3246
16.74,3247
16.74,2217
16.7,2378
16.76,2248
16.73,8086
16.76,20184
16.85,2563
16.84,3968
16.89,3771
16.76,3190
16.94,5572
16.96,5882
17.04,4696
17.11,2377
16.97,2835
17.06,2922
17.09,1718
17.12,1462
17.13,715
17.07,2346
17.14,1356
17.11,4031
17.15,2834
17.11,1718
17.16,6031
17.11,6835
17.14,2977
17.2,4142
17.21,4264
17.18,3463
17.22,5823
17.29,22021
16.99,12668
16.91,14869
16.78,16880
16.76,11391
16.59,9662
16.54,7429
16.5,10097
16.5,6419
16.46,7383
16.55,13611
16.48,6173
16.51,6057
16.54,2888
16.49,2804
16.59,2107
16.58,3108
16.65,3861
16.63,3422
16.55,4134
16.47,7155
16.49,3826
16.52,3379
16.57,4084
16.59,6559
16.6,10578
16.61,25570
16.57,3988
16.55,4433
16.53,15488
16.46,10229
16.51,5380
16.52,7985
16.6,10346
16.6,6737
16.64,5453
16.68,9530
16.77,7344
16.87,3873
16.89,4193
16.82,3992
16.82,3958
16.82,5959
16.91,5338
16.94,1405
17.01,2660
17.02,1820
17.04,6476
16.98,6641
17.04,4140
17.08,5737
16.99,5840
17.01,28576
16.98,8084
16.99,5532
17.02,9225
17.16,16802
17.15,15637
17.28,7650
17.32,8545
17.42,9398
17.5,10981
17.45,9383
17.5,5353
17.53,5498
17.46,7515
17.35,4592
17.4,1963
17.38,3353
17.36,5160
17.38,4255
17.38,6316
17.28,5932
17.25,7204
17.31,4194
17.31,5391
17.28,2597
17.29,16400
17.27,21493
17.38,8688
17.87,8157
18.08,9451
18,9061
17.86,5936
17.78,8166
17.93,8058
18.12,12865
18.27,13014
18.38,20259
18.37,14779
18.5,6342
18.57,9487
18.55,8844
18.59,4125
18.61,13871
18.6,19841
18.51,29976
18.53,60625
18.63,14393
18.64,15815
18.7,11929
18.75,19203
18.85,11311
18.91,31633
18.89,46294
18.9,11137
18.52,9891
18.54,21309
18.24,22918
18.24,21487
18.3,16359
18.38,9729
18.32,17917
18.25,13095
18.29,12317
18.28,14189
18.35,8096
18.41,11305
18.44,3261
18.43,5433
18.46,2074
18.53,5631
18.51,4144
18.47,4358
18.48,7703
18.5,3239
18.49,6433
18.46,11868
18.45,11994
18.47,8153
18.44,56277
18.75,6302
18.72,8246
18.78,6680
18.52,7221
18.41,3110
18.33,6135
18.4,2953
18.41,3177
18.42,3783
18.44,1207
18.4,2112
18.39,1193
18.41,1257
18.38,2610
18.32,4682
18.41,2031
18.47,1716
18.53,1521
18.48,836
18.47,1926
18.5,3224
18.48,5645
18.46,3258
18.36,2554
18.31,4406
18.32,22131
18.38,4879
18.27,2629
18.32,2520
18.39,2899
18.37,2697
18.41,3279
18.44,2793
18.44,1973
18.39,3038
18.38,3012
18.37,2503
18.32,1837
18.27,1166
18.28,1378
18.23,2774
18.27,1051
18.29,3177
18.32,1805
18.27,2432
18.23,3587
18.2,4938
18.23,3832
18.2,4246
18.16,2965
18.18,7256
18.35,45652
18.2,1206
18.38,1000
18.36,2266
18.3,3322
18.49,2300
18.45,2636
18.44,4726
18.39,1998
18.47,3049
18.4,2852
18.44,1607
18.49,1907
18.51,1465
18.49,3254
18.49,1983
18.53,1217
18.56,2186
18.55,1650
18.53,4872
18.5,2501
18.47,2114
18.41,3690
18.48,5093
18.38,6666
18.38,5132
18.44,17094
18.37,462
18.3,404
18.43,1392
18.35,3204
18.29,1658
18.31,2224
18.34,3300
18.36,1650
18.34,3071
18.34,1973
18.34,2139
18.28,2597
18.23,2563
18.18,3105
18.24,2521
18.28,2542
18.28,3958
18.24,2220
18.33,2399
18.42,3340
18.38,3934
18.33,3572
18.26,1627
18.26,1986
18.19,8568
18.22,34306
18.49,13688
19.12,27680
19.17,21456
18.92,32191
18.95,9300
18.92,9540
19,12915
18.89,6946
18.92,3885
18.9,8255
18.92,5168
18.91,4492
18.92,5777
18.83,4410
18.83,4466
18.85,8963
19.03,15345
19.21,10652
19.37,16670
19.53,13282
19.58,9408
19.54,13651
19.59,14778
19.74,24253
19.87,45417
19.84,96150
19.95,6882
19.78,12263
19.79,30571
20,6637
20.01,10513
20.02,13678
20.01,21854
19.87,15295
20.08,8955
19.95,11190
19.97,5895
19.99,3830
19.97,2560
19.96,11545
20.1,3876
20.14,6068
20.27,8568
20.21,5861
20.29,13015
20.34,25726
20.09,24386
20.13,11830
20.14,9681
20.23,21060
20.2,18742
20.24,59224
20.19,17228
20.5,23504
20.66,31485
20.67,18668
20.53,13796
20.72,20226
20.8,27437
20.7,32655
20.63,7070
20.72,12190
20.74,10820
20.81,10443
20.74,7680
20.63,15500
20.57,33503
20.65,13728
20.71,22518
20.67,14047
20.73,22631
20.69,20490
20.98,58310
20.85,39672
20.93,20504
20.93,28787
20.99,41253
21.06,98447
21.11,7337
20.97,3131
20.99,7179
21.23,7587
21.11,6289
21.01,10852
20.98,13906
20.93,18837
21.08,6250
21.12,5704
21.2,4551
21.25,4887
21.28,6069
21.41,8401
21.6,18382
21.82,46830
21.61,9347
21.63,8144
21.56,5067
21.68,11186
21.68,14758
21.62,15846
21.61,38398
21.79,31753
21.81,35172
21.83,67421
21.7,5941
21.74,8235
21.83,7320
22.05,13665
22.1,14184
22.14,6145
22.15,13784
22.24,8904
22.29,13849
22.21,8073
22.33,5066
22.34,7487
22.41,8235
22.42,19198
22.43,4223
22.48,6676
22.45,5795
22.38,11404
22.33,6063
22.29,8468
22.29,3885
22.36,5549
22.52,5190
22.69,12629
22.73,26842
22.65,97081
22.16,2269
22.25,14517
22.46,8126
22.34,8404
22.37,5845
22.33,5955
22.44,6408
22.47,2090
22.43,4049
22.4,3094
22.3,9711
22.37,6780
22.45,4452
22.38,6678
22.39,4791
22.45,4963
22.61,4536
22.67,3757
22.81,6593
22.94,16016
23.02,11598
22.97,11298
22.96,11988
23.07,14264
23.17,25383
23.29,49384
22.99,4406
23.49,8204
23.87,16188
23.73,21648
23.59,10222
23.58,7306
23.67,9635
23.56,7931
23.54,9865
23.55,10690
23.54,9793
23.55,7441
23.56,8957
23.61,11846
23.76,7688
23.66,6755
23.6,11610
23.35,10696
23.3,12863
23.17,8860
23.14,10696
23.23,9134
23.34,13265
23.59,18306
23.55,24807
23.78,42421
23.54,9777
23.93,8186
23.81,13225
23.99,19325
24.05,14786
24.18,12265
24.13,17306
24.37,18796
24.45,8178
24.5,17527
24.41,11249
24.36,6689
24.48,10011
24.62,10179
24.72,26389
24.97,28652
25.08,17147
25.21,49522
25.03,21372
25.2,7786
25.31,33836
25.55,25659
25.5,21754
25.59,37224
25.73,43875
25.75,92428
25.73,14766
25.63,13579
25.86,11876
25.61,14880
25.85,11207
26.03,15761
25.9,7931
25.66,7483
25.58,5915
25.67,6062
25.87,4938
25.67,4823
25.61,4540
25.58,4608
25.59,10913
25.48,8356
25.32,8363
25.12,6958
25.01,19654
24.72,18447
24.66,15898
24.37,21478
24.36,11358
24.42,9903
24.48,23989
24.39,71654
24.35,3870
24.36,6622
24.43,10691
24.55,4658
24.42,8464
24.54,5345
24.42,3394
24.36,4368
24.71,6493
24.6,5834
24.54,3949
24.51,3323
24.44,3005
24.47,3509
24.48,3031
24.41,1346
24.4,1856
24.3,1040
24.33,3058
24.29,2702
24.35,4702
24.4,4910
24.49,4318
24.35,13295
24.39,8472
24.38,29024
24.9,5570
24.67,6773
24.72,5878
25.05,10946
25.24,13249
25.49,19656
25.72,15723
25.94,11094
25.97,10333
25.96,11697
26.03,10871
26.09,12879
26.12,12168
26.21,14657
26.42,7454
26.27,6509
26.2,2403
26.1,5616
26.02,24079
26.43,26999
26.59,12060
26.67,15962
26.78,16146
26.63,21951
26.52,25449
26.58,72685
26.31,8451
26.09,8766
26.01,9561
26.03,8118
26.17,13403
26.1,12604
26.09,10645
25.77,8687
25.87,2515
25.94,2000
25.78,8913
25.66,5232
25.81,3729
25.64,3913
25.55,3735
25.51,2843
25.42,5672
25.53,2636
25.68,1916
25.65,5688
25.79,14024
25.83,10082
25.94,8531
26.11,16210
26.24,17432
26.25,43653
26.6,7194
26.76,14920
26.93,12557
27.17,11409
27.2,7958
27.04,8919
27.18,13338
27.35,17257
27.43,11653
27.41,10939
27.5,12782
27.81,13384
27.84,10525
27.88,12807
27.89,15729
27.92,7300
28.07,8000
28.17,6408
27.97,5417
28.07,5165
28.15,4592
28.2,14202
28.35,7840
28.24,6074
28.33,13207
28.37,36912
28.5,11588
28.61,10378
28.37,11494
28.48,14477
28.26,15083
28.11,14942
28.16,7347
28.15,3716
28.24,7258
28.09,4325
28.12,3598
28.12,3081
27.98,2462
28.15,3140
28.1,4645
28.13,4244
28.12,3932
28.17,8274
28.33,6698
28.3,8760
28.53,8472
28.59,14845
28.7,7610
28.8,29628
28.84,23873
28.89,58928
29.46,42851
29.76,30181
30.17,43728
30.27,29394
31.01,26045
31.33,27497
31.32,26123
31.63,11643
31.79,34248
31.85,27191
32.09,19751
32.28,35184
32.31,16675
32.11,20252
32.11,22875
32.13,31494
31.94,18975
31.82,36758
31.53,37007
31.68,24599
31.82,20318
31.77,21733
31.72,28752
31.83,22654
32.24,31453
32.19,67251
32.51,29849
32.66,18029
32.47,50518
31.69,23233
31.99,22999
31.71,23966
31.69,32808
31.75,19482
31.53,13863
31.46,12543
31.48,7279
31.55,8729
31.4,8773
31.36,5602
31.31,8669
31.29,7021
31.34,7962
31.34,14124
31.49,9469
31.39,7719
31.46,8649
31.51,9634
31.44,8206
31.37,17255
31.25,16980
31.26,40179
31.42,22535
32.89,37654
32.98,24718
32,13878
31.91,7862
31.81,7498
32.24,6843
31.82,4752
32.03,7354
31.74,9274
32.04,4683
31.86,7362
31.85,5565
32.13,4639
31.99,4737
32.26,7214
32.37,6880
32.5,6239
32.28,6594
32.19,4995
32.19,7690
32.31,7607
32.47,6484
32.46,7558
32.44,16701
32.72,53943
32.37,12943
32.42,14310
32.43,20742
31.94,16546
31.88,8394
31.9,5216
32.16,4251
32.03,3967
32.11,5652
32.28,2947
32.23,7143
32.29,3944
32.36,4390
32.28,5335
32.39,4760
32.46,6768
32.47,2746
32.42,4955
32.35,7749
32.23,9622
31.99,7018
31.68,12432
31.76,7248
31.85,5301
31.98,10546
31.9,32784
31.93,12484
32.78,15012
32.21,10761
32.33,7147
32.65,11430
32.08,6602
32.18,3592
32.26,4756
32.22,9027
32.42,1390
32.35,3853
32,3915
32.13,7006
32.14,2848
32.08,4003
31.99,3798
32.01,2933
32.18,3628
32.11,5138
32.01,7650
31.94,4378
31.87,4317
31.84,5164
31.79,6184
31.85,11050
31.86,37585
32.26,14121
32.13,9274
32.15,3167
31.8,5649
31.63,15150
31.4,9440
31.22,17687
31.55,14623
31.01,32623
31.08,23232
31.25,7190
31.33,6029
31.25,6988
30.98,4094
30.88,7658
30.77,7383
30.95,2805
31.05,1495
30.9,2767
31.06,3054
31.05,3927
31.01,3090
31.02,4066
30.98,3318
30.97,18271
30.85,30300
31.39,8207
31.99,11396
32.17,28545
32.79,5602
32.6,15721
32.84,10235
32.62,9851
32.77,9486
32.83,4749
32.76,6234
32.67,5758
32.51,4021
32.48,2439
32.59,3717
32.66,3831
32.59,3517
32.55,4508
32.57,4902
32.52,4879
32.58,5548
32.88,10799
33.03,4471
33.03,12478
33.22,13921
33.26,15495
33.31,33851
32.6,7690
32.57,16482
33.92,29526
34.05,9539
33.97,18941
34.77,14688
34.95,55592
35.21,14198
35.13,32145
35.31,11920
35.32,11951
35.44,10016
35.46,11369
35.47,10941
35.22,6620
35.62,9488
35.78,5962
35.64,9703
35.69,9393
35.62,5613
35.63,8398
35.46,9101
35.41,10052
35.36,13263
35.36,14710
35.02,74363
34.99,5075
34.99,13988
35,11569
34.33,11661
34.23,14125
33.75,30568
33.69,9874
33.48,11201
33.03,15919
32.61,19379
32.09,11644
32.02,11349
32.28,6738
32.17,6139
31.96,6966
31.99,5933
32.2,9600
32.03,10513
32.37,4602
32.39,4375
32.42,5999
32.42,7282
32.72,11666
32.82,9816
33.06,16900
33.14,44212
33.12,1695
33.45,7219
33.49,16305
33.77,9030
33.87,11814
33.6,9330
33.45,6943
33.46,5859
33.42,6016
33.23,4995
33.15,11732
33.41,15504
33.3,7861
33.32,7514
33.51,4717
33.47,4134
33.54,5885
33.43,6675
33.71,8842
33.37,5564
33.37,7328
33.45,6449
33.25,20257
32.71,12406
32.99,20259
32.98,79529
32.36,10728
32.61,2445
32.37,22245
32.43,1716
32.34,8013
32.26,7117
31.99,4535
32,6486
32.16,2618
32.28,6567
32.36,7001
32.44,4664
32.26,4018
32.02,5885
31.75,6580
31.61,11673
31.45,29787
31.41,4335
31.52,6423
31.2,6391
31.36,7820
31.12,10419
31.21,6779
31.18,5487
31.26,16673
31.26,54661
31.78,6198
32.03,3186
31.75,4842
31.63,2740
31.74,6587
31.85,2949
32.05,4226
32.04,4899
31.97,3216
32.07,5037
32.07,4227
32.06,6221
32.05,3468
32,2777
32.06,4109
32.01,2895
32.1,2429
32.07,2173
32.07,2747
32.12,5107
31.71,5068
31.62,4271
31.77,6462
31.73,7540
31.79,8460
31.8,35369
30.83,2313
30.63,37593
29.87,19462
29.77,10783
29.39,21132
29.29,13736
29.83,8158
29.34,10509
29.3,7411
29.48,6031
29.55,4163
29.82,7370
29.7,5141
29.66,4495
29.47,5942
29.23,9648
29.08,8775
29.03,6859
29.14,6586
29.03,7382
29,8457
28.98,11838
28.85,16542
28.78,12325
28.63,17976
28.71,64158
28.14,6631
28.85,7403
28.96,14991
28.23,8482
28.06,11702
27.88,16367
27.93,22672
27.79,9701
27.92,5181
28.09,6335
28.01,6274
28.04,8541
28.03,6945
28.09,4749
28.08,6363
27.93,4389
27.97,4006
28.08,2494
28.24,4772
28.11,3437
28.21,3756
28.25,11104
28.35,7317
28.49,8237
28.55,16172
28.5,50638
28.59,29247
28.52,8737
28.92,10604
28.96,8765
28.96,2877
29.02,3305
29.03,4886
28.85,4836
28.95,3376
28.74,12166
29.25,10037
29.25,10658
29.47,3656
29.4,1494
29.57,23224
29.46,3251
29.42,1794
29.39,2659
29.43,4491
29.19,2003
29.22,3583
29.23,2265
29.26,2566
29.09,5167
28.99,23875
28.74,39339
28.92,7301
29.2,2588
29.28,4440
29.01,3494
29.05,3280
29.06,5178
28.86,5241
28.91,4639
28.93,5162
28.92,5625
29.07,2747
28.96,1962
28.97,3949
28.88,3631
28.92,2078
28.83,1887
28.87,3512
28.74,5090
28.7,5676
28.8,3544
28.85,3097
28.85,1849
28.85,2620
28.82,4216
28.85,9106
28.88,23174
28.97,7127
29.21,2352
28.82,3345
28.63,6028
28.63,5697
28.46,3678
28.49,3632
28.51,2699
28.52,3058
28.37,1652
28.35,2269
28.37,1613
28.42,1222
28.51,2409
28.46,1450
28.39,2349
28.31,1939
28.35,1815
28.34,4311
28.27,5291
28.33,2332
28.28,2575
28.37,5531
28.31,6007
28.28,3788
28.29,25456
27.79,11809
27.21,27913
27.43,29831
27.34,17719
27.53,18578
27.6,21964
27.52,15575
27.58,11399
27.58,10851
27.48,9279
27.54,7675
27.68,8540
27.64,6533
27.51,3994
27.63,7131
27.53,3104
27.49,3568
27.39,5991
27.4,6595
27.41,5954
27.29,4717
27.22,6317
27.28,7683
27.2,4994
27.18,11513
27.18,41358
27.62,6268
27.14,2308
27.2,4871
27.26,5564
27.2,7658
27.11,15695
26.8,14724
26.83,8120
26.86,5275
26.94,10739
26.92,5172
26.77,6870
26.89,4055
26.96,6345
26.99,6364
26.95,6704
26.88,3390
26.83,4543
26.85,7022
26.98,5817
26.94,19603
26.48,16442
26.65,15148
26.52,11623
26.39,29015
26.57,82165
26.09,29412
24.84,22365
25.06,21763
24.86,29606
24.56,31542
25.18,28223
24.7,25348
24.81,25889
25.54,17475
25.24,8387
25.79,10970
25.69,5713
25.67,7252
25.77,9227
25.85,8792
26.05,7737
26.06,6499
26.24,8052
26.06,5626
26.12,7649
25.86,5358
25.85,4204
25.82,8066
25.7,8442
25.81,17114
26.02,51059
26.58,8308
26.19,3506
26.59,9547
26.51,16975
26.33,7371
26.44,20271
26.77,7818
26.7,8045
26.58,6102
26.5,9483
26.59,7639
26.48,6627
26.57,4715
26.37,7957
26.55,18990
26.76,9345
26.82,16493
26.78,4631
26.65,3764
26.69,3111
26.64,6184
26.62,3346
26.63,7676
26.99,14554
27.09,13152
27.06,45265
27.86,7404
27.77,8125
28.19,17715
28.91,11562
29.03,11829
29.09,13646
29.1,16404
29.24,16074
28.74,8211
29.21,4924
29.23,19779
29.55,13216
29.38,7219
29.39,4028
29.5,3709
29.48,5206
29.77,5400
29.75,5298
29.91,6177
30.02,6825
29.94,6261
30.02,10144
30.05,10466
30.04,9780
29.99,16593
29.9,52742
27.96,7913
27.98,10630
28.46,7215
28.21,6974
28.54,8989
28.7,7128
28.56,7950
28.59,4994
28.72,3086
28.7,2838
28.84,2913
28.81,5910
28.74,9356
29.06,4411
28.93,4397
28.96,3768
29.03,6940
29.06,9264
29.22,7530
29.17,7049
29.18,5651
28.93,5540
29.01,5977
29.15,5862
29.03,14594
29.32,114774
28.88,4879
28.94,5888
28.76,5472
28.99,4497
28.93,9634
28.67,4433
28.88,1967
28.87,3150
28.76,2322
28.74,2518
28.84,4307
28.64,3318
28.69,1777
28.71,7463
28.91,4092
28.92,3371
28.97,3216
28.92,1838
28.92,2469
28.79,2890
28.98,2813
29.01,4897
29.07,6014
29.05,6341
28.98,8856
29.1,41111
29.4,13761
30.25,18017
30.51,6901
29.83,7205
29.71,11133
29.31,9186
29.03,9029
29.17,5121
29.24,7288
29.14,6208
29.27,7675
29.18,5335
29.15,2281
29.35,3290
29.46,4846
29.47,4140
29.85,2838
29.95,4956
29.7,6468
30.01,8082
29.88,3342
29.87,10702
29.77,6290
29.73,6160
29.7,10421
29.62,30083
29.02,2474
29.31,3291
29.67,3121
29.43,3081
29.54,6150
29.59,3045
29.57,4744
29.47,3600
29.63,6434
29.69,4133
29.44,4883
29.71,2629
29.88,4158
29.91,2074
30.07,2276
30.23,3381
30.29,3709
30.4,4677
30.4,3514
30.48,3944
30.75,5342
30.78,5508
30.95,5296
30.77,6732
30.52,11609
30.35,35403
30.87,5565
30.56,5970
30.32,4038
30.35,4050
30.49,4852
30.42,7527
30.32,4132
30.19,6028
30.2,3362
30.35,2293
30.26,3598
30.25,1653
30.33,1243
30.33,2665
30.35,2350
30.31,3071
30.26,3661
30.08,4756
30.01,7741
29.96,1874
30.06,1743
30.13,2432
30.03,3991
29.96,4014
30.04,7417
30.06,22033
29.82,9428
29.56,4848
29.57,3606
29.29,4651
29.2,4388
28.89,4221
28.94,3153
28.78,3155
28.71,3217
28.71,2751
28.87,2307
28.94,798
29.03,1343
28.93,903
29.04,2611
28.94,896
29.03,1625
29.17,1311
29.21,1667
29.15,2065
28.94,6240
28.84,2377
28.87,4787
28.95,5399
28.96,5167
29.04,50444
29.56,1569
29.8,546
29.87,3132
29.93,3225
29.85,2759
29.87,3051
29.93,8623
29.8,8253
30.38,7694
30.17,3883
30.36,4365
30.71,7416
30.51,3899
30.55,5892
30.46,5136
30.71,4470
30.67,3100
30.67,2858
30.43,2853
30.37,4176
30.11,2265
30.03,1821
30.13,4616
30.1,7663
30.09,12143
30.13,50095
30.21,5576
30.27,1936
30.1,3861
30.1,3151
29.97,6038
30.01,6575
30.18,3412
30.08,2461
29.92,1555
29.65,2634
29.58,4723
29.59,2455
29.64,2401
29.62,2251
29.54,2547
29.56,3666
29.25,3137
29.18,3685
29.07,8759
28.94,5879
29.1,5289
29.03,4099
28.72,4431
28.83,4170
28.81,7438
28.85,23207
28.39,4709
28.52,2423
29.19,14977
28.86,5655
28.91,12072
28.98,4377
29.1,6063
29.32,4799
29.32,5699
29.26,5697
29.25,4692
29.23,4485
29.24,5865
29.13,4656
29.08,1513
29.06,2428
28.98,3117
28.79,1596
28.89,6149
28.87,1767
28.83,6569
28.88,1957
28.9,2677
28.81,7641
28.68,8656
28.66,26739
28.59,3069
29.1,1739
29.18,3195
28.61,2500
28.53,3084
28.72,2218
28.77,706
28.6,4257
28.87,1631
28.89,3344
28.85,4185
28.74,2791
28.65,3137
28.71,926
28.56,1754
28.57,2640
28.64,1803
28.62,2232
28.46,2310
28.5,2748
28.29,3392
28.21,10412
27.9,6149
28,4287
27.99,11190
28.17,39335
28.04,4112
28.67,4050
28.47,6265
28.24,4125
28.27,2886
28.1,5393
28.14,7513
28.36,3536
28.35,3164
28.41,3100
28.32,3310
28.27,1250
28.15,2872
28.39,1741
28.76,2572
28.83,1383
28.84,2369
28.77,1342
28.67,1958
28.58,1344
28.56,2062
28.59,1579
28.7,1292
28.78,3618
28.86,8983
28.74,34212
28.43,4671
28.33,7491
28.69,3212
28.95,5615
28.5,8364
27.88,4471
27.93,2062
27.96,1343
27.81,951
27.94,2280
27.91,3300
27.45,2914
27.55,1170
27.74,1862
27.7,1212
27.53,1808
27.4,3295
27.34,3400
27.44,5999
27.31,2452
27.26,5212
27.29,2712
27.57,2334
27.59,4437
27.62,14631
27.53,45524
28,1518
27.9,3086
28.12,9158
27.85,3793
28.1,7828
27.85,8211
27.67,4694
27.54,3488
27.43,3967
27.23,10328
26.9,7804
26.74,6083
26.65,3036
26.55,2747
26.64,3883
26.68,454
26.58,5088
26.49,3121
26.3,4323
26.03,5477
26.07,8510
25.99,7805
26.13,5191
26.02,6046
26.13,10072
25.89,70242
25.91,1662
25.75,2577
25.76,6180
25.8,3754
25.62,6340
25.76,6326
25.97,6378
26.02,5921
26.12,3756
26.31,4361
26.52,4823
26.45,2049
26.49,3086
26.37,3964
26.25,2588
26.05,1422
26,5850
26.05,8958
26.1,6206
26.08,2939
26.13,3229
26.05,4566
26.09,3858
26.18,2640
26.19,7510
26.18,13426
25.76,8022
25.78,2885
25.75,6672
25.68,2285
25.79,3053
25.96,2089
25.86,3126
25.81,1358
25.81,6317
25.9,740
25.79,2360
25.72,3591
25.9,1936
25.88,1367
25.94,2620
25.89,1250
25.87,832
25.89,796
25.95,4180
25.9,2989
25.98,1966
25.89,1245
25.82,1879
25.91,3540
25.93,6438
26.01,21147
25.98,5386
26.27,2254
26.4,2161
26.28,3503
26.35,5879
26.44,6843
26.45,3970
26.62,3875
26.64,4105
26.5,1954
26.61,3037
26.61,2710
26.64,1269
26.75,2058
26.78,4678
26.85,7015
26.84,3456
26.85,6891
26.94,2652
26.87,3036
26.77,2688
26.76,2440
26.92,4805
26.96,2839
26.85,6600
26.79,21048
26.92,3138
27.27,4361
26.79,1165
26.9,1324
26.9,4387
27,1107
27.05,1184
27.04,5354
27.09,893
27.16,705
27.11,1478
27.17,3609
27.37,1068
27.34,1113
27.37,1998
27.35,836
27.27,1979
27.15,2622
27.3,2462
27.32,1287
27.34,1527
27.28,3033
27.24,2885
27.32,2852
27.31,3942
27.14,11503
26.76,3305
27.06,8326
27.27,1766
27.19,2722
27.26,2939
27.1,1685
27.14,2220
27.02,2251
27.16,2876
27.15,2390
27.16,2129
27.22,1830
27.14,3614
27.22,28713
27.22,0
27.22,0
27.22,0
27.22,0
27.1,4474
27.54,562
27.36,2036
27.21,2393
27.12,4343
26.87,2087
26.77,2121
26.57,2251
26.77,2525
26.83,1590
26.71,3197
26.72,1069
26.79,2370
26.8,915
26.85,1022
26.89,8385
26.87,3484
26.87,3081
26.83,1997
26.8,5576
26.75,4193
26.68,2723
26.63,5988
26.72,6238
26.69,11507
26.58,19891
26.92,2994
27.2,10388
27.58,7780
27.93,13076
27.57,6160
27.42,5178
27.38,7464
27.49,3995
27.41,3895
27.41,2795
27.41,17025
27.61,4744
27.57,2397
27.62,20357
27.39,7261
27.48,1517
27.49,7416
27.45,2715
27.46,3920
27.5,2790
27.48,3963
27.57,1165
27.63,4190
27.67,6878
27.63,8057
27.65,26711
27.7,16094
27.76,24275
27.87,21512
27.96,17870
28.24,17908
28.3,10548
28.45,4315
28.42,3479
28.56,3376
28.69,1914
28.45,2091
28.55,5165
28.72,11626
29.35,11006
29.32,6543
29.31,8250
29.59,17595
29.47,10456
29.38,12245
29.43,15609
29.38,11170
29.4,9411
29.44,10888
29.28,8639
29.26,11890
29.68,24332
29.37,2293
29.24,3868
29.04,2673
29.29,7623
29.26,1241
29.14,3056
29.19,1399
29.03,3104
29.25,2667
29.33,1414
29.39,1669
29.31,1474
29.31,294
29.27,778
29.32,2078
29.3,577
29.32,1904
29.17,2104
29.23,1095
29.19,2458
29.22,6371
29.37,3766
29.43,3109
29.52,6813
29.65,7093
29.58,27451
29.52,1839
29.63,4716
30.09,9784
30.17,3812
30.46,3915
30.4,3631
30.24,4128
29.9,2221
29.58,2850
29.27,2038
29.46,1025
29.27,2341
29.35,2738
29.3,1495
29.41,768
29.26,1284
29.34,1159
29.44,1684
29.39,2607
29.25,1438
29.42,2914
29.46,1649
29.46,1232
29.49,1493
29.41,10853
29.34,21144
28.73,10359
28.59,2930
28.09,2933
27.78,3730
27.75,3508
27.79,2578
27.74,4452
27.78,6648
27.93,3472
27.78,1840
27.88,3201
27.72,1694
27.69,1667
27.7,2163
27.77,1437
27.65,967
27.51,2994
27.41,5817
27.15,2868
27.2,5240
26.96,5387
26.98,6225
27.04,8619
27.15,14605
27.28,6691
27.44,26980
27.88,2475
28.21,5123
27.9,2069
27.88,2084
27.92,1465
28.03,2166
28.27,5127
28.36,3598
28.37,1270
28.45,2069
28.31,1049
28.24,1667
28.21,711
28.1,223
28.13,430
28.17,336
28.17,346
28.13,1341
28.21,670
28.24,1045
28.29,1833
28.18,1789
28.21,1307
28.24,1096
28.25,6811
28.27,26297
28.34,2399
28.16,5424
27.75,2121
27.5,1165
27.57,2090
27.67,2109
27.7,3171
27.69,2297
27.92,3239
27.94,3779
27.98,3175
27.94,4011
27.85,1434
27.91,8509
27.95,1507
28.06,1841
27.96,3355
28.05,3951
28.24,1281
28.39,2898
28.14,7317
27.93,2996
27.99,14941
28.08,9515
28.07,10113
28.14,25363
28,6560
28.72,5331
28.51,5155
28.83,4217
29,3638
28.91,3598
29,3164
29.03,11097
29.09,9961
29.26,5203
29.28,6292
29.52,3318
29.41,17247
29.24,3017
29.26,4546
29.23,5578
29.28,4575
29.27,3277
29.22,3795
29.28,3765
29.28,8219
29.11,5372
28.95,9239
29.12,7538
29.08,11546
29.27,18885
30.05,17504
29.63,5413
29.57,8458
29.88,19063
29.68,9516
29.79,20537
29.57,11842
29.18,11681
28.99,6656
28.78,7780
28.5,4752
28.8,4857
28.85,4260
28.99,4776
28.89,2027
28.99,4238
29.19,5203
29.13,4011
29.05,3452
28.95,4704
29.03,3439
29.17,3782
29.1,2613
29.11,2261
28.98,8776
28.95,18915
29.08,666
28.84,2439
28.53,3364
28.67,4068
28.39,4078
28.36,5495
28.11,5620
28.14,3280
28.24,4225
28.09,3226
28.21,1930
28.15,2720
28.13,3018
28.18,7585
28.09,6000
27.88,6266
27.78,12788
28.05,7606
28.38,2775
28.31,6361
28.62,3168
28.59,2584
28.58,2999
28.4,8744
28.48,12172
28.46,50786
28.4,1157
28.28,4456
28.49,4824
28.71,4783
28.5,3728
28.65,4121
28.92,4745
28.73,4834
28.62,3689
28.5,2154
28.52,3495
28.63,1610
28.57,1801
28.4,1614
28.33,5339
28.14,1936
28.25,2412
28.27,2175
28.45,2279
28.42,2036
28.35,1707
28.31,7461
27.89,5883
27.75,5914
27.81,19829
27.9,47004
28.06,4302
28.34,4450
28.65,3249
28.53,4432
28.13,2842
27.85,5314
27.71,4633
27.82,6297
28.1,6378
27.91,2364
28.14,2951
28.3,7379
28.34,1841
28.27,2751
28.33,2496
28.3,2166
28.21,2872
28.13,2946
28.28,2383
28.33,3661
28.36,3421
28.33,1131
28.43,3679
28.43,3811
28.45,3569
28.41,20561
28.98,7094
29.44,11965
30.08,4586
30.1,8691
30.04,8914
29.65,5539
29.39,3936
29.41,2118
29.61,837
29.77,842
29.92,6072
29.43,3014
29.67,1855
29.93,2202
30,3050
30,1986
30.03,1375
29.97,1255
29.98,2550
30.01,1408
30.06,2632
29.99,1076
29.98,1254
30.13,2127
30.05,4907
30.09,27306
29.87,10576
30.65,5257
30.98,9515
30.66,3313
30.87,6242
30.78,10426
31.06,10152
31.04,9692
31.14,5401
31.17,4821
30.92,6848
31.11,10485
30.97,4489
31.11,3707
31.11,5851
31.07,3932
30.99,5479
30.87,4371
30.89,4495
30.87,2789
30.89,3210
30.83,1668
30.81,4183
30.74,2344
30.84,5145
30.58,17594
31.12,6612
31.43,7920
31.43,2744
31.31,1043
31.17,2480
30.92,1209
31.04,3606
30.76,1830
30.88,3685
30.89,1011
30.91,2811
30.9,2679
30.66,910
30.63,1035
30.68,1251
30.56,1518
30.56,1196
30.51,5803
30.68,1560
30.68,1174
30.78,1198
30.78,2326
30.85,3218
30.72,2792
30.7,3631
30.63,15947
30.67,1926
31,2582
31.15,1933
31.31,1289
31.06,4701
31.12,1001
31.1,2097
31.2,2665
31.02,2905
31.15,635
31.16,2515
31.1,709
31.06,2218
31.04,830
31.07,2393
31.22,2661
31.23,1748
31.28,2138
31.34,1773
31.36,2753
31.38,1640
31.31,1410
31.26,1559
31.41,3868
31.39,4524
31.11,22634
31.19,1448
31.32,570
31.02,1549
30.79,2468
30.69,2169
30.65,1952
30.65,1768
30.57,2324
30.72,3196
30.73,1499
30.89,2803
30.77,3339
30.7,2912
30.68,6029
30.68,0
30.76,1513
30.25,2523
30.27,1486
30.2,956
30.22,922
30.22,1947
30.2,1315
30.2,1526
30.33,916
30.25,301
30.28,591
30.24,1735
30.34,921
30.29,1123
30.28,672
30.3,1190
30.37,849
30.34,623
30.26,1396
30.22,707
30.11,2238
30.13,1473
30.07,2096
30.14,1964
30.19,8169
30.22,13895
29.71,9208
30.44,2614
30.09,1439
30.29,2643
30.54,1156
30.41,1482
30.42,1614
30.49,1055
30.54,862
30.52,1573
30.44,2330
30.37,1023
30.36,1990
30.44,1399
30.5,1248
30.53,631
30.48,413
30.4,577
30.36,1341
30.36,1280
30.44,1186
30.41,2203
30.38,1279
30.46,2122
30.4,5176
30.39,25943
30.75,371
30.41,2360
30.41,1462
30.3,1273
30.18,680
30.18,881
30.21,1829
30.22,1059
30.19,976
30.19,0
30.16,241
30.1,996
30.13,361
30.1,437
30.12,207
30.09,312
30.04,341
30.01,989
30.07,356
30.07,424
30.12,2667
30.11,1932
30.09,2198
30.17,1516
30.01,4620
29.85,12030
29.63,621
29.68,1149
29.86,1236
29.6,439
29.69,1759
29.7,2893
29.57,2541
29.63,2943
29.57,3145
29.53,3304
29.5,1707
29.56,1581
29.62,1597
29.61,1520
29.58,2227
29.78,2218
29.71,2626
29.73,1830
29.62,2123
29.67,3127
29.61,2887
29.63,2675
29.6,1731
29.6,5162
29.59,8597
29.52,25857
29.97,2869
30.23,4529
30.34,4428
29.91,3928
29.9,2154
29.99,2587
30.31,1963
30.34,1845
30.45,1704
30.46,1143
30.37,1886
30.45,4053
30.52,1836
30.43,714
30.34,1797
30.24,1053
30.25,743
30.36,1917
30.35,1950
30.53,1516
30.43,1779
30.48,1093
30.4,1741
30.31,3106
30.33,3548
30.29,19600
31.36,3616
30.46,3677
29.5,10080
30.09,1475
30.23,3170
30.55,4805
30.69,4803
30.49,3360
30.41,2455
30.53,1289
30.57,1022
30.61,1076
30.69,1442
30.78,1617
30.74,9312
30.83,1452
30.84,1824
30.93,2564
31.08,1843
31.04,2531
31.2,2448
31.24,1147
31.14,4159
31.08,3199
30.86,10482
30.64,19010
31.32,3203
31.8,18793
32.19,14113
32.68,24633
32.63,14616
32.6,21244
32.72,17368
32.66,9141
32.97,3208
32.83,4709
33.11,3284
33.07,4839
32.87,4475
32.53,15860
32.59,6148
32.63,11125
32.39,3499
32.42,7060
32.25,3825
32.17,5870
32.15,2040
32.02,7181
32.07,3732
32.03,7688
32.12,18289
32.08,30344
32.1,4970
31.7,8400
31.66,3114
31.78,1895
31.93,4996
32.03,1956
31.93,5661
31.76,5668
31.79,6516
31.88,583
31.88,1719
31.87,2730
31.65,2174
31.64,2863
31.42,3468
31.53,1548
31.64,3803
31.7,2695
31.84,2527
31.91,3726
31.94,3823
31.92,4339
32.02,3132
31.96,8273
31.91,9737
31.87,24897
32.63,4479
32.05,5016
32.33,1317
32.39,2184
32.13,3929
31.85,4263
31.81,2623
31.85,3405
32.09,910
32.11,1580
31.95,2592
32.07,1526
32.04,892
31.92,3792
31.88,202
31.93,233
31.92,1211
32.01,783
32.08,1432
32.17,3653
32.19,9474
32.77,6580
32.89,16303
32.97,12256
32.88,5908
32.83,36276
33.19,5683
33.11,5787
33.63,8679
33.55,8898
33.95,7823
34.07,7425
34.31,13590
34.52,9160
34.63,4742
34.71,6794
34.71,5576
34.97,6763
34.78,5510
34.89,7614
34.56,4373
34.56,2242
34.51,14973
34.24,4632
34.16,7492
33.87,6802
33.75,4849
33.68,10017
33.59,5781
33.65,12868
33.82,12309
33.81,38881
33.84,937
33.88,2304
33.51,1299
33.52,3764
33.55,4668
33.59,4339
33.75,6128
34.06,2969
34.03,6263
34.3,1534
34.22,1354
33.95,3551
33.8,3136
34.06,3130
33.98,6919
33.99,7707
34.46,4971
34.2,2415
34.25,1841
34.1,5089
34.27,11663
34.35,7432
34.26,4518
34.23,5405
34.26,7826
34.11,43838
34.36,2042
33.77,4026
33.6,5422
33.75,4581
33.92,6440
34.1,4749
33.72,976
33.92,3224
34.2,1646
34.16,681
34.11,1418
34.08,1365
34.31,7024
34.12,329
34.21,467
34.16,1423
34.07,3926
34.18,3213
34.03,1836
33.94,2244
33.95,1876
33.87,2178
33.77,2752
33.71,2771
33.65,6510
33.6,24774
33.85,5951
34.15,3859
34.52,8788
34.75,2311
34.49,2162
34.34,3858
34.59,8693
34.84,3926
35.18,2237
34.96,13890
35.26,11675
35.2,6590
34.78,6412
34.65,2205
34.32,4133
34.69,4006
34.8,9803
35.15,11233
35.53,15566
35.68,6147
35.71,11639
35.68,13624
35.67,14937
35.56,11853
35.71,17305
35.72,29093
35.8,6119
36.12,3956
36.77,2967
36.55,1557
36.54,1752
36.42,4665
36.51,6720
36.92,3323
36.48,2153
36.05,1463
35.9,2554
35.8,1412
35.81,1537
35.84,2128
35.71,2682
35.66,1513
35.65,955
35.51,2001
35.5,607
35.57,955
35.58,3127
35.52,3383
35.53,3639
35.53,3049
35.34,14393
35.83,131801
35.79,5785
36.48,4063
36.79,8405
37.51,12270
37.13,6765
36.83,16095
37.78,6525
37.31,5808
37.51,3759
37.63,7562
36.88,663
36.86,4522
37.18,884
37.05,1492
36.88,2047
36.84,6028
37.3,10665
37.06,1574
36.88,3234
36.9,2561
36.88,2950
36.86,2322
36.66,3657
36.7,4120
36.45,6050
36.35,20970
36.04,5747
36.32,421
36.42,3802
36.78,1209
36.77,1552
36.88,1770
36.8,3197
37.14,5511
36.89,23810
36.69,1884
36.83,5650
37.03,4095
37.02,6518
36.83,4690
36.9,3438
36.99,4059
36.89,3601
36.84,2668
36.85,1747
36.94,1146
36.88,2433
36.82,2975
36.94,5240
36.94,3893
37.02,5755
36.99,19935
37.69,15202
37.65,4653
37.5,4952
37.82,4581
37.59,14038
37.79,6372
37.82,5353
37.94,3118
37.74,8166
37.69,4427
37.6,3082
37.37,2370
37.52,2462
37.5,980
37.57,3080
37.55,2479
37.84,1862
37.86,2325
37.95,7804
38.4,2961
38.85,23205
38.68,15077
38.65,27271
38.35,3684
38.29,10568
38.5,64964
39.13,10806
38.58,10837
38.61,10171
38.72,5462
39.14,3970
39.11,8814
39.22,2582
39.28,12135
39.63,6089
39.75,3442
39.82,5768
39.4,2460
39.54,3225
39.55,2586
39.48,7764
39.36,4363
39.36,2703
39.3,1959
39.18,5081
39.07,13468
38.51,6332
38.27,6662
38.24,4991
38.53,9107
38.5,13428
38.38,78802
38.28,1890
37.97,613
37.92,3460
37.93,2148
38.04,3845
37.62,1191
37.88,2327
37.9,1302
37.88,1363
37.89,1994
37.77,2060
37.83,1657
37.8,3230
37.64,1149
37.74,1734
37.85,1139
37.85,1013
37.73,1530
37.81,342
37.88,2097
37.91,5030
37.92,3215
38.19,5987
38.19,7387
38.05,8482
37.98,21008
38.51,6439
37.92,1514
37.46,5273
37.39,2520
36.83,3730
37.12,1236
37,1650
36.83,3270
36.38,1676
36.63,1704
36.53,1539
36.46,4387
36.46,2534
36.52,928
36.49,2754
36.61,1033
36.6,1182
36.6,691
36.59,1840
36.47,2054
36.29,9281
36.04,7532
35.73,5571
35.85,3094
35.63,5988
35.93,25126
35.43,4942
35.77,1351
35.85,3179
36.3,2071
36.21,1059
35.89,2436
35.77,1080
35.78,1744
35.95,846
36.03,1268
35.93,711
35.88,358
35.94,649
35.86,412
35.87,748
35.74,312
35.81,1583
35.83,1205
35.85,2217
35.93,2241
35.88,206
35.91,256
35.97,1016
36.1,2157
35.83,6620
35.98,19618
36.18,2007
35.66,5327
35.21,1636
35.34,2361
35.41,3373
35.26,3874
34.99,3073
35.07,2558
35.12,1648
35.17,2546
35.31,2424
35.16,2830
35.25,1608
35.18,1635
35.03,1876
34.99,2226
35.01,1746
34.69,5363
34.76,3083
35.05,3240
34.67,5354
34.98,2367
34.92,4485
34.88,2518
34.73,11240
34.89,18109
35.84,4742
35.35,5310
34.81,7707
34.8,4124
34.43,7568
34.15,7027
34.18,3050
34.95,3139
35.25,2679
35.35,1932
35.39,1730
35.43,2452
35.91,1865
35.91,1244
35.81,12349
35.79,1771
35.7,2038
36.01,424
35.94,2031
36.35,1702
36.22,2378
36.11,1407
35.91,2347
35.91,1257
35.86,2434
35.93,11196
35.33,2455
35.97,839
35.2,1924
35.66,1024
35.49,1550
35.91,1311
35.5,4283
35,1319
34.91,810
35.1,669
34.88,501
34.93,1136
34.69,727
34.82,1045
34.7,1919
34.62,2898
34.56,2409
34.82,2775
35.07,4966
35.3,3865
34.96,3717
35.47,1929
35.38,4198
35.21,5785
35,4610
35.12,21836
34.82,3316
34.83,4324
33.79,961
34.59,2546
34.21,2232
34.23,916
34.12,2172
34.14,2103
34.2,1924
34.11,3501
33.91,17456
33.71,7439
33.91,1045
33.94,1429
33.82,925
33.87,1217
33.87,1302
34.12,1368
34.04,1873
34.02,2900
33.86,2943
33.91,4838
33.58,7779
33.96,3629
34.06,2059
34.12,6378
35.09,1307
34.44,854
35.13,796
34.69,3138
35.19,1852
35.21,2693
35.1,1482
34.73,2997
34.71,1073
34.8,2229
34.82,1971
34.76,1394
34.76,1483
34.71,415
34.47,1435
34.4,3197
34.34,636
34.51,2732
34.4,866
34.84,4896
34.62,1045
34.79,1849
34.78,2690
34.87,4213
34.84,9528
34.99,25695
35.01,2148
35.04,2314
35.31,4109
35.22,3122
34.87,4268
34.96,1286
34.61,2017
34.42,975
34.32,969
33.91,2106
33.94,1676
33.78,3404
33.64,1962
33.54,1722
33.46,1472
33.61,2275
33.74,3465
33.68,2728
33.7,2946
33.72,1546
34.01,5595
34.25,5039
34.49,3775
34.52,5985
34.57,13335
34.74,42854
34.1,1396
35.8,3173
35.61,2361
35.68,4657
35.65,7244
35.71,4939
35.6,4166
35.15,3657
35.56,5715
35.47,3249
35.38,1876
35.06,4171
34.9,3738
35.24,1180
35.06,1675
34.94,2844
34.43,1335
34.51,2204
34.43,1592
34.4,2826
34.79,2795
34.61,3876
34.56,3880
34.14,4287
34.06,5618
33.89,20828
34.53,2783
34.72,2312
35.54,6558
36.43,5094
36.24,2707
36.93,3029
36.56,11829
36.57,4395
37.1,3473
37.12,1107
36.98,3928
37.09,1555
37.07,1240
36.92,1017
37.01,2119
36.86,1244
36.77,1914
36.92,1098
36.9,6024
36.75,422
36.75,1691
36.82,1501
36.74,2319
36.6,1777
36.54,8067
36.48,26715
36.53,1448
37.4,1240
36.79,4345
37.57,5263
37.36,3514
37.5,3462
37.53,5160
37.62,2673
37.59,2786
37.68,1757
37.97,15906
38.24,8686
38.2,3845
38.05,6018
38.14,13405
38.25,19159
38.08,1705
37.94,485
37.99,177
38.04,513
38,1950
37.91,2289
37.92,3232
37.86,3951
37.71,5938
37.79,17942
37.42,2847
36.9,1852
36.44,8244
36.15,1507
36.48,1858
36.42,1372
36.46,1266
36.31,1251
36.3,3701
36.1,899
36.25,1024
36.18,7989
36.17,1079
36.17,210
36.2,111
36.09,2593
35.66,2193
35.74,9327
35.68,896
35.7,3877
36.05,2590
36.04,1967
35.95,1720
35.77,6795
35.71,4556
35.81,23720
37.13,6736
37.23,3525
36.8,2084
36.48,2293
36.01,2778
36.07,4912
36.35,3771
36.11,2904
35.67,3173
35.89,1700
35.75,2299
35.79,1600
35.81,668
35.85,1141
35.69,756
35.62,666
35.76,429
35.66,1544
35.83,3077
36.04,1152
35.99,2289
35.98,2044
36.12,2357
36.07,2945
36.12,5111
36.19,25817
37.61,11616
36.27,7707
36.1,4236
36.42,3382
36.15,3746
35.95,4449
36.04,13712
35.51,10924
34.6,5024
34.63,8027
34.27,5823
34.21,8373
34.05,6301
34.29,4985
33.97,7435
34.14,8701
34.02,4492
34.59,6163
34.3,10938
34.54,6566
34.16,3975
34.54,8067
34.59,6882
34.55,7698
34.66,13070
34.98,48028
34.78,12074
34.33,8020
34.37,9357
34.69,5670
34.74,4559
34.76,3254
34.62,3191
34.49,8373
34.44,796
34.16,1802
34.07,931
34.33,1059
34.22,319
34.41,342
34.21,1606
34.35,3228
34.07,709
34.34,2220
34.27,1313
34.39,5396
34.4,4343
34.51,3957
34.37,3692
34.29,2718
34.32,9688
34.23,28872
33.48,7389
33.79,5240
32.99,3534
32.74,3807
32.53,5627
32.32,3426
32.58,3776
32.8,2656
32.64,2114
32.6,1438
32.59,2329
32.41,5185
32.55,108
32.49,1369
32.68,1431
32.57,1751
32.72,2535
32.87,4097
32.78,4841
32.79,8879
32.42,13102
32.65,3615
32.65,8792
32.61,5343
32.46,4813
32.57,22724
32.92,5021
33.1,2762
33.31,1546
33.17,2639
33.21,3210
33.06,2723
32.91,3367
32.95,3597
32.98,3888
32.96,4287
32.73,3305
32.7,1733
32.67,1709
32.68,1016
32.82,1698
32.79,2014
32.63,2493
32.73,1523
32.98,1652
32.78,3897
32.77,2788
32.9,3732
32.84,2562
32.83,3258
32.92,9978
33.07,29901
33.12,453
32.65,270
32.83,1264
33,2190
33.16,11180
33.81,2216
33.63,2278
33.7,2134
33.77,3130
33.8,1552
33.58,775
33.53,5101
33.56,583
33.48,849
33.43,1204
33.57,1942
33.52,1875
33.53,3049
33.58,3045
33.61,4855
33.5,3997
33.53,2536
33.6,2275
33.61,2662
33.64,7757
33.72,28554
33.73,819
33.29,3683
33.12,4106
32.93,2593
33.04,3955
32.95,1842
32.77,4164
32.58,10217
32.46,1428
32.58,3843
32.99,4254
32.49,3190
32.46,3826
32.61,2266
32.7,1783
32.64,4034
32.84,2173
33.02,1940
33.18,1736
33,3122
33.02,2294
32.87,5401
32.82,2143
33.15,1580
33.08,6781
33.22,25412
33.425,494
33.53,502
33.09,259
32.91,2581
32.99,2164
32.78,2646
32.695,3631
32.73,1505
32.81,2223
32.87,1735
32.86,1042
32.96,1189
32.89,1403
32.86,2810
33.16,413
33.16,232
33.055,1201
33.2,662
33.135,957
33.16,993
33.13,1298
33.115,3611
33.23,6398
33.33,4449
33.405,2387
33.35,16273
33.41,4397
34.31,3192
34.31,4449
33.835,1634
34.175,2462
33.62,2475
33.71,2868
33.92,1967
33.83,807
33.88,4384
33.72,2657
33.64,2757
33.77,1582
33.785,840
33.6,2126
33.59,2104
33.74,6788
33.965,2752
33.75,1710
33.805,3824
33.575,3974
33.86,1659
33.67,443
33.78,1744
33.78,2252
33.92,17033
33.925,3167
33.08,3980
32.9,4689
33.06,6201
33.2,3818
33.14,2292
33.18,9287
33.02,4930
33.23,3630
33.45,1591
33.525,1728
33.47,1350
33.45,1987
33.515,2062
33.445,2037
33.385,1973
33.38,1062
33.39,2401
33.345,1073
33.265,1518
33.18,370
33.23,3924
33.2,3787
32.97,4343
32.81,4017
32.85,20742
32.37,1994
31.81,2099
32.07,8490
31.95,1341
31.85,2163
31.98,1289
32.24,1197
32.115,1424
32.275,1057
32.125,3324
32.05,980
32.11,1198
32.22,1138
32.02,399
32,802
32.09,509
32.3,120
32.36,978
32.195,1515
32.41,2194
32.26,2922
32.38,2960
32.1,3367
32.1,2371
32.1,12478
32.27,40384
31.98,2145
31.68,3279
31.055,5610
31.015,6822
30.37,6619
30.84,7316
30.785,2310
30.84,2891
30.83,3689
30.62,2478
30.55,6138
30.75,3656
30.66,3036
30.64,4626
30.8,2337
30.97,1965
30.96,1846
30.89,1702
30.855,3579
31.065,3363
31.16,2446
31.155,1461
31.19,2578
31.31,3832
31.37,6158
31.45,27969
31.72,14679
32.76,8718
32.58,9522
33.16,11026
33.2,5865
33.19,4332
32.95,3294
33.07,3229
33.22,3711
33.35,4402
33.215,1486
33.43,5319
33.375,768
33.33,2439
33.45,1861
33.435,2590
33.38,1505
33.23,1900
33.18,1887
33.3,4108
33.44,2814
33.44,2799
33.36,3569
33.21,4641
33.22,4972
33.31,18407
33.47,7679
33.99,12182
34.55,6535
34.4,8951
33.99,9718
34.45,7709
35.085,13846
35.19,13315
35.24,11778
35.1,9046
35.165,14894
34.89,11911
35.37,10311
35.395,10351
35.39,11322
35.49,7471
35.77,5527
35.75,2936
35.655,4007
35.49,6266
35.36,7697
35.485,7009
35.03,5992
34.795,7838
34.8,9997
35.065,36810
34.69,3452
33.965,5195
34.66,7153
35.385,3205
35.59,13010
36.16,3889
36.28,2536
35.68,2422
35.63,442
35.63,1172
35.61,1775
35.495,2356
35.415,1781
35.54,1009
35.595,2010
35.53,1306
35.685,2412
35.64,2616
35.56,1324
35.71,1624
35.76,2851
35.64,3203
35.555,3447
35.54,3768
35.5,4069
35.545,16098
34.82,4027
33.6,7588
33.76,4481
33.755,7146
33.785,5842
33.51,3784
33.78,4006
33.54,2321
33.62,1914
33.45,2772
33.59,1398
33.5,2480
33.31,4316
33.08,5383
32.8,2337
33.19,3760
32.78,1997
32.96,8541
32.86,3190
33.22,22094
33.25,1382
33.07,1668
33.04,4644
33.13,4673
33.09,9817
33.12,19306
33,4711
33.5,4905
33.19,2002
33.465,931
33.07,1685
32.74,1539
32.73,235
32.76,983
32.815,1313
32.69,3654
32.49,1725
32.25,501
32.24,924
32.235,1032
32.625,2543
32.665,1043
32.68,2180
32.74,2725
32.805,3367
32.83,929
32.83,2047
32.23,2058
32.18,1412
32.27,2612
31.93,2631
32.015,17925
31.88,3146
31.76,1891
32.06,984
32.33,3240
32.865,3424
32.54,2758
32.76,2978
33.005,4764
32.97,452
32.85,809
32.99,3234
32.96,2713
32.89,938
32.84,3272
32.69,2321
32.64,2200
32.6,1373
32.72,1593
32.75,508
32.815,976
32.94,1368
32.99,3365
33.185,3110
33.17,6425
33.56,6595
33.48,15382
33.015,2316
32.42,2323
32.84,1248
32.76,895
32.95,1136
32.68,2508
32.66,3554
32.81,596
32.87,2896
33.26,4037
33.42,2497
33.51,2587
33.26,1587
33.27,825
33.39,765
33.19,3965
33.19,1884
33.04,1023
32.89,1480
32.765,3271
32.855,1887
32.76,2008
32.785,758
32.925,2945
32.69,6775
32.55,20892
32.375,225
32.59,862
32.86,1138
33.43,1365
33.72,2611
33.905,2403
33.675,3238
33.745,818
33.63,877
33.38,3412
33.39,1052
33.465,510
33.59,1587
33.83,1114
33.82,1911
33.62,1674
33.56,7654
33.7,2898
33.86,1017
33.93,725
34.11,2469
34.05,993
33.975,7759
34.135,7055
34.045,6101
34.44,28294
35.13,7730
35.15,4919
34.84,1942
34.9,1633
34.59,1466
34.66,1337
35.04,1663
35.03,3106
35.535,4643
35.58,3295
35.725,5517
35.885,7060
35.68,1560
35.82,3186
35.91,3123
35.86,1889
35.9,5338
35.83,1600
35.75,1345
35.87,17736
36.04,2214
36.43,3311
36.33,5311
36.15,3236
35.88,3958
35.76,13146
35.88,2044
36.05,2176
35.465,2708
35.115,2377
34.87,2962
34.91,3649
34.585,2546
34.88,2296
34.91,2460
34.635,4374
34.52,933
34.535,2781
34.385,2244
34.365,5701
34.325,1967
34.275,1331
34.14,1810
34.23,11085
34.49,2093
34.575,4343
34.45,2614
34.62,2455
34.6,2813
34.555,1496
34.43,2754
34.475,17302
34.82,2351
35.385,3847
35.645,6312
35.86,2598
34.98,7036
34.87,2974
35.21,2316
35.3,3824
35.33,2962
35.28,5951
35.2,2432
35.095,2896
34.74,2160
34.825,2551
34.825,3561
34.81,1586
35.055,1216
34.925,2307
34.845,2467
34.92,5907
35.44,2760
35.33,5237
35.51,4537
35.36,7375
35.18,19815
34.9,31447
34.92,946
35.16,913
34.94,447
35.13,1048
35.065,943
35.07,509
34.76,1973
34.67,338
34.67,891
34.775,2089
34.94,1614
35.13,1248
35.055,138
35.04,224
35.12,343
35.13,1589
34.9,1409
34.95,2282
35.3,4250
35.355,2232
35.28,1054
35.215,1137
35.15,3175
35.165,2610
35.28,8335
35.265,34263
34.89,3987
35.05,1119
35.13,4082
35.69,2747
35.51,2738
35.75,6208
35.75,1095
35.7,1520
35.645,2347
35.23,3209
35.03,883
35.12,1705
35.24,1516
35.625,776
35.47,1822
35.72,740
35.95,3105
35.75,2369
35.645,6152
35.21,723
35.22,13123
35.39,3983
36.27,8114
36.07,3293
36.035,7687
36.07,19580
37.05,19277
36.86,10060
37.51,12721
37.875,9792
38.28,25371
40.83,43626
39.815,22263
39.61,23092
39.55,10572
39.52,19299
39.49,7594
39.71,2403
39.9,10992
40.3,1883
40.02,11280
39.55,3030
39.72,7492
39.425,3872
40.16,6359
40.23,8237
40.25,9806
40.01,8782
39.98,15474
39.59,25200
38.625,12503
38.36,60873
37.77,6364
38.3,4006
38.445,10138
37.4,7059
37.49,2656
37.465,2533
37.415,1661
37.305,3337
37,2411
37.13,3024
36.84,2138
36.755,9435
36.82,1868
37,663
36.91,1561
36.885,4315
36.85,7618
36.665,761
36.7,2327
36.56,3240
36.31,4433
36.515,6020
36.58,10922
36.76,13479
36.745,18990
36.76,75549
36,11938
36.175,2790
37.03,8644
36.65,8346
36.74,3266
36.49,5590
36.25,4813
35.8,9284
35.49,7015
35.62,5485
35.44,5818
35.685,12758
35.45,10160
35.49,5486
35.57,10328
35.555,8634
35.66,8163
35.72,7292
35.76,4469
35.84,7651
36.2,12272
36.095,12615
35.89,9886
35.51,13540
35.465,9493
35.525,48863
35.735,12531
38.05,15284
38.42,10023
38.54,22103
38.6,15807
39.145,14727
39.02,7684
38.665,4001
38.89,5468
38.78,9797
38.775,3933
38.8,8953
39.14,7276
39.06,5448
39.08,5702
38.69,5486
39.14,2486
38.82,2602
38.98,2440
39.09,6682
39.06,9283
38.83,4598
38.69,4584
38.51,4829
38.34,9167
38.14,27040
37.765,3343
37.73,2137
38.035,2008
38.06,2168
37.94,3002
37.59,1693
37.43,4305
37.305,1246
37.385,2714
37.47,3314
37.64,997
37.34,1521
37.38,1331
37.35,1316
37.26,2204
37.205,4047
37.37,1704
37.38,1122
37.29,3127
37.46,3626
37.53,3188
37.55,3981
37.5,3901
37.6,4818
37.505,3877
37.65,13430
37.9,14005
38.35,10515
38.57,11817
38.49,5746
38.77,1765
38.09,1875
38,1783
38.115,4401
38.35,1966
38.3,2833
38.36,1089
38.24,2152
38.17,1837
37.945,1167
37.89,3336
37.71,1849
37.595,3860
37.39,1189
37.18,5768
37.5,2372
37.44,1962
37.55,11460
37.375,10317
37.4,10033
37.565,11666
37.51,48462
38.14,12864
38.39,7103
38.75,4465
38.85,9888
39.475,12627
39.01,4324
39.75,13334
39.67,6752
39.805,6664
39.68,6825
39.29,6863
39.12,3963
39.14,1506
39.565,4870
39.42,5738
39.2,5267
38.86,2081
38.845,1784
38.91,3206
39.13,2143
39.03,2504
39.205,3910
39.21,7615
39.285,11641
39.5,6841
39.37,74446
38.14,12628
38.4,18567
38.28,7336
38.5,11323
38.41,8311
38.14,8565
38.29,9365
37.935,16001
37.56,4575
37.66,7410
37.295,5978
36.875,6020
36.505,7209
36.5,9264
36.27,18985
35.56,11274
35.035,20005
35.46,9833
35.25,6744
35.09,8069
35.055,13359
35.485,9417
35.5,9275
35.41,7789
35.28,9855
35.445,40075
35.43,8950
35.54,15494
35.69,8046
35.38,7082
35.21,8374
34.23,5324
34.27,4564
34.27,5332
34.185,4317
34.08,4144
33.67,7651
33.68,6908
33.655,9416
33.49,5511
33.51,5067
33.175,8157
32.9,11729
33.015,7454
32.885,8241
32.76,5060
32.94,6218
32.87,5092
32.82,6883
32.825,9140
32.75,21295
32.51,58059
33.085,4588
33.71,6903
33.695,18292
33.395,16781
33.76,39845
33.66,10250
33.54,6988
33.35,4955
33.08,3449
33.315,4930
33.24,2349
33.24,1711
33,2332
32.94,2058
32.99,2300
33.03,2352
32.91,1465
32.845,1879
32.78,1481
32.79,5458
32.89,6731
33.1,3922
32.88,3508
33,7101
32.92,8729
32.91,18930
33.71,4250
33.89,14173
34.135,5554
33.835,7335
33.63,6617
33.45,4387
33.4,666
33.53,1380
33.645,3781
33.555,3549
33.7,2618
33.5,4611
33.42,4163
33.38,1707
33.54,3226
33.46,1134
33.2,1652
33.11,1847
33.235,495
33.26,2118
33.31,3629
33.23,2240
33.33,3617
33.195,3339
33.115,7241
33.255,22175
33.52,608
32.9,17503
32.62,2250
32.68,1488
32.665,2770
32.56,7426
32.355,4964
32.1,3055
32.14,1995
32.12,1449
32.23,541
32.2,840
32.25,416
32.245,1087
32.22,1866
32.17,5263
32.345,4595
32.3,1440
32.335,2866
32.585,931
32.57,3489
32.79,2122
32.98,989
33.1,3167
33.04,1838
33.14,13790
32.8,1418
32.36,3542
32.21,2009
31.98,2893
31.99,4076
32.08,1865
32.04,2736
32.135,797
32.41,2119
32.35,3837
32.465,3137
32.35,3552
32.335,2213
32.15,1526
32.15,1679
32.09,1274
32.095,1688
31.96,2973
31.92,1993
31.84,971
31.82,2725
31.785,2632
31.83,3321
31.82,3785
32.075,11005
31.745,23524
29.915,9900
30.35,20732
30.12,28813
30.12,29952
30.27,13180
30.45,12463
30.29,3954
30.28,5465
30.22,5883
30.29,3201
30.45,2261
30.24,6111
30.105,8978
30.2,752
30.08,1412
30.08,9757
29.82,3897
29.73,3443
29.7,2165
29.5,3956
29.62,8084
29.85,11727
30.225,7909
30.54,10085
30.45,18003
30.01,53746
30.36,3172
29.745,2593
29.4,10670
29.185,15235
29,6560
28.925,3844
28.81,7989
29.19,13094
29.165,7066
28.93,11399
28.775,7113
28.75,7618
28.62,1626
28.6,2678
28.68,3519
28.38,1431
28.385,2829
28.37,2408
28.2,10616
27.965,8560
28.06,6647
28.02,11630
27.79,10293
27.815,12482
28.08,22392
27.77,44467
28.19,6602
28.645,19376
28.54,26127
28.34,19701
28.38,32136
28.435,6363
28.525,11833
28.67,6771
28.595,3945
28.49,17570
28.415,5595
28.63,13042
28.68,1768
28.805,4539
28.67,1840
28.71,3628
28.71,1665
28.69,29404
28.55,1377
28.5,1574
28.48,1720
28.45,637
28.42,4340
28.28,12107
28.17,35801
28.17,30033
28.46,4913
28.57,2263
28.62,5487
28.515,1878
28.49,3658
28.61,4515
28.54,3947
28.69,3711
28.56,4127
28.625,2712
28.61,2885
28.6,7227
28.61,3451
28.54,2557
28.56,3685
28.495,4485
28.48,4355
28.465,2983
28.38,4798
28.34,2985
28.325,3809
28.225,4059
28.235,2561
28.19,4543
28.32,9242
28.42,28769
28.51,5905
28.11,4493
28.15,6513
28.09,13589
27.99,1784
27.94,2857
27.93,465
27.91,2131
27.77,103
27.82,3020
27.6,1125
27.64,3321
27.535,1753
27.515,1641
27.56,3791
27.485,6596
27.49,1434
27.42,3470
27.33,1360
27.28,1613
27.27,1200
27.39,2657
27.49,4147
27.51,3546
27.56,2664
27.53,26101
27.32,2943
27.54,13846
27.61,5750
27.65,4427
27.41,1585
27.575,4299
27.625,12842
27.82,3857
27.67,4463
27.52,4220
27.44,2363
27.555,1829
27.575,2680
27.695,1182
27.65,1642
27.665,2198
27.58,1498
27.59,2244
27.685,3570
27.91,3426
27.925,5246
27.86,1844
28,3833
27.89,4390
27.91,5702
27.99,22261
27.985,1271
27.83,1418
27.87,2543
27.91,1027
28.04,1925
28.06,2208
28.08,1035
28.07,2333
27.935,3299
27.915,1466
27.85,944
27.93,2335
27.7,3578
27.745,1229
27.65,3707
27.94,2711
28.1,2911
27.96,15409
28.02,4392
27.93,1446
27.755,3104
27.82,4031
27.61,2560
27.695,3786
27.51,27943
26.72,44034
26.355,20965
25.705,12003
25.495,14276
25.62,18934
25.56,28540
25.78,27958
25.78,5478
25.59,6707
25.5,9975
25.52,5181
25.52,13418
25.53,8989
25.655,7710
25.49,5942
25.47,4941
25.475,7061
25.565,2676
25.555,4070
25.54,5313
25.67,10954
25.695,4853
25.685,1695
25.695,4183
25.64,5338
25.715,21062
25.67,41358
25.71,12052
25.9,8259
25.88,14569
25.675,6665
25.875,4156
25.84,7215
25.99,1377
25.875,3674
26,11106
25.785,3184
25.785,3005
25.74,5776
25.675,1806
25.75,1417
25.83,2055
25.73,2465
25.64,4088
25.61,1650
25.665,2076
25.715,2571
25.76,3273
25.8,1508
25.81,4274
25.835,1842
25.705,8503
25.67,13717
26.45,3762
26.36,3479
26.24,6857
26.52,3568
26.73,3637
26.82,3011
26.445,3543
26.41,3439
26.34,3032
26.31,2712
26.23,648
26.41,2174
26.435,1710
26.445,3536
26.49,2891
26.69,9161
26.715,5488
26.92,4929
26.86,6629
26.82,6743
26.94,5565
26.94,6735
26.86,9576
26.8,5561
26.85,15339
26.83,71443
27.4,7436
27.27,3141
27.405,5052
27.485,2486
27.4,3982
27.47,4717
27.29,2794
27.435,2468
27.34,3272
27.23,2758
27.475,3533
27.405,11983
27.425,2059
27.45,1441
27.45,3344
27.6,2357
27.63,2849
27.54,2759
27.6,4827
27.68,2235
27.69,7040
27.89,10004
27.82,2696
27.79,1824
27.79,7415
27.75,27088
27.79,2440
27.34,3354
27.46,13902
27.13,3013
27.14,5939
27.25,9708
27.4,6885
27.44,2505
27.4,10875
27.31,3332
27.205,3260
27.095,3217
27.09,2985
27.09,2976
27.12,3545
27.12,2970
27.185,3035
27.1,3809
27.23,2670
27.35,2235
27.36,3069
27.42,1841
27.29,5157
27.36,5526
27.39,8289
27.315,20563
27.04,5178
27.01,1678
27.3,1725
27.44,1317
27.43,1392
27.3,723
27.32,2502
27.11,2551
27.215,3474
27.19,4264
27.17,1362
26.85,1315
26.95,2631
26.74,2638
26.72,2959
26.69,2164
26.71,1242
26.785,3218
26.8,6297
26.78,1175
26.79,1884
26.765,2406
26.755,1566
26.64,3179
26.64,3960
26.64,8607
26.66,850
27.06,739
26.885,1241
26.825,1205
26.805,2983
26.805,1567
26.75,941
26.67,1114
26.72,2232
26.65,614
26.63,444
26.72,3569
26.745,343
26.75,802
26.82,1472
26.97,273
27.01,567
27.07,596
27.1,2746
27.13,955
27.12,2171
27.17,709
27.14,2314
27.07,2019
27.12,4807
27.13,12231
27.15,564
26.9,873
26.73,6848
26.58,2307
26.585,609
26.71,1897
26.68,3047
26.55,2539
26.57,750
26.605,482
26.55,436
26.52,2194
26.58,949
26.64,1444
26.64,246
26.65,135
26.665,1816
26.77,2436
26.77,1168
26.84,583
26.83,1110
26.75,150
26.75,700
26.71,1850
26.71,3515
26.73,18514
27.33,336
27.26,840
27.24,4043
27.505,1591
27.36,4910
27.55,5145
27.31,7623
27.25,2883
27.34,2743
27.23,3421
27.21,1918
27.285,7999
27.18,3750
27.22,384
27.26,293
27.35,4772
27.54,2754
27.555,2801
27.435,1006
27.47,1749
27.51,1758
27.47,1752
27.57,6697
27.68,6492
27.62,5552
27.45,18858
27.05,832
27.15,4761
26.77,2483
26.605,3759
26.595,4818
26.52,3266
26.655,1488
26.61,3524
26.5,5551
26.48,5114
26.4,5713
26.225,2917
26.36,6133
26.39,4947
26.295,5128
26.3,3136
26.52,3917
26.645,2631
26.51,3573
26.395,3667
26.635,1843
26.655,2785
26.69,2137
26.62,4412
26.41,6545
26.67,35509
25.705,6812
25.595,14098
25.13,12416
25.4,12485
25.835,8696
25.705,4802
25.83,2968
25.95,3814
26.11,4817
26.145,9170
26.285,5078
26.15,6857
26.11,6595
26.11,4794
26.17,4588
26.29,2105
26.2,5168
26.25,1842
26.26,12816
26.215,3456
26.33,6814
26.15,2826
26.245,4658
26.365,8597
26.48,17309
26.525,34123
26.7,1201
26.31,2731
26.57,2677
26.4,3736
26.52,783
26.49,2029
26.47,1776
26.4,4734
26.44,2864
26.48,1244
26.415,3022
26.31,5714
26.19,3856
26.19,3660
26.26,10561
26.22,4322
26.38,7331
26.29,8331
26.48,9358
26.535,8262
26.47,2773
26.24,4051
26.15,16912
26.79,6581
26.44,10671
26.45,29796
25.5,44469
26.04,18043
26.49,15792
26.2,19618
26.085,3336
26.02,3448
26.13,16502
25.79,5842
25.835,10645
25.95,6528
26.03,6967
25.67,9999
25.63,12195
25.55,8779
25.37,6686
25.11,8616
25.04,6978
24.995,20996
24.93,7684
25.12,1825
25.15,11549
24.82,17244
24.71,15371
24.565,10463
24.69,24271
25.28,54751
24.62,5370
24.66,25228
24.46,12576
24.77,11306
24.595,7106
24.645,5164
24.63,6235
24.84,5490
25.05,7206
25.03,7318
25.01,5013
25.08,10506
24.92,2969
24.91,3990
24.91,6502
24.985,6326
24.945,5776
24.9,4519
24.88,5092
24.795,6778
24.71,5799
24.75,15204
24.81,5593
24.65,7538
24.655,11224
24.765,47701
24.39,6708
24.46,7683
24.15,6723
24.17,8642
24.03,8542
24.265,6182
24.26,3140
24.4,4709
24.55,3249
24.46,3115
24.34,6316
24.34,2118
24.36,6612
24.53,4074
24.48,1661
24.38,4548
24.45,2599
24.34,1602
24.35,2011
24.42,2317
24.465,1510
24.44,2300
24.39,2522
24.41,1123
24.305,10193
24.265,17361
24.225,980
24.08,3324
24.29,3216
24.185,2426
24.05,3527
23.865,2069
23.86,3671
23.81,3266
23.735,4410
23.9,1716
23.75,2038
23.785,5464
23.75,4104
23.79,6317
23.8,4414
23.73,5988
23.885,2450
23.91,1775
23.93,2319
23.98,2080
23.945,2744
23.795,1246
23.75,12296
23.795,2370
23.83,6922
23.84,14410
24.23,1259
24.15,841
24.29,3949
24.35,12263
24.48,4640
24.53,3214
24.34,1681
24.45,753
24.465,3182
24.645,11960
24.65,3536
24.7,5761
24.69,4025
24.65,3775
24.85,1996
24.76,756
24.91,4776
25.01,2035
25,4052
25.01,3023
24.96,3428
25.02,4507
25.12,12398
25.3,14878
25.14,13831
24.96,27595
24.765,5425
25.02,4169
24.86,3557
24.78,1930
24.65,3935
24.395,2540
24.38,4776
24.36,3487
24.275,1549
24.44,2944
24.305,2362
24.42,918
24.36,1121
24.44,1779
24.4,1349
24.465,1567
24.53,1297
24.465,3416
24.65,4781
24.555,4401
24.56,13856
24.87,2363
24.88,2836
24.925,7425
24.89,9655
25.01,22504
24.82,3633
24.2,5527
24.215,853
24.145,3247
24.23,3855
24,6072
23.955,4392
23.915,2542
23.825,13818
23.85,5787
23.86,10413
23.935,8678
23.84,3340
23.87,1631
23.83,5902
23.97,6412
23.98,2655
23.98,4692
24.05,2108
24.12,2496
24.14,1241
24.13,1314
24.12,1850
24.09,2675
24.11,5797
24.15,23347