148.98,326
149.61,972
149.48,2787
151.31,422
151.28,939
150.89,308
150.73,583
150.07,941
149.79,439
149.42,1345
149.15,3694
148.16,387
147.68,106
147.88,438
147.35,472
147.3,245
148.2,383
147.87,433
148.34,108
147.78,133
147.97,233
147.27,820
147.52,936
146.99,200
147.15,360
147.03,1142
146.75,1711
147.15,101
147.86,342
147.94,918
147.94,0
148.71,233
148.71,0
148.54,351
148.86,238
148.55,475
149.34,476
149.33,2474
148.86,3390
150.64,838
150.79,405
151.37,585
152.93,542
152.11,448
153.15,133
153.8,762
153.61,238
153.89,526
153.36,987
153.63,3100
153.63,0
153.63,0
153.06,333
153.52,102
153.52,0
153.69,433
153.72,200
153.76,100
153.96,870
153.97,400
153.21,205
153.41,206
153.59,251
153.59,0
153.6,699
153.96,337
153.93,329
154.39,100
154.38,333
154.54,724
154.42,1435
155.38,489
154.8,354
155.14,183
154.97,486
154.68,649
154.28,829
154.13,2580
153.11,3500
152.49,2100
150.66,5017
148.4,3576
147.8,1300
148.54,1501
146.77,2635
147.91,300
148.54,1100
148.19,400
148.47,200
148.53,300
148.25,600
148.4,850
148.1,300
147.81,200
147.92,700
147.88,2033
148.32,200
148.46,301
148.42,400
148.42,0
148.39,300
148.09,100
148.29,300
147.92,300
147.98,200
148.05,200
148.08,100
148.27,200
148.26,500
148.07,100
148.3,200
148.42,400
148.29,1029
148.24,1000
148.02,1102
148.33,3115
148.53,6274
149.85,925
149.99,700
149.3,232
149.72,1000
149.77,1304
149.79,1104
151.96,1167
151.73,700
152.07,504
151.31,300
151.66,100
151.55,200
151.55,0
151.29,200
151.09,100
150.57,223
150.9,100
150.96,400
151.05,481
150.92,800
150.99,233
150.65,400
150.16,300
150.52,200
150.83,300
151.04,300
151.52,550
151.64,100
151.52,400
151.79,500
151.71,300
151.12,300
151.1,100
150.99,100
151.5,100
151.5,0
151.53,672
151.66,1002
150.82,3008
146.72,500
146.22,717
145.97,1100
146.68,1400
144.39,3400
145.63,202
145.82,500
145.38,833
147.04,1100
147.94,400
147.5,400
147.86,200
147.7,510
147.31,300
146.88,300
147.36,300
148.19,400
148.47,200
148.47,0
148.07,400
147.98,200
148.43,400
148.19,1000
147.55,1200
147,600
146.99,200
147.43,300
147.26,1200
146.58,1004
145.68,200
147.5,228
146.15,100
145.99,517
146.14,300
146.68,200
146.42,500
146.55,600
147.22,901
147.14,1910
148.34,1100
147.77,200
147.43,200
147.86,810
146.87,100
146.86,300
145.94,501
146.29,400
146.37,500
147.27,206
147.3,600
147.5,100
148,200
148,0
146.95,500
146.71,200
146.71,0
146.71,0
147.11,200
147.11,0
146.84,100
146.84,0
147.36,200
147.71,110
147.55,800
147.85,100
148.16,600
147.53,200
148.06,300
148.5,376
148.31,200
148.35,421
148.31,560
148.52,100
148.67,300
148.88,500
148.99,301
148.7,2391
148.99,2290
150.48,1000
150.8,1200
152.32,600
152.36,2000
151.65,1100
151.12,100
151.77,500
151.49,403
151.57,1000
152.29,1103
152.33,100
152.22,703
151.77,202
151.77,509
151.57,300
151.23,500
151.08,200
151.44,306
151.38,500
151.14,200
150.97,400
150.97,0
150.86,200
150.87,200
151.24,400
151.53,400
151.53,400
151.72,200
151.58,702
151.61,200
151.21,200
151.12,200
151.09,204
151.42,400
151.44,500
151.24,1201
150.98,1560
150.51,1234
150.54,3794
149.87,5402
146.04,1300
150.09,100
150.54,100
149.98,100
149.68,200
149.54,300
149.54,0
149.54,0
149.39,100
149.56,320
150,200
150.49,300
150.59,100
150.34,100
150.61,100
150.43,200
150.45,100
150.45,0
150.27,200
150.27,0
150.58,100
150.53,100
150.53,0
150.53,0
150.69,100
150.66,200
150.7,300
150.7,0
150.76,150
150.83,300
150.8,500
150.79,200
150.67,100
150.83,100
150.83,500
150.53,400
150.42,408
150.47,2031
151.29,6303
151.64,6833
151.71,2009
150.11,1829
149.78,3048
149.63,2234
149.63,400
149.63,0
149.63,0
149.63,0
149.08,200
149.12,803
149.16,200
149.16,0
149.49,100
150.06,200
150.26,200
149.88,100
150.18,100
150.31,300
150.28,200
150.13,400
150.31,100
150.39,300
150.62,1250
150.88,1200
150.63,100
150.63,0
150.66,100
150.5,300
150.5,0
150.5,0
150.03,100
150.03,0
150.03,0
149.64,200
149.64,0
149.35,1000
149.13,2175
148.91,965
150.39,1397
149.34,300
149.72,500
149.77,300
150.3,1597
150.82,1408
150.5,100
150.49,400
150.65,500
150.58,826
150.91,200
150.88,100
150.88,0
150.8,400
150.81,200
150.81,1340
150.72,100
150.81,300
150.81,0
150.82,706
150.81,100
150.69,300
150.81,994
150.79,123
150.72,500
150.7,443
151.08,600
151.55,100
151.66,100
151.78,200
152.08,100
152.08,0
152.08,0
152.14,200
152.43,600
152.45,908
152.6,5281
152.65,6303
154.8,1817
153.89,300
155.11,801
155.37,4088
155.95,1200
155.48,1300
155.41,1378
154.48,400
155.01,2510
155.58,1533
155.67,1900
155.35,100
155.53,200
155.47,200
155.68,7401
156.14,1101
156.35,1300
156.81,200
156.88,900
157.27,730
157.27,0
156.98,500
157.28,333
157.17,200
157.28,600
157.36,1500
157.59,900
158.7,700
158.02,500
158.63,901
158.71,316
158.94,900
158.85,1402
158.96,703
159.45,1447
159.65,2201
159.89,1955
158.89,5471
158.59,2256
157.79,1358
157.41,2200
158.33,601
158.17,100
158.17,0
157.14,1010
156.5,718
155.96,404
156.47,555
156.25,300
156.78,533
157.19,205
156.99,866
157.39,700
157.39,0
157.39,0
157.59,100
157.75,200
157.41,111
157.63,200
157.63,0
157.88,100
157.65,200
157.79,100
157.79,0
157.56,300
157.93,203
157.88,100
157.88,0
157.99,100
158.09,200
157.81,100
157.93,667
157.96,2600
157.93,2910
157.82,1966
157.83,4258
157.71,6028
157.71,16264
160.23,3400
160.95,2259
161.96,1771
161.49,1629
162.13,1200
162.3,500
162.97,747
162.81,915
162.33,600
162.57,300
162.41,200
162.04,200
162.47,300
162.38,400
161.58,200
161.67,500
161.86,200
161.89,100
162.11,500
162.23,500
161.83,600
161.41,1800
161.17,469
160.95,1000
161.49,100
161.18,500
161.3,500
161.61,200
161.59,100
161.8,400
161.9,700
161.9,0
161.84,633
161.83,710
161.69,900
161.4,2300
161.65,2700
161.41,3411
161.63,5323
161.41,2109
161.74,200
161.77,900
161.46,400
161.57,100
161.54,100
161.58,4333
159.82,300
159.68,700
159.57,300
159.44,400
160.07,100
160.42,200
160.39,257
160.57,100
160.58,200
160.78,600
160.79,500
160.68,703
160.63,1300
160.82,900
160.54,100
160.65,1000
159.83,200
159.77,200
159.53,478
159.39,431
159.71,400
159.19,200
159.35,406
159.26,500
159.4,466
159.27,302
159.22,600
159.32,1100
159.25,200
159.08,1237
159.84,3170
160.3,6193
159.18,1333
157.68,800
156.84,400
157.57,300
157.27,1324
157.32,635
157.84,700
157.48,100
158.16,703
158.79,200
158.32,200
158.57,100
158.44,100
158.44,0
158.44,0
158.44,0
158.44,0
159.05,200
159.06,100
159.02,200
158.52,100
158.64,100
158.78,200
158.97,100
159.06,300
158.63,100
158.63,0
158.37,100
158.37,0
158.36,100
158.15,200
158.15,0
157.96,500
157.58,300
157.88,200
157.54,307
157.54,0
158.11,808
158.42,3409
159.34,1503
161.21,812
161.18,300
161.5,100
159.98,200
159.98,0
159.98,0
160.57,224
160.57,0
160.47,400
160.47,0
160.47,0
160.91,300
160.83,200
161.16,100
161.16,0
161.65,400
161.65,0
161.65,0
161.65,0
161.83,300
161.83,0
161.83,0
162.37,200
162.37,0
162.64,300
162.84,500
163.09,1650
162.88,200
162.88,0
162.97,400
163.16,600
163.41,1067
163.45,400
163.66,100
163.62,100
163.82,203
163.53,900
163.48,6075
163.81,800
162.86,1607
163.62,3610
162.66,1400
162.49,5713
162.52,2665
162.66,2522
162.55,1437
162.01,1100
161.26,1844
161.11,500
160.54,200
160.4,500
160.26,700
160.31,412
160.46,600
160.39,300
160.37,400
160.4,310
160.68,100
161,300
160.79,500
160.3,2211
159.78,1006
159.4,1008
159.59,300
160.17,200
159.97,150
160.35,200
160.33,400
160.49,400
160.49,0
160.91,400
161.15,300
161.16,600
161.19,300
161.19,1000
160.82,402
160.88,2791
161.65,1808
161.97,823
161.83,901
162.06,871
162.28,416
162.93,800
163.22,815
163.63,300
163.71,300
163.83,1121
164.22,400
163.27,800
163.91,300
164.43,300
165,200
165.13,100
165.64,200
165.53,900
165.36,200
165.19,200
165.48,601
165.89,3581
166.1,700
165.81,200
165.91,100
166.3,1800
166.73,1650
166.1,300
166.1,0
166.1,0
165.57,200
165.6,300
165.76,100
166.07,200
166.11,983
166.02,300
166.23,1167
166.1,1894
166.06,4707
164.94,200
164.13,1501
164.05,1822
164.4,3518
165.33,2553
163.7,2150
164.64,700
164.85,2000
164.64,900
164.88,1166
164.98,600
164.94,700
165.1,900
165.59,100
165.7,700
165.27,300
165.16,100
165.16,0
165.56,500
165.56,1500
165.75,502
165.78,400
165.52,100
165.52,0
165.48,803
165.06,100
165.14,400
165.15,200
165.47,1100
165.92,500
165.87,400
165.78,401
165.83,100
165.74,1233
165.56,800
165.23,2600
164.99,900
165.08,1400
164.99,14200
163.93,2218
163.07,100
162.78,1800
162.76,1709
162.21,1200
162.03,800
161.89,500
160.74,800
160.59,800
160.42,1000
161.37,400
160.36,300
160.32,500
160.32,0
160.79,116
160.46,200
160.26,660
160.26,0
160.29,400
160.66,200
160.68,110
160.73,300
160.73,0
160.46,100
160.46,0
160.32,633
160.05,628
160.16,600
160.3,900
160.53,200
159.73,100
159.71,100
159.63,100
159.43,462
158.99,500
158.76,500
158.65,1426
158.78,200
158.73,1827
159.98,300
160.07,100
160.07,0
159.83,100
159.96,500
159.82,100
159.56,400
159.38,500
158.62,210
158.8,1600
159.07,1200
159.4,100
159.41,1300
159.19,1000
159.19,0
159.32,300
159.01,400
158.94,500
159.18,100
159.27,560
159.46,300
159.74,100
159.74,0
159.89,100
159.75,300
159.75,0
159.75,0
159.75,0
159.75,0
159.24,300
159.24,0
159.25,1335
159.4,200
159.68,400
159.68,0
160.13,200
160.24,1325
160.23,1322
160.39,3405
160.43,452
159.27,117
158.58,635
158.6,212
159.05,513
159.09,828
158.66,1556
158.68,648
158.68,0
159.12,1210
159.55,686
159.93,521
160.19,1430
160,300
159.83,310
159.83,0
159.95,541
159.95,0
160.03,146
160.18,906
160.18,0
160.09,100
160.09,0
160.22,599
160.22,0
159.71,103
159.34,100
159.29,191
159.22,100
159.22,0
158.92,203
159,101
158.9,100
158.9,0
158.98,300
158.84,207
158.77,595
158.77,737
158.85,1889
159.09,582
157.53,710
157.08,1798
157.16,437
156.47,1295
155.83,708
154.59,1165
154.98,2069
154.92,2893
155.27,443
155.39,669
155.08,411
154.15,115
154.2,562
154.21,101
154.6,100
154.63,710
154.66,510
154.54,112
154.54,0
154.83,102
154.83,0
155.44,206
155.63,268
155.63,0
156.34,717
157.02,377
157.6,835
157.27,118
157.01,649
157.09,781
157.26,545
157.4,954
157.4,0
157.18,1011
157.1,141
156.76,765
156.93,1830
157.19,7367
155.1,599
155.22,706
154.32,974
154.54,1462
155.71,974
155.9,1728
155.53,1480
156.06,846
156.02,560
156.31,1006
156.14,200
156.32,500
156.49,359
156.61,443
156.95,164
156.93,634
156.93,0
156.54,447
156.29,234
155.86,303
155.99,401
155.92,304
155.72,333
155.42,136
155.7,101
155.7,0
155.28,501
154.88,1279
156.23,2291
154.96,573
155.22,201
155.22,617
155.08,1172
155.71,405
156.17,140
156.79,586
156.39,1274
156.65,324
156.25,2820
155.65,659
154.83,570
154.84,2239
154.28,2199
153.18,1345
153.36,416
153.15,1734
153.28,1235
153.32,1696
153.17,3265
152.98,2916
153.01,3164
152.88,1494
152.49,1108
151.69,1016
151.2,531
151.2,252
150.69,1358
150.53,704
151.52,700
152.14,1105
152.49,1128
152.28,674
152.11,240
152.28,904
152.39,652
152.99,1563
153.18,999
153.28,1166
153.33,5868
153.57,2836
153.87,952
153.94,1043
154.08,1489
154.55,830
154.67,801
154.9,849
155.1,3487
155.22,8157
152.3,1451
152.86,1684
152.17,1522
152.65,2719
152.09,2791
151.44,853
151.38,1591
151.28,1769
151.83,1141
151.71,2081
151.67,507
152.27,752
152.22,200
152.22,0
152.6,305
152.59,200
152.59,0
152.51,466
151.98,407
151.56,1178
151.32,347
150.84,813
151.17,688
151.29,233
150.98,1332
151,920
150.64,311
150.64,208
150.56,505
150.37,1052
149.94,1337
149.58,2495
149.79,1731
149.75,865
149.72,3057
149.95,1489
149.9,3338
150.06,1932
149.79,14187
150.63,1321
152.11,1821
152.31,301
151.42,134
151.72,2263
150.91,1253
151.55,1617
152.52,1758
152.66,582
152.76,200
152.19,379
152.12,2992
152.35,3746
152.6,266
152.52,405
153.04,433
153.17,509
152.79,442
152.79,0
152.76,200
153.01,806
152.53,420
152.96,819
152.86,134
152.94,330
152.92,558
153.46,323
153.51,2089
153.14,133
152.79,300
152.68,1094
152.41,383
152.32,2940
152.56,987
152.49,2156
152.16,1395
152.26,2776
152.1,1776
151.92,4979
151.79,415
151.4,689
151.53,1265
150.22,1794
150.76,863
151.1,805
151.12,233
151.18,103
151.68,432
151.93,137
152.2,302
152.2,0
152.15,268
151.44,479
151.4,235
151.4,0
151.78,153
151.53,200
151.66,267
151.86,200
152.19,1001
152.35,510
152.35,0
152.36,433
152.49,512
152.82,200
153.22,401
153.19,783
153.15,334
153.06,133
153.06,0
152.48,137
152.48,0
152.66,470
152.66,0
153.14,399
153.02,336
152.96,775
153.09,2691
154.59,2200
153.94,725
154.26,2344
155.03,1884
155.82,780
156.23,430
155.96,302
155.96,0
155.96,0
155.96,0
154.73,713
155.22,241
155.32,1573
155.81,599
155.76,506
156.07,853
156.38,147
156.38,0
156.41,110
156.41,0
156.41,0
155.97,104
155.97,0
156.22,200
156.22,100
156.14,612
156.14,0
155.84,100
155.72,210
155.59,710
155.86,152
155.79,200
155.84,222
155.84,0
155.63,226
155.66,574
156.19,421
155.49,2890
154.76,5791
156.53,912
155.43,408
155.18,1148
154.88,2433
155.11,893
155.26,857
155.27,1496
155.22,3148
155.73,833
156.21,829
155.37,1580
155.33,443
155.82,333
155.69,816
155.46,237
155.62,372
155.74,842
155.9,266
155.7,333
156.26,546
156.23,809
156.49,100
156.35,604
156.25,2540
156.25,0
156.33,1857
156.29,508
156.59,101
156.32,241
156.34,400
156.48,506
156.53,928
156.38,2729
156.6,578
156.5,1541
156.65,300
156.7,2129
156.62,609
156.64,4173
158.36,1587
159.02,1927
158.63,2993
158.5,1910
159.5,876
159.59,638
159.48,858
159.34,2291
159.2,1097
159.1,1392
159.49,600
159.12,155
159.23,3118
159.23,831
159.27,421
159.05,1546
159.05,0
158.92,957
158.65,273
158.72,486
158.23,1737
158.38,120
158.37,571
158.54,457
158.54,0
158.54,0
158.84,301
158.64,352
158.36,345
158.33,1548
158.33,0
158.19,683
158.23,1390
158.39,240
158.16,319
157.91,992
157.86,839
157.52,3973
157.08,15678
158.53,1469
157.6,234
156.93,559
157.26,1342
157.57,400
158.34,485
159.32,869
159.18,1078
159.84,402
160.33,200
160.41,433
160.64,1530
160.95,301
160.32,333
160.32,0
160.7,439
160.61,499
161.19,268
161.16,550
161.26,304
161.4,666
160.86,233
160.59,133
159.83,238
159.94,133
159.95,760
159.97,133
160.06,350
160,133
160.16,333
160.23,100
160.25,210
160.25,0
159.9,601
159.76,412
159.94,308
159.9,401
160.07,1341
160.18,4271
160.53,632
160.03,1306
160.38,513
160.17,1467
159.38,866
159.83,272
159.79,270
159.09,765
158.47,844
158.66,378
158.44,123
158.68,549
158.09,100
157.88,504
157.84,463
158.01,234
158.04,301
157.75,905
157.75,0
157.77,330
157.78,100
157.83,450
157.83,0
157.8,339
157.85,386
157.85,343
158.05,1035
158.21,105
158.21,243
157.9,319
158.05,1819
157.84,836
157.71,800
157.89,518
158.04,826
158.15,1037
158.28,101
158.2,962
158.17,3287
157.44,605
157.74,300
157.8,833
158.18,1383
158.23,523
157.79,1439
158.34,741
158.03,335
157.92,576
157.95,166
157.95,460
158.48,246
158.46,640
158.46,0
158.46,0
158.37,137
158.37,469
158.37,0
158.55,246
158.48,541
158.47,538
158.43,505
158.39,204
158.39,0
158.13,137
158.1,343
158.1,0
158.08,100
158.12,773
158.1,342
158.07,300
158.08,100
158.14,919
158.35,524
158.54,282
158.63,798
158.49,1155
158.71,2217
158.97,8816
160.63,1354
160.7,409
160.84,607
161.33,444
161.78,887
162.16,989
162.09,663
162.36,411
162.35,833
162.21,100
162.3,467
161.82,366
161.92,413
162.36,424
162.08,583
161.8,438
161.77,100
161.54,303
161.96,105
161.9,403
161.82,533
161.62,500
161.5,399
161.4,748
161.43,300
161.63,1202
161.56,300
161.74,472
161.68,723
161.54,122
161.96,808
161.72,405
161.9,1368
161.9,0
162.05,510
161.93,1594
162.02,828
162.12,2989
162.27,5879
161.71,731
162.32,501
162.2,100
161.94,692
161.86,2074
162.05,706
162.03,179
162.38,520
162.65,377
162.32,672
162.81,323
162.79,878
162.44,193
162.15,100
162.15,0
162.15,733
161.97,1072
161.56,333
161.34,3966
161.02,400
161,100
160.93,661
160.64,657
160.81,104
161.04,133
161.34,100
161.33,314
161.1,242
161.1,0
161.1,0
161.2,100
161.2,0
161.37,100
161.11,204
161.11,0
161.24,200
161.29,208
161.33,607
161.31,2278
161.63,1636
160.14,314
159.69,1334
159.09,101
158.69,400
158.16,462
158.06,1270
157.95,389
157.95,616
158.28,200
158.12,352
158.41,1066
158.57,200
158.83,100
158.8,100
158.8,0
158.21,449
158.17,111
158.37,102
158.14,500
158.4,253
158.4,0
158.4,0
158.4,0
158.4,0
159,400
159.18,503
159.17,622
159.01,403
158.84,200
158.84,0
158.91,323
158.9,211
158.85,287
158.96,211
158.67,336
158.77,904
158.7,2079
159.3,5444
159.36,1601
161.62,273
160.44,804
158.89,302
158.68,210
157.96,972
157.9,623
158.09,932
158.41,687
158.49,457
159.18,570
159.48,1967
160.27,973
160.62,918
160.6,320
160.81,489
161.39,799
161.43,209
161.63,1534
161.61,154
161.36,570
161.07,318
161.5,200
161.07,134
160.72,133
160.72,0
160.95,336
161.11,558
160.86,247
160.69,333
160.59,1647
160.16,411
160.49,1246
160.42,345
161.45,524
161.13,592
160.87,101
160.86,293
160.74,3510
156.23,5096
156.13,6181
154.8,2028
154.85,1567
155.96,900
155.66,1325
156.3,733
156.4,628
155.91,598
155.87,714
157.1,996
157.17,201
157.91,201
157.94,543
158.59,102
158.49,712
158.44,100
158.23,300
158.55,204
158.55,0
159.06,117
158.72,750
158.72,0
158.85,120
158.88,274
159.04,683
159.04,0
158.09,327
157.87,101
157.4,271
157.47,129
157.77,535
157.55,426
157.94,1060
157.73,1260
158.13,396
158.27,2570
158.06,2403
157.85,6042
160.96,786
161.08,944
162.49,1216
163.3,1692
164.58,3230
165.79,791
165.21,1391
164.42,610
163.81,1206
163.81,0
163.89,235
164.16,1242
164.71,589
164.99,437
164.69,124
164.7,624
164.66,457
164.62,100
164.83,100
164.95,590
165.24,780
165.4,1037
165.23,115
165.06,287
164.88,255
164.64,100
164.67,100
164.57,336
164.52,318
164.72,250
164.95,236
164.79,270
164.97,741
164.7,736
164.7,0
164.84,235
164.76,3275
165.96,4260
166.16,3173
166.49,12267
172.51,25993
174.21,29769
175.44,25813
177.08,33078
176.05,11507
177.32,33495
177.53,6894
176.35,49007
179.9,27512
177.85,3740
178.69,4399
179.58,2708
180.4,2847
181.42,4111
181.29,4676
180.58,864
179.92,556
180.15,1060
179.56,2315
179.64,8147
179.31,5043
178.7,4026
177.84,3776
177.6,3022
177.34,390
177.5,534
177.75,1716
177.67,1060
177.68,2625
177.63,539
177.72,1022
178.33,2514
178.76,11091
178.77,3233
178.45,1203
179.01,3605
178.33,3304
177.71,9573
176.23,3916
178.28,2442
175.12,1263
177.1,1673
176.2,926
175.36,3090
175.63,1891
175.22,3545
174.93,1391
174.95,1731
175.55,2078
175.76,747
175.76,0
175.38,147
175.86,105
175.53,251
175.52,253
175.76,687
175.89,101
176.01,636
175.46,300
175.43,317
175.81,665
175.58,202
175.29,120
175.44,1023
175.58,1664
174.38,2042
174.41,248
174.27,266
174.27,0
174.26,153
174.27,277
174.85,576
174.66,337
174.46,479
174.13,224
174.71,822
174.75,2800
175.24,1710
179.34,3686
178.41,1046
177.64,1955
178.29,563
177.71,241
175.64,473
174.41,2087
174.86,539
174.96,735
174.58,1716
174.3,413
174.16,2409
172.96,1261
171.79,2093
172.31,672
172.31,0
172.5,336
172.83,455
172.63,225
172.72,204
172.72,0
173.13,421
172.79,682
173.16,100
173.32,207
173.28,100
173.3,385
173.31,675
173.1,600
173.01,999
172.64,627
172.68,724
172.43,1926
172.55,206
172.29,2222
171.7,913
172.2,1195
172.11,4176
173.19,5392
176.95,2508
175.28,957
175.31,2113
176.14,2255
176.08,1340
177,1658
177.91,1052
176.9,3246
178.71,4823
178.49,946
178.88,2065
178.54,2053
179.26,2791
178.85,800
178.32,1755
176.72,512
176.66,434
176.66,1540
176.6,208
176.61,1184
175.76,487
175.41,552
175.43,843
174.82,1316
174.17,433
174.04,702
173.82,818
174.11,366
174.45,740
174.9,501
175,497
174.88,408
174.87,855
174.73,1573
175.15,689
175.7,1677
175.75,2398
174.91,6089
177.31,2570
174.6,1000
173.71,2323
173.11,6487
172.1,6788
171.68,2712
171.92,1506
172.59,612
172.75,243
173.44,554
173.07,508
172.52,4417
172.48,1814
172.73,869
172.48,1636
172.73,2145
172.71,1898
172.65,958
172.05,446
171.61,233
171.97,200
171.91,613
172.05,417
172,804
171.25,1283
171.28,207
171.09,504
171.17,1334
171.47,2139
171.47,1903
170.59,1824
170.45,800
170.51,1048
170.24,4279
170.37,2344
170.5,1694
170.04,1946
170.23,2021
170.37,10565
163.44,7995
161.88,3069
162.57,5771
162.24,8097
162.34,6616
162.02,11944
163.06,6283
164.55,2574
165.47,1322
164.66,2567
165.23,1347
166.46,2428
166.97,1751
167.58,1564
168.91,1623
169.5,2132
168.35,268
167.86,300
167.24,423
167.41,588
167.13,859
167.9,1440
168.09,1289
167.81,2676
167.7,350
167.18,149
167.53,539
168.33,487
167.37,515
167.45,1090
167.49,141
167.18,578
167.54,221
167.09,321
167.4,977
167.1,1535
167.24,2087
167.47,3560
167.86,10661
169.86,710
170.02,805
170.81,2567
172.46,2238
173.24,3411
175.43,2007
175.48,3267
175.89,849
174.85,1215
176.14,748
176.49,1171
176.49,443
176.25,842
176.85,221
176.93,876
176.9,766
177.48,1655
178.09,364
178.01,450
177.73,477
178.12,689
178.12,0
177.73,581
177.47,1864
176.61,1185
176.77,404
176.6,434
176.58,206
176.43,185
176.38,512
176.41,644
176.5,396
176.4,230
175.94,597
176.35,536
176.79,415
177.13,773
177.31,2691
177.07,4482
182.82,3973
184.62,2426
184.81,4311
185.95,5611
186.79,5918
184.59,3593
182.18,2864
182.64,2284
181.1,2565
181.52,1444
181.19,948
181.47,878
180.6,1437
180.68,744
180.73,1172
180.42,1400
180.32,1131
180.78,444
180.37,1499
179.91,1530
179.65,940
179.83,980
180.16,773
180.19,618
180.34,1235
180.25,566
180.09,606
179.72,1308
179.63,1292
178.92,1002
179.14,565
179.95,2101
179.99,828
180.31,1245
179.92,1587
180.48,1799
179.62,2676
179.42,3285
179.26,10951
180.67,1477
181.25,1171
182.36,1802
183.09,2476
182.26,1545
182.61,3164
182.04,2058
181.73,2191
180.95,1515
180.58,978
179.17,748
179.47,729
180.39,495
180.18,1023
180.18,0
180.25,200
180.06,321
180.07,1949
180.63,622
180.66,604
180.96,643
181.36,511
181.43,428
181.05,536
181.24,448
181.1,557
181.26,690
181.51,1365
181.98,310
182.05,438
182.15,449
182.06,977
181.82,1035
182.55,393
182.1,100
182.44,1279
182.4,1070
182.1,2281
182.18,8384
181.82,839
181,1796
180.31,6030
179.07,3363
178.05,4727
176.01,2397
176.89,3353
177.05,3040
178.03,688
178.22,838
178.18,1796
178.52,366
178.34,846
178.22,2058
177.97,602
178.03,704
178.17,1022
177.8,680
177.77,771
177.96,622
178.15,781
177.9,1160
177.89,476
178.22,251
178.15,601
178.44,718
178.45,131
178.4,575
178.78,1110
178.63,585
178.68,840
178.88,490
178.83,849
178.95,355
179.01,2379
178.93,880
179.24,1012
179.3,909
179.66,4279
180.86,1810
181.42,1379
181.61,2299
182.83,2678
181.53,1622
181.87,2251
181.95,31447
182.2,13442
182.37,732
181.42,1353
182.11,523
181.81,379
182.22,290
182.67,1382
182.96,2024
182.88,1955
182.87,1783
182.74,921
182.89,1104
182.89,1913
182.64,1904
182.58,735
182.6,610
182.5,1715
183.02,508
183.08,931
182.95,1399
183.43,1837
183.33,1217
183.35,1444
183.46,603
183.47,592
183.43,1320
183.39,2213
183.38,233
183.6,979
183.75,4383
183.67,4198
183.79,6517
180.81,15139
177.99,1347
181.15,2647
180.86,1143
179.65,104
179.99,731
179.97,675
180.06,411
180.55,356
181.17,515
180.16,422
179.31,632
178.74,508
177.58,1039
176.85,1665
176.29,4095
175.69,2074
175.14,1307
175.06,1243
175.53,1203
176.09,1202
175.86,1285
176.12,534
175.81,321
175.55,336
175.55,0
176.23,767
175.9,972
176.02,666
176.55,355
176.45,559
176.45,0
177.21,429
177.75,723
177.8,818
177.78,494
178.11,1293
177.84,2301
178.39,4872
179.29,933
181.07,229
181.22,685
181.34,745
181.14,1178
180.39,450
180.14,1079
180.56,862
181.38,444
182.14,100
182.38,741
182.61,312
182.72,400
183.23,867
183.19,1033
183.1,269
183.28,1141
183.75,774
183.58,1014
183.58,0
183.58,0
184.15,834
184.05,721
184.04,622
183.76,1192
183.04,505
183.19,601
182.6,995
182.87,421
183.38,200
183.99,414
184.19,208
184.42,480
184.26,1150
184.52,372
184.47,729
184.52,962
183.84,1055
183.58,2504
186.43,4389
188.93,3298
191.48,10083
194.98,12102
196.39,7546
197.18,8413
198.4,2935
197.78,3440
196.84,4790
197.34,13863
196.31,5023
195.6,4177
195.71,4575
194.66,3854
194.97,1871
194.43,1318
194.82,2538
194.84,2336
193.91,2767
193.6,2196
193.11,423
193.34,755
192.78,1083
192.5,1392
192.36,2073
191.81,408
191.78,558
191.64,694
191.71,465
191.4,563
191.61,690
191.46,1482
191.59,1403
191.31,1116
191.09,341
190.98,1064
191.18,1433
191.6,2195
191.56,4521
191.22,2071
194.76,2111
195.27,2646
194.35,2941
195.45,2121
194.29,2919
193.18,1832
192.51,2225
192.41,1293
191.78,959
192.47,937
192.34,1774
192.78,2431
194.05,408
193.79,300
193.66,730
194.38,624
194.32,619
194.56,419
194.12,201
194.49,554
193.95,308
194.22,100
193.87,200
194.23,200
194.17,841
194.69,404
194.72,932
194.54,300
194.36,530
194.51,1059
194.1,711
194.2,617
194.18,1117
194.86,741
194.5,773
194.85,1288
194.26,1008
194.67,4498
196.7,2396
196.21,2027
194.82,540
194.94,932
195.96,2115
195.94,1350
195.74,1689
195.54,727
196.12,1855
195.5,3592
195.64,2956
196.7,6177
196.28,1029
195.63,1362
195.63,2282
193.96,691
193.67,1217
193.51,1812
193.71,646
194.75,202
194.96,407
195.67,199
196.26,833
196.26,0
195.61,302
196.05,471
196.05,0
196.05,0
196.14,699
195.88,100
196.34,440
196.45,200
196.44,434
196.34,185
196.25,216
195.66,214
195.82,806
195.59,1155
195.48,5753
194.66,1555
192.81,633
191.41,1712
192.88,696
192.88,0
195.58,694
195.52,1182
195.49,1301
195.4,1040
194.47,405
194.3,400
194.61,1557
194.65,783
194.39,1054
194.52,569
194.19,270
193.53,1061
193.42,1222
192.83,1377
192.97,401
192.94,551
192.78,200
193.14,392
193.09,683
193.61,679
193.9,655
193.55,565
193.1,435
193.55,440
194.03,1304
193.79,775
194.27,1003
194.24,103
194.34,695
194.54,433
194.97,201
194.89,336
194.78,907
195.25,2799
198.08,2284
199.64,969
196.31,836
196.74,1212
198.78,957
199.83,725
198.7,730
199.21,1539
198.69,10417
198.25,13796
198.6,953
197.69,506
198.34,948
197.83,1251
196.32,505
196.06,134
196.53,387
196.52,410
196.12,833
196.59,524
195.97,312
195.97,0
195.74,200
196.06,356
196.05,530
195.54,355
195.69,434
195.7,257
195.73,1634
195.47,1060
195.66,290
195.59,245
195.6,698
196.23,347
196,689
195.88,202
196.19,324
195.54,3099
194.96,6312
198.43,13373
204.31,9212
201.57,10821
202.92,13352
203.65,4206
204.26,5276
203.91,2186
204.23,3402
206.95,3280
208.28,5766
209.91,3735
208.24,6091
213.04,6248
210.89,2852
208.84,6494
209.35,5940
210.91,3291
210.09,1280
208.58,1255
207.31,1118
206.78,879
206.86,1367
206.57,769
206.92,1059
206.79,1044
206.73,1413
206.34,1924
206.06,3156
206.38,1995
207.34,2696
207.06,1959
206.98,3496
207.11,2490
206.76,2617
207.84,2687
207.91,613
207,1060
207.08,1919
206.47,8828
209.6,3335
209.02,2079
205.34,1646
207.35,2549
208.75,4761
210.15,2646
210.31,5756
209.58,1649
209.19,1764
210.09,1425
209.49,911
210.02,4249
210.32,1368
210.67,2777
211.34,2863
212.83,4727
212.32,2394
212.49,2807
212.77,1242
212.26,2159
212.46,574
212.68,1039
213.44,772
213.23,302
212.31,1293
211.89,662
212.23,817
212.74,1257
213.14,747
213.09,1158
212.94,361
212.89,1450
213.56,1291
213.65,585
213.88,827
214.06,1074
214.55,2693
214.51,2929
213.25,3244
211.92,2300
211.45,1842
211.27,535
212.02,3879
212.74,2598
212.29,1003
213.16,1657
213.46,1759
214.31,1534
214.43,1871
214.55,1627
215.14,1798
216.81,3433
216.71,1703
217.26,2069
216.15,1105
216.8,404
217.21,1346
217.26,820
217.1,887
216.46,585
217.12,633
217.29,287
216.9,110
217.16,341
217.22,1054
218.27,765
218.08,305
218.71,745
218.87,207
219.19,492
219.41,763
219.32,464
219.33,523
219.16,115
218.85,465
219.42,844
218.47,1402
217.76,11575
221.95,1656
222.1,2292
222.34,3048
221.97,1234
223.32,1451
224.06,2509
226.33,6382
225.09,2793
227.41,1943
226.3,1712
226.94,4286
227.22,597
228.17,1681
226.68,1987
227.15,1525
227.54,651
227.28,2121
227.02,2923
225.55,2210
224.51,4497
223.99,5487
224.25,3208
225.08,1707
225.01,1887
224.94,5486
223.79,3131
223.58,699
223.93,747
223.29,1348
223.5,1112
224.04,552
224.8,153
225.53,1282
225.65,880
225.7,827
225.19,1542
225.96,2514
225.78,5811
225.8,16720
227.24,10932
223.08,4049
226.1,437
224.01,4233
221.46,3653
221.76,4213
221.21,1519
222.53,1421
222.79,2263
221.29,5210
219.8,4549
219.79,1503
220.24,513
218.95,4584
216.07,3467
217.65,1945
218.33,1007
219.31,1183
219.29,116
220.49,118
220.22,221
220.22,0
220.22,0
220.33,391
220.25,200
220.4,403
218.63,200
218.51,413
219.58,512
218.94,567
219.28,321
219.32,205
218.83,492
220.13,104
220.57,1077
220.96,834
219.85,2273
220.78,1049
222.24,2860
221.87,2694
220.4,1738
219.34,7549
219.51,7828
217.91,8012
218.42,2708
220.17,4350
221.06,4777
222.33,4839
221.15,4924
219.65,3345
220.08,4082
219.82,2540
220.83,1829
220.88,520
221.74,740
221.9,4213
221.97,704
222.24,2085
221.83,1260
221.58,451
221.78,1899
221.79,1401
221.78,1390
221.47,867
221.9,845
222.16,201
221.93,3456
222.61,2078
222.58,1081
222.14,1418
222.94,3699
223.34,1708
223.57,1364
223.67,723
223.95,738
223.78,2308
223.46,1176
223.48,7213
224.78,2656
224.1,1795
223.23,4215
223.39,1140
223.36,291
225.31,241
225.31,460
225.35,1156
225.86,3223
226.06,1459
225.1,517
224.87,1354
223.36,402
223.57,700
223.89,333
223.92,971
224.26,793
224.27,2308
224.05,802
224.26,335
224.15,379
223.41,309
223.53,200
223.6,534
222.94,1015
222.88,600
222.69,1103
222.43,1355
222.16,1298
221.89,1095
222.02,727
222.24,1244
221.49,580
221.79,850
221.84,2509
221.87,1777
221.51,356
221.82,517
221.89,2622
218.95,2604
215.27,2756
215.75,5782
213.89,16392
209.95,4256
209.27,2394
210.63,2027
212.55,861
211.86,1301
211.24,912
211.38,132
211.79,5854
211.77,4911
212.38,6605
212.35,6462
212.56,2558
212.14,4155
212.36,860
212.24,616
212.44,793
212.56,812
212.28,433
212.98,872
213.12,1037
213.18,713
212.7,5058
212.13,868
212.53,1596
213.06,1732
212.49,796
212.43,608
212.05,810
213.43,503
212.66,707
212.89,230
213.18,981
212.54,2219
212.35,2045
212.99,6601
207.24,3066
209.18,1418
207.23,7070
204.6,7473
204.43,2298
207.36,1196
207.32,1005
207.2,1406
206.48,586
206.55,1456
205.14,650
205.28,304
205.49,1677
203.81,573
204.54,2961
203.11,1662
202.85,1986
202.82,1401
201.99,2313
201.16,2902
199.91,2292
199.79,1450
200.89,717
200.67,912
201.34,1477
200.8,2552
200.83,365
201.6,1368
201.65,1573
201.34,1356
200.4,1735
200.42,852
201.05,1694
201.77,1087
202.41,902
202.9,707
203.31,1785
203.74,3352
203.91,7691
204.38,597
205.66,442
204.26,1731
209.06,1019
207.94,537
209.02,2102
207.43,6769
208.53,3248
207.88,1989
207.88,2457
207.93,2392
206.4,1429
206.32,1945
207.08,2048
205.85,536
206.36,670
206.36,0
205.28,118
205.82,100
206.05,100
206.46,411
206.82,200
206.87,304
206.37,100
206.85,201
206.94,276
207.53,200
207.76,502
206.97,200
207.33,210
208.1,410
208.06,259
208.27,214
208.16,300
208.54,297
208.58,763
208.01,868
207.33,769
206.6,4034
198.88,2267
202.83,1620
204.07,6100
202.38,4181
203.52,6776
204.18,4430
203.74,1987
202.59,1854
202.25,898
203.18,2440
201.87,1112
202.14,1231
202.08,1082
202.32,2063
203.23,780
203.43,202
202.26,691
202.29,363
202.15,606
202.45,400
202.72,200
201.83,601
201.55,623
201.61,900
201.14,1703
201.59,648
201.59,509
200.99,1023
201.26,138
201.45,384
200.71,711
200.82,180
200.52,434
201.72,411
201.88,377
201.95,876
202.36,573
201.47,3038
201.4,5625
202.28,2801
205.01,3942
206.41,8995
204.14,10535
204.01,7998
203.22,1459
204.2,1895
205.03,1308
204.88,599
204.73,517
205.32,944
205.25,1461
205.88,4080
205.02,117
204.99,971
205.95,1024
205.05,256
205.65,400
205.89,200
205.9,574
206.31,374
205.75,358
206.04,1666
206.4,1773
206.65,1234
206.41,126
206.55,1001
206.79,705
207.2,880
206.81,1736
207.08,2046
206.15,747
206.18,1528
206.78,943
206.95,885
207.21,778
207.41,1792
208.19,3265
208.28,9686
212.4,1589
212.97,1586
214.46,2077
213.64,2404
215.27,2910
215.2,1218
213.5,1017
214.34,1762
214.52,621
214.68,2300
215.54,3412
216.11,550
215.96,1785
216.67,1939
216.9,721
217.05,540
216.84,436
216.24,905
216.43,392
216.35,577
216.02,1208
216.02,0
216.59,718
217.19,849
217.19,0
216.24,336
216.33,105
216.61,191
216.38,233
215.98,137
216.05,211
215.87,208
216.1,226
216.12,1503
215.79,1109
215.37,485
215.64,1462
215.61,1535
215.84,6902
215.52,7398
212.73,8210
212.03,2332
211.18,6327
212.87,1728
211.96,1998
213.68,488
213.99,3363
214.63,1519
214.68,820
214.25,698
214.65,722
214.57,565
214.36,519
214.36,525
214.36,0
215,435
214.79,550
214.79,0
214.79,0
215.5,452
215.53,193
215.53,0
215.49,772
215.49,0
215.57,100
215.7,288
215.7,0
214.98,554
215.36,185
215.41,422
215.34,258
215.62,464
215.59,784
215.76,373
215.82,929
215.8,1565
215.57,1562
215.52,6913
216.22,1533
218.33,4829
218.69,848
218.84,2679
219.92,1918
220.93,1175
222.68,2216
224.17,6660
224.92,2609
226.07,5263
224.91,1306
224.89,1719
224.1,896
224.86,1656
226.04,2062
225.68,630
226.02,1607
226.64,1522
226.08,582
225.18,651
225.38,670
225.32,320
226.7,2835
226.55,1320
226.03,1882
225.91,2213
224.7,915
224.41,775
224.66,414
224,612
224.46,1630
224.01,205
224.06,2235
223.92,1279
223.37,872
223.38,1612
223.02,3661
222.61,4499
222.17,11922
219.19,1267
219.74,2592
221.61,603
222.49,2204
222.87,401
223.08,1496
221.35,1169
220.25,676
219.74,816
218.54,1171
220.35,462
220.87,920
221.05,602
222.08,604
222.01,1119
221.72,484
221.71,400
221.52,435
221.46,223
221.46,0
221.46,0
220.92,100
221.07,250
221.07,0
220.75,874
220.91,1162
220.39,802
220.19,1369
219.51,1086
219.21,1520
219.24,969
219.04,660
218.7,329
218.61,236
218.7,114
218.93,930
218.37,1282
218.1,1138
218.05,3313
220.12,817
221.34,837
222.38,2734
222.33,2037
221.87,2334
222.13,1609
222.62,1795
222.35,2637
222.58,1100
222.95,1319
223.9,781
223.28,324
223.28,0
222.34,1157
222.77,502
223.59,945
223.47,3514
223.52,978
223.12,1147
223.05,719
222.96,1151
223.02,345
223.02,0
224.15,406
224.33,114
224.28,721
224.65,235
224.11,100
224.2,521
224.25,105
224.16,521
224.26,100
224.14,680
223.8,133
223.93,210
224.03,775
223.96,549
223.55,2562
223.68,2197
229.55,1664
230.43,1590
226.97,606
228.09,553
229.37,445
229.16,520
229.03,387
230.15,698
230.15,0
228.48,351
228.48,0
228.56,12142
227.86,1172
227.7,101
227.61,607
227.94,1006
227.69,1486
227.46,2530
227.47,201
227.53,341
227.46,427
227.07,100
227.09,649
227.09,0
226.24,107
226.59,486
226.42,102
226.47,4324
226.06,690
225.6,402
225.36,559
225.02,380
226.03,607
225.4,730
225.33,2258
225.19,1337
224.85,1975
224.14,1416
224.54,3769
223.31,1336
221,7758
219.57,3627
219.58,2096
218.65,1208
219.25,721
219.36,2353
221.32,520
221.49,725
221.54,647
221.67,615
221.86,834
221.64,957
221.87,215
222.12,211
222,295
222.09,114
222.09,0
222.43,214
222.93,100
222.7,100
222.7,0
222.7,0
223.07,476
222.7,150
223.04,349
223.11,127
222.77,100
222.73,411
223.01,138
223.01,0
223.01,0
222.85,157
222.99,1005
223.07,1045
222.76,1395
223.16,1120
223.48,718
223.42,2209
222.84,1056
223.77,551
223.5,389
222.54,1068
223.48,916
222.09,505
222.54,3252
221.9,363
224.26,144
224.63,522
225.11,369
224.35,202
225.41,394
226.01,110
226.22,622
226.85,100
226.85,0
226.76,233
226.64,217
227.33,216
227.46,360
227.32,106
227.46,221
227.32,258
227.41,178
227.96,837
227.96,0
227.96,0
227.27,193
227.15,100
227.05,506
227.05,0
226.64,341
226.68,1415
226.68,0
227.04,2103
226.8,1947
226.61,1085
226.3,7734
227.38,364
229.11,1222
230.22,1377
231.62,714
230.44,1480
232.68,858
232.18,608
231.96,1443
233.15,1373
233.4,2021
233.81,1174
234.3,1177
233.45,516
233.77,1714
233.11,215
232.89,731
231.97,408
231.43,557
230.96,185
230.96,0
230.85,432
230.56,679
230.64,350
230.28,143
230.25,442
230.33,117
229.75,258
229.38,338
229.37,240
229.5,338
229.5,0
229.69,672
229.62,401
229.79,216
229.52,2628
229.78,938
229.78,0
229.86,1510
229.49,3211
231.1,454
230.01,220
231.06,218
229.12,1969
228.6,501
229.61,1094
227.38,1764
226.76,544
227.27,1161
228.4,1011
228.4,0
227.71,316
227.71,0
228.24,482
228.64,408
228.05,253
228.24,111
228.57,509
229.03,200
229.09,1322
229.09,0
229.09,0
229.84,463
229.82,140
229.89,259
229.8,624
229.8,0
229.58,143
229.5,452
229.5,159
229.26,256
229.44,395
229.53,572
229.52,796
229.56,2411
229.31,1262
228.93,2223
228.69,1254
228.91,5217
226.43,1454
226.83,4561
227.09,1105
226.56,1426
226.22,2348
227.07,3849
227.64,1818
227.48,517
226.88,1282
226.27,609
225.48,602
225.54,1069
226.12,842
225.78,1210
225.4,748
225.4,0
225.18,210
225.24,400
225.24,0
225.96,517
226.33,545
226.29,337
225.64,550
225.79,1004
225.59,2423
225.64,583
225.91,1495
226.09,1446
226.04,1881
225.95,612
225.91,3211
225.68,1436
225.44,2392
225.42,1488
225.54,614
225.84,1211
225.59,1238
226.45,3949
225.74,4038
229.25,3671
227.65,2623
227.77,2576
227.32,2790
226.74,3115
226.46,3486
224.82,1320
224.36,1852
223.76,1416
223.24,1562
223.9,2829
222.51,1010
222.97,1533
223.31,1540
223.04,1597
224.16,1994
226.04,1268
226.69,1687
227.24,2001
226.91,2383
227.62,1169
228.16,1390
227.15,396
226.57,583
227.16,1158
227.7,1167
227.15,661
227.18,1010
227.32,768
227.01,955
226.35,669
226.79,1143
226.72,798
226.63,989
226.49,735
226.19,657
225.65,1765
225.96,2165
226.06,3124
226.17,2007
227.34,616
227.37,1355
227.22,2311
229.18,560
230.32,3105
230.48,6143
231.57,2951
231.56,5130
232.59,7899
233.98,231
232.15,635
231.77,885
231.77,0
232.41,1865
233.43,605
234.05,811
233.04,100
233.2,387
233.17,295
233.17,0
232.85,100
232.91,100
232.17,104
231.46,509
231.45,1534
231.57,681
231.52,1609
231.82,204
231.82,0
231.36,343
231.36,0
231.19,653
231.26,118
231.34,101
231.3,1295
231.24,643
231.39,1473
230.87,4084
235.3,8363
237.66,8280
238.1,4952
235.82,3481
235.71,3786
236.28,5418
235.38,6431
234.63,1468
234,2221
233.21,498
232.66,1156
233.39,677
234.2,1032
234.45,288
234.25,868
233.93,198
233.92,151
233.71,799
234.55,553
234.35,300
234.29,254
234.29,0
234.26,210
233.91,100
233.57,1239
233.57,489
233.49,302
232.58,482
232.56,414
232.56,0
231.54,1016
230.97,1322
231.07,737
231.07,300
230.76,706
229.99,376
229.17,1051
228.34,1411
228.21,2651
226.94,4431
226.3,5103
223.31,7175
218.23,14135
217.28,5446
217.67,4302
216.9,9986
216.72,4877
218.25,4672
217.69,2298
215.39,4409
214.14,2668
212.92,3483
212.98,4447
210.81,4462
210.67,2368
210.83,3773
212.34,6361
212.41,4709
213.22,1412
212.71,2041
213.06,4938
214.1,1633
213.82,724
212.93,1004
212.24,723
212.17,633
212.13,1269
213.23,1200
213.48,303
213.26,429
213.68,1430
214.54,4412
216.22,2162
215.99,1057
215.36,602
215.71,2085
215.91,3797
216.19,8992
219.65,1595
217.81,1543
218.03,1911
218.01,3105
218.59,2393
219.28,3320
218.67,1592
218.86,640
219.86,1151
219.4,2157
219.34,825
219.86,364
220.03,514
220.14,235
220.41,918
220.5,172
221.61,333
221.44,858
221.86,843
220.31,101
219.57,100
218.94,466
218.26,933
218.48,424
217.55,515
218.11,140
217.93,100
217.93,527
217.31,852
216.53,602
216.87,1449
217.19,399
217.19,0
217.19,0
217.63,294
217.63,0
217.38,1579
217.22,1923
217.36,4991
218.67,1865
219.06,1149
220.92,2743
221.63,2465
222.18,1001
220.64,204
220.69,1107
220.27,599
220.68,1419
220.79,230
221.3,1062
221.16,224
221.2,862
221.67,1033
221.67,1326
223.3,2485
222.62,827
223.1,1141
222.34,746
222.01,1836
221.34,1013
221.06,1013
220.83,520
221.14,330
221.29,201
221.61,422
222.01,496
221.63,3303
221.67,1365
220.72,2075
221.15,1625
220.86,1974
221.16,3313
220.73,2831
220.77,4069
220.94,4116
220.93,5692
221.36,7249
221.39,13613
219.48,4461
217.39,1625
217.13,605
217.14,1260
217.13,1627
216.6,532
216.84,1125
216.63,3353
214.93,5556
214.13,1286
214.53,1032
215.11,1580
215.58,405
214.97,113
215.27,630
215.2,602
215.55,100
216.61,217
216.84,209
216.58,306
216.84,201
216.84,443
217.23,520
218.24,478
217.74,400
217.87,100
218.02,670
218.34,756
218.71,591
218.52,547
218.48,526
219.17,1302
218.82,818
218.97,1711
218.81,1806
218.36,997
217.99,1536
219.14,3547
218.37,5696
216.92,4800
216.02,2817
216.06,4367
215.76,6286
215.85,2779
214.5,2170
214.35,877
214.01,2809
213.57,300
213.08,1306
211.79,1262
213.89,506
212.86,1712
212.72,2165
213.51,1430
213.6,296
213.44,1622
213.11,354
213.77,493
213.87,304
213.11,100
212.86,446
213.11,151
212.99,745
212.54,440
212.85,338
212.26,113
212.33,444
212.79,613
212.82,810
212.87,1547
213.55,1098
213.64,938
213.53,389
213.26,408
214.02,1068
213.86,1625
214.61,3629
214.83,10698
203.45,14015
205.75,6996
206.22,1487
204.89,2547
205.1,1732
203.53,6027
202.11,6286
203.07,1418
203.1,1681
202.19,4365
202.08,3119
201.02,3922
201.31,1757
202.99,1727
203.15,798
202.16,2184
201.2,2249
201.27,783
201.48,2353
201.92,2387
200.93,3118
200.19,3368
199.69,2550
200.83,200
200.76,642
200.31,351
201.29,1212
201.5,212
200.08,557
199.63,243
199.7,541
200.53,307
200.45,2753
201.18,586
201.16,793
200.84,1312
201.98,2834
202.61,5131
203,16884
207.96,1765
207.18,1124
206.81,1612
204.36,3471
204.42,1460
205.02,2042
205.46,1907
204.07,1509
202.24,3275
203.36,1688
204.42,2524
203.79,1101
204.09,200
204.69,205
204.69,0
205.21,200
206.47,301
206.74,200
206.46,801
206.23,333
204.68,100
205.57,734
205.57,0
205.73,415
205.44,252
205.44,0
205.78,219
205.98,234
205.91,200
205.53,239
205.53,0
206.06,100
206.33,101
206.61,333
206.69,300
206.41,160
206.24,537
206.75,562
206.08,2040
205.88,1285
207.65,1771
209.2,502
209.59,985
208.58,889
208.44,902
209.14,599
210.39,1241
210.38,209
210.81,438
210.83,235
211.45,605
212.23,1500
211.9,1087
211.5,219
211.99,663
212.01,669
212.34,531
212.47,538
212.33,100
212.51,468
211.71,200
210.96,364
211.16,260
211.16,0
211.66,410
211.66,0
212.87,212
213.24,671
213.53,762
214.18,1560
212.92,1627
212.08,670
212.57,768
212.74,844
213.19,523
212.77,594
212.64,1842
212.25,3544
215.81,953
218.03,1177
217.4,2523
217.05,1606
217.06,689
216.17,2288
215.22,740
215.69,672
216.77,2849
217.3,2940
217.21,4354
217.68,615
217.4,203
216.65,320
216.67,305
216.67,0
217.33,487
217.69,1223
218.14,2161
218.69,1317
218.69,1510
218.9,1864
219.32,1932
218.62,533
219.4,1064
219.69,886
219.38,324
219.38,0
219.38,0
219.38,0
218.1,360
218.18,822
218.08,383
217.81,333
217.69,512
217.73,225
217.31,485
217.42,419
216.71,2687
214.95,461
214.76,1853
213.57,1182
215.43,493
214.77,523
215.79,831
216.21,385
216.32,200
216.71,141
216.02,676
215.68,304
215.68,0
216.15,200
215.77,100
216.1,324
216.28,203
216.68,112
217.06,310
217.11,100
216.65,210
216.74,1013
216.89,100
216.68,585
216.68,0
216.6,834
216.6,0
216.6,0
215.81,100
215.54,100
215.54,0
215.54,0
215.54,0
215.26,204
215.41,110
215.13,252
215.36,978
214.95,1093
214.5,1722
214.9,5942
213.93,1024
209.14,1122
210.18,553
210.2,1285
209.71,1904
208.45,1056
210.82,274
210.1,130
210.58,430
210.58,0
210.76,490
211.14,663
211.6,203
211.43,121
211.43,0
211.43,0
211.1,241
210.8,595
210.45,451
210.45,0
210.24,350
210.14,1303
210.14,0
209.79,100
209.46,110
209.81,133
210.27,100
210.38,244
210.38,0
210.78,122
210.38,110
210.38,0
210.38,0
210.38,0
210.61,360
210.08,508
209.88,275
209.95,713
209.92,6578
207.55,1390
205.72,371
205.5,1198
205.57,2409
205.67,3180
203.96,837
204.68,550
206.08,710
206.87,691
207,749
206.02,322
206.16,259
205.8,547
205.9,237
205.16,1030
205.44,418
205.4,678
205.4,154
205.7,346
205.48,104
204.81,1731
204.54,308
204.89,233
205.87,111
205.69,521
205.16,638
204.69,201
204.51,589
204.34,1758
205.23,113
205.31,442
205.6,593
206.5,828
207.37,738
207.71,358
206,235
205.81,675
205.09,2323
204.88,3619
205.87,690
205.65,200
207.27,982
208.67,1283
207.9,196
207.83,393
206.81,460
207.45,315
207.74,390
207.08,509
207.94,421
206.79,211
207.05,100
206.52,152
206.52,0
207.04,300
206.59,102
206.67,291
206.74,381
206.74,0
206.77,100
206.91,352
206.91,0
207.15,787
207.15,0
207.02,571
207.43,480
207.35,285
207.35,0
207.76,236
207.79,115
207.94,334
207.65,233
207.57,210
207.62,221
207.72,302
208.03,880
207.32,1204
207.28,3968
212.67,1143
214.87,1181
215.29,1330
214.76,326
213.78,461
213.78,0
212.57,742
212.57,0
211.29,1041
210.43,1410
211.11,378
212.25,1193
212.46,1197
210.97,3074
210.16,1449
210.16,0
209.44,447
209.64,137
209.04,1770
209.04,1528
208.37,2413
207.84,2647
208.64,1557
208.18,1544
207.74,988
208.37,479
208.85,202
208.71,1242
209.23,278
209.09,238
209.58,414
209.59,115
210.28,348
209.58,682
209.33,427
209.49,1435
209.26,1107
209.36,2601
207.96,4499
208.66,1509
207.2,2451
204.54,4350
203.57,3401
201.08,5097
199.97,2163
200.08,305
200.5,486
202.03,743
202.36,201
201.62,300
202.99,301
203.21,2191
203.61,1353
202.99,394
202.5,501
202.32,200
202.49,249
202.6,754
202.82,401
203.8,201
203.53,111
204.53,106
204.66,260
204.66,0
205.67,346
206.26,1325
205.93,1489
205.89,1524
206.27,811
206.19,361
206.56,100
206.38,424
207.02,213
207.61,224
207.64,340
206.84,1804
207.11,1004
207,7121
207.88,510
206.12,601
206.55,688
207.76,1603
205.76,2432
204.77,1758
203.9,801
203.34,414
203.11,1158
202.53,370
203.02,100
201.92,411
201.87,709
201.35,200
202.62,775
203.17,400
203.57,101
203.59,200
203.81,822
203.13,1169
203.56,300
203.33,233
203.79,197
203.64,300
203.87,537
203.76,200
203.76,200
203.79,200
203.75,300
203.54,216
203.54,362
203.52,200
203.83,101
204.2,105
203.54,444
203.8,1538
203.73,683
204.09,743
203.84,3940
205.38,597
207.01,832
207.25,100
206.78,1925
207.8,1843
209.71,1455
210.42,3308
211.09,1649
211.18,1457
211.27,441
211.13,624
211.3,1652
211.39,410
211.18,3471
209.99,1804
210.59,1840
210.16,280
209.89,3679
210.06,904
210.03,1388
210.08,1318
210.23,516
210.49,823
210.83,312
210.74,211
210.73,638
210.83,989
210.79,1109
210.77,609
210.65,1746
210.81,333
211.03,212
211.15,908
211.02,133
210.87,300
210.87,0
211.07,1373
210.59,1830
210.14,8861
207.12,1985
206.96,939
204.8,1962
203.52,511
204.11,2178
204.1,391
204.41,1043
203.99,644
204.56,233
204.57,615
205.5,704
204.34,502
204.92,200
205.27,200
205.27,0
207.02,401
206.09,302
206.14,464
206.55,300
206.75,528
207.14,667
207.21,1159
206.58,571
206.58,0
207.89,1878
209.12,1219
209.13,422
209.21,616
210.05,223
210.25,1258
210.28,999
210.71,434
210.2,949
209.88,423
209.77,460
209.75,412
209.87,693
209.17,237
209.56,4375
213.75,1187
213.48,756
213.58,610
214.34,602
213.94,1863
214.52,100
214.04,818
213.87,2104
213.54,481
213.54,0
212.87,435
213.28,304
212.91,227
212.91,602
212.91,0
212.59,467
212.59,0
212.32,110
212.32,0
212.8,290
213.11,238
213.11,226
213.3,106
212.79,114
212.79,0
212.79,0
212.79,0
212.79,0
210.91,107
210.45,108
210.39,784
210.73,100
210.95,230
210.26,100
210.93,398
210.77,139
210.99,314
210.58,1684
210.08,3217
208.65,557
208.22,1714
207.46,1066
208.53,368
208.53,1405
207.72,1918
206.64,9497
206.33,5329
205.81,1956
205.79,2070
206.79,1493
205.99,838
205.7,341
205.4,2479
204.83,505
204.31,2341
203.78,1650
203.81,1116
203.92,1378
204.24,100
204.39,934
203.85,1176
203.67,1192
203.02,852
202.9,903
202.6,986
202.25,1094
202.5,959
202.88,557
203.24,668
203.24,0
203.54,1035
203.29,204
203.26,1746
203.49,1640
203.22,1670
202.84,3455
202.5,3123
202.87,11786
203.55,7325
202.87,3605
203.4,3057
203.84,3197
205.13,1679
206.42,1808
206.85,1803
206.72,1576
206.15,2143
206.07,750
205.89,631
205.9,302
206.03,633
206.33,604
206.38,1295
206.37,1363
205.98,1334
205.27,505
204.66,621
204.69,506
204.6,1871
203.95,300
204.06,656
203.89,600
203.21,346
203.66,301
203.4,200
203.73,646
203.77,1064
203.9,526
203.63,2066
203.08,802
203.37,453
204.11,1402
203.52,503
203.32,920
203.3,1887
203.3,0
202.98,2925
204.79,950
204.44,100
205.78,620
206.63,705
204.86,422
203.82,501
203.94,655
203.94,0
204.92,353
204.14,694
204.27,311
203.64,2217
204.02,851
203.68,214
204.57,577
205.15,200
205.15,0
205.15,0
205.67,268
205.49,264
205.24,500
205.19,100
205.61,100
205.61,0
205.95,101
206.48,109
206.58,208
205.91,437
206.12,100
206.02,200
205.81,101
205.94,670
206.01,417
206.01,0
204.83,102
204.84,366
204.76,355
204.83,944
203.98,6009
208.5,2768
211.67,3495
212.54,2937
211.36,2055
209.26,1802
208.94,1650
208.31,2555
209.37,968
209.83,752
210.1,1834
211.97,1095
212,508
211.24,864
210.4,408
211.02,1625
210.69,100
211.06,194
210.95,200
211.4,307
211.96,733
211.8,206
212.2,735
212.49,125
212.19,241
211.77,300
211.67,100
211.41,108
212.04,818
210.85,204
211.42,100
211.17,473
210.64,613
210.94,260
211.31,347
211.64,251
211.64,0
210.48,1641
211.01,1147
211.01,2559
213.39,11280
213.89,3801
214.81,3889
214.92,2414
216.06,2320
215.62,2123
216.05,1167
215.68,1250
216.59,818
216.3,1337
216.01,1486
216.49,1383
216.4,610
216.48,771
217.56,757
217.5,788
217.23,1146
217.03,544
217.29,478
217.83,731
217.83,644
217.16,133
217.32,700
217.4,905
217.41,641
217.69,1070
218.5,1249
218.83,1340
218.83,612
219.06,977
219.24,1516
219.61,906
219.66,647
219.86,2442
218.88,452
218.26,483
218.64,1961
218.44,606
218.53,4607
221.43,4375
220.8,1714
219.07,1433
219.84,1074
219.34,569
218.96,418
218.05,1088
218.52,628
218.61,202
218.59,910
218,654
217.54,868
217.54,0
217.77,239
217.69,233
217.36,140
217.43,1251
216.95,166
216.68,100
216.71,444
216.92,101
216.8,335
216.47,104
216.62,652
217.12,104
217.06,1102
217.06,0
217.35,436
217.78,204
217.93,617
217.66,1120
217.75,101
217.59,1083
217.76,233
218,202
218.07,771
217.75,1181
217.05,807
216.64,4227
216.31,1241
217.62,2257
221.86,510
222.2,4332
223.22,3682
222.62,1916
222.68,1999
222.59,859
222.02,1159
222.52,1053
222.37,1402
222.37,0
223.04,507
222.88,210
223.09,419
223.86,206
223.5,760
223.44,933
223.34,2070
223.72,346
223.56,509
223.62,729
224.26,1213
224.52,161
224.62,1076
224.22,630
224.33,905
224.13,331
224.15,568
224.42,628
224.53,119
224.87,735
223.83,783
223.72,1048
223.64,722
224.12,1097
223.89,787
223.86,1475
223.97,6632
230.35,2021
229.04,1530
226.87,777
224.79,1081
223.49,600
225.89,1362
224.52,204
224.28,537
224.47,914
225.42,1597
225.78,201
225.78,0
225.78,0
225.78,0
225.78,0
225.58,309
225.54,466
225.08,488
224.78,607
224.72,1650
224.13,3008
224.05,1038
223.17,1233
222.47,1291
221.78,1680
222.74,600
222.74,0
222.42,332
222.58,104
221.89,221
220.85,301
220.94,575
221.31,100
221.06,2414
221.06,0
222.35,660
222.53,971
223.11,3228
223.54,3593
224.17,1305
224.17,0
222.72,1998
222.85,2047
224.08,7097
225.16,4178
225.91,595
225.13,1252
224.26,738
223.93,916
222.85,500
222.8,1067
223.32,701
223.49,352
223.77,523
223.77,0
223.14,105
223.22,100
223.04,315
223.35,125
223.21,303
222.27,102
221.82,696
220.81,463
221.01,574
221.01,0
221.01,0
220.25,349
221.14,100
220.95,253
220.95,0
220.82,887
221.76,1371
222.12,658
222.17,249
222.2,3942
222.11,1908
221.95,1029
222.35,3582
221.22,2693
221.82,2268
221.26,1351
221.57,415
222.37,1584
222.2,100
221.75,269
221.28,573
221.64,1235
220.4,981
219.9,262
219.59,200
218.95,1217
218.59,203
219.24,228
219.13,482
219.66,300
219.66,0
220.25,200
220.64,400
220.64,0
220.64,0
220.35,458
219.96,100
220.81,200
220.81,0
220.26,200
220.26,0
220.26,0
220.57,200
220.74,100
220.74,0
220.74,0
220.95,100
221.17,100
221.41,211
221.34,954
221.08,730
221.01,1740
222.76,100
222.97,100
223.41,495
224.51,887
224.26,690
224.46,200
223.12,106
223.45,203
222.05,268
222.18,390
222.54,1076
221.49,1880
220.13,1276
220.13,0
220.13,0
220.38,125
220.39,1362
220.76,202
220.67,401
220.67,0
220.94,289
220.63,601
220.43,174
220.55,350
220.02,465
220.12,255
219.5,418
219.3,938
219.43,200
219.15,1170
219.13,100
219.13,0
219.09,201
218.78,716
219.05,242
218.63,797
219.3,904
219.13,630
218.98,3687
218.98,0
218.98,0
218.98,0
218.98,0
218.98,0
218.98,0
218.98,0
218.98,0
218.98,0
218.98,0
218.98,0
218.98,0
218.98,0
218.98,0
218.98,0
218.98,0
218.98,0
218.98,0
218.98,0
218.98,0
218.98,0
218.98,0
218.98,0
218.98,0
218.98,0
218.98,0
218.98,0
218.98,0
218.98,0
218.98,0
218.98,0
218.98,0
218.98,0
218.98,0
218.98,0
218.98,0
218.98,0
218.98,0
218.98,0
227.33,4393
223.88,2178
222.21,4093
226.53,2248
226.46,1195
226.59,3554
227.25,885
226.27,1103
226.08,459
225.79,1860
225.4,1665
224.59,4473
224.26,1849
223.31,1610
223.29,1888
223.14,1713
222.5,1652
223.17,1349
223.11,2229
222.54,937
221.81,1117
222.42,998
222.79,416
221.75,106
222.39,1297
222.98,1086
222.65,813
223.56,686
223.39,990
223.84,1058
223.99,2444
223.41,312
223.45,469
223.62,1447
223.89,1062
223.77,2392
223.33,3882
223.61,3243
223.52,11212
223.9,1966
223.98,1276
223.88,934
222.98,2519
222.19,1411
221.14,1746
220.05,824
219.8,2241
220.37,2596
219.61,660
219.68,2080
219.43,103
218.92,330
219.07,306
219.19,1472
219.76,2377
219.86,1689
220.31,729
220.47,946
220.16,219
220.56,1441
220.75,1019
220.92,200
221.23,1187
222.35,855
222.26,819
220.7,110
220.76,623
220.53,904
220.56,143
220.56,0
219.94,895
220.82,105
219.94,325
219.52,2016
218.83,1465
219.06,619
219.44,1903
218.61,9376
220.48,5216
222.71,1193
221.85,1678
222.9,2799
225.07,4984
225.56,2444
225.7,1079
225.58,903
225.93,242
225.35,2786
226.92,1513
227.06,640
227,1774
227.93,1709
227.61,1134
227.84,961
229.3,2149
230.84,1751
228.76,608
229.3,100
229.41,793
228.99,629
228.85,1389
228.85,0
229.9,580
230.47,1978
231.91,1333
231.55,733
231.07,1121
231.39,800
232.3,1424
232.03,1847
231.92,1604
231.77,3780
232.39,1800
232.65,1882
232.06,4150
232.27,3611
231.6,22514
225.96,8069
228,2991
227.8,4390
229.01,1150
231.09,1160
229.61,1100
229.86,1186
231.25,1207
232.01,2820
233.63,1217
233.91,621
232.69,700
231.46,411
231.53,103
231.53,0
232.35,100
232.88,947
233.31,597
233.72,401
233.23,682
233.18,300
232.59,274
232.27,263
232.01,818
232.3,517
232.31,1391
233.41,1071
233.1,1142
234.36,349
234.18,746
233.71,1075
234.09,1113
234.37,1528
234.45,1654
234.44,1070
234.59,2361
235.71,6805
237.35,7253
236.09,31019
240.88,2081
239.98,2376
236.61,1065
238.47,3494
239.58,1924
240.77,1345
241.41,2592
241.27,1287
241.78,1002
240.5,432
241.27,315
241.09,1248
241.11,1123
241.32,264
242.02,380
242.02,0
242.99,935
244.04,538
243.9,793
244.62,766
244.88,617
244.79,751
243.48,1051
242.99,606
242.67,285
243.05,581
242.64,643
241.49,226
241.61,906
241.33,623
240.52,950
240.91,165
241.13,601
240.85,871
241.42,319
241.34,1244
241.89,2108
242.16,2661
242.25,8335
243,2187
244.82,3042
241.09,6306
242.79,1501
242.91,4619
240.73,3027
240.7,1981
239.85,2799
238.55,1694
239.47,1076
239.14,2817
238.47,2060
238.8,3222
238.72,1670
239.67,2447
240.04,2016
241.25,1797
242.71,1854
243.2,300
243.63,1221
244.78,2292
243.05,1313
242.05,501
241.99,273
242.37,1135
243.55,1379
244.95,2080
245.57,2400
245.25,2817
243.78,1524
243.52,1268
243.73,2288
244.68,1960
245.4,7174
245.71,1443
246.19,770
246.86,885
246.77,3993
246.39,8260
245.48,6378
243.28,2910
244.2,1238
246.28,1965
244.31,1590
245.53,506
245.42,557
246.51,1632
247.82,2645
248.2,322
247.39,1377
246.84,200
247.56,1452
247.09,705
246.72,210
246.72,0
246.34,100
246.34,0
245.83,392
245.61,303
245.73,200
246.24,255
246.24,0
246.42,1495
245.6,133
245.97,101
245.81,226
246.17,983
246.62,338
247.77,1250
247.51,1293
248.33,204
249.05,250
248.82,206
249.25,1073
248.9,1608
249.18,3229
248.28,4890
248.85,11497
258.87,5174
251.46,3879
254.9,1569
257.11,1396
258.2,1794
255.67,5740
254.94,1792
255.68,1176
256.51,1404
254.89,1041
254.19,1487
254.2,1422
253.07,1939
253.49,3037
252.59,743
254.46,345
255.42,766
256.07,538
255.9,1086
256.95,880
257,803
257.44,943
257.33,765
257.53,1949
259.1,1010
259.29,1938
259.74,808
259.93,538
259.86,443
260,1476
260.01,1297
259.06,1520
258.95,1442
258.94,2430
258.93,1762
258.99,1907
259.23,3650
259.23,3308
258.51,19548
259.53,1644
255.21,1087
255.53,3640
258.67,3282
257.88,3491
258.57,1348
257.64,1376
258.25,696
259.63,268
259.63,1956
257.99,860
257.99,0
258.07,580
257.89,550
258.37,109
258.44,305
258.36,220
258.14,224
258.24,1080
257.91,267
258.52,451
257.53,720
257.08,203
256.89,678
256.44,176
256.44,0
255.5,873
255.88,109
256.51,110
256.51,0
256.52,407
256.65,308
256.56,204
256.43,230
256.79,114
256.78,232
256.72,1026
257.3,334
257.37,7302
261.39,2002
260.26,733
259.82,1511
259.05,1075
262.4,320
262.4,0
261.52,781
262.4,340
262.92,1241
262.75,691
262.59,743
262.7,201
262.72,212
262.65,509
262.41,6874
262.6,1920
262.93,102
262.5,101
262.89,534
262.89,0
263.05,477
263.12,134
263.27,561
263.45,1022
263.07,320
262.57,201
262.47,100
262.72,100
262.72,0
263.39,790
263.22,1093
263.22,0
263.5,113
263.5,0
263.5,0
263.5,0
264.31,891
264.55,1146
263.45,805
265,1105
266.14,255
263.36,2213
257.86,7666
257.82,1440
258.8,1700
260.2,539
260.15,101
260.11,302
260.48,414
259.39,590
260.07,502
259.4,276
258.42,201
258.35,546
257.52,403
257.92,304
258.02,642
257.26,435
257.07,652
257.07,0
257.03,354
257.66,322
257.66,0
257.95,201
257.33,345
257.33,0
257.21,114
257.12,1070
257.39,100
257.4,550
257.41,349
258.32,214
258.32,0
258.46,101
258.65,261
258.57,224
259.08,2000
259.67,5462
255.43,7399
255.98,1285
256.58,1276
257.33,3703
258.29,5963
253.38,1770
254.42,1208
253.34,426
252.5,1007
253.4,906
253.84,1119
255.26,910
254.14,536
254.53,261
253.52,212
253.32,640
253.32,0
253.32,0
253.32,0
253.32,0
253.85,101
253.64,100
253.68,1120
252.53,855
252.18,250
252.21,2210
252.21,2198
251.1,2563
251.1,0
251.68,145
251.03,1142
251.2,660
251.09,845
250.67,701
251.46,1119
252.15,1702
252.14,4931
252.23,3188
250.55,10612
250.46,718
252.54,412
254.48,840
253.51,3342
253.07,2236
253.08,1730
252.33,1398
253.03,2083
253.78,213
253.23,685
253.17,319
253.5,1100
253.54,454
253.38,100
253.38,0
252.88,845
252.47,253
253.79,3696
255.15,4147
256.04,4973
257.15,1221
256.98,1948
257.94,143
258,354
258,0
257.66,200
257.85,100
257.25,616
258.07,1331
258.2,503
258.29,207
258.38,100
258.38,0
258.38,0
257.24,231
257.24,0
257.45,527
257.54,2107
257.35,10620
256.51,3134
257.68,4055
257.51,2021
258.99,3281
258.1,3431
258.98,1282
258.34,811
258.13,1155
259.28,1052
259.74,249
259.78,312
260.11,2341
259.75,826
259.7,804
260.1,990
260.57,584
260.28,195
260.2,800
260.37,110
260.37,1068
260.29,986
260.29,0
260.34,828
260.34,0
260.13,100
259.69,304
260.63,142
260.63,0
260.81,300
260.68,306
261.05,447
261.22,239
261.26,100
260.9,103
260.96,192
261.22,1000
261.32,2640
261.54,2910
261.1,4458
261.46,2144
254.36,1923
251.62,1057
251.48,1739
253.14,1618
252.73,1107
252.46,505
252.1,579
252.1,0
255.2,218
255.2,0
255.62,100
255.95,251
256.52,449
255.51,100
255.38,300
255.59,333
255.59,0
255.59,0
256.07,511
256.1,101
256.33,705
256.2,300
256.2,0
256.09,100
256.09,0
256.09,0
256.12,1035
255.58,584
255.68,200
255.42,400
256.52,100
256.37,118
256.37,0
257.17,200
256.86,333
256.45,515
256.8,580
256.89,2393
254.35,673
254.35,0
254.72,475
255.31,700
255.31,0
254.34,823
253.49,115
254.93,510
255.63,202
255.63,0
255.63,0
256.7,202
256.47,178
256.67,1124
256.75,738
256.79,305
256.23,552
256.67,250
255.95,540
255.95,0
257.17,1006
257.89,700
257.64,742
257.64,0
257.29,2668
256.99,3125
256.92,1310
256.51,604
256.7,1564
256.99,3314
257.6,3144
257.38,200
257.38,1588
258.01,121
258.01,0
257.86,252
257.73,1111
258.52,1556
258.59,3228
256.16,812
258.46,1674
258.34,102
259.44,441
258.28,246
256.05,518
256.05,0
256.05,0
256.85,310
257.6,697
257.64,357
256.71,949
257.31,433
257.55,308
257.55,0
256.93,279
256.93,0
256.93,0
256.39,100
256.39,0
256.39,0
256.39,0
256.39,0
257.68,714
257.68,0
257.68,0
258.25,510
258.15,1035
257.75,210
257.21,135
257.4,103
257.9,146
257.9,0
257.9,0
257.9,0
257.97,105
257.97,0
257.92,642
257.7,3147
261.25,1041
262.45,1580
259.47,475
259.08,315
258.44,100
256.66,1290
256.38,858
256.48,628
257.34,725
258.86,100
259.08,250
258.78,100
258.78,0
258.78,0
258.58,200
258.58,0
258.58,0
259.66,102
259.31,710
259.09,627
258.6,118
259.01,189
258.9,233
258.9,0
258.58,100
258.46,200
258.46,0
258.62,587
258.73,201
258.73,0
258.52,100
259.4,1314
259.56,957
259.75,2417
259.79,592
259.79,486
259.25,497
259.19,1205
259.62,9386
259,934
260.23,1439
260.92,2838
262.31,995
260.37,1334
260.95,1618
260.42,3562
260.53,1715
259.76,1729
260.74,1744
261.78,1300
261.78,0
261.85,100
262.43,254
262.45,520
262.4,101
262.4,0
262.6,451
263.58,517
263.75,211
263.92,271
264.54,812
264.55,1290
264.59,400
264.59,0
263.53,659
264.57,707
264.81,171
265.33,1422
266.11,982
266.07,2072
266.92,865
266.8,772
267.11,441
267.11,0
267.11,442
266.22,272
266.17,973
265.77,2919
271.58,2379
274.32,813
275.25,590
272.98,1765
272.15,2585
272.31,1641
272.62,1352
272.11,2641
272.78,3448
272.1,1706
269.69,1562
268.69,813
268.47,3959
269.12,6296
269.44,6078
266.16,2040
267.57,2605
268.3,1457
269.27,805
270.3,544
269.83,1038
270.31,2221
270.23,3913
271.44,2388
272.42,1584
272.17,143
271.31,100
271.16,1145
270.69,418
270.12,919
270.53,305
270.4,963
270.8,1000
270.7,1207
270.85,711
270.23,1081
269.79,1954
270.08,11799
269.51,20829
267.56,706
267.4,926
269.95,338
269.09,642
267.35,2765
265.13,1906
263.87,3317
260.49,3654
259.86,2263
258.34,2100
257.74,2151
258.05,1811
258.26,2963
258.53,1647
258.36,3400
258.03,2350
258.11,860
258.11,0
259.99,1777
260.12,1873
259.58,692
258.64,1094
257.85,542
257.5,431
257.69,599
257.32,301
258.12,106
257.5,523
257.5,0
257.44,325
257.2,2694
256.65,4580
257.04,2941
257.34,3545
257.66,2139
257.46,6377
257.95,6301
258.64,7580
259.81,6565
257.6,3861
253.93,664
255.53,333
256.44,1457
257.92,2358
257.73,1165
259.8,106
259.1,1500
258.71,759
258.23,908
258.09,1024
258.19,1019
257.7,1117
257.37,335
257.25,1211
257.06,737
256.69,405
255.66,536
255.87,503
256.39,207
256.42,203
257.5,203
257.72,100
258.73,571
258.73,0
258.9,113
258.86,149
258.73,212
258.05,770
258.05,0
258.05,0
258.65,550
258.65,0
259.21,1081
259.63,1059
259.43,201
259.42,744
259.34,474
259.34,3899
250.44,5975
251.84,1136
250.74,1946
251.89,2572
250.61,3467
253.03,2784
253.45,1200
252.87,1984
252.11,1636
252.2,2071
250.48,918
249.28,1185
250.28,1167
251.95,4181
252.48,2049
252.57,1460
253.36,633
253.24,946
254.06,1396
254.46,2275
253.77,6382
253.77,0
253.77,0
253.77,0
253.77,0
253.77,0
253.77,0
256.45,3261
256.29,918
255.13,1547
257.86,811
257.11,300
257.68,201
255.04,950
255.56,124
255.73,200
256.38,1689
257.39,2135
257.98,1322
256.62,300
256.62,0
258.54,718
258.67,414
259.17,1238
259.07,1031
259.1,1524
259.83,1554
260.02,773
261.01,555
261.08,1288
261.08,0
261.57,200
261.16,210
261.4,215
261.84,1030
261.61,642
261.53,100
261.92,884
261.84,3894
262.14,1557
262.04,954
262.1,510
262.42,454
261.71,666
261.31,1335
261.18,6002
259.53,856
261.82,785
259.73,616
260.72,2252
260.54,944
258.48,772
258.64,115
257.87,587
255.38,200
254.46,748
253.96,2092
253.72,465
253.7,110
252.39,1184
251.69,1220
250.54,3192
251.02,310
252.73,551
252.81,100
252.7,201
252.7,0
252.62,1086
252.62,0
251.66,101
253.02,203
252.83,501
253.9,234
254.33,428
254.91,322
255.06,893
254.72,881
253.98,1115
253.06,428
253.07,100
252.54,330
252.7,1848
251.05,3172
252.05,4232
253.09,13229
256.58,1246
255.32,4047
257.84,300
259.73,493
260.02,530
258.94,1300
259.89,1201
259.15,2622
259.67,2191
260.54,445
259.16,233
259.16,0
257.57,385
258.46,486
257.64,208
257.64,0
257,902
257.22,300
256.49,100
256.09,100
255.73,695
254.9,571
253.53,100
253.53,0
254.03,510
252.66,639
252.99,704
253,684
251.52,237
251.43,233
252.29,444
251.73,104
252.31,418
250.8,1057
249.86,440
248.08,997
248.18,1376
249.05,2172
248.2,4582
243.99,1303
245,957
246.32,946
249.25,637
247.89,287
249.05,1142
249.87,403
247.48,495
246.63,1151
247.32,1598
248.12,740
248.51,1249
248.5,1574
247.67,1793
248.3,2114
247.95,947
249.04,1002
248.92,1811
249.26,2048
248.72,710
248.27,1250
247.03,13691
246.71,1453
246.89,2100
246.17,613
246.38,1893
246.37,11037
247.91,13059
247.32,1043
247.13,227
247.03,1712
246.73,1464
246.5,1343
246.63,1421
246.89,2299
247.17,8273
246.9,6305
247.61,8911
247.21,24789
249.25,2122
249.97,1333
246.25,5171
245.23,1952
240.73,1607
241.28,1201
239.85,3486
237.91,9477
235.32,2609
238.75,3134
238.14,1927
237.61,1311
238.11,2040
237.23,1898
236.28,3064
234.14,2330
234.63,133
236.22,407
236.01,726
237.47,3983
237.5,4015
237.2,2877
237.9,1688
237.47,1173
237.69,5842
237.17,3002
237.6,915
236.93,1529
237.24,679
236.52,1220
237.79,2895
236.12,944
235.61,231
235.41,1341
234.81,559
235.89,1160
236.68,2725
237.11,2507
236.72,8002
236.98,2990
231.28,1906
232.8,3625
230.02,6376
229.78,2566
232.4,669
232.42,785
232.99,632
232.01,306
232.3,210
231.8,1712
232.01,1720
233.13,637
234.41,480
233.73,941
234.67,507
234.55,205
234.55,0
235.01,125
235.34,790
235.72,1122
235.72,0
235.72,0
237.5,233
237.17,201
237.17,0
237.95,204
238.31,520
239.07,215
237.35,203
237.94,243
237.94,0
236.13,207
236.25,326
236.44,701
236.86,1014
236.54,465
236.11,2140
235.67,6547
242.16,1055
246.53,3658
246.25,4961
244.63,1985
244.77,2207
245.99,961
245.16,341
245.65,1025
246.9,926
246.98,100
246.53,820
245.78,1088
245.24,3069
245.06,143
245.23,469
245.23,0
246.15,150
245.73,533
245.76,586
245.76,0
246.75,221
246.81,852
246.32,219
246.32,0
246.7,299
246.85,300
247.23,300
247.25,200
247.51,846
247.46,852
247.25,302
246.85,106
247.02,2285
247.08,765
246.72,312
246.38,1021
245.43,1993
245.12,2168
244.63,6869
247.09,5188
247.89,907
249.62,2508
247.86,1605
245.45,1124
246.98,1124
245.79,708
246.2,100
246.08,837
245.64,2444
245.09,2414
246.48,458
246.88,537
247.22,368
247.22,0
248.62,594
248.9,107
248.9,0
248.57,328
248.64,302
248.37,255
248.37,0
248.37,0
249.16,653
250.13,101
250.32,596
250.2,111
249.28,100
249.31,509
249.31,0
250.1,487
250.12,593
249.86,101
250.74,828
250.74,0
251.16,305
251.24,665
251.08,1901
251.24,5072
247.83,2642
250.35,1483
248.02,919
250.61,868
250.51,160
250.73,526
250.28,1086
248.11,249
247.82,107
247.73,266
247.73,0
247.73,0
249.37,303
249.37,0
248.17,100
247.62,100
248.2,489
248.84,200
248.85,246
248.85,0
248.85,0
248.98,102
249.2,102
248.78,144
248.78,0
247.33,333
247.34,133
247.34,0
247.34,0
247.34,0
247.34,0
245.76,105
245.76,0
245.54,200
245.07,406
245.27,100
245.17,1422
245.23,1251
244.75,6733
246.33,1208
247.24,4406
245.05,1330
244.61,944
245.92,1029
246.22,557
245.61,1179
244.96,1003
244.37,999
244.78,402
244.77,699
244.9,100
245.51,483
246.26,400
247.03,300
247.03,0
247.26,233
247.5,100
247.44,1001
247.44,0
247.44,0
247.67,618
248,100
247.44,200
247.62,443
247.62,0
247.52,233
247.36,200
247.25,599
247.48,100
247.74,208
247.74,0
247.16,344
247.24,100
247.26,274
247.83,773
248.03,1182
248.3,1836
249.05,7712
248.89,1067
245.47,993
243.09,992
242.26,2150
242.27,804
240.03,769
239.31,191
240.38,912
241.93,871
240.62,150
240.71,433
240.12,692
238.1,522
237.51,239
237.07,1110
236.56,666
238.11,370
238.39,169
238.39,0
237.78,424
237.11,621
236.63,504
236.28,611
236.03,335
236.47,311
235.71,548
235.92,433
235.54,359
235.62,438
235.52,1869
235.49,1108
235.3,871
234.75,1137
235.6,1098
235.73,1316
235.42,204
234.96,1172
235.85,1331
235.51,3718
231.91,951
234.17,1171
232.11,2886
233.18,2803
232.36,1477
231.65,4351
232.44,2418
231.19,670
230.04,1621
228.82,500
228.78,771
228.45,1539
229.33,200
229.85,100
229.67,789
227.63,801
227.43,1462
227.58,387
228.22,1110
227.95,1312
227.9,3972
227.9,0
229.14,1107
229.06,316
228.61,100
228.29,3191
228.24,2019
227.81,722
228.92,1094
229.42,565
229.4,312
230.16,224
230.1,627
230.89,850
231.22,683
231.83,378
232.03,1130
232.55,2161
231.15,5008
216.23,4699
217.91,1909
220.1,1317
222.21,3316
223.44,3703
222.97,2229
221.17,2994
222.34,1913
221.66,820
221.06,1088
219.24,2591
219.17,1234
218.32,1598
217.76,1858
217.35,1293
217.52,1721
217.49,1442
216.89,1371
217.67,2448
218.5,850
218.17,346
218.85,404
219.1,604
219.28,400
220.62,306
220.96,100
220.36,677
220.18,2089
222.56,1575
223.76,1397
221.83,678
222.9,1584
222.91,326
222.45,1310
224.24,1107
226.39,2585
226.6,4146
227.53,4367
226.31,7433
229.22,2428
227.72,2854
227.87,412
224.95,3354
223.54,3185
224.81,1977
226.79,4070
226.5,880
225.92,1435
225.37,856
224.32,669
223.68,300
223.79,884
222.87,546
222.75,1130
222.41,404
221.76,2558
221.18,3301
220.88,1577
221.24,1159
221.18,944
220.17,1290
220.84,808
220.84,0
220.84,0
219.96,511
220.89,501
221.29,736
220.89,1053
220.09,4571
218.46,1353
218.29,1070
217.18,2431
217.65,3282
217.08,2531
216.9,3299
218.35,947
219.23,2958
217.94,8237
215.52,1566
212.42,1574
213.18,1259
214.49,3612
212.92,2930
212.17,4702
212.71,4289
214.16,10235
214.25,7856
214.09,8670
214.42,3823
216.72,976
217.71,2734
217.22,3514
216.84,2925
216.01,2401
216.27,913
216.52,1074
217.92,100
217.32,1261
217.35,667
217.27,5961
217.15,3599
217.24,1218
217.24,0
216.76,417
217.79,484
217.87,743
218.13,691
218.39,751
218.37,1445
218.27,2626
218.41,14629
218.27,7710
218.95,8200
218.91,4109
219.17,56480
219.27,11202
217.83,6786
208.76,5335
210.5,8872
209.69,212
208.35,266
207.16,501
209.31,7936
208.7,16172
209.38,19153
209.37,3055
205.97,866
206.06,1877
205.13,2508
204.9,1553
204.79,533
205.97,3106
207.2,2245
207.57,1884
207.55,573
206.93,1092
205.27,589
205.27,0
205.37,923
205.58,751
206.31,551
206.08,1071
206.43,204
205.92,438
205.92,0
205.92,0
206.61,453
205.54,2004
205.37,1230
206.3,421
205.94,510
206.66,250
207.37,1311
206.75,2175
206.26,2791
206.91,5879
206.91,0
212.68,1336
210.53,404
210.69,720
210.05,640
211.8,830
211.8,0
208.96,445
209.9,122
209.39,551
210.31,578
209.4,240
209.4,0
210.48,1284
210.44,1230
210.63,748
210.8,249
210.64,587
211.29,424
211.45,1254
212.06,944
211.67,491
211.29,990
211.25,845
211.13,2339
211.92,1241
211.37,675
210.95,1430
211.38,667
210.8,1210
210.96,846
210.96,0
211.25,308
211.68,295
211.9,256
211.76,809
212.24,344
211.41,423
211.44,4771
213.05,2074
216.7,2034
215.64,2034
214.85,1331
212.46,905
214.46,512
213.64,100
213.61,614
213.6,393
213.65,409
215.03,200
215.42,564
214.64,142
214.57,300
214.23,101
214.54,268
214.88,569
213.32,294
213.74,862
213.16,200
213.37,338
213.26,148
213.56,413
213.5,400
213.55,153
213.22,1447
212.9,200
212.74,909
212.74,0
212.74,776
212.22,100
212.61,201
213.02,435
213.25,203
213.33,708
213.13,419
213.09,1388
213.63,200
213.95,2535
214.42,316
213.76,1778
211.75,445
212.22,1489
212.33,808
212.98,4480
212.93,334
212.75,441
213.3,200
213.17,500
213.74,100
214.17,500
214.39,571
214.64,331
214.95,100
214.95,0
215.31,427
215.31,0
215.23,900
215.55,206
215.62,100
215.8,101
215.98,200
216.03,392
216.03,0
216.65,300
216.99,168
216.67,401
216.67,0
216.33,100
216.36,365
216.3,477
216.79,1914
216.56,3235
216.5,120
216.35,361
216.29,1191
216.49,726
217.29,8573
217.94,766
219.19,497
217.82,1639
215.97,2148
215.92,414
216.61,813
217.62,602
217.81,1726
219.17,2274
219.12,936
219.12,534
218.63,615
218.79,817
218.42,526
218.97,1028
219.54,419
219.46,403
219.53,582
219.79,300
220.04,545
220.42,1205
220.59,623
220.13,330
220.37,1127
220.6,209
220.46,533
220.52,327
220.46,823
220.73,738
220.52,542
220.72,706
220.81,638
220.54,1223
220.34,879
219.97,683
219.61,755
220.18,1264
220.15,1330
220.65,5751
222.31,1253
221.15,1256
220.64,1001
222.88,1169
221.45,2396
220.73,812
221.33,544
221.33,0
221.44,110
221.29,213
220.53,253
219.05,384
219.63,563
220,308
221,507
220.8,210
220.37,506
220.61,204
220.61,0
220,200
220.15,100
220.07,410
220.37,680
220.44,856
220.68,720
220.79,1158
221.08,731
221.31,1658
221.02,512
221.43,1649
221.75,1206
221.57,218
221.38,312
221.44,216
221.49,473
221.83,487
221.4,114
221.54,453
221.12,2462
221.12,0
220.01,536
216.49,660
216.49,0
217.32,112
217.32,0
217.37,320
218.16,257
218.4,200
219.18,680
219.41,200
220.04,1264
219.72,519
219.36,555
218.89,236
218.53,167
218.53,0
218.27,236
218.3,100
218.37,203
218.37,0
218.37,0
219.53,315
219.53,0
219.53,0
219.88,259
219.88,0
220.47,100
220.12,206
220.15,123
220.15,0
220.15,0
219.76,262
219.76,0
219.82,544
219.54,489
219.86,456
220.43,1934
220.58,3795
221.16,106
220.14,283
221.48,210
222.89,134
223.58,541
223.13,104
223.2,311
223.99,314
223.22,201
222.75,300
223.58,351
223.46,500
223.63,333
224.02,1990
224.41,725
224.37,233
224.37,0
224.48,100
224.44,100
224.46,243
224.46,0
224.33,826
224.25,1005
224.05,400
223.54,207
223.54,0
222.81,201
222.96,1764
222.51,134
222.67,250
222.88,319
222.88,0
223.63,313
223.53,848
223.28,960
222.94,995
223.18,238
222.95,503
222.22,1833
222.22,0
223.14,353
223.54,110
224.35,120
224.41,234
224.41,0
223.17,1537
222.36,377
222.36,0
222.69,313
222.59,387
223.27,704
223.28,211
223.28,0
222.99,1046
222.29,1711
222.33,1168
222.05,540
222.09,600
222.27,762
222.21,1216
222.25,449
222.19,387
221.9,200
222.12,209
222.15,743
222.16,103
222.3,500
221.77,100
221.77,0
221.77,0
221.54,100
221.47,200
221.47,0
221.47,0
221.47,0
222.2,295
222.13,928
221.78,1363
225.08,3784
221.94,3284
219.8,750
222.24,1315
220.51,1631
219.78,1303
219.25,3589
218.45,580
218.96,1449
218,533
217.98,1535
217.67,1190
218.82,1119
219.86,2799
222.42,2744
223.38,2365
224.63,1398
225,2231
225.8,1749
226.22,475
226.26,1488
226.08,1445
226.07,2454
225.18,1385
223.21,1007
223.44,2006
223.61,207
224.13,160
224.07,588
224.6,277
224.7,671
224.17,561
224.25,456
223.75,1302
224.79,1620
224.68,2139
224.72,6787
223.91,2038
224.28,5739
226.78,823
229.33,3050
232.91,3184
233.06,1356
231.14,2888
233.18,2461
234.54,2033
232.31,858
232.48,1745
229.19,3206
228.75,2428
228.54,1015
227.44,2935
227.06,342
227.5,468
226.9,454
226.14,524
226.98,6590
227.47,604
228.44,928
228.87,1001
228.95,494
229.17,834
229.3,1178
229.11,516
228.79,200
228.62,700
228.27,200
228.72,986
229.67,456
229.85,208
229.87,420
230.54,301
230.7,414
230.67,360
231.11,224
230.42,814
230.32,771
230.08,4460
227.47,1028
229.6,1235
229.93,1508
230.97,1588
232.98,656
232.36,652
233.17,1157
231.71,737
232.25,1455
232.47,1556
231.87,676
231.87,0
230.69,847
230.69,0
230.58,647
231.2,733
230.98,108
230.95,536
231.44,1043
230.17,289
229.03,220
229.03,0
227.29,896
227.13,483
227.84,633
228.38,1493
228.65,1456
229.84,2361
228.34,1346
227.64,1396
227.85,975
226.9,1288
226.61,1320
226.23,5952
223.88,125
223.63,576
223.16,3043
224.48,3486
224,7802
222.12,3223
222.8,3590
221.23,1386
217.91,2838
216.19,2620
216.88,1097
219.84,1626
219.67,903
219.69,1702
221.93,357
221.79,615
221.83,785
220.98,116
221.4,977
221.35,208
221.35,0
221.35,0
220.72,335
220.62,646
221.23,324
221.78,549
220.95,283
220.52,410
220.09,237
219.38,461
220.21,233
220.21,0
219.42,468
219.85,526
219.46,218
219.14,200
219.14,0
219.78,410
220.25,565
220.66,505
220.39,744
221.31,1990
220.84,1600
221.23,7516
222.03,512
222.34,1103
223.83,1423
224.64,1648
223.63,2866
223.49,1262
223.26,939
221.77,627
220.61,1176
221.46,1351
223.12,958
222.65,200
224.7,718
224.39,100
225.1,434
225.06,201
225.7,852
226.11,631
226.11,0
225.37,102
225.4,133
225.19,413
224.45,318
223.59,144
223.66,344
222.88,793
222.4,2500
222.4,0
222.4,0
221.62,639
221.62,1339
222.45,283
222.51,461
222.25,1631
222.63,408
222.87,1836
223.39,2923
223.81,3059
224.13,3208
219.3,617
218.39,785
216.88,1088
216.5,4349
215.23,2804
213.49,1644
214.19,1228
212.69,828
211.73,708
212.45,1438
212.73,885
213.68,200
213.88,200
212.34,362
212.32,204
211.69,317
211.23,700
210.66,655
209.69,711
208.7,690
210.3,461
209.87,1159
210.74,1309
211.18,877
211.32,920
210.54,727
211.73,614
211.55,1252
212.05,391
212.23,673
212.56,1297
213.63,706
213.01,1135
213.41,1162
213.18,1481
213.45,1335
213.13,869
213.08,1723
213.7,3099
216.2,4289
217.67,2327
217.61,3631
219.97,5146
222.68,4333
220.91,2233
220.78,2545
219.18,1778
219.74,2029
220.68,1124
221.23,1629
222.98,1806
223.85,1380
224.35,1542
225.25,5938
225.11,1790
225.04,1081
225.6,818
224.75,401
224.3,200
224.94,200
225.02,370
225.52,270
225.52,0
226.11,1855
226.11,0
226.91,100
227.02,751
226.67,1256
227.35,495
227.59,935
227.83,699
228.25,1708
227.6,1024
227.37,344
227.88,789
227.48,504
227.57,437
227.4,4926
233.79,10685
231.66,5440
232.4,443
231.31,1588
234.09,1075
233,380
232.8,3517
230.2,273
229.77,1005
229.67,1070
227.81,1446
228.19,510
228.88,257
229.27,1054
229.27,0
227.85,133
227.7,773
228.56,528
228.85,685
229.61,320
229.61,0
229.61,0
228.65,773
228.65,0
228.65,0
228.65,0
228.59,2480
227.87,648
227.72,1124
228.74,222
228.77,227
228.82,416
229.27,397
228.9,1267
228.84,463
228.62,1215
228.86,882
228.68,1618
229.24,7449
231.41,180
231.36,477
232.87,4286
231.73,412
231.17,1247
229.9,100
229.26,358
228.17,444
228.43,100
228.02,403
228.65,208
228.65,0
230.26,110
230.6,259
229.91,239
229.21,100
228.71,271
227.41,158
226.92,608
227.76,333
227.76,0
226.82,1553
226.71,893
226.91,2762
226.11,1429
226.51,106
226.9,131
226.98,101
226.71,225
226.71,0
225.44,130
225.4,310
226.1,336
226.12,277
224.72,316
224.85,767
225.1,254
223.83,1816
223.06,3535
223.06,0
221.84,383
222.08,884
221.96,216
222.79,1045
222.79,100
221.75,613
221.75,0
219.22,106
219.22,0
218.45,422
218.72,200
218.72,0
218.72,0
218.72,0
219.42,1268
218.8,176
218.69,173
218.69,0
219.14,302
219.14,0
217.82,617
217.82,0
217.27,296
217.5,101
217.5,0
218.33,201
219.49,952
219.49,0
219.38,242
220.32,233
220.45,600
220.72,203
220.72,0
220.15,461
221.6,148
221.71,2056
221.37,622
221.67,574
215.8,359
215.91,519
215.79,1334
217.35,832
219.55,260
217,1101
216.31,130
216.8,740
215.68,221
215.27,441
215.04,598
214.98,335
215,303
215.51,540
216.17,100
215.61,212
214.48,327
214.5,707
214.5,0
213.61,155
213.46,225
213.06,566
212.96,770
212.91,573
213.43,115
213.83,648
213.65,345
213.65,0
214.41,961
214.88,816
215.71,690
216.24,348
216.45,277
215.9,163
214.76,383
214.99,206
215.02,608
214.39,906
214.95,2209
215.38,200
215.97,2716
214.82,1313
214.2,945
214.37,275
213.79,991
211.01,317
211.01,505
211.18,305
212.03,475
210.91,549
210.51,799
211.21,858
210.82,347
211.11,586
211.31,359
212.37,1018
212.56,402
212.88,520
212.88,0
212.55,210
212.27,889
212.27,0
212.58,612
211.69,419
211.69,0
211.69,0
211.29,103
211.09,246
210.5,537
210.19,1329
210.35,478
210.35,0
210.71,119
211.12,266
210.88,393
210.1,911
209.46,886
209.22,3996
208.74,10343
206.04,451
206.8,2210
209.37,1618
209.07,742
208.08,252
209.49,539
211.45,447
213.25,622
214.04,796
213.21,1304
213.07,868
213.25,678
213.1,412
213.82,300
214.04,247
213.82,467
214.18,4411
214.88,346
213.6,353
213.03,200
213.18,1565
212.57,203
212.78,930
212.27,961
212.31,471
212.31,0
212.8,300
212.93,396
211.53,520
210.5,227
210.5,0
209.92,262
209.36,583
208.28,357
208.53,719
207.26,1797
206.71,742
205.62,12593
203.31,6116
203.48,1501
203.41,627
201.13,1364
199.38,1843
197.9,1673
199.09,5875
203.78,1629
205.43,975
204.52,281
206.34,719
206.15,1213
206.15,313
205.7,1224
204.9,200
205.53,373
204.85,968
204.45,569
204.67,1976
205.02,3021
203.87,3293
204.79,2290
204.38,980
203.23,224
203.6,1433
203.6,0
204.46,790
203.67,579
203.51,1560
203.58,791
202.54,2013
203.16,839
201.92,1030
201.63,1770
201.01,1504
201.57,2229
201.63,795
202.92,2811
202.31,9311
195.46,1529
196.97,6108
194.53,4104
194,2475
189.62,1484
191.06,2329
191.76,3108
192.53,1273
192.53,0
192.53,0
192.53,0
192.53,0
192.53,0
192.53,0
192.53,0
192.53,0
192.53,0
192.53,0
192.53,0
192.53,0
192.53,0
192.53,0
192.53,0
192.53,0
192.53,0
192.53,0
192.53,0
192.53,0
192.53,0
192.53,0
192.53,0
192.53,0
192.53,0
192.53,0
192.53,0
192.53,0
192.53,0
192.53,0
192.53,0
197.56,807
197.26,1105
195.88,1447
195.06,1615
194.52,1135
196.58,767
197.9,773
197.18,977
197.66,203
195.88,506
195.62,800
196.97,405
195.48,497
196.71,100
196.36,684
195.38,1434
195.67,1632
195.61,3177
195.47,1742
194.68,2231
194.55,1458
194.91,2598
194.4,4468
194.57,2781
196.27,4265
196.97,1697
197,892
197.14,556
196.94,318
197.75,1043
197.35,1514
197.46,1332
197.56,1784
198.64,1796
197.37,895
198.03,1497
195.89,2872
197.21,2659
196.37,8147
200.23,2448
199.16,2371
199.54,3575
202.73,1766
201.65,918
201.92,810
199.19,604
198.49,1608
197.79,753
199.04,613
199.23,736
199.81,449
199.35,688
199.47,735
199.47,0
199.81,805
199.83,1019
200.04,661
200.66,693
201.79,310
202,336
200.06,400
200.43,539
200.91,110
200.74,683
200.3,700
200.73,699
201.55,1099
200.08,294
199.93,1443
200.93,415
200.29,435
196,1277
195.93,932
193.99,348
192.08,857
195.39,765
194.15,3664
193.53,10116
202.28,243
201.16,4475
201.71,1267
201.01,301
202.23,663
202.28,1109
199.28,1256
197.39,2420
197.21,1340
199.02,200
197.91,745
197.13,106
197.87,202
198.73,561
198.37,663
197.38,789
197.28,740
196.44,870
196.44,0
195,2653
195.56,503
194.68,1171
194.32,100
193.87,1206
193.46,1301
193.75,104
194.15,300
195.69,100
195.51,100
194.66,203
194.68,138
195.77,101
195.48,100
195.2,134
193.73,772
194.39,670
194.99,2518
194.44,2226
195.19,3970
193.63,485
191.55,991
190.52,1940
189.52,3173
189.24,227
189.63,143
188.42,113
187.01,2286
188.94,1037
189.58,2072
189.76,1523
190.75,776
189.92,663
190.65,1251
190.92,660
192.26,576
192.31,1325
190.66,1678
190.17,507
190.66,1187
189.98,596
189.98,0
190.99,1531
190.77,946
191.42,231
191.53,408
191.53,0
191.93,448
191.93,0
188.84,952
189.02,110
190.06,150
190.7,346
191.48,474
191.48,0
192.66,413
192.02,1722
193.17,3050
194.3,7375
197.38,1623
198.46,2777
199.35,2149
201.82,1371
203.2,1691
205.01,1597
205.41,491
205.01,1173
205.65,122
205.46,867
204.09,106
203.9,1025
204.34,584
204.78,100
205.21,505
205.99,304
206.24,200
206.1,102
206.98,762
206.32,200
207.35,792
206.88,200
206.76,316
206.61,455
205.5,464
205.71,200
205.94,201
206.26,154
206.46,353
206.51,1411
207.31,795
207.41,333
207.07,997
207.34,1408
206.03,271
207.3,371
207.3,2170
207.14,3636
208.17,11012
215.1,6178
213.99,2693
212.1,762
209.96,1730
209.26,2085
211.39,423
211.39,0
210.16,581
211.3,315
211.89,336
212.4,414
212.89,151
212.46,360
212.73,900
211.73,200
212.58,240
211.84,143
212.51,401
211.63,246
211.23,206
211.23,0
211.45,655
211.45,0
211.58,102
212.22,300
211.93,566
211.89,793
212.49,157
212.49,0
211.79,803
212.15,242
212.17,155
211.86,200
211.86,0
212.3,1050
212.79,892
212.81,1236
211.9,1529
212.81,6704
214.88,907
212.77,433
212.38,340
213.89,725
213.83,1545
212.61,210
211.94,450
211.99,579
212.61,1244
211.54,974
211.54,0
211.48,631
211.37,793
211.47,300
211.41,460
211.47,880
211.47,0
211.73,115
211.73,0
211.32,200
211.48,570
211.48,0
210.87,133
210.87,0
210.87,0
210.91,546
209.91,473
210.96,233
210.49,100
210.04,165
210.42,630
210.52,1125
210.95,236
210.95,0
210.95,0
210.92,1110
210.42,719
210.16,350
210.27,7583
206.01,407
206.32,1349
206.13,815
205.09,541
205.09,0
208,1232
207.88,227
207.79,320
207.38,1230
207.38,0
209.08,100
208.5,430
208.27,505
207,400
205.76,143
205.75,133
205.37,681
205.7,905
205.51,300
205.68,310
205.68,0
205.68,0
205.99,452
206.81,110
206.81,0
206.96,100
206.8,443
206.81,414
206.74,234
206.67,328
206,1438
205.33,725
205.05,496
205.05,0
204.92,337
206.07,942
205.23,796
204.22,1548
203.72,5588
203.32,183
204.28,388
203.22,100
205.41,355
204.59,752
206.21,101
205.47,1054
203.83,556
202.94,443
202.95,447
203.11,367
203.05,424
204.97,431
205.27,116
205.27,0
204.22,200
204.22,0
204.42,462
204.76,310
204.8,200
204.59,213
205.69,100
205.44,661
205.85,452
206.04,101
205.89,100
206.07,200
206.07,0
205.21,300
205.21,0
205.67,537
205.95,500
205.95,0
205.95,0
206.93,470
206.68,227
207.22,133
206.53,1344
206.31,3013
206.48,3047
209.41,711
209.99,876
210.17,664
209.72,584
209.59,1758
210.89,889
209.96,661
211.14,701
211.71,1182
211.17,857
211.24,432
211.3,383
208.21,549
208.99,104
208.91,579
208.91,0
209.17,681
208.57,515
208.57,0
209.71,104
209.61,110
210.09,326
209.58,200
209.58,0
209.77,109
210.24,239
210.24,0
209.71,513
210.14,385
210.16,1210
210.8,242
210.64,883
210.98,579
210.98,0
211.06,610
209.85,2290
208.8,351
209.27,6291
207.62,2941
208.59,991
207.67,447
208.58,169
208.67,975
208.83,104
208.99,461
209.93,508
210.86,200
211.03,1402
211.72,479
211.55,100
211.84,2466
212.81,1364
212.7,459
212.7,0
212.81,227
212.57,815
213.51,492
213.82,740
213.35,905
212.83,1111
214,3040
213.65,601
213.46,609
212.95,244
213.06,848
213.18,954
212.9,333
212.52,509
212.52,1145
211.98,622
212.39,1201
212.89,1120
213.66,3577
214.61,2903
214.9,1194
214.56,1892
214.48,6614
219.32,5185
220.25,2683
221.54,956
222.46,4135
223.96,2221
224,848
224.81,512
224.78,3140
224.4,2406
224.46,1524
223.93,308
223.37,100
223.58,200
223.54,734
223.81,608
222.5,202
222.5,0
222.94,999
222.94,0
222.94,0
223.24,633
223,200
223.21,200
223.21,0
223.24,1342
223.5,470
223.97,205
224.75,522
224.75,0
223.81,226
223.81,0
224.32,850
223.95,537
223.63,233
223.44,234
223.56,146
223.92,1259
224.08,2347
224.36,7799
221.61,663
223.6,946
225.72,1607
227.27,2411
229.84,1632
228.5,100
229.8,2052
231.54,1859
229.8,403
229.41,437
229.41,0
229.41,0
228.99,131
230.08,100
230.35,300
230.48,252
230.7,210
230.88,752
230.18,100
230.73,636
228.73,723
229.29,593
229.29,0
229.29,0
229.29,0
227.06,300
227.06,0
225.75,110
224.87,343
224.87,0
225.73,880
225.73,0
224.85,189
224.85,0
225.3,250
224.29,795
224.52,2193
223.33,360
223.18,1907
222.03,1935
221.14,2212
224.42,10158
223.5,1313
223.97,100
226.01,174
225.24,132
225.24,0
224.68,150
225.93,559
224.68,369
224.66,1045
224.98,423
223.42,150
223.37,309
223.37,0
223.37,0
223.91,110
224.67,101
224.11,100
223.32,443
223.36,416
223.95,318
222.4,311
221.9,1497
218.9,692
218.73,478
218,935
218.92,2171
220.27,2229
218.05,3365
219.17,1975
217.76,1917
218.26,1633
218.59,1046
217.6,2239
218.03,1591
217.64,4567
219.79,7915
218.17,2162
221.15,338
220.08,2320
219.94,489
219.14,1384
218.78,5722
218.86,1210
216.8,632
217.4,1199
216.18,229
217.12,110
219.36,795
218.89,533
218.89,0
218.51,105
218.51,0
218.51,0
217.44,226
217.93,227
217.93,0
217.93,100
217.51,200
217.13,140
216.68,400
216.39,422
216.77,134
215.46,1024
213.77,1876
214.65,416
214.43,704
215.54,317
214.72,1166
215.47,402
216.41,453
215.99,515
215.26,200
216.45,589
216.38,1787
215.51,5961
220.41,2126
224.55,896
223.72,9052
225.64,2306
225.57,2908
222.63,1003
225.11,1507
225.99,1439
225.95,300
225.85,243
226.36,300
227.32,646
227.9,423
227.62,293
227.62,0
227.79,200
227.04,100
227.04,0
227.07,400
227.07,0
227.05,133
227.51,424
227.51,0
228.17,308
228.41,691
228.73,788
228.72,208
228.93,819
228.72,100
229.04,329
229.04,0
228.76,145
228.65,164
229.43,1113
229.92,741
230.04,1964
228.4,1507
227.49,2038
228.13,11562
228.41,1853
224.54,540
225.44,1829
226.22,1734
228.11,516
226.66,2203
228.66,1005
229.31,1685
230.24,2967
230.75,2475
230.25,403
229.63,1376
230.57,7869
231.01,1682
231.01,0
229.03,102
229.03,0
229.31,740
229.37,4891
230.08,909
229.88,472
229.45,1503
229.41,3519
229.44,627
229.33,397
229.33,0
230.08,449
231.09,884
231.17,1863
232.36,1751
234.01,2505
233.22,5922
233.36,6545
234.28,4568
234.65,2098
233.74,3497
233.4,2456
233.32,4125
233.44,5713
207.1,10438
199.39,14371
199.35,14086
194.54,7937
194.89,9990
193.95,9988
191.36,9107
191.93,2257
192.31,757
192.66,3394
192.28,3823
190.74,4360
191.83,5511
191.34,9021
190.19,7297
191.81,2821
191.82,4131
193.6,2882
192.29,1898
191.69,3371
192.64,2483
192.29,3944
192.16,4827
191.07,3218
191.47,1124
191.2,1460
191.19,2854
192.26,2257
191.73,1712
191.3,5307
190.41,2271
189.79,7894
190.28,3763
189.9,8440
190.13,6315
192.11,3426
190.19,6535
190.02,10733
188.81,30315
189.98,13248
189.87,7856
188.16,13286
188.08,9083
185.78,2497
185.57,2806
182.78,1781
181.03,8323
181.17,2855
181.15,3527
179.7,2054
179.43,3940
178.87,2219
178.56,2215
177.8,624
177.59,2097
177.63,1952
178.65,1696
178.96,1951
179.25,4162
179.73,351
179.52,467
178.95,602
178.94,1545
179.15,756
179.66,352
180.06,299
178.87,2442
179.03,5014
179.68,1505
180.85,984
180.85,2172
179.91,4319
180.69,2564
181.39,3540
181.75,8477
181.66,7133
181.22,6395
180.93,15142
179,11032
182.02,10271
187.14,8567
186.11,3976
186.9,1274
188.52,3422
188.83,2256
186.48,522
187.43,2195
185.97,3895
186.17,1712
185.15,2909
184.41,2078
184.44,2578
184.54,1842
182.95,1399
182.87,1868
182.12,642
182.14,843
182.23,1251
181.52,794
180.91,1507
181.37,891
180.75,1697
181.38,1075
181.74,983
180.32,1938
179.75,1373
179.44,2785
180.44,2633
181.25,110
181.17,3151
182.52,640
184.08,2298
184.76,641
183.91,902
183.3,1083
182.75,2830
181.42,10577
183.49,2012
184.57,4158
183.83,473
182.37,1664
182.31,200
182.23,642
180.86,1804
181.24,1436
181.48,2457
180.47,507
179.44,733
179.01,1854
178.86,2564
178.97,2194
178.58,1038
179.46,1037
179.87,190
180.8,847
180.34,3283
179.11,1954
179.18,4959
178.21,1854
176.73,5521
175.23,9241
174.12,5486
174.69,971
174.71,2732
174.49,3662
174.14,2068
173.83,8306
172.71,1139
172.52,509
172.52,0
172.65,435
171.84,1792
172.24,1424
172.81,661
172.39,3156
172.24,8507
163.1,12877
166.3,4126
167.54,5674
166.34,4565
167.06,6934
169.5,2180
167.68,2216
167.12,4693
169.79,1638
171.05,2356
172.79,3055
173.23,3324
170.96,1128
171.66,2205
171.72,2501
171.33,413
169.63,1400
169.37,2453
170.02,1405
170.63,1777
170.38,3563
169.23,2834
169.84,1370
170.33,2032
168.78,4424
169.99,1482
171.62,2120
170.2,2191
169.85,507
171.03,1180
171.49,3735
172.26,5178
172.03,4270
171.6,3376
171.99,2816
172.99,6170
172.55,9543
175.07,5515
174.28,15828
175.34,3127
174.46,4711
173.46,3473
172.67,3046
171.66,1795
172.65,1005
173.81,1862
174.31,703
175.26,1478
174.68,591
175.67,1349
175.89,2029
176.55,975
177.55,672
178.29,1761
177.84,1167
176.85,269
177.12,611
178.19,100
178.44,617
177.34,233
178.1,3637
177.91,2508
178.03,1843
178.49,657
178.49,0
178.58,810
177.75,793
177.65,1011
178.75,666
179.14,3551
179.14,0
178.98,335
179.08,300
179.72,230
180.94,360
181.07,720
180.54,540
181.3,3561
184.19,2316
182.35,514
180.99,1204
183.37,4246
181.99,1525
183.25,1402
184.98,6107
185.91,6638
186.37,1360
187.79,2649
187.8,1354
188.44,1686
189.39,2286
189.92,2638
189.92,0
189.91,4987
189.29,2075
188.3,672
188.14,531
186.42,357
185.8,733
185.46,1184
185.63,387
185.28,1481
185.28,0
185.15,1275
184.89,957
182.74,100
182.17,1028
182.38,1216
182.09,646
183.66,571
183.66,0
183.62,475
183.62,1555
184.01,778
183.53,1005
183.4,2213
184.41,8337
184.74,1683
186.21,2203
183.65,660
182.06,249
180.28,450
182.77,240
182.77,0
181.33,1245
180.57,613
180.57,0
180.87,1555
180.31,875
178.53,980
178.76,1072
178.76,0
176.83,211
176.57,801
177.6,116
177.38,420
177.11,990
177.59,591
177.93,211
177.4,406
177.52,639
176.69,413
176.45,1177
176.7,399
176.9,821
176.74,2352
177.07,1202
176.91,1049
177.05,1005
176.05,630
176.11,1347
176.11,0
176.67,1227
176.17,796
176.49,1148
175,10980
179.81,774
178.49,348
177.8,894
178.09,1589
175.85,1104
175.75,880
175.98,1083
176.86,753
176.6,1619
176.59,2439
178.33,1099
177.96,925
178.49,1741
178.42,266
178.48,510
178.64,594
179.05,2159
179.27,2284
179.49,723
179.67,455
179.28,623
179.82,1270
180.86,279
181.09,543
181.39,139
181.13,450
181.35,534
181.35,0
181.35,0
181.57,261
181.45,318
181.6,368
181.67,1073
181.59,1127
181.55,652
181.21,1056
181.71,2382
181.55,3271
181.97,7564
183.37,1878
182.2,1006
180.79,1047
181.58,922
178.88,302
178.07,191
178.13,506
177.55,1304
176.2,2429
175.95,155
175.83,1078
176.33,3005
176.31,934
176,1100
176.35,979
175.73,1322
175.88,4655
175.74,513
175.53,1696
175.76,225
175.79,101
176.05,110
176.23,324
177.44,410
176.6,620
176.6,0
177.19,216
177.21,812
177.03,350
177.67,2583
177.64,520
177.99,1100
177.99,0
176.33,685
175.57,2461
175.82,1913
176.27,2378
175.99,1317
175.72,5582
173.12,1044
173.16,1543
170.64,3065
171.24,2354
169.07,2015
168.39,3072
167.53,1695
167.92,1768
167.25,752
166.09,2216
165.6,464
166.88,595
167.3,632
168.31,751
168,849
166.6,1351
166.45,1590
167.08,2687
167.41,1863
167.69,2741
168.19,670
168.96,2089
169.64,2546
169.09,2408
169.27,2168
169.95,1347
168.49,168
168.35,696
168.2,425
169.06,272
168.61,592
168.82,685
168.06,506
167.44,1272
167.71,1949
167.59,707
168.61,1454
168.54,1613
168.62,6942
170.85,1016
171.55,747
170.59,600
171.19,1103
170.49,1594
169.51,1834
167.62,1353
167.16,520
166.45,582
166.75,705
168.03,482
167.84,1436
167.48,394
167.26,637
167.3,518
165.99,422
166.33,360
165.45,406
165.26,877
165.69,1015
167.65,566
166.69,886
166.05,803
165.87,820
166.36,1610
166.05,500
165.67,656
164.91,921
165.79,2956
164.69,287
163.95,249
163.23,1312
163.34,100
162.97,1531
162.52,1209
162.44,1332
163.73,1546
163.28,3387
162.81,5333
162.81,0
162.81,0
162.81,0
162.81,0
162.81,0
162.81,0
162.81,0
162.81,0
162.81,0
162.81,0
162.81,0
162.81,0
162.81,0
162.81,0
162.81,0
162.81,0
162.81,0
162.81,0
162.81,0
162.81,0
162.81,0
162.81,0
162.81,0
162.81,0
162.81,0
162.81,0
162.81,0
162.81,0
162.81,0
162.81,0
162.81,0
162.81,0
162.81,0
162.81,0
162.81,0
162.81,0
162.81,0
162.81,0
162.81,0
178.05,3265
175.66,803
174.88,1267
174.25,1850
174.74,4764
174.32,1119
174.74,2075
175.68,2777
174.02,2798
174.1,1338
173.43,1521
173.24,2880
173.04,4501
173.56,3275
173.48,3200
173.82,1973
173.93,515
175,798
176.44,139
176.79,1094
177.37,100
177.01,2389
176.03,3957
175.77,3490
175.33,2478
174.4,2089
174.47,3141
175.45,1164
175.44,423
175.73,708
176.33,846
176.84,975
176.64,583
176.64,0
177.62,383
178,531
178.26,1387
177.76,3621
177.79,4145
175.46,2380
176.8,333
176.7,1120
178.34,2648
176.26,1425
177.76,1123
175.94,1553
175.62,1000
175.77,552
175.11,2315
174.91,609
175.74,140
175.57,681
175.63,677
176.3,155
176.55,100
176.36,460
176.4,635
176.07,600
175.38,1200
175.47,300
175.57,227
175.53,713
176.51,540
175.49,800
175.91,302
175.92,367
176.01,133
176.41,200
177.25,815
177.61,528
177.11,442
177.72,950
177.05,551
176.73,369
177.39,795
177.65,1934
177.58,4191
178.49,7521
179.47,515
180.32,742
179.61,1323
176.42,734
177.25,1982
178.67,1062
178.84,1470
178.93,706
179.43,2791
179.38,182
177.45,165
177.35,314
177,483
178.11,561
178.11,0
177.78,550
177.78,0
177.37,200
176.2,400
176.2,0
176.67,200
177.29,125
177.29,0
177.09,170
176.94,489
176.94,0
176.48,484
175.94,646
176.36,219
176.36,0
177.03,409
176.31,318
176.18,218
176.3,1095
176.25,201
176.25,0
175.36,542
175.28,3591
175.3,13640
173.85,259
173.51,2378
173.31,3109
169.8,1283
171.49,897
173.58,318
173.34,854
172.68,503
172.75,950
173.54,573
173.07,425
172.09,657
171.44,1361
170.86,804
169.58,713
169.28,327
168.81,1147
169.85,731
169.98,591
170.19,302
169.04,127
168.46,516
167.89,467
168.02,1173
167.51,860
167.77,310
167.86,715
167.5,2021
166.75,299
166.36,1153
166.72,1374
166.97,342
167.07,568
167.52,2196
167.88,734
167.67,3408
167.65,6232
166.95,3085
167.63,11006
167.17,2692
165.97,233
165.2,1101
164.76,7098
164.07,2008
164.93,1629
167.31,2187
169.22,2586
171.24,1882
169.93,1382
169.88,3086
169.4,1401
170.32,601
169.02,230
169.25,739
168.24,442
168.24,0
169.69,109
169.67,649
169.73,353
168.95,1055
170.03,358
169.44,135
169.32,368
169.87,109
170.04,200
169.68,188
170.31,901
169.67,100
169.67,0
169.67,0
170.25,351
170.78,100
171.1,752
171.34,345
172.29,115
172.34,396
172.47,1120
172.94,4381
178.23,951
179.34,434
179.81,1498
179.69,1317
179.99,1239
182.05,1433
183.04,1727
183.59,5479
181.99,4185
183.2,3611
182.53,1316
182.55,4581
182.77,1186
182.43,2503
182.89,610
183.23,333
183.48,157
182.87,1361
182.82,1498
181.62,293
181.11,294
181.61,407
181.61,0
179.98,1167
180.28,1411
180.28,0
180.84,486
179.64,1074
178.13,1946
178.69,147
176.23,1135
178.06,892
179.37,605
179.24,100
179.03,728
179.87,545
179.84,489
179.76,3312
179.85,5882
180.55,2185
182.72,1491
183.46,1288
184.92,1387
183.82,1350
183.14,866
184.1,2763
183.23,992
182.41,617
182.45,567
183.25,562
183.94,167
184,300
184,0
183.62,116
183.21,315
183.58,113
183.58,0
183.32,230
183.54,724
183.54,0
183.79,230
183.79,0
184.55,1340
184.82,1431
185.21,205
185.8,1723
185.61,850
185.73,1790
185.52,1317
185.52,0
185.67,209
186.18,256
186.04,925
185.3,645
185.3,0
185.68,681
186.13,1500
186.26,2924
185.66,400
186.84,172
187.56,905
186.65,1338
187.95,488
188.19,376
187.87,302
187.87,0
186.3,100
186.42,284
186.42,0
186.42,0
185.79,340
185.85,191
186.12,200
186.12,0
186.72,291
186.72,0
188.31,566
188.7,212
188.91,237
188.64,348
188.27,100
187.78,167
187.73,205
187.13,651
187.16,283
187.32,355
187.07,218
187.16,650
187.27,425
187.33,984
187.15,724
186.8,3103
186.67,3165
187.38,2075
187.95,5246
187.95,3732
188.49,10005
189.06,665
187.92,1148
186.23,1617
185.34,1664
185.14,3030
184.6,1111
183.44,925
185.39,380
186.45,891
187.39,1240
186.89,320
187.73,1869
187.73,0
187.76,2648
189.47,510
189.1,3564
189.44,1638
190.47,716
189.35,890
188.77,496
190.02,1537
187.99,620
187.84,100
186.57,840
186.79,876
186.79,0
187.34,312
187.77,115
187.45,429
187.63,554
188.39,614
188.48,860
188.37,254
187.4,200
188.2,865
188.09,211
188.35,1162
187.99,2550
187.65,3755
189.38,498
189.95,520
190.82,1360
192.87,1667
192.87,0
194.04,450
194.35,1147
195.03,1524
195.61,1570
194.89,413
195.19,557
194.7,508
194.69,747
195.87,235
195.12,424
194.59,1244
194.45,1088
194.11,1875
193.83,563
194.06,721
194.67,300
194.6,166
194.35,206
193.65,500
194.33,486
194.75,522
195.45,144
195.08,241
195,841
195.11,123
194.3,1040
194.85,551
195.66,260
195.61,1494
195.27,2633
195.38,1636
194.66,5926
194.84,10525
195.67,33141
192.61,1372
195.31,5555
194.49,2624
195.4,1673
195.54,893
197.43,1584
197.73,3821
198.66,962
198.49,1283
198.98,602
199.44,150
199.49,519
200.22,1143
201.15,2446
200.9,552
200.53,1076
199.42,348
199.49,372
200.09,846
199.48,200
198.98,377
199.08,250
199,144
198.99,1281
199.01,834
198.42,123
198.42,0
198.63,1006
197.31,671
198.17,133
197.95,206
198.4,817
198.35,566
197.72,668
197.85,986
198.13,1336
198.61,2539
198.45,2158
198.04,7466
196.92,1625
196.58,1028
198.21,395
197.8,704
197.12,313
196.52,374
197.31,563
198.23,207
199,1136
199.76,206
201.21,150
201.48,252
202.8,517
203.12,250
202.56,670
202.06,121
202.06,0
202.66,354
201.96,500
202.32,570
202.32,0
202.13,1096
202.13,0
202.13,0
200.95,105
201.12,204
200.85,159
200.79,206
200.79,0
200.79,0
200.74,314
200.67,309
200.6,457
201.15,525
201.39,1363
201.79,1328
202.65,2705
202.35,4871
203.08,6494
204.13,1035
202.78,850
203.15,4722
202.98,1089
203.12,450
202.85,450
203.05,1032
204.04,371
204.04,0
204.04,0
202.69,144
202.3,201
202.45,1029
203.02,233
202.3,200
202.3,553
203.29,623
203.29,0
202.3,100
202.58,200
203.16,202
203.06,171
202.98,317
203.06,1209
203.42,288
203.42,0
204.96,674
205.29,393
205.02,1149
205.3,543
205.68,162
205.65,313
205.71,1030
205.34,784
205.5,774
205.8,515
205.22,1845
205.76,3986
206.5,11405
206.78,915
206.58,5647
207.23,804
206.56,3369
203.93,202
202.78,902
204.22,385
203.9,500
204.95,566
203.69,316
202.78,217
203.45,794
203.23,495
203.23,0
203.23,0
202.39,388
200.75,812
200.23,181
200.23,0
200.83,252
201.29,225
201.76,386
201.21,306
200.92,1300
200.92,0
201.99,246
201.74,100
201.99,433
201.99,0
201.99,0
202.12,1258
201.64,767
202.45,782
202.41,342
202.93,694
203.24,384
203.14,1330
202.91,563
203.38,4196
205.93,1697
207.09,4454
206.23,2651
205.97,733
204.1,533
206.01,2737
207.65,2271
206.19,1256
207.42,378
208.22,200
207.46,535
208.88,512
209.11,100
209.11,0
208.84,1036
207.93,777
207.93,0
209.27,2145
209,424
209.43,204
209.4,214
208.59,102
208.64,101
208.71,475
208.71,0
210.38,625
210.55,785
211.11,1148
211.55,1599
211.38,555
211.3,193
211.09,239
211.22,210
211.05,312
211.2,660
211.32,1678
212.08,1782
211.6,3391
211.94,10970
210.1,204
210.35,1561
211.4,2277
212.29,3259
211.65,1585
213.93,4324
214.5,2858
214.92,1513
214.84,1842
212.93,2336
212.61,252
213.88,290
213.69,340
213.83,595
214.59,464
213.67,228
212.9,129
212.89,111
213.15,200
212.93,150
212.93,0
212.5,101
212.36,446
211.61,229
211.25,451
211.89,465
211.92,250
211.92,0
211.92,0
211.14,509
211.14,0
211.14,0
211.44,237
211.55,735
211.55,0
210.96,1695
210.89,2897
210.43,492
211.02,5149
211.76,3459
213.95,3513
213.68,3860
214.55,1762
214.95,1088
216.98,570
216.75,316
217.12,2775
218.33,2024
218.04,3182
216.15,4953
214.57,4683
215.2,256
215.2,0
215.95,133
215.95,0
215.24,101
214.93,218
214.93,0
214.93,0
214.16,254
213.68,260
213.78,213
213.75,269
213.75,0
214.82,824
214.82,0
214.2,233
214.24,333
214.24,0
215.1,296
215.16,234
214.73,109
215.13,1128
215.29,405
214.42,1108
213.51,1695
212.75,1427
211.82,8866
211.82,0
212.15,985
213.73,4877
212.8,3066
214.6,1024
214.73,872
214.06,1214
215.34,2062
216.4,240
215.72,720
216.02,454
214.76,410
214.06,2151
213.86,554
214.8,556
213.91,2619
213.28,628
213.19,1111
213.69,1038
213.12,2953
214.31,1662
213.65,208
212.93,234
212.24,1027
212.13,498
212.94,200
212.6,110
212.65,709
212.92,234
213.43,1148
213.82,1003
213.69,786
213.56,390
213.84,1208
213.84,0
213.84,0
212.82,620
212.67,1288
213.19,5737
213.7,456
213.55,1863
211.17,1920
211.56,1494
210.33,1392
209.44,1035
210.24,1094
209.86,100
210.08,1325
211.58,515
211.52,593
210.91,233
211.72,602
211.28,106
211.9,266
211.54,100
211.68,493
211.1,2805
211.3,709
211.28,901
211.26,1361
210.57,534
210.47,1296
211.08,1126
210.88,305
210.75,865
211.76,346
212.61,500
212.16,240
213.06,240
213.57,626
213.42,680
213.9,876
214,844
214.29,1817
214.56,1049
214.7,921
214.43,771
214.32,6324
214.73,2241
215.58,508
213.67,719
212.86,200
210.19,1007
210.91,1614
212.67,2791
210.9,1693
210.24,1283
210.14,753
209.81,861
209.57,2722
209.34,2082
208.63,231
209.13,311
209.25,653
209.25,0
208.22,868
208.16,1357
207.69,704
208.91,1128
209.68,6388
209.51,5690
208.89,447
208.23,542
208.3,160
208.04,337
208.13,150
208.58,264
208.88,103
208.54,2455
208.07,1686
208.01,1166
208.02,640
207.4,605
207.39,445
207.53,3179
206.53,3298
206.37,17002
204.2,2601
202.53,4043
199.07,2461
197.15,3867
195.49,1852
198.89,1855
198.54,11019
197.98,1110
199.46,300
199.24,1063
200.13,1631
199.63,915
199.5,287
198.53,1562
199.52,2354
200.25,423
199.42,268
199.42,0
199.49,1140
199.52,955
199.46,3116
199.77,2420
199.33,798
199.81,200
199.74,1414
199.03,1503
199.43,3533
199.08,3094
198.13,2077
196.16,2555
198.32,1025
198.93,746
199.55,4456
200.16,2011
199.55,684
198.8,1001
198.67,1099
199.31,1831
200.59,6289
201.13,408
203.05,441
202.04,120
203.17,1263
202.5,400
201.14,755
202.91,558
201.37,682
200.6,956
200.27,446
199.68,620
197.84,119
198.24,307
198.63,1094
196.62,952
196.4,474
197.32,134
197.7,400
197.04,100
196.59,305
195.49,1567
196.64,365
196.44,615
197.32,879
197.94,1322
197.42,300
197.69,1875
198.59,1222
198.65,735
198.4,584
198.54,373
199.27,227
199.71,1175
201.1,1683
201.67,885
200.97,260
201.63,983
202.34,1281
201.32,7598
201.49,200
199.47,201
198.59,1222
196.94,706
197.5,1243
196.96,896
198.01,1972
198.51,2939
198.59,2923
201.67,661
202.68,955
203.35,601
203.49,1496
202.49,222
202.49,0
202.49,0
201.61,153
201.61,0
201.61,0
202.06,102
202.06,0
201.64,355
201.07,200
201.21,534
200.6,338
200.64,200
200.53,919
200.03,1311
199.6,2436
199.18,1806
198.25,2447
198.69,1005
199.01,2505
198.64,1978
200.14,508
200.5,845
201.86,2000
201.28,1436
200,6053
193.52,2869
193.1,2967
195.56,5617
197.05,2600
197.66,2026
195.57,2374
195.18,1229
193.74,1915
192.76,2855
192.7,974
192.55,2675
191.79,1336
192.28,2059
193.48,936
192.63,333
192.11,794
192.81,518
193.22,1474
193.02,2151
193.46,1049
193.6,238
193.86,436
194.54,2753
195.18,1791
195.37,2012
195.57,1085
195.44,1086
196.43,1460
197.01,2466
196.38,801
196.46,931
196.61,143
197,200
197.12,1169
196.51,1411
196.85,911
196.87,882
196.59,947
196.25,8422
199.2,2092
200,1599
199.51,3270
201.26,644
200.63,1587
198.72,1269
197.71,358
197.03,1269
196.5,1035
196.27,696
196.74,666
196.98,554
199.02,719
199.02,0
197.97,285
198.04,1479
196.76,1124
196.91,1821
195.82,596
196.25,464
196.47,106
196.4,905
196.4,556
196.75,955
196.75,0
194.99,106
194.88,568
193.76,727
194.42,720
193.75,846
193.31,1089
193.47,2087
193.51,2549
193.54,748
192.51,1957
192.85,3008
192.53,1733
194.04,6071
194.26,7766
196.91,273
196.95,1520
198.34,1067
198.67,1663
198.41,427
198.79,244
197.54,333
198.86,100
199.22,997
199.49,204
199.66,331
200.28,610
200.83,650
200.83,0
199.89,133
199.83,267
199.61,302
199.46,729
200.03,333
200.45,218
200.58,515
200.64,539
200.21,177
200.14,100
199.85,110
199.23,303
199.21,100
200.17,214
199.89,232
200.45,148
200.45,0
200.45,203
200.94,355
200.27,436
200.97,615
201.1,1070
201.1,1454
201.33,1324
201.58,5467
203.15,1177
202.39,2477
200.88,2265
202.35,600
200.75,5882
201.73,1042
201.83,2457
201.27,1768
200.47,956
200.63,100
200.41,676
200.13,682
200.69,825
200.42,635
199.89,907
200.18,420
200.18,0
200.25,984
200.28,373
200.08,101
199.81,418
200.5,721
200.56,1625
201.04,210
201.4,619
201.17,100
201.98,211
201.98,0
202.42,366
202.09,1447
202.8,3297
202.19,824
202.41,2204
201.32,2258
201.77,751
202.11,1072
201.74,952
201.15,1280
200.98,3645
200.03,533
200.82,320
200.83,857
200.25,2109
200.28,606
200.17,2021
200.77,1126
200.97,400
201.48,100
201.22,1122
201.46,484
199.94,201
199.94,0
199.94,0
198.83,327
199.08,782
199.08,0
198.41,134
198.53,429
198.53,0
199.04,266
199.08,1459
199.43,876
199.02,460
200.36,481
200.36,0
200.83,728
200.83,0
200.82,777
201.28,237
201.03,527
200.51,899
200.51,0
200.17,236
199.95,562
199.79,346
199.17,1656
198.7,1489
198.32,5370
198.69,1091
197.19,1162
199.89,1696
201.93,2194
202.18,1199
202.91,585
203.36,1843
204.3,1876
203.74,964
203.83,273
204.38,4056
204.9,346
205.08,456
205.35,1423
206.29,915
205.77,110
205.83,529
205.52,503
206.04,325
206.04,0
206.16,342
206.17,212
206.14,307
206.22,1189
206.85,120
206.87,133
206.87,0
206.85,879
206.85,0
205.98,285
206.05,200
206.38,100
206.18,253
206.27,424
206.27,0
206.77,1614
206.99,500
207.33,2743
207.54,6602
210.96,1235
207.46,546
207.32,426
207.44,692
208.46,798
208.18,825
207.13,4609
207.64,1697
209.07,1817
208.5,1101
207.27,314
205.66,232
206,642
206.84,263
205.22,112
206.17,753
205.57,408
205.21,599
205.41,240
206.8,255
206.55,301
206.41,419
206.61,400
205.95,350
205.88,820
205.68,101
205.75,1186
205.68,320
205.21,200
205.21,0
205.88,484
205.92,187
205.88,941
205.87,507
206.01,709
206.34,767
206.32,831
206.24,2331
206.89,9440
210.97,2475
209.3,675
208.19,1509
208.45,807
207.86,1003
207.96,343
208.45,728
206.28,817
204.19,3116
204.32,2138
204.38,1862
203.43,841
202.67,2373
202.68,958
202,804
200.45,751
200.28,313
200.71,2048
200.99,417
201.39,1888
200.57,1353
200.19,610
200.5,921
199.8,1167
201.43,477
200.03,701
199.28,463
198.52,1773
198.3,864
198.62,600
199.01,426
197.39,1102
197.07,3696
196.78,2341
196.2,1162
196.34,2429
197.8,3375
196.71,3228
196.8,9520
197.13,3169
196.03,475
197.12,1163
197.67,489
198.27,433
197.15,214
197.95,725
196.61,4409
196.15,221
196.52,1087
196.22,2402
194.98,1461
193.87,327
193.11,413
192.52,133
192.4,885
193.05,100
193.05,0
193.05,0
193.84,512
193,110
192.78,533
193.33,455
193.1,540
192.45,455
192.5,513
192.73,954
192.41,460
193.09,3832
193.08,600
193.15,200
192.87,624
191.96,433
191.79,834
191.52,1040
192.87,2021
192.67,355
192.46,1193
191.13,7741
186.79,1785
188.92,2325
188.3,4983
186.92,4899
187.97,6393
183.63,3643
184.83,1806
183.75,1493
183.09,1266
182.36,540
183.73,1509
184.73,661
183.19,1852
182.7,2748
181.7,587
182.33,1803
184.48,328
184.55,758
183.72,201
183.58,133
184.27,1056
183.29,640
184.05,724
184.71,3518
184.72,302
184.99,1356
184.78,655
185.07,1134
185.38,1748
185.89,1575
187.26,2357
187.82,2041
188.27,1671
187.66,2896
186.63,302
187.9,1243
188.39,2004
188.88,5723
188.6,13400
188.28,466
186.21,100
185.32,576
184.55,214
185.34,1080
182.53,10723
183.42,1271
183.11,3614
182.56,1295
181.92,1260
181.24,782
181.05,1683
182.63,100
183.16,569
183.16,0
182.78,103
182.9,2730
184.2,522
184.4,283
183.92,980
184.38,246
183.75,410
183.75,0
181.99,371
180.72,873
180.85,133
180.67,1019
180.6,987
180.52,1499
180.26,202
180.31,1593
179.56,1903
179.12,1777
180.37,201
179.73,483
179.28,245
179.13,1757
178.78,931
178.59,4860
181.14,364
181.03,438
182.32,1940
182.08,429
182.2,1672
180.89,1323
180.36,2396
181.01,2872
181.82,245
181.85,3046
182.82,1335
183.85,1047
184.23,1049
184.38,353
183.58,413
182.9,926
183.17,1132
182.88,2540
183.89,693
183.62,443
183.62,0
183.87,1122
183.13,646
182.5,990
183.05,141
183.01,343
184.2,217
183.95,408
184.67,930
184.74,3642
185.64,1719
185.51,2177
185.46,1082
183.89,2715
182.96,469
182.99,585
183,2429
183,4110
182.56,8388
183.25,100
183.22,721
181.79,4563
180.98,1365
179.68,370
179.4,430
179.08,712
178.56,1059
178.85,958
180.18,1410
181.76,1148
180.72,2288
180.31,110
179.88,1169
178.98,1430
179.2,1806
179.85,2197
179.67,6209
180.11,6750
181.08,4184
181.68,1565
182.72,849
183.76,1927
184.28,1703
184.31,1081
184.73,1274
185,1243
184.65,1614
184.55,575
185.02,1291
185.24,2671
185.54,1007
186.02,1470
185.73,1569
185.9,793
185.94,1382
185.68,740
185.64,1653
185.45,5879
188.03,478
187.62,1142
188.71,3167
191.31,1506
191.06,1498
188.71,2939
188.8,2110
188.25,864
187.95,210
187.3,961
187.8,334
187.94,846
189.21,663
190.09,1596
189.66,1016
189.11,1464
188.14,629
188,910
187.17,1556
186.7,336
186.32,3122
186.38,814
186.31,521
186.77,1398
187.07,846
187.04,1217
186.66,470
186.3,1729
185.64,1325
185.41,110
185.67,639
185.17,1637
184.55,1453
184.69,1504
183.86,675
184.51,213
184.38,1132
183.81,3830
182.85,10218
182.34,2241
182.17,3385
182.51,4614
182.27,2486
180.66,926
180.65,2186
181.92,2915
181.18,2788
180.39,2170
180.14,1254
180.03,2042
179.84,2515
180.31,2757
179.85,517
180.5,1910
180.73,1074
180.25,740
181.75,2360
181.67,494
182.16,722
181.27,836
179.84,1556
179.89,450
179.62,1481
179.42,1087
178.91,3254
177.43,4119
177,2112
176.2,110
176.76,1500
176.8,137
177.32,1590
178.4,1236
178.55,922
178.42,1784
180.08,1814
180.61,3316
180.32,3012
180.96,10646
181.32,1176
184.01,564
183.89,1152
186.39,1945
185.92,416
185.43,480
186.04,1728
184.2,1093
183.88,536
186.13,110
185.56,1382
186.61,574
186.5,318
186.06,814
186.22,1098
186.41,1397
185.42,861
185.51,1636
185.83,1597
185.41,436
185.17,353
185.84,317
186.55,1173
187.35,840
187.53,1178
187.64,894
187.19,946
187.32,782
186.2,1827
185.34,327
185.88,1963
186.14,1634
187.53,2388
187.89,408
188.01,1345
187.24,5042
187.13,692
187.17,1776
186.79,13409
201.92,21721
198.43,9043
199.98,9254
198.6,7117
196.11,9396
198.02,5849
196.73,2869
197.6,3620
196.83,5001
195.22,3101
196.2,971
195.78,3143
195.42,2986
194.76,2582
194.81,3312
194.78,2564
194.89,1168
195.58,1433
196.06,1271
196.3,1940
195.66,3076
196.6,1776
196.11,1292
195.21,1165
195.68,1784
195.86,2376
195.82,1942
196.26,1097
196.17,1818
195.25,2985
194.67,4589
195.36,3837
200.04,3268
200.83,2269
202.07,4261
201.1,2989
202.93,4611
203.04,8429
204.47,12949
224.44,22528
226.4,19783
224.83,11671
224.54,11308
224.17,4077
224.11,3381
223.48,4759
221.47,3428
219.63,4671
219.28,9398
214.54,3808
215.55,2781
212.42,13756
213.94,14889
214.05,3595
212.06,2455
213.17,11646
212.9,5256
214.65,3050
214.32,6271
213.35,6586
213.82,10075
221.56,6062
218.3,1966
219.83,1586
219.84,1506
219.99,3684
221.09,3916
220.69,3016
222.34,2903
219.94,5142
220.13,3322
221.23,1801
221.37,7429
220.79,6355
220.39,9795
220.67,6462
222.3,15156
223.58,24954
223.46,6974
219.86,7014
222.19,4258
220.43,11042
219.62,6753
220.76,11354
220.09,6638
220.27,5145
223.15,5444
223.1,746
223.65,1491
226.89,5802
228.09,7957
224.64,5676
226.32,2509
224.58,728
226.52,1141
227.28,717
227.06,1499
227.48,1462
227.23,1965
230.08,2864
228.83,1796
226.81,5435
227.47,3920
226.53,2824
226.34,1837
226.11,2532
225.78,2077
226,1303
225.76,4364
225.75,9353
226.62,7185
226.22,4946
226.41,7488
226.87,5637
226.88,5857
228.98,9456
230.09,34527
226.04,8721
226.37,16448
222.53,12650
222.15,14535
219.77,8892
218.81,11044
217.19,14835
215.67,7454
215.13,9597
214.69,4921
214.57,5416
214.03,11971
214.37,6646
214.85,2254
214.87,5138
214.44,4779
215.56,2813
215.57,4523
215.22,3905
214.49,6151
214.74,5332
213.57,6881
211.87,4406
210.48,2030
212.79,6731
212.67,1433
211.78,2840
211.45,2248
211.36,2234
212.09,4731
211.45,4067
211.66,1665
211.7,2046
212.33,3814
212.73,6009
213.02,7670
211.5,9606
211.64,16434
210.63,38059
216.83,1913
212.06,1772
210.8,1953
211.95,1970
212.77,3031
211.57,3325
210.08,4360
209.11,5009
207.22,3098
207.51,2492
205.58,4560
206.75,4223
205.19,2714
206.32,1167
204.65,4325
205.07,4120
204.05,1580
204.18,1078
203.6,5394
204.16,1874
205.61,1376
204.01,1382
204.83,745
204.67,2499
207.29,2035
210.1,1807
211.42,3041
210.81,2438
210.09,2257
210.56,3739
210.52,3603
210.56,4072
211.61,3206
211.78,2656
211.43,4277
211.29,1699
210.03,2344
208.82,16881
209.78,19439
209.52,303
206.51,543
212.45,2826
212.73,2710
210.8,1356
213.25,1390
214.18,625
216.02,1968
214.21,2084
213.88,713
212.9,314
212.14,625
213.54,300
214.71,216
213.13,1144
212.53,1157
212.53,0
210.94,1075
210.26,600
209.82,100
210.38,981
208.59,1692
207.39,447
206.3,1410
206.03,855
204.72,1173
204.46,261
204.56,352
204.74,452
206.15,1153
206.09,1763
206.86,433
206.52,532
205.35,1894
204.73,1193
205.18,583
205.34,1959
204.15,3511
202.49,14310
200.04,2113
194.62,2069
198.64,2022
197.04,4782
200.33,7280
202.18,3803
203.45,5296
203.84,5101
204.57,1982
205.18,2197
207.02,1909
204.5,2456
204.69,1118
203.73,604
201.45,955
199.3,2306
199.42,1615
198.23,729
200.52,1379
199.87,691
200.76,417
200.31,1331
198.98,524
198.7,566
198.65,838
197.5,1477
196.78,711
196.73,166
196.29,1129
196.63,474
196.35,1046
196.11,2133
197.9,1759
197.42,2917
197.9,3918
199.43,3366
199.8,3214
200.79,3871
200.56,15889
208.12,1108
211.14,3322
212.32,1281
212.03,1282
213.79,2293
213.7,1164
215.94,118
214.92,1571
215.5,632
214.65,648
215.48,1601
216.13,2995
216.68,2834
217.51,2473
218.27,5478
218.45,962
219.28,1242
218.76,1324
218.68,1358
218.51,500
216.69,247
218.55,1175
217.92,262
217,362
218.45,807
217.11,312
216.98,123
214.95,124
214.95,0
214.78,209
215.87,500
215.58,507
216.98,684
217.33,224
217.74,441
217.97,784
218.19,1032
217.34,1494
217.28,3039
216,3008
218.14,1583
214.97,577
216.8,1009
218.55,2367
220.81,2669
221.9,5700
221,1090
220.15,2455
218.8,863
219.12,1665
219.52,3991
217.95,2563
216.79,137
216.79,0
218.58,381
217.15,351
216.06,1463
216.46,1414
215.48,1283
216.99,752
215.74,978
217.2,959
217.96,792
218.44,557
218.47,401
217.55,210
217.16,631
217.89,103
217.81,126
218.52,108
218.65,780
217.45,542
217.89,513
217.01,704
216.56,952
216.66,2331
216.16,3344
215.87,9048
222.37,2818
221.13,2669
221.17,2320
222.27,8239
220.88,1920
221.59,1583
220.59,1095
220.91,2402
220.54,1234
220.54,0
223.67,253
224.9,912
225.07,1570
225.27,912
225.16,497
224.96,470
224.22,150
224.71,226
224.98,341
225.12,359
225.27,602
225.08,748
225.51,1594
225.51,2064
225.32,414
225.17,1279
225.51,787
225.67,1065
225.52,1027
222.98,283
223.48,386
224.39,100
224.39,0
224.87,3066
225.61,1268
226.1,692
226.18,1425
226.03,3997
226.34,10965
224.67,4018
226.02,1360
228.8,1588
228.6,2233
230.04,632
229.72,730
228.9,556
229.16,1330
228.67,2118
228.57,1198
227.01,1367
226.64,2564
226.6,2558
226.98,340
227.2,418
227.2,0
224.92,1255
225.53,209
226.04,167
226.22,577
227.04,200
226.92,770
225.7,1355
225.38,837
225.13,1706
225.25,862
224.76,538
224.26,1185
224.52,1275
224.9,200
224.27,751
223.09,638
222.97,971
222.84,700
223.59,1352
223.61,2121
223.06,1285
224.37,4464
223.98,12934
223.24,2381
228.59,1242
223.95,2732
226.1,6804
227.45,2066
228.59,2196
226.32,2214
225.2,2389
224.68,9431
226.37,2762
227.71,850
227.45,915
229.08,2089
230.21,4897
230.04,820
230.05,511
230.74,200
229.07,2927
228.98,1230
227.02,248
227.15,190
227.88,105
227.88,0
228.08,334
227.72,300
227.72,0
226.37,429
228.79,141
228.25,126
228.97,1362
228.37,300
228.17,598
229.85,1061
229.76,431
229.91,442
228.79,350
227.58,664
227.2,996
227.03,2742
229.79,1119
230.28,1682
226.43,1334
228.42,1376
225.68,3395
227.64,784
228.39,407
227.16,882
224.04,648
223.29,238
221.67,1637
220.8,3376
221.06,3754
220.54,1670
222.73,318
221.12,424
219.57,1377
220.74,409
221,543
220.28,940
219.73,795
219.29,877
218.72,1594
217.48,342
217.49,350
219.09,617
218.32,388
217.94,108
218.3,412
218.21,116
217.72,1116
218.52,175
218.92,628
218.82,1696
218.05,1313
219.27,7917
220.12,900
223.47,561
223.99,4738
223.99,0
225.14,825
226.01,261
224.99,504
227.38,201
227.95,1747
229.15,1671
230.16,722
228.99,502
229.48,776
228.72,304
229.64,644
230.42,611
230.39,1286
230.05,527
230.16,112
230.16,0
229.57,103
229.64,623
230.37,112
229.56,557
229.13,250
228.95,239
228.28,308
228.11,305
229.35,560
229.35,0
229.35,0
230.69,1536
231.06,986
230.81,261
231.2,302
230.63,287
230.93,100
231,418
230.13,302
230.31,744
230.16,1776
230.37,7758
230.97,37588
232.87,9488
234.51,1585
232.74,5859
228.37,2557
229.45,1816
229.2,1617
228.27,1770
227.94,1089
228.66,957
227.1,1580
226.85,1017
228.94,193
228.92,1674
232.15,733
232,1327
233.43,1895
233.22,1764
233.9,1407
232.31,422
232.31,0
230.83,597
232.15,146
231.85,100
232.75,236
232.85,882
233.03,1376
232.78,6180
234.42,1877
232.66,3261
232.51,2752
232.71,1594
230.88,247
230.92,860
231.22,803
230.94,2000
231.6,10686
232.27,6966
231.95,14434
232.01,605
230.55,1964
226.5,1751
227.25,3280
222.73,3918
224.27,3478
225.51,2262
226.68,3103
225.55,1248
224.62,2347
223.98,1014
223.42,670
222.92,1003
222.93,1570
224.71,5078
224.38,1450
224.01,654
222.81,395
223.07,731
222.52,893
222.43,606
222.3,1573
222.27,945
224.06,643
223.57,8042
224.19,1257
223.71,1005
223.67,4884
223.37,3922
223.57,2243
224.47,2389
224.03,1798
223.52,694
224.85,1120
226.95,580
225.93,1401
225.83,2989
225.05,2776
225.19,7249
227.55,2890
228.53,3766
227.65,6116
227.49,2685
230.1,2259
233.64,1953
233.08,1167
233.93,2528
235.16,1907
235.4,3055
235.21,722
234.04,502
234.03,1014
235.02,161
235.3,2050
235.61,670
238.19,1984
241.4,2633
242.11,1325
243.45,1156
244.25,1532
244.83,1632
243.85,671
243.01,3898
244.99,3492
244.08,1133
244.68,400
244.79,567
244.73,2592
244.48,1267
243.09,571
242.46,811
242.2,1337
241.95,1044
241.64,2121
241.35,553
241.98,720
241.93,3068
243.06,25259
245.44,6558
250.12,9883
250.6,2577
250.55,2888
250.96,3199
251.72,4699
251.9,1709
252.09,2829
249.88,3023
249.26,1956
251.39,5265
254.5,2333
256.15,4330
257.32,2506
258.53,648
257.66,101
258.16,1330
256.86,661
256.53,1084
256.82,1181
256.88,2157
256.53,2235
257.24,753
257.24,929
257.49,1189
256.29,2479
256.85,661
257.15,454
258.06,729
257.81,997
257.28,468
256.93,738
257.55,564
257.54,1109
257.15,1174
257.42,866
257.38,1474
257.48,2395
257.72,10891
252.1,13321
244.21,12367
246.18,4799
245.99,9287
242.76,5787
246.38,4895
245.77,9835
246.48,2222
247.69,3029
248.36,1991
246.38,4309
245.4,5689
244.9,4667
246.1,1442
246.94,1708
247.86,2533
247.85,1473
247.88,1203
248.04,722
248.52,1539
248.56,921
248.56,0
249.31,829
248.82,2578
248.95,1657
249.57,503
249.47,891
248.84,3129
248.84,3685
249.26,1743
247.9,1424
247.13,2552
245.78,4682
244.36,2902
245.42,3938
246.11,2891
247.34,5522
246.8,12789
246.21,30077
238.98,9789
230.39,9088
226.34,7426
224.58,14933
227.3,8535
228.68,5819
226.13,12109
226.06,2430
224.77,4527
225.59,12215
223.57,6433
224.46,20128
222.54,4539
221.82,2815
221.64,4646
222.55,3100
222.25,1887
224.41,4000
222.85,810
224.11,1021
223.36,1381
223.2,1225
224.82,1497
225.06,1144
224.68,2220
225.7,1882
226.04,916
226.21,2959
226.05,2703
226.02,3918
227.83,1273
227.79,895
228.96,1250
227.94,631
228.16,1432
229.88,1860
229.84,3250
230.97,6767
230.92,20017
221.65,2376
228.5,4640
231.63,1596
232.85,4248
233.98,6615
234.93,3492
233.62,1861
234.19,2206
233.39,1995
234,1472
235.34,1325
235.44,1171
235.09,2710
234.67,1415
235.87,1346
234.4,582
235.24,683
236.35,820
236.79,1230
237.04,2179
235.88,1363
237.25,1987
237.86,2222
237.48,1928
237.85,1201
238.25,1663
237.9,1197
237.42,2233
237.79,1645
237.27,1228
237.7,1139
237.48,786
236.81,1191
236.13,1447
236.31,1126
236.13,3364
236.55,1336
236.98,6591
237.71,14597
235.13,4224
236.4,2158
235.21,523
237.93,1744
236.6,1609
235.76,1532
234.85,2533
235.67,2069
235.55,878
235.11,1033
234.44,639
235.92,1025
235.16,656
236.6,784
236.09,124
236.92,885
236.52,423
235.88,734
237.5,270
237.54,354
237.54,0
237.81,845
238.14,105
237.2,100
237.84,520
236.82,370
236.83,275
236.73,330
236.73,0
236.73,0
237.36,204
237.91,382
238.64,105
238.52,830
237.55,420
237.89,1177
238.12,1786
237.84,2119
237.44,9403
241.21,3520
243.12,1954
243.74,801
246.36,2065
244.57,18638
242.22,3959
243.52,3628
243.19,2140
243.19,0
244.55,543
242.99,688
240.94,524
242.63,747
242.8,612
244.15,123
243.48,503
242.18,286
242.01,1245
241.08,1299
242.65,2158
243.14,389
243.14,0
243.41,111
243.41,0
244.78,1294
244.67,205
245.24,592
245.45,1868
244.86,759
243.91,102
243.66,364
243.99,240
244.64,207
244.26,212
244.5,140
244,1484
244.47,725
244.41,2031
243.66,4879
242.2,2985
242.94,2870
243.42,1273
242.51,2376
242.66,1791
241.85,2908
243.05,1923
243.11,1337
243.42,1031
243.2,381
242.75,2669
242.16,448
240.49,1594
240.96,202
241.13,619
241.57,662
241.23,945
241.18,420
241.26,1406
241.31,316
241.93,1592
242.82,117
242.95,508
242.85,1111
243.38,1461
243.52,2046
243.88,7542
243.34,1255
244.5,1144
244.06,1491
244.57,2592
244.09,4543
243.78,1128
244.44,4055
244.39,3748
244.5,2944
244.86,1115
245.4,3752
245.68,5259
242.48,2499
245.89,3389
245.57,1270
245.25,1866
244.73,1906
245.09,697
245.14,2471
245.36,899
245.38,445
244.71,1459
244.7,533
244.81,628
244.4,808
244.58,1913
244.46,1092
243.73,1449
243.52,2112
243.52,3609
243.32,1562
242.36,1240
242.28,1113
241.47,425
241.57,412
241.5,813
239.75,1336
239.01,2148
240.48,1494
240.04,1331
240.02,1992
239.16,924
239.39,675
239.84,1905
239.84,0
239.62,988
240.66,889
240.32,528
240.64,1774
241.26,3418
240.67,8077
237.44,1092
237.89,4214
236.59,2110
236.31,2987
236.43,6273
237.46,1006
237.38,6371
236.23,2753
236.01,1884
235.32,2225
234.82,2355
234.46,2065
235.01,2883
235,4423
233.77,2417
234.08,2172
233.16,1766
233.41,2018
233.38,2122
233.09,1485
233.38,906
233.71,436
234.05,445
234.5,628
233.76,1916
233.51,1254
233.02,1572
233.13,2425
232.78,1283
232.65,429
232.78,2020
232.13,876
232.91,1046
232.49,310
232.49,1352
232.45,4135
231.3,5521
231.11,7286
230.15,21425
225.17,3418
227.57,2361
229.2,3434
226.17,2289
224.02,1790
223.56,512
224.84,100
225.93,130
226.29,2194
224.19,1095
224.51,718
225.16,338
224.85,2259
224.73,2701
227.44,1445
228.33,190
227.5,1080
227.44,1622
226.14,1627
226.17,900
225.37,135
224.86,675
225.25,580
225.27,284
225.38,1063
225.46,746
225.93,947
225.23,729
225.78,978
226.56,652
226.16,725
225.59,649
225.82,2114
226.69,280
226.32,1733
226.67,477
227.01,1159
227.55,4619
225.81,8677
215.7,16910
213.63,3192
214.71,4637
214.29,4746
214.55,7906
211.29,3793
211.01,2140
211.57,9287
210.41,3495
211.12,7180
209.07,2878
211.51,1384
211.19,955
211.67,1301
211.27,3162
211.28,1006
211.18,623
212.47,733
214.01,443
213.76,1493
212.48,102
212.45,3363
212.35,4934
211.84,2641
212.29,2847
213.28,617
214.41,1345
213.9,1446
212.85,1141
213.29,1475
212.56,1787
212.9,700
212.57,5020
211.75,3213
211.91,4646
211.75,7130
210.6,7189
209.87,9839
210.38,18943
213.22,2087
212.91,4741
212.79,1645
216.27,428
214.91,810
213.17,1327
213.44,738
214.34,838
215.98,1547
215.92,981
213.78,2265
213.14,1459
214.25,1242
215.94,752
215.34,2092
215.03,1049
214.62,204
215.09,838
214.27,1859
214.06,920
214.18,475
214.33,2415
214.66,1642
215.39,1542
213.6,1561
213.32,2282
213.74,507
213.89,1902
213.72,1240
213.4,2135
212.59,1434
212.47,1954
211.93,3423
211.93,2781
211.63,4899
210.64,4010
211.21,4949
212.21,4379
212.84,10760
211.66,2362
212.99,2503
210.6,2431
211.7,2207
211.2,2485
210,2136
208.13,2129
208.19,2620
207.08,2471
206.41,1884
205.5,3291
204.43,1163
204.67,3864
204.87,4957
205.9,3712
206.83,1600
206.82,1071
206.41,864
207.11,1457
206.79,631
204.93,326
205.05,623
205.6,1093
205.62,1217
205.77,995
205.84,2253
206.3,1825
206.1,7625
203.39,5279
204.13,7124
202.49,7833
204,8504
206.38,8749
205.16,6952
206.1,5412
206.04,3967
207.57,6854
206.7,8420
205.81,23230
196.49,6705
198.25,5084
196.13,7990
193.38,3584
192.86,3623
193.29,3143
193.59,3657
191.71,2591
190.68,2634
189.54,2223
190.16,1563
190.41,1948
191.4,1586
192.49,2142
190.95,1749
191.12,5090
189.75,2154
190.61,1363
190.31,1240
190.21,1459
190.65,4122
190.98,1377
191.04,1389
189.94,2347
191.1,643
191.07,2553
190.26,2361
189.48,1671
189.42,2227
189.8,3567
189.38,3110
190.5,3101
189.6,3327
189.71,4443
191.24,5255
191.41,4129
191.53,6709
191.24,14029
190.56,30074
193.39,4352
196.48,1835
198.28,2695
196.78,6795
196.45,5102
195.1,4438
194.01,6561
192.35,6898
191.78,2727
192.75,2496
195.69,887
195.47,1173
196.14,2130
196.26,1546
196.51,1310
196.43,931
196.94,1795
197.03,944
197.85,574
198.52,335
199.17,911
199.03,3509
200.43,691
199.16,233
199.63,621
199.96,555
199.93,511
200.04,1050
199.99,2210
201.1,8561
200.94,20183
202.44,9514
202.66,5927
202.83,1519
201.37,1648
201.97,1414
202.47,2622
201.18,3693
200.84,13756
207.47,2658
204.28,3840
204.24,1556
205.75,959
206.02,455
205.11,1485
204.46,761
205.04,2188
205.72,950
205.4,996
205.29,872
205.64,1010
205.46,2595
204.66,2990
204.34,3141
204.09,2075
203.86,632
204.32,829
204.75,374
204.75,0
206.07,131
206.13,1054
206.29,373
206.63,559
206.63,0
205.99,110
206.06,312
205.99,957
206.12,200
205.79,1019
205.73,434
205.35,1099
206.79,872
206.65,914
206.75,1514
206.52,1469
206.41,3409
206.11,4570
207.01,13998
198.83,1707
201.72,2346
201.16,4246
201.83,1874
202.36,4194
203.57,988
205.07,401
204.9,1936
204.48,2213
205.1,1549
205.56,602
205.75,1505
207.06,1882
207.92,828
205.85,1001
206.18,1341
206.18,0
205.76,759
206.29,1191
207.46,1166
207.39,1477
207.41,927
207.17,1148
207.82,837
207.8,301
208.46,725
209.02,1479
208.66,1468
209.81,212
209.3,1930
208.86,205
208.99,1745
208.27,1512
208.33,1246
208.13,578
207.99,997
207.37,2992
206.54,8282
206.39,8883
206.89,278
206.88,1553
205.75,704
206.28,1993
203.95,817
205.14,607
204.74,3242
205.97,2862
205.21,886
205.53,2633
206.72,422
206.82,799
206.33,1958
204.31,4283
204.13,1388
202.03,1161
202.74,1270
203.01,2269
202.32,1482
200.9,2898
200.14,2642
199.56,924
201.27,274
200.99,2036
200.48,1954
200.12,1793
199.91,2026
200.94,1506
199.61,1412
199.2,1363
200.15,1792
201.01,1922
201.32,1937
201.33,1699
202.23,584
201.86,7119
202.5,3306
203.3,7039
203.85,12895
207.01,1903
207.35,1078
208.92,1876
209.57,3337
210.14,2262
211.05,925
212.12,3933
212.09,3733
212.04,2848
212.21,3614
211.12,3446
210.48,2183
211.5,1981
211.41,1123
210.86,1999
211.55,2699
211.51,996
211.62,943
210.57,831
210.82,3356
211.07,1671
211.39,2684
211.41,2609
211.46,2542
211.97,2610
211.55,1281
211.39,1722
211.28,597
211.47,955
211.98,778
211.86,1247
212.24,1070
212.44,1637
212.55,2960
213.09,3824
213.92,5185
214.55,6619
214.78,10134
215.03,17215
210.81,8006
215.37,4110
213.36,2861
216.4,2717
214.52,2802
214.81,4157
213.61,3315
215.19,2616
216.15,6486
217.29,1244
216.27,1971
216.87,5411
216.51,839
215.95,142
215.47,1848
214.29,583
213.47,114
214,917
212.74,1125
213.35,509
213.85,613
214.01,559
214.57,608
214.45,1071
213.84,516
214.37,1634
214.68,424
214.37,1021
214.89,1486
215.59,1345
215.77,591
215.64,929
215.26,917
215.11,1061
215.7,607
215.75,2279
215.73,3099
215.52,4362
215.61,11012
215.61,1340
219.07,3252
219.26,1118
220.88,2473
220.1,3565
220.39,1673
219.29,2564
218.49,1009
217.55,1170
218.69,2154
219.5,1008
217.44,3183
215.99,3645
214.74,2107
214.82,1602
214.56,2813
213.95,1296
213.9,4790
213.11,2966
213.56,5773
214.91,2280
213.78,3015
212.44,1670
212.56,685
212.84,502
212.28,100
212.48,890
212.98,803
212.27,819
211.9,783
211.74,467
211.65,1745
212.22,942
211.93,1684
212.27,1774
212.6,4824
212.57,5403
212.71,9948
212.31,17647
211.17,3067
206.6,3839
207.12,2796
207.04,2909
207.9,6391
206.54,3805
206.91,2517
205.14,2608
204.26,2655
203.11,2976
200.42,3381
200.43,1137
201.17,3013
201.87,1638
200.93,1747
201.04,2873
200.15,1362
200.39,900
198.63,3632
199.84,911
199.79,1980
200.72,2967
200.5,438
199.99,2809
200.35,1367
200.52,2742
200.89,1508
201.2,2708
201.14,2283
201.15,2192
201.21,1763
200.47,2636
200.32,3373
200.82,5435
201.41,4351
201.29,1414
201.47,5302
201.19,6691
201.47,15501
198.87,939
198.48,1303
196.82,792
195.66,897
195.64,748
195.87,311
196.48,2216
196.24,1489
196.7,515
197.5,585
198.83,988
199.78,2717
199.77,1174
200.15,1891
200.28,3359
200.26,1197
199.51,808
200.12,2710
200.85,4507
200.18,10425
200.38,431
200.27,1389
199.18,1101
198.48,608
198.66,3706
199.62,2154
200.27,2665
200,1487
199.45,974
199.58,988
199.71,223
199.19,547
198.8,1895
198.88,1507
198.61,2413
198.86,1438
199.66,2891
199.3,2378
199.09,13808
196.15,700
197.31,1444
197.51,1692
196.07,2615
194.09,1553
192.93,1390
191.88,1398
190.95,3100
192.67,2598
193.08,3269
193.7,689
193.39,412
193.45,240
193.39,200
192.62,561
192.62,0
193.56,1396
194.33,335
193.7,1550
192.84,207
193.12,211
192.84,239
192.7,303
193.04,1261
193.25,135
193.25,0
193.25,0
193.62,100
193.22,1507
194.38,1500
194.36,313
194.3,578
194.3,0
194.22,127
194.52,589
194.43,536
194.71,1405
194.57,1554
195.12,5299
190.56,2174
186.82,3513
188.01,2147
186.24,6127
187.05,966
189.29,2099
189.24,11353
190.73,2467
188.86,312
188.86,0
188.6,303
189,1006
188.73,601
189.02,201
190.01,4458
190.05,102
190,1152
190.16,1091
189.88,1314
189.31,419
188.2,743
188.65,332
188.32,332
189.53,120
188.91,353
189.39,819
189.2,477
189.22,667
189.1,258
189.37,319
189.86,848
190.23,571
189.53,670
189.33,608
189.99,737
190.25,2331
190.29,5110
190.49,26426
190.78,12058
190.1,3812
190.32,6690
187.56,583
187.54,1221
186.7,866
185.73,4213
184.94,832
185.74,1572
185.55,1130
185.87,2316
185.83,5107
185.51,672
184.91,417
184.48,417
184.68,200
184.91,4956
184.89,505
184.89,0
184.97,310
185.29,251
184.93,424
185.87,614
186.01,456
185.88,1130
185.97,836
185.9,586
185.8,571
185.83,1531
186.38,465
186.36,1392
186.97,2113
187.6,1327
187.82,364
188.44,1524
188.13,2002
188.35,877
188.8,1048
188.97,515
188.6,7688
194.59,5893
193.04,16972
195.67,19531
195.03,5183
194.59,7437
192.78,681
193.22,8672
193.18,947
193.46,2406
193.38,1267
193.12,799
194.23,680
194.03,1178
194.07,2031
193.64,1957
193.28,1475
193.11,1872
193.31,158
193.32,3771
193.16,3103
193.14,1386
194.2,1852
194.72,2564
194.12,1183
194.15,2298
194.32,2040
194.02,1302
194.17,2519
194.27,1765
194.4,1973
193.83,606
194.08,887
193.57,2496
193.3,14125
193.13,1588
193.11,2694
193,5636
192.76,3484
192.7,9928
192.7,0
191.87,554
190.62,1078
191.03,935
191.91,521
195.07,10211
195.31,2107
196.13,497
197.13,1006
197.21,1649
197.72,3605
197.34,606
197.71,1702
197.26,411
197.4,639
197.42,828
196.78,201
197.36,3380
196.02,1470
195.6,526
196.21,518
195.84,630
196.18,1112
195.91,605
196.97,846
196.79,6381
197.28,6749
197.49,2816
197.56,459
197.56,0
197.83,261
197.97,889
197.25,443
197.73,112
197.67,1196
197.11,1593
196.8,1306
196.49,1094
196.15,6705
191.2,1652
188.6,2200
188.83,2035
189.26,1663
190.26,3485
190.21,2168
190.01,2385
190.7,1369
190.24,1795
190.12,1147
188.77,104
188.37,552
188.7,2658
189.82,313
189,100
189,0
189,0
188.63,113
188.89,300
189.36,102
188.98,207
189.55,268
189.55,0
190.28,169
190.49,101
190.59,1316
190.97,1537
191.09,403
190.39,746
190.2,300
190.28,459
190.58,491
190.53,746
190.07,719
190.56,1252
190.65,326
190.48,490
190.31,3075
189.97,4027
189.02,4132
188.66,4411
185.95,4700
185.15,4212
184.56,987
186.48,1102
186,1091
186.33,398
186.44,1265
187.5,996
189.3,1418
188.14,1917
188.31,1202
188.94,886
188.96,1750
189.71,1374
188.48,696
189.07,738
188.87,635
188.96,831
188.34,1282
188.76,2857
188.9,381
188.69,2125
189.2,846
189.35,2095
189.26,3672
189.34,4099
189.25,501
189,450
188.79,520
188.34,622
188.34,0
187.89,1104
186.91,2591
187.3,3353
186.54,7470
185.62,5881
186.3,14604
182.49,4779
182.98,3233
185.6,1535
183.95,1251
183.75,1936
182.62,1700
184.28,1478
186.77,906
188.2,1416
187.11,400
187.71,101
185.75,204
185.53,601
184.76,1000
185.12,945
185.12,0
184.57,720
184.9,142
185.54,474
185.67,740
185.91,514
185.97,1051
186.02,1798
185.86,2553
186.38,747
186.38,0
186.87,314
186.44,1506
186.44,0
186.82,644
187.29,101
187.35,358
187.2,465
187.5,832
187.3,100
187.18,1183
186.9,2647
186.71,701
186.04,17148
182.54,3658
182.26,6088
181.67,4897
182.32,5330
182.07,4197
182.53,2664
182.8,2007
182.69,2219
182.87,986
183.69,1154
183.57,1318
183.69,867
183.6,750
185.04,310
185.3,351
184.43,463
184.39,4616
184.98,1941
184.61,2297
184.86,2424
184.76,1124
185.13,2513
185.15,2576
185.42,637
185.4,1346
185.4,0
185.74,242
185.46,898
184.68,341
185.54,1407
185.7,491
185.51,1911
186.29,1485
186.27,869
185.94,152
186.58,1238
186.69,839
186.19,1695
186.5,5226
190.08,1438
187.27,1483
186.9,1557
189.16,817
189.45,2592
187.3,1028
189.39,1364
188.51,100
187.97,402
188.92,100
189.46,200
189.85,1786
190.51,2303
190.49,427
190.35,302
190.37,312
190.34,1142
190.52,1061
189.56,1513
189.11,636
189.53,299
189.53,0
190.5,417
190.48,2808
190.8,312
190.8,0
190.03,391
190.36,257
190.55,533
190.27,242
190.17,475
190.71,331
190.56,583
190.21,841
190.58,782
190.56,862
190.41,1430
190.45,4050
190.12,17098
196.2,4585
195.89,2358
197.16,2278
197.61,2482
196.43,2424
197.01,1241
196.39,1665
196.72,505
196.83,802
197.23,885
196.44,769
196.47,756
195.95,1909
196.3,926
195.76,956
196.13,465
196.38,567
196.63,720
196.59,101
196.37,368
195.62,142
195.5,100
195.19,554
195.3,515
194.6,132
194.64,335
194.79,366
194.02,1994
194.07,1444
194.47,2346
194.28,766
194.61,630
193.4,1578
193.74,338
193.8,1100
194.05,1926
193.12,4161
193.11,6793
193.09,20442
197.93,346
198.78,1270
197.74,1259
199.97,1502
199.31,1045
200.18,1220
201.1,478
200.67,812
201.96,756
201.35,1006
200.91,728
200.32,1237
200.99,1158
200.1,3422
199.38,2000
199.32,845
199.79,666
199.85,772
200.68,428
200.61,389
200.58,1027
200.8,487
201.1,705
200.52,1086
201.05,102
201.05,422
201.21,313
201.32,623
201.54,1024
201.13,210
201.06,673
201.29,250
200.97,1048
200.82,741
201.39,970
201.46,1657
201.23,1099
201.1,3598
200.75,14023
201.07,1179
204.48,418
203.32,1522
203.44,1425
203.9,711
205.06,751
205.83,1287
207.36,1356
207.99,1075
207.97,1109
208.24,1871
207.49,1732
208.19,3100
207.62,301
207.84,540
207.97,1695
208.71,103
207.86,582
207.44,903
207.87,637
206.56,751
206.47,642
205.73,1009
206.16,414
207,209
206.94,592
207.14,1511
206.65,1238
207.15,1241
207.3,923
207.8,493
207.8,0
208.04,1115
208.75,588
208.5,404
208.92,1365
209.45,2071
209.06,2281
208.55,12469
209.26,1306
210.67,1804
210.23,1858
211.96,1268
211.61,1622
211.28,1012
209.65,764
210.56,612
211.52,275
211.43,1236
212.42,793
212.56,636
213.3,1840
211.81,842
211.77,1018
211.68,161
213.01,377
213.26,208
213.91,762
213.93,636
213.58,313
213.35,664
213.56,203
213.58,865
213.15,549
213.56,163
213.36,380
213.24,570
213.41,2426
213,2152
212.77,635
212.52,1234
212.23,991
212.55,230
213.09,1550
213.06,1535
213.06,3026
213.83,1439
214.03,10122
216.73,2445
215.02,1919
213.16,1219
211.72,2104
211.66,1954
212.44,1523
212.82,513
213.09,2476
214.43,428
213.62,2132
213.51,3032
213.62,600
212.75,539
212.38,1012
211.99,741
212.4,574
211.79,933
212.01,515
212.14,200
212.05,334
211.83,374
211.09,249
211.09,0
210.7,706
210.63,225
210.56,820
210.35,106
210.33,412
210.33,0
210.19,1026
209.75,1234
210.02,231
211.12,727
211.19,470
210.93,401
211.34,694
210.86,335
210.69,2635
210.76,5082
209.94,1222
208.2,2155
210.63,2043
210.38,1636
211.18,406
210.74,1349
210.73,333
210.73,0
211.48,165
211.46,100
210.64,106
211.29,253
211.29,0
211.29,0
211.61,102
211.61,0
210.66,300
211.05,100
211.51,100
212.23,2069
212.3,863
212.46,1505
213.14,625
213.05,752
213.39,302
213.62,513
213.6,565
213.55,870
213.73,488
213.89,935
213.87,2525
214.43,409
214.06,785
214.33,1214
214.31,630
214.88,1706
214.45,3002
215.7,4970
215.79,16003
216.85,1718
216.3,2205
217.05,442
215.7,904
215.45,4746
214.67,3123
214.35,1161
215.13,3700
216.14,2415
216.79,1288
216.82,1078
216.69,3037
215.54,2000
215.65,672
214.65,981
214.83,1697
215.14,1609
215.02,1714
215.57,513
215.12,1480
215.52,741
215.3,735
216.06,409
215.8,1396
215.9,968
215.28,2933
215.4,707
215.08,1176
214.9,779
214.92,1757
214.92,2607
214.44,432
214.49,787
214.47,2713
214.86,419
214.99,1941
214.9,1175
215.1,1273
214.5,4322
216.07,610
215.6,879
215.43,100
214.9,1536
216.12,1006
216.92,1523
216.8,1318
217.41,819
217.01,830
217.45,1453
217.26,649
217.7,116
217.84,473
217.41,467
218.11,417
217.81,1602
218.41,586
218.55,1044
219.07,1779
219.29,210
219.16,690
219.19,133
218.92,100
218.6,658
218.9,309
218.83,1739
219.25,769
219.1,553
219.2,604
218.97,1099
218.96,1465
221.01,908
221.43,1571
221.62,839
222.31,1515
222.88,1838
224.14,2367
223.36,4893
223.23,7474
225.93,3429
226.45,2992
225.59,7500
225.03,4746
224.1,2072
222.94,2782
222.12,2504
223,1583
223.84,1241
222.88,630
223.44,848
224.48,2273
225.53,2966
225.42,1022
226.19,981
225.44,629
225.24,1503
224.25,1750
225.22,260
225.28,233
225.53,580
225.38,689
225.55,788
225.64,372
225.59,367
225.89,1002
225.7,1071
225.55,3811
224.8,1389
224.99,1384
224.78,2415
224.87,1571
224.51,2100
224.4,2997
224.22,2588
224.55,5360
224.83,4755
224.05,4688
224.38,24754
227.32,1517
226.47,8326
227.13,2722
229.38,2871
231.32,1568
231.56,2838
231.73,537
232.1,774
232.23,2270
232.25,1468
232.64,1708
232.87,2173
231.96,1455
231.77,2157
232.16,4068
232.32,3309
232.21,1840
232.23,2171
231.83,2622
231.53,2108
232.06,1850
231.37,263
231.3,905
231.51,2278
231.56,538
231.41,1073
231.55,882
231.46,510
231.79,713
232,1739
232.25,2774
232.55,1438
232.53,3650
232.9,3807
232.67,1871
232.62,2485
233.03,3707
233.13,5962
233.4,19786
228.9,400
231.34,2201
229.82,1316
230.39,1663
231.51,572
229.04,590
228.91,776
229.6,208
231.18,110
231.18,0
231.02,804
230.64,143
230.63,590
230.35,200
231.39,284
231.33,350
231.14,311
232,100
231.87,391
231.71,891
231.04,607
229.89,2126
228.72,135
228.11,765
227.53,2481
227.04,1097
227.04,0
226.29,1878
226.64,975
227.89,503
227.9,320
227.68,598
227.3,429
228.42,731
228,2087
228.49,1209
227.71,1421
227.7,1029
228.05,8018
228.35,1559
229.72,1244
228.51,374
227.92,1107
228.59,2247
230.69,3385
231.81,673
230.81,814
232.75,911
231.89,1115
231.87,204
231.61,687
231.47,100
232.29,646
233.3,1411
233.96,2024
234.22,600
234.14,478
234.02,2369
233.98,1007
233.94,1192
233.96,1161
233.78,736
233.45,3678
232.6,2225
232.18,1441
233.05,1526
233.01,1403
233.51,505
233.01,317
233.69,693
233.52,1432
233.53,1136
233.66,1359
233.44,1250
233.14,3046
233.6,4307
233.02,5734
232.46,14295
233.78,2321
229.47,2664
228.24,1662
228.51,1555
229.05,1637
228.2,2886
227.65,3816
224.94,3622
224.95,2102
223.96,3390
224.39,900
224.12,1506
225.7,200
225.95,1441
224.91,401
224.77,1150
225.41,310
225.68,1143
226.44,1946
228.89,1023
228.53,324
228.4,1142
228.31,1453
226.82,763
227.32,201
226.7,576
227.4,2634
227.6,451
228.11,273
228.4,100
228.3,1080
227.57,721
228.19,585
227.83,922
228.3,550
228.09,247
228.46,3201
228.22,1828
229.13,7067
236.03,22971
231.16,5764
227.14,9727
224.99,3481
223.34,6744
221.38,2261
221.22,1733
219.41,2991
220.23,2645
219.69,3165
220.3,3917
221.84,2445
221.47,4216
220.54,2999
220.17,1773
220.78,1305
219.99,1191
219.72,1495
220.13,1853
221.76,1778
221.28,1192
220.8,2124
221.17,942
221.22,1957
221.55,3208
222.66,2924
223.84,3157
224.57,2175
225.83,1670
225.36,2131
224.02,1420
223.88,532
224.17,1224
224.08,772
223.94,1643
224.68,1770
223.85,3873
223.38,5981
223.66,17437
221.8,1346
223.37,2184
223.07,2157
229.13,4135
231.44,2379
230.67,3533
228.44,2086
228.1,1790
227.96,1888
227.96,2208
226.04,1279
222.81,4654
220.7,2747
222.62,1681
221.37,1048
223.02,515
222.13,1436
222.46,1637
222.95,1927
223,1682
223.8,663
224.78,200
225.19,893
226.43,1043
226.89,1127
227.57,1796
227.31,2919
227.13,786
226.38,237
226.67,549
226.49,755
226.49,200
225.76,532
226.22,108
226.18,460
226.33,706
226.32,1668
225.81,2267
225.55,7587
231.65,2212
234.35,2481
237.64,2378
235.88,659
237,1628
237.25,1234
237.09,581
237.12,1572
237.94,1060
238.4,1622
239.92,3936
240.62,878
240.62,3123
239.17,1544
239.33,100
236.86,464
236.13,752
236.13,0
236.13,0
234.81,427
235.35,401
234.59,829
234.59,0
235.64,544
235.79,150
235.97,100
235.82,268
235.34,1049
235.65,955
235.53,333
234.74,1591
233.59,399
232.98,768
233.77,1424
234.21,1063
233.48,1630
233.11,1566
233.21,2349
232.83,4862
231.79,1054
231.98,3097
231.71,300
231.71,941
232.26,1417
232.28,1485
232.69,279
231.68,1310
232.49,1766
232.5,2260
233.64,1921
235.64,1230
233.93,152
233.93,0
233.64,219
233.64,0
233.84,321
233.84,0
234.19,201
234.19,0
233.67,138
233.67,0
233.67,0
233.67,0
233.67,0
232.9,221
233.07,655
233.78,607
233.02,215
233.02,0
232.77,145
232.37,115
232.37,0
232.37,0
232.39,200
232.89,428
232.91,956
232.75,1959
232.51,6035
237.94,525
237.7,2342
241.35,2423
239.64,1246
240.78,1311
238.88,405
242.04,579
241.62,2603
240.76,346
240.99,3019
241.19,1014
240.2,858
241.36,3308
242,1723
241.97,1053
242.34,170
242.41,2969
242.43,2668
243.04,1363
243.13,1065
243.18,1825
243.57,1051
244.08,1818
244.6,5468
244.34,5305
244.86,3207
246.09,1830
246.08,941
246.05,1153
245.59,246
245.93,1156
245.95,2213
245.56,2149
245.81,1787
245.85,5537
245.8,2726
246.3,3456
246.25,4336
245.97,12866
251.11,2856
252.44,2544
253.26,3353
252.04,4679
252.65,3099
252.59,2317
251.9,640
252.23,1978
251.6,695
251.99,1068
251.68,2107
251.78,1629
252.25,1911
250.84,1972
250.77,2096
251.82,822
251.07,507
251.07,0
251.07,0
253.76,460
254.62,2565
255.71,2580
256.24,2819
257.4,3467
257.71,2107
258.42,442
258.42,1258
258.18,3054
255.82,519
255.52,479
254.92,1175
254.23,1797
252.95,4461
253.06,1589
253.22,1070
253.1,1711
252.9,3528
252.14,5594
252.22,12945
255.2,1582
256.51,3736
257.63,3038
258.2,5261
259.32,5412
262,4337
261.03,3076
260.44,2394
261.6,1341
263.24,1511
264.44,1595
264.99,838
264.38,1265
263.99,5278
263.97,2747
263.2,1161
263.7,1059
264.5,2906
265.03,306
264.84,384
264.72,565
265,895
265.4,756
265.54,273
265.54,918
266.33,310
265.93,101
265.85,1395
266.11,118
266.06,1140
266.32,516
266.36,318
266.36,0
266.27,446
266.05,833
266.01,1437
266.27,2269
266.75,6150
266.87,17229
263.08,2550
266.42,2269
268.31,4944
266.35,2774
267.24,2123
267.97,2610
270.36,3867
271.78,3617
271.54,2054
270.32,3439
270.43,2766
270.22,4054
272.81,420
272.62,454
273.86,485
272.85,2418
273.46,1627
273.02,738
274.3,1453
273.76,2024
274.19,2111
274.61,1109
274.42,2118
273.49,1028
273.46,200
272.05,510
272.27,714
271.88,896
271.03,338
270.89,654
271.43,648
272.22,631
271.63,358
271.79,130
271.85,1680
272.02,566
271.93,1168
271.14,3920
271.3,9440
269.91,1944
270.08,1606
268.07,1182
269.19,1728
267.72,863
267.38,980
266.68,944
265.38,1761
266.31,523
265.6,2134
263.88,1506
266.74,1609
267.39,1417
267.83,479
267.04,1092
266.77,262
267.95,100
267.86,448
267.86,0
266.7,246
265.94,592
265.89,261
265.99,597
265.85,410
265.88,220
266.19,420
265.85,1621
265.55,1686
265.89,1362
266.81,1221
266.27,1677
264.35,459
263.98,992
264.7,1505
264.53,2055
264.46,1551
264.82,1532
265.94,3708
266.31,6524
263.19,2502
266.13,1827
264.49,1671
263.7,2487
263.24,2465
264.05,443
263.31,1564
263.46,1019
263.47,883
263.22,1268
262.96,612
262.37,256
262.3,203
261.05,725
261.09,1467
260.96,2356
261.09,250
261.38,389
261.96,486
262.34,491
262.43,589
262.45,238
262.34,363
262.13,744
262.89,483
262.99,104
262.7,834
263.14,684
264.22,110
263.59,100
264.72,200
264.14,942
264.17,629
264.29,196
263.19,888
263.02,1209
263.24,1184
263.72,2231
263.88,5608
264.41,2879
264.76,2700
266.67,3007
266.2,2288
263.95,1211
264.76,702
264.88,1294
264.03,2037
264.17,600
263.28,903
264.06,234
264.16,928
265.03,417
266.16,120
266.09,156
266.54,1496
266.8,909
266.36,666
265.65,1869
265.71,447
266.49,595
267.38,946
267.74,310
266.91,330
266.39,445
266.49,307
266.47,342
266.52,521
266.55,430
266.38,1171
266.24,522
266.94,542
266.98,506
266.68,1671
267.2,542
267.18,438
267.11,964
267.04,2649
266.53,5165
261.55,708
259.14,1593
257.42,3096
258.14,870
257.83,1751
256.88,998
257.13,1148
256.79,715
257.25,1911
255.47,2160
253.65,2160
254.41,2163
255.21,1085
255.57,2083
255.77,2269
255.2,778
254.84,1596
255.49,405
255.43,520
256.24,366
256.04,401
255.85,432
256.31,695
256.31,0
256.52,867
256.61,616
257.04,646
257.17,489
257.61,788
256.99,711
257.05,1087
257.05,815
257.09,664
257.05,975
257.14,886
257.18,1324
257.25,716
257.48,2415
257.26,10346
252.14,3159
255.8,2375
256.8,3969
258.75,2744
259.75,3226
262.14,917
260.83,1811
261.74,200
262.79,1556
259.54,1470
259.82,312
261.6,815
261.21,4928
261.28,1781
260.74,719
261.15,511
261.92,2501
263.29,709
262.81,622
262.72,652
262.54,300
262.99,200
262.76,260
262.61,979
261.81,632
261.6,2463
260.96,341
261.46,1366
261.73,997
261.26,299
261.1,340
261.74,419
262.09,638
261.92,504
261.99,848
262.25,2121
262.49,1566
262.5,2448
261.93,24431
264.33,2115
264.46,1224
267.73,1285
267.69,1528
269.56,1069
269.48,733
267.64,991
268.54,352
269.11,403
268.97,1390
268.63,1201
269.03,1431
269.13,2361
268.59,1003
268.3,731
268.12,301
267.8,204
266.95,945
266.73,321
266.79,200
266.25,100
267.01,374
266.57,911
265.92,179
266.36,826
265.92,271
265.47,449
266.03,657
266.62,814
266.68,581
266.31,901
266.77,110
267.34,679
267.48,100
267.78,1557
268.19,959
267.71,1478
268.27,2165
267.61,7452
267.25,4078
269.21,625
268.56,1145
268.75,1592
269.83,101
269.5,345
269.06,343
268.46,295
270.01,817
270.44,803
270.44,0
272.06,647
272.8,1719
271.65,577
271.7,883
271.7,0
272.69,613
273.01,200
272.99,100
272.02,581
271.04,375
271.59,427
272.2,337
271.67,214
271.67,0
271.21,224
271.48,103
271.48,0
271.89,340
272.01,110
271.68,134
271.83,822
271.74,317
272.36,113
272.64,100
273.2,323
273.03,650
273.75,1986
273.78,6174
276.55,3017
282.24,1471
281.02,1575
282.75,1294
281.13,2239
280.91,1610
280.25,2642
279.35,1238
276.31,1472
277.18,1216
277.09,554
276.31,923
277.64,1981
277.67,1217
278.13,342
277.8,793
277.47,2311
277.43,2251
278.81,2612
279.4,2348
279.59,1061
280.77,3921
280.22,406
280.89,2236
281.16,916
280.69,200
280.71,200
280.43,764
280.91,122
280.92,634
280.53,410
280.55,1348
280.51,3641
281.05,1390
280.66,1801
280.51,707
280.32,1630
279.76,4671
281.27,7489
281.55,2386
279.69,658
280.61,184
280.16,469
280.16,0
280.23,222
277.31,1304
275.73,767
276.88,1341
275.72,3217
274.94,302
273.62,879
274.19,652
274.19,0
275.28,477
274.67,300
274.45,241
273.99,283
273.99,0
275.16,212
275.81,468
275.8,602
276.41,300
277,633
277.08,952
277.71,505
276.79,310
276.99,210
276.09,100
277,199
277.58,485
277.09,943
276.75,311
276.67,1126
275.16,794
274.82,623
274.7,737
274.34,1000
274.5,4732
268.2,1507
272.74,461
275.28,410
273.57,1116
274.68,1521
274.8,1312
275.28,669
273.25,1627
273.02,665
273.87,1021
273.11,1080
273.53,1051
273.1,1682
272.23,108
273,681
273.48,807
274.07,252
273.44,401
273.37,120
272.78,300
273.53,100
273.1,100
272.8,553
272.2,1079
272.92,242
273.47,674
273.67,1047
274.16,1291
274.39,654
273.71,614
273.52,401
273.94,187
273.76,471
273.69,207
273.29,100
273.32,311
272.69,1492
273.13,1023
272.17,7757
273.49,1725
270.56,7547
266.72,7580
267.55,2043
266.02,4036
265.32,763
264.48,2111
263.24,1716
261.01,2274
262.62,3936
261.65,1883
262.14,2546
261.38,1254
262.15,4677
262.48,2918
262.55,1418
262.89,6293
263.04,5550
262.15,2831
262.09,1736
262.24,1138
262.36,2296
262.23,1907
261.09,2067
259.74,1663
260.52,2168
260.74,1969
261.03,2099
261.31,2405
261.6,2694
261.23,1214
261.45,3829
260.85,2385
261.41,6957
261.9,3577
261.15,3595
261.32,6981
260.29,12037
259.82,27873
259.14,6745
258.36,2585
258.12,7410
257.01,2069
257.04,716
259.33,398
258.46,1493
256.99,1837
258.42,2133
257.46,3806
255.82,585
256.86,1880
256.19,3580
256.35,1092
256.7,1630
257.79,2075
257.36,965
257.5,1119
257.18,558
256.95,1458
257.4,721
257.2,1369
257.54,287
257.65,868
257.67,914
257.21,536
256.8,476
256.8,0
257.22,1575
256.42,1012
255.8,576
255.12,1702
255.36,2925
255.39,742
256.04,1911
256.87,1009
256.8,2797
256.36,5107
255.87,22705
249.24,1503
249.5,2282
246.88,6107
243.89,3530
243.12,4098
241.74,5277
243.77,4753
243.71,2856
241.07,6320
241.84,5982
242.01,2318
240.01,4273
239.71,2254
241.02,1393
240.27,1534
240.13,467
240.26,1672
239.58,1171
239.84,1274
238.76,748
238.81,2062
237.92,3440
239.02,3735
240.23,1706
240.65,1762
240.75,1351
240.14,1105
239.9,485
239.94,1216
240.39,2049
241.98,2080
243.19,3329
242.35,1772
242.44,817
242.86,782
242.52,1422
241.57,1927
242.31,2193
242.15,9066
249.77,3402
247.03,1692
247.25,2518
247.22,2050
250.16,379
249.42,1703
250.68,3870
252.32,4848
252.16,1937
251.8,2901
252.01,1126
252.17,2229
251.95,813
252.31,1344
252.4,1203
252.4,2449
252.19,3333
250.84,550
248.85,201
248.06,410
248.21,559
247.17,576
246.94,1254
246.46,338
245.91,200
246.21,1268
246.15,980
246.98,541
246.84,418
246.92,522
247.64,448
247.9,587
247.77,809
247.89,801
248.63,1636
248.38,1808
246.86,1080
246.1,2236
246.84,7251
256.72,3803
254.88,2254
252.4,229
252.91,1978
249.44,2148
250.96,3351
248.03,4412
249.25,536
251.56,1541
251.7,2414
252.76,418
251.9,1482
253.16,168
253.02,504
252.73,510
253.72,306
253.72,0
253.72,0
252.02,1162
251.39,613
251.32,2402
252.61,1205
252.4,2757
252.34,2790
251.69,1850
251.54,2578
250.73,2680
251.08,776
252.49,671
252.94,200
253.08,460
252.88,1416
252.81,1077
253.11,920
252.78,667
253.53,827
252.6,1098
251.98,2162
253.49,16007
252.17,1026
257.25,838
256.73,1014
254.34,200
253.24,734
254.35,123
255.76,419
256.57,872
255.78,562
256.68,903
256.36,720
255.61,1150
255.49,1827
256.38,424
257.96,620
258.44,941
258.54,455
258.17,1266
258.64,1647
258.84,761
259.14,400
258.56,427
258.69,1101
258.69,0
259.12,361
259.42,200
259.45,1574
259.62,1379
260.23,969
260.27,1163
261.2,1124
262.72,654
263.29,2292
262.87,1478
264.2,2794
263.55,2521
264.92,4476
264.75,8132
265.57,15006
266.75,2800
265.77,2396
270.51,5473
273.5,4455
272.31,5455
272.01,5601
271.63,3092
271.72,1028
270.85,2558
273.76,983
273.52,2153
275.2,1730
274.96,4521
275.5,1487
275.93,473
275.18,2956
272.97,750
273.36,2300
274.12,4312
273.73,848
275.09,104
275.15,1815
276.7,1994
276.82,602
276.79,329
277.58,120
277.32,1351
276.92,972
276.41,572
276.09,127
276.58,128
277.35,415
276.71,1095
276.21,3683
275.15,5644
276.16,1126
276.73,872
276.1,3797
276.19,9465
282.44,5219
283.82,12310
283.98,14159
287.25,3350
285.45,3782
284.32,3886
281.67,3039
281.81,1856
283.65,1108
283.09,1567
283.18,1332
284.08,2099
284.26,1103
284.5,1188
284.01,2049
283.9,2838
282.56,1684
281.96,776
281.98,890
282.88,400
283.82,622
283.65,1471
283.61,606
283.94,1740
284.63,435
284.48,300
283.87,950
283.39,1501
284,2129
284.66,1051
284.66,618
284.02,2409
284.08,2356
284.02,3507
284.71,2370
286.08,1011
285.86,3646
285.83,4423
284.68,23785
283.59,3991
279.01,11140
280.85,2685
280.88,1984
281.13,1918
281.72,3250
280.81,4019
282.2,2929
282.68,1024
280.48,1728
279.14,1499
279.3,692
279.77,739
279.5,101
280.62,409
279.72,362
279.99,514
279.97,686
280.06,355
280.7,416
280.54,1147
280.64,818
281.75,200
281.39,831
281.87,712
281.91,628
281.49,2168
281.19,691
282.06,1343
281.76,433
281.92,713
282.33,565
283.81,1631
283.59,1736
284.32,2388
283.58,2150
283.55,665
283.22,1252
282.79,5645
273.65,6860
274.26,5286
278.72,10663
282.29,10980
288.13,7496
289.5,6548
291.7,4236
287.26,3117
284.07,4621
284.93,3516
284.07,2007
285.69,481
286.32,2282
286.24,1018
285.95,614
286.39,1222
288.09,1583
288.71,678
288.12,2351
288.14,2965
289.94,1035
289.27,1295
289.4,3786
289.93,3473
290.52,3577
290.6,888
289.9,895
289.8,2622
289.2,2863
288.58,2668
287.59,2821
287.1,1630
286.42,1168
286.82,1585
285.62,1079
285.2,1655
284.43,3364
284.36,3522
283.12,13457
282.69,5864
283.36,938
284,2365
287.64,5083
291.67,4100
289.63,5587
286.63,2051
287.47,3185
290.96,2669
291.68,1393
291.56,937
288.67,1262
288.75,214
289.74,767
290.52,140
291.2,786
291.24,1376
291.72,1262
291.31,1165
291.91,419
291.91,0
291.94,103
291.95,853
291.7,419
290.92,475
290.73,1243
289.88,488
289.55,451
288.96,809
289.28,1512
289.63,1726
290.71,2425
291.09,1956
289.8,1473
291,969
289.64,1249
288.84,2427
289.85,2378
291.52,7519
288.72,1436
287.44,2148
285.06,2990
283.85,1814
283.24,354
282.25,2706
279.85,5698
277.75,982
276.36,2315
274.59,2605
276.69,1382
277.6,656
278.47,1306
277.99,1276
277.37,849
276.47,1414
275.06,1001
275.77,100
275.54,1116
275.83,2125
275.73,1397
276.27,415
275.97,583
275.61,1798
276.11,539
276.61,710
276.36,1025
276.1,1138
276.1,0
277.59,877
275.93,238
275.38,218
275.5,1067
275.98,1076
274.49,1079
274.28,1175
273.6,1214
273.09,2142
273.78,8370
267.84,1533
267.93,2552
266.74,774
264.58,2115
265.15,1360
267.43,2494
268.49,3597
271.1,1917
269.66,3793
269.27,1948
268.18,1567
268.91,3288
269.53,2484
268.71,767
269.45,1074
269.15,698
268.83,870
267.67,557
267.88,1877
267.27,2110
267.27,0
267.14,584
267.39,5630
267.15,148
267.61,1331
267.97,501
267.33,565
267.91,503
267.37,163
268.46,299
268.67,841
268.73,585
269.57,1156
270.29,1294
270.74,649
271.69,1457
270.93,1191
272.55,976
273.2,11262
269.95,651
274.49,1798
274.9,143
275.55,121
275.55,0
276.2,457
278.51,1770
278.83,1317
280.81,2403
278.62,1822
279.08,1459
280.26,1919
280.19,614
279.86,430
280.4,989
280.18,952
280.35,474
280.75,647
279.82,1352
280.58,461
280.49,1147
280.61,369
280.6,1292
281.32,967
281.57,951
281.39,1227
281.95,988
281.76,1089
281.17,869
280.43,1183
281.2,1968
282.21,511
282.4,724
282.08,2544
282.14,1508
282.01,4791
282.62,3504
282.99,412
282.45,13225
277.99,3741
276.11,3724
276.66,1621
276.62,1104
275.94,1413
275.8,1601
275.36,625
275.25,1643
276.74,351
276.24,2644
276.58,1263
275.16,679
274.97,317
274.89,456
274.97,425
275.85,972
274.97,440
274.6,304
273.99,411
273.94,3208
273.97,344
274.09,857
272.91,529
273.7,363
272.68,435
271.83,1992
271.7,1201
271.1,1388
272.08,461
272.35,330
272.35,0
271.02,1018
272.27,613
272.72,970
272.53,635
274.28,923
273.5,884
275.13,2382
275.16,3880
276.82,814
275.9,1640
275.18,3358
271.96,874
276.71,1660
276.02,721
276.79,1776
278.24,1026
277.88,638
277.02,828
276.63,1347
275.83,2798
275.83,1110
277.99,1698
277.73,555
277.15,120
277.42,100
277.39,409
277.28,2055
277.6,447
276.53,108
277.45,989
276.8,101
276.87,100
277.48,1622
278.15,630
277.8,661
276.67,658
275.29,3013
275.64,315
275.41,634
278.49,1102
279.93,1674
281.21,449
278.16,686
278.87,5144
275.7,1940
274.79,2772
273.1,8272
275.52,1823
267.5,3013
267.7,3874
266.3,3050
264.83,2996
264.74,3067
264.18,2770
263.69,3006
261.65,2072
259.71,1610
260.6,3701
260.29,1370
261.05,1033
260.05,1429
259.64,1827
259.13,684
259.89,1325
260.34,2269
260.14,4380
259.54,1909
259.7,1474
259.84,3093
259.53,1005
259.02,1146
259.18,2518
259.17,1571
258.88,2674
259.81,1663
258.38,640
258.48,3318
258.78,2813
258.9,2648
258.72,1925
259.8,794
260.58,2154
260.29,2329
260.35,1489
260.82,2593
261.28,4790
251.86,3444
252.63,1189
249.81,7036
249.54,2308
250.46,898
249.22,1142
249.94,1170
251.1,471
249.94,2054
249.05,1827
249.73,426
250.6,1676
250.32,4967
251.17,5554
250.62,2323
251.27,2061
249.99,3246
250.48,1659
250.81,2046
251.3,1933
251.6,3602
252.53,1063
253.28,1519
253.56,1650
251.95,1543
251.4,1969
252.35,918
252.03,2079
252.79,3512
252.24,2228
253.08,2723
252.47,1592
252.33,4597
252.13,3860
254.03,884
254.61,1059
254.54,3070
255.18,3376
255.11,17582
253.6,4594
257.23,15353
254.53,1846
257.52,1417
256.85,709
261.19,3725
259.73,2626
259.17,1762
257.63,1673
255.38,2774
253.59,1255
253.76,2144
253.53,2130
253.26,10772
253.35,1700
253.23,2047
253.95,1217
254.7,2865
253.32,2740
253.34,997
254.29,580
254.25,350
253.43,623
253.8,859
253.46,715
253.43,200
254.01,531
253.11,455
254.19,3254
253.66,1307
253.14,862
253.52,1727
254.2,2061
254.16,2668
254.23,1110
253.95,1172
253.15,1413
253.18,1664
252.98,14771
259.5,12700
259.53,1366
260.07,1149
258.95,731
259.05,3399
261.05,2181
260.67,1655
261.55,1797
261.39,653
260.99,1442
260.86,368
260.32,2699
258.07,456
257.33,262
257.28,294
255.94,1278
255.63,544
253.73,2053
253.73,0
254.59,524
253.73,736
253.57,779
254.09,377
253.76,326
253.72,200
253.91,208
253.91,0
254.96,501
254.96,0
254.65,447
255.41,100
256.46,1014
257.41,632
257.34,637
257.34,0
257.18,405
256.74,663
255.74,464
256.66,4734
254.4,4105
254.42,826
256.44,2698
257.39,856
253.65,2452
253.84,1233
255.26,313
255.01,909
256.46,2094
256.91,205
257.5,1697
256.35,1183
256.7,552
256.41,889
257.38,303
258.42,862
259.78,594
258.81,300
258.45,531
259.94,612
259.05,210
259.58,1322
260.04,100
260.06,980
260.06,0
260.72,100
259.57,664
260.57,823
260.81,247
260.46,610
261.47,135
260.81,206
261.08,116
261.27,100
262.35,1657
262.73,600
263.9,411
264.77,3045
265.02,17896
265.02,0
259.35,3203
256.16,1221
257.33,1291
253.27,1909
252.75,561
252.77,5750
253.62,470
253.5,2492
253.27,1335
255.17,1407
253.04,605
253.33,1103
254,352
255.27,1018
254.79,108
254.27,104
253.98,529
254.68,100
254.64,239
254.07,479
254.36,238
254.2,140
253.26,1238
254.81,1789
253.87,931
253.02,2816
251.95,1746
251.63,2224
250,1332
250.32,887
251.14,450
250.97,1472
250.27,1973
251.16,324
251.51,1296
250.82,2664
252.31,3014
252.95,9946
252.77,775
250.1,815
252.99,493
253.21,3114
253.51,1092
252.74,1383
254.82,1419
255.39,2225
256.15,2094
256.31,3018
257,720
257.08,965
256.91,825
256.19,210
255.96,762
255.45,1598
255.21,262
255.34,927
254.75,703
255.74,337
255.74,0
255.66,216
256.2,303
255.64,254
255.71,426
254.57,404
254.03,646
253.42,396
253.94,543
254.02,330
253.37,200
253.32,1248
252.95,1434
252.95,3413
252.63,585
252.41,731
253.05,1170
252.58,1588
253.07,5796
257.26,1457
251.37,4097
255.44,372
256.72,4060
258.67,2046
257.68,2235
257.27,6474
258.4,1973
256.41,1191
257.49,2720
257.61,2515
256.48,1519
257.06,908
257.5,1885
258.05,604
257.22,837
257.91,910
256.54,800
257.44,258
257.08,606
256.94,120
257.26,660
257.46,725
257.16,4105
257.42,1571
258.45,1811
259.13,801
258.61,1964
259.11,2053
259.22,3400
260.26,3226
261.29,1319
261.95,424
261.33,908
262.15,1119
261.68,1245
262.25,3823
261.3,3786
261.17,6804
271.45,4707
269.66,2789
268.29,309
268.09,1670
269.33,485
269.63,2308
269.88,1248
270.68,1133
271.04,2637
270.81,483
271.45,1298
271.97,963
272.14,1444
270.73,136
271.47,127
271.55,671
271.43,1136
269.57,538
270.6,446
270.7,439
269.53,401
269.61,418
268.86,721
267.62,484
268,210
268.83,312
268.83,0
270.24,420
270.24,291
270.31,904
270.31,0
270.09,393
271.16,654
270.34,241
270.08,497
270.72,902
270.33,2402
270.69,4612
270.07,10317
267.33,1483
262.94,1113
263.02,1122
261.8,2159
259.04,1961
259.97,2338
259.05,5231
259.77,4094
259.9,2601
258.81,1747
258.52,2451
257.39,3232
256.97,3446
257.11,1263
257.03,2682
256.76,2032
256.85,3742
260.55,3634
258.81,1042
258.56,2203
260.31,1400
260.65,863
261.65,302
262.74,1022
262.85,1393
262.62,543
262.62,736
262.9,325
262.47,1377
263.16,727
262.39,456
263.3,354
263.12,983
264.63,1456
264.69,947
265.55,2005
264.1,1645
264.16,1754
263.96,7658
263.65,951
267.72,1007
270.15,1154
269.64,2114
267.94,762
267.22,230
266.42,1230
267.57,793
268.76,1201
269.91,1263
268.09,3317
267.94,7121
267.65,2158
268.8,2901
270.88,1623
269.15,441
269.5,1089
269.34,2724
270.35,1379
269.81,546
269.71,558
269.61,2568
269.77,753
270.48,748
269.81,435
269.69,430
269.69,0
270.19,685
268.99,534
268.38,514
268.3,414
268.22,153
267.51,222
268.4,319
267.86,722
267.86,0
268.47,893
268.06,685
268.06,5995
262.96,1187
261.24,532
257.35,1076
256.13,1792
254.46,6165
256.37,523
256.11,1981
257.3,750
259.28,1820
260.36,1253
260.99,876
259.61,562
260.04,577
259.79,1350
259.52,1297
259.3,400
259.61,1064
259.08,771
257.86,1112
257.14,1343
256.29,3279
255.67,1206
255.8,1296
257.2,678
257.81,1257
258.48,200
258.26,316
258.26,0
257.99,858
257.9,263
258.14,2027
258.03,200
258.03,0
258.74,222
258.61,513
258.47,2019
257.47,4515
258.34,1733
258.41,7572
257.52,1363
260.42,3303
262.51,5737
262.21,4127
262.24,4348
263.96,723
262.66,4333
261.83,3836
262.22,10468
261.93,7354
261,767
262.34,1195
263.1,797
262.87,151
264.69,440
264.36,125
264.16,417
262.82,102
262.63,303
262.63,0
262.74,477
262.2,100
261.73,1219
262.01,800
261.95,212
262.68,243
262.68,0
263.52,151
263.76,834
263.27,100
263.52,239
263.12,364
263.12,0
262.74,150
263.03,700
264.7,2085
263.65,803
264.61,1959
265.13,6962
261.16,3831
260.32,2152
262.26,9752
260.35,30782
258.65,11614
256.56,4758
256.33,9431
257.65,1470
257.17,1298
257,2793
257.17,3633
257.07,2470
256.98,1623
257.34,456
258.65,457
258.25,1322
256.84,846
259.41,2209
259.6,1283
260.15,307
261.26,1626
260.87,2027
260.87,5486
260.98,4114
261.03,15988
260.89,2372
261.33,2550
261.04,3607
260.72,11304
260.73,969
261.94,603
261.69,3173
260.89,32036
259.31,26558
258.67,1329
258.53,1233
258,1585
258.36,2239
259.54,17271
259.04,5281
258.52,12831
253.03,47839
254.11,27227
253.92,21021
254.17,13023
253.81,682
252.16,7056
250.21,19983
249.32,10081
243.64,9754
244.57,9128
241.51,7062
242.28,1697
241.6,3253
242.47,4406
240.53,701
238.63,3138
236.81,1171
237.52,5888
234.71,6512
236.71,1222
235.4,43005
235.21,74400
238.08,20221
238.4,8354
238.17,1976
238.8,8347
237.94,5837
238.32,11106
240.76,23463
241.2,27051
240.92,15187
242.06,15120
241.92,10760
241.12,7188
241.59,11100
241.91,13662
239.37,25273
223.96,34547
224.56,2904
228.03,7057
225.53,5466
228.32,5764
229.49,2487
226.73,6860
229.07,2102
231.22,4603
232.5,6554
237.58,4965
240.25,5412
238.09,2018
241.47,1191
239.73,2067
238.78,3503
237.27,4630
237.04,507
237.96,487
238.81,1477
240.47,1149
240.7,244
240.18,518
241.78,554
243.35,1512
243.44,337
244.25,2049
244.04,6583
244.77,2313
244.91,15248
244.63,3112
242.93,1748
243.76,1452
243.84,858
244.17,371
243.87,720
243.91,3869
243.79,3005
243.74,11500
247.72,4090
244.2,1843
239.1,20918
233.32,14139
233.26,11882
232.36,2238
234.47,1195
233.4,2482
232.95,3045
234.66,4208
235.75,13708
235.98,29876
237.02,3927
235.32,1718
233.78,5979
233.02,857
232.57,1660
231.72,4335
232.96,1902
232.77,1295
231.91,2831
231.99,3147
231.41,17554
231.91,5640
232.34,4331
232.13,2289
231.92,7990
230.88,1598
229.33,828
228.69,955
228.92,889
228.86,1680
228.64,815
229.01,328
228.6,4498
227.91,2500
227.67,2861
227.7,2313
227.74,17287
236.15,3751
234.45,1297
234.62,2354
236.68,1231
236.92,745
238,1993
237.82,2124
237.49,1958
236.09,3074
235.91,434
236.23,1336
236.1,926
237.22,1210
237.82,1059
237.73,2317
238.32,453
238.32,0
237.37,1157
237.71,515
237.47,825
236.36,1067
236.23,947
236.64,573
236.6,330
236.82,243
236.38,280
236.45,438
236.31,1380
235.1,1108
235.21,361
234.92,357
234.97,1249
234.67,1530
234.02,1927
234.05,775
234.16,12121
234.99,1572
235.25,7206
236,21541
244.41,4112
242.07,2813
243,1100
240.71,1578
242.06,1255
241.48,294
240.56,15561
240.29,7601
241.17,245
242.41,312
240.74,204
240.39,862
239.4,2659
238.7,2088
240.19,569
239.52,552
240.36,572
239.8,644
238.94,492
239.93,304
240.22,1076
238.81,982
239.77,168
240.16,682
240.74,215
241.68,242
241.98,212
241.04,472
240.61,110
240.44,708
240.17,316
239.72,960
238.61,509
238.82,850
238.87,788
238.79,1402
239.47,739
239.89,1864
239.51,6214
237.83,1542
237.97,1828
236.82,5377
237.16,2924
240.3,3547
241.1,3249
241.3,606
240.98,1148
240.42,2343
239.78,403
241.33,250
241.38,998
241.33,576
242.29,2477
243.7,3541
243.28,1715
242.88,642
243.21,400
243.23,102
242.6,473
242.39,681
242.09,3050
241.93,1960
242.55,1104
242.3,1534
242.74,1662
243.33,564
243.5,131
243.26,319
243.26,0
242.81,175
242.58,995
242.5,660
242.4,1709
242.36,561
243.23,809
242.4,3682
242.7,6546
243.19,19599
243.32,1559
243.81,6021
241.66,1807
240.8,3459
244.73,9839
246.45,2456
246.08,1157
245.77,1853
247.48,813
248.22,300
248.22,0
247.37,1321
246.77,183
247.46,209
246.76,1732
245.57,981
245.72,1321
244.73,1533
244.38,1670
244.77,422
244.77,0
244.78,1517
244.1,782
243.49,646
243.26,254
242.78,1946
242.74,1026
242.54,869
241.64,590
241.6,310
241.6,0
241.8,1093
242.61,939
242.93,849
242.91,721
241.62,816
242.17,1564
241.41,3289
242.48,12514
242.48,0
245.18,915
246.51,856
247.56,2324
250.04,412
250.4,1602
249.55,1417
248.72,1615
249.94,1935
249.39,1351
249.7,1228
251.18,1671
252.78,2164
253.92,1869
255.03,2459
255.64,868
255.8,894
254.73,2037
254.86,2008
255.95,927
256.62,1486
256.26,629
256.4,1165
256.2,2318
255.74,843
256.03,962
256.8,753
256.65,1916
256.93,2242
256.25,1302
256.92,1617
256.72,1488
257.14,1466
257.31,590
257.47,626
257.65,1642
257.75,783
258.24,5378
257.99,17717
254.75,490
256.3,422
255.22,1164
254.4,3300
251.53,1914
249.43,4376
247.99,1761
250.27,3298
248.32,5542
251.46,3708
252.03,636
253,210
253.93,2017
253.33,2603
253.34,645
254.76,902
254.79,205
255.53,230
254.88,1836
254.88,0
255.62,108
255.41,433
255.35,378
254.53,491
255,922
255.65,871
255.56,501
255.77,539
256.42,1809
256.16,1920
256.83,885
256.08,478
256.94,970
257.86,959
257.44,452
257.44,0
256.94,2322
257.2,5347
257.34,11481
257.65,4181
257.77,2904
263.26,3828
262.73,907
262.74,785
263.47,977
263.27,200
263.15,257
262.69,542
262.81,1439
263.69,1029
263.57,247
263.65,1161
265.66,1757
266.19,117
266.41,1267
267.37,1354
267.18,600
267.38,565
267.25,631
266.51,982
266.23,1624
265.51,1594
264.77,1092
265.51,1658
264.95,691
265.7,1792
265.17,1060
266.43,311
266.72,470
267.35,1353
266.5,2083
266.4,1559
266.41,2028
267.31,1627
267.49,1447
268.17,1339
268.48,2633
268.11,6042
267.9,2343
266.38,1319
267.29,1285
269.47,1167
269.26,1079
269.57,1051
269.84,600
269.34,781
269.77,1561
269.24,2828
270.52,476
270.81,308
270.74,1329
271,1400
270.43,672
272.01,110
272.28,540
272.3,5838
272.18,1380
271.98,643
270.91,1370
269.52,503
269.27,1086
268.77,835
268.18,1105
268.8,513
269.05,434
269.69,100
269.95,1140
269.39,1240
269.39,0
269.44,474
270.25,1433
269.37,1847
268.98,1749
269.58,1095
269.58,0
270.18,295
269.3,6960
270.29,3044
267.72,2024
263.14,4796
263.82,959
263.44,2131
263.48,543
264.27,1562
264.8,836
266.59,2305
264.35,1822
265.98,879
264.85,1826
266.17,2329
266.17,0
266.37,662
267.53,1445
267.88,2223
267.67,1632
268.44,421
268.2,1232
269.17,2036
269.36,1635
269.05,951
269.17,214
269.05,883
269.83,944
270.21,1099
269.8,843
269.37,1562
269.3,782
269.08,263
268.55,866
268.41,2921
268.36,578
267.8,1498
268.19,260
268.06,2882
268.5,5135
268.35,14465
269.52,2846
272.25,1876
268.29,302
266.82,6936
263.76,7911
264.89,2990
265.76,1134
264.18,2745
265.55,1279
264.63,2247
264.94,240
264.11,325
264.96,506
264.96,0
266.72,310
266.57,932
266.81,746
266.81,0
268.15,512
267.43,264
267.37,852
266.81,709
266.76,276
266.52,452
266.34,301
267.72,655
268.04,210
267.98,232
268.11,662
268.46,122
268.03,823
268.42,158
267.87,100
268.1,852
267.72,888
266.72,1620
266.61,3858
266.56,4582
266.51,9838
263.01,4305
264.62,4675
262.56,2093
267.06,4477
266.34,1038
266.36,844
265.09,1456
264.7,1393
266.29,1571
265.42,1524
266.59,2755
267.47,925
266.7,1365
266.75,1357
267.41,2714
266.98,1137
267.47,2955
267.1,3087
265.69,2644
265.36,1023
264.71,1553
264.09,200
264.61,1061
264.74,1738
265.13,2058
265.75,1592
265.8,1923
266.36,100
265.7,1076
265.48,292
264.94,545
265.72,628
265.33,717
264.45,1466
263.96,1352
264.22,1897
264.43,2704
265.54,2305
264.97,13715
273.37,1064
271.66,840
271.1,1106
270.39,1211
268.3,1040
267.74,403
269.27,1085
269.02,810
268.78,468
268.07,541
269.46,412
268.64,305
270.55,1388
269.69,564
270.37,868
270.27,1008
271.5,556
270.78,200
270.77,565
270.85,446
270.74,325
270.17,576
269.36,1259
270.22,1520
271.23,1386
271.68,1800
270.87,939
270.66,906
270.37,1405
270.48,760
270.26,1492
269.61,1733
268.58,2473
268.71,3425
267.77,1449
267.76,3898
267.19,2435
266.62,4840
266.59,12391
263.61,4551
254.64,6238
255.94,833
260.12,1556
262.28,810
261.45,2309
258.72,3639
259.31,1035
258.68,923
258.72,1839
257.6,1039
257.2,2308
258.24,2340
258.94,620
259.11,351
259.7,1137
260.41,1234
259.32,1330
260,978
259.8,866
261.18,354
261.52,2294
259.61,647
258.83,1335
259.3,1183
259.06,629
259.11,229
259.15,873
264.79,1260
264.36,899
265.92,1513
262.35,1842
257.86,2566
258.36,2735
260.05,1297
256.24,2606
253.85,1998
254.63,5825
254.17,9602
239.92,8409
249.28,3131
248.6,2623
252.99,7687
252.54,7020
254.85,5330
257.04,2153
259.62,5015
262.02,8414
263.09,9721
262.23,2591
264.17,3916
263.07,1768
263.68,1691
264.15,1339
262.92,3742
263.23,2561
262.8,2982
262.45,3232
262.48,1045
263.92,2062
264.36,607
264.48,3370
262.36,820
262.89,1831
262.75,1968
262.65,3074
261.52,836
262.06,736
263.11,1482
262.94,1189
262.06,1333
262,1302
262.42,942
262.37,991
262.74,3013
263.11,3225
262,5071
261.68,15888
270.27,548
266.1,432
262.89,845
265.76,666
266.76,2012
269.26,448
270.51,1000
270.52,672
269.44,618
269.51,1151
268.75,1422
267.44,783
267.22,2553
267.69,1487
268.44,4959
268.33,2513
267.9,1631
268.12,2209
268.09,1883
266.77,1707
266.44,1759
266.69,2789
266.56,2034
268.12,2269
267.9,1853
268.61,845
268.44,1379
268.97,1224
268.75,418
269.17,445
270.13,463
270.72,620
270.97,925
271.58,1653
271.87,1144
271.18,9168
271.53,3558
271.83,2873
271.66,14462
272.38,2548
271.51,2772
270.85,2275
269.17,1804
271.45,1506
271.83,777
271.34,2911
270.63,1519
271.27,1037
272.63,1010
272.63,640
273.74,1420
273.82,892
271.23,1281
271.75,688
272.28,527
272.84,1394
272.45,955
272.45,0
271.14,104
271.19,749
271.6,100
271.75,200
271.56,918
271.56,0
271.7,113
272.06,363
272,815
271.46,210
271.85,590
271.94,314
271.98,389
271.77,954
271.44,1284
271.42,953
272.5,251
272.38,1262
272.22,871
272.6,5663
275.18,1180
276.58,329
280.76,1423
282.61,2300
288.11,5099
290.98,3205
292.72,8214
293.63,4696
294.11,2563
294.45,2715
293.37,3009
292.74,2347
292.65,2915
293.58,2153
293.37,1850
292.47,2112
293.28,2961
292.43,1014
293.63,529
294.24,2149
294.79,518
294.45,2059
295.07,1036
292.49,2175
289.62,2195
290.84,2013
290.71,3261
290.97,687
290.35,1395
290.69,5732
288.13,625
290,1141
290.71,1187
291.77,1362
291.38,855
291.48,1877
292.46,4009
292.79,4141
293.19,9316
287.83,376
288.9,1529
290.66,971
292.7,1053
294.3,1865
294.66,1533
293.5,1122
290.65,1285
290.99,2354
290.12,2251
288.4,373
288.61,400
288.55,922
289.83,850
289.13,1197
287.6,3592
286.62,272
286.75,1697
287.63,3396
288.76,1298
288.82,473
289.15,979
288.1,458
288.45,304
287.84,2024
286.48,1220
284.48,494
285.35,1331
284.88,343
284.63,642
283.9,826
283.94,2498
284.36,1199
285.41,4283
285.89,971
286.02,1111
285.25,1177
285.06,8101
285.6,20132
295.51,1791
292.99,2000
291.88,1242
295.63,1891
296.03,1419
297.18,742
298.08,4129
298.32,6706
299.23,355
299.92,419
299.38,1049
300.25,1991
301.78,2477
301.25,529
302.4,122
301.99,604
301.32,1189
300.97,1702
298.69,1164
298.47,3512
298.63,1875
298.18,2142
299.56,859
300.75,432
300.66,705
300.45,497
301.76,858
301.37,1124
301.98,491
302.13,1154
302.96,1181
302.97,972
303.19,684
303.39,673
303.99,1545
304.56,3266
305.01,2999
304.37,8376
304.88,15694
308.52,2848
308.41,357
309.97,4252
310.18,7387
315.16,2085
316.32,2654
318.15,3912
315.55,1615
315.41,1339
313.98,2283
312.45,3027
311.76,3875
311.15,2997
312.3,377
312.67,1799
311.45,1367
312.89,1184
311.89,124
312.27,1330
310.05,1561
309.53,1943
310.61,275
311.16,834
311.18,1130
311.49,1342
310.16,1117
310.82,1848
311.37,812
311.98,336
311.56,675
312.92,745
313.21,215
312.89,1067
313.06,2238
310.31,1706
310.6,1699
310.13,2710
309.43,4042
310.12,11061
307.91,2179
304.12,12102
298.99,4108
303.17,3673
303.6,4366
305.42,2403
305.85,3676
306.71,4597
307.07,4738
307.67,2553
307.46,910
305.6,1720
306.68,663
306.84,1925
306.34,490
306.34,0
304.56,602
303.85,1181
304.3,1717
303.9,512
303.39,970
303.06,873
302.88,1576
304.23,711
304.13,1118
304.43,368
304,1095
304,574
303.74,431
304.01,845
303.56,2434
302.29,1591
301.56,2171
302.18,1108
301.47,1419
300.93,1364
301.82,972
302.45,1372
303.09,20120
286.76,18257
271.27,5301
271.47,5578
276.56,3768
276.93,5302
274.1,3974
277.92,2574
275.64,3068
274.02,2704
275.05,4471
274.92,1694
276.9,2051
278.12,2736
278.16,4119
278.23,3772
280.77,4210
278.18,3774
279.13,1384
280.55,105
282.49,1099
282.69,3157
284.38,1838
284.93,2110
285.2,6447
280.41,3093
279.92,1590
280.89,1969
281.56,3360
279.75,4392
279.57,3731
279.13,3253
277.48,1203
276.73,795
278.49,910
279,1161
279.71,2342
280.86,5631
281.2,3916
280.48,9873
280.51,2494
281.87,1452
279.79,2825
279.37,1636
278.77,1499
275.29,2187
273.57,2162
273.87,3095
273.9,1458
272.99,2413
272.15,1027
272.2,1142
272.89,724
272.38,1027
272.94,1956
272.69,2533
275.23,1135
274.38,1457
274.42,1361
273.38,2952
274.55,1005
274.04,1294
274.7,867
273.7,676
272.5,651
273.66,102
273.84,1854
273.55,321
273.78,1237
273.76,1694
273.8,2295
273.04,1081
272.67,4439
274.08,2904
273.56,1643
273.81,7549
274.61,5081
274.57,10329
274.48,12634
267.34,2886
264.38,5139
267.26,1460
266.67,1697
265.29,4307
266.61,2947
266.53,3506
268.47,2699
266.06,1274
264.45,703
262.88,690
264.03,1610
264.01,351
264.11,1047
263.67,420
265.03,1955
264.01,1202
264.65,813
264.21,789
264.61,1116
264.41,3621
264.04,371
263.98,977
264.33,1780
263.62,1065
264.22,776
262.79,115
263.71,1463
263.95,253
263.9,1270
264.8,1756
263.95,1327
265.82,1858
266.13,1079
264.95,565
263.74,575
263.39,3241
264.3,4763
264.8,8595
266.87,1721
262.57,1066
263.75,2097
265.88,1765
264.05,881
263.48,1422
263.51,1274
263.93,967
264.81,1402
263.44,1314
262.9,1345
263.37,534
263.52,828
263.36,579
263.46,689
263.99,664
263.71,1017
262.79,1033
263.08,1305
263.45,611
262.86,992
263.58,230
264.18,441
264.5,755
264.34,700
263.98,1033
263.44,330
263.58,750
264.46,1591
264.44,1677
264.36,503
263.9,404
264.35,452
264.67,1063
264.75,1951
264.33,1575
264.98,3659
265.06,5626
264.5,9020
261.7,1703
257.61,2054
261.9,4032
262.86,1948
263.01,7737
263.16,503
262.96,667
265.26,1051
264.76,781
264.44,1768
263.05,1257
263.66,2096
263.87,1167
264.66,1724
264.74,1442
264.69,1676
266.75,598
266.76,1770
267.02,1218
268.1,1287
267.28,1208
268.33,3229
270.84,5470
271.55,3640
270.83,1393
271.15,1130
269.84,765
269.96,998
270.58,2229
270.21,2402
269.7,1621
269.51,1813
269.56,2687
269.37,1510
269.87,2023
269.96,2929
270.02,4316
269.56,6531
269.55,14200
271.58,1587
268.47,4782
266.98,3116
266.03,2959
266.08,1029
264.85,2888
264.73,3511
266.07,3215
267.04,2638
266.15,5493
267.16,948
267.35,1023
268.03,1432
268.94,350
268.94,0
269.86,3636
268.7,226
268.31,496
268.05,310
268.54,317
268.54,0
267.73,644
267.89,449
267.8,951
266.64,492
267.25,1203
267.48,811
267.48,0
267.39,447
267.39,0
267.28,291
267.28,0
267.48,149
267.48,0
267.9,897
268.4,409
269.01,865
269.02,2583
269.15,10602
271.84,1138
272.28,1532
274.62,1001
274.47,772
273.69,901
272.49,502
272.35,1231
271.73,1635
272.17,492
272.33,275
272.11,400
271.54,796
270.72,706
270.91,757
268.8,1000
269.42,2196
268.79,1238
268.47,2555
267.85,1142
267.56,761
266.84,851
267.71,930
267.66,772
267.8,1126
267.72,2143
267.09,248
267.24,643
267.77,3144
268.46,415
268.6,1173
268.55,1418
268.4,749
268.85,1836
268.37,2144
268.85,3144
268.83,1572
268.56,3185
268.51,3969
268.69,9822
264.19,7474
256.1,2608
257.72,1879
256.65,2334
257.42,2197
257.33,1777
256.82,2961
255.38,1005
257.07,1960
255.92,1317
254.6,222
255.19,150
254.74,1191
255.74,359
255.54,877
255.12,2212
254.72,1053
255.23,3085
255.69,2952
256.56,4922
259.15,10804
259.15,0
259.15,0
259.15,0
254.73,9663
252.15,2157
253.14,2096
253.03,2332
253.36,4647
254.77,2520
252.1,2329
252.08,5177
253.71,4218
253.74,2625
253.7,3796
253.86,2107
253.88,2021
253.86,2042
253.73,1845
254.17,854
253.66,1867
254.39,635
253.42,1683
253.66,1856
253.86,640
253.56,841
253.73,2875
253.87,2645
253.93,1017
254.03,1100
253.36,862
252.82,896
252.07,1037
251.95,2145
252.09,387
252.18,445
251.79,1476
251.66,823
251.5,3362
252.76,12537
252.41,6049
252.38,16026
252.66,40498
257.23,4051
256.14,525
254.07,2337
255.21,1820
257.56,593
257.29,1290
258.38,2321
259.12,1962
260.6,521
260.25,994
258.83,842
258.82,558
259.44,1373
260.7,753
260.55,114
261,635
261.13,783
261.31,1043
261.15,165
261.21,926
260.22,100
259.95,238
260.13,1553
259,709
258.64,467
258.54,872
258.28,1110
259.07,313
258.58,1096
257.44,1257
256.63,466
256.82,737
256.85,231
256.99,552
257.34,1392
257.17,4881
257.58,1287
257.84,1272
258.03,5798
258.69,1358
258.98,3071
258.83,2566
259.59,1278
258.75,846
257.68,1373
258.74,1527
259.18,852
259.95,454
259.12,464
259.31,487
258.96,820
259.23,378
259.25,1088
258.68,856
258.73,1120
258.6,731
256.84,903
256.27,1000
256.77,100
256.25,1129
256.21,512
256.15,831
256.18,356
256.43,2661
258.94,727
257.88,951
260.61,1195
262.34,118
262.48,686
262.54,408
261.12,419
261.71,701
261.26,1383
262.18,1408
263.41,882
263.37,5022
263.92,1630
264.45,13710
266.58,3885
261.94,2523
262.16,3860
261.3,2590
261.31,2667
257.98,1601
257.16,2843
257.54,2582
258.53,988
258.58,1445
258.89,1523
258.9,1856
260.25,3730
259.9,1733
259.99,2496
260,200
260.05,1170
260.68,491
261.27,888
260.43,285
260.36,480
260.91,1164
262.17,775
261.64,852
262.03,395
262.02,610
262.02,721
262.43,1195
262.11,1338
262.24,1392
261.71,548
261.97,682
262.27,1458
262.34,1033
263.1,2512
263.12,1440
262.99,2442
263.57,2395
263.5,12872
259.74,820
261.77,455
262.34,1163
264.85,2850
265.2,1250
264.62,1734
264.51,1019
266.56,2124
268.78,1865
267.79,3145
268.39,1101
268.11,997
268.96,1001
269.78,2974
270.43,3501
271.48,2275
271.54,1758
270.9,673
270.72,1655
269.31,783
269.05,729
267.94,732
267.64,1202
267.3,641
266.99,427
267.47,561
267.49,1120
268.38,640
267.93,2063
268.94,554
269.09,918
270.06,1404
270.69,2683
271.6,2938
271.55,2267
271.36,865
270.86,2956
270.77,5961
270.46,20628
268.95,2945
266.97,690
264.37,13196
261.44,3295
261.15,8711
259.7,9116
259.14,7332
260.55,2475
259.79,3859
260.24,3947
259.35,4368
258.91,4242
258.86,4476
258.66,934
257.92,836
257.54,5751
258.83,2398
259.79,463
258.03,576
258.29,1123
259.03,5072
258.93,3611
258.97,2711
259.03,5356
258.55,3614
259.27,2617
259.15,7174
257.75,3392
257.73,534
256.97,848
256.56,724
256.1,2131
255.55,1688
255.89,792
255.64,2445
254.7,4515
254.4,4514
253.61,4671
253.97,18568
254.32,4889
253.86,3582
250.94,2714
247.01,9904
244.56,10470
244.56,3053
244.75,3147
244.96,3321
246.47,2376
246.92,6189
248.74,2322
248.6,661
249.23,1555
248.7,1096
248.22,1124
248.47,1295
247.78,1112
246.88,1490
247.2,192
246.92,933
246.68,757
246.68,922
245.63,2020
245.49,1754
245.62,2731
246.08,1769
246.37,1269
246.95,1398
245.74,2175
244.87,203
244.71,1503
244.58,2446
244.6,2177
244.05,4075
243.72,1057
243.57,2802
244.21,4658
244.82,3983
245.64,17271
251.46,2976
250.6,1237
250,1350
251.05,1996
249.25,1103
249.14,1712
250.85,3416
251.43,3354
252.36,2944
251.54,1276
251.14,1810
249.22,2137
248.55,2196
249.02,1619
248.93,1916
248.26,559
247.12,604
246.06,1496
246.88,2826
247.23,568
246.69,326
246.73,960
245.71,2614
245.08,1893
246.7,201
246.65,1384
246.03,1490
245.73,298
246,636
246.54,1780
246.81,963
246.99,1413
246.71,590
247.15,521
245.97,499
245.41,410
245.89,2208
245.18,3162
245.43,9157
250.3,2469
246.36,1191
247.72,1461
247.95,2322
247.93,1023
247.32,3523
248.34,978
248.57,2048
249.09,2579
249.08,3629
247.68,2410
248.03,2065
247.76,1572
248.03,1881
247.72,1060
247.12,1140
245.77,3644
245.78,5137
244.8,15818
244.15,2108
244.52,987
245.32,1303
245,103
245.11,200
245.1,1319
244.77,223
243.93,353
243.42,1559
242.35,860
243.32,741
242.74,455
243.05,1272
242.79,777
242.94,408
243,584
243.33,315
243.96,2153
243.34,3596
242.49,8950
244.77,2428
244.64,1556
242.33,1094
243.23,1770
243.67,3088
244.19,3972
244.85,575
243.99,3180
242.94,934
244.17,2510
243.12,2180
244.11,1748
243.61,2526
242.6,3104
242.66,1464
243.2,769
244.03,690
243.29,407
242.84,1068
241.82,910
241.74,3751
242.49,1355
242.82,761
242.91,938
242.75,471
242.88,770
242.58,312
242.78,1342
242.29,135
243.09,137
243.51,221
243.2,427
243.29,1496
242.9,465
242.35,533
242.77,531
242.35,519
242.14,2772
241.05,9162
240.03,2416
240.7,1674
242.68,1879
243.38,3607
243.84,3584
243.97,1649
245.52,2069
245.89,1858
246.7,1423
247.52,2438
248.08,3765
248.25,454
247.95,2003
247.21,3350
247.01,3471
247.32,452
247.94,399
247.59,330
246.93,699
246.51,1102
246.22,1954
247,861
246.52,498
245.73,856
245.26,401
245.26,0
245.35,1151
245.47,4125
245.74,2343
245.78,1287
245.9,2787
245.91,627
245.92,1187
246.09,251
245.99,2735
246.31,1187
247.16,2131
246.92,3156
246.15,8077
255.84,2211
252.06,1603
253.6,3294
253.56,959
253.95,3352
251.89,3263
251.69,3996
250.71,1613
251.29,1355
251.06,749
251.25,1218
251.07,603
251.41,701
251.4,1293
249.54,4411
249.2,1058
249.58,1162
248.18,1931
247.9,200
248.19,101
247.72,411
247.69,596
248.5,2054
249.59,101
250.29,580
249.64,550
248.52,300
249.1,125
248.94,526
248.19,852
248.61,200
249.69,254
248.69,621
247.92,329
248.89,313
249.02,1027
249.91,1543
249.3,1964
249.95,5344
250.32,100
249.69,330
248.07,2460
245,6521
242.38,4564
241.75,4855
240.85,13208
239.98,5476
240.9,9324
239.1,5968
237.13,2970
237.23,3161
236.67,3400
237,1340
236.56,1560
236.54,2056
236.06,1522
235.73,952
236.37,916
236.37,0
237.64,1027
238.07,345
238.31,871
237.99,831
238.15,1517
239.15,986
238.9,428
238.29,2953
235.94,2062
237.29,491
237.46,530
235.55,1781
236.78,651
237.12,764
239.27,3132
238.65,1684
236.44,3530
236.19,11928
236.61,25382
230.73,8623
234.73,8867
230.8,5986
228.09,5591
227.24,5686
228.62,5887
227.42,6951
227.44,3832
226.89,4279
229.01,2260
228.87,3712
230.62,1714
228.98,1660
229.13,3375
229.62,2877
229.1,2810
229.01,982
229.77,1959
229.97,2165
230.72,1108
229.52,1657
229.42,1807
228.84,1722
228.95,1007
228.95,1192
228.85,635
228.92,1051
229.26,1657
228.96,1287
228.96,2298
229.55,962
230.22,739
230.02,521
230.32,877
230.67,928
230.63,931
231.22,3708
230.5,8032
229.55,14859
228.46,8710
232.02,3091
230.77,3567
230.17,5690
230.15,3015
229.4,3454
229.27,3369
228.29,1998
228.42,1301
229.13,1904
229.86,1910
229.34,940
229.32,635
228.46,4850
227.84,1356
228.5,2591
229.3,2792
229.65,1362
229.21,1264
228.69,2390
228.32,2108
227.88,1415
226.95,2034
226.29,968
226.25,1477
227.32,560
227.89,1835
227.81,607
228.24,1082
228.48,1422
228.43,1581
228.48,1258
228.17,4092
229.74,2056
229.72,5211
230.62,3522
231.18,6281
231.4,7731
231.23,18930
231.77,1544
227.89,2178
225.39,3706
225.19,2950
224.56,1755
225.4,1215
225.35,1432
224.84,1822
223.78,2266
222.22,3806
222.37,2685
221.16,3745
221.75,3300
222.52,3269
223.08,1790
221.92,1400
222.45,835
223.09,1183
223.83,1580
223.63,1535
223.33,441
223.65,1526
223.76,1176
223.85,816
223.16,2314
223.29,429
223.44,1551
222.84,2682
222.77,1828
222.77,1511
222.08,3120
221.65,3234
221.74,2663
221.43,3297
221.76,1953
222.39,3509
222.21,2958
221.96,4440
222.64,13644
220.34,3393
221.85,1492
223.13,1563
224.81,4517
224.17,3729
223.37,323
223.37,1021
224.74,1215
223.98,1954
223.48,2765
223.03,1041
222.6,446
222.91,408
222.89,723
222.61,344
222.97,246
222.81,288
222.69,552
222.53,511
222.09,414
223.05,444
222.91,535
222.71,1189
222.81,772
223.97,806
224.33,1913
224.23,498
223.58,1357
224.04,1188
223.71,578
223.64,938
223.49,1049
222.85,2227
222.73,1977
222.3,1079
222.51,517
223.01,1372
223.04,1476
222.72,6313
224.4,1536
218.04,2085
220.11,208
219.45,886
220.69,3403
222.47,3465
223.43,10332
225.65,7016
225.67,3685
225.44,2303
225.89,3339
225.66,2382
226.42,832
225.82,1181
223.91,788
223.29,1114
223.34,1201
223.54,645
223.77,1184
223.98,760
223.41,1607
223.62,1305
223.56,1220
223.72,699
222.76,419
223.33,100
223.67,923
223.62,1472
223.62,0
223.07,252
223.28,1312
222.76,843
222.64,425
222.8,706
222.57,1779
222.49,4364
222.27,5077
221.88,8019
221.69,16086
216.24,832
214.52,4124
213.85,1476
212.79,2432
213.3,3358
215.79,1306
214.64,1816
215.14,1186
216.02,945
215.36,717
215.77,350
215.67,1366
216.28,2359
214.89,511
215.09,1221
214.98,372
215.43,601
214.71,300
214.44,1498
214.01,617
213.79,1851
212.64,1680
212.64,219
213.38,364
213.31,294
213.31,0
213.2,1282
212.41,1440
212.61,1771
212.61,0
212.61,0
213.71,210
214.8,675
214.7,738
215.35,880
215.53,868
215.84,2814
215.07,2092
215.55,18557
214,1182
213.35,1454
212.13,2449
212.59,1680
212.98,232
214.09,1160
215.08,190
215.6,448
214.76,100
214.15,302
214.54,748
214.06,2040
214.07,701
214.17,511
213.97,115
213.97,0
215.03,540
215.39,200
215.69,100
215.07,100
214.94,224
214.94,0
214.65,219
214.93,105
215.22,210
215.02,438
215.07,200
215.01,110
215.02,100
215.3,201
215.3,0
215.62,100
215.62,0
216.07,331
215.79,650
215.8,722
216.07,311
216.37,1114
216.58,3799
215.08,3166
211.93,3035
211.32,1445
209.95,2009
209.06,6027
209.43,8479
208.96,2017
208.53,1132
207.11,887
206.36,1160
206.23,731
208.32,621
208.44,1234
207.96,1863
208.51,1344
208.68,1027
208.24,735
207.64,304
207.86,672
206.72,1720
207.19,1924
206.56,3606
205.52,1515
204.74,1965
205.3,1970
206.07,882
205.75,1354
205.22,891
204.92,1862
204.15,1087
203.93,819
204.09,1201
204.36,1324
204.14,3330
204.68,3282
204.85,2578
204.72,3085
205.24,4461
204.65,16167
204.66,1947
206.83,7792
202.28,2022
203.28,4795
202.08,5823
201.72,4922
202.73,5408
203.99,1693
204.31,1505
203.34,3672
203.36,2295
203.97,685
204.17,844
204.03,1386
204.82,1832
203.92,335
204.09,411
203.9,1259
204.15,755
204.44,797
204.54,1217
205.28,1795
204.99,729
204.44,702
204.47,1277
204.36,1591
204.49,1263
204.82,1039
204.13,1445
203.76,522
203.83,498
204.04,987
203.75,1160
203.8,2789
202.9,2528
202.72,1264
203.32,2705
203.21,4889
203.53,10866
207.53,6793
211.21,4948
209.69,3292
208.13,1728
208.24,1489
208.82,3709
208.76,3086
210.16,4358
210.04,3183
210.28,3773
210.35,1551
209.19,2239
209.69,2203
209.63,2778
209.14,3687
209.37,3046
208.94,3840
208.55,1102
208.55,2343
208.19,1317
207.73,1218
208.12,1843
208.03,860
207.76,865
207.75,319
208.18,635
208.08,627
208.48,1212
208.9,2129
209.07,1006
208.11,454
208.31,764
208.04,649
207.77,1430
207.99,1879
207.44,692
207.72,575
207.65,5074
207.63,4014
205.59,214
205.42,1217
204.41,1942
205.48,856
207.46,347
207.95,793
207.67,537
207.68,1225
208,1415
206.53,492
206.5,355
205.59,1438
205.41,864
204.91,709
204.87,794
205.92,602
205.42,674
205.42,0
205.42,0
205.41,1160
205.41,0
205.07,115
204.97,1770
204.59,2080
204.75,660
204.94,641
204.75,130
203.96,200
204.03,562
204.03,0
204.16,100
204.16,396
204.5,332
204.88,100
205.22,565
205.83,577
205.49,1769
205.93,2279
206.73,6160
209.39,10507
205.07,5494
204.91,5185
205.45,8156
203.04,4248
200.17,9026
201.04,3540
201.47,3006
202.89,2127
203.79,3150
202.57,2173
201.79,2023
202.23,2432
201.33,1752
200.59,4465
199.63,636
200.06,2129
199.89,3023
201.64,1557
202.32,1284
202.08,2382
201.81,1429
202.6,1736
202.32,1981
202.69,1491
202.91,854
203.09,1761
203.04,1044
202.67,832
202.45,4108
202.28,3589
201.43,3737
202.7,3026
202.87,1955
203.62,3167
203.68,3218
203.97,7174
203.62,8315
204.04,11613
206.83,1519
211.22,6565
209.19,3369
207.73,2453
207.6,1182
208.22,2477
208.66,3154
207.61,3188
209.49,2493
210.05,4450
210.45,2264
209.83,784
210.93,2103
211.12,1674
211.27,5118
212.51,5951
212.1,1115
211.71,993
211.5,559
210.92,996
211.06,306
210.34,1145
210.64,1280
211.53,1269
211.82,1072
211.7,440
212.15,1755
212.19,1930
211.25,1221
210.56,700
210.69,693
210.91,1534
211.67,1864
212.98,1508
212.64,1929
212.68,958
211.85,1261
211.48,2033
211.98,12698
212.97,2421
210.67,1303
211.11,355
212.38,672
212.91,2353
213.48,653
213.14,2877
212.91,954
213.02,3273
212.98,699
213,1229
212.83,1897
211.05,1114
210.81,870
210.89,658
210.98,265
211,171
210.02,217
210.52,270
209.53,373
209.27,516
208.54,1002
208.99,411
208.36,2165
209.44,565
209.46,548
209.74,550
209.55,1478
210.62,5221
210.21,6565
209.63,6799
210.26,6375
209.47,6555
208.75,8381
207.88,6717
208.09,7457
207.4,7898
208.03,13264
208.14,18454
210.28,1339
208.06,2622
206.32,2959
207.74,2040
207.91,1699
208.29,7043
207.8,1897
210.2,1003
211.3,2950
211.6,929
210.43,981
209.91,910
210.23,1057
210.95,548
211.63,577
211.71,700
211.3,568
211.13,745
210.96,1080
210.92,2447
210.92,2008
210.85,637
211.08,802
210.88,412
211.13,1285
211.2,1039
210.38,580
210.7,1483
210.49,1156
210.82,2407
210.53,1596
210.74,1698
210.67,1884
210.78,2273
212.63,2550
212.14,3400
211.57,2578
211.73,4439
211.73,4995
214.29,3381
217.82,3625
218.7,2305
218.91,3008
219.2,2787
218.28,2262
217.03,2494
217.12,785
216.59,3129
216.07,4886
215.81,2915
216.17,4313
217.07,886
216.78,1798
217.03,4632
217.27,1137
217.99,1105
216.98,707
216.92,617
216.14,968
216.35,619
216.61,2802
216.17,7614
216.36,1676
216.36,270
215.87,1462
215.72,1392
216.63,2130
216.31,1389
216.26,1535
216.11,1277
215.69,2963
215.75,1814
215.1,2357
214.64,1250
215.02,1082
214.62,2968
213.84,3648
214.5,14533
215.82,3088
213.69,117
212.66,1061
214.33,2531
213.8,621
212.88,2611
210.68,768
212.61,4959
212.47,3303
212.42,347
212.79,285
213.04,1257
212.75,185
212.46,2077
212.81,804
212.51,633
212.85,289
212.72,415
212.68,684
212.75,138
213.01,127
213.3,449
213.58,727
213.07,1414
213.01,2661
213.41,959
212.85,212
213.08,925
213.4,1816
213.5,824
214.08,415
214.1,201
213.87,565
213.71,558
213.68,461
213.83,628
213.69,732
213.78,1465
213.88,7826
219.2,4200
218.23,5845
218.31,3189
218.14,5837
218.78,3742
220.38,4996
221.25,1943
220.55,1453
221.7,2616
221.47,1441
222.24,1187
222.69,1956
223.39,3641
224.23,5387
225.73,2868
224.85,2188
225.54,1988
225.07,2970
224.64,2737
225.69,1812
226.07,1745
226.42,4370
226.72,4408
226.17,896
226.28,3339
226.17,556
226.09,1644
226.44,1844
226.07,742
225.53,1438
225.59,1098
225.01,2878
225.5,3655
225.47,2034
225.29,2427
225.59,5045
224.76,3316
224.55,4989
225.19,11992
228.31,6222
227.95,7412
225.24,4143
227.24,2617
228.45,6176
229.66,2928
229.34,4443
228.7,1449
228.7,0
227.25,1382
227.56,974
228.88,1232
228.18,420
228.78,993
229.32,854
230.73,1028
230.53,1522
230.42,467
230.42,784
230.74,773
231.97,464
232.47,216
232.37,705
232.19,801
230.65,479
231.5,1078
232.11,2131
232.52,1381
232.67,1473
233.37,7686
232.75,1082
233.02,5058
232.88,3677
233.03,1336
232.04,1426
232,1696
231.97,2852
232.12,3472
231.48,15263
225.12,4970
225.96,5633
223.65,2971
224.11,2158
225.24,1553
225.8,3668
225.44,1888
225.01,914
225.79,1584
224.76,3386
224.01,2177
223.79,2688
224.11,2490
224.06,2312
224.7,2401
223.9,3462
223.66,764
225.05,150
224.58,214
224.28,2553
224.79,319
225.55,1084
226.13,349
226.63,301
227.25,810
227.41,1415
228.17,626
227.93,757
228.15,1610
228.81,1215
228.99,2396
229.41,1659
229.66,4351
229.6,770
229.67,597
229.68,2170
230.15,2304
230.75,4308
230.99,9078
232.97,1976
231.89,827
233.62,2805
233.48,15702
232.57,3285
231.89,2361
232.06,1934
232.4,3754
231.95,26823
232.46,11856
232.04,8622
231.55,1285
231.83,1641
231.78,340
231.84,701
231.94,1911
231.94,648
231.56,1540
231.68,3683
231.71,1158
231.42,954
231.28,774
231.13,582
230.82,1624
230.86,1347
231.04,1530
231.14,620
231.01,502
230.87,1735
230.87,1938
230.99,1359
231.27,1050
231.49,2529
231.89,1269
231.52,668
231.63,4336
231.56,5632
232.21,10705
231.79,12857
234.17,5678
235.7,2138
237.69,1387
239.2,3788
239.38,3273
238.71,2307
238.08,3261
236.86,2497
237.32,3262
237.8,1608
237.27,2537
237.45,5371
236.35,905
235.96,2427
236.36,944
235.91,911
236.23,287
235.6,926
234.76,2501
234.69,229
235.05,837
235.47,1343
235.01,768
235.03,624
235.27,350
235.48,1782
235.7,728
234.98,1184
234.88,613
234.95,1615
235.14,1387
234.86,1386
234.13,710
233.31,1158
233.73,2110
233.84,1345
233.37,1200
233.1,2586
233.16,12008
231.63,5364
231.54,2073
231.07,2333
230.39,4306
229.85,5779
228.32,763
227.12,1050
227.44,1092
227,1874
225.97,850
227.09,1175
225.47,1506
225.9,1520
225.86,996
226.03,1818
226.79,993
226.01,526
226.5,1738
226.18,1092
226.37,844
226.09,2516
226.5,681
226.85,981
227.1,1710
227.52,1584
228.23,2028
227.61,2426
228.01,4643
227.89,1160
228.51,1639
228.64,626
228.79,422
228.05,916
228.12,701
227.83,1488
228.1,1553
228.35,2379
228.41,3503
228.55,12490
229.82,1707
230.68,1410
231.45,1062
232.24,2278
233.24,447
232.96,918
233.38,1262
233.94,1965
233.7,1478
234.59,728
234.73,1218
234.28,3939
234.95,440
235.84,675
236.34,1581
236.02,1216
236.44,2024
236.59,4713
236.52,451
236.57,293
236.67,524
236.04,1304
236.06,404
236.64,1540
236.61,2929
236.49,6679
237.18,4250
237.06,286
237.13,1324
237.22,3330
236.61,1093
236.45,704
235.99,1243
236.75,1012
236.88,3965
237.02,1775
236.89,4598
236.61,2860
236.64,11874
237.46,5211
240.16,6185
243.77,10542
245.21,8720
243.63,7937
246.28,8308
246.15,2839
246.36,1664
246.92,4154
245.7,7572
245.35,5921
245.31,1807
245.04,1881
245.58,2403
245.35,3163
246.13,2089
244.7,415
245.6,6229
245.85,9834
245.94,3500
245.96,9061
246.74,1719
246.35,1304
247.48,4283
248.41,2160
248.47,2665
248.42,1328
248.6,1440
247.54,1080
247.73,2341
248.03,2193
246.93,1635
246.96,1439
247.76,2254
247.99,1519
248.15,4447
248.56,8301
247.91,9837
248.42,16617
248.64,12336
241.1,9165
244.85,4827
242.78,5572
243.37,1421
244.24,3205
245.24,1179
244.94,1814
245.22,2105
245.41,2526
244.28,2471
244.75,1163
245.29,1332
245.62,1458
247.01,1528
246.98,3525
248.15,3416
248.19,2780
248.2,2894
248.16,2424
248.99,112
249.11,455
249.18,443
249.05,1014
249.24,1367
249.81,618
249.71,639
249.94,1056
250.56,799
250.69,1461
250.8,2717
251.37,3206
252.08,2176
252.52,4143
252.68,2482
252.41,1669
252.28,4131
252.05,4911
252.23,18232
251.47,1173
250.85,821
250.91,6061
249.29,2228
250.46,6168
250.04,2818
251.09,802
250.47,2132
251.04,1429
251.92,1429
252.04,2081
252.55,621
252.04,990
252.13,1472
252.11,2266
253.04,1275
252.89,301
252.66,1018
252.56,506
252.56,926
251.94,295
252.17,2046
252.97,2238
252.99,347
253.18,914
253.2,914
254.22,210
253.92,809
254.3,1493
254.68,749
254.17,2178
254.6,3495
254.86,2644
255.46,2320
256.67,3721
257.21,1757
256.44,5482
257.1,5860
257.38,16612
265.61,8845
269.77,7370
271.36,5604
266.17,4595
264.6,4123
267.19,5633
268.1,3816
266.97,1467
266.75,2925
264.95,1818
265.66,2669
265.92,3096
266,3154
265.65,3674
266.96,3337
266.08,2343
267.17,1021
266.77,246
266.41,876
266.28,726
266.39,684
266.48,947
265.61,210
265.42,599
265.72,488
265.77,1322
265.54,1497
266.76,1568
267.96,458
267.9,4368
267.36,1311
266.95,2179
266.91,1370
267.09,1520
266.91,2027
267,1325
266.21,2340
265.37,1735
265.65,10703
266.8,2808
269.97,1240
270.33,1124
269.45,2369
271.45,2318
270.65,1263
267.47,1224
267.01,900
265.67,2046
266.07,535
265.58,682
266.79,1591
267.7,538
268.07,628
267.94,494
267.94,0
268.81,205
268.83,520
268.74,716
269.25,1283
270.25,1017
270.22,991
269.88,2142
269.69,2418
269.99,1226
270.27,649
270.13,2072
269.69,348
270.12,509
270.94,2282
271.27,761
270.38,1089
270.56,949
270.03,1987
269.75,1347
268.72,2501
268.94,1653
269.46,2718
268.75,8079
263.72,1136
267.07,984
267.2,890
265.85,901
266.07,1557
264.05,1071
262.91,3232
262.33,3243
261.13,1249
260.88,682
261.61,1784
262.6,1269
261.4,551
261,4170
260.13,2260
260.73,416
260.83,422
261.03,380
261.17,635
260.86,858
260.37,626
260.37,1398
260.52,251
261.05,642
261,1335
260.73,522
261,984
260.98,622
259.96,852
260.29,1357
260.46,637
259.97,939
259.96,2239
260.42,796
260.16,1029
260.24,2778
259.43,1640
260.8,3329
259.96,6750
259.88,10075
259.05,9294
259.98,2855
260.43,2933
261.21,695
261.49,2617
263.51,2174
263.63,1829
264.53,308
266.1,767
265.94,605
266.05,503
266.3,800
267.28,950
267.2,977
265.99,988
265.84,871
265.94,391
265.14,671
265.45,202
265.67,284
265.41,115
265.23,164
265.59,712
266.04,725
266.92,1131
266.99,1453
267.44,1288
268.14,3096
268.09,1263
268.62,3231
268.39,2808
269.04,3770
269.14,3822
268.66,3926
268.16,4709
268.19,3633
268.04,5319
267.56,12812
267.68,2116
270.85,622
270.05,1638
271.83,2044
270.53,7587
271.04,4011
269.41,1188
270.45,809
268.73,859
268.16,1154
268.16,784
267.78,2638
267.87,1091
268.08,1563
267.25,1024
267.3,1148
267.35,1806
266.97,1181
267.13,1113
267.17,1969
267.52,2753
267.76,871
268.45,1895
268.35,2470
269.86,1347
269.42,721
269.2,719
267.98,1191
270.23,2099
270.04,869
269.88,3621
271.82,862
273.55,6182
272.35,4172
273.87,3952
273.54,3148
274.55,4193
275.58,4798
273.3,17840
274.2,2522
273.29,4347
273.24,5036
273.56,2461
272.81,1685
274.1,1769
274.83,3152
275.8,991
275.5,721
275.72,1050
275.7,2278
275.48,578
275.53,553
275.22,254
274.91,826
273.75,938
275.07,552
275.25,415
275.67,139
275.43,547
275.9,1494
276.26,3086
276.26,0
276.12,874
276.35,1259
277.24,1059
276.9,972
277.43,1312
276.78,1133
276.24,1334
274.65,726
274.78,588
274.85,396
274.02,1356
274,1434
274.17,2087
274.67,2129
275.22,2828
276.06,11294
274.29,3319
274.19,2542
274.05,3410
274.75,1548
274.4,1128
276.27,3106
277,1722
277.79,429
277,1609
276.2,331
276.39,1400
275.36,1557
276.09,1297
274.8,1204
274.89,537
274.57,970
274.81,1350
275.41,384
275.44,446
274.87,655
274.93,1553
273.41,783
273.11,613
273.33,1491
272.86,5445
273.78,5460
274.05,2562
273.79,3468
274.46,2696
274.78,5164
274.56,3472
275.85,3142
275.7,1822
274.58,4674
275.23,2977
275.73,4340
274.6,8527
274.67,8073
273.85,19944
275.73,692
272.34,2340
272.36,1112
271.64,1389
272.25,704
270.55,1195
269.36,1334
269.26,1849
267.73,3693
268.23,3473
268.08,3698
268.27,1948
268.08,1155
267.39,984
266.8,736
266.66,1231
267.32,668
267.11,794
267.43,1957
267.62,691
267.52,747
266.55,1956
265.71,1642
266.08,310
265.43,1677
265.62,3180
264.98,987
265.39,2096
265.98,2351
266.63,493
265.78,1145
264.65,1617
265.17,897
265.44,1095
265.24,1469
265.24,1806
264.61,5401
264.62,5405
264.57,10789
265.48,4225
265.57,844
264.24,2455
262.99,3093
262.42,3032
263.41,2693
261.76,1324
262.3,1593
262.18,111
261.19,1711
262.8,210
262.54,318
262.76,577
261.91,933
262.28,275
262.39,689
262.49,402
262.39,302
262.49,300
262.72,2575
264.58,1042
265.75,1473
264.6,629
264.17,484
262.11,1357
261.65,772
261.65,0
261.68,1261
263.28,1115
263.36,1171
263.39,3099
263.69,1094
263.91,1304
264.55,1658
263.99,3516
264.49,2285
264.9,2407
265.21,4562
266.2,6763
265.43,206
266.58,416
266.58,0
266.94,1443
266.61,671
267.97,311
265.05,869
265.57,618
264.93,1082
264.05,723
263.78,2304
263.8,1566
261.96,5210
261.18,6304
260.36,3082
260.22,1506
260.28,830
260.45,1971
260.51,2340
259.21,1054
259.74,2211
259.35,3870
259.57,973
259.77,107
259.66,994
259.49,352
259.43,614
258.89,1277
258.44,2025
259.13,541
258.96,1188
258.71,914
257.15,1381
257.84,2660
256.89,1636
256.38,1121
256.74,3861
256.11,4703
255.58,7019
258.59,1932
260.83,3621
263.09,395
259.49,2246
259.9,1196
261.17,785
259.52,119
260.29,286
260.19,234
259.43,2072
259.27,329
257.58,1143
258.02,387
258.26,818
258.08,848
258.41,200
258.43,604
258.69,200
258.17,1707
257.54,986
257.6,1113
257.74,603
257.62,1210
257.59,753
257.93,1311
257.56,3428
257.31,457
256.87,981
256.32,234
255.84,1743
255.19,1096
255.31,1128
255.49,1208
255.4,2739
255.12,4688
254.51,5636
254.15,6044
254.48,8099
255.2,39795
253.12,3887
250.65,12898
249.95,5670
248.46,4485
249.85,4003
251.28,3835
251.02,568
250.34,3459
250.78,2819
250.02,502
250.16,910
249.98,1198
249.14,4423
249.67,3613
248.94,4653
249.2,1334
249.26,1609
249.69,1270
249.69,2310
249.6,415
249.73,1220
250.59,531
251.47,1868
252.08,2757
252.31,1148
252.4,970
252.81,1006
252.81,0
252.24,377
251.97,215
251.69,567
252.38,872
252.61,3684
253.96,1508
254.98,2740
254.96,5506
255.11,10610
255.76,3758
256.11,7587
256.48,423
256.96,330
256.92,413
257.07,814
255.92,875
256.28,970
256.63,733
256.86,101
256.93,1547
257.16,1085
258.26,1007
258.26,113
256.9,217
256.93,515
256.73,109
257.34,105
257.61,253
257.69,877
257.21,465
257.5,102
257.7,100
257.6,300
257.09,102
257.39,511
257.39,0
257.04,150
257.3,620
257.3,0
258,383
257.38,112
257.07,100
257.25,818
257.68,330
257.69,1801
256.94,2436
256.87,4784
257.49,3859
258.21,2039
258.05,9711
254.87,209
257.05,3795
259.76,3896
260.45,560
260.99,1147
260.54,3103
260.01,3903
256.47,2561
256.51,2536
256.94,977
256.6,1383
256.74,4343
256.62,4025
256.42,1062
256.41,2485
255.55,848
256.3,2246
256.3,738
256.16,590
256.63,1476
256.48,958
257.2,826
257.72,305
258.33,370
257.87,133
257.47,1779
257.45,6043
257.38,9096
257.36,2889
257.52,3308
257.55,2436
257.78,1686
257.71,390
257.49,6260
257.33,7428
257.97,1992
258.02,3451
258.24,6583
259.03,20979
256.71,1855
257.44,1695
257.13,2823
256.84,2384
256.82,2042
256.85,1011
256.39,1542
256.81,1644
256.65,3700
256.48,2412
256.48,727
256.42,949
256.43,414
256.8,1853
257.66,1499
257.28,995
256.43,1110
256.66,1202
256.52,252
256.93,691
257.59,1688
257.27,1830
257.18,489
257.51,629
257.74,817
258.17,2540
258.54,144
258.39,1354
259.12,2038
259.06,111
259.03,605
259.12,2281
259.6,1420
259.08,801
258.91,1297
259.08,2461
258.3,5236
259.84,4662
260.11,9803
263.49,18939
254.79,3549
266.65,4901
267.57,4338
271.44,4014
275.82,3082
276.89,1615
275.61,4855
276.57,4172
277.15,2638
276.74,2094
273.41,1248
275.22,2195
273.61,1949
272.98,2023
272.48,2738
273.42,3071
275.21,4121
276.6,2881
275.96,835
275.19,1610
273.59,517
273.86,1276
272.45,1632
273.05,1258
271.89,1281
271.29,2431
272.11,1131
273.93,1028
273.63,978
274.94,2636
275.7,1896
276.62,1245
277.49,2451
277.01,1647
275.76,2367
273.79,4021
273.23,4615
273.34,14040
263.27,13546
251.85,10630
248.9,15070
247.69,5928
245.52,3155
246.75,4484
245.43,8764
246.4,12191
246.02,44604
246.77,7892
244.86,10473
245.04,5791
243.95,3190
244.38,3944
244.02,1693
244.12,2645
247.73,2463
244.99,1776
244.5,1570
244.88,5318
244.14,4398
244.91,3702
244.97,3792
243.27,2432
243.11,4678
241.12,4178
242.24,4913
242.3,3633
244.43,3263
244.32,1565
245.17,2598
245.53,3531
245,2690
244.62,1822
243.47,598
243.38,5070
242.82,5014
243.36,8301
244.25,27437
244.82,24438
238.52,13123
238.03,6977
238.51,2759
238.42,7741
236.38,3207
236.3,4585
236.1,4530
236.23,5973
236.8,1958
236.89,2627
238.5,712
237.23,2971
237.72,1583
236.54,3161
236.24,1833
236.22,2924
236.72,1557
236.9,3114
236.48,1681
236.37,1254
236.52,412
235.54,1919
234.61,951
234.84,3153
234.41,550
234.15,848
234.03,766
231.61,2088
230.6,981
231.52,1621
231.83,309
232.01,471
232.09,1046
231.97,636
232.38,1203
231.91,2594
231.7,4745
231.25,15425
232.02,6604
234.9,1242
234.33,1730
233.31,5505
231.66,1936
233.61,728
233.23,1411
234.74,1138
234.1,1575
234.38,1652
234.69,622
235.06,434
234.47,2390
234.21,1615
234.28,3763
233.9,1469
233.91,463
234.25,2827
234.96,1655
235.97,1444
235.75,1473
235.84,2092
235.72,136
235.86,303
235.64,788
235.83,145
234.81,5752
235.62,1294
234.68,1063
234.19,361
233.88,749
234.08,670
233.82,1216
233.17,2105
233.44,277
233.26,336
232.77,1275
232.89,562
233.8,6442
237.91,4560
236.65,5463
237.73,2372
236.41,2466
237.69,1274
238.12,2777
238.61,2488
237.87,2079
237.63,1891
237.83,1980
237.11,1675
236.05,1899
236.01,2095
235.23,1752
235.3,1127
235.42,410
235.87,100
235.92,1365
236.3,969
236.64,1379
237.18,612
237.17,673
236.43,1466
235.91,1180
236.59,2632
236.91,402
236.91,0
237.89,105
238.02,2930
238.03,743
237.95,806
238.03,1667
238.02,1101
238.19,1176
238.5,1249
238.5,7734
240.45,4715
240.69,3861
240.96,17285
236.75,1355
235.26,891
235.92,3174
236.79,585
236.32,1323
235.74,1977
234.78,2096
233.61,2575
233.62,921
235.26,1201
237.02,701
237.26,1215
237.8,216
238.4,547
238.89,1262
238.76,633
239,468
238.91,1381
237.84,245
237.54,1213
237.09,378
237.13,211
236.61,574
237.01,1657
236.86,1030
237.27,825
237.19,2363
236.61,1559
236.7,881
236.62,346
236.59,823
236.16,1845
236.34,3193
237.05,2352
236.77,1363
237.62,856
237.18,692
237.04,1967
237,8304
242.12,5618
240.72,4536
243.43,4701
245.71,5024
246.74,2824
246.69,5023
246.67,14883
246.32,3293
246.58,6323
244.77,2824
246.39,830
246.86,1535
246.99,2029
246.67,1015
245.79,1413
247.81,1688
247.87,970
246.97,1084
246.95,1411
247.04,1497
246.95,390
246.66,114
247.09,241
246.68,1773
246.04,3681
246.98,1166
246.67,202
247.06,1057
247.64,767
247.25,841
247.4,772
246.4,335
246.41,501
246.52,706
245.98,1136
246.06,1031
246.61,2049
245.65,4877
245.56,12440
244.18,5614
247.85,5787
247,3551
246.98,2206
247.4,2001
246.51,1558
247.43,2107
247.92,1887
247.28,1389
248.21,650
247.96,201
247.09,552
247.26,3939
247.09,2920
246.54,1298
245.59,847
245.35,2429
245.22,850
245.43,480
245.43,0
245.28,394
245.83,1299
245.69,1302
245.42,1007
245.32,646
244.91,527
244.83,793
244.49,937
243.43,2357
243.44,1541
243.35,2264
243.49,1269
243.5,1565
243.46,901
243.48,1192
243.45,1258
243.25,2185
243.33,2939
243.47,12767
242.18,6848
243.07,1561
243.53,7071
243.62,2596
239.91,3423
239.11,2120
238.79,2447
240.18,1480
240.47,1169
241.63,440
239.47,1073
240.11,1220
240.49,1255
240.15,1453
240.42,1187
240.01,124
240.38,226
240.07,288
239.92,1506
239.58,1785
240.38,656
240.63,793
241.37,292
240.89,302
240.89,101
241.45,125
241.5,551
241.29,770
240.31,208
239.55,1911
240.07,2837
240,329
239.42,593
239.92,2399
240.22,2182
240.93,1776
241.15,5945
241.72,5779
241.21,7697
235.21,7825
232.91,4416
232.87,3213
236.37,3888
236.37,2459
234.61,2247
235.97,2136
236.07,1889
237.26,1300
238.06,1028
238.48,1579
237.43,1939
237.1,2365
237.53,1576
236.99,1549
237.39,1167
237.64,100
237.48,1837
237.32,1042
237.23,574
237.76,2591
237.51,372
238.12,296
237.7,139
238.22,1720
238.13,1212
237.81,2722
238.25,3476
238.04,3298
237.93,3692
237.99,4451
237.67,2668
237.78,2475
237.93,1942
237.82,4760
238.91,2303
239.73,1913
240,2511
239.73,9010
239.95,1160
239.11,1417
241.27,485
239.81,959
240.33,677
242,2938
242.7,1894
242.47,1500
242.8,620
242.95,1242
242.78,990
242.84,1053
243.04,321
243.25,566
243.25,1428
243.52,1176
244.5,1399
244.65,869
245.08,936
245.39,1493
245.62,953
245.57,833
245.68,931
245.42,2961
245.41,833
245.46,1121
246.2,570
246.52,1112
246.92,746
247.22,1093
247.47,456
246.73,432
246.98,1218
247.35,502
247.52,8090
247.21,4027
246.51,1824
246.41,920
246.74,6742
248.88,3110
247.46,522
248.28,1564
249.16,1156
247.89,502
247.57,403
248.02,1535
247.6,1038
247.68,1069
246.64,380
247.16,200
246.76,203
246.83,602
246.77,1129
246.83,2172
246.87,315
246.89,201
246.2,113
246.41,227
245.7,230
245.7,0
245.53,367
245.53,0
245.03,2155
245.2,103
244.98,218
244.89,110
245.2,201
245.2,0
244.78,221
244.31,1277
244.56,401
244.26,741
244.47,205
244.35,640
244,1209
243.75,395
244.62,1809
245.09,8971
242.86,396
244.09,889
243.95,4125
242.55,5080
238.83,4805
239.98,1493
240.7,1617
241.37,2192
239.49,1898
238.5,2016
239.56,1847
239.81,375
239,1491
238.58,1744
238.72,1718
238.62,652
238.59,958
239.17,1572
238.4,2086
238.27,1382
239,847
238.5,529
237.98,814
237.84,1646
237.88,1618
237.23,2740
236.63,1670
236.4,2622
237.11,712
237.44,1107
237.48,1596
237.12,1217
236.63,1232
236.54,1519
236.57,3004
236.97,1927
236.22,5786
237.04,3639
236.79,8910
237.87,787
238.02,300
239.22,2074
239.6,1629
240.04,1938
239.7,1664
240.85,512
241.12,1559
241.23,906
241.56,1588
242.2,922
241.78,1007
241.48,409
241.79,1141
242.27,1994
242.21,1142
240.91,1512
241.17,425
239.97,309
240.13,234
240.07,589
240.34,740
239.49,361
239.64,492
239.33,100
239.33,0
239.04,472
239.04,0
239.69,212
240.36,126
240.5,639
240.35,643
240.1,505
240.48,148
240.68,1338
241.13,560
240.87,1657
241.39,2522
241.99,6692
241.21,819
240.21,2852
240.95,380
240.35,3608
239.46,1375
238.13,2510
237.45,1761
237.64,4806
237.52,14593
236.57,5721
235.52,5766
234.12,4044
233.08,1002
234.38,1232
234.05,1224
232.84,1219
232.41,1065
232.49,1002
232.66,764
231.51,410
230.63,220
231.22,807
230.83,186
230.87,583
230.47,224
230.29,662
229.22,1143
228.96,1029
228.8,939
228.84,2897
228.27,778
229,1974
228.33,600
227.3,375
227.64,1683
226.31,3953
227.01,3300
226.76,4167
225.47,6166
223.47,4139
220.43,3394
220.02,7225
223.72,2508
223.46,1024
221.69,4270
222.15,3165
222.29,2160
220.98,6576
222.37,2088
222.48,567
221.89,4516
222.66,4337
222.17,3739
220.07,2358
219.27,3312
218.11,2020
217.91,11215
217.9,24379
216.87,5189
216.45,6564
216.16,6946
216.18,3077
215.78,1473
215.43,1125
215.26,5775
214.34,2011
214.27,7021
216.52,1782
216.02,951
215.36,1968
215.4,1603
216.33,989
216.15,2168
215.89,2497
214.68,3936
215.05,7149
214.45,6876
214.24,22185
210.54,4693
207.02,2735
214.37,3164
211.7,4980
213.24,4239
212.23,3076
211.81,4473
213.43,1814
214,4055
215.48,6335
215.61,4231
217.04,1288
218.19,1515
217.97,683
218.62,1538
219.35,894
217.03,239
216.25,779
214.41,2631
213.96,1043
212.91,1894
212.46,4080
212.9,2036
212.14,1351
212.43,1730
213.63,1205
214.14,400
214,804
213.85,621
214.27,542
214.73,838
213.42,2276
213.56,603
213.71,930
213.99,1359
213.56,3921
213.03,2538
213.65,4046
213.2,13500
218.59,2699
217.35,4679
217.06,3095
216.49,2669
215.5,1261
213.85,2284
215.29,4131
214.75,1845
214.18,3452
213.99,2185
213.72,2519
215.24,2041
215.69,2113
217.09,2064
215.78,1749
216.07,3353
215.8,809
215.84,2607
215.42,1316
216.39,1849
215.57,562
215.86,3295
214.69,2023
213.46,3091
213.66,1132
214.08,883
213.83,3753
213.75,3029
213.37,4169
212.95,4787
213.3,3102
213.11,1715
214.12,2077
213.88,2638
212.28,5608
212.76,2879
213.09,2627
213.35,3971
213.6,11458
206.44,2129
207.49,5164
208.07,4153
206.21,7853
206.3,7142
206.38,1250
206.48,1507
204.54,2471
202.86,11829
203.79,3643
205.5,2852
205.09,1625
205.2,2864
205.6,3412
205.52,1310
204.99,2553
204.04,4585
204.65,1182
204.99,1314
204.91,2475
204.58,3565
204.25,8508
204.01,3646
203.97,2836
203.83,2740
202.58,939
202.78,5145
202.61,2348
201.09,1738
201.3,2677
202.35,1717
203.4,947
202.53,925
204.47,2452
204.41,1978
205.42,799
205.9,3188
205.13,7184
203.88,7972
201.4,2442
201.3,1941
198.59,1562
201.95,1996
199.01,1967
198.53,1652
199.79,3404
200.6,2912
201.37,1679
202.08,801
202.6,2202
203.02,2061
202.57,3169
201.28,3369
202.57,2227
202.72,7762
203.44,4588
202.79,3628
202.57,1926
201.67,1854
202.48,1444
203.83,206
205.66,951
204.57,1140
204.45,569
204.01,105
203.58,2025
203.36,1960
203.34,1396
203.16,1487
203.37,1627
203.33,1702
203.45,1404
203.87,1274
204.68,1142
204.73,2928
205.41,1698
205.04,3221
205.6,7784
203.58,2157
203.11,5942
200.72,4026
201.31,3302
200.39,2371
199.23,3284
199.27,2736
199.03,2014
198.72,3859
198.53,2784
198.38,2746
199.51,2628
199.31,1203
197.67,1134
198.5,619
199.25,2063
199.65,1265
199.01,1439
199.52,1050
199.11,1155
198.83,1342
199.11,794
199.67,1499
198.75,2074
198.64,2652
198.6,1631
199.8,2772
199.64,1750
198.69,2834
198.14,2351
197.91,3109
198.21,1638
198.19,2835
198.96,3122
198.74,3982
198.52,5013
198.73,6199
198.11,9340
198.35,21897
199.06,2181
196.29,2161
197.77,2326
200.58,4402
200.17,1738
200.52,2037
202.65,5209
203.02,3319
204.56,1987
204.94,1471
204.65,2208
204.91,1824
205.37,1310
204.25,1418
202.98,780
202.18,1024
202.55,3702
201.86,210
202.28,653
201.91,312
202.36,808
202.75,1354
202.83,1046
203.91,796
204.06,2200
203.78,1579
204.24,950
204.23,541
203.15,522
203.83,225
203.91,962
203.38,710
203.75,1422
203.26,1074
202.99,767
203.1,552
203.57,1547
203.99,4146
204.07,7424
209.42,4363
208.7,4017
209.04,6580
210.06,6152
210.29,7462
210.02,3023
210.33,4857
211.23,1536
211.33,3834
210.93,2325
210.64,2746
210.72,1545
211.24,4455
211.63,1103
211.52,3006
212.11,2213
212.3,1116
212.2,1203
212.65,3156
212.24,1147
211.65,1146
211.61,1727
212.74,974
212.77,2199
213.47,1994
212.58,1451
212.92,912
212.23,1813
212.72,1491
212.92,2609
212.94,2133
212.94,1427
213.74,2366
213.3,1514
213.23,3734
213.2,2241
212.88,3765
213.1,5855
213.58,17251
213.14,4539
213,2071
213.04,1087
214.64,5101
213.31,1664
213.1,712
213.29,735
213.66,1936
213.76,3459
214.17,2639
213.7,1655
213.39,1615
213.1,1040
211.69,1002
211.96,2210
212.54,1145
211.58,420
211.76,850
211.65,934
212.03,817
212.41,241
212.45,638
211.6,1040
211.76,1599
211.78,3022
211.04,1290
211.37,597
211.56,3966
212.19,3074
211.45,1997
211.35,5619
210.47,3236
212.67,2779
211.39,1883
210,1457
210.32,2289
210.62,2994
209.35,8399
208.06,16116
208.89,484
210.44,2172
212.18,1942
211.95,2186
211.97,2213
213.29,5743
213.6,1024
213.85,349
214,1805
213.83,3155
214.03,993
213.94,347
214,2344
214.27,2283
212.86,1110
212.66,299
212.49,1286
211.51,241
211.47,803
210.58,1447
210.38,625
209.95,255
209.62,530
209.37,1118
209,422
209,0
208.88,2547
208.88,0
208.12,100
207.29,100
207.01,371
205.81,728
204.97,500
205.72,2805
205.97,1555
204.25,1936
204.47,2413
205.59,2367
206.93,6679
203.96,1848
202.61,384
201.12,1844
202.49,3172
202.82,3294
202.43,3508
203.96,1770
203.04,1660
202.56,567
202.89,1341
202.37,3440
202.64,1254
203.02,751
204.31,1756
204.59,835
204.9,3043
204.6,1029
204.35,1823
205.1,2056
205.22,928
205.23,200
205.17,714
204.87,100
204.51,862
205.38,746
205.85,1219
205.24,948
205.74,1744
205.51,515
205.84,434
205.6,690
206.1,821
205.96,1657
206.14,2835
206.36,2076
207.38,1984
207.82,3947
207.91,2870
207.24,5158
210.02,2303
210.17,3548
211.95,2022
210.58,5667
210.42,2867
210.49,1656
210.15,1861
209.84,2514
208.53,554
207.75,3534
207.39,2640
207.52,1110
208.21,606
208.33,602
208.21,4046
208.34,1429
209.26,702
210.07,390
209.62,748
209.77,1153
210.82,706
211.14,919
210.6,255
210.49,1134
210.26,2557
209.3,2081
210.03,1227
209.91,1072
209.91,2454
210.45,3213
210.91,1947
211.31,859
210.62,1326
210.63,1080
209.61,1254
209.38,1219
209.34,4157
210.35,3557
209.66,9804
212.7,5164
212.94,28584
212.75,4240
210.17,4871
210.72,4390
210.94,2465
212.3,2356
212.28,300
211.91,1096
211.91,0
211.08,580
210.86,798
210.09,642
210.76,283
210.76,0
210.94,1900
210.81,1020
211.22,1852
210.59,409
210.49,601
209.95,944
209.97,1611
209.46,100
209.31,225
209.32,1385
208.68,105
208,1476
207.89,3312
207.47,1175
207.5,1204
207.31,1007
207.35,1978
207.52,2412
207.87,965
208.52,1013
208.26,666
207.75,2492
208.54,2768
208.31,5312
212.87,3841
210.02,14737
210.44,2339
210.53,3530
212.03,1660
212.11,550
211.58,2888
210.88,2876
210.51,1664
210.55,2772
211.02,2272
211.27,2036
211.97,4412
212.88,920
213.33,1376
213.19,1008
212.83,633
213.31,684
213.06,820
213.23,101
212.95,376
212.75,619
213.06,354
212.99,430
213.12,928
213.12,630
213.1,612
213.12,922
212.99,126
212.83,522
212.83,0
213.33,310
213.51,423
213.68,1904
213.77,300
214.09,3518
213.83,1154
213.75,3579
214.12,7600
218.52,1256
216.96,2011
217.23,1379
216.16,5773
214,1883
214.28,1003
214.34,2107
214.65,1208
214.15,1375
214.18,894
214.22,1808
213.52,124
213.63,1083
213.41,1519
212.79,853
213.25,738
213.59,1284
213.11,377
213.33,2630
213.64,1710
213.6,523
214.75,2122
214.82,2962
214.74,980
214.69,2170
214.04,2912
213.35,961
213.36,622
213.47,503
213.51,908
214.47,533
213.75,222
214.15,300
214.1,784
213.13,916
213.12,720
213.19,545
213.34,1513
212.85,5013
213.71,1282
213.15,462
212.67,2429
211.01,6700
210.99,2810
210.04,6378
210.5,2998
211.52,437
212.17,1213
213.04,952
212.59,735
213.04,379
213.14,926
212.33,659
212.23,608
212.57,607
212.57,0
212.71,200
212.71,0
212.71,0
212.28,165
212.12,1036
211.89,533
211.89,0
211.63,1308
211.42,200
211.42,0
211.42,1271
211.15,2191
211,1522
210.67,663
210.94,2515
210.72,2993
211.13,2254
210.93,2926
210.92,2455
211.22,5068
210.12,8335
209.89,14563
211.58,2437
211.3,1785
210.04,3052
211.11,2367
210.42,3157
210.78,2781
212.08,5429
210.24,4676
208.89,7086
208.75,2947
208.24,2580
208.32,1932
208.03,1667
208.91,1895
208.75,2170
208.98,3030
208.82,1580
209.27,1593
209.64,1875
209.21,2578
209.19,1365
208.9,3095
209.04,4085
209.2,2248
208.36,1648
207.94,1517
208.13,2120
208.29,903
208.23,1478
208.04,1611
208.32,3495
208.09,1479
208.44,1651
208.67,3213
208.39,1670
208.43,4210
208.49,4687
208.58,5867
208.45,14276
205.96,6097
202.63,3890
202.31,3319
202.19,2025
201.86,1503
199.3,2940
198.87,6730
198.93,4328
198.52,2392
199.45,3126
199.31,3604
199.19,1291
199.4,946
199.47,3440
198.95,1454
199.53,1799
199.19,543
199.89,1235
201.5,2940
201.55,518
201.82,214
201.69,1575
201.29,1088
201.83,461
202.57,804
202.57,436
202.68,979
202.8,1211
201.55,1920
201.44,2225
200.95,1651
200.99,443
201.36,2924
200.45,6945
200.18,4466
200.23,3887
199.57,4351
199.83,3987
200.06,9536
191.87,26795
188.29,19988
190.17,5632
190.73,9810
188.01,14923
186.51,46264
187.93,7352
187.46,8677
185.78,10480
185.81,3682
185.46,3045
185.43,7614
185.02,6049
187.02,4983
185.86,3791
186.42,3786
186.48,4864
186.98,10790
185.64,5789
185.06,5873
186.41,3147
187.41,3800
187.32,3813
188.02,766
187.34,2618
187.39,3344
186.64,4272
186.76,5257
186.39,2333
187.05,1653
187.23,3144
187.36,2400
187.32,2898
187.05,2637
186.59,6357
186.12,4869
186.52,5470
187.34,10347
187.72,26985
185.17,6816
186.47,5075
185.68,1633
185.6,8386
185.64,2757
185.27,14550
186.33,2873
185.37,2492
185.77,1300
185.29,919
185.92,1503
185.77,642
185.43,1834
185.49,1412
186.12,1500
186.57,1819
186.33,1169
185.95,713
185.82,882
186.59,4206
186.57,215
186.09,781
186.12,400
186.51,939
186.58,401
186.08,780
186.07,1019
185.91,563
186,202
186.03,407
186.28,705
186.21,889
186.28,1975
185.73,1334
185.61,1398
185.66,3510
186.04,5550
186.34,4608
186.14,12979
185.75,2617
187.91,4365
189.71,2983
187.18,3142
187.97,3093
187.88,1142
189,2390
189.47,497
189.15,1149
188.68,2313
188.39,526
188.63,210
188.49,914
188.17,283
187.17,1320
186.6,2333
186.15,2824
186.52,3562
186.53,3794
186.8,898
186.96,1654
187.13,626
187.76,3581
189.11,2468
189.95,3650
189.62,888
189.4,717
189.08,534
189.4,526
189.47,983
189.35,842
189.09,1540
189.9,1523
190.12,1170
189.97,1397
189.96,1241
189.9,1474
190.04,3024
190.22,6465
191.58,2297
191.97,7682
190.88,4158
188.58,5717
189.03,3434
189.37,2615
191.07,2004
190.9,6203
190.36,1464
190.33,1382
190.42,556
191.14,292
191.06,1368
191.36,892
191.39,594
191.24,1609
191.67,725
192.07,689
191.7,1263
191.29,1820
191.24,792
191.45,597
191.49,1256
191.86,772
191.55,2169
192.2,951
192.15,2417
192.66,2301
192.82,2054
192.63,1404
192.7,1157
192.62,630
192.12,891
192.54,255
192.54,2082
193.2,1244
193.15,2302
192.6,1848
192.32,13494
196.4,5534
195.79,2183
193.4,1667
193.91,2358
194.99,2177
194.95,1772
195.49,1318
194.74,1084
194.37,1671
193.58,795
192.96,1531
194.05,545
194.14,468
194.2,240
194.38,274
195.05,548
195.5,974
195.14,1209
195.13,1328
195.01,2419
194.92,1375
195.4,472
195.89,786
196.19,203
195.94,466
195.32,166
195.6,703
195.58,905
195.15,288
195.22,1405
193.93,646
193.59,260
193.62,355
193.91,1327
193.49,1084
193.11,669
193.42,1009
193.42,2689
192.91,6959
193.79,737
192.34,549
192.29,779
191.97,414
192.17,1263
192.54,967
193.23,1562
192.49,1074
193.16,1414
192.94,1798
192.93,921
192.83,1903
192.92,2323
193.05,1106
192.75,1806
193,2747
193.07,3761
193.18,984
193.31,981
193.65,871
193.75,1322
194.18,1535
194.31,841
194.36,725
193.78,1100
194.08,847
194.65,1540
195.29,1884
195.87,5046
196.16,5338
195.62,1731
195.39,2270
195.36,1872
194.92,2116
194.88,4288
194.54,3080
194.53,1894
194.62,3981
194.42,28249
196.77,6684
198.24,17307
200.75,17628
200.87,15245
200.25,5149
198.9,1575
197.67,2711
197.78,4377
197.31,2361
196.3,1188
196.83,1076
196.42,837
196.79,1193
196.46,1022
196.59,660
196.76,2825
195.88,591
195.28,100
195.46,499
195.76,424
195.74,534
195.67,1441
195.87,2068
195.28,417
195.05,1065
194.93,2076
195.52,644
195.5,430
195.75,980
196.06,1625
195.92,1754
195.59,525
195.63,801
195.63,301
195.8,1712
195.28,668
195.89,2948
196.17,4946
195.68,13607
196.03,14583
198.17,11738
197.91,8992
197.32,6110
197.45,9911
197.97,5079
197.71,3645
196.16,8378
196.83,3184
196.88,3298
196.79,4987
196.26,2109
196.51,3226
195.97,8412
195.98,4525
196.33,15258
196.75,16309
196.71,10941
196.75,4456
196.66,1781
196.45,1916
196.48,1570
196.52,884
196.58,3049
196.52,1257
196.78,3442
196.43,1175
195.58,1572
195.89,562
196.32,728
196.1,1082
196.01,2707
195.97,2891
195.96,8414
196.05,2790
196.12,4529
196.08,6255
196.75,8009
196.43,21038
200.92,13915
200.29,14548
198.3,3736
198.72,6691
197.03,5079
197.77,4693
196.68,2706
197.23,1583
196.78,8325
196.56,1383
196.12,2532
195.87,676
196.98,1482
197.14,606
197.16,756
197.22,1078
197.23,3888
197.26,594
197.47,248
197.32,1049
196.58,202
196.34,780
195.81,767
195.55,240
195.38,377
195.62,385
195.62,1614
195.83,1587
196.1,1089
196.43,633
196.35,669
196.08,908
195.71,1067
195.89,1080
196.51,1814
196.5,1627
196.41,405
196.56,3752
196.28,30263
193.59,3309
194.32,4755
195.58,1356
194.72,1112
194.61,1046
194.09,2403
194.08,689
194.14,761
194.42,1480
194.71,2118
194.43,944
195.06,910
194.52,1732
194.39,1230
193.75,857
193.97,1814
194.64,624
194.18,1454
194.28,1624
194.58,858
194.95,988
194.91,1216
195.17,562
194.96,674
195.24,649
195.37,803
195.03,462
194.95,876
194.73,221
194.68,227
194.79,213
194.77,300
194.44,680
194.56,467
194.78,943
194.77,2142
195.29,2757
194.54,5653
194.25,13719
190.07,12886
190.59,2894
190.09,4247
190.42,3374
190.09,2395
190.95,242
191.16,3137
190.76,1113
190.51,1938
190.31,1151
189.4,5875
188.43,2868
188.33,6922
187.84,6757
187.58,5103
186.54,4958
186.74,1143
186.62,2988
187.76,1799
187.44,718
187.25,2271
188,3709
188.43,764
188.23,2241
188.33,1484
187.36,585
187.28,596
187.06,637
187.13,674
186.89,568
186.95,1335
186.24,699
185.89,2045
186.09,736
185.78,2235
185.34,1763
184.75,3323
185.05,2000
184.74,13456
180.07,13642
179.04,5455
178.76,6186
177.63,5737
178.18,12057
178.53,8554
178.07,5814
176.6,7921
176.42,6849
175.69,12951
174.25,3823
174.71,6544
173.44,8330
173.31,7571
172.37,4536
172.51,3753
171.65,2981
171.73,31686
171.55,8452
170.78,7122
170.94,11469
170.85,10824
169.46,12783
167.94,20334
167.2,20618
167.32,7477
167.91,39958
167.4,17449
167.26,12548
166.24,9808
166.24,9649
165.47,35589
165.97,38358
165.09,19939
165.21,37826
165.16,65034
165.55,41947
165.27,69495
165.58,96347
171.19,21224
172.55,16116
172.76,16488
172.26,16530
172.98,11898
175.41,30193
174.44,32046
173.87,38508
173.77,29967
173.99,34958
174.03,19682
174.61,24528
175.01,26773
174.97,23499
174.98,19344
174.47,54992
174.84,24643
174.25,5570
174.14,16578
175.57,9989
175.88,6664
175.98,7662
175.64,5566
175.72,3427
175.71,24300
175.77,18136
175.98,26320
175.83,11211
175.88,5203
175.77,19494
175.64,1980
175.39,5186
175.57,12701
175.16,7354
175.36,10870
175.45,26471
175.47,33699
175.4,33000
175.52,72558
171.8,5825
170.72,5966
170.66,2806
171.88,4323
171.12,2859
171,1487
170.74,1191
170.61,2273
171.73,3450
171.58,4339
172.21,4634
171.87,3947
171.32,2618
171.04,2179
171.36,782
170.93,1181
170.58,873
171.03,1703
170.72,607
170.75,834
170.88,220
170.72,1823
170.58,2182
169.98,1982
169.2,1972
169.27,1547
169.47,2427
169.48,961
169.51,1200
169.36,753
169.65,1555
169.75,1166
168.74,1497
168.81,729
169.24,736
169.19,4468
169.31,3633
169.11,2402
168.91,20685
169.86,7352
171.82,4902
172.13,3566
171.64,7905
173.55,19017
172.41,3766
172.2,6514
172.45,5139
173.27,5349
173.64,4174
173.38,3949
173.05,3058
171.66,6275
172.23,1043
172.74,960
172.99,2289
173.38,1857
172.71,2660
173.06,2053
173.98,2176
174.1,3042
174.44,4342
173.52,2716
173.6,3053
173.75,848
173.92,1266
174.1,1404
173.89,1492
173.57,3132
173.75,1998
173.84,3570
173.55,3835
172.46,2225
172.25,4291
172.67,3698
172.55,1810
173.14,5347
173.35,5660
173,11903
173.3,5622
173.34,962
173.39,797
174.42,1914
175.75,1511
175.37,2053
176.33,1570
176.35,1615
176.58,2972
176.57,1287
176.71,1700
177.83,1871
179.37,2740
179.35,7087
180.03,23064
179.77,3759
179.03,1514
178.96,1313
179.15,1650
178.87,1898
178.5,1132
178.48,1108
178.1,1858
178.85,1976
178.38,2385
178.55,436
178.6,1159
178.6,902
178.54,1153
178.91,1911
179.32,1685
179.17,808
178.77,1434
178.83,1254
178.9,1569
178.64,3767
179.45,1262
178.93,3835
178.52,13231
176.82,3434
175.91,1263
176.03,1334
175.23,1679
176.48,1268
177.25,2071
177.63,1446
176.72,4173
177.51,8474
176.82,845
177.18,1571
177.33,400
177.01,666
176.69,1522
176.69,0
176.72,2791
176.62,2647
176.15,1759
176.63,1101
176.46,1238
176.67,133
176.72,837
176.22,1855
175.9,131
175.79,564
175.91,721
175.69,3576
176.12,6396
176.03,2316
176.18,2247
176.13,3441
175.84,1260
175.89,4126
175.83,5049
176.62,1098
176.77,1543
176.25,3074
176.3,5341
176.92,10812
178.4,8239
177.27,521
175.91,2544
174.18,1950
173.75,2369
173.17,1973
173.3,2541
172.74,3075
173.02,3036
172.47,2653
171.07,3855
170.24,4001
170.46,3531
170.21,3382
170.12,2381
171.22,2378
171.1,1160
171.1,2943
171.35,1609
171.1,1406
171.02,1737
170.88,2722
171.06,2898
171.14,3450
170.81,3446
170.64,1578
170.61,921
170.85,1339
170.77,1373
170.34,473
170.51,2652
170.25,1523
170.08,2299
170.18,3387
169.51,2664
169.33,2612
169.75,4214
169.45,9088
169.74,34713
168.42,3182
167.46,3816
166.7,5991
166.28,4302
166.14,3783
165.42,9275
165.47,5417
165.36,3141
165.93,3765
165.65,7485
165.75,701
166.18,1677
165.99,3681
165.71,6166
165.69,1795
165.28,1544
165.23,1635
166.13,4286
165.9,3940
165.63,1436
166.15,1085
166.23,2325
166.01,4549
165.55,4103
165.57,4065
165.55,4770
165.6,3258
165.42,2440
164.88,2619
165.14,855
165.64,806
165.97,2342
166.22,1864
165.96,3041
166.03,5294
165.87,8220
166.08,10308
165.42,9714
164.83,59518
171.62,9444
172.52,15743
171.93,13287
171.3,3318
170.7,3741
171.03,2611
170.93,5830
170.08,3149
169.11,4893
169.78,2550
169.43,3068
169.32,4900
168.58,2669
169.2,3263
168.44,2657
168.21,1409
168.25,2170
167.9,1460
168.45,1439
168.28,1632
168.48,1983
168.26,1240
168.58,1395
168.46,2019
168.74,1870
168.63,3751
168.71,1985
168.28,4235
168.34,1605
168.53,4699
168.23,3056
168.83,2913
167.77,4987
167.7,4727
166.84,9619
166.47,6915
166.41,9379
166.17,8864
165.96,43366
165.34,22874
169.61,41612
171.36,22935
173.77,11121
176.54,6154
176.23,16783
173.95,117841
171.8,41987
171.95,62261
170.8,11395
171.52,15721
170.79,39447
171.82,3731
171.8,2749
171.15,15435
171.39,9160
171.15,16620
171.81,7264
171.13,6607
171.25,4026
169.67,49752
169.98,14032
169.56,7099
169.64,5698
169.03,3942
168.99,5279
168.22,8778
168.24,3283
167.86,7032
168.28,3064
167.46,4673
167.35,3767
167.23,4915
167.28,12155
166.43,8939
165.64,15206
166.84,21177
167.14,21753
167.65,51297
171.78,11522
175.08,6929
174.81,2224
175.85,7314
175.85,2215
175.11,4185
175.49,3344
176.57,2203
176.1,3067
176.03,1638
176.06,2242
176.07,2166
176.05,2769
175.91,2048
176.56,410
176.19,882
175.85,1088
175.36,1982
175,1777
174.28,1117
173.5,3441
173.98,3019
173.1,1448
172.66,814
172.48,1676
172.26,3534
172.14,2553
172.15,2063
172.11,1239
172.47,434
172.83,790
172.38,2021
172.4,2015
172.23,1156
172.16,960
172.09,2438
172.18,2814
171.96,3903
172.08,40610
176.35,9833
176.82,10539
176.47,2671
176.34,3933
175.39,4853
175.25,10692
175.87,7556
177.08,8834
177.53,1992
177.44,1220
177.1,1808
176.89,917
176.15,1344
176.74,604
176.98,720
177.22,964
176.51,1127
176.8,1073
176.82,1265
177.2,1344
177.69,516
178.46,943
178.49,749
178.47,1333
177.85,1563
177.29,1911
177.78,744
177.36,975
177.13,1216
177.74,100
178.01,1442
178.12,630
178.18,1648
177.46,817
177.55,3590
177.69,2642
178.18,4146
178.26,2170
178.22,7847
181.09,5393
183.69,6164
183.88,3180
184.76,2406
183.95,2942
183.95,4957
185.62,9797
186.01,9119
187.08,9072
187.53,4305
187.5,2641
186.47,1603
185.51,1015
185.51,0
185.38,1135
185.78,1416
186.13,974
186.72,1100
186.49,2410
186.74,2278
186.92,1274
187.83,2925
187.84,1269
187.67,1409
187.76,1533
188.41,1604
187.03,2574
187.47,1545
188.43,2185
188.06,1512
187.99,2447
188.31,1714
187.78,1489
187.4,1471
187.84,1018
187.67,2269
187.36,4023
187.67,4576
186.88,12347
190.24,11973
186.44,6548
188.99,5050
188.97,9374
190.2,6937
189.64,2104
189.54,2208
189.11,1180
189.07,2579
188.14,1789
188.24,1312
189.16,857
189.56,697
188.9,413
188,921
188,0
186.98,1188
187.51,330
187.3,1196
186.93,271
186.43,1533
186.12,682
185.46,1409
184.9,2520
184.13,825
184.17,437
185,939
185.41,1741
185.59,795
184.82,562
185.12,234
184.98,1289
184.85,874
184.9,1239
184.97,1692
185.04,1498
185.43,6920
186.36,4590
186.41,12854
189.91,7290
192.41,7304
190.56,6962
190.94,9204
189.91,10729
189.68,6678
191.15,5375
189.66,3437
190.54,9070
189.38,8422
189.68,4307
190.04,4160
189.35,2247
190.23,4670
190.17,4280
190.44,3180
189.36,4548
189.6,3629
189.67,3182
189.87,4306
189.81,5524
189.91,4223
190.03,4354
190.54,4090
189.89,5050
189.84,6618
189.68,3594
189.72,8245
189.73,3480
188.66,4239
189.31,3242
189.98,4555
190.43,2701
190.18,3197
189.98,3409
189.65,3596
189.76,3507
189.22,8600
189.45,15303
190.18,3206
189.71,3604
189.16,2673
189.53,3562
189.2,2191
189.28,2394
188.09,2401
188.47,5328
187.64,2212
188.36,1260
188.22,1047
187.8,2024
187.48,155
187.78,571
187.94,1566
188.13,2072
188.57,403
188.11,2775
188.07,1501
187.64,2395
187.12,2193
187.07,742
187.5,206
187.5,0
187.88,850
187.15,658
186.87,1126
186.18,100
186.08,100
186.49,748
186.71,405
186.07,811
186.33,572
186.36,259
186.26,1623
186.49,1523
186.88,2214
186.73,1708
186.47,8268
192.76,3714
193.41,3226
194.71,5955
194.48,8814
195.42,6065
194.41,4049
194.54,2106
194.7,5564
194.9,3614
194.56,1648
194.2,3421
194.71,3086
194.98,1761
195.31,992
195.73,2131
195.75,1043
195.46,1523
195.58,598
195.26,2568
196.93,1650
197.46,5437
198.5,364
197.87,1393
197.1,1274
196.92,846
196.23,892
195.94,1056
195.87,2403
195.43,1335
195.23,829
194.8,1247
195.02,1346
194.6,2180
194.72,1307
194.93,959
194.5,3326
194.08,3993
194.07,5766
194.54,13375
193.78,6872
195.28,5937
193.41,3877
193.67,5419
193.33,3068
193.24,7964
194.88,5768
196.31,8588
196.61,4057
196.6,3267
197.21,4877
198.05,2090
198.5,1700
196.3,1339
196.44,316
196.5,753
196.68,107
196.29,1452
195.9,1515
196.42,732
195.84,2676
196.46,884
196.46,796
196.25,870
196.24,543
196.55,1945
196.97,2770
196.83,1497
196.93,1674
197.26,2589
197.31,3567
197.43,2412
197.96,4267
198.25,9092
197.51,4507
197.44,6519
197.12,4762
196.94,11124
196.53,23616
196.6,6216
197.02,2733
197.11,4066
195.31,5948
195.95,795
197.28,1515
197.93,469
197.92,769
198.18,1012
197.94,307
197.38,1253
198.02,1148
198.73,621
198.57,1413
199,309
198.8,214
197.74,1130
197.78,200
198,2311
198.97,2187
199.55,811
199.49,221
199.51,100
199.86,300
199.95,1911
199.95,725
199.87,1664
199.93,1751
199.82,626
199.47,455
199.03,521
199.03,0
198.83,868
199.24,2262
199.84,1242
199.83,1670
199.5,1113
198.81,1449
199.35,19240
201.4,13830
202.53,6440
199.56,4712
200.66,3338
200.62,4031
200.91,4893
201.21,6864
201.11,3682
201.9,2396
201.81,1485
201.24,715
201.66,2050
202.12,2129
202.05,778
202.48,1302
201.58,450
201.19,1366
201.24,2365
201.25,775
200.7,2098
200.71,2691
201.04,2790
200.74,2851
200.9,2129
200.34,2335
199.72,1438
200.18,790
199.99,1318
199.87,1429
200.25,764
200.79,410
200.57,1428
200.46,1271
200.55,1826
200.17,1869
200.5,4005
200.35,3991
200.74,4099
200.77,7283
199.09,3275
197.59,1205
197.44,1256
198.66,1161
199.47,2184
199.5,1056
197.92,1093
198.21,601
197.93,898
198.29,920
197.2,2008
196.74,1838
196.12,1639
194.75,1095
195.61,1699
195.7,264
195.23,832
195.44,1600
194.69,1297
195.48,1242
195.85,449
196.01,692
196.01,531
195.42,411
195.42,216
194.63,344
194.73,201
194.63,318
194.99,3137
195.18,924
195.18,570
194.92,816
194.64,1431
195.16,1462
195.62,1980
195.64,1406
195.46,2736
195.39,3568
195.3,16668
199.35,2942
198.98,639
199.13,2415
200.95,3199
199.17,1420
199.44,982
199,3066
198.37,1158
197.57,4009
197.12,3317
196.61,2472
196.36,2980
197.76,727
197.7,738
197.62,1355
198.07,1537
198.49,631
198.71,2412
198.02,826
197.92,805
197.8,887
198.38,756
198.15,926
197.68,874
197.58,933
198.22,1126
198.39,1508
198.52,1682
198.52,2077
198.38,1385
198.33,1424
198.29,2625
198.94,2763
199.14,1941
198.86,2806
198.87,2154
198.64,3183
198.1,7191
197.88,17301
198.18,8121
199.63,8669
203.78,9982
205.02,14742
204.94,9007
205.74,11652
208.05,7891
208.6,8039
207.45,7505
207.63,3507
208.43,2272
208.7,3601
208.63,3123
209.64,6437
209.96,6648
209.46,4032
208.53,5710
207.87,4375
207.84,4325
207.59,2764
206.76,2705
206.99,2107
208.14,1948
207.57,2034
207.14,1155
207.49,2096
207.43,2047
207.84,1089
207.64,1853
207.58,4377
206.78,6669
206.71,3658
207.35,3606
207.37,5262
207.11,4773
206.73,4475
206.79,4819
206.69,4063
206.23,25107
204.43,1733
202.39,5911
202.04,3126
201.37,4592
201.76,2602
202.23,3218
202.32,2115
203.3,2861
202.86,2127
202.99,2129
202.56,2467
203.02,2174
203.74,2352
203.18,1136
202.72,409
203.67,100
203.23,752
203.24,584
203.31,1380
203.37,779
203.01,754
202.59,1491
202.49,1876
202.63,1581
202.58,1603
202.39,2672
202.55,1643
202.65,6412
202.5,4821
202.71,2989
202.58,2200
202.92,715
202.62,4797
202.53,4541
202.71,2341
203.09,4528
202.76,6925
203.16,4622
202.87,10828
202.5,9682
198.08,14725
198.18,6881
196.83,13030
195.34,9048
194.21,6790
195.27,2094
195.94,5781
196.01,2035
196.53,1266
196.79,2670
195.94,2571
194.97,6679
195.16,7691
196.01,11011
197.56,2060
197.41,2086
197.28,1221
196.86,5963
197.25,3510
196.91,2243
196.48,799
196.54,4169
196.71,2261
196.64,3179
196.8,486
196.4,2293
195.89,18233
195.29,17823
195.71,1932
195.22,1114
194.97,2044
194.97,3119
195.64,1801
195.98,1312
195.76,5998
196.09,3969
195.95,10194
196.12,18455
198.89,3011
196.82,3297
196.13,1051
195.86,2024
196.01,6547
196.11,710
196.05,2914
196.11,1034
195.65,2174
195.25,1654
194.39,2117
193.75,1712
194.29,1329
193.9,1298
193.7,4194
193.73,885
193.43,655
192.91,1592
193.2,2988
193.03,766
193.13,1319
193.05,2016
193.04,1059
192.69,185
192.72,1551
192.45,203
192.39,970
192.33,1535
192.58,150
193.09,2012
193.39,1206
193.66,770
194.12,725
194.15,1509
194.77,4529
195.49,3509
194.77,6097
194.69,10694
194.78,20531
195.79,1501
195.74,628
196.08,1264
195.05,5142
192.4,8556
192.71,2656
191.19,762
192.39,698
191.97,4244
191.53,3141
191.8,3501
190.98,4372
191.07,2770
192.12,1483
191.04,678
191.01,2484
191.26,1664
192.26,416
192.03,948
192.08,1692
191.73,909
191.52,887
191.78,529
192.06,915
191.9,944
192.18,325
192.15,1746
191.89,1187
192.02,757
192.39,1276
192.72,1724
193.5,1866
193.42,1335
192.84,1567
192.32,1103
192.26,1915
192.25,3254
192.45,2120
192.82,7966
190.7,1871
191.38,1075
188.99,1054
188.84,2323
187.05,2393
186.97,3613
186.24,4329
185.58,3040
185.85,2788
184.94,5660
184.67,4420
185.04,5752
185.37,3987
185.71,2945
184.82,469
184.21,8070
184.64,2818
185.2,1584
184.5,1965
184.17,1864
184.78,1407
184.81,2237
185.51,874
185.55,2996
186.28,6133
186.37,3240
186.64,1836
186.77,2933
186.26,1827
186.12,3199
186.29,1714
186.42,1863
185.88,4340
185.88,2702
185.32,4714
185.03,5325
184.86,6225
185.28,10275
184.95,22069
184.38,6323
185.9,6189
183.45,1672
185.11,2883
185.23,1552
184.66,555
184.44,1190
185.27,4111
186.7,2344
184.96,1194
184.95,1291
184.65,3135
185.31,2379
185.92,2263
186.83,1438
186.1,707
186.14,202
186.57,629
186.65,428
186.3,200
186.89,354
186.89,0
187.05,230
187.03,574
186.74,799
187.15,272
188.01,754
188.12,795
188.45,1359
188.4,669
188.09,204
187.93,307
187.72,654
187.72,943
187.36,1945
187.37,1844
186.92,1913
186.59,3425
186.9,8349
194.11,6760
195.01,2034
195.57,477
193.88,1281
194.39,1979
195.34,595
196.1,2226
196.78,4145
197.21,3134
197.02,3378
197.53,1841
198.04,1328
197.85,1242
197.84,1154
198.15,1774
199.18,1050
199.07,1340
199.19,654
199.32,5621
200.38,4879
199.72,3427
200.7,4169
200.08,1375
200.34,1349
200.58,879
200.21,180
200.21,654
199.74,228
199.37,319
199.41,145
199.36,671
199.54,301
199.47,1236
199.39,1701
199.01,1815
199.18,1866
199.02,1657
199.46,3019
199.3,13252
200.21,1790
199.83,1813
197.25,1984
197.88,1740
196.67,560
196.85,1410
196.61,573
198.19,668
198.14,947
198.33,347
198.74,1502
198.41,1476
199.11,749
198.89,341
198.83,673
198.71,548
199,307
199.09,961
199.66,1100
199.52,416
199.73,673
199.88,995
199.93,1026
199.62,827
199.23,2100
199.61,1567
199.75,1166
199.96,715
199.63,914
199.31,401
198.78,792
197.87,306
197.62,859
198.11,993
197.57,272
197.96,901
197.71,1641
197.76,1253
197.75,5523
195,1778
198.59,1163
199.25,831
200.26,1133
200.31,1141
200.18,2054
201.32,1163
201.52,969
201.85,1311
202.55,421
203.04,1525
204.05,4772
204.59,2343
204.93,1000
204.52,1370
204.5,1759
204.59,1429
204.77,849
204.54,714
203.4,1647
203.46,719
203.46,972
204.3,324
203.81,1103
203.81,0
202.9,951
202.88,747
202.27,225
202.21,1315
202.51,1187
202.76,1346
202.61,974
202.77,1831
203.3,1321
202.81,948
203.12,697
203.37,1241
202.86,2461
203.52,16655
205.43,2812
206.56,4221
207.08,5882
208.08,2013
209.17,3329
208.64,3057
207.48,2807
205.31,1326
204.17,724
205.87,2651
205.83,1597
206.77,2324
207.66,2739
207.11,1231
207.05,886
207.38,503
207.62,1179
208.22,1897
208.65,1334
208.54,1000
209.18,2591
208.77,949
209.4,5931
208.77,1635
208.38,1290
207.24,2331
206.79,1853
207.46,1735
207.52,1756
208.28,917
207.98,2030
207.28,2375
207.15,2820
207.78,1993
207.43,2842
207.89,3798
207.89,6824
208.61,8991
209.03,19628
209.19,2389
208.18,4532
208,2297
208.33,2042
209.59,6505
209.71,3810
210.42,3063
210.35,1161
209.81,312
209.84,1163
209.63,1258
209.48,248
208.68,1618
207.98,217
207.4,668
207.69,304
208.09,205
208,835
208.55,274
209.08,575
208.57,518
209.25,127
209.19,213
209.19,0
209.19,0
208.39,293
207.94,728
208.39,541
208.47,513
208.48,836
209.34,996
210.2,1295
209.96,945
209.79,661
209.08,1294
209.03,1323
209.23,2333
209.11,717
209.4,6260
210.93,4843
211.07,1999
210.39,3915
212,4161
212.23,825
211.15,2016
211.88,1040
210.61,2327
210.94,1747
210.42,355
209.85,1886
209.84,1254
209.59,771
209.92,1229
209.72,503
209.22,1614
209.5,499
209.35,840
208.99,1027
209.41,214
209.48,1235
209.55,3555
209.86,2185
210.44,106
210.41,129
210.58,319
210.43,1395
210.42,1037
210.79,422
210.74,1388
210.58,2780
210.43,1147
210.71,579
211.06,4091
211.18,2160
211.49,2900
211.27,3031
211.58,4819
211.41,9404
210.67,3131
208.34,4906
208.78,1779
210.07,3639
209.85,4532
210.7,2408
209.78,1552
209.11,1767
209.48,1919
209.66,2849
210.06,1576
209.62,2246
208.86,1999
209.16,1371
209.22,1009
209.39,1091
209.46,831
209.34,587
209.67,2144
209.57,847
209.44,961
209.77,631
209.77,922
209.98,635
209.97,823
209.43,1481
209.46,1418
209.16,1000
209.19,200
209.42,532
209.48,379
209.36,1193
209.24,1806
209.2,220
209.53,1558
209.51,1705
209.38,2578
209.31,2486
209.2,9246
210.46,1268
211.86,1598
212.19,1365
212.78,2251
213,406
213.01,624
213.08,1840
213.64,749
213.81,397
214.22,446
213.94,1627
214.06,804
213.99,1443
213.61,1069
213.93,838
213.78,1579
214.2,1751
214.61,1083
215.06,1359
216.06,2384
216.82,2825
217.03,3461
217.2,200
218.37,1445
217.5,1640
217.99,1430
217.95,596
217.76,852
217.9,1496
217.75,2068
217.83,1943
218.26,2167
218.22,2019
218.24,3015
219.06,1321
219.26,2080
218.91,1653
218.89,4176
218.95,13209
221.32,8508
222.29,2609
221.56,4228
219.24,3101
219.99,794
220.65,1986
219.67,871
219.66,1040
219.1,970
220.07,347
219.37,333
218.86,481
218.86,0
219.17,792
219.17,0
218.61,181
219.07,345
218.95,567
218.95,0
218.95,0
218.95,0
218.87,323
218.89,1610
218.55,373
218.57,100
218.63,403
218.94,113
218.19,424
217.47,388
215.19,2366
215.25,2886
215.99,561
217.3,612
217.55,524
217.67,371
217.01,2113
217.36,1854
217.19,2748
216.18,6164
215.3,2515
216.99,865
217.41,1157
217.66,1993
217.89,1250
217.28,2450
217.61,2344
217.57,1719
218.34,5760
218.08,2933
217.7,1203
218.98,1274
219.26,904
219.8,1286
219.86,2006
220.48,1390
220.33,5374
220.52,417
219.66,2095
220.21,1190
220.33,990
220.5,1177
220.14,1563
219.82,674
220.43,736
220.84,1517
221.02,252
220.77,1055
221,278
220.4,702
221.24,822
221.33,1520
221.78,905
221.96,2519
222.12,1887
221.9,560
221.67,4393
222.32,585
221.95,6339
220.66,3154
219.11,1208
218.91,2591
218.42,3514
217.95,4225
218.7,1988
220.38,2426
219.55,3680
219.35,1304
218.69,869
219.43,954
219.07,2165
219.24,1839
218.79,2250
218.84,1006
219.12,3646
219.42,2560
219.31,1438
219.48,622
219.33,566
219.8,1316
219.55,251
219.34,442
218.77,541
218.19,344
217.91,533
217.62,1970
218.07,1710
218.35,1260
218.46,1472
218.66,1895
218.87,478
218.8,1945
218.54,770
218.12,1526
217.76,1237
217.97,1809
218.47,2666
218.45,20110
218.86,2294
219.73,2659
218.85,5168
217.28,3525
217.88,3140
217.41,9053
216.87,6249
216.04,902
216.66,849
217.27,1901
217.77,943
217.94,3695
218.51,2996
219.5,1024
219.6,1945
219.6,0
219.6,0
220.68,554
220.82,1187
222.01,2044
222.15,1001
222.38,770
221.55,726
221.64,916
221.5,1544
222.06,480
222.11,704
221.9,951
221.74,1872
221.88,1148
222.42,1464
222.57,1549
222.84,1440
223.34,1338
223.39,1574
223.06,1675
223.51,3629
222.86,2259
223.3,9163
220.66,3503
222.68,2612
220.98,1999
221.5,1704
221.57,456
221.5,874
220.35,1318
220.6,2382
219.59,1541
220.1,2531
219.85,1672
219.83,1989
219.93,3908
219.93,1694
219.78,3184
220.08,1204
219.92,1671
220.02,2843
219.98,2072
220.02,2179
220.18,2035
220.02,2384
220.38,1754
220.33,4503
220.4,1281
220.66,2041
220.67,1309
220.68,2515
220.83,2869
221.44,2132
221.92,2325
222.11,1927
221.91,1640
221.34,608
220.77,532
220.8,2923
220.78,5755
220.58,3542
221.03,13121
218.49,15204
214.79,8969
213.05,6399
214.24,4075
214.51,4085
216.87,945
216.43,1558
215.84,979
215.43,1647
215.66,1571
216.14,1745
216.49,3021
216.51,1847
216.56,1037
216.51,1501
217.63,1058
217.37,411
216.9,733
217.47,258
217.71,583
216.8,102
216.77,715
216.08,1535
216.36,402
216.32,847
216.34,100
216.34,1211
216.32,2133
216.48,942
216.34,424
216.72,208
216.34,669
215.6,1840
216.01,710
216.03,480
215.91,1998
215.81,3581
216.43,3323
216.73,9675
211.32,6101
211.38,6096
211.07,3702
211.38,7351
210.5,7651
210.51,6406
211.12,2407
211.07,5111
210.97,2333
210.55,5648
209.48,8210
209.11,3925
209.34,3306
210.99,572
210.74,1316
210.05,1335
209.83,921
210.39,1530
211.42,395
210.68,416
211.26,205
210.99,1253
211.2,547
211.53,613
211.53,0
211.38,470
211.24,1282
211.49,810
211.4,1584
211.63,1669
211.8,1051
211.78,820
211.43,1234
211.15,1561
211.03,900
211.1,3557
210.69,9143
210.72,7413
210.7,21798
212.14,8343
216.06,3445
217.21,4680
217.06,6334
215.8,7159
217.94,8579
217.42,6987
216.2,5946
217.12,2224
217.02,1852
216.58,910
217.13,1507
217.13,1608
216.92,2036
217.14,1228
217.38,127
216.18,1165
215.31,1679
214.85,2266
214.62,3832
214.25,1285
215.25,825
215,100
215.12,406
215.07,215
214.59,990
215.44,231
215.47,209
215.32,524
215.4,418
215.69,299
216.03,700
215.55,1432
215.67,566
216.09,1510
216.32,912
216.46,1762
216.61,1370
216.08,6099
214.85,1472
212.86,846
212.38,997
213.39,1541
214.07,775
214.59,526
216.16,2101
216.19,1446
216.55,1741
217.25,2463
215.81,1575
216.09,1954
215.93,262
215.82,226
215.41,1046
215.22,1162
215.97,300
216.58,519
216.77,515
216.24,211
216.65,322
216.17,903
216.17,0
216.17,0
216.97,100
216.87,300
216.98,100
217.39,726
217.39,0
216.76,110
216.91,200
216.7,200
216.9,845
217.05,2176
217.25,537
217.38,700
217.69,1051
218.05,1118
218.1,3973
216.06,1815
213.82,2297
213.25,2556
213.21,4083
212.43,1385
213.83,2339
214.2,1007
214.34,2501
214.22,392
214.67,468
214.56,406
214.83,1476
214.95,756
215.06,1818
215.05,2248
213.91,1322
213.71,1206
213.71,877
213.62,590
213.28,1176
212.6,2724
212.07,4376
211.29,1799
211.45,1776
211.74,2595
211.18,2564
210.57,4257
209.79,4680
209.76,3460
209.69,7020
209.48,2498
209.42,1347
209.49,1325
208.5,1549
208.13,2513
207.99,4490
207.84,5109
207.98,4710
207.65,18358
207.59,2150
208.61,6964
209.03,1793
209.59,1693
209.37,3121
210.14,1133
209.34,2027
209.6,1991
209.32,308
209.34,1391
209.14,1614
208.67,2736
209,631
208.83,685
208.8,1154
208.5,467
208.89,202
208.96,3204
209.31,1589
209.32,195
209.88,1436
209.39,602
209.35,1297
209.64,274
209.71,464
209.29,340
209.11,1116
208.59,1001
208.68,528
208.98,279
209.45,852
209.14,1005
209.14,0
209.27,690
209.58,1201
209.48,2315
209.63,6189
209.29,12465
209.57,41490
209.56,1562
208.12,403
211.21,3663
211.94,704
212.25,827
211.42,804
211.59,1432
211.06,6474
210.65,1200
211.78,369
212.06,4299
212.04,6157
211.28,4164
211.41,3931
211.51,1658
211.82,7316
211.89,3402
212.04,1465
212.71,2822
213.45,3213
213.03,4105
212.99,2539
213.33,4176
213.43,2209
213.52,2083
213.35,3991
213.11,3187
213.08,4744
213.11,1866
213.28,3814
213.33,3119
213.3,4913
213.21,5867
212.72,2848
212.75,746
213.43,952
214.02,7679
214.14,3597
213.87,34500
214.75,12372
217.84,16865
218.59,15843
219.94,17977
220.48,9211
221.77,16554
220.97,21538
220.92,4273
220.24,2976
219.35,1735
221.03,9089
220.09,1623
220.25,10164
220.45,3575
220.38,5237
220.62,4656
220.87,3593
220.56,8703
220.19,2184
220.19,2547
219.56,25959
219.56,0
219.56,0
218.54,2965
221.39,3582
218.1,2251
217.19,3540
218.84,1831
218.51,4026
218.05,2951
218.79,1970
218.21,4071
219.39,1649
219.39,1506
220.91,1214
220.82,801
221.53,1123
221.46,998
221.47,1036
221.58,1277
221.01,2003
221.01,3220
220.21,1202
219.69,1059
220.09,532
219.75,838
219.64,916
220.04,2053
219.97,1086
219.76,1262
219.87,1299
219.77,1035
218.48,1856
219.02,1483
219.04,262
218.79,3996
219.32,2806
219.71,1482
219.7,1310
219.69,2836
219.31,4318
219.48,11871
216.48,1816
216.68,14921
216.45,2686
216.67,2445
216.54,1895
216.93,2856
215.31,3874
213.68,1911
213.38,3398
211.93,5028
211.64,1222
210.95,1511
211.44,2820
211.35,794
211.82,1755
212.05,896
212.04,240
212.18,612
212.89,219
212.83,216
213.3,458
213.57,765
213.76,217
213.71,519
213.62,824
214.11,113
214.05,403
214.23,200
214.72,903
215.18,1297
215.28,1224
215.73,4542
216.22,1164
216.07,1513
215.84,547
216.35,1837
216.43,1156
216.54,2894
217.01,11423
219.59,4509
220.91,548
222.02,2844
223.25,5480
223.6,4024
223.96,1428
223.31,2516
224.85,1703
224.44,1201
225.71,1190
225.54,1622
226.48,2072
227.58,2347
227.62,1351
227.73,1262
228.18,764
228.05,1546
229.18,1272
229.65,3731
229.68,2599
229.36,1570
229.26,1793
229.66,1795
229.58,1604
229.57,857
229.46,1841
229.18,1761
228.48,674
228.39,665
228.63,1220
229.12,2691
229.51,1533
229.72,1969
229.73,4816
228.68,5073
228.71,2911
228.38,5493
228.47,5274
227.8,14010
226.99,1583
227.48,1239
228.3,969
229.58,3162
230.42,1435
229.21,840
228.51,688
228.9,501
228.94,815
228.09,200
228.19,1010
228.02,417
228.25,479
228.7,1667
228.78,1492
228.91,229
228.65,793
228.45,793
228.92,428
228.79,588
228.73,1282
228.65,1244
228.48,792
228.58,1493
228.92,683
229.71,100
229.79,1015
229.84,937
229.84,204
230.13,200
230.21,938
230.47,211
230.47,0
230.64,1015
229.95,1274
229.84,1655
229.59,1707
229.25,3581
229.3,7036
233.74,4528
233.19,2225
234.23,1864
235.49,3105
234.43,2502
234.07,3089
232.89,1542
232.44,1940
232.13,2341
231.8,2659
230.4,418
230.16,1648
229.3,606
229.45,1095
228.71,976
229.61,408
229.8,259
230.74,1029
229.97,1095
230.09,590
229.88,594
228.95,1027
228.87,546
229.31,266
229.03,953
229.1,4148
228.83,1018
228.79,668
228.59,384
228.5,2972
228.88,1164
228.42,1424
228.18,2111
228.03,4111
228.1,3775
228.44,4563
228.35,4831
228.55,8424
229.15,11077
230.44,2836
232.55,1357
232.86,5002
233.17,2839
232.99,1889
234.25,1331
234.43,4046
234.95,2699
235.34,319
235.38,302
234.68,645
234.92,571
234.39,1889
234.05,1374
234.34,211
233.89,638
233.85,1674
234.35,1015
234.76,1109
234.92,577
234.92,0
234.73,1530
234.66,1988
235.31,2694
235.85,2681
236.02,1107
235.25,909
235.29,110
235.14,456
235.5,412
235.42,234
235.03,847
235.47,654
235.45,1302
235.13,931
234.34,598
234.11,1650
233.96,1337
233.21,5159
234.65,1094
232.51,551
232.7,1801
233.42,908
234.19,2266
232.58,528
232.41,477
232.39,2099
232.7,2084
233.33,486
232.79,3474
232.07,2248
232.28,204
231.4,103
231.34,562
231.66,841
231.53,505
231.55,1417
231.45,1802
230.3,1152
230.85,651
230.85,0
230.37,100
231.13,672
231.26,200
231.14,409
231.49,301
231.82,234
231.71,206
231.87,101
231.72,700
231.52,213
232.16,308
232.17,453
232.25,692
231.66,960
231.95,2200
232.04,3274
231.81,7542
230.89,743
229.54,392
229.05,639
228.78,1652
229.41,708
228.67,1194
227.91,822
227.91,0
226.45,1348
227,441
227.17,240
227.89,443
227.6,1556
226.77,230
227.04,290
227.36,582
227.15,554
226.99,863
226.74,998
227.04,180
227.05,740
226.73,658
226.52,974
226.71,203
227.16,265
226.78,360
226.81,631
226.3,1338
226.59,683
226.69,418
226.33,229
225.52,509
225.76,796
225.35,2284
225.06,1038
224.76,1660
224.78,1511
224.94,4106
224.79,5302
224.8,589
225.19,434
226.77,464
226.56,101
225.77,1733
227.19,823
227.19,608
226.87,435
227.12,1075
227.24,636
227.18,268
227.67,1128
227.73,1716
227.16,1985
227.38,1119
227.5,2309
228.22,649
227.81,498
227.17,645
227.5,408
227.57,641
227.31,1089
227.74,746
228.09,5525
228.28,1837
228.1,1136
227.99,940
228.11,3307
228.38,1806
229.1,2332
228.9,1135
228.45,2054
228.63,1943
228.98,2637
228.93,2691
229.06,3621
228.6,3430
228.11,5241
227.52,8950
228.33,4019
226.91,988
227.93,1997
228.29,8679
228.66,3076
228.07,1444
227.4,3808
227.69,4596
226.89,4716
226.86,2188
226.67,3683
227.72,309
227.51,996
226.86,1494
226.86,1845
226.92,381
227.2,991
227.07,765
226.88,1152
227.69,203
227.26,1546
226.68,298
226.72,1109
226.42,3093
225.63,2668
225.19,1984
225.8,1569
225.36,1920
225.33,939
225.34,661
225.68,1090
225.47,962
225.73,3900
225.56,4178
225.59,3174
226.3,5047
226.35,5386
226.44,6951
226.68,9550
226.07,100
224.51,327
225.53,828
225.88,403
225.79,1195
227.13,1148
226.73,1801
226.29,3128
225.48,935
224.98,793
224.66,1060
224.76,137
224.96,335
224.34,1199
224.33,421
223.48,899
223.43,1084
223.42,1973
222.8,1092
222.5,103
223.2,696
223.09,416
222.62,379
222.61,612
223.12,1122
222.54,1071
222.25,2186
222.57,2019
221.83,2108
222.56,846
222.63,1467
222.52,784
222.18,1466
222.23,1516
222.2,1113
222.13,1345
222.2,5840
221.77,5804
222.28,9284
221.69,5567
213.9,4467
213.65,3027
215.74,2700
215.55,4505
214.97,1614
214.34,1434
213.88,2202
213.67,1401
214.69,1985
215.01,1648
215.51,2729
214.47,896
215.13,3684
214.61,2444
214.67,1158
214.92,3352
214.66,700
213.67,340
214.51,503
214.51,0
215.35,863
215.56,1498
216.18,587
216.48,564
216.43,914
216.81,1133
216.66,682
216.93,874
216.49,605
216.46,1350
216.65,713
217.26,1599
216.65,597
215.88,1437
215.2,3737
214.72,7023
214.04,2621
213.87,16953
209.5,5197
208.28,2873
204.18,5295
204.61,3285
204.4,2310
204.28,1698
202.74,3573
204.01,2073
204.03,2059
205.96,1672
206.59,4180
206.21,4674
206.46,2112
206.79,4186
207.32,4726
207.35,8807
206.35,2174
206.86,3928
206.67,2611
206.81,2852
206.84,3429
206.26,1645
206.64,2238
206.85,3225
206.97,3615
207.1,687
206.74,1590
206.83,1883
206.96,1252
206.48,1778
207.58,2786
208.08,605
208.31,497
207.76,185
207.77,314
208.02,1626
208.1,2651
208.21,4559
207.93,14796
204.79,4928
204.43,1331
203.99,2828
201.42,3310
201.35,3400
200.98,4538
201.09,4176
201.22,1992
202.44,1556
202,1184
201.97,1190
201.98,1416
202.07,1577
202.27,1636
201.55,719
201.62,1132
201.64,1108
201.26,934
201.82,1259
201.67,868
201.46,854
201.76,690
201.68,757
202.02,309
201.75,502
201.29,862
201.06,1173
201.27,1086
201.8,1984
202.13,908
201.87,268
201.41,327
201.61,608
202.11,2052
201.7,1689
201.91,1654
201.64,1737
202.1,5765
201.77,11867
203.93,4281
207.47,4594
205.99,9431
206.26,1962
206.39,4528
207,1437
206.78,1109
206.54,1192
207.15,2172
206.2,394
206.82,813
206.83,684
206.57,1538
205.92,490
206.15,2447
206.19,2231
205.48,855
205.01,2375
204.68,892
204.66,499
204.46,869
204.74,1344
203.94,1470
203.68,672
204.03,1345
203.98,870
203.75,3253
204.01,2048
204.04,1097
203.88,683
203.78,1650
203.36,1401
203,554
202.88,8313
202.67,3261
202.72,1686
202.65,3142
202.96,4348
202.94,8057
202.7,2238
203.48,1262
202.67,1211
202.36,874
202.9,819
202.33,1520
202.04,992
201.36,688
200.68,781
199.92,1826
200.14,782
200.49,805
200.24,234
200.73,1602
201.29,1721
201.59,1471
200.98,781
201.46,830
201.33,1441
201.38,749
201.41,2679
201.61,2645
201.62,9777
201.93,2852
201.99,3172
202.23,2384
201.67,889
201.65,607
201.53,2855
201.36,1307
200.84,4419
201.3,6849
201.58,1516
201.85,2234
200.66,1682
200.94,1748
200.75,1420
201.09,2303
201.04,9869
201.33,5021
199.59,1002
200.41,4850
200.64,3686
200.43,2078
200.59,1384
199.93,3349
200.97,3137
201.25,2760
200.64,2437
200.44,1343
200.19,1407
200.11,1813
200.62,2732
200.59,3428
200.95,5371
201.62,4071
201.2,2962
201.31,5368
201.6,4868
201.59,862
201.93,3476
201.15,2526
200.44,797
200.51,1491
199.92,662
199.71,1803
199.6,1607
199.17,1205
199.42,1193
198.79,1149
198,1602
197.58,2171
196.85,1266
196.86,2121
197.28,2977
197.18,4558
196.7,6453
196.55,6834
201.73,4164
201.29,2888
201.65,2134
199.49,2221
199.7,1940
199.43,1189
197.4,1471
197.48,882
197.85,727
198.04,797
197.8,970
198.17,1187
198.26,350
198.08,719
198.28,181
197.89,210
198.03,402
198.12,449
198.57,410
198.67,1328
198.52,728
198.5,915
198.46,438
198.32,986
198.34,985
197.89,924
197.81,484
199.16,217
199.09,658
199.22,517
199.54,1178
199.07,412
199.18,862
199.13,688
199.14,1461
199.09,675
198.95,752
198.79,3457
198.51,5230
198.9,948
198.8,343
200.08,657
199.47,1476
200.14,2475
199.26,1302
199.38,1691
199.99,1125
200.24,474
199.84,1218
200.4,1303
199.86,619
199.8,2171
200.25,1340
200.52,1308
200,605
199.94,308
200.06,100
200.06,0
199.78,314
199.51,476
199.39,318
199.61,1186
199.18,410
199.18,0
199.26,14117
200.95,44157
205.63,19004
205.23,3366
204.9,5131
205.25,7277
205.75,4465
204.54,3758
205.19,2773
204.05,1838
203.21,2400
203.7,6395
202.71,2679
202.26,10304
201.72,3230
201.56,2600
199.77,1448
200.27,4995
199.58,1721
199.45,1189
199.55,1145
199.19,690
199.04,1410
199.84,348
199.58,655
198.49,374
198.95,836
198.77,1080
197.94,1495
197.7,533
197.74,3836
198,3286
197.92,1288
198.14,977
198.31,1717
199.42,1330
199.77,444
199.77,0
199.74,700
199.41,500
199.41,0
199.39,401
199,337
199.04,333
199.04,0
199.6,215
199.91,1475
199.66,1534
199.6,565
199.63,566
199.47,956
199.21,1532
199.39,3998
196.66,2169
195.32,710
195.74,463
195.26,672
194.69,763
193.74,1704
194.38,1046
194,1261
192.8,1368
193.05,250
192.99,438
193.1,379
194.36,200
193.34,262
193.35,623
193.44,1272
193.72,1505
193.53,911
194.49,1101
195.14,1385
194.47,530
195.19,834
194.96,989
194.92,911
195.31,1180
195.45,1375
194.95,1541
195.14,1965
194.93,1123
194.59,1089
194.84,751
195.17,1043
195.15,845
195.04,338
194.68,106
194.87,1524
194.43,3442
194.93,5683
194.97,11054
205.66,8841
197.32,3194
198.61,2131
199.11,3182
197.88,1615
195.33,4658
194.31,4740
194.77,2076
195.25,1981
194.83,2259
195.51,934
196.27,360
195.33,244
193.3,1407
193.66,1452
192.84,1717
192.55,427
191.9,479
191.68,1499
190.94,2649
191.16,1800
191.43,1791
191.65,2094
191.92,1182
192.53,688
191.86,1067
191.97,609
191.61,1688
191.43,1902
191.79,2164
191.45,1974
191.23,2459
191.2,2235
192.25,2147
191.67,2856
191.48,3877
191.33,5891
191.36,5456
190.87,13900
192.83,2081
191.32,2314
192.9,4252
193,1755
192.48,2515
192.83,2365
194.39,3074
195.54,2327
196.89,1800
195.35,1429
194.62,1233
195.49,2076
196,1449
195.25,495
196.11,144
195.78,500
195.89,796
196.23,859
195.33,637
195.06,224
195.08,953
195.43,658
194.69,382
194.93,158
194.25,1073
193.88,134
193.5,255
192.85,1361
193.02,414
192.48,1152
191.83,2176
191.51,1331
191.6,886
191.43,424
191.66,425
191.85,1869
191.99,1528
190.87,2579
191.48,6927
191.57,1741
190.71,2091
189.07,2248
188.1,3009
187.75,1647
187.33,3176
189.06,2615
188.67,3075
189.83,2577
189.05,2262
188.71,804
188.38,2151
188.48,1566
188.56,773
188.31,2079
187.58,2735
188.82,936
188.41,330
188.6,1579
188.07,1007
188.73,755
188.23,947
187.94,555
188.4,242
188.29,1205
188.38,1204
188.82,880
188.5,1000
188.12,1595
187.94,1925
187.65,1238
187.99,1345
187.99,2783
188.07,1389
187.95,2791
187.51,2475
187.08,3896
187.48,5545
187.84,12345
185.53,2280
184.46,1354
184.57,764
185.05,2010
184.1,1599
183.9,559
185.76,1791
186.15,861
186.4,223
186.11,1530
186.27,1206
186.09,235
186.19,931
186.63,2047
186.39,1721
185.8,335
186.26,932
186.26,0
185.6,229
185.92,374
185.26,884
185.32,277
185.57,627
185.32,160
185.24,810
185.81,292
185.9,241
185.75,395
185.58,134
185.84,290
186.14,840
186.08,938
185.95,775
186.32,650
186.36,1216
186.46,902
187.2,2246
187.24,840
187.04,5482
187.28,101
187.28,0
188.06,484
187.99,1453
188.06,600
187.73,400
188.4,1037
188.56,746
188.88,1118
188.32,584
188.22,971
188.07,992
186.91,1208
187.37,532
187.05,1169
186.66,300
186.66,0
186.66,0
186.3,305
186.85,619
186.91,100
187.04,1709
186.84,349
186.78,208
186.61,616
186.58,252
186.4,1365
186.23,2160
186.91,650
186.9,522
186.69,722
186.45,298
186.38,1158
186.42,939
186.36,509
186.51,2382
186.58,1045
186.26,1285
185.93,9258
187.31,565
186.58,5062
186.34,1211
186.93,4636
186.68,5170
185.16,3236
185.47,1009
184.65,2271
183.74,4309
183.55,3235
183.97,5441
183.86,3881
184.28,2730
184.03,1665
184.12,4253
184,1853
183.78,1568
183.62,849
183.54,756
183.65,4748
183.93,965
183.46,759
183.54,1127
183.9,367
183.6,382
183.36,916
183.78,766
183.22,1251
183.98,2300
184.01,1218
184.16,1444
183.9,564
184.22,1121
184.27,561
184.16,2076
184.2,1849
183.83,3205
183.64,3772
183.65,16741
182.41,9137
181.15,3328
180.65,1843
181.43,4144
180.88,1468
181.15,3767
181.22,4138
181.65,2642
180.43,1390
180.74,1058
180.17,764
180.17,958
179.81,2673
179.13,681
179.22,787
179.48,1217
179.39,899
179.97,437
180.29,200
179.98,412
180.76,871
180.5,786
179.79,467
179.86,782
180.07,250
179.77,272
180.01,1624
180.27,100
180.1,1061
180.04,856
180.06,1285
179.75,1380
180.01,3075
179.81,1194
179.74,2167
180.02,4024
180.12,5582
179.94,4814
180.08,17434
176.69,8834
175.18,730
175.5,2413
174.91,2586
175.84,1980
175.47,1717
175.97,2614
176.64,1587
177.06,1759
176.39,1487
177.13,1256
177.13,1038
176.89,739
176.73,1428
177.05,2681
176.7,618
176.42,2943
176.58,575
176.32,2814
175.74,2689
175.93,997
175.98,2463
176.52,1305
176.33,833
176.32,1039
176.53,466
176.49,1172
176.48,817
176.49,1065
176.18,1451
176.03,1293
176.2,1007
176.38,1247
176.35,2506
176.44,1351
176.64,6693
176.98,5470
177.62,5300
177.94,13771
175.1,3209
173.48,4891
173.17,2782
173.58,4981
173.43,3058
173.48,1225
173.6,2601
174.25,2089
174.25,2277
174.6,932
175.57,804
175.68,1091
175.9,2135
176.37,2730
176.73,1366
176.77,4044
176.62,2289
176.86,1814
176.44,1235
176.51,1488
176.12,2389
176.02,2570
176.15,3769
175.34,1541
175.55,2408
175.46,1976
175.61,1370
175.37,2997
175.57,2780
175.73,2369
176.01,1599
176.01,2497
176.17,2708
176.39,6875
176.65,5833
176.43,4044
176,4596
176.22,9485
176.04,32738
174.24,3333
174.1,519
175.4,3187
176.3,4752
177.46,9273
178.19,4334
177.11,3435
177.45,1881
178.15,2556
178.07,525
177.19,1026
176.64,331
177.33,842
176.35,988
176.52,1154
176.46,646
176.87,1123
176.91,630
177.09,1026
177.01,864
174.73,485
175.05,812
174.52,510
174.89,327
174.91,364
174.79,591
175.42,721
174.9,286
175,427
175.64,399
175.85,412
175.38,1660
175,229
175.15,380
174.88,1800
174.37,743
174.31,1377
174.24,2748
174.2,8699
173.91,5676
173.92,2200
173.87,7645
172.87,3513
173.15,1196
173.45,511
174.28,1328
174.68,1433
174.98,113
175.07,125
175.15,698
175.32,1371
175.11,727
175.07,2051
175.44,5401
175.47,2414
175.49,711
176.42,1367
176.47,2267
176.67,1426
176.38,1179
176.07,322
176.04,708
176,960
175.68,489
175.78,2100
175.86,700
175.13,1255
175.14,159
175.29,425
175.02,881
175.21,100
174.87,1015
174.6,1265
174.59,3806
175.14,3092
175.43,3903
175.42,4737
175.36,7056
173.15,3687
174.5,2038
175.22,2031
174.69,7913
174.26,7336
174.37,2505
174.12,2582
173.43,1428
174.16,1482
174.01,2593
174.32,2166
174.65,976
174.36,1896
174.27,401
173.98,805
174.42,1883
174.35,1254
174.18,528
174.02,939
174.55,210
174.54,1451
174.47,1938
174.79,1893
174.77,4608
174.64,2480
174.56,2996
174.74,3199
175.15,2915
174.58,2192
174.74,1271
174.81,2826
174.8,4030
174.89,2703
175.14,102
175.06,1319
175.34,1072
175.43,3414
175.47,2336
175.62,13829
178.91,10328
180.28,6128
179.4,1887
179.9,4494
179.27,2383
179.19,2764
179.05,3558
179.14,2271
179.94,2068
179.79,2453
179.38,2050
179.23,1762
178.97,3569
178.46,965
178.56,3037
178.7,2125
178.56,2719
177.82,2217
178.25,3581
178.4,1999
178.37,1612
178.76,1255
178.65,835
178.36,920
178.72,481
179.28,962
179.05,721
179.05,1103
179.19,886
179.16,1071
179.05,2309
179.21,961
179.82,1076
179.84,1845
179.72,1056
180,1726
180.01,3162
180.24,3212
180.01,7268
181.86,6174
179.98,2579
179.77,3031
179.84,3158
179.72,963
179.72,1762
179.76,2632
179.59,556
179.79,150
179.79,0
180,100
180.08,360
179.91,1677
179.49,21528
179.59,2347
179.04,8961
178.05,3557
178.26,536
179.11,1399
179.52,568
179.49,1150
179.04,321
179.03,1184
178.81,311
178.85,1148
178.8,750
179.03,828
179.34,686
179.15,691
179.39,1371
179.26,1677
179.16,1247
179.11,1101
179.39,993
179.75,928
179.95,2627
180.06,7318
180.01,3915
179.53,9650
180.73,2471
181.04,269
180.65,410
180.65,755
180.51,369
180.74,751
181.6,844
181.6,0
181.59,476
181.48,576
182.06,1080
182.54,824
182.35,2456
183.14,979
183.29,978
183.17,344
183.4,599
183.13,706
183.35,443
183.66,411
183.66,127
183.05,645
183.33,692
183.39,208
183.54,406
183.33,893
183.57,771
183.38,567
183.56,399
183.13,1266
183.63,537
183.59,770
183.69,827
183.75,1019
184.11,515
183.78,1704
183.95,2738
183.78,5342
183.72,16021
184.48,1955
183.34,545
183.73,300
184.11,1125
182.48,2563
182.31,1895
181.44,3715
182.48,210
182.24,238
181.55,436
181.63,864
181.94,1786
181.73,642
181.95,834
182.42,2317
182.05,600
182.37,308
182.54,104
182.4,204
182.41,112
182.41,0
182.28,459
182.54,601
182.64,201
182.36,794
182.43,545
182.37,780
182.46,1524
182.64,725
182.69,604
182.66,1039
182.58,361
183,395
183.24,1253
183.32,395
183.48,1166
183.72,3171
183.77,2649
183.36,4820
181.44,1985
182.05,1009
182.15,2203
181.51,5888
181.04,2011
180.9,5106
180.29,2487
179.98,2620
179.48,2404
178.44,1740
178.64,1569
178.28,1086
179.74,1010
179.87,809
179.96,1002
180.62,488
180.69,1595
180.73,1819
180.83,1062
180.78,526
180.78,0
180.82,315
180.57,110
180.35,306
180.11,971
180.11,0
180.49,253
180.69,100
181,216
181.1,213
181.34,1125
181.44,1935
181.53,2593
181.77,2668
181.83,3241
181.66,2047
181.9,3155
181.46,6435
181.12,17848
181.31,1336
182.64,2843
184.56,4248
184.54,3404
184.54,546
183.78,1198
183.84,277
183.56,2625
183.61,5311
183.89,924
183.59,768
183.67,313
183.55,1560
183.72,3649
183.33,3697
183.31,2017
183.25,2937
183.14,4793
183.18,2258
183.45,812
183.38,685
183.39,407
183.06,2080
182.95,3255
182.75,3009
182.69,1974
182.36,3458
181.91,941
182.09,955
181.71,703
181.42,313
181.46,652
181.42,217
181.67,1634
181.8,1287
181.72,3155
181.65,4855
181.35,2372
181.69,4284
182.64,2146
182.7,411
182.71,1642
183.86,2954
185.31,6660
186.47,1353
186.37,1984
186.44,3943
186.81,1963
187.13,106
187.13,0
187.17,1095
187.21,1296
187.21,0
187,2005
188.13,842
188.12,202
188.26,304
188.52,1230
188.51,547
188.59,2010
188.86,648
188.92,1769
188.94,2190
189.15,1393
189.38,754
189.39,2608
189.78,761
189.75,1114
190.06,841
190,1526
190.19,2982
189.9,8371
189.46,1529
189.26,995
189.61,1575
189.34,5315
189.59,6228
189.33,21998
189.32,1120
189.06,7058
188.05,3645
188.39,2380
188.62,304
188.26,5924
187.92,4674
188,3699
188.1,404
188.17,1280
188.33,2368
188.55,1432
188.74,623
189.1,473
189.43,675
189.68,226
189.66,643
189.71,912
189.56,802
189.56,817
189.58,2121
189.63,666
189.71,932
189.94,128
189.81,105
189.97,1065
189.91,1306
190.24,200
190.19,216
190.06,685
190,2302
190.12,747
190.27,322
190.45,861
190.56,1872
190.47,2493
190.12,3116
190.49,3248
190.14,8778
191.08,756
189.98,1602
190.11,503
190.2,1978
189.99,1571
189.92,711
189.93,820
189.77,1308
190.21,1982
190.24,1114
190.21,2316
189.87,1089
190.05,513
189.95,1283
189.82,1392
190.17,444
190.83,535
190.28,1152
190.25,1579
190.21,2362
190.08,207
189.89,111
189.89,0
190.02,586
190,734
189.99,525
190.04,1374
190.25,604
190.4,241
190.52,537
190.53,740
190.33,1185
190.22,475
190.55,857
190.35,345
190.34,864
190.41,972
190.44,2490
190.35,8576
192.27,1232
191.34,1424
190.66,1776
192.01,1652
193.12,562
192.5,110
192.46,296
192.19,365
192.07,360
192.02,608
192.12,201
192.17,326
191.86,611
191.83,1002
191.93,3176
191.52,2080
191.75,565
191.78,826
191.78,364
191.77,1374
192.03,117
192.03,0
191.74,549
192.02,268
192.23,114
192.4,423
192.15,617
192.18,322
192.24,364
192.06,1937
191.71,2233
191.6,1370
191.68,3195
191.66,1454
191.39,1710
191.51,2781
191.66,3450
192.1,2452
191.86,6767
191.64,1374
191.11,1604
189.92,2223
189.8,1369
191.18,3196
191.4,4799
190.86,3460
190.38,2643
190.29,1856
191.23,2385
191.34,2370
192.11,1834
192.25,350
192.08,1121
192.28,705
192.02,211
192.36,145
192.93,454
193.41,133
193.53,1052
194.03,1803
194.53,1186
194.35,556
194.25,666
194.3,200
194.25,107
194.32,803
193.04,205
192.4,344
191.92,740
192.29,133
192.33,1950
192.6,2778
192.56,6238
192.66,3366
192.28,3184
192.36,3933
192.08,3437
191.98,17828
193,296
191.69,1055
191.23,1840
189.98,1849
188.5,2214
188.05,6490
186.2,10881
186.53,1399
185.35,1631
184.82,2999
183.57,1626
182.59,1043
183.11,1422
182.93,1419
183.36,1426
183.04,546
182.16,2668
182.86,2839
182.08,2083
180.98,1682
180.92,2816
180.85,1569
180.18,758
180.17,1855
180.62,1480
180.75,2037
180.81,747
181.25,918
181.74,1071
181.43,241
181.59,202
181.64,246
181.78,1189
181.13,427
180.95,466
181.64,853
181.74,2114
181.83,1707
181.8,7095
178.38,2790
179.7,1090
178.18,2356
176.69,4932
177.57,1674
177.9,1272
177.41,391
177.89,880
177.89,0
178.55,915
178.6,310
178.54,1491
179.16,985
178.84,1355
178.85,2467
178.56,1430
179.45,1070
179.8,334
180.02,1383
179.46,1191
179.44,1174
179.2,1021
178.81,1802
179.17,1100
179.3,886
179.14,1463
179.28,551
179.11,815
178.91,420
178.8,411
178.41,1747
178.35,1869
178.71,526
178.48,1558
178.55,2698
178.78,3043
179.15,3301
179.27,5618
179.29,20566
179.1,1487
177.58,4686
176.68,2915
176.9,2460
177.97,1658
178.23,1006
178.49,1137
177.07,484
176.89,825
176.89,512
176.91,470
177.52,1089
177.51,921
177.2,982
177.59,1511
177.45,2067
177.42,454
176.92,225
176.59,382
177.42,240
177.13,355
177.13,0
176.53,566
176.57,100
176.57,0
176.9,1188
176.43,884
175.91,1847
175.36,1657
175.1,580
175.19,321
175.13,700
175.39,1538
174.96,855
174.79,751
174.79,1360
174.6,2760
175.08,3034
175.85,13699
178.71,322
179.51,592
179.02,904
177.92,626
179.08,151
179.22,1781
178.71,685
179.38,747
179.36,100
179.01,277
179.28,206
179.32,212
179.36,909
178.84,1014
179.53,102
179.6,425
179.87,998
179.87,0
180.11,254
180.07,250
180.2,396
180.31,571
180.85,641
180.96,204
180.96,574
180.55,269
180.66,228
180.68,612
180.68,0
180.06,534
179.84,564
180.02,113
180.08,1237
179.99,100
180.09,303
179.61,343
179.51,956
178.75,1588
178.4,7377
178.9,1990
178.5,551
178.71,428
178.93,1784
179.75,211
178.79,473
178.05,101
177.95,940
176.66,1794
176.06,1096
176.06,0
176.72,721
177.05,220
176.82,1550
177.13,340
176.84,715
176.9,1115
176.87,549
176.67,529
176.67,0
177.35,303
177.31,222
177.14,102
177.61,154
177.84,577
177.64,745
177.49,1652
177.34,926
177.11,501
176.81,328
176.61,329
176.62,958
176.21,517
176.34,1179
176.49,1014
176.4,1047
176.24,1723
176.3,1726
176.18,6736
177.68,1303
175.8,2806
176.02,2170
176.63,2802
176.88,1820
176.95,2802
177.01,4208
177.52,1817
177.21,1922
177.28,1966
177.13,1753
177.18,826
177.71,2410
177.87,1035
178.04,1047
178.07,2325
177.9,884
178.44,861
178.6,629
178.7,289
178.7,0
178.12,512
177.73,531
178.01,306
178.01,0
178.01,0
177.35,127
176.7,310
176.68,505
176.63,100
176.44,484
176.68,537
176.29,102
176.72,613
176.71,1286
176.4,439
176.63,1022
176.6,1109
176.39,4584
178.68,2526
177.31,567
176.4,1391
176.92,655
177,495
177.1,1647
177.39,327
177.28,112
177.47,112
177.58,1481
177.54,456
177.64,743
177.46,437
177.26,412
177.27,307
177.17,538
177.22,1823
177.12,1506
176.65,1883
176.69,2617
176.78,2191
176.75,2735
176.85,1686
176.98,2026
176.91,2381
177.04,1822
176.96,3477
176.98,2834
177.04,1560
176.89,2838
177.27,1358
177.67,1142
177.46,998
177.61,1757
177.45,3107
177.43,2777
177.23,4909
177.46,6602
177.43,14980
177.93,548
178.2,1450
177.74,1404
178.61,9120
179.54,411
179.68,2194
180.13,2742
180.7,553
179.14,399
178.48,207
179.44,282
179.41,212
178.91,240
179.33,1083
178.84,117
178.73,110
178.5,765
179.1,494
178.72,713
178.27,493
177.9,993
177.08,1590
176.76,100
176.39,961
176.06,1567
176.46,318
176.48,419
176.68,416
175.99,471
175.9,823
175.72,1625
175.86,2586
176.25,820
176.31,129
176.33,597
176.46,1560
176.66,4347
175.83,5624
175.75,6199
175.75,688
174.27,1245
172.31,2075
173.4,2040
174.68,3428
175.41,1044
175.12,834
175.02,783
174.56,919
174.13,1549
174.1,1054
174.23,1035
174.33,972
174.96,400
175.76,742
175.22,904
175.4,685
175.41,1030
175.67,749
175.11,500
175.27,354
175.23,915
175.2,416
175.25,1150
175.95,638
175.24,100
175.2,1112
175.04,1187
174.95,1167
174.86,607
174.6,1355
174.66,630
174.91,660
174.37,1089
174.37,0
174.94,1049
174.65,586
174.18,2114
174.27,3168
174.49,646
174.07,402
173.94,1739
173.3,700
172.27,970
172.6,245
172.09,356
171.71,379
171.49,601
171.69,848
171.69,0
171.35,113
172.09,251
172.09,0
171.84,100
172.09,282
172.01,1070
172.31,172
172.61,203
172.54,908
172.39,459
172.57,553
172.57,767
172.63,363
172.67,561
172.77,2786
172.77,0
172.11,301
172.28,300
172.28,0
172.32,444
172.51,181
172.43,100
171.93,488
171.91,200
171.92,569
172.29,879
172.53,1209
172.7,3377
173.32,2433
173.29,1164
173.11,537
173.2,1555
173.19,1624
172.81,630
172.54,850
172.5,825
172.47,1253
172.57,991
172.55,1290
172.53,244
171.76,719
171.72,324
171.41,100
171.84,1133
172.15,535
172,202
171.77,874
171.51,1319
170.84,100
170.72,430
170.33,270
170.88,351
170.88,0
170.75,100
170.87,693
169.64,601
170.04,661
170.27,1024
170.44,1533
170.23,1445
169.44,1514
169.1,3369
168.44,3312
167.95,3477
168.49,4247
167.84,5745
167.48,6262
165.3,4116
163.35,6895
162.25,2910
162.02,2874
162.64,5084
162.98,276
163.41,1246
163.56,454
163.39,392
162.15,965
162.95,209
162.37,207
162.33,2534
162.2,1091
162.2,1092
162.17,556
161.52,114
161.52,0
161.61,791
161.07,676
161.3,103
160.94,470
161.68,222
161.95,418
162.26,1758
162.77,1657
163.21,572
163.39,1430
163.4,495
163.39,1059
163.27,780
163.35,647
163.13,649
162.88,477
162.62,716
162.18,1258
162.57,3026
162.69,2180
162.51,11257
165.6,2304
165.78,1745
164.34,403
164.27,1236
164.7,687
163.94,312
164.02,104
164.03,100
163.79,303
163.41,1633
163.04,725
163.04,0
163.03,243
163.05,430
162.65,166
162.42,854
162.2,1054
162.44,590
162.44,0
161.96,213
162.22,218
161.85,414
161.61,114
161.66,110
161.35,764
161.45,722
161.45,0
161.28,527
161.09,101
161.24,422
161.14,393
161.29,343
161.29,0
161.78,633
162.53,414
162.41,605
162.48,713
162.32,1708
161.36,8657
159.77,3954
158.58,714
159.89,1271
160.46,1689
159.58,2247
159.24,4356
157.7,2875
157.81,677
159.06,1015
158.74,705
159.49,424
159.69,205
159.68,1038
159.53,1329
159.92,1050
159.8,871
159.99,543
160.29,660
160.31,638
159.96,1071
160.23,128
160.15,312
160.23,339
160.07,312
159.84,220
160.12,182
159.97,207
159.83,283
159.48,728
159.51,839
159.63,1356
159.7,503
159.83,732
159.74,882
159.46,998
159.95,1015
159.67,1269
159.45,3461
159.66,6826
157.81,1511
158.29,2706
157.97,2685
157.36,2722
156.71,2748
155.68,994
156.52,3669
156.84,1217
157.35,1200
158.45,126
158.45,0
157.91,1587
157.27,1228
157.18,652
157.33,390
157.21,1686
157.21,1843
157.47,344
157.23,110
157.12,762
157.3,423
156.42,210
156.42,0
156.96,1038
156.91,373
156.65,300
156.54,376
156.43,423
155.88,474
156.23,269
156.15,701
156.24,468
156.01,2024
156.06,430
156.39,1423
156.49,1015
156.57,1846
156.46,3386
156.9,6818
158.56,471
156.67,2968
157.46,994
157.48,2523
156.84,1044
156.45,2758
156.46,2257
156.84,1243
156.81,3097
156.19,1339
156.25,2239
156.3,1395
156.85,941
156.05,586
156.42,176
156.24,501
156.42,689
156.17,308
156.06,100
156.07,453
156.27,200
156.16,1323
156.2,1079
156.23,7242
155.74,200
155.84,1421
155.96,230
156.08,1325
156.38,671
156.49,389
157.02,1968
157.45,960
157.03,429
157.25,920
157.45,924
156.89,1119
156.72,837
156.36,1638
155.8,12390
157.38,3068
160.9,3742
162.89,2355
162.51,3064
161.84,1624
159.93,809
159.07,1775
159.94,1542
160.83,1528
160.68,1141
161.54,326
161.86,900
163.47,1764
164.59,4962
164.9,1491
164.34,1493
165,2387
165.92,2226
166.09,1611
165.54,2073
165.45,2411
164.21,1204
165.12,1041
164.73,1751
164.75,1281
163.9,394
164.14,2791
164.88,2783
165.19,2605
165.66,2509
165.71,2043
164.93,2122
165.41,1636
165.98,1386
165.53,1725
165.53,1092
165.73,6082
165.4,6236
165.15,11293
168.39,2891
168.91,2212
168.46,2321
168.95,2682
166.49,1664
167.46,685
167.17,798
167.78,334
167.81,924
167.52,688
167.46,806
168.03,1016
167.62,651
166.61,706
166.98,510
167.23,606
167.04,695
167.52,403
167.35,779
167.25,406
166.23,214
165.62,542
165.32,904
164.98,1299
164.98,0
165.37,633
164.53,201
164.22,134
164.36,961
164.11,844
163.68,209
163.56,1672
163.29,4266
164.01,1990
163.33,912
163.65,328
163.14,1710
162.96,2668
163.59,13097
161.9,3494
161.02,1742
160.34,961
161.54,1101
160.26,666
160.38,631
159.69,487
159.49,1573
158.6,1389
158.96,1325
158.91,1074
159.36,1649
159.33,871
158.44,421
158.25,1243
157.56,247
157.3,333
157.37,647
157.39,513
157.29,822
156.9,576
157.16,1276
156.67,887
156.79,935
156.72,997
156.45,1168
156.41,614
155.96,571
156.05,560
156.22,253
156.07,1205
155.52,202
155.58,1046
155.35,597
155.27,1943
155.27,2265
155.71,1588
155.39,5847
155.87,11339
153.61,8329
152.6,3049
153.91,1348
152.64,1850
152.67,457
152.8,410
152.84,1975
152.84,0
152.17,1420
152.75,694
153.56,272
153.71,2164
153.77,642
154.3,750
153.96,578
153.7,1470
153.7,797
153.81,945
153.92,678
153.64,1665
152.1,200
152.32,699
151.38,1608
150.82,342
150.85,2035
150.05,1301
149.13,2090
149.4,530
149.79,544
149.93,735
150.2,304
150.2,0
150.67,1169
150.02,143
150.11,389
150.29,552
149.81,943
150.25,1401
150.41,10556
151.63,469
151.72,1992
152.15,1089
150.55,502
149.87,1577
147.43,2031
147.41,2221
147.76,1048
147.01,643
146.19,1366
147.79,735
148.29,309
147.8,1638
147.42,495
148.91,891
148.62,325
149.2,1809
149.32,518
149.96,1666
149.84,631
149.75,201
149.92,314
150.52,1256
151.29,732
150.45,490
150.84,101
150.82,200
150.47,1594
150.84,133
150.79,730
150.65,565
151.14,745
150.92,624
151.27,833
151.14,661
151.37,799
151.72,1007
151.92,2168
151.66,11851
151.2,1517
149.34,788
148.44,873
148.93,2713
147.96,700
148.2,574
147.44,1593
146.06,1626
146.97,845
146.78,438
146.6,445
146.25,358
146.25,0
146.82,362
146.64,768
146.53,1098
147,301
147.3,369
147.83,399
147.59,280
147.29,619
147.13,914
147.19,1180
147.94,1620
147.9,1784
147.9,0
148.41,857
148.6,808
148.61,392
148.83,224
148.78,331
149.01,328
148.61,958
148.3,503
148.12,953
147.92,1520
148.44,2807
148.26,3820
148.29,6107
148.31,489
148.26,2477
147.63,1405
148.79,706
149.18,1710
148.5,1556
149.91,1060
150.83,813
150.16,1255
150.22,1669
151.06,1247
151.2,5703
152.27,7541
153.62,205
153.48,200
153.98,877
153.31,510
153.32,255
152.47,102
152.7,105
152.55,274
152.38,363
152.45,1313
153.19,322
153.56,215
153.53,100
153.43,858
153.18,708
153.55,1108
153.96,789
154.07,522
154.07,0
154.14,145
154.14,0
153.6,431
153.43,588
153.9,438
153.78,2817
153.72,11443
151.6,2118
149.75,1798
148.67,1433
148.19,1456
148.26,829
148.38,2024
148.54,2411
148.38,1316
147.45,1068
147.37,862
148.01,603
147.66,951
147.71,1894
147.02,3279
147.7,731
148.12,746
148.35,839
148.4,109
148.32,1410
148.2,1249
148.2,921
147.97,1313
148.23,2879
148.78,1255
148.72,1989
149.55,3444
150.06,1115
149.81,1121
150.13,4562
150.41,1457
150.64,1129
149.95,1566
150.34,390
150.29,888
149.75,1106
149.51,1390
149.55,2745
149.66,4991
149.75,11241
152.33,7840
153.38,1852
154.88,5795
155.19,4359
156.24,2447
156.95,3085
156.24,2550
156.96,4092
157.01,3802
156.63,2182
156.11,377
156.03,1021
156.27,1942
155.78,1111
156.03,1384
156.31,843
156.48,318
156.57,512
156.82,722
156.71,1150
157.03,1103
156.34,462
155.29,310
155.58,1080
155.56,300
155.37,602
155.46,314
155.35,822
155.25,970
154.61,458
154.74,639
154.82,1043
154.94,787
154.79,423
155.24,1073
155.32,1216
155.52,2432
155.12,3876
155.66,6335
155.92,2391
158.15,4228
157.8,3187
157.58,3933
156.77,487
157.16,620
157.41,1477
157.35,1034
157.33,821
157.76,504
157.91,1686
156.82,1531
157.23,158
157.5,2401
157.36,2343
157.35,540
157.34,1358
156.65,908
156.56,1275
157.17,302
157.21,432
156.91,210
157.45,1243
157.1,368
157.1,0
156.48,792
157.19,745
157.19,0
156.77,110
157.15,1225
157.87,3072
157.9,1197
157.87,891
157.88,871
157.87,507
157.43,305
157.58,797
157.35,5604
157.86,10378
169.11,10684
162.71,5155
162.3,2091
160.03,3723
160.37,4112
159.38,1935
160.86,2055
161.41,1444
162.43,3403
161.83,1453
161.7,821
161.64,616
161.7,671
162.49,1511
161.73,530
162.85,1591
163.36,2799
163.51,749
163.51,0
164.19,111
163.76,1039
164.37,2689
163.62,321
163.62,0
163.22,323
162.39,2744
161.36,2384
161.42,2646
161.2,1338
161.61,696
162.47,1722
162.42,1071
163.04,221
163.06,2388
163.37,1443
163.06,1872
162.68,1892
163.51,4480
163.63,19165
165.52,10810
163.05,2716
160.44,959
160.99,2625
159.84,2029
159.09,1643
158.79,1208
158.21,1600
158.3,555
158.76,887
158.84,680
159.02,735
158.71,996
159.22,265
158.33,378
158.66,781
159.13,723
159.38,698
160.06,905
159.62,989
158.11,1566
158.64,758
158.54,654
158.11,542
157.93,1104
157.28,1722
158.18,1077
157.57,817
157.45,431
157.46,1262
157,110
156.98,767
156.78,888
156.83,1295
156.95,971
156.49,1727
156.41,2293
156.61,2216
156.46,7030
159.97,5658
159.74,1600
160.98,2728
160.29,2432
159.96,1237
161.9,1834
162.45,3662
161.69,458
161.82,1384
162.01,2054
162.01,560
161.88,1738
162.03,1017
161.05,274
161.05,327
160.88,901
160.89,1293
160.58,662
160.86,810
161.31,1133
161.19,561
161.46,406
161.63,1433
161.23,2006
161.37,200
161.51,100
161.7,1105
161.76,562
161.64,813
161.06,1668
160.49,377
160.43,1774
160.35,1580
160.78,4484
160.86,3288
161.01,742
161.08,4653
160.79,4340
161.02,10539
159.74,1676
162.3,1720
161.26,703
160.52,1192
162.27,602
162.76,881
163.19,1646
163.99,400
164.18,1934
164.76,1556
164.58,756
164.64,677
163.66,301
164.44,401
164.66,418
163.96,305
164.48,122
164.23,222
164.23,0
163.75,300
162.92,1255
162.96,260
163.33,342
163.19,100
162.66,877
162.5,314
162.65,1205
162.25,657
162.33,1442
162.1,947
161.91,619
162.44,200
162.44,0
162.47,596
162.74,745
162.91,307
162.74,442
162.68,598
162.54,3147
157.16,12099
151.86,16931
150.55,4716
150.29,6500
150.44,4902
150.97,14974
149.68,14078
147.94,14575
148.84,11621
149.24,13672
148.17,2955
147.17,3773
146.93,2120
146.67,2427
146.1,3949
147.26,3525
146.84,3176
147.16,1714
146.94,2914
147.17,2228
146.9,654
145.96,3558
147.03,3697
147.9,3125
147.75,7988
147.58,1649
147.74,2313
148.1,1689
147.58,4974
147.56,3454
147.63,2541
147.7,1138
147.56,2305
147.56,2444
147.29,2188
147.72,3421
147.68,4550
147.79,11722
146.9,36343
144.14,6001
143.16,3457
142.36,7122
143.17,3692
144.03,3397
144.57,3747
143.35,2255
142.6,2545
142.35,2688
142,2587
142.18,4568
141.21,2933
141.54,2958
140.93,2135
140.95,2418
140.67,3331
141.32,769
142.06,3037
141.26,4242
140.04,1045
141.06,987
141.39,1304
141.17,1023
140.7,5012
139.84,5391
139.23,1786
139.02,1494
138.49,5957
137.87,3360
137.84,1982
138.04,3112
137.16,2485
137.11,1914
137.36,2184
137.52,1056
137.81,897
137.8,3247
137.94,5213
138.09,16399
136.84,4910
137.88,3028
138.59,3414
137.81,3200
138.03,917
137.46,4328
137.79,3188
138,1604
137.93,3703
136.88,1367
136.42,2964
136.56,2966
136.49,3118
136.13,2407
136.37,1646
136.43,4944
134.92,3682
135.41,1604
135.83,562
136.43,100
136.35,1137
136.65,1143
135.84,638
136.49,756
136.09,706
135.94,1235
135.47,1398
135.4,3027
134.3,4065
133.94,2704
134.34,1073
134.31,1291
134.43,919
134.49,869
134.34,1992
134.08,1257
133.93,2442
133.54,6330
133.3,20840
130.84,5961
131.61,4829
130.42,4178
131.97,2620
132.12,2416
133.07,1472
132.48,2659
131.42,1551
131.34,1500
131.38,2746
131.82,1960
132.1,1738
132.27,3647
132.71,2141
131.64,1265
131.44,685
131.5,1382
131.24,1067
131.33,373
131.67,882
131.46,1565
132.17,870
131.89,302
131.68,1654
131.45,1304
131.75,613
132.01,1329
131.5,456
131.64,1919
131.25,829
131.35,1075
131.62,1791
131.46,425
131.26,514
131.29,3299
131.22,9971
131.22,4637
131.3,8591
131.14,23828
132.14,5784
134.18,13159
135.18,3805
133.46,3723
134.97,2724
135.15,4876
135.82,3018
135.47,2179
135.03,1331
134.18,1961
134.39,1117
133.97,454
134.44,1274
134.14,100
133.92,312
133.67,800
133.67,623
133.4,427
133.45,510
133.38,721
133.43,2125
133.89,977
134.21,2007
134.83,977
135,307
134.44,679
134.73,711
134.44,547
134.19,410
133.89,313
134.02,759
134.07,749
133.94,1054
134.23,650
133.79,1570
134.01,1246
134.09,2521
133.92,2827
133.72,6683
131.2,11193
128.92,4812
128.52,2947
128.79,4194
129.17,3113
129.39,1723
129.55,4636
130.43,2872
130.9,1210
129.93,2043
131.45,3886
131.81,1564
131.87,3280
132.3,2447
131.26,2300
130.46,2849
129.95,1191
129.73,557
129.97,1741
129.78,4624
129.46,5404
129.76,1206
129.98,756
130.4,400
130.08,631
130.43,715
130.64,301
131.24,441
131.19,349
130.96,4109
130.81,557
130.56,1640
130.62,1534
130.54,3709
130.64,1998
130.43,734
130.4,2069
130.51,3504
130.16,7471
130.9,2921
130.64,928
130.98,365
130.05,2760
130.62,240
130.19,920
131.37,1868
131.71,1827
132.81,2263
132.56,1618
132.35,604
132.27,403
131.79,493
131.98,1141
131.82,949
131.18,731
131.24,1628
130.54,3182
130.88,2560
130.95,1078
130.54,2354
130.53,4923
130.47,3701
130.08,1518
129.64,317
129.72,407
129.91,1281
130.02,2343
130.01,907
130.02,2586
130.01,987
130.02,1123
130.16,533
130.42,1726
130.02,3579
130.29,9541
129.91,7251
129.46,4484
129.46,11766
131.36,2652
131.78,4308
129.9,5777
129.99,3903
130.98,1000
130.69,509
130.92,1409
130.6,987
130.78,781
131.21,1990
131.18,1135
131.71,413
131.25,518
131.46,764
131.43,720
131.03,431
130.99,473
130.67,543
130.44,829
130.32,213
130.28,201
130.4,310
130.05,823
130.5,182
130.5,211
130.24,912
130.16,1671
130.01,501
129.85,559
129.78,1053
129.79,405
129.25,3717
129.14,1356
128.75,1254
128.75,1042
128.72,742
128.83,607
128.49,2024
128.56,8005
130.55,1877
130.86,5846
127.59,10305
125.24,3197
125.38,2142
124.07,4486
123.97,1258
123.79,927
124.5,6717
124.31,3261
124.36,4034
123.35,920
123.96,5139
123.52,3580
123.33,1505
123.88,635
123.7,4881
123.22,1845
123.28,1208
123.42,1873
122.6,2331
122.02,4005
122.37,1983
122.45,2934
122.74,5115
122.35,914
122.63,3807
122.56,1199
122.39,1065
122.38,4731
122.31,3656
122.47,3009
122.38,2676
122.08,3525
122.41,5719
122.54,4974
122.92,1655
122.58,2929
122.4,10288
121.26,6528
120.72,6933
120.74,7808
121,6952
120.53,3080
120.92,1668
120.94,3774
120.42,4737
120.33,2728
120.58,3238
120.31,8339
120.67,1820
120.5,2501
120.7,1458
120.77,1751
121.41,2526
121.28,1574
120.56,2842
120.45,2831
120.41,2104
120.63,3776
120.52,4030
120.47,1991
120.47,1115
120.5,2966
120.48,7036
119.76,8031
119.22,3321
119.92,1974
119.95,4214
119.82,3141
119.97,3377
119.98,14082
119.85,4245
120.27,2658
120.92,2892
120.75,5861
121.21,12488
121.36,17891
120.41,4500
117.11,9349
117.56,5724
117.86,12682
117.12,10858
117.66,17722
117.97,15708
118.85,7856
118.25,6439
116.79,7695
115.86,13414
115.61,3594
115.26,11814
115.07,3688
115.7,1389
115.69,1893
115.55,1320
115.61,3325
115.98,4134
115.95,3556
115.89,3453
115.06,3948
115.13,4127
115.1,1824
115.36,1807
115.27,3814
115.12,3058
115.5,4962
116.24,4403
115.91,1632
116.58,2997
116.4,4585
116.1,3091
116.78,4352
117.29,4660
117.23,2827
117.35,4365
117.87,13925
117.9,18646
115.63,18745
121.38,15731
118.52,12685
117.23,12081
114.48,10351
113.34,5291
113.71,5250
112.84,2705
111.94,9953
112.63,9366
113.31,7633
114.01,2287
113.32,3925
112.93,2012
113.33,1461
113.32,4723
113.32,8369
113.54,2930
114.3,5338
113.94,7162
113.38,1250
113.41,4964
113.86,7606
114.55,7113
115.21,1695
115.89,2040
116.63,3768
117.68,1482
117.55,1252
117.55,3674
118.03,3213
118.05,2816
118.01,1965
118.64,3646
118.35,3143
119.02,6352
119.28,6867
119.63,11338
119.59,35970
122.78,8943
124,6006
125.68,13181
128.05,7403
128.15,5799
127.91,7291
126.86,8418
125.67,5321
124.91,3099
124.38,4007
123.93,5201
122.63,3422
122.15,1826
122.24,1852
123.16,3415
123.8,1942
122.75,2352
122.81,822
123.3,6039
123.92,4106
123.66,2130
124.16,2242
123.95,2296
123.93,2888
124.57,783
124.26,2513
124.26,3209
124.44,3219
123.7,1371
123.69,2189
124.21,3079
124.24,1847
124.75,2284
124.23,3593
124.1,1804
124.18,4921
124.22,5914
123.26,10949
123.18,23823
120.02,6834
117.67,10012
116.16,5271
117.32,2619
116.23,5169
116.14,3471
116.88,550
118.11,1049
117.73,329
117.81,1108
117.26,1187
116.74,2838
116.7,1860
116.81,2247
116.82,1209
117.12,236
116.92,959
116.61,1282
116.4,1350
115.71,7422
115.69,1781
115.09,1787
114.72,2313
114.3,450
114.44,224
114.38,854
114.13,1548
114.1,2199
113.86,2247
113.74,3039
114.27,545
114.26,1229
114.43,1763
114.85,1199
114.84,853
115.09,2043
114.56,4854
114.95,8406
114.68,12251
114.09,2429
114.58,1964
114.41,994
114.98,1467
115.45,4435
116.79,459
116.96,858
116.61,1137
116.85,559
116.91,1078
117.6,1007
117.83,1068
117.71,797
117.33,1869
117.43,774
117.31,1537
117.08,1744
117.35,375
117.15,222
116.82,840
116.65,336
116.66,511
116.69,505
116.53,124
116.58,544
117.25,434
117.4,679
117.38,240
117.54,1044
117.88,1235
118.04,1497
117.72,1308
117.59,639
117.69,793
117.62,781
117.63,1958
117.61,2490
117.69,4050
117.44,10315
116.62,2863
117.54,5129
117.31,1638
116.64,2503
116.16,2212
115.08,2133
115.01,1574
114.74,5684
114.25,10783
114.23,3619
113.73,1256
114.11,771
113.84,2045
114,640
114.06,317
113.85,958
113.59,155
113.62,911
113.52,1725
113.76,978
113.69,479
113.51,820
113.64,886
113.64,2362
113.7,980
113.64,622
113.59,874
113.75,772
113.57,1102
113.8,1660
113.77,898
113.89,986
113.83,410
113.87,586
114.22,247
114.33,983
114.26,2094
113.98,3345
114.14,9741
115.27,2377
114.02,1414
113.72,1757
113.42,4300
113.34,545
112.54,1038
112.34,1750
112.09,600
111.78,985
112.56,787
112.64,1018
112.34,514
112.04,1379
112.03,844
111.94,2308
111.6,647
112.21,793
111.82,2053
111.69,1938
111.64,2209
111.79,490
111.38,1478
110.77,457
110.69,1666
110.65,304
110.58,1005
110.37,2982
109.69,2309
109.56,2277
109.2,4262
109.36,4464
109.43,2251
109.36,3298
109.86,1572
109.88,2389
110.12,3843
110.15,5984
110.47,3992
110.27,11886
110.19,4720
110.21,11066
110.75,3579
110,9321
108.73,2981
109.62,1319
109.83,2563
110.08,4753
110.51,1196
110.74,2823
110.21,2222
110.55,2124
110.78,3342
110.4,1284
110.03,2001
110.09,501
110.56,873
110.32,1297
110.55,630
110.97,1331
111.2,1964
111.57,1631
111.38,1430
111.81,1001
112.37,2857
112.99,1328
112.48,1962
112.14,2030
111.88,3183
111.77,2359
111.51,765
111.35,889
111.55,1223
111.56,2041
111.79,2131
111.86,1508
111.85,2668
112.14,3539
112.29,17060
109.87,3683
109.84,5311
110.17,5894
109.32,5482
108.45,6193
108.41,5862
107.82,5740
107.87,10569
108.27,7728
108.92,7090
108.95,4467
108.97,1390
110.06,1581
110.13,2543
111.18,2505
110.55,4130
110.27,13836
111.31,6876
111.43,2730
111.03,2425
111.01,2832
111.37,1405
111.31,5222
111.12,3779
110.47,4411
110.7,6235
110.99,4717
110.48,4822
109.85,8751
109.71,3160
109.66,2290
110.02,2258
109.79,2244
109.82,2685
109.6,3452
109.47,3808
109.34,5494
109.75,7297
110.06,13026
114.77,13319
115.13,2058
115.29,4096
117.33,7552
116.55,2410
116.33,2460
117.04,1363
117.56,1612
117.84,2647
118.67,7767
120.02,9927
120.36,5293
121.1,5448
120.41,5174
120.19,2714
119.48,3910
118.35,2041
118.2,2776
118.23,988
118.83,1612
118.76,1725
118.92,3686
119.2,3707
119.14,2548
119.85,5185
120.32,1048
120.33,1015
120.04,1357
120.06,1946
120.21,1953
120.21,1626
120.27,1431
119.95,3073
120,2801
120.52,4731
120.62,5226
120.56,4367
120.16,5120
120.17,10420
122.39,9357
123.38,5160
124.46,9316
124.65,11175
127.05,9488
127.49,6486
127.59,9606
128.16,5573
128.51,4163
128.45,1631
126.88,2848
125.86,2647
125.27,2864
123.58,4054
123.77,1510
122.72,3122
122.81,5410
122.79,2561
122.81,3056
123.31,1559
123.49,846
122.8,1406
122.72,2877
122.63,3533
122.94,2515
123.15,714
123.15,0
123.1,2104
123.24,872
123.09,1036
123.17,1245
123.19,578
123.03,2271
123.01,5366
123.14,4506
123.37,2657
123.22,2609
123.27,4055
122.71,14439
119.61,14156
120.91,10957
120.67,11624
117.17,7734
116.12,13657
116.41,8427
118.03,7110
117.83,4668
117.35,3599
117.59,3122
117.77,7975
117.88,3895
117.99,4547
117.97,7132
117.92,2762
117.87,3916
118.03,909
118.07,876
118.22,1746
118.23,1609
118.03,1294
118.03,5349
117.83,2944
117.88,3772
117.62,1658
117.73,3925
117.71,3236
117.77,1106
117.98,802
118.13,4566
117.96,1879
117.94,717
118.03,4622
118.06,1686
118.31,3229
118.46,4544
117.64,7495
118.23,5301
118.14,14806
119.13,2942
118.99,1963
118.41,942
118.77,1267
118.54,2445
119.32,2149
119.72,2799
119.95,1406
120.61,1602
121.12,1366
120.86,1253
120.53,1089
120.23,1348
119.95,2390
120.14,758
120.83,112
120.67,471
121.01,1203
120.82,754
121.19,834
121.26,873
121.57,1198
121.4,1847
121.76,606
121.6,750
121.45,2533
121.55,1367
121.67,301
121.43,860
121.09,557
121.28,483
121.25,1275
121.37,1345
121.59,951
121.7,1922
121.55,1683
121.84,4147
121.8,4308
121.86,8547
122.53,18003
123.05,13474
122.45,3303
122.57,2309
122.34,7823
123.06,1728
122.79,2314
123.11,3328
123.23,1173
123.65,2642
123.51,1357
123.76,2385
124.71,2758
124.95,2349
125.4,1044
125.26,1363
125.45,402
125.74,3644
125.76,2503
125.95,1604
125.18,972
125.14,1825
124.99,777
124.39,735
124.17,1212
124.09,1054
124.06,1204
124.24,1469
124.54,1834
124.3,4609
124.56,2380
124.96,3404
124.98,2616
124.8,4511
124.85,2606
124.99,3913
125.34,4738
125.06,2015
125.1,8826
123.52,9930
124.81,3403
124.03,10036
124.72,4134
123.96,8718
123.89,9125
123.89,3786
123.87,1691
123.89,2641
123.69,7416
123.72,4262
123.15,3741
122.85,4720
122.62,4647
122.72,1963
121.85,1688
121.93,2674
121.87,1176
121.93,1092
121.98,977
122.34,1550
121.69,607
121.12,892
120.97,1642
120.68,1856
120.46,4205
120.6,683
120.49,729
120.72,633
120.66,631
120.93,691
121.03,632
121.04,799
121.04,0
120.97,1283
120.78,1654
120.89,1578
120.51,3569
120.92,6369
120.91,12257
118.52,3946
117.93,2599
118.67,411
118.09,2865
118.66,2314
119.01,2018
119.01,556
118.96,1047
118.89,4781
119.8,2036
119.49,2361
118.77,751
118.53,3624
119.17,3489
119.64,6049
120.18,3989
120.05,4550
120.35,2382
120.5,3759
120.89,1016
121.01,1042
120.9,1378
121.12,1156
121.18,1141
121.09,252
120.6,900
120.75,927
120.84,942
120.79,1835
120.9,2228
120.67,1447
120.91,641
121.11,1030
121.11,801
121.12,609
121.17,2025
121.16,2486
121.19,6805
121.09,3052
121.36,2266
123.75,3314
124.21,5745
123.8,316
124.3,1131
124.47,1604
124.66,745
124.53,703
124.81,1473
124.65,622
124.42,1820
124.61,1158
124.27,2830
124.24,2811
124.41,2158
124.4,729
124.29,2467
124.2,1973
124.25,3351
124.23,4061
124.23,0
120.48,28158
117.35,8642
118.81,9867
115.61,28911
117.85,3245
118.02,3208
117.62,857
117.83,525
118.27,1894
117.84,2151
117.55,410
117.07,420
116.77,2244
117.07,2958
117.19,1458
116.79,1371
116.88,1120
116.91,597
116.92,154
117.17,1964
116.93,1271
117.15,1157
117.41,323
117.48,1706
117.2,1258
116.62,822
116.61,2315
117.03,632
117.06,1232
116.88,1768
116.74,1218
116.41,2077
116.13,948
115.86,920
115.9,488
116.26,910
116.32,1554
116.2,3499
115.95,23214
116.7,1499
116.39,316
116.24,1666
116.38,912
116.93,2271
117.03,2657
116.74,850
117.29,2825
117.65,3094
118.82,1116
119.19,1216
119.01,3603
119.5,3517
120.47,3051
120.58,3433
120.09,2026
119.96,1827
119.15,1996
119.14,2111
119.11,2419
118.97,1555
118.72,1147
118.72,2389
118.31,1725
118.38,1222
118.52,1406
118.75,2692
118.75,0
119.39,1403
119.06,1770
119.07,696
119.29,735
119.39,684
119.29,392
119.46,701
119.08,1800
119.22,2249
119.28,4033
119.42,5498
121.52,7964
121.94,5986
122.02,4643
123.09,3785
121.59,2345
120.69,4109
120.26,2559
120,2680
119.06,3897
118.69,6434
118.26,4005
118.02,9943
117.27,9430
117.5,1560
117.48,1928
117.74,1444
117.86,1060
117.68,1700
117.87,222
117.83,886
118.04,776
118.3,2600
117.98,430
118.51,975
118.4,1108
118.65,1381
118.63,521
118.72,1419
118.98,550
118.99,4342
119.66,777
118.53,1279
118.72,1555
118.62,1065
118.6,1561
118.38,2171
118.22,2459
117.95,6723
118.46,11532
116.28,3066
114.67,4955
114.4,3763
115.19,4489
114.33,7108
114.52,3349
115.06,2255
115,1450
114.75,546
116.15,1728
116.5,2019
115.64,1580
116.01,1796
115.45,490
115.69,1071
115.47,1843
115.12,734
115.24,1292
115.08,945
115.67,541
116,1719
116.06,331
115.72,2166
116.3,737
116.1,1919
116.04,745
115.85,1405
115.84,676
116.39,826
116.8,1619
116.57,1388
116.96,2341
117.32,2059
117.59,1562
117.13,1185
116.79,2542
116.3,6416
116.87,9462
116.45,20113
114.87,5925
115.61,4433
115.06,5044
116.83,5392
118.04,8299
118.44,7540
118.11,1652
117.84,2292
117.3,2257
117.18,2519
117.72,2159
118.84,2252
119.63,8688
119.75,1579
120.11,4524
119.78,1679
120.4,1748
119.9,813
120.08,2745
119.83,790
119.73,736
119.96,1614
119.45,3054
119.78,1511
119.52,768
119.69,1249
119.71,945
119.66,2742
119.76,1083
119.86,1261
119.93,537
119.91,970
119.9,1609
119.89,1257
119.96,1080
119.79,2928
120.24,6973
120.39,4520
120.65,12333
119.5,4986
120.11,2777
120.17,3550
117.6,3584
116.48,6887
115.57,5360
115.54,11831
115.42,19765
116.07,4508
115.52,2140
115.51,1470
116.1,1369
115.51,534
115.85,606
116.04,1613
116.1,2012
116.13,505
116.35,1486
116.05,1763
116.13,2080
116.86,501
117.45,101
117.11,1064
116.78,2151
115.89,3267
115.98,1018
116.09,524
115.62,1248
115.22,1297
115.38,1961
114.99,1146
114.97,601
115.02,1173
114.97,2867
114.72,2721
115.01,1983
114.98,4542
114.94,3087
115.45,7411
110.84,12973
110.24,7980
110.05,2908
110.34,4396
110.52,11880
110.73,8155
111.11,4277
110.61,1147
110.23,301
110.29,5574
110.53,1464
109.91,1138
110.46,915
110.05,3271
109.76,625
109.75,2100
109.52,999
109.28,1353
108.81,1548
108.73,1800
108.26,4932
108.01,1180
107.92,1020
108.25,997
107.88,533
108.06,726
108.3,739
108.57,1218
108.56,812
108.52,2600
109.04,1906
108.56,2119
108.76,1843
109.32,3572
109.41,1749
109.59,1172
109.6,1803
109.06,8801
109.05,28471
112.78,10007
112.71,6499
114.15,9612
114.34,5076
116.41,5149
114.96,7882
115.13,8623
115.58,3652
115.46,1597
114.81,1222
114.96,2164
116.02,1735
115.74,2928
115.39,1194
115.25,1860
114.6,1354
114.51,1225
113.77,1652
113.9,2059
114.54,3217
114.76,1286
115,1241
114.69,773
115.05,1134
115.19,1002
115.24,1056
114.88,505
114.92,2193
115.09,853
115.03,1550
114.53,2090
115.02,2400
115.14,1739
115.15,922
114.64,1013
113.85,2198
113.26,6566
113.56,2741
113.51,15507
116.33,18207
118.45,5187
117.28,4281
119.13,2039
117.62,1352
117.11,1804
117.48,1157
117.4,807
116.4,1211
118.09,1221
118.34,707
118.41,1788
119.36,3804
119.99,2729
120.49,1319
120.04,2409
119.5,741
119.59,993
120.26,746
120.71,1811
120.74,1581
120.58,2705
120.91,302
120.07,1113
119.67,705
119.1,1215
119.1,0
119.28,105
119.3,1042
119.46,727
119.39,971
119.73,625
119.44,2700
119.33,3246
119.96,1311
119.44,4708
119.55,3320
119.53,5604
119.77,20508
124.43,28263
126.37,12853
126.2,6952
124.54,5832
124.63,5848
124.74,5349
126.19,3353
124.57,2597
125.25,1848
125.85,1802
124.55,1668
123.77,3690
124.13,1777
122.81,1437
123.05,1357
122.82,790
123.05,819
123.15,419
123.01,224
123.01,0
122.76,638
123.07,933
123.24,1592
123.76,1166
123.38,709
123.46,606
123.44,1799
123.52,426
123.76,643
123.91,1352
123.84,458
123.84,0
123.4,1977
123.53,591
123.73,1085
124.06,3864
123.91,2592
123.62,7774
123.19,15452
118.45,12865
117.54,3700
118.42,5446
118.25,3433
119.26,1896
119.37,2849
119.07,2527
119.35,1355
119.37,2568
119.87,1867
119.53,3122
119.03,2112
119.42,2778
119.31,1257
119.79,1038
119.73,1114
119.74,390
119.96,771
120.27,2163
121.1,2266
121.06,709
120.82,773
120.97,222
121.14,909
121.34,1143
121.17,804
121.27,627
121.72,1403
121.18,830
121.72,608
121.45,649
121.36,1671
121.36,1080
121.26,227
121.4,1055
121.44,1382
121.41,968
121.43,4946
121.63,7755
121.33,17113
119.08,6115
120.11,3733
120.41,5425
120.67,3190
120.94,3504
120.99,3729
121.14,1854
121.46,1451
122.4,4064
122.56,2825
122.7,3104
122.37,1845
122.44,2074
122.8,2147
122.69,2492
122.34,1763
122.78,1541
122.83,506
123.01,330
122.82,1650
122.82,1444
123.18,660
123,2020
122.98,3563
122.66,865
122.88,1482
122.94,3008
123.02,534
123.01,1293
123.01,3106
123.17,4565
123.32,3662
123.11,4442
123.08,1509
123.25,2748
123.16,2982
122.53,3362
122.49,20932
125.82,14727
126.69,8425
127.66,1467
126.17,2888
126.78,3740
127.62,5976
127.58,3824
127.9,1755
128.28,3264
128.03,1194
128.32,1430
128.44,5038
127.56,5970
127.61,1893
128.02,1954
128.03,695
128.04,356
128.09,1145
128.1,1011
127.84,1365
128.22,1631
128.09,2412
127.57,6352
126.77,2554
126.66,9277
126.61,986
126.78,586
126.97,4577
129.88,2931
130.26,3121
130.9,5601
131.46,4760
132.47,5508
132.85,7455
133.18,11516
133.04,4251
132.96,13676
134.91,8139
134.77,33164
138.3,9392
140.62,5146
140.61,2429
142.03,13243
141.36,10116
138.52,6507
139.14,4865
139.63,9927
139.06,4193
139.96,9564
139.37,7607
138.32,6358
139.34,4984
139.51,4474
139.96,5163
140.05,4732
140,3845
140.76,5159
140.76,4046
141.94,9597
141.66,8797
139.8,3189
140.04,2217
140.75,3055
140.25,902
140.8,1393
140.04,5530
139.53,1426
139.43,1387
140.06,1857
140.26,1448
140.3,1521
140.25,2439
140.85,2963
140.6,2529
140.31,2069
140.23,8208
140.73,12258
140.65,16219
142.74,19360
141.67,15381
142.28,11985
141.71,6635
140.7,4714
141.58,3795
141.22,1335
142.45,3507
142.05,5249
143.22,2703
143.25,1986
142.26,1242
142.97,1193
142.53,2033
142.55,2402
142.41,1059
142.46,2822
142.08,2012
142.36,2945
142.3,2747
142.24,3645
142.12,2626
142.25,3123
142.24,1436
142.97,1259
142.74,2224
143.28,1616
142.86,3068
143.28,4640
144.15,4039
143.73,1427
143.41,3052
144.05,2044
143.99,1973
143.49,7262
143.24,5484
143.09,3283
142.09,9587
141.83,19812
140.02,15287
140.29,5171
140.34,5858
140.84,5024
140.5,3686
140.8,4086
140.51,3619
140.04,1625
140.06,3348
140.11,2100
140.39,1663
141.42,2979
141.13,2068
140.74,200
141.06,627
140.33,1952
140.03,3498
140.31,2016
140.51,819
140.57,1307
140.35,705
140.4,101
140.49,589
140.33,2018
140.57,1219
140.67,493
140.79,1050
141.6,1351
141.7,905
141.44,1265
141.02,573
140.96,2922
141.16,892
141.06,1742
141.2,1318
141.37,1284
141.24,3598
141.32,5449
141.23,12894
143.5,8188
143.16,6518
144.11,2095
143.65,1642
143.74,2397
143.86,4267
144.73,4341
143.7,5287
142.66,5341
142.24,3743
142.64,1005
143.12,712
143.28,3607
143.06,621
143.04,2557
142.6,1760
142.69,843
143.31,1296
143.35,1849
143.43,1253
143.22,527
143.65,381
143.45,704
143.34,692
143.42,324
143.67,326
143.39,569
143.38,1541
143.53,2468
143.63,3316
143.38,1694
143.6,2174
143.55,1131
143.64,854
143.43,1103
143.46,757
143.43,1214
143.6,1828
143.51,5735
143.12,23407
142.89,8200
143.75,9632
143.38,4260
144.33,2181
143.18,4009
143.12,5425
143.47,1760
143.12,2419
142.91,608
143.14,860
142.87,1300
143.13,668
142.93,1951
142.9,8641
143.24,1808
143.29,1039
143.13,601
143.34,3230
142.93,2099
143.05,2564
142.97,300
143.08,529
143.02,3839
142.73,1278
142.58,1074
142.25,911
141.58,1413
140.9,2029
140.93,3180
140.25,2659
138.9,3249
138.44,5811
137.45,6453
137.12,3688
138.28,6843
136.87,4194
137.13,5493
137.89,14994
140.94,2133
139.97,2086
140.38,1361
139.92,1088
139.1,6075
141.15,895
140.29,317
139.72,1952
139.56,223
140.43,687
139.88,216
139.57,100
140.01,1095
139.72,397
139.62,914
139.86,861
139.32,886
139.5,432
139.18,324
139.61,500
139.23,400
139.23,261
138.71,558
138.2,1611
138.84,780
138.54,1061
138.78,311
139,566
138.8,1364
138.5,494
138.75,1555
139.32,684
138.86,1393
138.62,152
138.91,143
138.84,908
139,1395
139.08,2720
139.64,6213
140.3,1026
142.65,6648
142.27,6104
142.87,3618
143.6,1883
143.15,554
143.65,1849
143.98,2315
144.02,1102
143.75,3028
144.21,641
144.4,2836
145.2,3629
145.04,176
144.95,400
145.03,864
145,781
145.43,428
146.16,1112
146.22,2326
146.93,1494
146.67,1843
146.88,1844
146.78,2646
147.36,2182
147.18,1076
147.38,1372
147.47,2155
146.88,1276
146.26,5299
144.59,4095
145.11,320
144.88,477
145.16,311
145.14,647
144.75,1229
144.89,131
144.6,1375
144.59,6768
145.95,763
144.66,641
144.17,1306
143.93,1053
144.81,1706
144.12,1888
143.68,1942
143.97,2258
143.57,683
144.4,598
144.15,919
144.32,400
144.66,841
145.32,1175
145.47,300
145.4,592
145.73,1048
145.67,301
146.02,622
145.85,832
146.14,1008
146.37,531
146.51,1150
146.68,612
146.79,411
146.73,579
146.72,948
146.69,395
146.46,102
146.67,713
146.69,562
146.89,633
146.85,2287
147.15,1137
147.22,573
146.8,821
146.86,826
146.77,2358
146.98,8213
146.73,629
145.88,1143
145.73,1015
145.49,1163
145.41,2032
144,729
144.77,1368
143.86,1324
143.63,3173
143.07,3584
142.84,807
143.87,3616
143.96,441
143.68,304
143.81,497
143.96,603
144.26,437
144.12,100
144.05,641
143.69,322
143.99,228
144.27,200
144.2,2052
143.42,1005
143.2,626
143.39,325
143.16,533
142.83,2203
142.76,1338
142.3,2239
142.17,3369
142.02,1879
142.08,2319
142.03,1420
141.85,1680
142.53,3384
142.99,5022
143.24,4260
143.05,5657
143.79,1553
144.56,1031
144.16,900
144.23,1003
144.27,421
145.16,932
145.68,2578
145.2,1268
144.6,948
144.44,1652
144.8,1687
144.05,179
144.15,498
144.22,358
144.08,455
144.31,336
144.43,781
144.57,690
144.25,1302
144.44,604
144.45,100
144,251
144.38,206
144.4,530
144.7,812
144.7,0
144.51,849
144.52,100
144.02,359
144.29,112
144.29,0
143.88,546
143.89,639
143.54,664
143.78,630
143.86,744
144.14,1693
144.36,1873
144.14,3884
142.66,3107
141.01,1645
141.38,4549
139.92,4798
139.07,3183
139.16,1779
138.75,4732
138.17,5174
137.13,3166
138.31,2259
138.37,1050
137.9,1017
137.63,1259
138.08,768
138.08,631
138.34,1050
138.03,537
138.56,854
138.23,700
138.7,259
138.56,201
138.43,963
138.52,918
138.12,655
137.88,2166
138,241
138.69,1289
139.14,1041
139.32,362
139.53,616
139.47,1515
139.37,941
139.53,1461
139.58,640
139.19,412
139.2,1024
139.32,1023
139.49,1564
138.57,6606
137.04,2788
138.49,2676
140.33,755
141.66,6679
142.69,1843
143.27,2197
143.41,5851
141.91,1898
142.37,2411
141.2,939
142.7,445
141.99,553
141.61,425
142.28,108
142.2,691
142.76,1730
143.27,639
143.52,244
143.85,938
143.91,445
142.9,109
143.01,414
142.89,708
143.12,119
142.92,818
142.7,389
142.52,657
142.04,679
142.24,107
141.53,1142
141.52,656
140.79,749
140.91,983
140.47,1013
140.18,750
140.42,1453
140.41,1376
140.35,2795
140.67,7094
136.39,5038
135.87,1640
135.37,6064
134.28,2940
133.76,2472
132.5,2862
132.77,3163
131.82,3062
132.98,2773
134.02,4361
134.37,2731
134.18,1441
134.94,1509
134.27,456
134.95,1070
134.86,306
134.84,445
134.95,468
134.96,1185
135.15,906
135.28,1992
136.08,1788
136.91,1504
136.68,371
136.3,382
136.21,764
136.24,308
136.21,2321
135.17,2131
134.84,636
135.98,1096
135.93,1356
135.98,1112
135.47,1051
134.81,827
134.48,2338
134.38,3579
134.53,2146
134.47,5773
134.9,3686
132.83,1127
132.47,792
132.32,1253
132.67,746
132.06,1431
132.42,811
131.87,2517
131.26,2148
131.13,5277
129.99,3344
130.33,2548
131.15,1895
130.94,1150
130.9,838
130.62,660
130.87,1482
130.78,963
130.36,1584
130.21,843
130.59,930
130.37,960
130.68,1627
130.6,600
130.75,1649
131.06,1433
131.07,207
130.78,493
130.62,322
130.56,794
130.31,1024
130.35,1679
130.62,1430
130.61,1153
131.07,2837
130.8,1028
131.55,1656
131.18,1428
130.53,7009
130.82,1795
130.79,1394
130.97,9221
132.11,3937
132.37,1513
132.25,1910
132.19,2460
132.46,1166
131.84,1866
131.63,1305
131.69,1869
130.92,1292
130.89,1975
130.74,1216
130.66,1275
130.43,1368
129.47,1649
129.77,1766
129.59,1881
129.67,1167
129.47,549
129.2,530
129.34,990
129.5,1372
130.01,1437
130.65,968
130.25,1207
130.27,790
130.81,1520
130.54,992
130.46,875
130.18,1505
129.83,4352
129.9,3301
130.45,726
130.72,780
130.6,1990
131.01,2320
130.88,4868
128.67,3409
129.56,1079
129.15,2580
128.68,4760
128.45,2568
128.43,3975
128.62,2873
129.7,3579
130.54,2099
129.93,1705
129.87,1962
129.59,1262
129.59,1293
129.66,1712
129.89,995
130.45,702
130.13,1036
129.91,804
129.72,1003
130.08,163
130.28,460
130.33,2213
130.77,1103
130.74,750
130.76,1342
130.74,408
130.84,471
130.89,698
130.81,1480
130.87,762
131.32,821
131.32,612
131.41,417
130.97,1693
130.88,1678
131.39,622
131.76,688
131.79,1365
131.58,6372
128.95,5026
127.4,4494
127.26,4819
128.46,2701
128.46,2604
128.73,2002
128.3,913
128.56,722
128.25,437
128.26,1575
128.41,1233
128.91,327
128.8,662
128.78,451
128.83,1627
129.12,324
129.02,201
128.94,480
129.21,101
129.18,114
129.18,0
129.27,100
129.19,218
129,112
128.58,201
128.72,211
129.13,912
129.1,352
128.93,2142
128.25,1388
128.05,2228
127.84,1916
128.24,205
128.57,126
128.93,864
128.71,810
128.67,612
128.58,1805
128.28,4894
126.92,1722
128.75,1432
127.57,1542
126.36,4720
125.48,1472
126.05,1095
126.67,1127
126.54,504
126.38,1604
126.67,827
127.05,1145
126.74,1319
126.99,579
127.03,994
127.16,2162
127.21,2906
127.35,1421
127.32,1977
127.53,2107
127.55,1683
127.41,410
127.53,2448
127.51,1412
127.46,577
127.51,357
127.48,1386
127.83,1020
127.5,459
127.63,978
127.62,2240
127.85,1442
127.51,866
127.68,3135
128.31,2092
128.59,842
128.21,1612
127.56,2883
128.19,3366
127.76,7728
127.92,18890
127.27,17214
126.14,5586
125.23,20148
124.01,4499
124.79,4514
124.87,5489
124.71,801
123.65,2314
124.3,1594
124.19,1873
124.15,879
124.02,1088
124.25,2947
124.31,766
124.42,740
124.14,513
123.99,1090
124.2,426
124.14,1066
124.34,602
124.24,937
124.19,325
124.37,100
124.19,668
124.45,1284
124.23,2390
124.48,1161
124.31,597
123.63,1994
123.93,1966
124.12,1234
123.84,662
123.82,1289
123.42,2920
123.56,1147
123.51,871
123.4,1514
123.68,5385
124.44,2712
123.85,6540
124.6,1032
122.28,117
123.4,1569
123.46,387
123.29,650
123.12,571
122.65,1657
122.67,715
123.12,547
122.81,218
122.46,1423
122.06,451
122.12,100
122.03,200
122.06,421
122.29,1831
122.08,314
121.95,2658
121.73,738
121.75,311
121.48,155
121.37,365
121.25,830
121.26,326
121.25,313
121.42,101
121.48,155
121.42,155
121.11,1394
121.19,707
121.14,4575
120.99,1477
121.19,781
121.32,2652
121.37,1791
121.23,2765
121.38,8565
121.16,2251
120.26,2275
120.76,1879
120.4,2539
120.9,2265
121.01,1648
121.84,1344
121.91,1002
121.41,1206
121.02,3303
121.5,995
121.52,105
121.34,300
121.38,629
121.1,588
120.98,727
121.18,1362
120.82,485
120.8,748
120.75,791
120.92,1383
120.77,426
120.97,1191
121.15,1947
120.96,1427
120.28,1460
120.21,1269
120.39,592
120.21,579
120.24,395
120.27,575
120.69,370
120.53,1498
120.65,543
120.67,712
120.79,598
120.77,1084
120.6,2513
120.7,3144
117.73,3036
118.35,1762
117.79,1109
117.71,4024
118.77,3008
118.45,1826
118.67,2164
119.38,2676
119.2,1119
119.58,1466
119.36,463
119.18,1235
118.6,1773
118.51,1954
118.65,373
118.32,215
118.39,316
118.27,913
118.06,759
117.57,1347
117.5,1677
117.35,1495
116.82,1266
116.51,2138
116.88,843
116.97,585
116.82,661
117.1,922
116.98,1814
117.21,827
117.27,1563
116.99,1318
116.67,1013
116.31,3886
116.08,2102
115.94,2361
115.82,3821
116.02,4601
116.18,10300
116.69,4164
114.46,4126
114.43,2276
114.04,1417
113.8,4731
113.98,4448
113.71,1846
113.81,2589
112.68,3527
111.96,3052
112.07,1081
112.78,1021
113.05,1825
112.32,413
112.42,3441
113.02,2030
113.4,5764
113.1,1630
112.94,104
112.99,6433
113.06,1113
112.91,917
112.47,1119
112.13,1156
111.94,1364
112.5,1542
112.75,1001
112.99,755
113.16,905
113.14,1916
113.07,1310
112.97,2231
112.6,1245
112.65,2615
113.02,1204
113.63,1982
113.74,1929
113.62,3913
113.75,7024
112.54,3373
111.16,8597
111.44,2182
111.75,1193
110.68,1410
110.33,805
109.75,1807
109.72,2550
110.13,1509
110.61,6855
110.61,25589
109.77,1795
109.77,844
109.08,18692
109.02,370
109.05,1173
108.99,2786
109.06,4267
109.2,514
108.84,2558
108.53,4883
108.31,1235
108.14,1242
108.74,4309
109.07,4265
109.12,5617
109.14,3420
109.46,9953
109.96,12020
110.21,7797
110.22,5332
110.35,11137
110.68,2261
110.67,2032
111.18,2398
111.1,6453
110.5,7927
110.75,10072
110.64,20327
109.31,3877
110.89,4174
111.96,16345
114.79,19121
116.57,12095
116.95,8128
116.71,7055
115.63,2033
114.61,2800
115.25,3468
114.53,1713
114.66,2573
114.21,3207
113.22,1774
113.7,703
113.74,1226
114,678
113.97,675
114.54,113
114.45,703
113.81,1808
113.19,204
113.55,471
113.58,813
113.58,0
113.36,288
113.65,2465
114.44,1209
114.35,540
113.83,1111
114.29,1128
114.37,1006
114.52,1824
114.71,1915
115.08,1789
115.25,2017
115.71,2210
115.7,5723
115.98,8079
119.51,13188
121.84,6372
117.93,5593
118.35,2655
118.88,2300
118.54,6098
117.69,3371
118.44,2147
116.99,3739
117.76,1798
117.67,589
117.03,740
116.31,931
117.54,1017
117.31,1279
117.88,1941
117.53,1105
117.34,1195
117.26,454
117.31,1078
117.46,316
117.69,1859
117.65,1672
118.04,814
118.16,1097
118.52,302
118.65,593
118.6,584
118.72,425
117.91,980
117.93,200
118.19,774
118.54,956
118.44,255
118.58,3399
118.74,1858
118.44,376
117.92,1618
117.99,4961
120.53,3181
120.6,3378
118.63,1424
117.24,749
116.61,1686
117.68,1125
117.95,3334
118.51,1777
118.31,2767
119,701
118.57,1487
118.12,478
117.71,290
117.71,0
117.76,1207
117.69,552
117.64,321
117.65,512
117.64,301
117.64,0
117.22,698
117.09,607
117.26,1489
116.68,301
116.82,1064
116.56,919
116.43,1649
115.94,3223
115.94,0
115.66,770
116.44,435
116.83,774
117.02,660
117.29,2168
117.6,1270
117.6,0
116.69,759
117.38,3054
117.48,6639
117.61,4983
115.79,7169
114.71,4231
116.2,4637
115.62,3200
114.12,1928
113.76,1543
112.42,3195
112.1,1701
111.64,3718
112.81,539
113.3,1446
113.6,636
113.7,553
113.16,401
113.16,806
113.04,2395
113.23,3413
112.79,3488
112.65,1272
112.59,2180
112.68,1859
113.02,2060
112.79,2877
112.79,966
113.23,727
113.34,520
112.38,409
112.59,728
113.14,3493
113.22,3712
112.83,451
112.85,1223
113.25,2695
113.03,1387
112.97,3028
113.21,4372
113.27,3969
113.86,9380
115.27,2144
116.64,1819
115.88,3262
116.02,5179
116.54,402
116.73,1199
116.88,4855
116.69,2293
116.74,681
116.23,606
115.98,503
115.8,1814
115.62,1152
115.8,1138
116.06,478
116,459
115.75,672
115.95,652
116.05,401
116.14,477
115.97,453
116,701
116.01,1707
115.95,2296
116.64,1152
116.37,1007
116.14,1146
115.9,1463
115.87,1024
115.47,841
115.51,994
115.64,619
115.78,968
115.71,1134
115.9,882
115.71,1840
115.28,1157
115.36,2149
115.53,7931
113.63,7638
114.43,1745
114.11,965
114.17,2937
114.08,2732
115.13,2845
114.93,723
115.56,7254
116.58,6913
116.61,2426
116.85,2225
116.99,730
116.44,674
116.25,676
115.7,666
115.74,906
115.6,2116
115.28,1425
115.54,817
116.03,828
115.79,1911
115.71,838
115.73,640
115.68,849
116,1185
116.11,305
115.9,415
115.69,907
116.12,428
116.12,599
116.11,1110
116.31,719
116.08,2010
116.52,1700
117.19,1198
117.72,1369
117.72,2722
117.77,3698
117.81,8305
116.79,2537
115.97,3869
116.36,1456
117.13,1036
116.26,6607
114.8,1949
114.64,5595
115.02,2739
115.08,8804
114.58,422
115.02,881
114.99,2278
115.51,1868
116.17,2150
116.31,850
116.31,5062
116.29,3484
116.8,823
116.59,1027
116.04,675
116.03,753
115.67,747
115.53,706
115.74,1733
115.97,100
115.96,557
116.11,455
115.93,376
116.01,597
116.4,445
116.4,1822
116.31,422
116.54,675
116.3,478
116,353
116.05,641
116.04,1742
115.73,1088
115.99,4767
114.78,4410
113.8,2130
114.36,2376
114.37,1437
113.96,324
114.23,1699
115.35,1132
114.9,1190
115.38,2156
115.22,1256
115.28,805
114.83,260
114.56,1001
113.87,1976
113.86,399
114.01,546
114.19,679
113.93,3058
114.15,1196
114.06,715
114.06,3127
114.1,1461
114.29,856
114.17,1262
114.01,1410
114.16,834
114.29,627
114.16,1334
113.65,833
112.96,1838
112.91,11689
113.43,6465
113.86,2952
112.08,3201
111.66,4916
111.02,5155
111.18,4600
111.22,2882
110.79,8690
111.97,6857
113.04,10331
113.13,4143
111.27,5845
111.18,1136
110.72,1834
110.14,896
109.61,1040
109.34,2173
109.31,3955
109.8,1732
109.41,625
109.66,2120
109.93,408
110.18,2725
110.13,1444
111.07,2151
110.77,6924
110.51,13394
111.84,34938
112.1,7064
112.58,11078
112.29,2260
113.25,2019
112.79,3404
112.88,7243
112.81,5120
112.65,5286
113.05,3372
112.58,2795
111.74,3140
111.97,2138
112.22,1719
112.11,1940
111.94,1938
112.09,4911
111.97,4738
112.26,6930
111.99,37548
109.92,8336
109.32,3594
108.75,9397
109.45,1654
109.03,1019
109.75,2492
109.97,1900
109.97,1205
109.64,472
109.64,1267
109.63,2333
109.14,3474
109.75,5659
109.51,3214
109.43,1445
109.2,1173
109.29,1011
109.47,1106
109.59,565
109.67,961
109.32,334
109.81,1042
109.73,4448
109.73,2909
110.16,3292
109.84,2475
109.68,681
110.4,1968
110.02,4243
110.06,1307
110.48,793
110.88,943
110.5,1377
110.51,100
110.91,562
110.97,645
111.18,3404
110.61,3560
110.49,6151
107.42,6423
106.42,1183
107.04,3764
106.59,4157
106.55,832
105.81,589
106.28,1923
106,845
105.88,530
106.47,927
106.58,2562
106.64,710
106.53,1889
106.28,1553
105.87,500
105.83,201
106,727
105.6,1275
105.83,387
105.76,765
105.68,644
105.7,2757
105.83,1937
105.69,2258
105.46,1577
105.48,2522
105.28,6223
104.76,1698
104.92,1888
105.23,389
105.06,1312
104.94,1533
105.11,3713
105.01,1522
105.01,2955
105.41,2825
105.98,3438
105.58,2788
105.46,14930
105.66,3283
107.06,5170
107.31,3732
106.94,2736
107.51,4847
108.18,3795
107.88,2240
107.16,1947
106.93,1736
106.77,1601
106.61,2389
107.49,2860
107.89,1068
107.74,1979
107.22,2448
107.05,1271
107.46,2868
107.53,2882
107.91,602
107.82,2476
108.18,2683
108.56,1831
108.35,3292
108.71,1928
108.34,4127
108.76,1612
109.67,5356
109.39,4373
109.3,2963
109.04,2425
109.01,2209
108.8,2398
109.05,3204
109.22,2486
109.09,2611
108.65,1757
108.81,4591
108.86,10258
109.03,27879
109.62,4611
109.69,1868
108.74,1826
107.39,2920
108.6,3711
109.22,3672
109.49,1524
109.67,1149
109.87,1403
109.75,3141
109.83,1866
109.81,1658
110.01,2671
109.88,2090
109.74,1030
109.72,845
109.66,1967
110.17,438
110.11,2357
110.39,1074
110.25,1543
110.77,2677
111.42,734
111.08,3488
111.6,3363
111.16,2566
110.71,2548
110.72,1695
110.99,1612
110.96,1292
110.96,2207
111.01,2226
111.15,1157
111.01,1884
110.8,2592
110.88,1971
110.73,1202
110.85,11559
110.59,24781
109.79,1421
108.74,2334
108.91,1235
108.93,1544
109.16,2332
109.32,1272
109.03,327
109.46,876
109.94,1822
109.86,1841
110.31,3960
110.03,2403
109.8,449
110.15,1825
110.12,1755
110.07,862
109.94,3150
110.21,2413
110.17,1448
110.31,1031
110.14,1446
109.9,2245
110.25,764
109.86,1173
110.02,436
110.4,3824
110.53,2337
110.52,1157
110.68,4896
110.4,1435
110.58,1078
110.42,2985
110.66,1980
110.68,3611
110.8,3154
110.51,2949
110.63,1280
110.21,4516
110.23,22432
110.1,4868
111.29,1372
109.91,2665
109.67,1428
110.62,1123
109.45,1839
109.97,956
110.17,902
109.83,2306
109.54,1340
109.67,3852
109.56,733
109.56,400
109.92,503
110.26,2574
110.26,874
110.39,904
110.63,971
110.63,0
110.87,2294
110.83,1492
111.15,3942
111.49,663
111.64,1193
111.62,1117
111.46,1203
111.46,851
111.24,839
111.31,103
111.15,455
111.05,239
111.15,363
111.05,332
110.74,581
110.82,591
111.07,970
111.1,1799
110.86,1927
111.03,4527
111.51,2442
113.66,5248
113.83,5596
114.55,7640
114.52,5199
114.15,4598
114.68,4034
114.75,2594
115.28,3124
115.28,4125
115.43,731
115.32,1551
115.93,2687
115.77,2579
115.99,1056
116.15,681
116.21,793
116.71,1318
116.81,1873
116.95,1423
117.15,2913
117.38,6782
117.52,3377
117.96,2548
117.38,3411
116.92,689
117.07,1235
116.51,1800
116.4,1593
115.62,2729
116.09,2401
116.2,1196
116.4,1855
116.25,6424
116.23,1143
116.11,1753
116.25,899
116.29,2344
116.09,7694
109.38,15851
109.71,5363
109.23,5007
108.03,5204
107.74,3901
107.69,4815
107.73,2598
107.67,3257
108,6102
108.23,4685
108.55,8483
109.41,7598
110.28,2322
109.84,7729
109.29,2552
109.06,2112
109.34,2909
109.16,675
109.21,1873
109.52,5010
108.9,2291
108.61,4304
108.52,583
108.29,1137
108.2,1419
108.18,1262
108.29,1039
107.93,3823
107.84,3731
107.74,1986
107.58,3279
108.01,2328
107.5,2496
107.39,2230
107.74,1471
107.67,4308
107.8,5654
107.8,4762
107.95,14166
109.27,1737
108.78,2986
108.45,5513
109.12,2344
108.98,1442
108.97,1454
108.35,1926
107.88,1783
108.2,491
108.02,2653
108.02,3076
108.87,243
108.93,1033
109.3,2564
108.65,630
107.87,1300
108.1,563
108.34,1327
108.44,502
108.65,496
108.69,211
108.65,1087
108.62,406
108.58,1823
108.57,1701
108.8,1896
108.69,1260
109.01,1950
108.42,1215
108.95,1395
108.96,1905
109.12,1731
109.15,2365
109.49,2452
109.39,1571
109.57,1198
109.49,2326
109.51,5217
109.84,12429
109.96,41479
116.44,18197
117.61,18650
118.32,16537
118.06,5041
118.61,7807
117.69,22866
114.75,9462
114.26,10102
114.27,3595
113.23,10450
111.98,5646
112.43,4010
112.19,3883
112.53,2666
113.13,2680
113.35,3141
114.1,3518
114.15,1514
114.31,2803
114.03,3711
113.35,1928
112.85,7395
112.5,6943
113.64,5145
114.23,2629
115.08,1936
114.91,1213
114.53,1696
114.52,3403
114.63,2360
115.49,2371
114.85,3924
115.2,3021
113.97,1837
114.31,3464
113.69,7655
113.48,7696
113.24,22861
114.51,4256
116.74,12880
115.99,3593
116.09,11621
116.47,6128
118.14,10055
117.51,3102
118.39,8051
119.63,2398
119.28,1862
119.82,1224
120.88,1863
120.69,631
120.55,899
120.13,1505
119.61,4468
118.53,2389
119.24,1068
119.55,1693
120.22,1636
120.53,2515
119.78,1166
118.98,5201
119.27,3983
119.2,3762
118.82,6477
119.4,4683
118.99,7197
119.67,5137
119.64,6784
119.65,1894
119.52,2252
119.01,1531
119.01,4739
118.61,6442
118.23,6096
118.14,4256
118.08,5124
117.81,22154
116.61,8309
111.54,5327
111.64,7383
110.9,15023
109.91,3478
110.38,4777
109.67,3471
109.82,1172
109.76,2237
109.39,4069
109.72,1623
109.54,3321
109.72,1481
110.12,1330
109.95,1259
109.87,901
109.7,1593
109.91,1999
109.95,2039
110.02,1884
110.15,773
110.57,2908
110.86,2245
110.76,2248
110.87,3287
110.72,1244
111.13,2317
111.09,3281
110.39,2822
110.38,1347
110.81,1912
110.73,1076
111.07,1957
111.51,2158
111.27,1645
111,1340
110.9,3510
110.36,1993
110.49,9872
111.04,5947
112.68,2372
111.49,2279
110.73,3915
110.16,3426
110.44,5630
110.03,3331
110.5,4242
111.69,6926
111.49,3183
111.83,3128
112.79,1760
112.09,1958
111.57,2711
111.81,1569
112.6,659
112.79,966
113.03,724
112.95,851
113.35,1649
113.7,1665
114.54,2437
114.55,2601
114.87,4756
115.83,5052
115.43,691
114.94,2581
115.39,2194
114.81,2757
114.84,4817
114.36,3301
114.21,2251
114.21,1745
114.14,2073
113.73,2719
113.38,2069
113.58,3720
113.83,4476
113.64,13688
113.84,1693
114.03,1234
114.81,1639
114.98,2751
114.14,3596
114.61,2582
114.39,2764
114.56,2593
114.42,2062
114.7,2028
114.22,2286
114.24,1053
114.52,1759
114.93,1054
114.92,707
115.01,590
115.2,1862
114.98,2161
115.33,1734
115.5,2125
115.44,1857
115.61,2443
115.42,2341
115.12,3057
115.3,1835
115.42,1590
115.41,1479
115.4,1720
115.29,856
115.38,2323
114.74,1707
113.8,1339
113.81,1433
113.5,2637
113.37,1477
113.77,2057
113.7,3055
113.95,4254
113.71,10660
113.84,2118
113.68,2244
113.01,5138
112.26,3284
112.45,1057
112.5,3123
112.3,1305
112.75,697
112.9,1664
112.91,2691
113.2,1091
113.24,1601
113.77,978
114.2,979
114.33,1440
114.49,4598
116.4,2721
116.43,3530
116.34,5007
116.38,2286
116.25,2635
116.49,2654
116.48,1737
116.83,2625
117.11,2953
117.24,2180
116.89,1580
116.9,2503
116.55,1605
116.99,2298
116.63,836
116.14,1403
116.46,1628
116.62,1861
116.94,1117
116.41,1605
115.69,2493
115.99,1300
116.3,5666
114.93,3422
114.71,7208
117.1,5632
118.51,10695
119.15,2206
117.32,1755
117.39,1166
117.33,979
117.68,862
117.47,501
117.47,0
117.18,513
116.88,207
116.61,1405
117.12,1326
117.06,3703
116.83,456
116.91,385
116.92,685
117.09,655
117.01,966
116.97,313
116.95,1368
116.75,1916
116.69,1813
116.84,3417
117.1,312
116.9,492
116.64,1218
116.04,1341
116.31,293
116.4,536
116.03,1359
116.61,1501
116.93,1460
116.82,868
116.57,2342
116.81,1513
117.07,7298
122.44,21615
125.14,9772
123.39,6345
123.52,9170
123.32,3535
122.88,2229
123.75,5962
124.95,1634
124.24,1568
124.94,2736
123.83,933
123.96,631
124.81,923
125.06,642
124.48,1543
124.78,370
124.63,732
124.63,725
124.02,250
123.97,343
124.24,587
124.43,884
124.73,101
124.71,1838
124.15,1284
124.2,668
124.31,513
124.02,1037
123.67,2300
122.89,745
123.15,1194
123.05,708
122.97,999
123.73,823
123.67,1731
123.82,527
124.07,3078
123.83,3519
124.33,8005
125.44,8623
126.59,5298
127.72,4544
127.55,5504
127.6,2264
127.64,6252
127.86,1993
127.59,1158
128.07,2211
128.2,1495
127.77,1023
126.67,2080
125.97,1224
126.01,542
126.55,845
127.32,1903
127.25,2209
127.23,1600
127.33,2076
127.29,732
128.04,2393
127.38,181
127.44,1758
126.89,3616
127.31,3630
127.08,2339
127.05,4449
127.03,4192
126.81,4530
127.08,3331
126.96,5022
126.87,3458
126.85,3975
126.58,7396
126.7,6824
126.48,5712
126.27,9702
126.45,12518
126.72,8194
131.13,18064
132.98,7094
133.29,4081
132.93,7024
133.32,2142
133.66,6411
134.49,6911
133.36,5018
133.79,5423
135.13,6163
133.17,1736
133.47,19162
132.98,8069
132.86,6537
133.09,1536
133.33,2286
133.02,2941
133.35,3105
133.56,2707
133.27,2133
133.57,1133
133.49,2664
133.32,1595
133.4,1330
133.06,2069
133.26,3565
133.32,1965
133.79,2048
133.67,4413
133.19,1374
133.52,1835
133.22,10477
132.95,16297
132.6,3916
132.91,3977
132.79,3113
132.82,5921
132.68,7160
132.78,18318
134.31,1680
133.5,1882
133.49,2278
134.71,7130
135.05,1084
135.51,1957
136.7,1691
136.71,2207
136.82,6022
136.87,3113
136.81,1719
137.51,2721
137.04,419
137.47,2095
137.31,8537
136.91,3823
137.22,6260
136.87,957
136.28,4138
136.04,856
136.14,585
136.48,1148
136.54,1206
136.28,1247
136.66,389
137.08,734
137.38,3484
137.51,5521
137.47,15003
137.27,4271
137.53,16388
137.44,5263
137.5,3508
137.48,6326
137.04,13884
137.1,4784
137.72,5315
137.26,5802
137.24,13128
134.25,15367
133.17,17045
132.11,3975
131.44,3205
131.1,2704
131.36,1158
131.15,858
130.58,796
130.65,2556
130.49,1581
131.14,3109
131.07,1419
130.83,1612
130.46,558
130.22,970
130.48,472
130.59,345
130.43,963
130.1,1891
129.78,3677
129.06,2012
129.38,1670
129.09,1417
129.03,1450
129.36,2941
129.32,856
129.17,2145
129.26,2980
128.99,1799
128.79,3228
128.47,8229
129.07,3248
128.65,2340
129.04,2476
129.07,3179
128.85,4227
129.19,6644
128.7,7398
128.61,17669
117.14,28472
113.74,19585
112.13,4751
112.71,10655
111.75,19595
110.19,21050
109.93,36525
110.96,8191
112.37,9500
113.12,11187
112.44,17969
111.44,2751
111.66,2190
112.74,8694
113.12,5763
113.22,7309
113.07,8362
113.76,10557
114.26,4023
113.42,4274
113.3,8445
113.13,6358
113.3,8633
113.1,12187
114.17,3511
113.13,3906
112.74,4196
112.61,5500
112.22,6374
112.56,5343
112.61,9200
111.99,10946
111.1,26045
110.14,26881
110.02,32082
109.1,28084
107.85,49791
107.04,83980
105.76,202282
106.25,49727
107.33,14334
107.12,7651
107.82,14217
107.89,11108
109.26,16402
109.05,10459
109.76,15221
110.93,8210
110.04,10932
110.07,4043
110.4,5611
110.46,20953
111.45,5776
112.11,7113
112.75,10166
113.53,7325
113.9,4697
114.54,3221
114.53,7575
113.47,18062
113.85,4292
114.1,4732
114.47,3835
114.1,8431
113.55,6583
113.63,6353
112.76,2843
113.5,2525
112.82,4451
113.27,2982
113.36,4101
114.37,3801
114.12,2893
114.27,3515
113.89,2608
113.84,6594
113.59,10848
114.34,17336
114.4,6538
117.52,4423
117.42,4994
116.2,3995
115.75,2771
115.26,3033
115.47,1776
115.95,4857
115.32,3135
115.15,2373
115.53,666
116.22,1855
116.32,2071
116.57,713
116.7,674
116.48,557
116.9,387
116.71,1071
116.57,2139
116.47,1364
117.06,1997
117.4,2485
117.91,1605
118.22,2506
118.29,1618
118.49,210
118.42,2112
117.79,2089
117.35,1823
117.65,999
117.48,1319
117.34,937
117.12,480
117.15,1334
116.99,845
116.85,3095
116.83,5547
117.08,8794
118.13,14410
118.65,6691
117.61,3788
117.73,3271
116.34,972
115.8,3232
115.21,1675
115.43,1527
115.95,2147
115.25,986
114.97,882
114.73,2545
116.31,680
115.91,3277
116.34,1216
116.18,1551
116.65,3011
116.33,2568
116.04,1768
116.08,2834
115.86,994
115.46,1902
114.94,612
114.88,3300
114.97,548
114.41,1224
113.79,5238
113.72,2137
113.91,868
113.92,915
114.13,1803
113.96,5238
114.11,801
114.29,24286
114.27,2383
113.79,1968
114.09,4139
113.92,3585
113.76,5605
114.35,12352
115.4,13424
118.32,3860
118.08,6728
118.1,14110
118.92,1707
119.33,2468
119.54,4693
119.48,3114
120.28,2290
120.45,1704
120.27,2078
119.71,2912
119.54,5345
119.2,1755
119.29,647
119.41,1499
119.49,1547
119.57,2715
120.27,6433
120.51,5543
120.65,3855
120.42,796
120.56,1395
120.35,1469
120.54,1632
120.22,988
120.59,1012
120.38,571
120.13,669
120.31,2160
120.24,1438
120.59,726
120.63,951
120.63,2082
120.92,1572
120.58,2400
120.16,2895
120,7062
119.83,11335
122.41,16224
119.9,8071
118.87,10414
119.56,7225
118.05,4725
117.93,1796
118.06,2302
117.3,2130
117.86,1377
117.72,1271
117.47,2051
117.89,2024
118.24,1861
116.98,510
117.01,540
117.42,2588
118.35,1081
118.2,3686
118.09,5988
117.53,2213
117.31,2130
118.17,3114
117.73,1415
118.53,453
118.68,1263
118.65,1332
118.19,1102
118.46,1279
118.68,1502
118.81,1927
119.01,1803
118.88,647
118.83,1803
118.93,2049
119.31,1934
119.12,3021
119.01,2721
118.52,3070
119.39,9842
118.3,3305
120.23,1831
120.16,2440
120.02,2567
120.18,2315
120.84,1351
120.36,656
120.13,2405
120.05,948
119.89,621
119.87,2424
120.51,100
120.77,401
120.75,432
120.72,100
121.04,110
120.88,449
120.96,690
120.92,540
121.13,120
120.62,654
120.84,1001
121.07,300
121.86,3222
121.91,382
121.73,646
121.55,929
121.42,2727
121.16,2017
120.73,1522
121.16,1448
121.17,1472
120.95,1317
121.35,534
121.4,712
121.3,2019
120.86,2562
120.77,4002
120.69,9388
117.46,6806
116.9,4268
116.01,2672
115.7,5216
116.89,3744
116.53,1558
117.42,1088
116.69,1821
116.67,961
116.57,600
117.83,1548
118.03,2106
117.93,2332
118.25,1009
118.67,2360
118.91,1416
117.93,364
117.76,323
117.08,2355
117.59,604
117.83,595
117.67,888
117.52,431
117.22,620
116.97,329
117.26,517
117.67,860
117.95,801
117.99,1495
118.02,2664
117.28,1792
116.9,1972
116.7,2025
116.68,11501
115.95,3998
115.43,2284
115.37,4469
115.63,5402
115.67,10325
114.86,2546
114.2,1373
113.67,2572
114.2,6464
114.76,6136
115.14,2547
114.55,740
114.67,2416
114.5,1546
114.5,2242
114.73,674
114.59,315
114.59,705
114.65,686
114.5,717
114.51,991
114.84,986
114.82,905
114.9,1351
114.48,411
114.03,936
114.13,488
114.56,1475
114.86,1577
115.7,2958
116.21,1854
116.22,4527
116.38,2525
116.73,704
117.18,1518
117.03,1414
117.69,2655
118.07,3298
118.27,4897
118.51,1678
118.11,3450
118.49,2359
118.11,1313
118.19,9070
119.41,3501
117.12,1637
116.6,1052
117.31,2423
119.15,1778
119.64,1703
119.29,664
120.11,1062
120.05,1269
120.22,1349
119.61,472
119.91,2079
120.31,1920
120.2,542
120.19,2151
120.42,1592
120.64,997
120.83,1757
120.77,1207
120.78,1622
120.96,1913
120.73,622
120.47,378
120.48,929
120.43,700
120.64,1015
120.62,1238
120.54,1741
120.54,931
120.58,675
120.71,862
120.67,873
120.69,785
120.52,711
120.34,420
120.33,434
120.34,1417
120.57,3080
120.27,6027
117.37,1136
118.21,1461
117.15,1159
116.86,7148
117.12,1935
117.12,774
116.91,1617
117,1904
116.97,2026
117.19,2404
116.71,241
117.06,2448
117.4,1224
116.95,1473
116.78,1296
116.32,3496
116.63,1307
116.43,2616
116.69,5262
116.66,2111
117.07,827
116.99,1136
116.96,461
116.83,159
116.8,688
116.94,5710
117.35,941
117.36,1094
116.69,2197
116.73,305
117.04,412
117.11,1478
117.11,1069
116.52,504
116.53,1317
116.62,2471
116.44,1775
116.76,6343
116.35,8751
115.97,1755
116.21,1433
117.12,2288
116.58,2937
116.95,4003
117.57,2112
117.79,1505
117.81,610
117.81,1410
118.2,906
118.52,1166
118.74,569
118.46,2506
118.48,659
118.01,300
117.94,998
118.14,603
118.78,204
118.68,932
118.7,200
118.53,201
118.3,150
118.37,603
118.59,201
118.77,1486
118.77,0
118.8,1681
119.39,5316
120.02,1398
119.75,1478
120.06,1194
120.37,1481
121.16,907
121.44,1325
121.64,1606
121.93,2346
122.03,2122
121.29,2600
120.62,9865
121.64,1578
121.65,3216
121.6,2229
120.93,940
120.82,1218
120.36,1046
120.34,2216
120.47,2255
120.46,2156
121.01,3194
120.93,2121
120.95,1147
121.24,4123
121.42,810
121.64,922
121.78,723
122.1,660
122.27,1655
122.27,0
122.02,1134
122.32,407
121.83,302
121.93,498
121.75,269
121.87,312
121.94,100
121.83,801
121.55,377
121.53,748
121.45,606
121.35,842
121.17,1516
120.9,1257
121.1,1038
121.3,2845
121.25,1272
121.13,1431
121.03,3015
120.69,11161
117.78,4664
119.18,1506
118.72,2546
118.89,6385
118.39,1985
118.34,3150
118.12,4504
117.96,2476
118.33,1063
118.1,1726
117.94,1351
117.84,1820
118.31,990
117.7,934
117.76,1269
117.1,1813
117.01,1395
116.84,1017
116.99,671
117.14,405
117.05,986
117.11,1314
117.18,529
117.37,493
117.44,353
117.36,579
117.48,361
117.55,835
117.43,666
117.52,632
117.43,684
117.21,802
117.17,933
117.15,873
117.09,1078
116.97,651
116.91,1429
116.79,1749
117.01,4978
116.49,2628
116.69,1706
117.59,614
116.99,1533
116.41,1739
116.22,1659
116.03,2857
115.72,2037
116.04,2815
115.97,1336
116.25,812
116.21,1466
115.96,1556
116.02,1929
116.04,1703
115.91,1403
115.88,1776
115.78,975
115.53,1810
115.14,510
115.43,884
115.33,1067
115.17,130
115.19,835
115.12,1589
114.86,621
115,578
115.19,865
115.33,223
115.18,205
115.32,685
115.25,370
115.14,456
114.8,1946
114.42,1696
114.37,844
114.37,1109
114.46,1883
114.59,8742
115.24,18388
115.26,6396
115.57,6711
115.17,3220
114.55,2347
114.27,3154
113.72,4584
113.84,2518
114.33,823
114.58,1325
114.43,3541
114.6,1339
114.95,3533
114.98,2304
115.42,1128
115.5,1205
115.82,862
115.5,798
115.78,1318
115.91,1128
115.84,1432
115.64,366
116.24,260
116.27,952
116.21,1215
116.09,708
116.02,494
115.88,154
116.05,731
116.09,201
116.07,288
115.66,479
115.84,335
115.72,212
115.65,109
115.63,1040
115.34,1465
115.5,4392
114.92,11239
116.08,3034
116.77,1461
117.68,4118
118.4,6821
119.05,2082
119.1,7775
120.04,5644
120.32,2212
120.11,3600
119.95,2380
120.27,1349
120.28,3596
121.19,5186
121.35,9563
122.57,3324
122.8,9222
123.42,4557
123.09,3222
123.57,4254
124.02,4898
123.94,4319
123.34,4837
123.71,2630
123.93,2044
124.11,3165
123.71,1896
123.68,2616
123.57,1795
123.36,1226
122.96,1536
123.7,580
123.38,601
123.71,1367
123.4,1919
124.02,1591
123.99,1426
124.19,1504
124.01,2936
124.13,7252
124.71,4734
126.58,5535
124.33,1872
124.45,2306
123.69,1346
122.97,1770
124.15,1497
124.3,1583
125.2,766
124.9,3470
124.2,725
124.71,211
124.59,471
124.44,939
125.22,1180
125.26,355
125.5,490
125.5,674
125.36,300
125.42,1357
125.37,863
125.43,211
125.41,878
125.28,629
125.56,534
125.95,693
125.94,210
126.03,724
126.37,2522
126.94,2228
127.14,1164
127.03,1772
126.9,3246
127.16,3083
126.87,1966
127.1,2376
126.71,4069
126.17,2936
126.42,60036
128.14,2023
126.77,2316
125.32,4398
124.31,3015
124.24,1996
122.81,1174
122.72,2698
123.89,1115
123.78,551
123.92,208
123.72,302
123.77,996
124.07,1119
123.8,1757
123.66,102
123.27,1856
123.52,1215
123.65,713
123.81,322
123.76,723
123.93,556
123.64,2110
123.23,1370
123.05,666
123.13,919
123.64,200
123.67,102
123.83,306
124.12,868
124.27,907
124.39,1422
124.45,1008
124.24,1297
124.13,1217
124.45,1351
124.59,927
124.53,1903
124.86,3484
124.73,11706
123,4435
123.03,1673
121.94,5398
121.81,1601
122.94,888
123.01,2147
122.27,1463
121.55,1810
121.8,1139
121.57,1529
121.55,1163
122.19,500
121.53,100
121.53,0
121.88,551
122.15,1128
121.67,2096
121.46,1097
121.42,635
121.81,293
121.97,469
122.19,1028
122.02,251
121.8,673
121.88,524
121.98,1126
122.59,797
122.57,954
122.72,717
122.57,419
122.56,419
122.85,1704
122.86,100
122.79,1204
122.96,1748
122.89,899
122.97,5026
122.73,2937
122.12,7965
123.4,1383
122.36,1018
121.48,449
121.88,3288
121.82,200
121.91,1981
122.23,985
122.69,161
123.18,2715
123.4,402
122.96,336
123.05,466
123.23,707
123,731
123.35,855
123.52,1041
123.82,333
123.93,301
124.1,1050
124.05,791
124.4,1005
124.02,513
124.64,101
124.8,1128
125.24,1292
125.18,896
125.25,479
124.59,434
124.5,301
124.57,201
124.43,212
124.56,1156
124.42,1170
124.45,896
124.12,1313
123.95,105
124.28,1829
124.52,1544
124.68,16535
126.2,4612
125.21,1554
125.8,741
125.97,869
125.04,621
124.49,1312
124.58,1337
124.35,100
123.64,554
124.04,277
124.11,1280
123.73,1221
124.08,622
124.08,325
123.77,699
123.88,332
124.24,550
123.85,402
123.85,0
124.01,351
124.02,892
124.12,2109
123.89,634
123.48,1038
123.57,511
123.68,719
123.35,611
123.16,2232
122.15,3339
121.48,1261
120.75,4293
120.36,3192
120.28,1308
119.15,2689
118.71,7068
118.09,2697
117.45,6764
117.29,3880
117.62,17883
115.84,3416
117.05,550
117.05,0
118.12,610
118.31,513
118.68,1211
119.15,768
119.01,701
119.18,566
118.74,898
118.04,3309
117.07,2201
117.66,1590
118.14,2193
118.13,653
118.75,861
118.8,452
118.79,449
118.84,100
118.7,249
118.91,249
118.74,302
118.61,468
118.57,303
118.79,728
119.11,323
118.55,202
118.36,435
118.36,0
118.98,402
118.44,200
118.48,102
118.35,602
118.5,816
118.91,774
119.12,727
119.13,874
119.1,965
119.29,5512
121.33,1272
123.9,5074
123.56,1594
122.5,3320
122.89,2163
123.14,3260
124.45,6050
124.85,2757
125.37,1632
126.29,439
126.47,1874
125.64,3984
124.37,3213
124.43,954
124.25,105
124.45,1109
125.07,1986
124.97,2038
125.64,1708
126.39,1020
126.89,3195
127.21,3332
126.92,1550
127.11,1965
127.17,3421
127.28,2142
127.34,3747
128,1197
127.82,1098
127.71,1435
128.1,2537
128.28,1315
128.06,2292
127.94,2227
127.76,1497
127.78,3254
128.09,4102
128.14,3418
128.25,8729
128.59,14402
128.63,3710
127.53,4051
127.05,4196
125.48,7287
125.39,5904
125.09,8336
124.2,6464
124.02,5686
124.06,6763
124.07,4026
123.8,3332
123.06,5619
123.96,5959
125.24,3733
124.51,3567
125.03,2309
125.01,1814
125.2,1655
124.81,2951
124.2,2231
124.22,5668
124.57,4280
124.35,3224
124.64,3819
124.79,2711
125.03,1407
124.72,3401
124.37,2077
124.69,2174
124.39,2869
124.51,1232
124.6,2568
124.4,2212
123.95,3445
124.54,4760
125.04,5458
124.75,6257
124.62,25137
124.87,13795
124.82,9366
124.66,4694
124.86,9655
123.9,8044
123.59,7189
123.43,3354
123.41,2390
123.3,3018
123.14,4513
123.48,5438
123.59,2673
123.85,1500
123.29,2016
122.48,1481
122.68,1179
122.14,3087
121.81,1935
122.43,3843
123.7,2408
122.9,1487
122.95,1984
121.9,2263
122.68,1108
122.75,1365
122.16,1789
122.47,1998
123.2,3639
123.54,2231
122.31,948
121.89,2796
121.69,980
121.78,2417
121.36,1849
122.14,2300
122.82,1851
122.55,3241
122.25,3758
122.81,7298
124.08,7736
125.36,4175
124.17,2953
123.7,5527
122.49,4118
121.68,3151
121.45,3805
122.57,2016
122.1,1833
121,1564
121.21,2939
121.61,1917
122.02,1497
122.55,661
122.85,380
123.99,742
124.08,2329
124.16,652
124.03,1381
124.05,577
123.71,1151
123.99,1180
124.67,2041
125.22,4431
125.46,3179
125.02,854
124.74,2482
124.97,1711
125.29,1328
125.02,1634
125.08,1502
125.55,2963
125.41,2503
125.05,1293
125,1403
124.51,1121
125.16,2343
125.4,4022
125.36,8890
126.07,3527
123.44,2732
121.45,5415
120.05,5171
120.59,4581
120.14,630
120.31,466
120.09,661
119.72,276
120.01,1748
119.62,235
120.32,739
120.98,978
120.51,1762
120.46,754
120.64,504
120.54,1281
120.34,1609
119.79,1013
119,1915
118.88,100
118.89,853
119.07,312
118.52,602
118.39,905
118.44,3142
119.29,532
118.87,943
119.21,411
119.05,1078
118.55,1816
118.36,850
118.66,453
118.19,837
118.2,1042
118.11,210
118.16,1074
118.29,3189
118.42,7100
119.34,858
118.46,686
118.89,1344
119.82,1031
118.34,902
118.85,450
118.67,611
118.31,355
118.08,222
117.58,681
116.84,739
116.78,1225
117.78,885
118.69,539
118.48,827
118.71,694
118.57,630
118.45,207
117.65,201
117.88,849
117.8,201
117.72,290
117.74,200
117.25,774
116.69,234
116.96,473
116.93,947
117,310
116.25,103
116.13,625
116.43,222
116.52,1157
115.89,581
115.88,1127
116.15,633
116.22,795
116.28,332
116.18,2049
116.18,5753
113.25,2281
112.2,4462
112.79,2998
113.12,2246
113.62,1131
114.78,3730
113.37,4827
112.73,3524
112.68,2810
112.24,1174
112.24,2261
111.64,1152
111.32,1571
111.42,2398
110.87,1165
111.02,1951
111.29,791
111,1428
111.29,312
111.63,2733
111.88,812
111.51,977
111.5,1216
111.59,1023
110.7,396
111.17,414
111.08,1060
110.93,1685
111.46,780
110.25,1200
110.09,1423
110.44,1444
110.91,1196
111.26,678
110.81,1021
111.08,2028
111,3281
110.67,3810
110.7,6138
111.61,1807
112.49,1437
113.56,1850
112.85,3059
112.75,2308
112.54,918
112.49,1989
111.98,970
111.87,1054
111.79,1183
111.51,960
111.55,858
111.76,1202
111.92,713
111.81,547
111.82,3644
111.33,818
111.54,4074
111.41,1176
111.65,1071
111.19,372
111.23,1124
111.44,1426
111.74,270
111.9,1427
112.18,747
111.79,1320
112.37,2157
112.4,3365
112.16,521
112.06,596
111.93,1393
112.28,1300
111.34,748
111.23,1337
111.42,1219
111.16,2227
110.85,3126
110.79,8454
110.54,7227
107.62,5086
107.75,1836
108.23,2382
108.62,1909
108.48,549
109.08,1981
108.72,5499
109.7,1917
109.49,976
109.65,1843
109.94,2461
109.72,1883
109.39,2269
109.24,2790
109.21,1790
109.41,965
109.47,965
109.47,1549
109.09,505
108.8,1587
108.51,1062
108.27,1820
108.28,3804
108.57,1021
108.01,1787
108.28,2360
107.67,2023
107.25,4087
107.4,912
107.41,1885
107.25,999
107.51,1933
107.9,2636
108.07,1342
108.03,1751
108.12,2347
108.01,3726
108.21,15993
107.54,2045
108.99,663
109.08,901
109.33,1027
109.33,1697
109.77,3741
110.25,2170
109.57,1432
109.56,979
109.76,1679
109.88,1854
109.63,861
109.32,1439
109.53,150
109.64,840
109.57,207
109.07,1198
108.86,1374
109.16,1132
109.47,803
110.08,896
110.54,976
110.46,1200
110.71,1331
110.5,901
110.37,636
110.26,2688
109.72,2317
109.59,1650
109.18,1591
108.78,2364
108.39,4039
108.88,3087
108.77,1660
108.9,1744
109.06,3985
109.17,4199
108.58,6944
108.56,28248
107.51,2591
104.92,3287
106.55,975
106.31,4158
105.99,4343
106.4,2083
106.67,2506
107.16,1384
107.4,2791
106.56,1550
107.08,2006
107.23,1090
107.38,1998
107.41,975
107.71,832
107.3,1059
107.68,402
107.74,603
107.42,1364
107.59,1700
108.08,448
108.07,1016
108.41,1123
108.47,1340
108.81,1278
109.13,1045
109.53,744
109.39,1672
109.23,1631
109.75,1951
109.62,2265
109.37,1201
108.88,1732
109.11,812
109.2,1302
109.12,932
109.07,1576
109.09,2483
108.84,6194
107.31,591
108.83,458
110.06,1551
110,1042
110.47,2521
110.9,1656
110.72,1719
110.76,505
110.52,986
111,1840
110.76,1356
110.81,909
110.69,588
110.78,850
110.4,325
110.58,1896
110.03,950
110.08,692
110.5,459
110.84,386
110.96,740
110.94,603
111.13,627
111.27,830
111.47,2603
111.59,1199
111.39,1284
111.5,1289
111.65,1472
111.29,561
111.36,402
111.85,602
111.61,621
111.19,381
111,547
111.28,1075
111.04,1682
110.81,1169
110.52,6450
109.95,2897
110.28,7025
111.09,2136
110.88,3357
111.19,3924
110.77,2642
110.86,2663
110.74,2340
110.53,5468
110.34,3877
109.59,5219
109.22,5575
109.42,4224
109.18,3322
108.38,1623
108.52,2108
108.76,1993
108.69,987
108.71,885
108.55,1532
108.79,1159
109.19,4301
109.16,1529
109.13,1940
109.05,2996
109.69,201
109.76,1081
109.94,935
109.45,1655
109.39,628
109.42,204
109.67,851
109.74,1552
109.42,934
110.17,195
110.34,1723
110.62,1414
110.66,3235
111.02,9646
109.66,1472
108.49,301
107.91,1136
107.47,6398
108.53,2525
109.42,1000
110.23,1127
108.86,1538
108.45,2693
108.23,2508
108.73,1366
108.32,2336
108.8,1596
108.67,1138
108.67,205
108.67,0
108.67,0
109.1,201
109.01,1029
109.01,0
109.9,637
109.96,744
109.72,392
109.52,603
109.73,421
109.89,382
110.45,384
110.74,1732
110.65,2218
110.65,0
110.31,668
110.23,682
110.22,400
110.48,772
110.95,951
111.45,930
111.3,1199
110.84,2257
110.65,5960
111.27,1576
112.76,2024
113.42,1574
113.33,5161
113.83,2128
113.37,1043
113.09,2686
112.31,484
112.16,3001
112.3,1014
112,1230
111.72,749
111.78,1189
111.82,540
112.23,556
112.44,1340
112.8,211
112.96,731
112.78,1796
113.05,1161
112.96,848
113.11,1990
113.51,1174
113.41,623
113.59,1093
113.09,475
113.09,103
113.09,0
113.25,598
113.32,275
113.26,204
113.13,426
113.3,574
113.36,975
113.34,1456
113.08,641
112.96,1202
112.59,1569
112.4,8366
118.82,7422
120.3,5279
119.71,5497
119.06,4760
119.29,2315
119.08,1769
119.61,2373
119.94,1522
120.24,2068
119.94,766
120.04,2663
119.98,1650
120.38,1703
120.77,803
120.87,1427
120.73,1644
121,805
121.25,633
121.37,890
121.21,563
120.73,406
120.88,941
121.15,723
121.19,1677
121.05,1219
121.29,1039
121.07,393
120.92,1591
121.25,1429
120.9,1688
120.58,1104
121.07,845
121.24,1463
121.45,2546
120.84,1877
120.94,3778
120.71,5912
120.91,5867
121.05,14068
118.5,3418
118.94,1899
119.39,5738
117.74,4009
117.22,1308
116.81,2974
116.43,1669
116.88,1674
116.42,1706
116.58,1374
116.64,2063
116.61,1813
116.54,982
116.21,2723
116.54,1432
116.19,1158
116.15,846
116.65,1388
116.13,2338
115.93,1045
116.02,511
116.1,494
116.4,1143
116.48,633
116.47,719
116.29,809
116.52,786
117.04,278
116.61,1045
116.53,1145
116.23,1097
116.14,1067
115.77,4064
115.89,2404
116,2672
115.76,2496
115.83,3085
116.06,3760
116.12,24767
117.04,2288
118.22,1343
117.94,1650
116.77,1955
116.58,1629
116.75,2255
115.29,3728
115.11,3599
115.54,6550
114.88,4752
114.32,2220
114,1711
113.99,3622
113.89,1876
113.96,1913
114.05,753
114.26,511
114.23,998
114.2,1691
114.27,891
114.2,1381
114.32,1618
114.48,352
114.28,881
114.31,704
114.43,930
114.23,2909
114.63,3273
114.63,2381
114.57,2393
114.77,2356
116.41,4050
117.85,3699
118.37,8035
118.11,2072
116.67,1552
116.71,3110
115.49,2821
115.19,9680
115.05,19242
119.95,17067
118.94,7485
117.83,4464
115.02,14295
117.82,9865
117.78,15076
118.07,9927
119.98,9528
119.76,6324
119.32,4307
119.45,2578
118.91,5098
120.3,7761
119.9,4497
120.93,4402
120.74,5467
119.67,1398
119.91,3838
119.35,5591
119.57,5619
120.09,5569
120.41,3385
120.7,5683
121.14,7106
121.49,4138
121.03,2248
121.1,5114
122.02,6336
121.55,2548
121.64,6760
122,5101
121.64,6974
121.73,8952
121.59,4545
121.69,9131
121.87,11974
119.99,12209
120.24,16845
124.72,1142
123.81,5831
125.48,2711
125.6,1890
124.74,1602
124.72,2440
124.9,5407
125.84,5568
126.01,1047
125.41,1997
124.54,599
124.46,1523
123.89,2623
124.08,1447
123.42,1320
123.59,925
123.52,455
123.52,0
123.59,1722
123.64,1133
123.45,814
123.54,250
123.41,1226
123.39,214
123.57,707
123.28,350
123.36,590
123.97,1248
124.16,451
124.14,201
124.35,769
123.86,301
123.68,482
123.77,674
123.73,1204
123.94,1204
123.83,1860
123.81,2982
123.97,5944
126.23,12421
125.62,849
124.7,627
124.1,1979
123.73,4147
123.77,1968
125.36,1539
125.47,1002
124.95,773
125.13,1690
125.04,335
124.83,353
125.05,1562
125.47,228
125.63,740
125.44,965
125.48,506
125.1,799
124.8,301
125.3,595
125.34,354
125.08,1206
124.96,1092
125.17,660
125.33,1047
125.71,860
125.97,802
126.13,753
125.92,583
126.05,638
125.92,1159
125.88,1649
125.8,839
125.64,1600
125.63,551
125.29,313
125.61,1079
125.83,2283
125.92,6296
125.84,1019
127.19,4700
127.17,6015
128.81,8597
130.67,6252
130.14,2225
130.22,2321
129.03,4065
130.04,1152
129.9,667
129.9,0
129.96,424
129.32,204
129.31,384
129.23,508
129.33,711
128.91,243
128.71,1012
128.26,200
128.23,284
128.23,0
127.95,520
128.14,364
128.14,0
128.28,120
128.29,200
127.99,1045
127.99,1644
128,1197
127.55,2728
127.4,762
127.14,941
127.04,853
126.96,306
126.97,1547
127.05,368
127.02,1445
127.14,1267
127.41,5541
123.68,2324
123.37,2931
124.87,2831
125.22,2506
125.79,781
125.35,781
125.38,609
125.48,1948
125.56,862
125.5,1043
125.49,1548
125.32,514
125.52,1318
125.73,958
125.34,951
125.13,581
125.06,101
125.3,915
125.52,418
125.13,490
125.46,1012
125.27,750
125.5,1594
125.45,404
125.5,620
125.47,574
125.68,552
125.85,516
125.76,841
125.43,200
125.43,0
125.64,207
125.6,841
125.61,226
125.83,309
125.91,1983
126.02,2024
125.96,2249
126.13,3801
126.92,1030
125.2,823
125.22,1270
125.57,667
125.92,709
125.51,1166
125.66,5203
126.68,3070
126.74,1596
126.89,1038
126.95,1507
127.84,2661
127.68,1787
127.76,1013
127.47,1122
128.17,3196
127.75,2176
127.76,610
127.52,489
127.53,158
127.64,393
127.56,766
127.56,0
127.53,200
127.48,336
127.78,308
127.9,429
127.85,1087
127.87,1653
128.35,1822
128.56,582
128.72,1905
128.73,1572
128.59,813
128.96,4222
128.34,3669
128.55,4456
128.33,8635
129.08,19921
128.88,2572
126.09,419
127.1,754
127.07,202
126.36,215
125.81,218
125.94,1234
126.23,1316
125.63,2541
125.49,1631
125.09,1583
125.43,937
125.27,1376
125.41,714
125.35,846
125.47,665
125.39,300
125.29,721
124.94,801
124.91,329
125.11,319
125.19,1112
125.17,171
125.02,823
124.97,568
125.4,200
125.19,353
125.19,405
125.19,621
125.64,736
125.95,413
125.98,462
126.17,121
126.38,827
126.75,834
126.3,1297
126.29,1142
126.03,3138
125.54,9331
126.23,200
127.03,1589
127.17,2274
129.06,2445
128.8,1535
127.61,1966
129.09,1359
129.49,1176
129.43,464
129.21,805
129.24,417
129.12,1007
129.18,1932
128.73,746
128.83,1066
128.96,401
128.63,434
128.42,474
128.15,132
127.88,298
127.76,100
127.83,1055
127.37,230
127.09,484
127.19,253
127.29,100
127.29,0
127.11,218
127.29,1079
127.59,366
127.62,100
127.42,100
127.66,255
127.79,150
127.79,0
127.57,919
126.93,4635
126.87,3938
126.63,10427
128.4,4927
130.45,836
129.88,1157
130.4,2223
130.52,6636
130.02,845
129.95,1567
129.61,1507
129.68,1324
130.96,1512
131.35,2339
130.73,1376
131.14,800
131.26,2315
131.7,1430
131.55,215
131,995
130.77,1506
130.62,250
130.48,639
130.19,131
130.47,683
130.04,629
130.31,3039
130.28,1629
130.15,3424
129.92,2402
130.62,1385
130.61,1058
130.97,1341
131.07,1044
131.21,1691
131.63,1998
131.38,2026
131.07,1132
131.05,2243
130.98,2341
130.91,3498
131.14,6165
131.66,8594
127.16,8908
125.96,11054
124.72,8256
122.85,3052
123,3479
123.29,4016
123.4,5013
123.83,3701
123.85,5268
123.51,3120
124.05,2692
123.63,6189
123.61,4394
123.43,3761
123.14,2198
122.95,2521
123.44,2273
123.23,2168
123.32,3680
123.22,2743
123.21,4341
122.94,1492
123.49,925
123,1295
122.89,1162
123.4,1085
123.48,798
122.97,2723
123.13,111
123.03,2866
122.9,645
122.94,806
122.9,1671
123.14,2869
123.5,1523
123.55,3197
123.45,3720
122.61,12283
124.65,2146
123.4,4366
122.61,1430
122.73,3354
122.99,1673
122.85,928
123.88,710
123.65,1152
123.32,1853
123.17,688
123.72,1094
123.13,865
123.41,610
124,210
124.44,150
124.35,100
124.52,535
124.64,617
124.77,671
124.76,910
124.86,100
124.77,604
124.71,259
124.75,423
124.71,612
124.38,582
124.66,277
124.91,500
124.67,1348
125.34,3380
125.32,684
125.37,1095
125.64,1499
125.38,1514
125.48,777
125.1,599
125.14,741
124.96,1416
124.83,4964
125.21,805
125.48,450
126.12,866
125.67,1595
126.47,4701
127.67,7324
129.23,3347
129.59,3503
129.36,1866
129.15,1247
129.81,894
129.53,1846
128.91,1783
128.93,1501
128.17,1202
128.11,708
127.73,1532
127.62,706
127.81,1332
127.22,531
127.09,485
127.14,821
126.88,739
126.85,423
127.26,862
126.82,1097
126.62,558
126.5,204
126.5,1833
125.74,774
125.88,1789
125.7,1321
125.82,504
125.76,686
125.98,382
126.34,4373
126.66,3485
126.29,987
126.34,6865
126.16,2521
124.12,10537
122.99,5470
122.94,4604
123.29,2907
121.97,1125
122.61,1426
123.59,645
123.58,1176
123.34,201
123.51,1600
123.55,1226
123.54,2610
123.97,857
124.61,401
124.19,117
123.9,682
123.7,729
124.17,2010
124.2,1430
123.65,4440
124.01,1179
123.95,721
123.71,938
123.69,100
123.45,1069
123.86,797
123.52,804
123.28,100
123.45,408
124.12,858
124.54,301
124.74,793
124.91,502
124.94,738
124.84,1295
125.05,980
125.28,859
125.37,5078
124.24,2010
125.96,4805
125.36,1428
123.88,1471
123.89,2825
123.18,1268
123.07,1525
122.73,1742
122.85,560
123.05,485
123.45,397
122.98,1398
123.1,1984
123.15,919
123.29,1363
123.05,1518
123.25,300
123.15,868
122.89,310
122.96,1203
123.55,305
123.19,200
123.01,501
123.21,554
123.23,552
123.23,360
123.5,668
123.48,1436
123.61,1428
123.63,2454
123.44,2295
123.33,1743
123.03,2939
123.14,1435
123.25,2098
122.88,2592
122.61,3046
122.93,1305
122.57,7297
118.71,3571
119.2,1607
120.26,3067
120.87,3840
120.52,1915
121.56,1292
120.89,1334
121.02,1896
121.41,5451
122.94,2481
122.49,1688
122.31,843
122.32,1045
122.21,866
122.1,656
121.89,495
121.9,4728
122.92,2560
123.6,1686
123.21,100
123.21,0
123.25,1005
123.09,319
123.19,655
123.19,1803
123.73,3836
123.3,1528
122.35,4982
122.06,1197
121.41,1059
120.98,2554
120.87,929
120.92,854
121.36,407
121.46,3856
121.11,2762
121.84,6866
121.71,2574
121.56,4947
121.5,1334
121.25,682
120.69,1168
121.06,1873
120.95,2494
120.84,200
120.56,1264
120.58,1191
120.03,1521
120.28,760
120.99,1310
120.73,647
120.54,604
120.75,600
120.44,613
120.8,160
120.85,166
120.7,300
120.7,0
120.9,402
120.48,438
120.48,0
120.04,430
119.88,315
119.8,538
119.75,649
119.48,890
119.18,1052
118.76,425
118.58,314
118.74,411
119,764
118.63,255
118.57,753
118.76,305
118.75,472
118.74,1264
118.69,2590
118.72,7178
121.15,701
121.94,1055
120.81,311
121.07,1340
121.16,1292
121.41,450
121.76,501
121.87,339
122.01,100
121.9,1001
121.63,449
121.82,501
121.64,4950
121.68,620
121.31,320
121.35,100
121.67,400
121.66,1613
122.4,2086
122.32,2871
121.76,606
121.76,0
121.84,343
122.31,534
122.6,2553
122.57,810
122.61,1322
122.51,814
122.4,806
122.49,201
122.61,367
122.72,261
122.7,600
122.65,786
122.53,1541
122.53,0
122.5,771
122.77,2936
123,3236
123.87,2012
122.86,3137
124.72,915
123.41,3221
123.27,4396
124.21,987
124.1,1113
123.79,765
124.04,1067
123.93,718
124.22,637
124.49,201
124.46,1278
124.31,704
124.34,300
124.33,300
124.45,343
124.07,273
123.96,501
124.24,407
124.35,251
124.52,941
124.21,103
124.21,0
124.15,100
123.94,721
123.36,537
123.05,305
123.33,788
123,1361
122.7,675
122.77,145
122.76,615
122.69,340
122.81,935
122.83,675
123.1,903
123.33,1715
123.36,6300
120.69,588
120.58,2392
120.12,3631
120.26,5069
120.3,3555
120.11,1037
119.76,3811
120.21,2160
119.98,707
119.63,1927
119.55,506
119.69,405
120.38,2110
120.19,2494
119.91,503
119.73,210
119.78,400
119.81,325
119.83,306
119.67,703
119.78,721
119.78,359
119.85,578
119.83,200
120.25,408
120.06,324
120.29,100
120.29,0
119.87,320
119.9,203
119.57,307
119.57,0
119.57,0
119.44,106
119.77,967
119.58,3763
119.64,601
119.84,2355
119.74,6017
119.41,1834
120.02,670
120.64,2185
121.3,1060
119.72,1185
120.06,1755
119.36,108
119.42,904
119.41,1144
119.93,1130
119.8,1098
120.56,488
121.06,317
120.78,697
120.92,301
121,528
120.7,640
120.62,446
120.53,216
120.51,100
120.55,101
120.68,224
120.59,596
120.27,515
120.42,700
120.37,421
120.34,859
120.34,125
120.34,791
119.97,230
120.06,400
119.78,1134
119.73,945
119.6,1189
119.56,537
119.54,661
119.49,1413
119.3,1144
119.26,5787
119.8,1182
120.66,1577
120.34,560
120.68,1618
119.61,1000
119.61,781
119.37,3334
119.22,4443
118.62,2298
118.72,2487
118.31,712
118.19,1353
118.05,1855
118,2397
117.83,1556
117,3979
116.79,3627
116.37,1556
116.41,758
116.53,737
116.42,940
116.74,616
116.95,903
117.49,786
117.85,200
118.19,817
118.11,376
117.89,1261
117.98,735
117.87,1068
117.9,638
117.77,825
117.45,214
117.82,794
117.88,814
117.84,1122
117.67,3073
117.2,4264
117.54,17077
120.06,5056
119.32,2642
119.5,1802
119.69,1276
119.19,1536
118.17,2012
117.66,347
118.28,320
116.94,1112
117.39,580
117.67,602
117.67,0
117.05,724
117.14,179
117.14,0
117.03,1016
117.03,0
117.03,0
117.03,0
117.03,0
117.03,0
117.03,0
117.03,0
117.03,0
117.03,0
117.03,0
117.03,0
117.03,0
117.03,0
117.03,0
117.03,0
117.03,0
117.03,0
117.03,0
117.03,0
117.03,0
117.03,0
117.03,0
117.03,0
115.31,951
114.76,564
115.36,1684
115.29,713
115.68,908
115.68,0
115.81,435
115.45,151
115.36,800
115.26,972
115.8,501
116.43,361
115.56,118
115.32,335
115.47,200
115.39,100
115.45,100
115.19,555
115.34,432
115.31,201
115.05,753
114.64,100
114.77,250
114.73,619
114.67,507
114.66,248
114.66,323
114.68,150
114.68,0
114.65,1055
114.66,471
114.58,1074
114.72,877
114.16,906
114.16,0
114.52,414
114.08,882
114.13,1752
114.21,3495
114.87,1391
113.98,1385
113.59,1316
113.89,2192
113.96,1690
114.09,1593
114.36,3601
114.84,2486
115.1,1799
114.62,541
113.92,543
114.48,231
114.92,198
115.2,531
115.2,0
115.74,503
115.85,232
115.8,1896
115.68,558
115.84,204
115.9,635
115.41,1051
115.46,1040
115.71,804
115.51,551
115.31,894
115.29,209
115.21,726
115.26,387
115.25,669
115.18,702
115.21,788
115.27,1057
115.23,913
115.23,890
115.23,544
115.18,450
114.88,4598
114.83,8731
112.42,1695
111.26,1993
111.6,4630
112.45,952
111.7,3032
111.15,1594
111.26,2080
111.07,2784
110.74,2738
110.71,5920
110.88,1340
110.86,2557
111.16,4935
111.63,3757
112.04,1659
112.28,1070
112.04,537
112.18,1257
112.35,1137
112.41,730
112.87,848
113.52,1749
113.64,1157
113.82,1483
114.09,1004
113.91,1209
113.75,1356
113.92,2312
113.24,2416
113.46,1023
113.21,1219
113.4,1249
113.69,590
113.76,1234
113.77,1095
113.59,1062
113.76,3866
113.61,3571
113.82,9922
111.92,1961
113.11,737
112.69,1114
112.75,213
113.11,477
113.14,2183
112.68,498
112.98,523
112.79,1393
112.23,306
112.03,201
111.69,1210
111.7,804
111.64,2806
111.57,1750
111.29,2309
111.25,1525
111.34,2124
111.49,2109
110.97,1567
110.81,761
110.81,1258
110.76,3320
111.15,927
111.02,651
111.05,501
111.28,1006
110.83,744
110.42,1414
110.6,713
110.45,1111
110.45,1171
110.53,787
110.44,919
110.51,402
110.59,1303
110.72,3304
110.77,1463
110.68,8357
109.63,2643
109.61,392
109.88,229
109.88,0
110.35,1005
110.52,417
110.25,505
110.64,533
110.61,736
110.33,1237
110.43,472
110.4,2266
110.8,872
110.59,1391
110.72,2780
110.64,865
110.64,0
110.54,3709
110.47,180
110.42,445
110.33,663
110.07,712
110.22,946
110.35,294
110.33,1020
110.41,506
110.59,593
110.43,308
110.34,1243
110.63,720
110.46,500
110.62,549
110.62,1026
110.65,525
110.49,535
110.67,2232
110.59,3025
110.34,3231
110.01,7232
109.56,341
109.46,3174
108.66,300
108.69,2399
108.93,357
109.19,965
109.16,1125
109.33,564
109.14,523
109.2,602
109.34,1712
109.84,965
109.84,0
109.44,1371
109.45,100
109.48,200
109.65,328
109.32,214
109.29,653
109.46,615
109.46,0
109.29,3600
109.45,497
109.38,333
109.59,820
109.55,1214
109.37,809
109.58,301
109.3,324
109.46,744
109.64,979
109.78,350
109.74,771
109.75,754
109.77,315
109.87,666
109.68,1513
109.94,2536
110.09,7419
113.32,2786
113.57,899
113.07,2329
112.58,1587
111.56,1330
112.04,323
111.71,842
111.28,1181
110.53,295
110.68,110
110.58,200
110.42,5890
110.24,1504
110.27,1025
110.27,0
109.99,628
109.9,673
109.81,1613
109.74,933
109.92,445
110.05,362
110.14,400
110.11,730
109.91,201
109.78,947
109.59,100
109.64,399
109.59,2215
109.19,216
109.42,907
109.66,2118
109.28,1895
109.05,1704
109.06,856
109.04,1184
109.05,1811
108,4500
108.37,2356
108.81,5560
107.65,2755
107.96,1550
106.91,1291
107.44,2855
107.42,2764
107.23,2647
106.81,1376
106.57,2228
106.62,1959
105.82,2988
105.7,6213
105.55,2593
105.59,1374
105.36,1903
105.09,3882
104.7,2435
104.26,2306
104.24,1502
104.2,1857
104.5,740
104.58,639
104.65,2095
104.35,655
104.31,1235
104.36,2384
104.46,1997
104.56,2777
103.98,707
104.39,1830
104.46,1035
104.51,1448
104.35,1223
104.5,1755
104.36,1519
104.42,3220
104.46,2546
104.34,3524
104.16,4423
104.24,24502
103.68,2035
104.02,7322
102.72,4556
102.81,12468
102.06,7346
102.42,5771
101.91,3959
100.82,3094
100.84,3232
100.92,1096
100.91,1714
100.97,717
100.78,1956
101.11,1224
100.67,1858
100.95,671
100.73,2350
100.61,2045
100.21,1803
100.82,1203
100.82,1555
101.02,1058
101.16,727
100.81,405
100.71,1401
100.63,685
100.61,641
100.39,1423
100.37,1953
100.65,1023
100.72,763
100.52,1617
100.56,2002
100.43,1454
100.63,3962
100.55,2959
100.64,2714
100.35,6167
100.13,20069
99.59,4038
99.21,2040
99.73,4411
98.89,7366
98.71,9843
98.28,6036
97.44,3827
97.76,1108
97.41,3080
96.78,3844
96.02,2659
96.47,1703
96.59,977
96.45,1071
96.16,656
96.32,1997
96.64,1187
97.11,2380
96.94,627
96.45,1453
96.59,940
96.77,798
96.51,3768
96.76,675
96.61,2505
96.56,1102
96.79,884
97,2923
97.11,1322
97.09,1415
97.53,2305
97.19,3181
97.19,1528
97.32,1363
97.56,3198
97.65,461
97.53,2217
97.55,3955
97.4,18107
97.9,1600
99.1,7699
99.07,4946
98.39,4027
97.48,1712
97.72,2295
97.49,957
97.82,1206
97.88,729
97.59,1817
97.79,1319
97.57,1882
96.62,1667
96.44,1218
96.78,232
96.15,1645
96.24,926
96.32,2057
96.13,2514
96.07,1433
96.08,3817
95.97,2119
95.93,829
95.93,1089
95.99,629
96.01,662
96.01,0
95.97,643
96.12,686
96.09,1229
96.2,444
96.41,539
96.33,818
96.6,1525
96.12,2256
96.16,1785
96.31,1451
96.67,2902
96.7,10261
94.35,4308
93.61,1610
94.31,2588
93.18,4536
92.78,2023
93.22,7022
93.6,32349
92.91,7574
91.75,9165
91.88,12845
91.84,5060
92.76,6127
92.29,2997
92.44,2442
92.72,1655
92.55,1455
92.52,2245
92.57,1194
92.2,3949
92.02,3859
92.49,1257
92.64,1333
92.42,1688
92.52,1235
92.27,2210
92.3,1326
92.48,810
92.71,1029
92.17,1285
92.32,1061
92.26,742
92.26,769
92.06,1846
91.92,2553
92,1241
91.86,4794
91.58,6265
91.65,6973
91.26,22719
90.04,2877
90.39,1763
91.3,3380
91.07,1169
90.7,1462
90.74,979
91.07,1833
91.36,1228
91.96,3048
92.1,3426
92.26,2342
92.66,1072
92.11,841
91.83,252
91.67,860
92.11,1243
91.95,100
91.75,554
91.82,820
91.94,1562
91.69,204
91.99,202
91.81,735
91.48,1549
91.98,698
92,686
92.14,810
91.68,1092
91.91,625
92,1554
91.7,230
91.48,1858
91.46,1299
91.3,1539
91.32,105
91.3,2570
91.48,6294
91.81,6255
91.73,7016
90.93,605
92.27,1642
91.83,505
91.49,771
91.53,1213
91.48,2074
90.69,6431
90.78,3266
91.32,1523
91.58,1089
91.91,1249
92.39,1120
92.63,1362
92.52,455
92.28,743
92.37,3994
92.45,418
92.47,100
92.6,605
92.47,524
92.3,619
92.38,424
92.33,376
92.4,518
92.52,2152
92.65,800
92.61,1883
92.51,749
92.5,992
92.59,1921
92.79,1668
92.9,894
93.16,2326
93.31,927
93.48,1266
93.44,1699
93.22,2095
93.35,4065
93.28,20419
92.31,2431
92.42,2132
91.99,1617
91.91,4576
91.99,1804
92.32,1745
92.62,4306
92.47,4095
92.79,3597
92.69,2318
92.79,2337
92.55,1302
92.55,2153
93.06,2928
92.87,1353
92.51,2563
92.42,375
92.29,1609
92.01,751
92.02,333
92.01,1011
91.32,1068
90.43,1399
90.25,1448
90.16,1748
90.25,738
90.28,941
90.15,650
90.17,408
90.13,1312
90.13,1450
90.24,1994
89.99,1555
89.91,1213
89.88,1385
90.03,610
90.08,1217
89.97,6195
89.99,14476
92.41,7993
95.8,7808
94.86,4621
94.45,4217
94.49,3107
95.03,3964
94.7,2892
94.69,2775
96.24,6598
95.53,3180
95.74,1372
95.04,922
95.06,3454
95.17,808
95.43,2436
95.76,1816
95.12,1003
94.95,2028
94.96,530
95.15,1398
95.12,202
95.15,1133
96.01,1267
96,1712
96.36,3660
97.03,4711
96.9,2146
96.54,1295
96.55,565
95.98,2146
96.24,1459
96.24,0
96.3,714
96.35,1319
96.26,3422
96.67,5013
96.78,2759
96.75,4654
97.19,10229
95.62,4908
92.62,4344
92.53,2367
92.73,2151
92.78,1953
92.9,5973
94.21,3041
95.23,5195
94.28,2239
93.98,4299
93.66,2872
93.65,1382
94.09,3311
93.83,1261
94.34,412
94.56,519
94.88,263
94.68,100
94.76,583
94.69,1178
94.86,2494
94.81,626
94.99,306
95.76,774
95.38,2170
94.71,988
94.13,4085
94.02,1253
93.59,502
93.35,1073
93.44,702
93.48,502
93.48,2374
93.86,1556
93.68,951
93.85,1625
93.67,2665
93.82,3826
93.9,13016
93.36,9232
91.94,3550
91.29,7679
91.04,3482
91.21,916
91.2,1162
91.46,426
91.5,238
91.52,949
91.27,1148
91.27,620
91.64,937
91.57,1221
91.46,837
91.78,428
91.6,2385
91.48,1266
91.16,810
91.2,4218
90.85,100
90.97,433
90.8,974
90.77,469
91.21,1408
91.3,758
91.25,877
91.25,1077
91.4,1340
91.41,385
91.64,882
91.59,1682
91.52,928
91.41,1313
91.53,1129
91.52,1673
91.86,2929
91.79,5382
91.77,3265
91.87,14364
92.2,1774
93.42,1961
92.84,2291
92.63,1212
92.3,1077
92.37,2311
92.69,1264
93.07,6327
92.88,125
92.77,358
93.26,2623
93.33,847
93.3,795
93.56,334
93.9,1720
93.57,275
93.21,857
93.25,100
93.2,1094
93.16,793
93.17,734
93.26,1311
93.31,127
93.21,205
93.37,577
93.4,269
93.63,250
93.36,473
93.6,1176
93.6,1962
92.99,583
93.31,588
93.32,580
93.12,336
93.24,801
93.5,630
93.78,3717
93.84,4014
94,6415
95.62,9532
98.5,5566
97.15,4860
96.4,2268
96.51,2097
96.57,2374
97.1,2085
96.12,501
95.52,2299
95.17,943
95.42,1495
95.61,1488
95.54,4448
95.78,2210
95.29,2232
94.65,3874
94.62,960
94.86,556
94.84,1026
95.06,898
95.07,840
94.61,832
94.43,1231
93.71,780
93.4,4170
93.31,5495
93.2,980
93.32,714
93.71,1528
93.76,1224
93.71,739
93.68,613
93.82,498
93.97,767
94.07,1680
94.29,617
94.22,3005
94.44,3714
94.45,27336
95.26,893
95.11,2320
94.54,122
94.95,2447
95.72,7105
96.83,2319
96.98,5728
97.1,7022
97.89,1061
97.44,1231
97.82,2565
97.82,1449
97.48,5644
97.48,3923
97.56,4283
97.75,1173
97.86,1537
97.9,1110
97.77,1386
97.37,2432
97.41,5111
97.41,0
96.24,4765
96.08,2405
94.99,1016
95.21,3211
94.84,1355
95.38,1376
95.04,1950
94.41,3835
94.49,2508
94.2,2796
94.81,1546
94.78,738
94.54,1197
94.33,1502
94.91,1020
94.78,1179
94.74,1621
94.85,1006
94.5,828
94.5,594
94.75,857
94.57,641
94.35,1360
94.49,503
94.4,504
94.49,462
94.55,544
94.61,1278
94.52,460
94.35,257
94.39,450
94.45,282
94.39,890
94.53,757
94.67,497
94.59,955
94.68,2231
95.03,3130
95.33,6252
96.56,5658
97.55,5014
97.76,3954
98.04,6305
97.65,5839
97.52,4959
97.3,4245
97.83,2857
98.24,7120
98.13,3142
98.24,2159
98.22,819
96.82,545
96.4,1623
96.41,949
96.34,445
96.48,300
96.22,1890
96.73,3564
96.89,1325
97.27,2027
97.14,1711
97.01,3242
96.98,1808
96.86,1078
96.91,1838
96.82,1404
96.88,471
96.77,685
96.62,659
96.46,799
96.47,990
96.28,2190
96.15,1560
96.32,2114
96.23,3241
96.27,3916
96.42,2838
96.56,10082
94.13,4690
91.47,9129
90.53,4699
90.73,9819
89.71,7577
88.69,5167
88.57,4098
89.39,3616
89.82,5823
89.49,1807
89.62,2357
89.63,2530
89.38,938
89.75,2148
89.87,503
89.91,583
89.74,569
89.52,402
89.92,1019
89.99,4373
90.32,1709
90.19,3304
90.19,932
89.6,941
89.77,1211
89.52,1416
89.56,2674
88.98,3953
88.77,2990
88.8,619
88.57,1690
88.62,2730
88.74,1948
88.71,1902
88.79,2661
88.67,3537
88.46,6227
88.51,7235
88.34,33630
88.63,1971
88.97,2882
88.45,1638
88.11,7388
88.42,4294
89.01,1566
89.03,1721
89.18,608
90.06,485
89.9,2095
90.56,7779
91.77,2151
91.25,2075
91.43,1396
91.94,4834
92.73,4011
93.18,9435
93.67,3924
93.43,3043
93.86,2656
93.24,917
93.33,1177
93.43,2407
93.86,1343
93.75,1893
93.79,3173
93.7,3778
93.65,1326
93.77,1309
93.83,2828
93.51,2779
93.7,1451
93.78,1385
93.77,1939
93.63,716
93.68,1487
93.79,2537
94.01,1108
94.09,12381
95.71,1429
95.14,2295
96.34,1108
96.29,4104
96.72,4240
96.36,4826
96.17,2127
96.29,1275
95.71,700
95.94,719
96.05,509
95.93,875
95.6,1073
95.3,2155
94.98,805
94.48,1937
94.24,1314
94.27,601
94.36,1005
94.68,782
94.46,1790
94.87,1818
94.78,702
94.91,1406
95.01,353
95.62,606
95.49,1642
95.44,200
95.01,951
94.82,1224
95.38,1294
95.34,863
95.04,247
94.86,133
95.05,293
94.88,606
94.94,617
95.14,1030
95.08,4030
96.21,3258
95.63,2589
95.27,1896
94.77,1106
94.82,600
95.04,996
95.25,1804
95.07,1191
94.91,1941
94.57,1431
94.49,1727
94.6,1990
94.38,990
94.51,110
94.4,813
94.32,643
94.17,716
94.16,751
94.13,1268
93.97,529
93.92,727
94.33,350
94.23,923
94.46,712
94.46,3645
94.48,1210
94.22,704
94.24,1293
94.44,1799
94.27,427
94.28,1127
94.43,1202
94.38,1429
94.56,1176
94.71,2056
94.56,1384
94.56,2585
94.51,3113
94.45,14820
91.58,8729
91.11,10496
91.2,2501
91.79,3953
92.31,4177
92.73,1624
92.87,3170
92.17,668
92.71,1044
92.67,2029
93.12,3604
92.92,2150
93.13,1952
93.24,3784
93.51,1376
93.39,1728
93.5,4035
93.59,1992
93.47,1407
93.5,843
93.62,1067
93.06,929
92.81,650
92.76,1406
92.58,1803
92.19,1837
91.76,1918
91.74,2848
92.02,2068
92.16,674
92.13,1639
92.07,1018
91.93,623
92.06,610
92.29,101
92.35,768
92.72,2146
92.68,2572
92.61,7766
92.77,720
92.65,391
92.7,311
92.77,1455
91.56,538
91.79,1413
92.11,1361
92.19,2443
91.66,2420
91.92,1381
91.99,3999
91.48,1918
91.5,3634
91.79,1308
91.74,614
91.97,1291
91.87,1389
91.67,318
91.44,374
91.59,435
92.02,210
92.17,308
92.34,518
92.49,951
92.54,1140
92.86,200
93.16,312
93.28,3837
93.66,3936
93.58,4167
93.87,1505
94.18,2453
94.22,1740
94.41,1982
94.45,3799
94.76,1626
94.82,1602
94.83,2022
94.45,5229
94.05,862
95.92,451
95.74,715
95.54,3495
94.66,1251
94.35,824
94.47,858
93.76,982
93.45,531
93.4,638
93.02,2186
92.78,503
92.7,1759
92.08,3552
91.76,1766
91.71,2652
91.3,3019
91,2610
90.79,2967
90.12,1677
90.23,2295
90.06,1652
90.15,563
90.24,1637
90.91,505
91.17,1636
91.38,523
91.46,412
91.69,817
91.77,666
91.94,348
91.92,1302
91.92,1501
92.26,531
92.44,1489
92.31,1202
92.52,1530
92.61,1841
92.47,7784
91.56,1672
91.96,336
93.22,809
94.07,5233
94.09,6191
94.64,2596
93.97,1266
93.46,1084
93.47,1508
94.21,1981
93.69,1298
94.04,1160
94.23,1242
94.13,1237
93.65,1779
93.68,1954
93.44,305
92.57,839
92.81,799
92.38,321
92.28,2622
92.55,1809
92.31,4237
92.75,3739
92.63,2480
92.83,1900
92.57,1227
92.12,650
91.99,452
91.65,1559
91.49,1606
91.37,531
91.12,958
91.52,225
91.01,1205
90.85,1539
90.95,1731
91.09,1424
91.16,5424
89.94,7010
88.49,3313
88.13,1679
88.81,1122
88.7,1151
88.35,958
88.66,702
88.28,1650
88.26,2182
88.49,865
88.74,627
88.91,1442
88.35,511
88.2,1591
88.69,743
88.76,469
89.14,410
89,653
88.82,810
88.83,374
88.73,701
88.77,784
88.53,932
89.03,313
89.13,436
89.69,104
89.58,104
89.7,200
89.58,305
89.29,277
89.26,685
89.07,979
89.01,200
88.88,701
89.14,402
89.14,788
89.07,941
89.07,2163
88.92,7036
89.85,3465
90.57,4254
89.48,2292
88.62,2722
88.93,1619
89.3,268
89.29,1091
90.3,1508
90.11,1731
90.78,1405
90.48,1846
90.33,819
90.22,1306
90.25,1727
90.25,767
90.38,1102
90.14,871
90.32,244
89.82,882
89.94,1351
90.03,2948
90.36,621
90.15,1182
89.99,787
90.11,1306
89.84,1150
90.15,1862
90.04,982
90.15,948
89.96,792
89.92,1589
90,1564
90.48,730
90.45,2187
90.65,653
90.85,819
90.91,1893
90.88,3320
90.66,7639
89.86,100
89.41,1109
89.43,718
88.91,4265
89.21,310
89.06,1094
89.28,1651
89.46,873
89.2,755
89.18,213
89.69,115
89.84,203
89.8,1775
89.67,1114
89.38,312
89.54,382
89.29,105
89.06,722
88.85,300
89.12,326
89.07,311
89.07,0
89.07,0
89.48,1380
89.23,2460
89.17,403
89.3,515
89.47,881
89.51,204
89.51,0
89.45,777
88.96,210
88.78,1332
88.68,524
88.49,335
88.56,2447
88.46,2960
88.36,2485
88.64,5470
88.61,2228
89.76,548
88.86,1986
88.63,3161
88.83,504
88.85,1206
89.21,706
89.02,993
89.78,1577
89.84,1048
89.66,962
89.48,1612
89.86,770
89.73,927
89.65,873
88.99,210
89.12,100
88.9,430
88.76,131
88.26,203
88.2,479
88.21,305
88.1,336
88,1380
88.08,759
88.37,1143
88.42,1019
88.37,101
88.36,406
88.08,1423
88.09,218
88,415
88.11,344
87.98,1276
87.98,1167
87.98,765
88.17,2479
88.08,2580
88.25,12669
87.57,2193
88.48,1821
88.63,1055
87.97,945
87.89,2851
89.26,4745
90.51,4981
89.29,1908
89.54,2018
89.5,1610
89.47,2228
89.82,1561
89.64,604
89.55,1830
90.01,1075
90.27,1408
90.29,3320
90.88,2296
90.83,2175
91.19,2262
91.1,1697
91.44,1659
91.25,957
91.06,2190
91.04,2463
91.01,2250
90.74,913
90.43,1970
90.09,2587
90.24,1909
89.76,2662
89.55,3486
89.33,2271
89.08,1437
89.04,2891
89.24,1373
89.42,5340
89.03,9728
88.62,13768
88.28,2561
88.81,1941
89.64,3260
89.16,3217
88.71,5058
88.36,5011
88.22,6359
88.23,2491
88.16,1036
88.04,4808
88.36,1597
88.43,2686
88.86,2422
89.02,1895
89.06,1243
89.44,1644
89.44,427
89.47,111
89.76,200
89.76,431
89.79,714
89.73,100
89.76,400
89.95,808
90.01,491
89.81,430
89.95,223
90.03,610
90.07,312
89.93,210
89.84,308
90.14,303
90.03,796
89.97,819
90.04,1753
90.14,1325
90.16,1490
89.98,5386
90.03,7728
88.81,4191
87.7,5599
88.14,725
88.87,732
88.83,290
88.64,616
88.17,1079
88.39,1107
88.11,352
88.23,1112
88.29,1005
88.23,1311
88.11,1359
88.2,571
88.49,891
88.45,974
88.49,928
88.32,613
88.25,1038
88.14,703
88.04,1493
88.09,100
88.01,805
88.07,680
88.08,1293
88.34,1097
88.24,200
88.25,881
88.35,200
88.29,448
88.28,321
88.27,945
88.42,1357
88.49,823
88.49,1053
88.65,1490
88.85,2105
88.87,2214
89.03,13785
88.69,3009
89.33,2339
89.66,2395
89.39,3455
88.51,1617
88.18,1508
88.27,1759
88.23,290
88.27,1310
88.58,3012
88.51,1187
88.81,596
88.43,909
88.32,1016
88.08,1842
88.07,1274
88.07,3107
88.12,2681
88.05,1961
88.18,1333
88.28,2544
87.98,1820
88.5,1263
88.81,409
89.21,434
89.15,553
89.22,931
89.21,2566
88.84,407
88.87,809
88.89,870
88.96,1368
88.8,211
88.81,994
88.85,977
89.09,4060
89.41,4491
89.5,6458
89.68,17927
89.07,3983
90.08,2486
89.95,3009
90.43,4606
90.08,4067
90.46,2066
90.48,3053
90.28,823
90.43,2686
90.4,1231
90.62,853
90.86,319
90.65,2401
91.43,3111
91.55,1043
91.8,2668
91.22,3110
90.94,511
91.13,1589
90.9,1010
91.15,714
91.22,791
91.16,265
91.02,1856
90.65,1830
90.7,5460
90.95,2501
90.96,1803
90.89,573
90.97,1697
91.07,3820
91.18,1687
92.39,2236
92.57,3361
92.27,3318
91.19,2886
90.22,2522
90.44,3598
90.17,17399
92.47,8765
93.77,8206
92.29,2682
93.16,6324
92.85,7510
91.67,4228
92.12,3687
91.74,1464
90.97,4649
90.47,6852
90.58,2045
90.89,4168
90.38,3851
90.02,7200
89.59,1354
90.84,1651
90.65,1448
91.63,1886
91.26,1443
90.73,2498
90.76,776
91.43,934
91.02,1213
90.09,883
89.89,1808
90,1005
90.54,1742
91.23,1146
90.47,966
90.22,4538
90.3,589
90.53,2127
90.79,2117
90.1,2014
89.92,2280
89.78,2143
90.07,3603
89.44,3816
90.08,10089
84.89,23557
80.13,10613
82.95,5965
80.86,4632
80.49,3356
80.95,5298
81.29,3835
81.18,3195
81.8,3611
81.71,2016
82.34,1377
82.55,3478
82.12,1126
83.14,2272
84.04,3064
84.24,3709
83.93,1486
83.58,880
83.52,1490
83.3,1156
82.52,1710
82.59,1870
82.09,2958
82.7,1033
82.96,668
83.36,1402
82.97,981
82.67,1082
82.76,543
83,1592
82.97,1963
83.31,746
83,2207
83.49,1895
83.37,1472
83.38,2814
83.82,4116
83.35,3183
83.26,19661
77.77,8768
79.77,9049
81.02,1066
81.4,4890
81.76,4941
80.41,9921
80.45,2163
80.79,2626
80.39,2606
80.41,3770
81.39,6342
81.39,4967
81.37,8562
81.82,10909
82.41,1409
82.6,3060
82.32,1986
81.88,4004
81.66,2308
81.28,1933
81.11,2358
81.32,1549
81.25,5109
81.07,2094
80.66,2325
81.48,4030
81.42,5879
81.03,2841
80.95,2111
81.09,2364
81.02,3978
80.89,4697
80.59,2840
80.25,5357
80.24,7747
80.24,6658
80.71,10512
80.42,13682
80.48,47868
80.17,1593
80.7,3432
80.85,6650
80.84,1839
80.7,4766
80.51,3623
80.68,3518
80.44,2511
80.42,4189
80.42,6856
80.39,6131
79.87,1675
78.75,2194
78.84,1358
78.76,6287
78.93,2183
79.11,3328
79.16,4086
78.8,2044
78.72,3012
78.54,3845
78.73,3491
78.76,1677
78.48,4070
78.74,4417
78.83,3779
78.62,4300
78.59,5111
78.53,4842
78.49,3269
78.59,5311
78.58,4622
78.36,4082
77.85,3570
77.52,2884
78.02,4614
78.11,5003
77.7,4014
77.35,16753
79.84,4175
80.8,4220
81.33,6377
81.25,6015
81.54,3226
81.33,6652
81.07,1313
80.66,4066
81.2,1334
80.86,1988
81.02,7281
80.61,815
80.77,2282
80.75,1000
80.63,1280
80.34,2100
79.85,2045
80.18,1780
80,1161
79.51,1256
79.15,1656
79.06,687
78.61,202
78.69,1195
78.83,2000
78.76,453
78.37,616
78.2,434
77.82,1692
77.76,610
77.84,1714
77.72,1526
77.48,1450
77.42,2511
77.75,2859
77.84,3381
77.25,4154
77.05,3644
77.28,15486
77.16,2681
77.77,3228
77.57,1054
77.21,2205
77.07,1095
77.2,1502
78,1479
78.08,3057
77.9,730
77.83,1481
77.94,1051
78.68,879
78.7,1894
78.68,2131
78.93,1945
78.98,3574
79.12,536
78.99,600
78.79,695
78.77,507
79.03,661
78.6,185
78.61,1622
78.89,618
79.09,5476
79.25,1306
79.22,1129
79.06,2719
79.92,2189
80.2,1679
80.1,1705
80,2185
80.65,2197
80.37,3435
80.21,1208
79.81,848
79.89,3188
79.39,4687
79.45,12615
79.93,3048
79.3,3533
77.86,714
78.17,1011
78.68,994
78.47,2580
78.29,3388
78.57,3579
78.88,5723
78.42,1546
79.03,1196
79.02,2286
78.82,901
78.77,1257
78.52,1178
78.44,851
78.51,853
78.38,682
78.59,726
78.72,1083
78.58,100
78.95,550
78.96,2067
79.05,2562
79.25,422
79.17,330
78.89,907
78.83,734
78.81,677
78.79,1054
78.56,1188
78.46,2229
78.47,2501
78.61,1391
78.7,3496
78.8,1604
78.95,1279
79.07,1970
79.01,9874
79.04,6480
78.12,5954
77.36,3972
76.06,2375
75.71,1010
75.77,6261
75.37,4713
75.63,1681
75.5,508
75.28,3437
74.72,3294
74.36,2834
73.79,3681
73.42,5895
73.15,22853
73.44,1728
73.27,2976
73.42,8188
73.09,13498
72.9,13189
72.98,7447
72.66,1813
72.88,767
73.37,1891
73.37,4140
73.37,3356
73.29,2633
73.39,8030
73.5,7399
73.44,4455
73.24,1479
73.28,513
73.32,3249
73.26,2911
73.42,2289
73.6,1490
73.6,2476
73.62,4514
73.88,18718
74.32,13825
73.84,5132
74.25,4942
73.93,11257
74.18,4187
74.13,2851
73.78,6402
73.98,5173
74.14,5451
74.08,2649
73.64,2727
73.81,9320
73.96,6060
74.11,2952
74.08,3285
74.11,11164
74.86,4268
74.62,2346
74.76,2902
74.5,7493
74.99,4116
75.27,44468
75.17,1851
75.22,1752
75.16,986
74.56,2577
74.64,2412
74.71,1764
74.83,1363
74.67,868
74.7,1668
74.83,1622
74.92,881
74.88,2504
74.89,1910
74.95,3516
74.96,4990
74.92,6048
75.48,25364
73.75,4829
72.51,4352
71.29,5807
70.66,11398
69.86,7604
70.51,3002
70.35,3117
70.37,2195
70.53,2759
70.49,1669
70.21,3193
70.18,9163
70.69,7662
70.74,1305
70.6,2361
70.65,675
70.57,2375
70.51,1654
70.26,1912
70.44,1587
70.4,801
70.46,1054
70.62,664
70.71,624
70.71,712
70.47,999
70.51,1288
70.5,1075
70.6,4367
70.42,1480
70.54,2762
70.59,736
70.63,3370
70.81,1459
70.76,813
70.61,857
70.6,7226
70.47,11232
70.64,22143
71.55,17347
74.21,6778
74.28,2366
73.51,4121
73.55,3234
73.74,4303
74.01,9946
74.49,9606
74.61,9221
74.75,4785
74.71,4460
75.41,10228
75.09,12085
75.07,6669
74.89,5975
74.89,4192
75.52,3280
75.16,4313
75.3,5566
75.34,7392
75.2,4784
75.03,4643
75.11,2797
75,5153
75.08,5654
75.08,6435
76.02,1745
75.84,2355
75.77,1386
75.88,3214
76.09,1569
76.04,311
76.08,1042
76.06,1138
75.95,1072
76.03,1544
76.21,2734
76.69,8605
76.66,23091
76.06,9879
76.66,4725
76.63,9955
77.06,3465
76.33,1308
76.23,822
75.92,1972
75.48,3190
75.24,2272
75.56,1899
75.81,1511
75.5,630
75.67,1100
75.52,316
75.51,644
75.32,711
75.13,639
75.6,410
75.73,1000
75.98,500
76.07,1073
76.31,1581
76.85,211
77.05,401
77.14,547
76.96,866
76.8,527
76.66,411
76.38,138
76.34,1229
76.51,615
76.58,300
76.61,231
76.56,603
76.71,467
76.86,1124
76.69,1261
76.89,2407
76.92,12466
77.31,3695
77.46,3629
77.6,2362
76.87,1774
77.65,774
77.85,628
77.94,2121
78.69,2492
79.11,1818
79.23,2755
80.08,2293
80.1,3160
79.72,1458
79.61,629
79.84,2221
79.51,1417
79.16,1105
79.25,765
79.25,664
79.63,1369
79.85,1369
80.16,1928
80.76,1499
80.39,818
80.27,1442
80,1082
79.81,508
79.94,598
80.02,1640
80,600
80.09,438
80.14,537
80.24,983
80.28,711
80.36,1390
80.39,1727
80.6,1843
80.37,2288
80.39,10081
80.06,10010
80.62,3794
81.61,3669
81.59,6418
81.82,10682
81.9,12938
82.28,10639
82.1,4885
82.23,7350
82.26,2923
81.67,909
81.7,1887
81.56,442
81.88,1413
81.74,1967
81.82,1691
82.21,10242
82.41,3008
82.44,272
82.55,3536
82.66,1895
82.5,3487
82.48,810
82.59,606
82.66,1203
82.6,525
82.86,646
82.04,1742
82.32,1454
82.41,2787
82.39,223
82.52,205
82.43,235
82.44,100
82.46,1555
82.48,938
82.46,4105
82.46,4528
82.12,32521
82.6,1767
83.64,3656
84.58,5885
84.4,6456
83.5,3721
83.74,2921
84.49,5457
85.59,4820
84.98,3073
85.22,6195
85.23,2175
85.44,3637
85.59,600
85.41,2834
84.88,3156
84.7,3949
84.54,4153
84.88,4959
84.51,1928
84.59,2095
84.38,1595
84.51,1493
84.77,4412
85.23,4858
85.21,3589
85.26,1676
85.41,1507
85.36,2420
85.18,2132
85.52,1897
85.63,1517
85.43,1597
85.47,1334
85.51,2928
85.39,1446
85.33,1094
85.58,5727
85.67,2821
85.68,24665
84.98,1825
84.03,2279
83.25,5719
83.67,5724
83.77,7334
83.7,3930
84.3,1473
84.27,2530
84.3,1555
84.29,2055
84.21,1798
83.92,1515
84.36,883
84.17,1896
83.74,2116
84.01,955
84.16,1539
84.41,613
84.49,1129
84.64,431
84.2,359
84.09,1510
84.17,957
84.22,728
84.14,1335
84.08,2981
83.6,1387
83.46,3280
83.9,1604
83.94,338
83.96,1715
84.16,584
84.22,1797
84.16,991
84.29,2559
84.31,2351
84.01,3883
84.18,7564
84.4,37618
84.74,2718
85.63,1416
85.35,848
85.2,2099
85.91,2010
86.36,1560
87.2,1101
86.89,2100
86.43,3078
86.65,1379
87.08,2906
86.8,2206
86.8,2599
87.46,1112
87.16,1362
86.7,857
86.89,1657
87.05,1764
86.91,634
87.14,1303
86.79,1458
87.09,1760
87.29,1441
87.71,2891
87.83,2710
87.91,1970
87.6,1258
87.32,1337
87.3,710
87.29,1450
87.21,506
87.18,1214
86.99,1890
87.12,663
87.07,1781
87.12,2307
87.41,2370
87.1,3377
87.36,25510
88.14,1422
88.18,980
88.02,1309
88.27,1455
88.42,4174
87.43,1188
87.54,1187
87.65,3162
87.17,8704
86.9,2049
86.61,3618
86.13,9119
86.01,1977
86.03,793
86.26,1143
85.97,716
86.1,782
86.44,1486
86.18,549
85.82,1400
86.04,5017
86.24,2980
86.14,5143
86.05,3834
86.15,4201
86.21,1689
85.86,2964
85.99,2980
86.04,1402
85.89,263
86.04,829
86.1,660
85.87,861
86.2,997
86.3,473
86.14,907
85.9,3051
85.93,9651
86.24,45080
86.3,1631
86.34,798
86.48,813
86.52,3789
86.63,2244
86.56,246
86.61,709
86.72,124
86.74,318
86.7,2562
86.37,2148
86.52,1043
86.17,522
86.17,0
86.14,109
86.02,843
86.12,100
86.02,132
85.94,389
85.94,0
85.98,206
85.94,365
85.98,110
85.98,0
86.34,225
86.44,125
86.48,176
86.53,100
86.32,110
86.13,299
86.23,225
86.23,0
86.23,301
86.24,985
86.43,633
86.48,763
86.37,829
86.27,1256
86.04,5838
85.31,10069
85.49,1015
85.9,1013
85.45,1949
85.39,811
85.36,5966
85.27,2186
85.25,3790
85.2,972
85.29,2607
85.23,5337
85.18,624
85.27,1274
85.46,305
85.6,208
85.64,401
85.33,400
85.26,2921
85.21,2291
85.27,862
85.42,418
85.74,553
85.55,911
85.51,545
85.4,942
85.3,1762
85.26,3301
85.2,658
85.33,778
85.31,330
85.27,2013
84.93,3686
85.03,2245
85.52,809
85.45,2043
85.39,2123
85.59,2488
85.19,2398
85.27,11848
85.94,926
84.84,3148
84.81,2965
85.04,2235
86.04,517
86.23,1245
86.92,1333
87,461
86.89,196
86.84,566
86.93,297
86.83,421
87.27,140
87.35,200
87.6,1792
87.95,1838
88.29,1638
88.88,830
88.97,804
88.73,200
88.81,815
88.75,1259
88.68,2077
89,800
88.83,1653
89.43,3584
89.8,1354
89.77,2708
89.72,1881
90.01,1457
89.67,2161
89.22,1434
89.24,2741
89.19,1354
88.93,2042
89.32,406
89.44,1663
89.06,3554
88.83,13075
90.25,3800
91.38,2914
89.71,1046
89.68,415
89.81,1345
89.73,946
89.97,708
90.21,963
89.94,373
89.44,1261
89.26,2933
88.35,2929
88.45,1377
88.29,670
88.55,510
88.47,115
88.58,1208
88.41,1108
87.9,1978
87.34,3689
87.08,1586
87.32,1144
87.25,910
87.27,200
87.36,217
87.31,302
87.4,687
87.4,0
87.28,936
87.09,314
86.89,3249
86.9,848
87.1,1277
87.06,1225
86.96,1571
87.58,957
87.31,3030
87.32,4500
87.27,6057
84.19,5924
83.57,1982
82.46,3400
82.85,2817
81.94,2131
81.78,4544
81.29,5281
80.84,2464
81.09,2712
81.13,3263
81.21,2030
81.19,2468
81.22,1528
81.13,788
81.39,1209
81.58,3526
81.24,2429
80.94,1897
81.27,302
81.41,350
81.37,896
81.55,202
81.66,563
81.79,381
81.59,406
81.64,971
81.42,817
81.24,931
81.32,723
81.15,1389
81.44,1257
81.48,680
81.56,826
81.7,1050
81.72,1489
81.47,3852
81.66,3507
81.34,4006
81.84,16253
81.19,3947
82.19,2410
82.85,3503
83.38,3327
84.43,2232
83.08,1594
83.61,1034
83.72,1854
84.18,1661
84.09,1317
83.72,713
83.4,1595
82.96,204
82.89,663
82.99,671
82.77,1892
82.71,872
82.78,112
82.88,366
83.19,817
83,1059
83.21,905
82.86,470
82.73,340
82.33,374
82.45,2170
82.45,1872
82.39,482
82.36,297
82.22,883
82.22,919
81.74,1600
81.72,758
81.5,429
81.73,642
81.72,1529
81.77,2127
81.81,3621
82.07,13850
82.16,1301
82.02,2626
81.46,450
82.02,1620
81.57,363
81.75,163
81.4,208
81.34,583
81.1,318
80.95,472
80.9,379
81.11,519
80.65,270
80.83,812
80.93,115
80.81,1092
80.95,771
81.02,931
81.22,681
81.36,520
81.21,200
81.23,1610
81.21,521
80.95,479
80.93,426
81.47,207
81.81,224
81.71,5501
81.41,569
81.33,558
81.33,1238
81.35,1101
81.29,1436
80.8,772
80.57,1582
80.6,376
80.9,1758
80.69,1720
80.52,11883
78.42,4383
76.79,9225
77.45,2888
76.98,2307
76.72,2080
76.77,1657
76.23,6274
76.05,847
75.45,919
75.71,6498
75.69,2770
75.44,943
75.28,2737
75.29,4220
75.25,2063
75.26,3716
75.24,4073
74.87,5836
74.41,3333
74.16,936
74.14,2389
74.67,1634
74.83,538
75.04,2163
75.1,3208
74.93,2155
74.69,893
74.7,2866
74.41,6088
73.58,825
73.8,1792
73.48,3884
73.9,1771
74.26,2431
74.4,2368
74.36,1915
74.57,3158
74.63,4942
74.92,9718
75.25,11245
75.28,2199
75.61,377
76.59,3470
76.9,981
76.7,538
76.67,569
76.43,4976
76.34,1945
76.34,0
76.21,851
76.07,757
76.19,1316
76.36,2854
76.76,2668
77.06,4690
77.12,1649
76.65,199
76.74,316
76.63,588
76.49,200
76.51,611
76.41,505
75.89,300
75.9,731
75.9,0
76.6,203
76.36,309
76.22,874
76.37,4173
76.09,2019
75.77,1170
75.93,907
75.93,2596
76.12,1038
76.05,679
76.34,1668
75.95,1427
75.88,5806
75.63,403
74.54,1007
75.15,463
74.9,805
74.55,1358
74.63,311
74.61,405
74.6,775
74.52,1121
74.44,2955
74.15,835
74.17,3335
74.04,5442
73.36,1831
73.24,3380
73.66,3026
73.63,1002
73.64,2627
73.77,585
74.28,409
74.48,423
74.34,1854
74.34,0
74.34,0
74.95,203
74.99,466
75.07,302
75.07,0
75.18,1037
75.2,1125
75.22,2873
75.29,889
75.29,0
75.19,100
75.06,1327
75.21,2049
75.22,1223
75.37,1636
75.87,8106
87.68,45230
86.36,24095
85.07,8495
84.06,2979
84.02,7131
83.46,5632
82.95,4109
82.54,3024
82.31,7484
82.41,6209
82.51,6651
84.03,2532
83.85,3616
84.69,2262
84.57,2669
83.77,1713
83.55,1756
83.75,641
83.57,750
83.49,1406
83.15,2205
83.59,2014
84.43,2127
84.65,1324
84.67,2266
84.13,1492
84.6,1051
84.49,1532
84.6,2279
84.67,2356
84.77,4258
85.68,8180
85.86,4736
86,4731
86.36,7132
86.66,4052
86.7,5461
86.53,9312
86.63,19567
86.57,2413
85.7,953
85.14,2499
84.98,5378
84.9,1520
86.03,1399
85.68,3548
85.24,3045
85.77,2256
85.4,4522
85.82,679
85.46,1509
84.86,1458
85.09,2154
84.44,2558
84.63,3712
85.23,750
85.11,315
85.04,984
85.1,625
85.39,714
85.6,729
85.77,2181
85.46,397
85.67,1068
85.9,652
86.09,440
86.07,822
85.78,1152
85.92,1264
85.85,831
85.86,1594
85.5,2230
85.28,1606
85.57,824
85.57,3149
85.92,6031
85.72,4688
85.47,15462
86.31,6180
86.88,1760
86.45,827
86.59,2145
85.58,781
85.57,1435
85.6,1525
85.28,2188
85.29,1868
85.22,2446
85.17,1796
84.45,828
84.51,1356
84.69,1611
84.36,1180
84.33,786
84.41,645
84.46,566
84.21,1165
83.85,683
83.76,726
83.98,109
84.54,1057
84.69,684
84.3,4201
84.21,955
84.09,642
84.09,1076
84.09,0
84.98,361
84.95,710
85.11,237
84.95,326
84.93,315
84.94,328
85.12,756
85.08,2384
84.94,1931
85.16,11028
86.02,706
85.5,476
86.05,100
86.24,1404
85.51,209
85.53,567
85,732
85.26,467
85.54,367
85.45,813
85.69,1025
85.69,0
85.64,1048
85.6,1611
85.56,2106
85.61,885
85.49,751
85.46,1084
85.51,334
85.66,434
85.49,214
85.68,1258
86.45,2790
86.3,3188
87.15,1249
87.54,2629
87.42,1418
87.07,407
87.1,876
86.78,100
86.88,1231
86.94,1024
87.35,511
87.3,272
87.37,2019
87.24,1714
87.04,2516
87.16,2508
87.33,8952
87.33,0
88.38,974
88.12,849
87.86,1450
88.4,102
88.66,471
88.81,341
88.58,2753
89.26,1189
88.73,381
88.71,833
88.58,1222
88.59,1148
88.46,312
88.53,279
88.87,840
88.73,1178
88.7,775
88.76,790
88.71,1300
88.25,1084
87.86,227
87.71,518
87.69,1049
87.86,211
87.8,433
88.07,377
88.24,909
88.47,722
88.06,506
88.2,479
88.23,811
88.04,1822
88.04,0
88.02,722
87.93,7493
87.98,3117
87.75,4775
87.66,14341
88.27,844
87.8,194
87.7,208
87.01,4006
85.68,3088
85.23,4791
85.51,1728
85.07,4381
84.96,2994
85.23,5454
84.87,3991
85.14,547
84.78,1567
84.7,1336
84.77,579
85,1272
85.41,335
85.51,1054
85.63,2779
85.49,1222
85.54,374
85.27,3155
84.05,2137
84.37,1645
84.72,1734
84.66,2788
84.6,1492
84.36,7623
86.09,4043
86.15,2373
86.64,8854
87.05,2266
85.88,4574
85.25,1293
84.05,2100
84.95,2781
84.72,2738
84.37,2932
84.5,8902
87.97,1195
86.66,1403
86.03,1919
86.28,1607
85.62,1529
85.78,1261
86.55,1820
86.9,653
86.6,387
86.64,1884
86.93,1642
87.27,896
87.44,202
87.65,4683
87.6,691
87.01,575
87.03,393
87.21,165
87.16,596
87.22,394
87.31,546
87.45,437
87.38,586
87.38,580
87.32,327
87.22,849
87.42,1090
87.2,1918
86.92,1772
86.85,409
86.91,1227
86.97,499
86.97,209
86.88,483
86.81,1519
86.66,1067
86.65,5982
86.97,4064
86.99,15090
86.11,4062
84.58,2824
84.37,1882
84.43,612
84.03,643
84.34,1038
84.59,1319
84.52,2691
84.07,2547
83.89,1868
83.89,1647
84.11,1947
83.95,437
84.21,2692
84.17,1742
84.23,1452
84.05,1184
84.09,1403
84.07,1955
84.11,960
84.13,1241
83.88,977
83.84,758
83.86,1463
83.43,1738
83.49,1355
83.33,1497
83.33,2257
83.5,508
83.66,2277
83.71,4690
83.74,1016
83.96,2407
83.84,2261
83.68,2593
83.78,2092
83.76,2905
84.14,9319
84.43,20593
84.97,1539
84.91,1464
85.67,2148
85.54,1599
86.5,3113
87.09,2059
87.04,2899
87,3685
86.77,1343
87.09,1436
86.92,1922
86.67,2114
86.89,893
87.34,4059
87.76,2308
87.01,678
86.81,1683
86.12,473
86.11,203
86.15,1025
86.29,414
86.68,872
86.97,560
86.78,1308
87.16,556
87.21,302
87.04,327
86.88,1020
86.78,368
86.84,913
86.85,432
86.83,943
86.77,735
86.84,1327
86.79,1326
86.8,1398
86.74,1453
86.52,1390
86.63,8795
90.35,18095
91.91,12872
91.5,8133
91.29,8421
90.88,13505
89.64,6600
89.29,7385
89.5,5192
89.45,7886
90.04,6043
90.63,3326
90.29,3048
90.06,2664
89.79,2752
88.94,3595
88.97,2886
88.89,3166
88.47,2756
89.02,3728
89.16,2534
89.28,2915
89.48,2832
89.52,4640
89.58,2712
89.28,1994
89.27,1134
89.09,2333
88.99,1768
88.81,2311
88.71,1348
88.56,1500
88.66,3306
88.77,2611
88.62,2255
88.67,2378
88.76,3848
88.81,3429
88.58,5842
88.77,20292
86.48,1375
86.73,3515
85.28,8663
85.39,1491
85.96,1184
85.62,404
85.42,2529
86.11,994
85.87,312
85.97,783
86.07,1551
86.02,1806
86.25,300
86.13,612
85.7,497
85.84,315
85.94,200
85.68,515
85.81,300
85.89,923
86.23,1203
85.82,1390
85.58,557
85.66,649
85.2,626
84.99,408
84.97,1060
84.94,818
84.69,271
84.79,586
84.93,1079
85.01,493
84.8,850
84.89,996
84.89,784
84.75,1197
84.71,2994
84.4,3348
84.41,14583
89.92,3947
89.23,2004
90.35,4599
90.53,9388
90.64,3864
90.16,2380
90.07,2208
90.44,2470
89.98,2927
89.78,4028
89.47,2739
89.8,2120
90,2570
90.16,1379
90.66,2644
91.53,1576
91.8,3387
92.32,2260
91.9,4037
91.94,4193
91.86,2259
91.57,553
91.19,1315
91.02,1121
91.22,1253
91.1,743
91.08,814
90.99,1098
91.19,2809
91.03,2195
91.31,2350
91.34,1410
91.5,2280
91.81,3628
92.85,4563
92.45,7931
92.86,8240
92.51,6916
92.56,15574
94.63,13704
93.15,5651
92.85,4523
93.4,7018
94.94,7257
95.08,3764
94.67,3583
95.01,2914
94.62,1161
94.34,3257
94.15,3221
94.07,1212
94.3,1720
94.03,809
94.33,1508
94.34,1206
93.7,1958
93.96,1365
93.94,1223
94.14,1035
94.04,907
93.76,1604
93.47,853
93.33,696
93.36,491
93.11,752
93.44,2255
93.42,1256
93.45,375
93.24,482
92.95,2604
92.99,371
93.2,2137
93.71,654
93.48,1141
93.64,1523
93.66,2058
93.53,1944
93.61,11967
93.78,4595
94.39,1352
93.77,1872
94.39,991
94.25,1209
93.42,1370
93.18,974
94.02,417
93.85,582
93.43,1140
93.56,502
93.44,478
92.95,459
92.73,1036
92.8,2198
92.61,1335
92.51,1501
92.45,1796
92.83,304
92.6,571
92.88,477
92.8,460
92.98,631
92.97,114
92.91,200
92.92,1037
93,1167
93.03,1388
92.65,1687
91.97,1104
91.75,1271
92.49,548
92.77,967
92.18,1454
92.15,1657
92.08,1178
91.99,1589
91.92,3339
92.05,8330
91.46,1364
91.06,393
91.37,305
92.04,1211
91.11,1077
90.92,1372
90.75,1329
91.14,1103
90.9,506
91.07,847
90.32,680
90.72,656
91.46,342
91.46,0
91.35,100
91.41,816
91.77,1183
91.42,834
91.5,821
91.17,338
91,201
91,408
91.2,1296
91,920
90.91,587
91.3,200
91.31,845
91.59,635
91.69,559
91.91,159
91.98,306
91.68,100
91.64,608
91.95,1904
91.89,760
91.78,102
91.63,1417
91.71,3266
91.79,3248
91.85,1289
91.27,231
91.65,628
91.97,2258
92.79,3280
91.88,785
91.7,806
91.73,114
91.79,843
91.39,870
91.36,409
91.7,464
91.47,622
91.79,415
91.49,411
91.75,101
91.83,474
91.44,235
91.53,220
91.39,309
91.39,0
91.31,443
91.3,134
91.34,490
91.3,147
91.39,608
91.44,400
91.87,1637
91.76,1165
91.57,554
91.57,0
91.57,0
91.31,214
91.46,231
91.44,214
91.36,308
91.36,757
91.53,1464
91.59,5403
89.78,564
89.78,0
89.96,1064
90.55,947
90.54,1815
90.75,1348
90.27,474
89.93,822
90.05,1235
89.74,987
89.73,1768
90.11,909
90.3,100
90.69,303
90.52,1918
90.48,451
90.58,561
90.59,271
90.51,1734
90.97,1626
90.83,412
90.96,300
90.77,152
90.82,1024
90.66,348
90.81,150
90.81,0
90.9,978
91.11,111
91.07,1136
91.31,735
91.22,417
91.38,2126
91.44,3094
91.67,234
91.89,159
91.82,110
91.84,1646
92.12,5854
96.48,16021
96.67,7568
96.98,11150
96.49,8968
97.18,4780
97.35,3689
96.87,9676
96.92,1408
97,918
97.32,3403
97.34,3514
97.06,10889
96.41,4517
96.06,2315
96.5,1514
97.06,1706
97.19,1605
97.31,347
97.33,735
97.46,1145
97.4,796
97.71,2210
97.73,744
97.59,3431
97.38,3798
97.23,452
97.47,1912
97.36,1658
97.29,4787
97.12,1359
97.44,1599
97.3,1818
97.19,1150
97.16,2357
97.57,3599
97.71,2882
98.05,7627
98.36,8916
98.73,42646
97.63,31803
100.32,10552
100.16,13185
100.24,13139
101.82,9076
101.45,6085
100.96,8761
100.19,6943
100.85,7431
100.59,6263
99.58,14986
100.2,8099
100.3,3237
100.36,5152
100.25,4108
100.36,4318
100.58,4633
100.57,1979
100.86,1115
101,1227
101.12,1188
101.22,1370
101.37,1221
101.24,2378
101.43,2415
101.26,2514
101.36,3755
101.23,2925
101.16,4622
101.26,3560
101.26,8675
101.27,10574
101.07,8299
101.34,7405
101.59,4390
101.87,8560
102.24,9663
102.07,14020
101.57,26072
97.27,16538
97.54,12224
98.2,11434
98.19,12147
98.57,4908
97.74,7657
97.72,7884
97.66,7402
98.27,3658
98.33,4772
98.21,6917
97.81,5003
97.71,3393
97.69,4090
97.44,4151
97.57,8508
97.42,3514
97.62,2499
97.8,5297
97.6,2535
97.69,3825
97.37,6848
97.45,3611
97.07,6175
96.83,5078
96.95,4836
96.89,5296
96.95,4408
97.14,2286
96.83,3761
96.78,2681
96.92,3734
97.13,772
97.09,3726
97.05,4321
97.11,3520
97.16,8670
97.34,9618
97.71,31426
99.53,21555
98.05,12911
98.68,11206
98.65,6189
99.65,4913
99.32,7577
98.57,8883
98.17,9160
97.99,13027
98.57,5714
98.65,1952
98.77,1673
98.88,2222
98.9,779
98.99,1557
99.09,962
99.52,214
99.39,655
99.46,1285
99.42,414
99.27,1060
99.6,1042
99.5,876
99.75,2087
99.51,2941
100.27,1798
100.21,4976
100.13,2623
100.29,1722
100.04,2117
100.29,1788
100.24,876
100.35,3599
100.12,6986
100.18,1644
100.46,2542
100.21,4127
100.37,5205
99.52,19800
98.97,2519
99.36,4444
98.47,4961
99.86,1913
100.79,2266
101.07,6231
101.81,3790
100.79,2275
100.64,2946
100.14,1918
100.12,3041
100.09,2015
99.93,1970
99.98,2039
100.04,1036
100.27,1332
100.34,704
100.76,200
100.69,731
100.53,2107
100.34,848
100.15,3033
100.15,130
100.3,705
100.25,1157
100.16,1105
100.14,1786
100.23,410
100.32,1161
100.26,2441
100.53,1748
100.44,663
100.27,1163
100.39,3276
99.83,1720
100.08,2005
100.01,3552
100.01,2936
100.09,16120
98.16,1971
99.19,2940
98.53,2950
99.37,1503
99.93,1973
99.16,1732
99.48,1497
99.87,2207
99.61,2202
99.54,2787
99.43,1729
99.73,2435
100.27,2923
100.19,2573
99.89,926
99.97,2417
99.78,1853
99.86,769
100.1,1794
99.82,805
99.85,930
99.77,1346
100.1,2449
100.34,132
100.38,634
100.5,693
100.66,623
100.55,2429
100.26,2018
100.01,4213
99.81,1586
100.2,314
100.38,666
100.07,2145
100.29,954
100.06,1011
100.16,2245
99.88,2472
99.83,8935
98.8,20951
95.7,7924
97.15,4480
96.64,2813
96.16,2465
95.98,1385
96.44,1150
96.69,2206
96.8,1873
96.62,1960
96.68,4310
96.79,1261
96.5,1891
96.32,613
96.76,921
96.71,817
96.73,1669
96.8,2393
97.21,556
97.32,1273
97.25,743
97.05,225
96.83,1198
97.09,500
96.92,1641
96.86,608
96.75,2532
96.68,3135
96.66,2620
96.58,1150
96.45,1042
96.51,306
96.35,1661
96.16,1769
96.38,1205
96.16,2186
95.98,5068
96.23,4729
96.69,23999
95.12,7740
96.38,1941
96.88,2951
96.19,2590
97.08,2936
96.99,1779
96.2,2568
95.39,2640
95.37,2058
95.45,508
95.3,1348
95.29,1873
94.93,2432
94.99,451
94.71,406
94.74,2906
94.94,1649
95,1366
95.09,1121
94.82,1120
94.51,1166
94.59,864
94.37,1285
94.46,994
94.43,402
94.27,2551
94.19,3021
94.13,2206
94.22,1587
94.21,1366
93.91,2079
93.94,1625
93.82,1189
93.67,2059
93.44,1857
93.68,1183
93.47,4071
93.28,5456
93.32,25251
94.48,5608
96.15,8786
95.93,1701
95.88,1339
96.14,2050
94.99,1345
95.45,611
95.36,906
96.01,100
96.04,594
95.69,490
95.52,2039
95.24,746
95.05,1906
94.93,1006
94.87,1308
94.56,1072
94.54,1248
94.24,1864
94.36,573
94.36,1393
94.16,782
94.28,525
94.46,121
94.63,1685
94.54,622
94.63,740
94.83,1804
95.68,1894
95.5,1597
95.13,465
95.35,281
95.38,3343
95.92,799
96.04,1044
95.66,1915
95.47,2012
95.19,3386
95.06,16073
95.21,2550
93.4,4452
93.99,4010
93.86,3076
93.98,2414
93.36,6723
92.88,9352
91.8,19219
91.71,4920
91.31,544
91.45,2443
91.31,1648
91.06,4535
91.05,1225
91.01,2516
90.81,2726
91,3768
91.55,2003
92.07,1478
92.26,1474
92.5,2167
92.71,2064
92.47,847
91.99,845
91.68,3048
91.7,1439
91.83,1027
92.14,602
91.86,1489
91.98,514
92.08,717
92.07,798
92.06,1018
92.14,949
92.12,1923
92.13,2558
92.17,2647
91.83,1494
92.1,18144
94.32,11290
93.44,1334
92.72,2146
92.88,2094
93.02,2826
93.03,718
92.62,2640
92.29,1252
92.46,560
92.57,420
92.49,723
92.48,1024
92.48,301
92.73,321
92.63,523
92.52,1170
92.47,503
93.12,885
93.2,393
93.17,431
93.16,104
93.13,930
93,815
93.27,1169
93.2,402
93.18,104
93.03,934
92.85,354
93,2180
92.77,575
92.84,767
92.7,123
92.7,674
92.46,329
92.11,418
92,1238
92.05,2233
92.1,4819
92.24,24061
91.87,1491
91.02,2111
92.29,543
91.73,1392
91.79,1221
91.52,2015
91.33,990
91.24,1071
91.23,1022
90.86,4975
90.67,1005
90.85,1368
90.6,956
90.72,372
90.85,765
90.95,301
90.98,896
90.94,453
91.16,300
91.28,514
91.16,1083
91.03,1365
91.08,1432
91.24,555
91.01,1448
91.06,1319
91.1,1379
90.94,901
90.71,760
90.9,597
90.82,920
90.93,1226
90.93,1287
91.04,822
90.87,1111
91,2077
91.04,3736
91.2,3192
91.58,9831
91.02,2046
91.28,2397
91.14,3546
91.55,2105
91.15,4748
91.31,932
91.32,884
91.52,1189
91.38,1565
91.32,1052
91.17,660
91.27,1120
91.44,1603
91.4,1714
91.62,1877
91.46,711
91.91,1003
92.2,3210
92.46,1884
92.84,1525
93.11,1099
92.48,1166
92.8,1274
93.01,301
92.99,1289
93.2,1565
93.46,1974
93.4,1474
93.87,1775
93.87,0
93.9,1752
93.71,750
93.62,1930
93.38,391
93.66,1075
93.77,458
93.9,3060
93.96,1629
94.28,19762
92.46,2889
92.5,2307
93.36,1710
92.83,1467
93.2,3687
92.68,1174
92.39,1083
91.93,1338
92.33,824
92.6,830
92.55,1070
92.83,773
92.83,552
93.22,516
93.05,379
93.06,2155
92.99,309
93.31,230
93.17,983
93.03,311
93.05,966
92.84,985
92.57,1073
92.18,1202
92.33,1182
92.02,1106
91.82,1561
91.6,2200
91.19,1800
91.04,539
91.34,1507
91.31,1486
91.1,1220
91.18,1045
91.33,848
91.25,2808
91.23,2666
91.5,2677
91.39,15589
92.63,2106
91.83,1373
91.69,6127
91.74,2177
91.6,882
91.67,1582
91.77,2547
91.75,229
91.62,201
91.88,826
91.86,428
90.88,351
90.76,591
90.8,436
90.78,938
90.91,100
90.74,503
90.98,725
91.19,200
91.71,613
91.76,478
91.76,0
91.76,471
91.85,793
91.96,842
92.16,231
91.87,749
91.47,1221
91.56,542
91.65,211
91.76,532
91.6,345
91.51,757
91.69,962
91.97,184
92,1677
92.01,1791
92.09,2381
92.27,5787
93.06,3000
91.89,1344
93.06,1134
93.45,2140
93.36,826
93.32,1302
93.22,686
92.78,1191
93.06,961
93.28,224
93.2,410
92.87,1755
92.93,188
92.74,722
92.82,1001
93,2283
91.95,1613
91.62,2256
91.75,1143
91.59,1400
91.54,1012
91.5,2735
91.27,1567
91.01,1204
90.99,1726
91.06,1702
91.34,2559
90.96,1646
90.98,7674
91.34,990
91.43,663
91.71,1539
91.38,202
91.19,597
91,596
91.02,1733
90.92,911
91.24,4148
91,9680
91.51,2952
93.86,885
94.33,2518
94.57,3554
95.45,2061
95.92,2627
96.27,1736
96.51,1469
96.68,2633
96.36,1651
95.9,1393
95.73,1966
95.47,2689
95.6,960
95.9,1145
95.74,823
96.03,1282
96.17,1023
95.96,3236
96.16,617
96.2,1472
95.74,200
95.71,1238
95.77,590
95.65,677
95.62,645
95.44,1786
95.17,1961
95.03,1115
95.11,1379
95.03,1305
95.15,1977
95.24,1321
95.09,750
94.72,546
94.62,438
94.77,1839
95.16,2245
95.16,7420
94.63,5858
95.71,1173
96.08,2177
95.97,2498
96.31,1331
95.98,1369
96.44,1046
96.61,583
95.98,828
95.66,300
95.58,448
95.85,1360
96.01,1195
96.04,379
95.83,1144
95.4,3311
94.99,1156
95.36,703
95.4,303
95.27,171
95.17,124
94.98,488
95.03,200
95.33,798
95.06,300
94.53,264
95.05,429
95.07,202
94.96,687
94.98,484
95.03,204
95.15,759
95.11,1455
95.18,1209
94.96,536
94.95,751
94.87,2306
94.56,2349
94.38,6913
93.34,1671
94.07,1586
93.97,3080
94.87,3100
96.19,1841
95.69,1186
95.56,2179
95.78,722
95.12,2231
95.12,0
94.7,779
94.65,1228
94.86,950
94.78,469
94.81,849
94.29,1192
94.06,1138
93.69,294
93.73,288
93.75,256
93.93,209
93.87,691
93.9,834
93.81,954
93.38,462
93.18,389
93.32,332
93.43,953
93.35,534
93.45,647
93.5,496
93.36,565
93.4,1388
93.16,154
93.3,567
93.32,554
93.25,1109
93.12,3117
93.29,10465
93.74,604
93,550
92.57,2455
92.76,6814
92.46,2552
93.2,4004
93,2248
92.59,735
92.64,781
92.46,5771
92.03,305
92.38,607
92.04,10526
92.2,1293
92.04,1405
92.06,524
92.25,807
92.05,600
92.2,836
92.04,1125
92.29,105
92.26,417
92.39,202
92.39,0
92.06,1614
92.05,1074
92.38,1377
92.39,867
92.26,1813
92.38,543
92.29,865
92.15,187
92.04,1290
92.04,1252
92.15,1127
92.25,2127
92.06,4705
92.01,6514
91.89,21816
92.36,1437
93.69,1008
93.73,1991
95.04,817
95.12,2722
95.54,3803
94.81,1469
94.83,12242
94.23,1263
94.43,370
94.76,618
94.9,885
95.28,1949
95.03,1649
94.79,856
95.07,1535
95.52,662
94.79,2183
94.71,1856
94.84,2079
95.16,5095
94.98,1849
94.95,1655
95.4,3931
95.78,4340
95.28,1666
95.16,2363
95.25,1915
95.32,892
95.89,7137
96.23,3703
96.34,6585
96.53,5003
95.83,1427
96.19,2626
96.01,3065
95.85,4918
95.66,4332
95.66,10866
96.64,1725
96.51,6052
97.45,3474
98.17,4618
98.29,1230
99.33,5780
99.2,4158
99.57,2581
99.44,2096
99.4,4145
99.01,1271
98.68,6115
98.63,5454
98.33,662
97.95,759
97.97,1634
97.76,1344
98.31,1159
98.35,512
98.35,1737
98.21,1161
98.25,1653
98.32,1002
98.34,894
98.79,929
98.99,1119
99.16,1607
98.96,322
98.84,809
98.58,1631
98.52,914
98.52,252
98.54,3404
98.66,536
98.67,350
98.37,305
98.45,1628
98.09,1728
98.17,9733
97.4,1962
97.16,1404
97.46,1461
97.06,1794
96.81,2287
96.44,850
96.78,933
97.01,905
96.76,200
96.83,210
96.83,0
97.16,407
97.28,3963
96.95,101
96.85,202
96.79,1231
96.55,1482
96.71,538
96.8,282
96.86,627
96.56,416
96.61,1437
96.54,1200
96.07,222
96.05,628
96.27,219
96.26,1257
95.97,344
96.32,1121
96.34,526
96.02,511
96.13,836
95.78,539
95.79,1351
96.06,1068
96.2,2086
96.09,1315
96.37,3785
96.31,15852
92.9,8930
92.79,12881
91.79,11316
91.45,10398
92.98,1562
93.55,1713
92.99,1313
93.48,2035
93.36,1611
93.53,1834
93.23,2939
92.66,2467
92.48,2010
92.7,1707
92.86,1048
92.96,2032
93.61,2686
93.48,2217
93.56,1022
93.58,500
93.67,1015
93.76,844
93.87,3967
94.07,2463
94.18,726
94.12,1278
94.37,1774
94.35,1492
94.22,1762
94.03,3144
94.43,903
94.36,2704
94.61,2983
94.64,3431
94.33,2747
94.31,3353
94.07,4273
93.93,5073
94.27,30882
96.02,8257
93.04,4452
95.17,4470
95.04,4728
96.27,4284
97.34,2847
97.37,6996
96.94,3366
97.89,2886
98.36,4430
98.38,4663
98.98,4424
99.65,3780
99.23,1680
100.21,1534
100.33,3001
100.73,1099
100.69,3196
100.87,1582
100.65,2910
100.69,4964
99.64,4192
98.85,5344
99.28,864
99.06,1043
98.92,441
98.71,1434
98.51,1057
98.63,981
98.2,881
98.46,100
98.28,1814
98.87,1738
99.14,2562
98.08,1410
98.4,1815
98.4,3022
98.47,3772
97.86,17771
96.6,5569
95.78,4790
96.23,12895
95.73,1218
95.86,2363
96.42,2337
96.23,1771
96.28,1045
95.79,449
95.77,1550
95.65,3679
95.62,7009
95.15,8186
94.68,4114
94.71,3612
95.13,1778
95.13,992
95.14,1071
95.37,904
94.85,1114
94.98,883
95.45,301
95.45,752
95.38,771
95.54,923
96.05,1614
96.24,369
96.69,426
96.86,1048
96.79,1006
96.45,1093
96.64,253
96.95,3375
97.11,2830
97.22,1513
97.34,3393
97.36,7335
97.2,3640
97.62,17823
101.67,9562
104.15,13509
103.48,16731
104.22,10590
105.04,6889
106.04,7471
106.57,11880
105.29,5269
105.12,4007
105.45,3991
105.84,2708
106.05,2597
106.4,5095
107.18,5960
107.84,7984
108.2,4640
107.88,3146
107.9,3408
107.35,3498
107.18,2958
106.96,1130
106.67,3228
106.24,3376
106.6,2507
107.27,2037
107.2,2332
108.01,2179
108.07,970
108.13,624
108.09,2080
107.92,2205
108.03,2848
107.64,3162
108.2,4222
108.04,1866
107.88,2482
107.87,4806
107.81,6149
108.12,29229
103.93,4860
104.11,4075
103.82,2828
104.14,3639
103.44,1682
102.95,1350
102.79,1962
102.21,3094
102.25,4760
102,3400
101.19,3395
101.33,3361
101.06,3879
101.22,2096
101.04,2002
101.24,1345
101.01,1129
100.78,1652
100.92,1978
100.74,1915
100.69,1814
100.72,517
100.57,313
100.71,812
100.68,511
100.8,888
100.89,140
101.37,894
101.41,1139
101.19,839
101.26,1443
101.11,110
101.08,1890
100.89,1045
100.8,1675
100.34,1986
100.36,1844
100.45,4071
100.59,20220
106,17934
107.15,12815
106.14,6233
106.36,3190
106.84,5605
107.38,3579
107.95,5056
106.82,4185
106.28,3789
106.59,1283
106.93,3121
106.45,1501
105.72,5616
105.15,3234
105.63,3655
105.38,1398
105.95,1595
106.27,814
106.47,2104
106.56,1861
106.62,1343
106.44,858
106.43,2279
106.55,536
106.79,1409
106.76,1274
106.54,3747
106.21,2209
106.73,2164
106.78,5007
106.22,4535
105.74,2197
105.89,2014
105.31,3000
105.09,3921
105.66,3790
105.94,5808
106.28,9589
105.96,33491
105.33,1036
104.57,3394
102.93,4484
102.6,4688
102.55,3268
103.15,2853
102.75,3215
102.53,1093
102.55,1125
101.55,1442
101.78,3288
102.13,3017
101.51,2207
101.07,2449
101.14,1767
101.24,1309
101.33,1523
100.89,342
100.93,4379
100.94,7767
100.26,3971
99.78,4343
99.43,2481
99.2,5431
98.68,3508
99.14,2915
99.22,1713
98.84,1786
99.14,4893
99.21,2655
99.63,3785
99.38,3437
99.4,2014
99.14,3986
98.96,3105
99.36,4561
99.52,4579
99.58,5816
99.68,27926
100.01,1117
98.35,1484
97.31,4962
97.1,5310
97.83,913
97.34,1206
97.58,1583
97.47,3969
97.81,707
97.72,2120
98.35,3626
98.56,1292
98.93,1703
98.98,854
99.28,1725
98.59,1780
98.8,1368
99.39,824
99.11,412
99.2,730
99.38,839
99.19,290
99.23,433
99.3,4169
99.59,206
99.71,827
99.52,681
99.55,932
99.68,1270
99.63,1009
99.76,2540
99.99,2152
100.11,1703
99.93,1485
100.13,1069
100.21,2629
100.26,3670
100.42,4098
100.42,25864
99.55,4785
101.72,2322
101.08,1999
100.43,1675
100.78,2409
101.02,2459
100.56,1260
100.82,1209
100.73,520
100.7,1314
100.84,1994
101.32,2102
101.22,1242
101.7,533
101.19,1048
101.44,638
101.32,1891
100.95,901
101.12,503
101.31,542
101.37,1581
101.34,745
100.9,1202
101.2,1598
100.87,1582
101.03,2072
101.06,883
101.11,2236
101.19,2076
100.89,1832
100.89,1530
100.86,1730
101.33,1010
101.69,418
101.78,1744
102.03,465
101.77,952
101.67,2597
101.36,14410
103.66,2092
102.27,2759
102.93,3169
103.24,2929
103.55,5093
103.65,1822
104.45,2110
104.14,624
104.16,481
104.49,1614
104.41,980
103.81,2385
103.94,2909
103.69,1246
103.78,641
103.62,718
103.52,1532
103.4,2790
103.27,2332
103.75,1856
103.45,2759
102.87,1467
102.37,3037
102.38,2616
102.17,3272
101.95,1540
102.33,2058
102.72,944
102.98,1496
103.34,1312
103.21,1872
103.15,1347
103.06,843
103.08,1478
103.68,1280
103.71,2019
103.97,4004
103.73,4571
103.95,10904
103.95,2009
103.96,3388
104.61,1392
103.59,4475
103.64,1627
104.01,1843
105.03,1243
104.93,1109
105.28,1161
105.64,3531
105.48,614
105.75,3645
105.32,423
105.89,1183
106.08,3405
106.3,565
106.62,2828
106.55,1584
106.87,667
107.03,2259
107.03,1063
106.75,1012
106.06,325
106.1,2850
106.46,1443
106.07,704
106.21,2828
106.26,1729
106.18,606
106.69,1622
106.96,3570
106.98,1582
107.07,4429
106.96,1268
106.46,1195
106.47,6343
106.38,5629
106.65,4121
106.54,17399
104.68,4719
104.4,753
105.63,1037
104.65,2124
104.77,2180
105.79,1417
104.8,1703
104.97,1494
105.67,849
105.46,816
105.64,1772
105.91,3904
106.18,2346
105.78,1131
105.82,637
105.98,483
105.89,1432
106.16,485
105.6,102
105.63,1628
106.1,610
106.14,720
106.5,714
106.65,681
106.36,1985
106.98,623
106.95,917
106.99,595
106.72,1828
106.24,987
106.51,606
106.63,1210
106.65,2450
106.61,1964
106.19,1653
106.11,1156
105.93,1635
106.18,1635
106.19,11977
104.39,17847
103.09,2666
103.17,3051
103.74,5355
103.84,2004
104.61,665
104.61,0
105.02,1033
105.21,465
105.47,1091
105.76,600
105.43,1465
105.51,438
105.56,1866
106.27,1145
106.27,866
106.28,851
105.83,322
105.82,1016
106.07,956
106.1,645
105.92,556
106.01,1395
106.02,388
106.12,614
106.35,371
106.26,222
106.26,0
106.13,460
106.48,1153
106.42,339
106.1,1184
106.3,1366
106.18,1033
105.91,947
106.22,1822
105.85,3086
105.72,3399
105.73,18019
106.92,4198
107.15,2000
107.28,2366
107.42,1705
107.37,860
108.2,2926
108.35,1351
107.62,1979
107.68,1441
107.7,1055
107.81,899
107.75,843
107.62,572
106.82,952
106.91,1494
107.42,783
107.02,1419
106.41,1882
106.53,2142
106.83,1224
106.53,731
106.43,4543
107.01,710
106.93,1072
107,706
107.13,958
107.07,934
107.13,1247
107.3,483
107.06,1373
106.84,875
106.99,757
107.07,1768
106.94,591
107.15,126
107.13,744
107.32,1718
107.08,1084
106.95,14118
105.53,5489
105.24,3911
105.59,4587
104.85,4942
105.01,2832
105.24,2398
105.32,492
105.2,680
105.25,1087
105.86,501
105.05,1136
105.9,4029
106.4,209
106.39,722
106.44,1414
105.94,1446
106.39,1513
106.6,400
106.44,983
106.41,298
106.52,738
106.33,1260
106.34,302
106.2,776
106.1,1031
106.01,1411
106.01,0
106.12,311
106.12,0
105.11,100
105.16,1494
104.92,1836
104.49,870
104.31,2721
104.43,426
104.32,1232
103.83,2635
103.86,3030
104.36,8437
104.54,1215
105.95,871
106.69,1263
105.98,1013
105.3,1267
104.88,3237
104.51,521
104.22,685
104.44,1697
104.37,793
104.59,418
104.59,136
104.28,1535
104.52,919
104.22,120
103.65,130
103.71,1251
103.7,101
103.82,300
103.65,699
103.56,100
103.62,275
103.66,365
103.66,0
103.65,1446
103.52,2327
103.78,851
104.18,905
103.95,109
103.92,730
104.09,100
104.21,557
104.78,889
104.59,105
104.62,528
104.74,364
105.01,632
105.11,854
105.33,7083
104.33,851
104.35,1319
104.42,2557
104.71,1220
104.83,787
105.27,1166
105.01,482
105.19,496
105.65,150
105.44,516
105.44,0
105.17,657
105.36,337
105.36,0
104.82,478
104.87,555
104.58,100
104.6,357
105.03,312
105.06,719
105.03,7351
105.03,0
105.03,0
105.02,2259
104.49,1840
104.19,1098
105.32,300
104.99,591
105.91,503
105.89,205
105.91,406
105.91,0
105.77,831
105.3,311
105.5,246
105.31,415
105.41,400
105.41,0
105.31,600
105.29,818
105.3,309
105.1,1119
105.36,728
105.74,545
105.95,112
105.99,851
106.74,202
106.59,1002
106.76,926
106.95,1398
107.32,2796
107.76,2737
107.28,507
107.38,2096
107.84,878
108.02,1493
108.19,1845
107.87,2374
108.06,1639
108.12,3881
108.2,2023
108.35,5406
107.89,262
107.38,1020
107.67,1484
107.65,2109
106.75,1368
106.41,749
106.72,573
106.6,1279
106.46,1122
106.45,238
107.14,554
107.22,741
107.32,2045
107.17,377
107.4,352
107.32,633
107.26,691
107.42,158
107.43,722
107.54,454
107.49,1665
107.25,498
106.67,148
106.29,327
105.96,845
105.75,1681
106.03,200
106.45,447
106.56,768
106.69,388
106.54,810
106.38,1017
106.62,1696
106.2,712
106.3,832
106.17,101
106.02,1931
106.41,883
106.3,5287
105.83,805
106.1,181
105.64,683
104.49,210
103.95,1383
103.03,951
103.03,1115
102.31,2591
101.76,5174
101.48,1560
101.31,1111
101.02,1351
101.14,1008
101.05,1741
100.77,3775
100.5,3568
100.09,1322
99.97,1032
99.57,927
100.13,462
99.75,1024
99.93,344
100.15,1160
100.36,2729
100.37,1200
99.99,2375
99.97,1175
99.97,602
99.84,1331
99.48,2530
99.26,1186
99.21,2865
99.29,3691
98.51,2128
98.61,3511
98.89,2040
98.96,2939
99.37,4146
99.91,11544
99.24,1689
100.15,2667
98.79,911
98.96,6260
99.28,294
99.25,530
99.11,943
98.66,945
98.36,1571
98.52,1345
98.26,1990
98.58,5024
98.86,3318
98.77,1369
98.74,6889
98.85,6291
99.16,1173
98.8,2915
98.8,3137
98.87,4607
98.9,3448
98.96,2909
99.15,3169
99.38,493
99.18,1218
99.3,8645
99.4,3694
99.18,1151
99.06,1792
99,2081
99.13,2684
99.15,1307
99.21,13861
99.29,5437
99.09,5110
99.05,7530
98.84,6694
98.84,2784
98.59,24707
99.28,1987
100.38,931
99.95,288
100.26,1437
101.05,4158
101.76,4333
101.74,1283
101.75,1512
102.17,1010
102.21,1012
102.07,8267
101.9,2171
101.77,1065
101.63,317
101.46,500
101.6,1696
101.52,140
101.62,1411
101.71,1696
101.42,643
101.52,1133
101.81,1095
101.82,400
102.1,200
102.1,0
101.83,396
101.82,181
101.68,691
101.6,444
101.63,546
101.57,1076
101.52,2080
101.6,1500
101.52,310
101.66,2265
101.53,1277
101.55,618
102.19,2729
102.27,9927
103.55,3927
105.58,9310
108.77,6660
108.59,2270
108.65,806
108.57,5593
109,2170
109.83,1315
110.37,1027
110.42,4279
108.99,4912
108.54,3211
107.68,1307
107.73,1254
108.36,1554
108.09,440
107.92,1022
107.39,315
107.18,1365
107.48,1041
107.33,100
107.37,375
106.9,103
106.99,370
106.82,310
106.85,100
106.68,1126
107.05,486
106.82,2139
107.33,857
107.28,503
107.41,421
107.13,1329
107.01,2436
107.17,255
106.91,606
106.75,873
107.01,1027
107.14,6800
105.15,804
103.57,2969
102.47,1956
102.23,3680
101.51,2772
101.22,2348
100.79,2762
101.53,612
101.24,1388
101.26,875
101.48,750
101.67,1497
101.94,2480
101.63,462
101.49,1301
101.91,321
102.09,276
102,409
101.76,1011
102.23,743
102.53,241
102.23,462
102.26,514
102.33,810
102.33,0
101.87,517
101.93,598
101.88,787
101.88,887
102.33,1312
102.46,669
102.22,432
102.04,1139
102.13,498
101.74,1184
101.37,407
100.91,2878
100.89,2818
101.54,7040
100.49,1748
99.95,2469
100.45,1358
100.59,1449
100.53,660
100.97,357
100.42,775
99.88,1460
99.19,2575
99.02,2072
99.31,1287
99.57,1266
100.02,1322
100,386
99.98,546
100.06,1139
100.1,721
99.6,301
99.23,2537
99.2,539
99.23,1505
99.38,1617
99.53,1344
99.47,1646
99.51,1022
99.35,1931
99.98,1207
100.21,100
100.03,2058
100.17,2302
100.35,1539
100.71,599
100.72,1587
100.62,810
100.74,1742
100.93,825
100.66,4714
100.89,3109
100.66,10687
100.16,1108
100.54,205
100.47,616
100.27,1670
100.43,828
100.76,1353
100.03,2241
99.55,1225
100.04,778
99.95,249
99.98,130
100.16,224
100.38,506
100.38,0
99.86,200
100.06,1134
100.06,0
100.14,502
99.92,449
100.06,100
100.16,123
100.15,286
100.06,1032
100.07,537
99.98,735
100.33,200
100.3,204
100.34,100
100.46,660
100.91,310
100.91,1162
100.9,889
101,429
101.23,1026
101.21,233
101.28,2955
101.54,2243
101.59,3453
101.03,10151
99.28,2443
97.93,1276
98.66,223
98.44,753
98.59,914
98.15,1025
98.15,645
98.03,1639
97.84,200
97.77,315
98.37,346
98.21,654
98.54,1234
98.41,1844
98.24,448
98.21,456
97.92,620
97.45,958
96.94,834
96.73,846
96.89,964
96.84,1331
96.66,738
96.64,854
96.69,1400
96.58,2111
96.28,1401
96.32,1816
96.25,3582
96.15,1470
95.92,1061
96.16,581
96.23,1334
96.4,1610
96.94,2544
96.87,2243
96.86,1934
97.02,3764
97.16,9974
95.78,1450
96.15,1540
96.32,742
96.71,802
97.26,1015
97,4255
97,260
97.58,1095
97.52,650
97.19,1158
97.15,1219
97.16,2330
97.22,1015
97.04,1785
97.48,756
97.52,101
97.52,0
97.72,924
97.8,1684
97.53,290
97.57,259
97.94,1422
98.02,2709
97.89,2042
97.79,960
97.88,489
98.11,790
98.52,1012
98.39,678
98.18,721
98.07,545
97.97,1178
97.97,595
98,1091
97.98,677
97.64,449
97.3,866
97.42,938
97.44,5768
97.04,1298
97.16,892
96.42,1298
96.13,1838
96.21,953
96.21,201
95.79,407
95.51,306
95.37,2123
95.21,1407
95.11,2696
94.72,2144
94.57,1227
95.25,504
95.33,812
95.38,613
95.38,0
95.14,857
94.87,1414
94.97,358
94.93,641
95.14,505
95.25,1634
95.68,1675
95.42,545
95.42,0
95.01,104
95.01,0
95.01,203
95.01,0
95.01,0
95.01,0
94.84,398
94.72,630
95.24,126
95.26,217
95.4,299
95.45,7386
95.36,16753
95.16,705
94.97,1225
94.65,1127
94.52,887
94.11,3110
93.99,1011
93.75,878
93.26,748
92.94,1330
93.18,1305
93.22,433
93.11,1423
93.75,1504
93.78,1022
93.27,651
93.47,917
93.62,381
93.77,167
93.68,408
93.6,278
93.49,329
93.21,125
93.44,657
93.48,660
93.48,0
93.19,700
93.22,375
93.28,1463
91.7,763
92.34,1200
91.87,2080
91.76,3946
91.36,3386
91.09,6257
90.8,2056
90.59,5640
89.72,9381
88.72,9148
89.46,18296
89.05,3985
90.86,3732
90.73,2018
90.53,2772
90.79,1396
90.98,742
90.52,621
90,926
89.83,2013
88.78,1408
88.32,6333
88.69,3263
88.93,4846
88.81,1406
88.73,1786
88.77,1051
88.32,959
87.65,1038
87.25,700
87.03,1839
86.99,809
87.19,1199
87.18,2034
87.46,2845
88.22,3503
87.92,384
88,4040
88.13,587
87.89,1781
87.94,771
87.73,425
87.67,618
87.4,1117
87.45,1721
87.42,1035
87.39,1400
87.43,2864
87.6,4985
87.15,14755
85.94,6146
86.41,3601
86.12,3383
86.04,8477
85.68,2772
86.23,2800
86.49,2670
87.01,2156
86.75,3169
87.66,4104
87.78,1992
87.91,4950
87.95,1245
88.28,1329
88.01,397
87.98,379
87.91,519
87.98,1517
87.8,1012
88.15,962
88.12,860
87.95,822
87.75,254
87.47,984
87.24,1121
87.23,964
87.23,1310
87.21,210
87.21,252
87.33,668
87.59,204
87.72,471
87.6,1339
87.01,613
86.92,748
86.78,488
87.04,1996
87.24,4593
87.02,11695
86.97,2037
87.14,1313
87.4,2923
87.56,2226
86.98,971
87.38,531
87.27,603
86.51,251
86.24,468
86.82,312
87.15,251
87.56,504
87.84,891
87.77,236
87.77,0
87.83,661
87.43,104
87.43,0
87.39,101
87.36,146
87.68,109
87.68,0
87.64,247
87.69,100
87.78,882
87.63,153
87.78,2891
87.78,0
87.78,0
87.78,0
86.95,558
86.85,495
87.32,4214
87.24,461
87.66,1322
87.9,998
87.68,603
87.5,531
88.05,100
88.04,666
88.16,695
88.03,1539
88.03,100
88.03,0
88.03,0
87.98,542
87.98,0
87.48,648
87.52,100
87.52,0
87.2,497
87.11,1081
87.17,482
87.44,782
87.25,230
87.2,1020
87.2,0
87.2,0
87.2,0
86.98,259
86.93,526
86.96,305
86.86,892
86.87,667
87.05,1004
87.07,336
87.24,489
87.5,1068
87.43,5970
86.48,908
88.23,1444
88.77,742
88.56,3920
87.01,1058
87.01,0
86.63,2840
86.43,1300
86.86,820
86.84,848
86.71,988
86.43,304
86.81,1036
86.57,298
86.24,1650
86.24,0
86,1395
85.8,873
85.85,200
85.85,0
85.41,682
86.06,657
86.1,150
86.1,0
85.88,362
85.86,200
85.94,554
85.94,385
86.01,410
86.01,0
86.01,0
86.2,572
86.26,1766
86.48,200
86.17,400
86.15,100
86.06,518
86.15,1010
86.3,4501
84.53,1355
84.4,1145
83.93,1141
83.77,670
83.85,1855
83.62,191
83.28,554
83.56,620
83.58,1796
83.74,1029
83.59,870
83.83,407
83.74,966
84.27,1570
83.74,499
84.14,200
84.24,563
84.57,201
84.52,715
84.76,473
84.91,347
84.62,640
84.77,2714
84.6,438
84.48,305
84.46,1109
84.45,100
84.54,330
84.25,600
83.96,666
83.92,202
83.95,612
83.97,512
83.81,1310
84.12,480
84.26,1076
83.87,1068
83.74,1798
84.28,6459
85.37,694
85.44,243
85.27,1598
84.86,534
84.77,668
85.42,2188
85.68,2796
85.92,557
85.82,1003
85.19,724
85.16,1289
84.99,163
84.75,366
84.62,2197
84.35,676
84.3,1349
83.89,535
83.89,1486
83.58,445
83.69,808
83.89,1987
84.07,825
84.3,2982
84.25,2148
83.86,559
84.01,513
84.12,655
83.79,1284
84,828
83.57,1990
83.49,355
83.51,1050
83.65,1807
84,596
84.09,2534
84.02,810
84.36,5692
84.18,2508
84.16,7566
84.69,1703
84.81,2335
85.04,1043
84.84,1599
84.22,201
83.79,300
83.93,1115
84.29,329
84.37,1268
84.17,416
84.12,461
84.08,1236
84.11,776
84.34,602
84.34,0
84.25,812
84.24,948
84.28,341
83.68,886
83.65,1968
83.85,1133
83.72,250
83.26,833
83.01,365
82.73,1147
82.61,1390
82.7,824
82.83,241
82.67,311
82.69,1445
82.84,1486
82.83,533
82.89,2236
82.81,412
83.1,803
83.42,1653
83.38,210
83.04,1512
83.49,9363
84.1,1615
83.56,445
83.66,436
84.23,406
84.09,741
83.73,1542
84.5,1768
84.89,2481
84.67,990
84.41,474
83.98,1312
83.88,412
83.76,1111
84.28,554
84.28,1197
84.53,471
84.83,623
84.78,824
85,124
85,1552
85.07,378
85.29,101
85.5,302
85.76,527
85.84,1867
85.98,318
86.09,1128
86.03,201
85.89,1623
85.98,903
85.7,2260
85.8,1863
85.73,854
85.79,848
86.06,975
86.12,1806
86.02,2906
85.53,3036
85.58,10176
87.87,4699
90.25,4620
90.18,10375
90.44,4047
90.68,2482
90.66,1210
90.87,2392
89.59,3280
89.44,1423
89.35,586
89.77,649
89.71,1289
90.28,1871
90.21,1417
89.91,1571
90.2,1194
90.06,2259
89.52,1858
89.61,1144
89.35,694
89.14,1195
89.23,694
89.06,1141
89.32,522
89.35,1212
89.29,108
89.25,1217
89.28,2312
89.14,1029
89.15,872
89.09,1830
88.83,122
88.8,659
88.44,1149
88.7,1009
88.91,770
89.16,2974
89.03,5648
88.81,14038
88.85,777
88.97,2458
89.44,724
88.36,3321
87.59,812
87.5,936
87.64,416
87.25,103
87.27,1482
88.46,1980
88.61,3996
88.61,1629
88.94,855
88.44,511
88.37,406
88.14,473
88.09,1108
88.23,343
88.22,543
87.88,202
87.88,0
88.14,175
88.14,0
88.12,2834
88.39,1510
88.34,645
88.17,417
88.08,506
88.5,1219
88.34,826
88.42,703
88.28,738
88.31,1020
88.1,1283
87.72,869
87.57,557
87.45,2460
87.52,2789
87.83,11683
86.61,1090
86,3838
86.27,434
85.88,1138
85.69,292
85.88,1388
86.23,1178
86.09,734
86.01,544
86.03,969
86.03,0
86.01,697
85.49,727
85.8,525
85.92,1088
85.74,1012
85.43,810
85.17,2367
85.03,715
85.17,2098
84.72,681
85.13,120
85.17,657
85.34,824
85.11,875
85.06,362
84.89,1349
85.23,1233
85.23,0
85.88,1092
85.2,222
85.47,200
85.62,239
85.72,479
85.63,1117
85.4,804
85.61,2373
85.23,2570
85.42,7067
83.92,302
83.69,1207
83.44,3555
83.82,1736
83.19,3437
84.14,3425
84.87,2299
84.93,1360
84.79,461
84.8,728
84.53,1679
84.88,1200
84.5,1277
84.44,247
84.46,473
84.44,906
84.53,1263
84.43,972
84.52,1127
84.32,598
84.2,555
84.64,664
84.83,663
84.95,564
85.14,790
85.18,500
85.08,972
85.03,200
84.7,527
84.68,1777
84.92,1315
84.91,1619
84.86,1370
84.78,657
84.82,1025
84.43,1484
84.44,1604
84.66,2147
84.63,8953
84,1085
85.02,1172
85.33,1408
85.04,416
84.82,1629
84.65,358
84.37,1005
85.13,544
85.08,101
85.2,1517
85.34,1341
85.28,1101
85.66,1022
85.76,3818
86.35,17760
86.77,6111
86.84,107
86.74,1043
86.79,407
86.84,709
87.42,1268
87.59,568
87.79,328
88,1174
88.36,1021
88.28,1675
88.53,393
88.68,103
88.82,841
88.56,1265
88.46,190
88.73,455
88.49,805
88.64,905
88.65,730
88.63,1944
88.71,1588
88.91,5859
89,13293
90.56,7531
91.93,5333
91.9,3690
90.6,1922
90.92,2816
90.82,1129
90.56,755
90.91,417
90.73,2298
90.29,2105
89.81,1387
89.56,814
89.64,3534
89.69,2069
89.83,2973
89.66,747
90.04,1144
90.01,611
90.15,141
90.24,810
90.32,630
90.51,1081
90.57,659
90.57,0
90.72,1566
90.64,784
90.52,1302
90.28,820
89.98,2107
90.24,107
90.4,1778
90.62,1868
90.52,1417
90.21,2694
90.07,964
90.48,2719
90.42,2663
90.01,2066
90.37,11600
92.2,3973
92.67,3608
92.73,2748
92.78,7420
93.47,5563
93.1,3233
93.11,1372
92.84,1208
92.71,711
92.6,1904
92.81,1158
92.6,3861
93.05,860
92.93,1268
92.92,1756
93.4,1177
94.24,7488
93.45,982
93.49,810
93.49,0
93.63,407
93.4,563
93.49,776
93.43,351
93.31,264
93.5,645
93.35,2605
93.37,141
93.34,429
93.21,1149
93.42,515
93.41,1623
93.27,1520
92.84,3303
92.52,1842
92.44,3524
92.61,958
92.8,1246
92.92,13976
92.16,758
91.21,200
91.25,474
91.25,1631
91.58,2239
92.05,2349
92.02,1933
92.23,2165
91.62,842
91.62,0
92.17,331
92.09,682
92.09,0
91.58,692
92.2,100
92.18,429
92.53,890
92.28,520
92.52,1808
92.1,541
91.8,1421
91.59,2341
91.64,576
91.6,444
91.57,2399
91.36,889
91.75,934
91.5,1151
91.87,924
91.94,2941
91.98,1527
91.87,907
91.74,1185
91.81,1400
91.78,633
91.58,657
91.54,2197
91.55,2630
92.09,10092
93.57,865
93.94,504
94.8,1289
94.38,2642
94.95,823
94.78,301
94.9,706
95.11,901
94.84,782
95.08,322
94.76,666
94.87,857
94.78,3174
95.44,1307
95.33,1669
95.44,3518
95.41,712
95.58,2755
95.71,1145
95.76,2075
95.53,1128
95.59,305
96.23,301
96.12,1078
96.2,912
96.35,616
96.59,515
96.28,1046
96.61,1135
96.66,2580
96.71,837
96.27,524
96.08,422
95.92,4283
95.25,6020
95.41,2151
95.24,2808
95.29,8262
95.6,11140
94.5,988
93.74,1110
93.71,1199
92.51,435
92.82,1661
93.26,582
93.47,823
93.33,1143
92.88,1512
93.25,584
92.94,525
93.3,1151
93.08,496
93.03,1130
92.9,574
92.77,2371
93.32,1483
93.55,428
93.35,1152
92.91,304
92.81,2476
92.5,223
92.62,747
92.01,1406
92.07,781
92.07,135
92.08,966
92.05,1182
92.12,121
92.05,1001
92.07,2540
92.36,821
92.26,3272
91.89,1110
91.92,2387
92.17,2500
92.05,3674
91.83,2669
92.02,11961
90.71,1669
90.72,2366
90.59,1987
90.05,3222
90.2,3510
90.03,1360
89.83,1049
89.52,1063
89.13,2917
89.43,2040
89.67,671
89.6,181
89.55,1086
89.29,1991
89.07,2724
89.02,4665
89.21,3763
89.29,3481
89.11,5538
89.04,3603
88.82,3192
88.85,1848
88.98,1201
88.98,1021
89.05,3119
89.26,3419
89.3,1214
89.53,1303
89.48,2306
89.35,2223
89.25,2383
89.16,4071
88.95,3695
88.99,4504
88.99,4216
88.92,5771
88.71,6573
88.42,12165
88.41,23523
87.72,2420
88.01,3457
87.34,5502
87.22,2931
87.09,2250
87.79,896
87.57,1410
87.62,4024
87.62,2528
87.57,2272
87.35,2327
87.65,3434
87.72,1119
87.54,1445
87.44,1133
87.35,480
87.47,956
87.31,866
87.37,955
87.01,464
87.02,765
87.03,466
87.14,1186
87.06,1963
87.06,2466
87.3,1221
87.42,1078
87.29,1747
87.89,1039
87.89,671
88.06,1398
87.74,3560
87.84,752
87.67,2849
87.78,2195
87.79,2245
87.72,909
87.52,1621
87.85,7754
88.77,5100
88.43,1229
88.12,1202
87.33,5484
87.18,4037
87.67,3057
87.57,2584
87.65,2362
87.85,926
87.74,3916
87.58,1191
87.53,974
87.55,2531
87.62,2106
87.23,541
87.35,2605
87.54,3408
87.78,512
87.52,1457
87.64,100
87.17,306
87.17,800
86.95,543
87,971
87.04,204
87.03,954
86.96,1256
86.9,1020
86.7,578
86.64,1131
86.75,1722
86.85,1875
86.91,1606
86.82,1768
86.86,1515
86.82,816
86.63,2126
86.58,947
86.61,8960
86.13,2638
86.04,8198
86.32,2538
85.88,1655
86.27,1506
86.07,2797
86.41,2804
86.51,2167
86.09,1939
85.92,1117
85.74,1407
85.96,583
85.69,610
85.7,606
85.68,2451
85.82,4857
85.95,1504
85.94,3575
85.94,427
85.65,2341
85.37,957
85.31,1730
85.68,1076
85.74,300
85.81,648
85.7,687
85.61,426
85.62,618
85.76,710
85.7,471
85.73,4556
86.02,1866
86.03,2369
86.12,1795
86.55,3105
86.42,3240
86.52,8045
86.52,7556
86.43,31893
85.56,2189
84.76,4696
84.4,1055
84.39,521
84.96,1099
84.95,100
84.49,915
84.28,1905
84.41,411
84.39,1278
84.61,1072
84.05,519
83.49,1160
83.68,582
83.63,306
83.58,2770
83.86,783
83.89,6149
83.5,883
83.43,594
83.43,1326
83.41,2731
83.86,1887
84.07,1083
84.05,2005
83.96,2311
84.08,2535
84.31,1904
84.33,1008
84.25,534
84.23,919
84.3,3126
84.35,1191
84.25,1224
84.02,1496
83.99,1197
84.13,1950
84.22,5455
84.32,14746
84.38,5067
84.01,1945
83.77,2512
84.43,4393
84.43,687
84.11,533
84.02,471
84.34,1026
84.2,979
84.29,756
84.39,3882
84.85,2722
84.83,6442
85.27,2802
84.91,2688
84.73,2898
84.72,300
84.57,1735
84.59,3053
84.83,577
84.7,1088
84.5,1397
84.45,246
84.42,1038
84.48,300
84.47,491
84.52,784
83.97,596
83.97,0
83.97,1418
83.92,2011
84.54,2960
84.45,791
84.1,1570
84.04,1969
84.09,2165
84.39,2137
84.31,3149
84.54,6375
84.55,251
83.56,400
83.42,1117
83.68,5084
84.16,2692
84.33,3865
84.26,3062
84.51,846
84.63,556
84.15,2018
84.41,771
84.1,282
84.11,570
84.12,403
83.87,104
83.63,100
83.4,105
83.69,426
83.69,0
83.59,2927
83.63,3955
83.71,1053
83.79,2052
83.96,1387
83.77,400
83.77,892
83.66,500
83.67,896
83.71,1335
83.77,1332
83.79,2334
83.73,8077
83.93,4900
83.82,4562
83.93,5104
83.77,3289
83.82,7994
83.2,8125
83.55,36669
83.34,2039
83.07,1282
82.94,1137
83.21,2030
83.61,1348
83.53,3860
83.83,1720
83.67,1602
83.54,8464
83.7,3886
83.84,2316
83.9,3049
83.74,237
83.57,1116
83.5,151
83.3,353
83.42,591
83.55,940
83.73,315
83.75,962
83.68,2094
83.73,1399
83.66,3051
83.33,3254
82.59,728
82.61,5479
82.59,886
82.04,1140
81.71,1363
81.75,1400
82.1,5698
81.95,443
81.64,3590
81.56,2521
81.27,2183
81.44,657
81.59,5634
81.57,5504
81.75,25784
79.4,7744
79.52,4628
79.11,5994
79.24,5158
79.02,3342
78.5,13173
80.34,9119
79.69,3985
79.75,7828
79.8,8568
79.88,4152
79.87,7508
79.89,4623
80.05,893
79.73,3396
79.32,682
79.28,595
79.23,1438
79.41,1009
79.2,1738
78.87,4220
78.47,1205
78.41,952
78.57,4730
78.4,2797
78.41,1428
78.59,435
78.59,2041
78.83,3010
78.89,1657
78.61,3911
78.39,5256
78.5,3732
78.37,2806
78.4,8892
78.84,4322
78.8,2999
78.71,3814
78.79,25337
79.05,2145
79.97,2680
79.6,1204
80,884
80.06,855
80.52,4641
80.2,4695
80.14,1226
80.27,3926
80.33,4124
80.3,1836
80.53,582
80.57,615
80.52,822
80.52,3382
80.73,1275
80.95,1291
80.64,814
80.65,1434
80.71,1224
81.06,2495
80.64,1367
80.61,896
80.41,1247
80.46,1034
80.46,2609
80.46,2397
80.46,1339
80.75,942
80.5,2533
80.48,2810
80.31,1900
80.61,3304
81.08,2629
81.33,3142
81.36,2876
80.92,4556
81.04,3871
80.83,22786
78.17,5216
77.92,5026
78.35,3228
78.55,7239
78.53,1659
78.46,3089
78.33,1466
78.64,2200
78.41,1643
78.45,3849
78.49,2783
78.35,1214
79.21,836
79.42,3186
79.51,1043
79.5,1240
79.72,1569
79.42,2074
79.15,1283
79.04,937
79.03,975
78.86,1740
78.79,1268
78.46,5339
78.48,4498
78.87,1491
79.1,444
78.95,1003
78.82,1180
78.42,949
78.48,1144
78.42,1284
78.48,1239
78.38,10816
77.94,4912
77.85,3024
77.59,2894
77.51,2951
77.67,18379
79.08,1215
78.59,694
78.17,1085
78.18,2714
77.51,4842
77.98,104
77.97,1888
77.97,795
78.19,2481
77.84,852
78.1,606
77.6,5671
77.46,1203
77.45,1272
77.4,1013
77.11,2913
77.16,2469
77.31,2245
77.04,3069
77.07,2214
77.18,1219
77.26,3106
77.5,1479
77.47,1477
77.87,1045
77.79,860
77.63,422
77.87,2146
77.56,1453
77.5,740
77.15,1253
76.91,872
76.91,362
76.92,5245
76.89,1252
76.96,3067
76.99,4400
77.29,3993
77.6,11915
77.33,1473
76.7,2322
77.03,2557
75.93,9486
76.46,2738
76.02,1544
75.92,2896
75.78,5195
75.74,8515
75.14,3211
75.78,1309
76.07,403
75.82,1829
75.76,4432
75.44,2680
75.21,4297
75.37,944
75.38,2247
75.62,1469
75.39,862
75.57,1396
75.44,2011
75.86,500
75.94,2239
75.82,1413
75.7,897
75.57,504
75.5,239
75.49,3195
75.23,1403
75.2,2326
75.47,3092
75.42,2447
75.29,3730
75.35,1461
75.33,575
75.34,3464
75.05,6107
75.21,19714
75.97,5819
75.21,1413
75.63,1371
75.23,1525
75.27,2323
74.8,2779
74.57,2959
74.33,1998
74.29,2228
73.95,2569
74.07,2992
74.05,5047
74.06,2324
74.08,4590
74.18,1222
74.27,2238
74.01,2523
74.16,1497
74.2,2702
74.26,1688
74.43,1817
74.54,2633
74.52,1226
74.45,2111
74.43,2181
74.33,1965
74.14,105
74.01,1684
73.56,4611
73.47,3450
73.83,4495
73.55,8174
73.27,4549
73.41,2368
73.67,4446
73.7,2925
73.49,9603
73.39,6201
73.48,15694
71.7,12275
72.29,9363
72.8,11097
72.83,12939
72.56,6866
72.57,4391
72.86,4836
72.83,3296
72.65,12861
73.09,6003
73.67,9226
73.81,3146
73.52,1955
73.59,340
73.36,863
73.13,315
72.97,2845
73.1,2643
72.96,1807
73.21,1573
73.06,404
72.91,2531
72.77,1428
72.64,1276
72.7,3615
73.11,3032
73.01,1555
72.87,1606
73.07,2752
72.92,3799
73.23,1278
73.21,2820
73.1,859
72.97,1632
72.93,587
73.01,2257
73.19,3627
73.52,3085
73.77,15506
74.11,3923
73.61,2930
74.49,5680
74.39,7723
74.33,10262
74.92,11109
74.87,6762
75.05,3182
75.36,4663
75.11,1322
74.74,1932
74.91,881
75.02,1917
75.21,2982
75.09,2000
75.24,5644
75.02,1351
75.07,1325
74.72,1695
74.92,1395
74.97,703
74.69,2053
74.63,1708
74.56,507
74.75,1267
74.79,1224
74.67,1309
74.53,1469
74.27,1309
74.24,2236
74.23,2294
74.38,1772
74.53,1048
74.64,2164
74.79,2698
74.6,3767
74.7,2273
74.68,1348
74.65,12555
77.89,26559
77.11,16251
75.29,17268
74.54,16666
73.43,5806
75.2,6717
75.06,3521
74.24,2505
74.44,1453
75.07,2387
75.8,2635
75.56,3527
75.61,3287
75.55,4139
75.65,8302
76.32,4530
76.84,3819
77.43,2510
77.69,3011
77.26,2064
77.19,1756
77.53,1595
77.5,1904
77.87,4001
77.88,3796
78.52,4325
78.8,3519
78.24,2497
78.18,2376
78.28,1741
78.35,2716
78.18,2632
77.79,1954
77.9,2162
77.62,2057
77.54,2350
77.36,5733
77.11,8300
76.95,29535
78.42,8363
79.71,5494
78.63,3913
78.36,3459
78.1,2427
78.18,1729
78.31,715
78.5,2714
79.29,2884
79,2071
78.26,856
78.14,1098
78.52,1236
78.65,2221
79,796
79.21,619
79.17,3060
79,1558
78.99,875
78.89,3730
78.88,1466
78.99,1908
79.03,4125
79.41,2621
79.31,2259
79.55,782
79.75,1611
79.7,732
79.97,1254
79.83,3077
79.79,854
80.26,1278
80.35,909
80.26,2430
80.19,1756
80.13,2845
79.74,2666
79.7,5014
79.49,20967
78.82,3501
78.47,2875
79.26,1387
80.6,2454
80.68,2042
80.8,1285
80.95,1247
81.35,3346
81.44,2572
81.21,2890
81.23,1823
81.3,2360
81.9,969
81.9,412
81.83,1276
82.04,1195
81.84,6918
81.47,1512
81.49,750
81.42,1522
81.75,490
81.59,1127
81.48,2982
81.39,2269
81.14,909
81.26,1234
81.28,2372
81.3,1249
81.39,2827
81.25,2024
81.15,2327
81.13,2667
81.36,5219
81.02,2291
81.11,1665
81.06,2181
81.28,3344
81.52,3031
81.91,14423
80.4,2813
80.2,2332
80.76,914
80.89,1647
81.11,762
81.24,1609
80.6,532
81.13,1677
80.84,1048
81.02,1308
81.55,1076
81.23,1036
81.89,110
81.82,988
81.9,1689
81.81,122
81.93,1407
81.69,708
81.26,389
81.08,537
81.46,568
81.47,1491
81.26,2341
80.92,1725
80.89,1248
81.1,1552
81.1,2292
81.07,2408
80.96,2694
81.23,1272
81.33,2480
81.44,1464
81.61,3227
81.37,1904
81.43,3517
81.6,7476
81.3,4757
81.11,4177
81.38,17341
81.24,1590
82.36,1989
81.9,2318
82.29,1641
81.79,1446
81.28,1638
81.1,1045
80.73,1769
80.88,841
80.75,2126
80.8,1848
80.63,641
80.8,500
80.71,289
80.55,194
80.55,434
80.35,300
80.44,1161
80.24,533
80.29,865
80.27,101
80.38,1141
80.38,0
80.28,2888
80.38,102
80.38,0
80.52,3366
80.77,301
80.75,202
80.79,408
80.81,363
80.67,816
80.8,1463
80.73,732
80.54,222
80.34,1208
80.45,1309
80.27,3439
80.78,11852
80.93,1087
81.11,296
80.95,957
81.04,1854
80.59,1439
80.89,1035
80.08,898
80.22,1341
80.22,960
80.07,1006
79.77,705
80,995
80.08,180
80.29,1049
80.05,420
80.33,220
80.37,1427
80.3,100
80.27,246
80.17,986
80.1,699
79.95,697
79.74,1809
79.5,777
79.39,2632
79.28,651
79.26,505
79.24,263
79.31,1618
79.39,727
79.35,554
79.16,1287
79.29,2114
79.23,4084
79.07,3228
79.17,2679
79.23,3048
79.29,4242
79.2,11029
79.64,2012
80.22,703
79.7,1093
78.69,3507
78.51,1303
78.52,2779
78.48,710
78.61,1390
78.83,1791
78.52,2361
78.56,2908
78.72,12027
79.49,1289
79.76,847
79.55,1022
79.53,611
79.66,567
79.67,934
79.71,473
79.95,1014
79.93,562
80.02,1530
79.94,1925
79.9,1547
79.77,3799
79.86,1617
79.57,1752
79.52,1611
79.39,4757
79.13,2160
79.34,889
78.97,2845
79.01,2654
79.05,1457
79.02,1998
79.12,2573
78.98,4106
79.2,3505
79.46,10476
79.01,1112
78.46,513
77.83,2462
76.51,3609
76.29,3560
75.79,7434
75.48,1732
75.53,2796
75.72,2203
75.43,1788
76.25,1666
76.11,232
76.05,1271
76.38,3250
76.4,2140
76.69,2131
76.69,604
76.53,417
76.88,838
76.78,1260
76.83,995
76.74,907
76.94,923
76.54,147
76.54,1020
76.78,680
76.84,422
76.66,512
76.53,2297
76.38,506
76.33,2136
77.18,1999
77.1,1165
77.04,2218
77.02,2102
77.25,1733
77.33,2922
77.26,4018
77.08,21460
76.98,1967
76.98,2929
76.69,1620
76.94,5208
77.19,5028
76.93,2188
76.62,680
76.61,695
76.65,1566
76.63,1442
76.78,882
76.61,2166
76.56,1304
76.9,2006
77.08,2202
76.92,1543
77.13,2635
76.84,267
76.6,752
76.31,3686
76.35,1206
76.26,651
76.26,1258
75.96,1391
75.82,1264
75.83,1545
75.67,1690
75.51,625
75.37,1823
75.51,2395
75.64,820
75.84,2317
75.9,1418
75.69,2470
76.02,1640
75.75,1645
75.88,1645
75.96,5004
75.89,20745
75.54,1776
76.6,1284
75.89,1250
75.62,2589
75.47,2063
76.27,2588
76.54,1353
76.25,1648
76.21,600
76.09,384
76.18,338
76.02,200
75.87,1122
75.9,726
76.05,1978
76.07,2397
76.05,21051
76.12,619
76.24,816
76.72,1109
76.73,1283
76.7,1471
76.81,1300
76.8,1046
76.68,2412
76.89,2849
76.96,1157
77.14,1708
77.19,3247
77.48,1090
77.32,2050
77.33,2332
77.55,1215
77.43,2637
77.35,10716
77.2,1539
76.81,4520
77.16,6949
77.45,20180
75.81,2212
75.59,1968
75.63,5173
75.25,2993
75,977
74.55,2123
75.41,1353
75.28,4424
75.39,2046
75.92,2499
75.96,2142
75.93,1360
75.44,2709
75.56,1631
75.79,1102
75.7,1954
75.62,1448
75.89,859
75.7,1473
75.59,619
75.05,4165
75.23,2066
75.37,978
75.16,488
75.42,1028
75.72,2886
75.81,6145
75.22,6930
75.22,2240
75.21,1286
75.19,1940
75.37,410
75.23,1023
75.38,695
75.31,679
75.16,1071
75.41,2409
75.26,2464
75.18,15862
76.09,2386
75.39,1006
75.23,879
74.38,793
74.78,1320
74.18,1196
74.39,935
74.4,390
74.24,579
74.1,762
73.8,2343
73.66,5879
73.83,2802
73.38,2871
73.38,1725
73.28,3872
73.53,2411
73.44,1365
73.41,1613
73.47,1927
73.26,1557
72.55,2476
72.05,4838
71.93,3216
71.45,3036
70.93,5689
71.11,4310
71.17,2597
70.96,1865
70.82,4156
70.61,2222
70.96,1525
70.68,4386
70.09,2792
69.71,7042
68.96,3817
68.61,9599
68.56,11383
68.76,27608
67.44,2905
67.5,3312
66.71,3035
66.06,4282
65.88,3738
65.85,2956
66.42,2927
66.19,1911
66.06,1254
66.58,2388
66.69,3169
67.45,1810
67.56,3023
68.02,2699
68.88,4790
69.07,4055
69.85,3076
69.99,3638
70.33,4213
70.41,5920
70.56,2589
70.64,2281
70.82,2058
71.11,2887
71,2556
71.35,2170
71.09,2510
71.4,1999
72.05,5315
72.07,2237
71.81,11249
71.64,1813
71.77,3574
71.94,1935
71.79,2483
72.32,3218
71.69,11016
70.87,7146
70.84,27452
71.64,502
71.99,1877
71.57,3545
72.21,3631
71.52,9124
71.13,6674
71.29,4572
71.51,1899
71.15,4688
71.15,4137
71.03,1345
71.03,3111
71.29,2743
71.14,5977
71.18,4444
71.75,1072
72.02,635
71.9,670
71.89,1148
72.15,1444
72.07,1604
71.96,1319
71.41,1647
71.51,1358
71.56,699
71.81,802
71.99,872
72.17,1252
72.55,1097
72.46,1247
72.43,1512
72.32,729
72.42,1167
72.61,753
72.95,5202
72.87,5116
72.68,6552
72.66,5623
72.87,19025
71.8,4890
73.12,6661
72.89,3726
72.47,3713
73.69,1721
74.01,1064
73.61,3508
73.81,1839
73.8,807
73.92,1086
74.12,743
73.7,2810
73.25,3448
73.15,443
72.86,2120
72.62,745
72.52,1150
72.7,365
72.46,1338
72.45,1157
72.12,711
72.53,309
72.58,2358
72.81,2464
72.9,3206
72.6,2168
72.8,4013
72.96,3660
73.33,2957
73.46,5704
73.25,2469
73.54,8063
74.14,10799
73.44,8782
74.02,8579
74.28,8271
74.19,15086
74.28,16929
74.89,21958
73.23,1521
74.86,2312
75.04,1321
75.13,3928
76.05,4917
75.98,3016
75.51,1843
75,2093
75.35,1687
75.58,1096
75.81,1762
75.73,2371
75.24,2346
75.17,467
75.15,1238
75.37,2666
75.32,2851
75.13,2525
75.39,2392
75.83,1804
76.24,1849
75.98,2456
75.97,866
75.81,3021
75.59,4041
75.1,6921
75.48,827
76.07,1950
75.98,1894
76.3,2546
76.12,2496
75.55,2284
74.81,8456
75,8945
75.05,5992
74.8,3418
74.53,8205
73.78,15129
73.89,23373
75.16,1241
74.16,1263
73.9,812
73.02,5364
72.87,1939
72.22,2012
71.85,3882
71.41,3731
70.94,2575
71.27,1242
71.82,1072
71.73,1955
71.12,1232
71.48,1043
71.73,280
71.33,820
70.7,1250
70.75,1354
70.7,2195
70.74,2320
70.73,1887
70.54,2412
70.43,1759
70.62,2955
70.37,1367
70.72,1533
70.84,1203
70.71,1427
70.7,1197
70.86,1881
71.2,2381
72.19,605
72.31,1062
72.25,2645
71.88,1919
71.66,1781
71.65,4610
71.44,3979
71.56,12597
70.32,2432
69.99,9139
70.73,4602
70.72,601
70.81,2013
71.04,534
70.56,819
70.41,1107
70.5,3170
70.31,2682
70.74,530
70.6,970
70.93,407
70.77,1847
70.82,890
70.9,643
71.09,592
71.34,202
71.45,549
71.26,544
70.94,423
70.72,991
70.73,423
71.23,761
71.3,542
71.63,190
71.33,264
71.43,136
71.7,523
71.81,252
71.96,783
72.07,1026
71.96,1274
71.78,697
72.06,895
71.82,528
71.94,904
71.82,2424
71.67,10905
70.89,986
72.07,456
71.93,701
71.36,692
71.75,647
71.62,256
71.11,1126
71.04,1219
70.88,800
70.51,898
70.44,1161
70.31,988
70.21,360
70.07,1239
69.82,1309
69.97,658
70.1,100
70.17,412
70.2,613
70.74,753
70.28,257
70.29,655
69.96,464
69.93,480
69.86,611
69.59,1250
69.82,619
69.67,722
70.06,983
70.03,838
70.07,728
70.19,399
70.23,543
70.24,373
70.18,624
70.27,1161
70.17,2478
70.13,2094
70.43,13032
72.02,353
72,791
72,0
71.67,1557
72.17,1582
71.74,841
72.07,641
72.21,1283
72.32,743
72.56,1237
72.23,1282
72.48,2143
72.83,3212
72.86,4706
73.32,2966
73.47,1558
73.45,3176
73.34,993
73.34,1894
73.2,967
73.42,1400
73.65,1916
73.72,1439
73.36,1756
73.42,1364
73.19,1195
73.16,1768
73.28,1303
72.94,1595
72.78,2050
72.78,2205
72.92,2644
73.1,4860
73.22,3602
73.55,3712
73.58,4914
73.66,5852
73.86,5780
74.17,31154
74.86,3086
77.06,3346
77.37,1582
76.9,2330
76.97,3723
76.77,1711
76.2,817
76.72,472
76.94,2473
76.79,969
76.6,2832
76.54,2563
76.82,3367
76.81,1325
76.95,3358
76.96,2730
76.88,1630
76.92,1839
76.74,3205
76.89,7911
76.88,4054
76.89,205
76.73,1431
76.78,2594
77.01,768
77.18,2402
77.28,1115
77.35,1899
77.74,2927
77.83,1998
77.73,2956
77.69,3749
77.85,1391
77.83,982
77.89,1226
78.03,1953
78.1,3340
78.19,3998
78.21,17954
77.78,2299
77.1,1853
77.14,1605
77.21,1265
77.15,3091
77.1,3195
77.09,1517
77.21,1186
77.26,250
77.26,1129
76.48,1320
76.88,253
76.9,751
77.02,2033
77.11,586
76.94,1658
77.25,1472
77.25,1062
77.36,1130
77.08,447
76.86,1041
77.04,200
76.98,986
76.52,2079
76.58,511
76.81,275
76.81,0
76.5,286
76.45,385
76.43,1044
76.61,971
76.5,267
76.62,916
76.4,577
76.4,503
76.49,1392
76.37,2226
76.67,1688
77.07,22377
77.35,2233
78.03,858
78.04,3502
78.11,2698
78.52,1796
78.06,865
77.62,790
77.76,3068
77.79,994
77.64,1144
77.91,999
77.93,590
78.05,369
78.04,2562
78.42,2802
78.44,245
78.45,2003
78.37,1527
78.54,2167
78.56,1565
78.58,1190
78.52,806
78.21,1772
78.15,826
78.1,931
78.16,1125
77.77,1089
77.39,2108
77.74,1184
77.5,347
77.48,1355
77.62,1288
77.63,1852
77.9,2775
78.05,5005
78.24,6867
78.2,4819
78.55,8561
78.66,27881
76.54,2981
75.92,2557
76.45,3110
76.78,3022
76.97,3678
76.9,998
76.53,1798
76.49,2043
76.09,3533
75.91,2208
76.29,826
76.4,1202
76.11,200
75.83,2284
76.21,1140
76.15,1755
75.77,2665
75.65,1367
75.1,4436
75.2,2249
75.14,925
75.09,1860
75.38,1014
75.55,601
75.24,898
75.5,988
75.62,697
75.52,588
75.58,401
75.58,719
75.38,818
75.48,1874
75.54,3280
75.48,1056
75.56,1435
75.85,4361
75.52,3292
75.65,2145
75.78,8622
74.57,2596
74.21,1785
74.1,1553
74.25,1302
74.7,1560
74.69,2669
74.85,1789
74.78,6431
74.76,3702
75.08,2042
75.05,2792
74.97,1320
74.98,2690
75.06,1447
74.9,1804
74.99,1583
75.25,2558
75.62,2773
75.68,962
75.76,1895
75.91,1084
76.04,4068
76.24,1632
76.07,2407
75.96,1237
76.05,332
76.22,3004
76.02,535
75.97,982
76.05,804
75.89,1900
76.32,1224
76.26,1493
76.14,1650
75.94,1673
76.06,2674
75.98,2998
75.86,5389
75.95,13191
77.3,1238
77.94,1576
76.93,1164
77.34,1561
77.17,1546
77.37,709
77.06,607
76.88,759
76.66,4634
76.82,1167
77.02,295
76.9,846
77.1,1030
77.15,1059
77.15,125
77.34,602
77.14,837
77.36,1966
76.99,921
76.87,1201
77.19,543
77.14,564
77.08,1831
77.1,799
77.38,1322
77.29,1058
77.23,107
77.17,638
76.47,584
76.29,585
76.05,685
76.23,1151
76.34,891
76.36,525
76.3,1155
76.4,1040
76.52,1878
76.41,2191
76.44,6325
76.41,3446
77.62,1252
77.43,1941
77.54,2771
77.51,3977
77.43,1602
77.2,2005
77.04,1799
76.94,2039
76.62,1099
76.7,569
76.74,2074
77.08,729
77.09,703
77.01,1283
76.83,463
76.83,839
76.88,1105
76.74,599
76.63,717
76.78,605
76.81,402
76.9,1291
76.9,0
76.44,1587
76.56,1736
76.57,1299
76.33,387
76.26,1660
75.95,1720
75.86,416
75.87,1871
75.98,1636
76.22,931
76.65,1462
76.7,1945
76.57,2867
76.59,2660
76.52,12102
76.47,973
76.43,100
76.1,291
76.34,1085
75.91,861
75.84,915
75.42,328
75.26,150
75.03,211
74.77,744
74.95,295
74.83,952
74.83,0
74.83,280
74.78,1703
74.38,436
74.27,438
74.35,591
74.41,524
74.4,585
74.34,755
73.79,1396
73.39,1210
73.2,439
73.09,612
73.13,253
73.49,540
73.64,115
73.56,682
73.65,516
73.61,355
73.78,1326
73.78,823
73.81,1240
73.94,1393
73.96,1108
73.99,549
74.23,1667
74.61,7329
72.61,4217
72.54,2355
72.35,3062
72.62,1675
72.52,2950
72.55,2140
72.84,1807
73,1689
73.17,369
72.97,108
73.1,905
73.24,1392
72.68,1618
72.63,205
72.66,748
72.61,888
72.94,1207
73.2,592
73.51,1128
73.5,394
73.25,329
73.22,731
73.08,1150
72.99,1298
72.73,1001
72.59,1431
72.81,969
72.96,735
73.19,1236
73.16,1020
72.89,1344
73.14,400
73.18,1413
73.29,849
73.35,2533
73.59,1306
73.81,1960
73.83,4214
73.73,11201
72.88,801
73.28,1516
73.14,2104
72.56,2569
72.78,3129
72.09,1516
72.28,1209
72.22,1696
71.94,174
71.83,2415
71.82,314
72.01,611
72.03,300
72.03,0
72.03,0
71.55,603
71.58,986
71.6,714
71.49,1448
71.36,528
71.21,721
71.19,2380
70.57,100
70.67,1557
70.64,2217
70.6,1034
70.68,1820
70.79,2750
70.65,2141
70.62,1946
70.39,2197
70.28,2436
70.5,4235
70.84,3051
70.84,2383
70.8,1863
70.62,3056
70.58,4994
70.71,14259
69.44,1778
69.44,0
69.18,582
69.88,1793
70.18,461
70.19,1118
70.32,1332
70.44,499
69.99,260
70.3,321
70.08,1482
70.22,1988
70.22,838
70.52,909
70.45,695
70.25,1826
70.09,1072
70.2,1361
70.27,1170
70.27,101
70.28,2321
70.48,1417
70.9,3066
70.33,830
70.28,351
70.2,1074
70.36,950
70.34,789
70.73,460
70.57,278
70.69,631
70.83,969
70.67,1634
70.58,337
70.86,2052
70.93,1733
71,689
71.4,2569
71.23,10604
70.26,956
69.96,970
69.7,1300
69.3,1627
69.15,1940
69.08,1253
69.36,1118
69.81,403
69.74,623
70.02,639
70.18,1701
70.19,3224
70.22,855
70.08,824
70.43,485
70.74,982
71.09,1242
71.21,2160
70.99,444
70.51,1266
70.37,1329
70.64,480
70.62,975
70.65,1482
70.6,1660
70.51,890
70.5,541
69.99,337
69.84,141
69.92,686
69.83,1329
69.81,1199
69.84,798
69.93,1681
69.94,1706
70.14,2418
70.26,2112
70.2,2983
70.09,5861
69.96,251
70.34,700
70.07,664
69.75,2454
70.07,3534
69.96,1441
69.96,833
70.02,829
70.08,413
70.39,304
70.47,1540
70.48,2460
70.79,2154
70.92,511
70.75,534
70.92,1409
71.25,3313
71.61,2026
71.79,417
71.88,550
71.88,2590
72.18,4535
72.07,1688
71.83,160
71.81,1002
71.67,1217
71.62,322
71.64,737
71.29,989
71.06,1394
70.72,677
71.28,1493
71.11,1010
70.97,316
71.03,1126
71,844
71.01,1866
71.16,1896
70.98,8053
67.85,5790
67.29,1138
66.95,5151
65.63,6396
65.19,12920
66.24,3099
66.65,3907
66.24,2859
66.18,3162
66.19,1392
65.78,2313
66.29,2140
66.36,2094
66.64,1934
66.63,6493
66.89,3248
66.98,7175
66.87,2874
66.75,774
66.74,264
66.72,526
66.82,1452
66.97,1360
66.95,588
66.88,1026
67.03,1164
66.92,1275
66.48,1307
66.11,890
66.11,369
65.83,1844
66,2062
65.93,2036
66.15,845
65.96,1355
65.75,1997
65.81,5068
65.22,7028
65.13,24779
62.37,6702
61.51,3750
60.83,4582
60.42,4019
59.51,3344
59.17,5949
58.94,5760
58.42,5410
57.3,6868
58.08,8320
58.95,4307
60.14,6108
59.24,6274
59.14,4854
59.37,4305
58.48,9011
58.68,1962
58.13,2309
58.05,1933
58.24,3701
57.75,1358
58.07,2950
57.89,2410
57.46,2383
57.56,6729
58.26,4817
58.09,4367
58.63,1676
58.15,3912
57.68,4035
56.99,4563
56.82,6334
56.99,15221
56.77,4423
56.99,9748
56.99,7596
57.83,9317
57.78,16639
57.57,45653
56.4,6882
55.43,16787
56.66,13159
59.1,8709
60.38,11663
60.62,8462
59.13,3210
58.46,2623
60.22,2605
60,3593
58.72,9947
58.93,5818
58.28,3296
59.52,2332
59.29,3429
58.35,3230
58.05,4912
57.75,1108
58.44,730
58.35,1268
57.54,777
57.7,1866
57.73,1411
58.67,5245
58.83,3719
58.91,5640
59.26,1848
59.24,3947
58.47,4409
58.77,2646
57.9,5153
58.26,2252
57.93,1371
57.82,2327
57.14,4737
57.36,4076
56.9,8884
57.02,10386
57.13,36800
58.96,13837
57.3,4957
57.21,6360
56.82,6322
56.47,8175
57.06,2138
56.27,3029
56.39,2466
54.7,11271
54.3,5572
53.39,8482
52.84,14307
52.8,8512
53.53,4985
52.55,4063
52.85,2014
52.46,4144
52.54,2988
52.68,4167
51.9,3193
51.79,2745
51.37,8746
50.84,6902
50.77,5161
51.05,6533
51.29,13467
51.86,1176
51.61,2066
51.06,1228
51.19,1042
51,3892
50.98,3409
51.23,2307
50.7,4472
50.12,7699
49.58,7528
49.85,13352
49.16,17365
48.71,68892
49.87,6525
50.88,3014
50.05,8332
49.75,12778
50.53,9073
50.5,10613
50.34,7462
50.19,9100
50.25,8463
49.62,3362
50.2,9301
50.29,8051
50.61,8877
50.97,4119
51.26,3927
50.67,7742
51.04,6209
51.29,4083
51.38,8995
51.64,6132
51.8,9295
51.66,11697
51.38,4849
52.79,13907
54.8,12473
55.74,12657
56.6,8906
58.72,15173
59.52,5417
59.57,12523
60.13,8157
59.71,4933
59.45,11573
57.51,9105
58.79,13276
59.22,9853
59.74,10750
59.07,12381
60.05,40009
56.04,10477
55.81,16215
55.22,11871
54.78,8784
55.36,7582
55.09,2667
55.23,3766
55.15,1839
54.87,3073
54.55,5321
55.11,1929
54.89,6419
54.77,6130
54.14,5112
54.03,4146
53.97,5824
53.49,3409
53.13,5454
52.72,8567
53.29,4428
54.13,2587
53.88,4680
53.35,4910
52.82,2633
53.29,3102
53.18,3640
53.94,2304
53.97,4085
53.78,2405
53.75,3833
54.16,4106
54.05,11380
53.72,14802
53.83,5396
53.84,8295
54.12,3600
53.35,18712
53.08,15597
53.08,30353
54.14,2505
52.72,4214
53.66,7109
53.59,5475
54.09,4252
53.3,2857
53.01,1425
53.04,3679
53.26,949
52.77,2691
52.69,1162
52.59,943
52.69,1138
52.8,1258
52.78,1600
53.16,954
53.28,1601
53.56,1346
53.25,1847
53.78,1560
54.27,519
54.31,711
54.51,942
54.24,5367
53.95,3210
54.6,1988
55.26,979
54.8,414
54.74,737
54.59,935
54.55,1447
54.58,1067
54.8,1761
54.87,1217
55.26,2152
55.54,4431
55.42,3984
55.38,7077
55.9,16598
57.01,1111
56.67,1535
57.72,684
57.27,2001
57.7,324
57.57,800
58.01,1526
57.76,2620
58,1591
57.52,1952
57.21,927
57.32,2942
56.63,1888
56.65,1541
55.9,675
55.65,1910
55.16,2314
55.64,667
56.06,872
56.33,166
56.32,221
56.06,1984
56.1,562
56.07,2358
56.16,3311
56.54,437
56.47,2037
56.71,1371
56.79,1730
57.24,3373
57.1,770
57.02,668
57.04,1037
57.05,1757
57.05,2731
56.78,1371
56.68,2526
56.61,4759
56.58,14247
55.23,4692
55.68,1652
55.5,4311
54.43,10379
54.82,3664
54.56,2283
54.3,1848
54.02,1007
54.19,1073
54.42,2398
54.17,8850
54.39,719
54.3,1780
54.3,0
54.34,1802
54.38,1844
53.93,2535
53.82,2209
53.72,2390
53.41,1268
53.87,961
53.87,0
53.56,587
53.65,1812
53.4,427
53.37,637
53.3,1553
53.24,1163
53.16,1349
53.05,2352
53.25,567
53.25,1424
53.34,906
53.22,2112
53.3,2714
53.19,4350
53.01,4357
53.04,9935
52.98,29006
52.11,1382
53.1,895
53.21,604
52.71,3882
52.79,1091
52.52,1698
52.44,1022
52.2,3800
52.3,2387
52.22,2517
52.37,1454
52.52,3112
52.54,786
52.27,1792
51.98,1746
51.76,1944
52.08,1165
52.14,1525
52.18,946
52.13,847
52.2,897
52.14,1699
52.18,917
52.19,1039
52.06,3045
51.24,1346
51.08,2872
50.94,3464
51.1,1682
51.25,1761
51.38,2563
51.04,3186
51.12,2172
51.02,1619
50.78,4663
50.68,8930
50.75,5785
51.15,7459
51.36,23011
52.56,5087
52.34,4819
52.47,1587
52.1,4150
52.18,2089
52.04,2253
51.84,3322
51.63,3851
51.62,2088
51.07,2286
51.46,2634
51.18,6605
51.3,6398
51.49,4327
51.2,3285
51.06,5007
51.2,880
51.57,657
51.56,3620
51.49,4529
51.52,2602
51.72,1807
51.93,6417
51.67,12864
51.38,4252
51.57,5261
51.63,1686
51.55,2346
51.65,3610
51.81,1064
51.95,1177
52.02,3039
51.96,320
51.86,201
51.77,1011
51.72,1232
51.84,1272
51.76,2192
51.8,9141
51.67,3053
51.1,2202
50.61,2179
50.28,3020
50.41,1762
50.6,2390
50.61,2292
50.8,2377
50.38,1752
50.23,1071
50.41,1722
50.46,2703
50.5,2184
50.47,617
50.47,1047
50.52,4698
50.8,4174
50.85,925
50.79,373
51.08,615
50.86,1335
50.72,3581
50.59,2041
50.69,2037
50.64,1741
50.92,1655
50.98,2303
50.97,2008
51.18,2000
51.31,1595
51.33,2585
51.27,2317
51.21,2204
51.33,1400
51.55,2119
51.61,2636
51.77,4467
52.11,2509
52.17,10694
52.87,1157
53.15,500
53.5,972
53.56,1666
53.28,1749
53.19,1133
53,1400
53,2872
52.73,518
53.03,429
53.53,876
53.75,618
53.73,2251
53.54,906
53.35,4514
53.85,1610
54.52,243
54.61,2078
54.84,3085
54.71,1712
54.68,1127
54.71,2055
54.44,1632
53.99,3807
53.76,3298
53.95,1020
53.73,1473
53.3,1762
53.76,825
53.81,1308
53.97,1723
53.96,2125
53.94,338
54,1439
53.89,1721
53.7,987
53.56,1844
53.61,1875
53.77,11074
57.03,4721
58.82,5309
58.52,9251
57.79,4255
57.42,4515
56.85,1876
56.73,2228
57.02,2457
56.71,3071
56.66,2155
56.68,1719
56.17,5067
55.48,8178
55.48,2363
55.26,1402
55.43,3600
55.18,2599
54.79,6070
54.91,2588
55.07,1516
54.94,1687
55.15,6768
55.18,5802
55.26,4204
55.15,3230
54.96,1889
54.95,1814
55.18,120
55.14,1522
55.43,2422
55.04,2141
54.96,1188
54.74,1127
54.72,3163
54.75,3075
54.54,2722
54.65,6021
54.44,5149
54.74,16388
55.09,1541
55.61,1760
55.74,1235
55.95,2113
55.94,2453
55.73,1648
56.02,1125
56.05,1022
55.9,3704
56.16,1722
56.03,1708
56.21,1047
56.01,382
56.21,917
56.33,1194
56.4,817
56.63,764
56.73,2189
56.73,1607
56.72,708
56.84,1652
57.03,1565
56.73,2669
56.92,656
56.96,932
57,1385
56.95,2381
57.29,1310
57.28,1111
56.91,200
56.88,979
57.1,126
57.1,2227
57.13,4032
56.83,3428
56.9,1918
56.79,3075
57.23,3669
57.42,11633
56.46,2105
56.98,5478
56.52,1630
55.84,6839
56.31,1916
55.96,1740
55.83,2142
56.03,3421
56.17,1850
56.1,1006
56.04,1093
56.13,539
56.03,1702
56.14,114
56.25,626
56.29,203
56.37,239
56.44,516
56.48,750
56.61,228
56.56,426
56.64,2383
56.75,1091
56.83,1599
56.99,4226
56.65,4456
56.26,1048
55.97,2624
56.26,1010
56.25,794
56.23,624
56.47,1414
56.4,1200
56.38,1524
56.44,404
56.43,3045
56.37,2562
56.38,4679
56.68,17503
57.31,3861
58.34,3198
58.57,1449
58.06,4389
58.48,2069
58.98,2787
58.93,1615
58.83,320
58.82,1864
58.5,418
58.11,2002
57.9,2191
57.42,855
57.35,571
57.43,543
57.39,315
57.05,411
57.07,1698
56.9,2101
56.93,961
57.01,1717
56.89,884
56.65,1679
56.65,1810
56.5,1514
56.96,200
57,1957
57.17,1312
57.17,1494
57.25,2010
57.52,1339
57.5,811
57.59,1984
57.61,1455
57.6,2121
57.51,2123
57.59,3518
57.59,1521
57.65,10735
58.17,3955
58.4,3715
58.51,2441
58.43,4194
58.66,4227
58.55,2152
57.98,1728
58.69,1538
58.57,1944
58.67,1785
58.62,2232
58.43,2199
58.52,1502
58.37,895
58.51,2411
58.49,6801
58.78,2442
58.64,3277
58.57,1040
58.34,1351
58.18,2438
57.97,3306
58.01,832
58.07,568
57.99,1533
58.16,3778
58.34,2069
58.19,1591
58.25,1782
58.14,2311
58.18,1481
58.41,1306
58.39,590
58.39,1651
58.51,3061
58.53,2916
58.47,2400
58.58,5211
58.66,22365
56.1,7752
56.21,3685
55.59,4762
55.55,3471
56.02,2706
56.36,2249
56.56,1810
56.38,927
56.2,1530
56.43,3545
56.97,2127
57.11,1661
57.19,1327
57.23,1776
57.3,1995
57.23,2275
56.83,1191
56.82,1764
56.59,977
56.67,896
56.81,1659
56.89,2175
56.7,2323
56.69,1476
56.91,2572
57.08,2620
57.06,2983
57.07,2345
56.85,3120
57.23,3659
57.1,3247
56.95,2671
57.02,4939
56.92,3076
56.94,3789
56.99,5126
56.87,4161
56.86,2904
57.26,35325
60,20478
60.27,29760
61.52,12685
60.55,12901
59.75,6615
59.16,5767
58.85,3205
58.65,3773
58.98,6168
59.18,6095
59.73,2073
60.14,1979
59.71,3368
59.69,2764
59.21,1597
58.77,3594
58.38,2478
57.84,9103
57.92,1926
57.76,1367
57.82,3703
57.68,1285
58.06,2723
58.08,1490
58.45,1575
58.05,1999
57.86,672
57.76,1668
57.79,1049
57.8,4562
57.68,2261
57.64,2369
57.63,1868
57.68,1494
57.79,3299
57.83,1813
58.41,5114
58.47,5145
58.84,30966
59.44,2260
58.65,2610
58.42,2551
57.85,5219
59,781
59.1,1268
58.82,1453
58.88,970
59.3,2278
58.97,1031
58.92,848
58.98,2042
59.16,2522
59.16,1311
59.5,6587
59.61,4099
59.96,1611
60.43,11060
60.61,9677
60.59,2423
60.15,1958
59.87,733
59.49,3876
59.8,701
59.74,632
59.81,1598
59.72,217
59.65,2251
59.99,1690
59.76,2579
59.82,2752
59.71,3366
59.51,3637
59.41,3503
59.69,4590
59.54,7312
59.73,7147
59.59,6779
59.15,13635
58.06,1762
57.14,4791
56.87,3006
57.45,3365
57.88,2674
58.19,1499
58.05,788
57.86,1470
57.66,1773
57.87,1483
57.53,2541
57.27,571
57.44,1752
57.31,1312
57.25,1173
57.45,1215
57.16,2238
57.33,2108
57.26,1445
57.1,878
57.26,1553
57.39,1528
57.32,4358
57.44,1499
57.36,501
57.47,1052
57.51,1070
57.5,1477
57.45,705
57.41,1454
57.34,1359
57.51,754
57.52,1920
57.4,857
57.34,1838
57.55,2362
57.34,1761
57.29,4862
57.14,14950
56.26,1419
56.73,580
56.42,962
56.57,2163
56.89,1269
57.02,2669
57.47,2642
57.41,1929
57.27,1122
57.02,530
56.83,1250
56.69,1275
56.8,700
56.79,1168
56.6,701
56.6,1343
56.6,1196
56.68,2057
56.66,2410
56.68,714
56.42,683
56.33,1971
56.46,1484
56.45,1560
56.42,485
56.21,530
56.08,2169
56.22,1803
56.16,1241
56.33,1393
56.77,865
56.71,1039
56.84,2234
56.83,1558
56.67,2317
56.66,3049
56.68,6341
56.77,6059
56.89,23866
56.88,3219
55.8,2443
55.85,4093
56.07,740
55.85,1132
55.89,2295
55.87,975
55.9,160
56.06,1171
55.9,891
56.05,1514
55.9,2455
56,1120
56.02,4843
55.98,1402
56.04,898
56.1,1611
56.03,2294
55.7,1481
55.63,1509
55.81,1094
55.85,664
55.87,476
55.75,1228
55.55,1169
55.34,2039
55.6,1749
55.44,2865
54.92,4959
55.04,1713
55.25,2620
55.4,2275
55,1694
55.32,2404
55.31,2058
55.23,2354
54.72,5032
54.93,8858
55.06,13216
56.25,2498
55.91,206
55.92,1207
56.2,2971
55.78,2003
55.78,2051
55.97,4482
55.97,3217
56.05,2613
55.84,4340
56.37,881
56.29,2427
56.65,489
57.44,691
57.17,1748
57.05,3755
56.94,6540
57.29,2402
57.03,1872
57.39,5140
57.55,3805
57.58,3829
57.31,4091
56.96,3808
56.75,2641
56.53,1459
56.58,1180
56.32,968
56.34,2995
56.34,0
56.42,1535
56.5,2296
56.51,1880
56.4,3963
56.33,4979
56.39,4748
56.8,3918
56.63,4296
56.46,17939
57.16,1465
57.02,815
56.61,836
56.99,1444
57.39,620
57.07,2274
56.91,917
57.08,2333
57.08,761
56.75,202
56.66,851
56.66,1806
56.58,438
56.48,1134
56.55,1385
56.55,1512
56.19,966
56.35,456
56.26,818
56.46,1033
56.39,867
56.45,18294
56.34,4890
56.42,1038
56.69,550
57.05,362
56.98,1208
57.01,3254
57.03,3532
57.1,3210
56.99,713
56.98,1277
56.9,572
56.86,1405
56.93,1451
56.89,1171
56.86,5264
56.69,3271
56.89,14329
61.52,8747
61.78,4575
60.68,5474
60.93,1476
61.15,2981
60.69,7675
60.36,13732
60.57,3781
60.67,5446
60.08,1009
59.81,3382
60.18,2765
59.96,3778
59.95,546
60.3,1717
60.02,903
60.37,229
60.29,602
60.42,387
60.57,515
60.87,844
60.95,1093
61.14,2096
61.16,564
61.28,1348
61.07,1452
60.93,1403
60.99,996
60.76,1230
60.67,1462
60.54,671
60.57,640
60.54,2075
60.35,851
60.43,1216
60.39,1909
60.22,2095
60.14,1082
60.23,10785
60.48,4157
61.16,9686
60.6,2754
60.15,2720
60.63,1942
60.73,2643
60.5,7443
60.41,3388
60.11,5645
60.15,1697
60.07,4448
60.43,1474
60.63,2095
60.61,1738
60.62,1710
60.51,1489
60.57,4505
60.65,1722
60.94,1288
61.05,250
61,1020
60.62,113
60.58,870
60.68,1207
60.83,790
60.94,966
61,1426
61,0
60.85,512
61.07,476
61.16,263
61.24,2148
60.87,966
61.14,2415
61.05,2160
60.63,2259
60.68,1625
60.82,5621
60.73,19434
61.51,5514
61,1373
60.72,780
60.49,4059
60.48,2258
60.29,896
60.59,1032
60.38,1429
60.49,3026
60.4,1635
60.16,1360
60.36,1669
60.88,2042
60.75,1239
60.57,1885
60.63,1315
60.67,2701
60.43,842
60.38,702
60.22,944
60.15,3523
60.24,1551
60.02,1325
59.58,255
59.61,3260
59.75,1276
59.87,300
59.81,856
59.7,1662
59.72,1724
59.69,3118
59.49,4172
59.58,6212
59.53,5507
59.64,6150
59.69,6352
59.73,543
59.85,5142
59.72,12874
58.82,3477
57.94,3149
57.67,1377
58.01,2243
58.31,1471
58.64,1261
58.37,3289
58.42,5981
58.17,7961
58.14,3891
58.1,4176
58.1,3482
58.3,3823
58.36,2525
58.65,506
58.69,4085
58.92,1209
58.84,397
58.88,1308
59.08,1358
58.87,1895
58.87,0
58.71,1059
58.79,836
58.65,1264
58.57,1889
58.78,1870
58.84,1140
58.96,610
58.87,1166
58.95,1943
58.98,2520
59.1,3087
59.09,1990
58.87,3836
58.91,1933
58.99,6362
59.16,6124
59.06,25333
57.78,3741
57.96,4127
58.13,5111
58.09,11039
57.37,2542
57.35,1966
57.37,2711
57.07,1248
57.04,3604
57.39,616
57.42,2885
57.37,1358
57.39,1877
57.62,1254
57.54,2104
57.79,550
57.92,7006
58.17,539
58.26,2235
58.48,1765
58.33,2886
58.4,2598
58.51,6320
58.79,2534
58.9,3063
58.94,1415
59.34,1881
59.57,1683
59.57,0
59.31,1474
59.16,712
59.3,313
59.19,1631
59.08,3557
59,4355
58.72,2394
58.7,2614
58.69,2763
58.91,16863
57.5,2917
56.77,2728
56.88,2730
57.71,4338
57.83,4475
58.52,7306
58.18,1339
58.6,3454
58.5,9790
58.37,3420
58.55,2159
58.4,1956
58.36,1033
58.73,5649
58.52,4913
58.52,3422
58.34,4152
58.25,2782
58.2,2095
57.96,3587
58.07,1522
58.17,1663
58.2,960
58.23,968
58.33,1157
58.2,777
58.08,669
58.06,645
57.94,1292
57.76,963
57.88,899
57.95,894
57.82,288
57.82,779
57.83,1010
57.71,3330
57.61,3462
57.83,3828
57.94,18118
58.23,3966
57.95,1867
58.39,900
58.42,2483
58.6,1158
58.63,1444
58.72,4556
59.23,993
59.09,952
58.69,1425
58.72,674
59.08,694
59.11,448
58.87,1025
58.78,2992
58.88,2681
58.8,2406
58.97,976
58.96,1474
58.82,590
58.82,2394
58.63,1604
58.72,1507
58.85,1289
58.84,1433
58.99,3494
58.96,1095
58.98,911
59.02,1639
58.64,2863
58.38,1949
58.39,2498
58.28,1759
58.32,3272
58.07,2426
58.17,1941
58.2,1919
58.13,4945
58.05,15494
57.48,300
57.07,3337
57.17,1446
57.08,1388
57.22,664
57.25,1823
57.3,500
57.33,859
57.15,386
57.11,798
57.33,1059
57.32,687
57.23,1059
57.21,666
57.15,369
57.25,228
57.29,304
57.22,422
57.29,433
57.24,508
57.25,285
57.29,351
57.29,1556
56.73,1031
56.3,549
56.79,884
56.79,0
56.28,227
56.2,935
56.03,599
56.19,251
56.28,1102
56.1,1462
56.01,1687
55.96,3697
55.78,5777
55.59,2717
55.63,4257
55.51,12676
55.34,2105
54.65,1109
54.72,2207
54.89,5677
55.17,2286
55.08,1649
54.9,1883
54.69,2740
55.13,1943
55.38,654
55.54,1386
55.5,832
55.48,750
55.78,1073
55.98,1648
56.11,845
56.32,1196
56.26,1068
56.33,800
56.25,654
56.26,617
56.19,932
56.52,300
56.67,201
56.57,727
56.8,454
56.7,1003
56.71,663
56.64,1018
56.78,983
56.82,870
56.67,857
56.58,802
56.63,215
56.63,3960
56.78,1005
56.95,2453
56.97,5250
56.91,16706
55.67,6716
56.18,3628
56.33,6180
56.58,3057
56.63,2987
56.52,1988
56.29,2430
56.3,3003
56.4,3239
56.3,2066
56.38,6216
56.48,2208
56.58,958
56.65,1147
56.63,1494
56.44,2049
56.4,1814
56.41,1368
56.41,3905
56.35,3660
56.43,2955
56.3,3100
56.4,6585
56.23,3396
56.33,2055
56.42,1629
56.33,2831
56.36,1949
56.39,2054
56.43,1446
56.54,944
56.62,1621
56.64,2425
56.63,2348
56.84,3823
56.72,4820
56.81,2656
56.75,2618
56.73,15238
56.33,996
56.65,2896
56.41,1604
55.91,3686
55.96,3078
56.31,6692
56.25,2971
56.3,2174
56.56,1448
56.55,3853
56.9,2762
56.99,2426
57.13,4485
57.17,1719
57.25,1244
57.08,1677
57.38,4514
57.51,2119
57.63,4382
57.66,2418
57.8,1241
57.83,1684
57.7,1265
57.55,1634
57.41,2435
57.49,1906
57.67,1855
57.74,385
57.64,1687
57.61,2356
57.62,2155
57.69,328
57.66,3121
57.66,7069
57.4,3173
57.19,2191
57.35,2037
57.43,3325
57.22,28039
57.51,2689
57.16,2335
56.51,1193
56.81,1979
57.14,2689
57.35,1361
57.36,1746
57.65,523
57.35,1815
57.53,1323
57.46,1008
57.34,3072
57.37,784
57.51,873
57.57,682
57.52,1121
57.56,556
57.46,2075
57.49,1156
57.64,671
57.75,253
57.82,581
57.98,771
57.91,927
57.87,2518
58,1070
58,1078
58.04,779
58.1,739
57.95,448
57.74,2765
57.8,342
57.42,1187
57.37,872
57.45,163
57.28,597
57.25,2999
57.34,1720
57.23,12618
57.59,2694
57.54,1987
57.26,472
57.2,3105
56.78,2109
56.82,1501
56.67,1812
56.62,1303
56.61,779
56.76,979
56.83,1006
56.87,1279
56.68,1980
56.28,2900
56.27,3664
55.9,2558
56.02,1134
56.07,4420
56.03,1499
56,3177
55.96,3019
56,2043
56.11,3227
56.17,2255
56.08,2544
56.09,3036
56.04,1225
56.04,1114
56.26,1346
56.15,2636
56.14,1979
56.3,2139
56.37,2157
56.35,4038
56.33,495
56.4,2510
56.55,5332
56.38,6311
56.41,19351
54.51,5408
54.5,6216
54.68,4006
54.69,2207
54.96,2000
54.79,2204
55.12,2935
55.37,2527
55.09,2427
55.3,2540
55.23,2142
55.44,1688
55.61,3478
55.47,1907
55.43,1310
55.3,1466
55.49,3768
55.38,3446
55.09,1488
55.02,1236
54.77,2248
54.7,1624
54.81,1920
54.54,2496
54.61,9417
54.57,2340
54.48,2228
54.47,3513
54.47,4895
54.43,3526
54.65,4250
54.52,7501
54.55,4979
54.6,2161
54.75,1572
54.95,1783
55.09,6431
54.99,4595
54.86,32935
55.19,1611
54.43,2509
54.05,2551
54.32,2638
54.34,1328
54.12,1106
54.36,1146
54.18,745
54.29,687
54.29,509
54.24,325
54.44,1935
54.36,2473
54.08,3399
54.32,1056
54.3,3421
54.02,1347
53.86,956
53.84,624
53.76,1151
53.69,1750
53.72,4230
53.58,1899
53.53,5329
53.38,2351
53.46,1005
53.5,2417
53.57,3462
53.41,1707
53.57,2953
53.72,2691
53.75,2325
53.4,4208
53.38,6156
53.39,7317
53.58,10814
53.81,4809
53.9,4235
53.9,21669
54.14,911
53.61,1169
54.15,2750
54.18,2338
54.37,1076
54.32,1851
54.62,2765
54.57,2488
54.83,1539
54.94,1730
55.2,2021
55.51,3827
55.5,709
55.49,3057
55.54,1805
55.56,726
55.56,1441
55.67,1378
55.73,1239
55.77,1467
55.92,987
55.99,1083
56.08,306
56.08,688
55.93,718
55.92,720
56.18,620
56.06,406
55.99,1106
56.01,911
55.95,1596
55.92,1329
56.05,747
55.9,1030
55.96,1893
55.95,669
55.74,2023
55.9,8597
55.88,20414
56.89,2982
57.6,1670
58.16,4315
58.5,3925
58.72,2735
58.54,1109
58.79,1043
58.75,1252
58.44,2596
58.45,3376
58.65,3639
58.66,4123
58.35,2287
58.85,2335
58.76,935
58.75,541
58.86,974
59.01,2084
58.83,963
58.94,1123
58.97,1739
58.81,1707
58.71,2617
58.71,301
58.82,1445
58.64,2076
58.6,1485
58.51,1080
58.55,1318
58.66,1093
58.4,2911
58.51,6738
58.53,2224
58.46,833
58.45,2467
58.52,7022
58.71,4196
58.4,8738
58.56,20847
59.72,12341
60.54,6057
60.06,3446
59.14,5070
59.19,6060
58.95,2944
58.95,6191
58.77,1934
58.53,4110
58.56,2259
58.31,1895
58.62,2375
58.68,1861
58.57,4860
58.72,1671
58.91,3783
58.68,3983
58.58,2837
58.88,1630
58.77,2708
58.45,661
58.25,1662
58.61,1621
58.68,875
58.66,1630
58.55,2827
58.48,1955
58.37,809
58.05,1696
57.94,1272
58.06,4562
57.88,2836
57.9,1065
57.9,1590
57.71,4029
57.1,3355
57.13,7557
57.56,9392
57.41,33112
58.57,7273
59.27,1534
58.52,1699
58.63,2761
58.6,1596
58.78,1349
58.78,414
59.07,2345
59.26,1388
59.06,3145
58.97,1335
58.55,2080
58.78,1280
58.81,1930
58.79,2347
59,231
59.02,2934
58.99,1109
58.94,2512
58.96,1133
58.98,861
58.79,797
58.47,314
58.57,451
58.43,1172
58.39,1848
58.56,943
58.64,819
58.65,2116
58.69,1459
58.62,1698
58.62,2645
58.47,1000
58.56,1136
58.67,1609
58.65,1541
58.68,2064
58.82,3786
58.78,9346
60.3,5377
60.94,5415
60.94,4066
61.23,4634
61.61,3745
61.14,2765
61.09,2423
60.95,3263
60.77,6573
61.16,1137
61.3,2013
61.48,2065
61.39,2766
61.52,1555
61.39,1125
61.34,4747
61.28,9873
61.25,1393
61.38,2133
61.41,2671
61.59,3608
61.72,4253
61.83,690
62,3202
62.11,1950
62.04,1486
62.09,563
62,446
62.09,780
62.18,670
61.71,1035
61.76,1310
61.82,969
61.9,2315
61.87,1146
61.94,2738
61.92,7930
61.57,3242
61.46,14195
62.04,8503
61.91,1938
62,4094
62.42,4130
62.18,2460
62.1,2126
62.39,1703
62.59,2308
62.64,2403
62.76,2474
62.6,2102
62.55,2684
62.73,3497
62.53,2390
62.7,1622
62.89,3455
62.79,2652
62.6,1729
62.68,2084
62.65,1548
62.96,1953
63.09,700
63.15,1417
63.19,3161
63.27,2226
63.31,2282
63.26,2320
63.03,4210
62.64,1447
62.66,1891
62.63,3998
62.91,2149
62.94,3078
63.19,2459
63.23,1176
63.15,1360
62.99,2465
62.96,4416
62.87,15151
64.47,1599
63.31,2299
63.64,5982
63.83,4048
63.92,3405
63.88,4197
63.89,2540
63.93,2775
63.89,4797
64.09,3783
63.91,1133
63.9,3462
63.92,2234
63.8,2037
63.84,2203
63.8,1841
63.53,3142
63.17,4291
63.31,6097
63.23,1276
63.42,4211
63.47,2433
63.7,546
63.65,2615
63.65,1282
63.61,3790
63.47,1999
63.1,3517
63.04,5234
62.95,1881
63.14,3118
63.22,3552
63.49,3241
63.4,2560
63.59,5052
63.35,5139
63.53,5917
63.59,6368
63.84,14499
62.95,1191
62.54,373
62.23,882
62.15,3404
61.8,3389
61.97,4525
62.24,4809
62.34,1351
62.32,3748
62.13,5997
61.96,6174
61.74,2856
61.64,4136
61.56,1363
61.87,1344
61.91,2428
62.13,559
62.03,1696
62.08,281
62.24,1396
62.23,1138
62.25,3101
62.37,683
62.29,660
62.24,918
62.08,1972
62.08,1959
61.95,953
61.82,913
61.87,2196
61.72,1403
61.64,1108
61.6,2461
61.56,1861
61.35,719
61.22,6068
61.29,6667
61.54,4729
61.49,14229
60.37,2181
61.78,1100
61.33,2559
61.39,2730
61.43,1072
60.93,1143
60.81,1184
60.82,2665
60.76,1495
60.7,1073
60.61,2480
60.68,1264
60.88,2438
60.9,259
61.01,234
60.91,671
60.97,174
60.86,1207
60.74,704
60.63,654
60.65,988
60.71,580
60.47,342
60.5,928
60.38,847
60.06,371
60.22,1123
60.41,886
60.39,897
60.22,2323
59.91,2569
59.84,1412
59.77,2630
59.8,3695
60.08,3060
59.99,3065
59.75,4191
59.82,3136
59.77,13526
61.2,1656
60.44,1734
61.06,828
61.02,2814
61.04,1202
61.31,2410
61.34,1844
61.29,2696
61.27,4509
60.95,2876
60.82,1392
60.58,2770
60.25,1874
60.31,2133
60.37,1387
60.14,1257
60.08,665
60.19,1803
60.22,1442
60.42,1283
60.54,953
60.52,584
60.66,1312
60.87,1270
60.89,1248
60.96,2586
60.88,765
60.61,1554
60.52,956
60.57,1504
60.48,418
60.41,764
60.28,851
60.33,1868
60.32,876
60.27,3570
60.4,2753
60.32,3603
60.37,9100
59.23,3793
59.83,2693
59.31,1103
59.45,2160
59.35,6695
58.96,523
58.95,925
58.66,1169
58.68,310
58.56,1802
58.55,3464
58.65,1925
58.41,2591
58.47,1170
58.62,1873
58.7,2454
59.04,900
59.17,1651
59.08,1307
59.12,1666
58.91,307
58.76,1248
58.7,656
58.7,1690
58.85,2505
59.16,1433
59.01,597
59.04,647
58.87,620
58.82,423
58.81,600
58.95,1181
58.93,1264
59.01,2341
58.87,1036
58.95,734
58.91,2965
58.88,1672
59,12759
58.66,2946
58.97,5498
58.94,3567
59.29,4123
59.29,2435
59.27,2400
59.74,1683
59.67,1547
59.43,2530
59.44,1664
59.21,2061
59.24,1460
59.2,6426
59.54,1833
59.73,1536
59.6,689
59.58,919
59.72,250
59.65,962
59.74,1218
59.68,449
59.65,353
59.4,3142
59.29,3598
59.17,817
58.91,787
58.98,638
59.02,1959
58.98,801
58.95,14742
59.29,13217
59.32,5878
59.49,16953
58.88,20405
59.15,7334
58.99,2329
58.71,3511
59.08,3341
59.06,8700
58.44,5375
56.2,1909
56.91,3369
57.54,2741
57.49,4039
57.78,3033
57.51,1737
57.41,1713
56.93,4397
56.94,3609
56.42,4381
56.27,2410
56.56,3132
57.04,3946
56.97,3642
56.86,1125
57.18,2794
57.14,645
57.22,1688
57.27,497
57.03,766
56.94,2026
56.69,1138
56.47,463
56.42,200
56.57,203
56.49,467
56.63,873
56.58,218
56.66,803
56.73,1093
56.7,2379
56.66,1450
56.43,3772
56.25,1679
56.38,384
56.46,2501
56.29,4535
56.17,15497
55.7,2970
55.74,2572
55.59,2725
56.15,4540
56.67,1768
56.8,775
56.54,8514
56.46,2578
56.3,2171
56.15,5014
56.29,25027
56.29,4550
56.39,2297
56.1,276
56.07,1001
56.06,746
56.24,1074
56.1,1785
55.73,2919
55.51,4277
55.47,403
55.31,1572
55.67,1193
55.81,4512
56.13,5067
56.31,4713
56.19,3945
56.3,1853
56.26,541
56.2,1263
56.09,890
56.36,1345
56.4,1174
56.6,1508
56.86,2008
56.94,2162
57.11,3006
57.24,3027
57.23,14869
58.67,2276
59.3,9553
59.36,1301
59.47,943
59.87,1906
60.02,1141
60.08,507
60.24,1696
60.19,401
60.45,831
60.47,2102
60.27,2237
60.31,5870
60.21,2197
60.17,2744
59.91,1887
59.99,773
60.04,1375
60.07,367
60.12,130
60.05,358
59.96,429
59.97,119
59.77,1348
59.64,858
59.52,821
59.49,216
59.54,1898
59.62,664
59.73,1646
59.79,868
59.79,1527
59.62,3041
59.61,1812
59.5,2587
59.41,5545
59.54,5987
59.65,5813
59.65,18210
59.65,4065
58.85,2637
58.37,730
58.74,1810
58.85,1500
58.75,1387
58.66,3336
58.78,4063
58.85,1712
58.92,2228
59.06,3247
59.04,722
59.02,919
59.19,1362
59.33,1766
59.44,2833
59.1,1767
59.17,2316
59.18,3015
59.17,1531
59.05,2774
59.23,2693
59.28,5101
59.36,527
59.42,760
59.57,1705
59.84,3949
60.01,5517
60.05,5540
60.32,7486
60.05,6577
59.62,1020
59.62,692
59.95,971
59.93,1173
60.07,1206
59.97,1637
59.95,5100
59.96,8745
62.45,7305
62.05,2193
61.79,1295
61.99,7226
62.5,1477
62.64,1083
62.75,2420
63.03,1277
63.21,3907
62.78,4670
62.86,2390
63.01,2140
63.22,7536
63.36,1004
63.39,956
63.24,971
63.42,2901
63.41,1435
63.87,2864
63.91,2304
64.04,971
64.27,4435
64.3,2145
64.1,2006
64.07,2483
63.88,1829
63.86,1215
63.81,886
63.89,1427
63.81,1509
63.57,1725
63.57,3113
63.34,1641
63.37,1186
63.49,3073
63.63,10271
63.23,6711
63.39,4356
63.13,12978
64.37,7173
64.44,5421
65,2088
65.66,2183
65.74,2211
65.52,4770
65.3,7228
65.23,2808
65.09,1692
64.98,787
64.79,899
64.93,1714
64.77,3158
64.46,1767
64.53,840
64.32,1426
64.28,1183
64.29,3700
64.48,1691
64.29,203
64.13,663
64.12,1278
63.9,1864
64.19,1727
64.39,1992
64.36,1892
63.7,2034
63.82,1500
63.99,1192
63.89,395
63.59,1484
63.39,1965
63.53,602
63.44,1348
63.74,1517
63.84,1948
63.93,4752
63.98,8811
64.05,28612
63.69,5592
62.23,5666
61.97,7303
61.82,1092
62.13,1666
62.31,1752
62.55,1304
62.24,580
62.09,2880
62.18,4967
62.18,1438
62.11,2681
62.38,3376
62.19,2873
62.13,1148
62.31,536
62.31,0
62.24,300
62.18,200
62.3,1983
62.3,762
62.43,1175
62.46,501
62.21,758
62.51,1263
62.63,1311
62.7,1668
62.5,160
62.54,643
62.42,503
62.3,1090
62.52,1139
62.47,1142
62.33,1175
62.33,831
62.37,1560
62.29,3451
62.21,2357
62.07,13955
61.6,2237
60.74,4373
60.68,1698
60.13,4614
60.29,3500
60.76,2340
60.4,4112
60.26,2641
60.58,2688
60.94,2713
61.16,6058
62.47,6334
62.37,941
62.21,1140
62.71,971
62.6,2034
62.93,1558
63.04,1619
63.01,1974
62.75,9887
61.77,855
61.51,1512
61.48,1154
61.82,846
61.9,1732
61.9,0
61.71,837
61.73,656
62.18,122
62.23,643
62.23,781
62.21,688
62.41,1901
62.26,233
62.24,1028
62.21,1099
62.33,2258
62.08,1354
62.32,10233
64.64,11412
64.79,1809
64.64,1391
64.17,770
64.01,626
63.81,4012
64.64,1332
64.79,1444
65.25,3143
65.9,3545
66.5,1866
66.96,5389
67.13,4418
67.51,3930
67.72,4133
67.9,2852
67.3,3170
67.46,4714
66.98,5240
66.74,6382
66.63,4208
66.74,1212
66.75,2376
66.86,1234
67.11,528
66.97,654
66.97,1548
66.91,682
67.07,908
67.18,859
67.35,1495
67.23,965
67.24,923
67.21,1499
67.4,579
67.35,2938
67.07,3464
67.13,5246
66.99,22755
67.61,7018
68.32,12919
67.92,8860
67.79,14329
67.44,10154
67.34,3876
66.93,2923
66.82,3608
67.2,10383
66.62,2185
66.43,1794
66.71,2510
66.48,4324
66.51,1929
66.37,3357
66.33,3993
66.34,2053
66.27,1816
66.44,3016
66.41,3660
66.36,5906
66.36,0
66.36,0
66.36,0
66.36,0
66.36,0
66.36,0
65.97,10290
66.01,4992
65.16,3116
65.96,8266
65.97,2949
65.4,2008
64.79,2009
64.71,5411
65.02,3135
64.74,3007
64.52,1640
64.39,1039
64.23,3041
64.33,3254
64.23,1722
64.39,1676
64.55,2624
64.45,5142
64.19,4000
64.32,4617
63.91,3881
63.9,1714
63.91,1248
64.09,2345
64.36,2899
63.95,1492
63.87,699
64.03,825
64.13,1343
63.58,2119
63.69,1590
63.99,1392
64.09,2060
64.2,1853
64.16,2936
64.44,2572
64.2,3183
64.38,4500
64.58,13327
65.68,8129
67.32,13303
67.82,5475
68.05,5093
67.37,2438
67.73,4033
68.7,7286
69.95,6051
70.69,12726
70.39,1123
71.32,5695
70.66,10172
69.69,10778
70.13,3139
70.04,2898
70.13,2279
69.96,1203
70.25,845
70.44,501
70.45,4406
69.89,6459
70.08,6969
69.94,1059
70.1,981
70.18,833
69.98,1557
70.19,4715
70.16,5280
70.86,2616
70.85,335
70.53,569
70.57,800
70.65,1280
70.43,1727
70.26,947
69.99,2772
70.17,6017
69.69,9293
69.6,23080
69.52,4599
69.41,6744
68.44,1487
68.3,6684
68.2,6046
68.26,9654
68.85,8310
69.26,6078
68.66,3277
68.19,1516
68.27,965
68.64,1196
69.11,2672
69.38,1608
69.74,7796
69.55,850
69.54,1634
69.53,1615
69.66,990
70.02,631
70,1379
70.16,1558
70.39,538
70.32,2888
69.93,221
69.83,314
70.08,931
70.03,858
70.03,2094
69.78,147
69.76,1833
69.64,1739
69.6,1244
69.8,1090
69.82,1114
69.8,647
69.85,1561
69.84,6210
70.16,10149
70.98,3272
71.69,5460
73.29,3926
73.63,5019
73.9,7892
73.82,6166
74.74,1903
75.08,3859
74.74,1117
75.17,1815
75.39,3535
75.26,4196
74.93,3412
74.55,3921
74.07,2159
74.01,587
74.4,4113
74.33,1679
74.42,577
74.54,1498
74.35,486
74.18,804
74.47,823
74.7,734
74.4,1743
74.33,406
74.42,938
74.14,519
74.1,1517
74.05,1172
74.03,1332
74.22,1534
73.95,2956
73.53,2329
73.77,2224
73.6,476
73.32,1171
73.46,4331
73.57,14345
69.75,13548
70.27,6051
70.92,5602
70.27,2188
69.87,6207
70.13,5509
70.43,4729
70.46,2539
70.61,3011
70.57,2810
70.59,2180
70.83,2058
70.4,10188
70.84,404
70.49,1476
70.54,1678
70.43,2871
70.4,1653
70.43,2442
70.48,804
70.53,915
70.68,823
70.78,909
70.85,455
70.82,1829
70.56,1527
70.46,3567
70.54,495
70.61,421
70.56,698
70.64,1179
70.76,732
70.99,1308
70.87,1797
70.74,1331
70.68,1865
70.47,1175
70.41,5756
70.57,13871
70.35,5434
72.2,6603
71.6,4088
70.72,1357
70.13,2605
70.3,2974
69.69,1499
70.39,2112
70.09,1971
70.38,1256
69.78,154
69.8,1437
70.53,837
70.47,1136
70.34,948
70.44,767
70.57,878
70.34,650
70.33,620
70.4,369
70.56,619
70.8,314
70.83,452
70.56,333
70.63,2289
70.7,2074
70.67,934
70.54,780
70.72,480
70.78,868
70.92,757
70.93,945
70.85,496
70.89,462
70.79,480
70.83,371
70.76,541
71.07,2658
71.19,7869
71.86,4693
71.7,3818
71.53,1873
70.86,540
70.81,763
70.77,1269
70.04,722
69.93,2502
70.05,940
69.74,2838
69.98,720
69.95,1796
70.03,760
69.83,1572
70.19,3155
70.01,1374
69.82,838
69.8,900
69.7,549
69.49,250
69.5,1347
69.54,513
69.55,359
69.5,2509
69.48,1062
69.35,480
69.15,1925
69.46,1828
69.59,786
69.62,215
69.49,294
69.37,897
69.4,2405
69.52,989
69.4,2777
69.56,1090
69.39,3092
69.45,5888
69.41,11354
69.51,2501
69.67,3491
68.97,487
69.26,1104
69.41,683
69.65,564
69.08,442
69.33,168
69.56,2089
69.41,592
69.47,3239
68.94,3407
69.04,4759
68.77,258
69.07,1287
69.31,535
69.26,1709
69.08,538
68.99,693
68.93,3773
69.08,2049
69.25,1623
69.58,511
69.47,636
69.47,1677
69.46,432
69.5,1106
69.55,2822
69.82,1498
69.93,1362
69.81,2748
70.08,932
69.98,2037
70.03,1042
69.92,2176
69.89,1591
69.88,4644
69.89,4232
69.95,16789
73.19,9313
73.8,10927
74.42,12255
73.84,15175
73.76,6857
73.71,2117
73.48,3121
73.56,2557
74.16,9295
74.51,1772
74.93,15714
74.56,1504
74.31,2348
74.62,3006
74.64,3305
75.12,2754
74.77,8016
74.49,3013
74.64,1748
74.56,263
74.56,1258
74.77,330
74.72,665
74.42,1144
74.54,2648
75.28,3342
75.47,2453
75.59,1661
75.71,2138
75.42,1845
75.78,5002
75.28,5517
75.08,4938
74.98,5490
75.29,4550
75.3,4554
75.4,4889
75.46,7607
75.59,16278
76.54,21558
75.93,10074
77.38,9280
78.48,5495
77.38,10697
76.64,4115
76.21,2193
76.17,4721
76.33,4921
75.96,2900
75.98,3836
75.84,4112
76.4,908
76.42,3499
76.51,1297
76.55,2689
76.47,557
76.55,2469
76.13,1747
76.21,2652
76.28,2077
75.77,8809
75.99,2274
75.98,2156
76.14,1029
76.28,8470
75.93,3815
76.12,1915
75.69,5453
75.63,2704
75.48,3315
75.68,3320
75.59,1349
75.59,2864
75.84,4260
75.94,6633
76.32,5276
76.11,9435
76.1,24118
79.17,18981
78.83,4413
78.73,3336
78.81,6228
78.33,894
78.26,1123
78.39,1398
78.24,1204
78.27,1209
78.31,1429
78.11,915
77.72,1560
77.82,2030
78.03,1330
77.53,1853
77.49,1411
77.11,1758
76.98,2714
76.96,414
76.92,817
77.15,1489
77.2,1547
77.42,726
77.29,1088
77.44,1344
77.07,316
77.12,508
77,2326
76.74,3934
76.53,1651
76.64,1183
76.66,2040
76.32,2639
76.23,6100
76.16,3030
76.37,1994
76.17,2300
76.12,2738
76.13,11951
78.2,9753
79.04,5816
78.72,6381
79.19,6631
78.93,1888
78.76,8197
79.07,8372
79.39,27973
79.58,10653
80.04,3627
79.81,898
80.02,3336
80.44,6460
80.79,5720
81.59,2001
81.08,2736
81.62,9178
81,5173
80.67,2615
80.41,1185
80.55,941
80.79,1112
80.85,1595
80.83,1764
81.05,822
81.29,2956
81.24,2129
81.09,2554
81.36,1948
81.33,3267
81.21,5671
81.55,7888
82.13,2631
82.17,5366
82.47,4023
82.51,6203
82.38,13220
81.89,22157
81.8,32901
80.41,7181
80.86,4925
79.78,5969
80.32,1377
80.28,1631
80.52,3654
80.3,2065
80.02,1651
79.64,2672
79.45,3355
78.75,2994
78.46,2837
78.26,1449
78.01,2061
78.34,2161
78.4,2468
78.06,2521
77.84,2485
77.85,1999
77.9,822
77.69,1848
77.59,1740
77.32,745
77.42,1165
77.37,1896
77.59,493
77.55,1475
77.51,2592
77.56,2387
77.8,2127
77.74,2336
77.76,2042
77.68,2978
77.85,3269
78.02,1868
78,1937
78.03,4394
77.93,5061
78.01,32632
81.76,14889
82.1,5457
82.48,4856
82.86,10089
83.83,17941
83.77,7501
84.03,5650
84.48,6380
84.87,14210
84.17,9972
83.83,5981
83.54,5187
83.59,5872
83.8,8015
83.34,9679
83.36,14103
82.86,14298
82.43,6336
82.56,7019
82.22,4431
82.47,5551
82.14,4349
82.52,3125
82.53,3276
82.73,5664
82.9,5455
83.12,8432
82.82,5324
83.07,4739
82.96,5672
82.67,7647
82.56,2464
82.33,4815
82.48,4848
82.47,4151
82.54,4897
82.49,7414
82.36,16737
82.72,32362
83.79,4313
83.04,6085
81.76,4325
81.42,2665
81.69,6028
81.63,781
81.57,1888
82.38,2580
82.38,3280
82.12,6133
81.94,3470
82.01,4589
82.34,909
82.17,331
82.16,2362
82.33,1710
82.13,1250
81.94,1063
82.2,1066
81.82,2331
82.12,1251
82.03,1684
82.15,1455
81.78,2538
82.06,2509
82.04,3708
82.12,2963
82.16,1355
82.53,1400
82.59,1152
82.9,1936
82.74,237
82.7,1505
82.76,3611
83.02,5558
83.25,6190
83.04,9519
82.98,6167
82.81,31348
79.33,29740
75.94,18052
76.89,4658
77.39,9554
76.22,11460
76.33,10236
75.85,2212
75.6,6971
75.5,5554
75.2,3059
74.93,3293
74.92,9395
74.7,6504
74.68,6218
74.73,8113
74.84,5649
75.15,3971
74.94,6088
74.89,6745
74.83,11639
74.29,9340
74.21,10149
73.92,6814
74.04,5096
74.15,12007
74.07,11543
74.15,9180
74.45,8484
73.8,13815
73.92,7208
74.02,5546
74.41,5530
74.17,4689
74.09,6652
73.83,5822
74.2,3800
74.06,9684
73.74,18470
73.7,46140
72.57,14398
72.39,9495
71.3,18718
72,18114
72.17,12644
71.88,11375
72.13,9223
71.98,8344
71.9,7430
71.85,17932
71.6,6346
71.44,13389
71.08,10752
70.78,5725
70.76,4069
70.82,3512
70.86,3568
70.65,2514
70.53,5086
70.26,1928
70.37,5319
70.58,4643
70.7,9302
70.76,5345
70.61,3749
70.61,6492
70.91,5422
71.06,7062
71.08,2319
70.72,4447
70.66,2909
70.82,5178
70.83,10020
70.91,9018
70.82,3915
70.59,7342
70.49,7548
70.26,13483
70.48,37604
70.99,5940
70.52,5001
69.97,7978
69.85,9776
70.27,5420
70.09,4554
69.92,6078
69.69,4794
69.33,2129
69.5,3506
69.39,1082
69.37,2668
69.03,2839
69.39,2701
69.47,2218
69.51,1319
69.54,526
69.71,1089
69.82,2609
69.72,936
69.74,1385
69.84,1530
69.88,1283
69.87,2601
70.06,3002
69.98,1171
69.97,3433
70.06,3604
69.49,2219
69.43,4587
69.44,6154
69,7645
68.77,5384
68.25,8648
68.14,3551
68.11,5326
68.1,5313
67.99,10772
68.21,26235
69.32,21444
65.03,15365
66.83,11011
67.59,4782
66.93,16571
66.93,5532
67.34,3525
66.66,1542
66.61,3982
66.81,3725
66.29,2955
66.24,3002
66.34,3402
66.3,1686
66.39,3083
66.63,2473
66.43,1499
66.67,4348
66.84,2020
67.06,2235
67.73,1736
67.55,1146
68.02,426
67.71,1340
67.4,1136
67.84,1913
67.44,2868
67.78,959
67.42,678
67.37,1058
67.57,3157
67.56,1266
67.65,2000
67.37,1462
67.56,1523
67.53,5873
67.7,4988
67.35,6066
67.3,29010
65.57,4803
65.62,3338
65.48,5510
65.33,5087
64.64,3207
65.02,3674
64.88,1262
64.93,2483
64.99,2518
65.29,3970
65.8,2554
65.99,1392
65.88,4247
66.27,3055
66.26,2861
66.35,2994
66.68,3690
66.72,2470
66.82,2318
66.58,1627
66.51,1212
66.41,746
66.62,1542
66.47,1411
66.64,2828
66.72,4126
67.2,9691
67.58,3938
67.24,3393
67.19,730
67.4,3046
67.5,2353
67.43,3792
67.34,1711
67.22,2416
67.28,3910
67.29,4536
67.29,8583
67.44,20139
67.59,5937
67.78,4479
67.77,1389
68.12,1150
68.15,4739
67.89,1198
68.12,2154
67.68,896
67.75,581
67.65,572
68.13,1611
68.25,7098
68.19,3615
68.04,1116
68.22,3982
68.25,968
68.2,2060
68.26,1802
68.13,784
68.15,1396
68.25,1199
68.21,1885
68.19,535
68.04,1177
68.11,448
68.04,1203
67.88,1030
67.73,1028
67.78,1192
67.92,3240
68.2,6080
68.05,1875
67.97,1424
67.93,1622
67.89,949
67.92,4438
67.87,2447
67.75,4108
67.72,15182
68.48,2319
67.2,2463
66.86,2431
67.29,2488
67.31,2672
66.9,1384
66.73,2003
66.54,3700
66.08,2804
66.34,898
66.62,1946
66.65,2304
66.81,604
67.07,1909
66.91,1573
67.07,1327
67.26,1362
67.39,1145
67.32,813
67.21,407
67.3,819
67.25,1105
67.29,1001
67.3,950
67.27,1571
67.35,1883
67.27,1787
67.05,2978
67.17,516
66.86,936
66.75,1123
66.93,2506
67.07,1584
67.3,1744
67.51,2371
67.51,2806
67.56,3460
67.48,4925
67.63,15791
67.96,3928
68.11,1833
67.87,1331
67.69,2282
67.84,2822
68.02,2596
67.25,2189
67.43,1319
67.01,822
66.91,2822
66.81,1277
66.95,681
67.11,1027
66.67,1716
66.99,422
66.8,382
66.73,358
66.68,1324
66.66,1254
66.83,312
66.69,515
66.71,118
66.78,343
66.62,945
66.75,1132
66.84,964
66.56,859
66.61,2147
66.42,2008
66.36,1451
66.42,658
66.45,442
66.42,1046
66.43,2540
66.28,1701
66.32,2050
66.53,1363
66.7,4274
66.61,15230
69.09,15060
71.3,4632
71.37,8316
72.55,9580
71.68,6411
71.45,9514
70.62,3394
70.79,2293
70.16,3043
69.79,2554
70.01,2049
69.61,3021
69.66,1612
69.77,1740
69.81,4410
70.39,1941
70.72,784
71.05,3446
70.96,4795
70.79,1717
70.66,2938
70.67,1251
70.35,1696
70.5,915
70.15,1331
70.33,1491
70.07,2680
70.32,956
70.19,912
70.19,1398
70.27,2178
70.21,6222
70.07,4390
70.08,5449
70.15,1010
70.22,1545
70.09,4654
69.64,6003
69.41,20505
71.96,21383
72.11,9389
72.3,6298
72.21,5495
71.61,5408
71.56,7123
71.48,3437
72.1,7698
72.41,9174
73,9735
73.34,8812
73.47,6873
73.22,4091
73.5,6317
73.38,5402
73.54,2397
73.69,3915
74.12,2454
73.88,2013
73.89,4495
74.31,4305
73.95,2082
73.92,2596
74.01,1738
74.14,1916
74.2,4449
74.13,6663
74.38,1972
74.51,2643
74.74,1009
74.89,1253
74.84,5176
75.3,6911
75.55,8062
75.75,3909
75.93,3817
75.94,7392
75.68,14433
75.28,66375
84.12,52566
81.67,94150
80.61,31431
80.41,54641
81.11,43555
80.46,19329
80.3,8766
80.79,7469
81.3,6953
81.97,27421
82.02,2915
81.89,19948
81.13,5438
81.35,17486
81.85,27453
81.78,5076
82.09,4149
81.91,10871
81.74,3939
81.43,2355
82.12,16948
81.39,4091
81.1,1440
80.64,1541
80.3,14809
80.32,4955
80.59,5298
80.23,3841
79.8,5724
79.93,14434
79.99,1658
80.12,3492
80.06,8743
80.12,18303
80.01,4992
79.87,6715
80.24,8164
80.11,15824
79.52,42800
77.19,14597
76.33,3467
76.87,3245
77.22,4851
78.56,5867
78.24,3839
77.89,10057
77.95,3003
78.21,2537
77.83,2477
78.43,2266
78.63,1780
78.71,1831
79.25,4540
78.98,3538
78.5,2428
78.24,1977
78.55,1679
78.7,1437
78.81,477
79.01,749
78.64,1070
78.7,635
78.67,540
78.16,733
78.18,1532
78,1908
77.93,2117
77.49,6951
78.25,2339
78.41,3956
78.16,1901
78.15,1481
77.85,2196
77.9,1107
77.94,1304
77.69,2885
77.77,7326
77.52,25691
80.42,3749
78.7,5601
79.74,4471
79.24,5358
79.51,7153
79.24,3338
78.87,3802
79.23,4492
79.49,3705
79.5,4214
79.82,5548
79.81,2322
79.48,2685
79.21,4902
79.02,6161
78.87,5733
78.89,1596
79.03,3226
79.04,1564
79.26,1520
79.57,2960
79.63,964
79.64,100
79.7,403
79.61,2968
79.55,1307
79.39,2580
79.51,1193
79.77,2084
79.76,1633
80.14,1573
80.02,684
80.06,1760
80.13,1140
80.24,2517
80.41,6057
80.54,4002
80.99,6827
81.27,23797
78.67,3635
79.79,6034
79.18,2999
79.24,5897
79.67,1803
79.49,1256
79.95,2440
80.08,1483
79.93,473
80.15,2215
80.11,1807
80.02,1773
79.8,1723
79.85,1486
79.76,462
79.8,1131
79.63,1726
79.68,1283
79.39,784
79.31,311
79.31,642
79.61,748
79.77,1226
79.78,1693
80.12,848
80.15,307
80.15,1324
80.41,904
80.07,330
79.97,222
79.87,1527
80.07,1726
80.33,1195
80.35,2523
80.47,4115
80.39,1261
80.18,2742
80.26,3776
80.54,16851
80.66,3796
81.71,1492
81.08,1340
81.37,1646
81.21,5583
81.2,2531
81.26,200
81.3,1356
81.5,1362
81.22,241
81.21,411
81.21,0
81.23,1075
81.26,919
81.05,1020
80.92,1103
81.01,1315
81.15,788
81.09,301
81.38,851
81.52,1102
81.68,2904
81.63,2418
81.53,1732
81.22,964
81.28,1420
81.36,885
81.55,848
81.51,1194
81.46,407
81.56,1486
81.34,721
81.28,2831
81.24,2978
81.07,2510
80.85,1132
81.08,2412
81.03,7514
81.4,16580
80.78,4070
81.55,3863
81.9,7247
82.01,2148
82.27,2390
82.12,6153
82.71,620
82.75,350
82.74,797
82.5,747
82.6,922
83.04,3268
82.88,809
83.07,2941
82.96,1668
83,2620
83.55,2100
83.39,2112
83.41,724
83.24,8330
83.31,988
83.52,3024
83.74,4506
83.71,559
83.59,789
83.36,2728
83.34,810
83.37,3344
83.29,436
83.09,1843
82.92,3680
82.59,2719
82.67,3446
82.56,5098
82.34,6830
82.14,10064
82.23,9807
82.3,25070
83.46,43898
81.35,6775
80.48,1351
80.18,3731
81.3,4323
81.64,1726
81.68,2655
81.73,787
80.94,2313
80.55,2668
80.74,3919
80.69,2129
80.29,3883
80.16,3573
80.33,1066
80.16,1519
80.26,456
80.23,685
80.14,3038
80.14,3170
80.18,4934
80.04,1322
79.77,3006
79.8,4497
79.85,2303
80.08,5483
80.33,779
80.29,1934
80.29,3928
80.4,1196
80.26,2281
80.15,2023
80.09,5005
80.03,3162
79.92,1628
79.62,1766
79.8,1998
79.76,5657
79.83,9658
79.72,25817
76.5,11795
76.85,5047
77.1,2417
77.76,2286
77.98,6430
77.5,2524
77.56,2770
77.52,1963
77.75,720
77.56,2652
77.4,5299
77.67,987
77.87,429
77.88,1382
77.62,856
77.57,1532
77.45,490
77.61,1011
77.59,1697
77.52,1221
77.76,1037
77.61,484
77.65,1042
77.69,1531
77.47,799
77.72,935
77.56,1232
77.27,1851
77.17,521
77.14,695
77.33,1903
77.48,1164
77.49,2340
77.5,679
77.51,2044
77.5,4510
77.6,4479
77.53,5494
77.39,23140
76.41,418
76.97,2070
76.47,300
76.29,2362
76.41,510
76.85,862
76.87,534
76.87,0
76.99,1058
77.15,410
77.19,281
77.49,885
77.52,326
77.46,528
77.35,576
77.35,0
77.35,0
77.17,187
77.27,795
77.27,0
77.38,426
77.37,156
77.37,0
77.39,555
77.54,184
77.77,226
77.77,536
77.84,416
78.08,100
78.23,749
77.99,100
78.03,824
78.16,809
78.24,5785
78.44,679
78.22,1260
78.3,2811
78.05,2110
78.2,9181
76.47,2593
77.86,798
78.2,1500
79.33,2471
81.38,2053
80.82,1721
81.14,4553
81.15,1922
80.61,1254
80.89,1996
80.74,1005
80.79,669
80.87,1560
80.64,836
80.63,1183
80.48,235
80.65,792
80.38,786
80.41,492
80.55,201
80.56,1856
80.9,100
80.84,688
80.79,766
80.61,578
80.67,1014
80.78,703
80.63,1134
80.62,548
80.78,725
80.72,834
80.78,695
80.74,835
80.83,1001
81,1054
81.03,1465
80.81,2090
80.93,2513
80.76,12858
79.78,8481
79.84,7707
79.7,4385
80.27,3402
80.98,2668
80.99,1086
81.11,1203
80.91,4809
81.11,1099
81.22,998
80.96,1214
80.99,1319
81,1887
81.19,963
81.17,221
80.97,859
80.8,749
80.7,213
80.7,723
80.58,707
80.58,0
80.65,448
80.65,0
80.66,371
80.51,549
80.56,103
80.74,1839
80.66,139
80.66,0
80.21,803
80.21,0
80.21,500
80.21,807
80.35,413
80.41,526
80.29,218
80.28,784
80.33,1389
80.46,12027
81.28,2020
81.71,1555
82.11,251
82.25,396
82.25,1034
82.34,1505
82.16,294
81.42,206
81.39,679
81.26,475
81.05,743
80.9,440
80.82,311
80.79,376
80.87,398
80.87,0
80.87,0
80.48,508
80.48,264
80.65,400
80.63,669
80.63,349
80.36,240
80.47,118
80.5,330
80.5,0
80.5,0
80.29,1215
80.27,1316
80.3,237
80.49,310
80.47,3460
80.29,2695
80.29,0
80.47,1947
80.41,1250
80.44,3729
80.35,4148
80.4,20071
80.52,4888
82.78,6313
83.62,5952
84.02,10107
84.69,3125
84.29,1406
83.88,1941
83.38,2437
83.35,1409
83.77,1324
83.79,1242
84.38,1032
84.92,2130
84.95,2741
85.48,3478
85.67,2736
86.01,2824
86.12,2412
86.24,2226
86,1875
85.87,941
85.71,3874
86.31,476
86.45,3194
86.44,3230
86.52,3167
86.53,211
86.4,1368
86.56,1662
86.57,5932
86.69,3414
86.56,3450
86.6,3465
86.45,8002
86.65,9476
86.56,8579
86.84,6929
86.79,16290
86.88,23022
85.9,11602
84.21,8315
84.1,4631
84.48,6167
84.18,1087
83.92,2371
83.85,1788
83.88,2026
83.57,1756
83.2,3296
83.04,9024
83.18,630
83.51,5106
83.6,1065
83.49,2706
83.48,1230
83.34,3486
83.36,1450
83.23,786
83.15,1980
83.35,505
83.15,594
83.21,343
83.01,1073
82.94,829
83.01,143
83,3504
83.47,3098
83.68,1176
83.62,2440
84.03,1099
84.03,1565
83.87,1389
84.02,726
83.89,2583
83.91,1823
83.85,4287
83.91,5188
84.12,18843
84.92,993
85.14,1150
85.41,1152
85.68,3038
84.61,767
84.26,1093
84.33,1342
84.38,596
84.2,1532
84.43,360
84.38,254
84.32,431
84.34,557
84.32,232
84.32,562
84.54,207
84.59,781
84.47,601
84.32,667
84.3,742
84.15,683
84.18,642
84.17,804
84.26,828
84.22,106
84.11,206
84.24,178
84.04,575
83.91,645
83.88,1389
83.94,756
83.77,811
83.77,1036
83.79,1641
83.95,619
83.95,572
83.76,1960
83.85,3290
84.01,13249
81.08,6810
79.62,9842
79.44,3720
80.09,8450
79.77,4581
79,9921
79.14,10559
78.85,13440
78.36,5057
78.75,1674
78.58,2733
78.61,4137
78.52,9633
78.69,6401
78.52,4624
78.73,2951
78.51,13584
78.8,10308
78.51,6610
78.73,1032
78.82,1351
78.96,376
78.92,3355
78.85,1258
79.08,2149
79.07,585
79.05,2448
79.03,3302
78.88,1378
78.69,1564
78.71,3087
78.66,4444
78.54,2507
78.64,2850
78.79,1862
78.89,4917
78.87,7878
78.85,9263
78.76,33425
78.17,2288
79.18,2934
79.9,948
79.2,1111
79.82,1520
79.83,1022
79.34,1311
79.16,880
78.89,580
78.89,969
78.69,553
78.65,974
78.71,1117
78.64,1149
78.73,434
78.73,1619
78.59,323
78.87,271
78.84,116
78.92,102
78.93,906
79.37,252
79.66,110
79.33,293
79.36,920
79.11,466
79.04,1556
78.92,130
78.78,342
78.98,1201
79.05,337
78.91,893
79,541
78.81,591
78.81,0
78.6,1116
78.88,1947
78.89,5547
79.04,13039
78.6,1897
78.01,527
78.03,233
78.28,694
77.47,1777
77.88,283
77.88,0
78.08,1642
78.29,2147
78.38,2778
78.37,1376
78.37,0
78.37,0
78.4,282
78.3,118
78.58,1589
78.67,1098
78.64,1967
78.67,501
78.55,483
78.53,100
78.53,0
78.67,2461
78.69,405
78.55,100
78.55,262
78.58,350
78.43,558
78.52,200
78.52,635
78.47,4061
78.25,2149
78.35,997
78.45,847
77.99,643
78.24,2413
78.27,1055
78.37,2031
78.36,8184
81.43,11723
83.33,6935
83.47,8905
83.81,2912
82.46,1748
81.78,1879
81.17,417
80.76,729
80.4,3467
80.48,1859
80.38,338
80.51,852
81.06,523
80.92,709
80.76,387
80.85,795
81.05,940
80.86,393
80.83,1156
80.73,151
80.72,200
80.73,768
80.58,425
80.49,810
80.46,503
80.21,3202
80.07,4322
80.38,2460
80.42,2085
80.41,1819
80.37,3948
80.35,1710
80.4,5372
80.44,4033
80.68,13527
80.77,2147
80.51,2729
80.57,5068
80.52,29579
81.18,1530
80.38,4393
80.13,2867
79.53,3351
79.87,3399
79.41,1070
79.82,1117
79.67,830
79.63,1313
79.54,4141
79.83,1591
80.38,2500
80.94,2416
81.08,1455
80.88,819
80.48,113
80.42,642
80.47,945
80.48,760
80.51,287
80.51,403
80.48,502
80.43,516
80.62,100
80.57,122
80.63,1735
80.8,1266
80.65,589
80.63,609
80.86,606
80.98,1004
81.17,437
81.19,1070
81.1,1063
81.16,2089
81.04,1068
81.07,3780
80.99,2803
80.94,15816
74.2,47511
71.47,23320
72.96,23816
72.87,11531
72.52,6063
72.7,12911
72.99,14545
72.75,12424
72.4,10579
72.02,10345
71.65,8068
71.98,10939
71.3,20627
71.21,20657
71.23,10454
71.61,16755
72.22,5101
72.14,4528
72.48,18802
72.69,8756
72.72,10055
72.39,10609
72,11465
71.99,11196
71.81,7469
71.63,8885
71.33,8519
71.48,5879
71.41,6418
71.62,9871
71.72,6964
71.7,5785
71.57,6239
71.43,7338
71.82,7394
71.45,12806
71.22,20687
71.01,23747
71.22,65527
72.5,5574
72.17,5313
73.15,3700
73.3,3906
73.7,2750
73.31,3917
73.38,4515
73.35,3252
73.03,4121
73.21,1735
73.07,2331
73.04,2313
73.02,2170
73.07,1492
72.8,2109
73.24,4639
73.19,7868
72.86,1999
72.78,2531
72.6,1919
72.49,2684
72.56,3082
72.74,1325
72.78,2307
72.86,2374
72.61,2329
72.73,4028
72.76,2890
73.11,5642
72.97,5341
72.95,4154
72.88,6342
72.68,5956
73.01,7862
73.05,7577
72.86,6040
72.62,14148
72.62,16363
72.92,31231
70.56,9580
73,2550
72.5,2116
73.35,2271
73.35,829
73.5,766
73.79,1694
73.82,1381
74.02,1608
73.91,3410
73.83,2680
73.96,1312
73.94,1266
73.75,2541
73.75,1451
74.03,2610
74.24,2578
74.39,1331
74.23,1649
74.39,1320
74.58,366
74.63,3050
74.89,1741
74.94,2217
74.92,1362
75.05,4808
75.12,1218
75.02,1498
74.86,1713
74.67,2613
74.49,4516
74.53,3739
74.66,4544
74.43,4647
74.41,2971
74.37,4306
74.29,3239
74.39,3936
74.35,13346
73.84,1255
72.85,1358
73.29,998
73.61,653
74.23,1052
74.2,415
74.08,1062
73.83,211
73.77,720
73.66,350
73.6,208
73.73,203
73.71,349
73.99,365
73.85,409
73.72,311
73.92,1227
74.09,2691
74.21,1800
74.32,1088
74.35,304
74.5,244
74.62,1150
74.98,1243
75.12,911
75.15,2080
75.08,531
74.94,313
75.11,1484
75.06,194
75.2,220
75.39,526
75.55,261
75.23,3119
75.1,4178
75.39,1643
75.29,468
75.33,1912
75.85,19526
77.46,4577
78.32,5807
79.61,4247
79.46,6748
79.96,4899
79.97,2564
80.65,3933
80.52,1933
80.94,2427
81.06,3579
80.79,1252
80.52,2966
79.76,3653
80.01,1136
80.25,3203
80.52,1805
80.52,3207
80.18,1843
80.18,1469
80.24,889
80.3,944
80.24,1397
80.63,3232
80.43,2609
80.44,1656
80.48,3862
80.73,1982
80.66,1871
80.48,1599
80.55,1550
80.5,2315
80.26,1832
80.39,1350
80.3,3477
80.59,2990
80.85,7056
80.72,3601
80.5,6557
80.81,31137
81.41,3040
79.58,1747
80.4,974
80.39,1270
80.82,810
80.33,1245
80.34,1540
80.57,2032
80.25,1603
80.19,511
80.34,1809
80.19,1227
80.18,1635
80.26,893
80.2,845
80.46,532
80.13,789
80.3,535
80.19,161
80.22,1827
80.06,1859
79.71,2021
79.89,429
79.96,1326
80.12,1082
80.21,825
80.01,437
80.04,657
80.07,1162
80.04,1473
80.09,1568
80.09,1982
80.4,1970
80.37,1482
80.37,820
80.44,2526
80.38,2358
80.59,4912
80.69,14977
79.92,1082
80.33,1411
80.28,926
80.27,2490
79.75,1439
79.56,591
79.47,1347
79.46,595
79.8,315
79.72,125
79.48,2219
79.25,8577
79.3,1674
79.6,566
79.49,317
79.49,0
79.73,348
79.73,0
79.51,943
79.67,325
79.58,334
79.71,1253
80.08,626
80.01,148
80.1,409
80.21,701
80.41,912
80.64,1407
81.12,3980
80.13,841
80.63,4030
79.56,12092
79.21,4041
79.81,6369
79.61,6568
79.66,4800
79.62,6663
79.8,4826
79.92,24523
80.36,1147
79.56,779
79.71,2360
79.67,2930
79.2,1602
79.51,1191
79.67,2225
79.63,2173
79.4,1018
79.15,1355
79.28,1829
79.52,5054
79.58,3164
79.8,3642
79.72,2882
79.62,2319
79.79,1072
79.85,593
80.29,210
80.29,0
80.1,490
80.09,169
80.15,107
80.06,258
80.18,265
80.35,394
80.29,511
80.29,0
80.14,303
80.08,214
80.19,642
80.4,1120
80.58,1045
80.82,2030
80.93,548
80.97,2847
81.02,1619
80.9,3880
80.91,12190
81.37,2920
81.14,861
82.15,1123
82.24,1788
82.8,2728
82.74,1411
82.81,1114
83.37,976
82.82,361
82.52,429
82.49,908
82.43,358
82.3,251
82.17,695
82.07,797
81.89,1066
81.68,111
81.65,1586
81.66,910
81.58,654
81.76,290
81.91,712
81.86,215
81.81,105
81.74,271
81.65,1104
81.49,223
81.52,764
81.38,275
81.26,837
81.32,603
81.39,1121
81.46,602
81.74,1628
81.63,2247
81.73,1309
81.86,4982
81.45,4021
81.76,11511
80,2611
79.83,1053
80.08,2184
80.36,5250
81.29,5037
81.17,4242
81.08,11822
80.55,2132
80.93,2070
81.48,1894
81.69,2105
81.84,1797
81.29,1061
81.04,1456
81.05,1341
81.31,694
81.59,327
81.24,1111
81,752
81.23,1173
81.08,1033
80.97,311
81.04,1532
81,1139
81.05,491
81.02,526
81.22,1382
80.94,485
80.98,725
81.16,515
81.16,680
81.16,1556
81.26,1352
81.26,863
81.16,1160
81.05,910
81.08,5120
80.89,9848
80.76,14782
80.2,1820
80.4,954
81.33,3976
82.55,1304
82.77,1192
82.09,1862
82,2294
82.05,663
82.36,1032
82.41,1163
81.93,752
82.25,553
82.27,932
82.13,1842
82.18,203
81.99,1519
81.38,1740
81.28,608
81.11,1850
81.34,100
81.49,201
81.42,524
81.27,667
81.03,628
80.83,308
80.19,646
80.15,140
79.97,200
79.74,202
79.68,363
79.77,1351
80.05,1273
79.93,1527
79.79,605
79.71,450
79.59,1300
79.41,1871
79.3,1382
79.23,19707
83.81,2921
84.24,2175
83.82,2281
82.79,3557
82.23,1354
82.27,1239
82.42,659
82.96,1383
82.67,300
82.64,431
82.32,1391
81.61,1292
81.87,1522
81.66,623
81.46,834
81.18,1976
81.01,903
81.18,2182
81.65,2609
81.49,1523
81.59,2044
81.6,1428
82.01,991
82.24,350
82.5,1515
82.43,1099
82.1,1441
81.8,1707
81.87,307
81.81,811
81.8,744
81.84,1485
81.68,169
81.46,320
81.72,1526
81.62,2584
81.59,3399
81.48,2517
81.37,13355
80.84,3025
81.64,5249
82.19,2602
83.63,6093
84.39,9873
84.13,2885
85.06,3127
85.47,4689
86,2031
85.84,536
85.81,3310
86.13,1236
85.85,2253
86.17,2068
86.31,1016
86.27,1188
86.34,591
86.35,1329
86.51,1111
86.07,1007
85.89,1286
85.76,1276
86.32,136
86.14,2224
85.17,2334
84.67,759
84.15,1009
84.01,4396
84.18,1738
84.59,1013
84.64,595
84.93,1167
84.88,1424
85.02,644
85.03,1629
85.02,2694
85.38,3263
85.37,2420
84.43,14988
83.1,2109
86.63,4744
87.83,4216
88.77,2462
87.46,3727
87.59,2243
86.95,3860
86.98,2264
87.26,2813
87.17,2384
87.52,2214
87.15,2104
86.94,1291
87.56,1629
87.68,538
87.3,575
87.49,305
87.77,844
87.74,444
87.84,2478
87.43,384
87.47,1226
87.39,931
87.76,706
87.64,1783
87.45,907
87.16,1477
87.45,739
87.38,513
87.33,2348
87.46,1092
87.87,639
87.87,835
87.79,2294
87.59,1522
87.77,1958
87.66,5374
87.76,7742
87.28,24925
90.41,6033
86.87,3928
86.79,1988
85.95,1166
86,3182
86.22,2515
85.69,707
86.86,1605
86.86,946
86.74,873
86.7,828
86.64,1485
87.19,988
86.8,1285
86.63,678
86.5,533
86.67,135
86.64,1276
86.79,1762
86.79,0
86.51,253
86.46,1587
86.51,688
86.43,1300
86.24,223
86.67,1497
86.34,822
86.2,449
86.44,895
86.49,813
86.78,1323
86.69,915
86.83,517
86.74,2051
86.58,846
86.5,1329
86.46,2112
86.75,5411
86.83,14406
84.3,16168
81.75,6466
81.86,2985
82.48,2954
82.12,10818
81.41,13066
80.85,7712
80.49,5248
80.94,3938
80.84,22721
80.09,5057
79.83,5538
79.86,8103
80.4,10336
80.22,6107
79.95,2625
80.05,370
80.19,504
80.34,585
80.17,1652
79.98,4362
79.74,4183
79.76,3855
79.36,5683
79.11,6210
79.13,1901
79.28,2902
79.13,3296
79.21,3741
79.09,5949
79.1,2805
79.12,4152
78.97,9457
78.95,4512
79.75,3552
79.74,1823
80.17,2538
80.16,5542
80.35,26132
81.74,6201
83.39,2407
83.04,6040
84.47,2648
84.38,2478
84.53,3250
84.23,1932
84.91,1005
84.62,1505
84.07,3179
83.64,3491
83.94,1151
84.37,2396
84.6,313
84.63,1850
84.61,2250
84.34,4137
83.8,3428
83.8,706
83.45,3521
83.41,733
83.41,1978
83.35,651
83.48,640
83.62,955
83.48,1287
83.24,2130
83.43,1938
83.42,1660
83.6,1562
83.6,1352
83.9,2097
83.83,1710
83.77,1659
83.88,5439
83.65,8674
83.79,5904
83.94,6038
83.94,25062
85.11,1440
87.77,3948
89.04,2436
87.53,491
86.74,4104
86.5,900
87.36,493
86.67,3669
86.52,2635
86.06,628
86.5,2813
86.3,1440
86.32,1130
86.78,1046
86.73,1445
86.58,1667
86.29,1738
86.42,982
86.38,832
86.38,1414
86.02,1830
85.94,612
86.19,1112
86.05,393
86.18,1491
86.4,484
86.53,1381
86.83,1500
87.11,976
87.02,1101
87.12,2028
87.03,1748
87.12,4015
87.17,153
87.24,2370
87.1,2632
87.14,1113
86.99,4438
87.19,21392
86.32,1852
86.76,952
86.59,733
86.17,531
85.84,1128
85.91,157
85.98,2047
86.89,1688
87.34,632
87.31,501
87.3,1289
87.78,1473
87.76,1061
87.51,1212
87.96,1325
87.99,249
88.12,851
88.09,101
88.09,0
88.44,237
88.08,206
87.89,1060
87.83,890
87.77,801
87.81,429
87.68,216
86.97,2019
86.72,2609
86.76,1330
87.36,915
86.97,528
87.03,546
86.89,1833
86.93,808
87.22,1863
87.65,2102
87.74,1877
87.67,6178
87.56,20152
89.54,1753
88.1,6135
89.65,1167
90.21,2755
90.24,2726
91.27,3571
91.61,2251
91.28,3315
91.63,2160
91.75,1515
92.25,5828
92.64,1167
92.9,2468
92.91,3106
93.04,4225
92.31,1654
92.47,1239
92.26,2719
92.52,652
92.29,953
92.27,1605
92.24,346
92.36,474
92.06,420
92.04,2197
91.72,3918
91.71,2440
91.84,1237
91.86,777
91.67,1447
91.66,2376
91.53,2294
91.68,4458
91.81,1474
91.63,2494
91.71,1973
91.61,3974
91.45,6260
91.52,16551
91.65,1969
91.06,1734
92.35,734
91.29,1741
90.94,3801
90.9,1691
90.68,2366
91.12,3658
90.74,2326
90.95,5523
89.65,5322
90.04,4009
90.35,3779
89.69,2560
88.91,3468
89.74,928
89.82,726
89.54,782
89.96,2933
90.86,3323
90.68,2964
90.58,477
91.07,1210
90.86,1123
90.93,650
90.86,2864
90.97,3123
90.68,1698
90.94,906
90.73,1320
90.69,1744
90.45,1044
90.5,1675
90.7,2543
90.45,1228
90.4,1139
90.19,1629
90.44,1274
90.14,6523
91.01,4716
89.56,1210
89.61,1083
89.87,3392
89.99,1625
90.02,1649
89.74,840
89.73,1961
90.24,1734
90.4,2047
91.54,1697
91.82,2148
91.36,651
91.21,346
91.43,580
91.04,1274
91.27,637
91.36,605
91.4,2501
91.45,1814
91.24,2023
91.4,483
91.81,467
91.7,219
91.77,982
91.87,1890
92.16,1574
91.7,2383
91.91,828
91.42,2026
90.74,2017
90.58,3329
90.6,2343
90.87,3213
91.26,2658
91.22,3268
91.13,4295
91.35,3759
91.41,16891
94.24,5289
96.13,18164
97.33,16363
98.32,10383
98.19,11040
98.99,16858
97.82,9021
97.35,7179
97.75,6865
98.95,8454
98.09,5724
98.11,4016
97.35,4057
96.87,3845
97.66,2502
97.82,3390
98.39,5335
98.89,1972
98.92,1706
98.6,6563
98.35,3013
97.17,2820
96.72,3338
96.43,7225
96,6631
96.03,2969
96.18,1879
96.27,2203
95.56,1293
95.53,1636
95.48,1190
95.3,644
95.28,2609
95.76,1848
95.52,4473
95.49,4083
95.48,4160
95.51,4715
95.66,25038
94.41,10410
94.67,4846
93.68,1359
93.53,4232
94.22,2112
93.38,3354
93.41,3559
93.79,9970
94.07,3880
92.66,6005
92.9,10882
93.88,4401
92.35,3812
92.84,2439
93.12,1588
92.87,4085
92.91,1375
92.54,3703
92.77,2567
93.07,2335
92.02,1934
91.59,1400
91.13,631
91.2,756
91.74,1654
91.99,468
91.94,5209
91.18,3322
90.91,1101
91.15,3410
91.19,1322
90.97,2383
90.74,3206
90.96,2314
90.61,6413
90.33,3103
89.98,3007
89.33,4200
90.04,19047
92.11,6422
92.49,5902
94.29,8176
96.08,5456
96.57,2611
95.68,3080
96.41,2673
97.08,1641
96.57,1068
96.74,902
96.95,1658
97.31,2411
96.94,1840
97.77,1844
98.37,1991
98.21,3969
98.01,1761
98.13,1143
98,2416
97.68,2310
97.56,1069
97.55,1379
97.26,1601
96.29,693
96.13,1631
95.95,2542
95.53,3860
96.3,1285
96.47,1310
96.68,701
96.5,660
96.29,1878
96.12,1620
95.78,1311
95.94,2190
95.9,2628
95.74,2764
95.44,3609
95.4,20485
92.17,8393
91.34,3857
91.26,4593
92.7,3299
92.75,2598
93.28,2179
93.41,2793
94.44,1029
93.53,1304
93.76,1570
93.43,2552
94.08,973
94.87,538
94.78,2368
95.37,2918
94.88,437
95.11,788
95.4,3053
96.06,607
96.04,1482
96.5,1681
96.42,2881
96.05,1217
95.97,906
96.06,2647
96.59,739
96.8,821
96.84,1773
96.67,813
96.58,1489
96.61,796
96.52,1897
96.67,2225
96.71,1512
96.67,2620
96.83,2461
96.68,7233
95.93,4176
95.66,19288
98.03,5344
96.9,2614
96.85,2803
98.29,3809
97.9,421
98.61,6398
98.31,5314
97.36,2632
96.7,6035
97.3,1961
96.97,1137
97.17,1342
97.22,2490
97.6,1551
97.06,4653
97.69,927
97.38,1017
97.36,303
96.81,503
96.96,927
96.8,2554
96.62,3590
95.86,5071
95.56,11890
96.14,3024
96.73,1481
96.8,759
97.52,1522
97.52,0
97.36,3339
97.21,454
97.26,1236
97.46,1901
98.14,2027
98.35,3011
98.56,4646
98.73,4654
98.11,2074
98.06,19742
98.14,2208
97.36,1154
97.1,2034
97.16,4052
97.23,2667
96.98,956
97.78,1294
97.65,3272
96.8,2503
96.57,2257
96.76,3693
96.95,2645
96.19,4453
95.38,4382
95.06,3963
94.95,4170
95.13,4001
94.81,5158
94.61,7035
94.38,7588
94.29,3406
95.05,3432
94.73,1861
95.25,2130
95.4,2711
94.86,2575
94.7,2565
94.85,3289
94.48,3961
94.14,2519
94.12,2241
94.77,1551
94.72,911
94.8,2148
94.68,783
94.27,4583
94.46,2911
94.49,3589
94.66,17014
92.35,5040
93.08,2803
93.55,3972
94.19,11697
93.32,16147
93.39,7930
93.21,2961
92.89,2021
93.38,1216
92.95,1035
93.17,3173
92.42,2539
92.31,510
92.81,285
92.5,352
92.99,786
93.08,429
93.05,1203
92.65,2079
92.71,1957
92.93,444
92.56,882
92.65,1913
92.49,3634
92.55,2072
92.64,1108
92.66,3366
92.34,5671
92.17,12742
92.37,4047
92.02,1755
92.15,2023
91.75,8740
91.28,10927
91.43,5672
91.7,4977
91.89,6880
91.69,10767
92.05,28603
93.78,439
95.18,1175
94.24,425
94.84,1228
95.35,4278
94.94,1501
95.81,2073
95.75,373
96.46,1802
96.61,2167
97.15,1103
96.76,1077
96.49,1765
96.5,919
96.76,383
96.23,879
96.13,1731
96.11,2788
95.61,833
95.3,309
95.48,310
95.86,1170
95.74,999
95.54,1658
95.37,1239
95.41,881
95.21,321
95.22,1377
95.19,2587
94.72,3259
94.45,3884
94.46,1839
94.89,3310
95.06,1089
95.21,3397
95.2,1117
95.47,2401
95.79,6223
95.72,18630
93.26,2630
92.18,5118
91.9,3812
90.81,3393
90.82,5842
91.77,7594
91.78,830
92.31,2002
91.88,904
91.86,1487
91.83,861
91.91,2020
91.76,860
91.69,3063
91.51,965
92.18,923
92.21,346
92.19,2172
92.43,1741
93.01,1948
92.95,1769
92.34,377
92.41,1255
91.8,1537
91.89,1579
91.86,391
92.24,1004
92.11,1587
91.96,3210
91.77,1463
91.9,2303
91.74,1405
91.62,286
91.55,1581
91.24,2433
90.99,4880
90.65,4713
90.63,5010
90.78,17132
90.72,1315
90.6,901
90.56,656
91.2,2319
90.8,1224
90.93,1642
90.03,983
90.07,1707
89.54,986
89.79,3195
90.26,603
89.8,1738
89.59,804
89.89,547
89.81,1587
89.5,1111
89.26,1744
89.14,1886
89.22,1634
89.24,285
89.05,744
88.99,581
89.04,1047
88.58,346
88.55,1144
88.49,1784
88.85,1534
88.94,623
88.99,405
89.25,1552
89.39,559
89.47,1116
89.9,2225
90.2,916
90.39,1724
90.47,2854
90.83,1648
91.04,6469
91.41,18774
94.01,3948
94.77,7871
94.26,109
93.86,1554
95.1,1642
94.69,939
94.75,1685
95.14,874
95.14,698
95.06,786
95.09,804
95.05,2295
95.34,253
95.3,1866
95.26,1156
95.51,767
95.34,1910
95.33,672
95.07,1211
95.08,1165
95.62,210
95.87,1651
95.76,482
96.17,3229
96.26,1356
96.39,1673
96.58,2830
96.7,1055
96.72,2616
96.79,916
96.73,1318
96.93,1527
96.89,1284
97.27,1381
97.38,1525
97.25,2539
97.11,1510
97.01,4485
96.72,12084
99.96,16378
101.75,16239
101.47,7771
102.47,12419
103.27,9496
102.88,7355
102.64,2742
102.53,3497
102.37,5277
103.21,3286
104.11,9423
104.21,13228
104.34,7924
104.18,3628
104.61,4720
105.26,4974
105.69,4886
105.85,5209
104.78,3835
104.64,4305
105.12,4670
105.99,4840
106.24,5239
105.97,2246
105.93,1754
105.88,1921
105.86,2059
106.05,2104
106.16,1338
106.02,3084
106.04,4617
106.18,2796
105.72,2020
105.91,4153
106.07,4133
106.01,7229
105.99,7362
105.57,12933
105.68,26429
103.11,7077
102.77,4221
102.36,5180
102.55,4040
102.89,2942
102.98,2248
102.68,1224
102.04,3166
100.99,4505
99.81,7118
100.29,4968
99.97,2259
100.03,2773
99.89,2520
99.77,1451
99.55,2020
98.57,2127
98.45,2203
98.8,2033
98.31,1955
97.89,2538
97.67,1477
97.74,2043
97.43,1734
97.39,1734
97.53,1731
97.82,2283
97.2,5257
96.54,1839
96.23,1675
96.29,1390
96.4,1548
96.24,2850
96.05,2718
96.36,3326
95.5,1867
95.51,4409
95.53,5059
95.73,19202
95.76,2105
94.62,946
95.38,1660
95.8,1665
96.01,2580
96.05,1798
96.27,313
95.65,1442
95.59,745
95.5,1090
95.82,124
95.63,1245
95.77,989
95.72,2812
95.44,627
95.25,1830
95.95,976
96.27,361
96.32,637
96.02,206
96.03,239
95.94,281
95.83,453
95.6,298
95.59,669
95.15,225
95.12,102
95.22,698
95.06,1132
95.06,358
95.05,846
94.58,897
94.57,4279
95.35,1742
95.67,2201
95.79,3899
95.83,6088
95.97,8822
95.91,41738
96.15,7514
97.94,1456
98.63,354
99.09,1328
99.01,1644
99.37,1544
99.49,1175
99.38,584
99.34,4014
99.71,589
100.34,1138
100.19,2027
99.61,1872
99.71,643
99.8,751
99.96,2655
99.26,1684
99.24,702
99.21,959
99.69,377
99.49,1522
99.71,698
99.47,1430
99.12,790
98.71,1184
99.24,588
99.17,653
99.55,1651
98.92,1008
98.72,2332
98.73,1403
97.4,2140
98.1,1192
97.9,2027
98.09,1378
97.39,1548
97.34,3715
97.2,2922
97.14,13603
97.85,1626
97.35,3081
97.59,1903
98.18,635
97.81,698
96.7,3353
97.61,1018
97.24,2217
96.91,1433
97.21,1262
97.73,2383
97.8,2914
98.6,2434
98.16,1391
98.05,1940
98,949
98.2,2954
98.16,4238
99.4,4708
99.3,4127
99.8,1929
99.66,1945
99.37,1289
99.37,1853
99.17,1359
99.37,300
99.16,461
98.98,1133
98.86,930
98.65,225
98.66,487
97.98,1249
98.31,979
98.3,804
98.16,2017
97.83,1967
97.92,920
98.05,5308
97.77,12801
96.02,3108
97.07,6321
96.79,4267
97.6,2563
97.56,2358
97.98,2994
97.73,2232
98.3,2754
98.45,1412
99.07,2825
98.94,3408
99.32,2188
99.04,3157
98.57,3462
98.65,1292
97.96,2079
97.78,713
97.81,2066
98.51,2912
98.11,1533
98.02,820
97.95,1798
97.91,2570
97.52,2521
97.92,1785
98.15,1529
98.41,2454
98.42,4261
98.33,3482
97.98,2985
98.11,2735
97.94,2534
97.97,4838
98.21,1194
98.13,3793
98.51,3852
98.86,5620
98.61,7525
98.12,22649
97.49,3177
98.58,4025
97.52,722
97.38,718
96.64,4184
96.02,1472
95.03,4436
95.46,2313
96.52,3073
96.72,1419
97.02,1512
97.01,2039
96.27,2084
96.35,1720
96.43,1177
96.32,836
96.49,792
96.61,210
96.58,212
96.55,4965
96.34,791
96.41,1781
95.83,1178
95.59,676
95.59,1705
95.53,560
95.38,499
95.4,1197
95.09,4837
95.93,1292
95.8,1053
95.69,2407
95.92,2789
95.56,2760
95.16,4694
95.41,1789
95.37,2364
95.34,2534
95.28,15294
90.98,6601
89.36,7498
90.93,8378
90.47,3687
89.13,964
89.3,2259
89.49,1166
89.12,2754
88.3,1995
88.83,2820
88.86,5267
88.92,1187
89.03,2396
89.37,1606
89.04,846
89.23,1664
89.48,2464
88.94,649
89.42,935
89.32,2184
89.18,1130
88.97,2749
88.79,2589
88.47,2248
88.31,3617
88.19,1669
88.36,1278
88.61,850
88.08,1602
88.26,1672
88.23,2167
87.73,2156
87.58,1734
87.96,1373
87.71,1350
88.02,2226
87.85,4080
88.04,6990
87.94,21040
89.99,1491
89.04,3728
90.55,3876
90.53,1490
90.62,1520
90.76,717
90.36,2497
90.65,987
90.97,2445
91.01,667
91.25,1090
90.92,1938
90.9,1332
90.84,1766
91.34,2536
91.22,1457
91.17,1712
91.1,2690
91.14,1146
91.32,1716
91.46,862
91.66,377
91.7,1091
91.78,805
91.71,1950
91.47,1780
91.67,886
91.78,1406
91.48,587
91.64,747
91.61,1551
91.67,1150
91.61,4726
92.27,1488
92.19,2079
91.85,1671
91.6,3575
91.77,3969
91.69,20036
93.52,4965
95.84,3446
95.47,5553
94.07,10267
92.78,5962
93.75,3182
93.78,566
93.85,3248
93.59,4464
92.24,3281
93.24,3965
93,3877
92.45,5141
92.17,7645
92.83,8046
92.21,10201
91.13,7027
91.26,2911
91.4,1531
91.5,1265
91.77,836
91.72,1683
90.82,699
91.29,1255
91.47,1397
91.58,1091
91.71,1624
91.1,1618
91.59,796
91.5,1935
91.69,2358
91.5,818
91.18,1523
91.25,1665
91.25,2748
91.4,1034
91.43,3178
91.33,4794
90.73,26822
89.98,4208
91.2,5622
94.83,2838
96.14,3904
96.52,3554
97.03,876
97.22,3614
96.74,6037
96.1,11314
95.39,3582
95.1,3683
94.39,2624
94.48,4201
94.57,10100
94.31,3792
94.11,3000
94.15,1914
95.36,1639
95.72,699
95.57,689
94.91,191
95.43,1118
95.35,651
95.46,1510
95.58,1473
95.4,448
94.94,1002
95.81,1804
95.92,874
96.15,2399
96.18,2002
96.31,3741
96.56,2102
97.2,3045
97.18,3288
96.7,2672
96.37,4357
96.19,6819
95.96,20559
101.49,4646
102.26,6398
100.2,4106
100.17,4227
100.53,3017
101.48,1827
101.3,3157
101.87,1963
101.94,2403
101.22,6984
101.92,3404
101.61,4869
101.93,2932
102.52,4535
102.86,12726
103.13,4100
103.46,3180
103.42,1013
103.25,3186
103.51,1771
103.66,3178
103.73,424
103.79,1734
103.5,2360
103.98,1099
103.74,1325
103.13,833
102.81,1355
103.21,604
102.85,1385
103.07,216
103.11,2414
103.23,623
103.27,445
103.28,782
103.03,107
103.24,512
103.08,4916
102.71,22488
101.57,2089
101.18,8026
102.02,1410
101.73,1534
102.07,1697
102.03,1981
101.25,973
102.33,602
101.86,737
101.82,939
102.12,624
102.26,801
101.83,535
101.96,841
102.11,2227
102.7,1644
102.63,1151
102.61,426
102.7,734
102.81,1469
102.84,1501
102.66,981
102.57,1544
102.93,1221
102.61,19649
101.79,1177
102.27,888
102.44,6315
102.42,622
102.2,877
102.27,352
102.01,328
101.92,472
101.83,2562
101.74,3071
102.51,2512
102.14,3891
102.37,6266
102.78,17524
104.89,7936
106.08,3048
107.16,5119
107.71,9486
108.9,3933
109.01,5560
108.01,2887
107.98,3600
108.13,6674
108.11,2233
107.75,6890
107.83,1697
107.74,2525
108.05,3574
107.8,1226
107.63,6176
107.89,1635
108.29,2536
107.88,1695
107.9,2781
107.12,2536
107.98,2709
107.15,1681
107.84,3679
107.88,1453
108.85,5497
108.34,986
108.63,1392
108.84,1498
109.05,1751
108.65,1501
108.78,2437
108.58,2688
108.73,1771
108.76,4805
109.05,2841
109.6,3160
109.38,6019
109.37,56494
112.02,14798
114.35,12662
115.87,4209
115.94,3841
116.14,10644
117.33,12632
118.03,7655
117.54,6582
116.07,5637
117.04,4081
116.66,4763
116.54,398
116.89,3401
116.47,2946
116.33,3252
115.77,3660
116.24,2093
116.08,1527
115.69,867
115.88,1646
115.1,1432
115.14,3327
115.38,1364
115.17,3771
114.32,10477
113.56,3697
113.01,5632
112.57,2145
112.75,6205
113.4,2231
113.78,3352
113.79,4022
113.3,4520
113.55,2712
113.42,3874
112.87,2440
113.38,5131
114.3,3545
113.71,17235
108.06,11981
110.74,2958
113.34,1275
112.38,3241
112.79,2662
112.59,1970
113.38,3010
112.96,3570
114.74,5743
115.59,926
114.96,351
114.78,6103
115.94,1885
116.25,2603
116.52,1776
115.81,1642
115.73,1045
115.3,1465
115.53,1261
115.11,1855
114.65,2091
115.12,1376
114.56,2035
114.55,2340
114.6,616
114.18,548
114.41,2087
114.77,2629
114.9,1735
115,3273
114.95,1635
114.7,2857
115.47,2264
115.62,3379
115.41,11070
114.9,3642
114.78,4645
114.79,18747
115.05,45638
119.42,21829
122.92,10059
123.99,8331
124.3,8051
124.24,8984
123.17,6910
123.16,2174
123.15,7199
123.54,6549
123.12,8596
123.35,10277
123.3,4290
123.4,6023
123.5,8118
123.86,3040
123.58,3052
123.43,3784
123.33,6450
124.35,2394
124.01,3535
123.85,1804
123.93,1411
124.07,2306
124.08,2216
123.62,4162
123.03,5385
122.4,13548
120.83,4289
120.06,7505
120.12,1583
119.96,3392
119.27,3654
119.36,4736
118.4,6849
118.36,3459
117.54,6299
117.72,3498
117.57,13156
118.07,39674
115.15,5543
117.45,7371
117.31,10545
116.51,2789
115.31,2367
115.27,2287
115.01,3462
115.46,5907
116.24,16392
116.38,11408
118.54,10105
118.45,5669
120.27,7964
119.85,4722
120.21,2912
120.42,6199
119.32,4648
119.22,2635
117.82,1312
119.03,4059
119.06,3872
120.35,3469
120.42,2214
121.05,2377
121.07,1960
121.33,2365
121.35,3382
121.25,2134
121.02,2092
120.87,864
120.85,2633
121.13,1974
120.89,1887
121.42,3232
121.42,2337
121.53,3447
120.84,5483
121.04,6682
120.97,21151
122.22,5435
123.5,3409
124.48,1450
125.23,1644
125.31,1146
125.44,7215
124.85,1141
124.59,879
124.64,7140
124.52,3674
124.48,1502
125.97,2174
125.51,1733
124.71,1873
124.75,841
125.03,2146
124.41,342
124.96,1548
124.57,805
124.14,1182
124.43,1205
124.84,1780
124.84,1622
125.14,676
124.16,1909
124.35,684
124.38,978
124.66,1447
124.22,465
124.08,2393
123.82,2168
123.84,2310
124.32,4309
124.68,3522
125.01,3905
125.37,4850
125.35,5243
125.4,6550
125.13,25292
120.51,7854
123.25,997
124.64,1819
124.4,3182
123.15,2758
123.39,2623
122.89,2871
124.2,1720
123.06,3797
122.48,7268
121.46,27431
119.33,14414
117.81,8776
117.4,6357
117.76,5704
117.32,9918
118.15,7216
117.15,5231
117.09,4733
117.74,2592
117.05,5213
117.18,5120
117.45,4353
118.1,2766
117.78,4726
117.15,4876
116.12,2630
116.53,4081
116.65,3118
116.82,4125
117.04,5155
116.67,3270
116.37,6178
116.83,7578
116.24,4447
116.13,5137
115.93,8363
115.41,10698
115.19,61730
112.53,11630
111.49,5971
113.31,4885
114.6,6073
113.81,6246
113.49,4191
112.89,1884
112.62,3756
113.77,3402
114.01,4052
113.18,4441
113.45,4731
115.48,2091
115.1,2159
116.42,4899
117.7,5518
118.39,4847
117.32,2415
117.58,2047
116.93,2081
116.29,2441
116.21,2029
116.02,695
115.98,579
116.05,1500
116.43,1848
116.86,1658
116.61,1677
116.52,1089
117.06,1382
117.25,966
117.31,1799
117,407
116.95,2106
116.7,2039
116.83,1974
116.3,2383
116.43,5317
116.4,20975
113.74,3130
113.2,1526
114.8,3632
115.6,2102
115.03,1942
114.38,3888
114.2,5402
114.03,4937
114.49,3506
115.37,3221
115.51,2221
115.93,3245
115.2,2580
115.15,2237
115.27,2542
114.64,1092
113.9,1340
113.81,2820
114.07,681
114.27,1401
114.16,789
113.91,489
114.04,1090
113.88,307
113.79,666
114.13,311
114.15,284
113.79,2298
113.95,2828
113.73,757
113.64,3200
113.26,1496
113.16,1929
113.58,1716
114.09,723
114.11,2198
114.26,1674
114.51,8391
114.43,23742
118.75,5339
118.26,2183
118.31,3611
120.79,6166
120.58,2956
120.31,1943
121.97,4407
122.18,2064
121.75,1782
121.72,1643
121.38,1178
122.1,2425
122,1191
122.45,711
122.18,932
122.39,599
122.83,1145
122.81,2548
123.26,1982
123.25,1878
123.37,381
123.37,865
123.36,722
123.31,1731
123.61,1067
123.67,2229
123.61,1435
124.32,2430
124.66,3257
124.07,1154
124.17,4218
123.97,1251
124.42,945
124.41,1696
124.5,2025
124.59,1623
124.61,2406
124.67,4133
124.59,24586
123.67,5984
123.58,4821
124.48,4762
124.3,5209
124.39,307
124.86,715
124.58,1121
124.17,1298
124.18,2061
125.16,1849
125.32,901
125.5,717
125.74,1069
126.1,400
125.83,348
125.62,997
125.61,1563
125.89,522
125.98,210
126.01,1334
125.99,228
126.12,1661
126.49,470
126.25,819
126.06,336
126.24,489
126.2,713
126.12,137
126.35,100
126.45,212
126.79,396
126.61,807
126.65,318
126.67,1093
126.8,2013
126.8,918
126.77,3555
126.63,5544
126.07,19555
125.91,139
126.31,659
126.78,1135
127.91,1235
127.99,721
128.24,1001
128.86,1116
128.54,127
128.75,3533
129.16,4506
129.12,1999
129.5,300
129.44,1058
129.37,307
128.85,652
128.92,413
129.28,108
129.24,1408
128.94,1477
128.79,1343
128.87,6685
128.87,0
128.87,0
128.87,0
128.87,0
128.87,0
128.23,1324
129.02,585
131.04,2970
131.74,4700
131.27,4395
130.26,3795
129.35,1570
128.6,1520
128.15,2312
128.3,1772
128.13,1132
128.67,360
128.7,911
128.92,1206
129.2,2352
128.99,546
128.96,929
128.4,551
128.48,868
128.41,642
128.89,639
128.64,824
128.52,365
128.62,1141
128.83,153
128.93,929
128.62,1770
128.43,257
128.57,1350
128.11,599
127.56,2501
127.82,1302
128.18,2191
128.2,1160
128.23,1617
127.85,629
128.09,1918
128.06,3727
127.95,17483
128.94,1046
127.9,3837
128.25,1006
128.46,970
128.34,2703
128.79,2396
128.37,1085
128.62,1882
129.03,1607
128.51,2781
128.34,2595
128.24,631
126.92,1519
127.45,793
127.01,822
127,1018
126.87,342
127.26,1428
127.5,883
127.42,311
127.59,816
127.58,1560
127.79,695
127.86,467
127.87,3600
127.54,1247
127.92,1417
128.13,942
128.5,208
128.2,944
128.25,1172
128.22,777
128.66,518
128.96,1303
128.83,124
128.68,413
128.7,2091
128.28,2738
127.95,13242
124.3,5516
125.49,2047
124.64,5586
123.8,3853
123.05,4264
123.8,2146
123.99,4322
124.91,2927
124.46,5956
125.31,3147
124.37,2851
123.76,3555
123.55,4794
123.74,1080
124.1,1662
123.59,1497
123.89,3094
124.72,7368
124.62,2558
124.38,1587
124.61,2529
124.57,2213
124.44,2177
124.48,3456
125.07,2430
125.4,5636
125.34,7149
125.36,11401
125.51,9002
125.61,2695
125.7,1236
125.87,1608
126.29,2454
126.14,2838
126.2,1512
126,2696
125.84,6948
125.71,4707
126.06,19524
123.4,7180
121.31,2524
120.43,6154
120.29,10819
121.54,6727
122.36,4795
122.37,1346
122.54,1734
122.45,9292
122.51,8491
122.82,1204
122.93,1259
122.73,1068
122.46,430
122.68,2156
122.37,1582
121.57,415
121.51,6423
120.39,8917
119.13,5631
119.89,1317
119.83,1531
119.82,1659
120.07,2090
119.78,2475
119.31,1206
119.38,1663
119.29,3903
119.17,2121
117.85,1479
117.64,4828
117.25,3310
117.35,3085
117.42,3956
118.21,2228
118.02,3711
118.29,4824
118.05,6726
118.3,36278
123.99,14444
126.87,8573
126.31,4698
127.83,7628
128.16,4036
127.28,2301
127.37,1240
128.12,3463
128.53,7282
128.5,3019
127.61,160
127.88,1299
127.41,1197
127.67,742
127.65,1839
127.27,3085
127.29,4340
127.23,2448
127.01,1216
126.56,620
126.29,2316
126.3,2139
126.26,1930
126.14,1444
125.84,1042
125.81,1223
125.94,3478
125.73,1675
125.87,2785
126.29,807
126.5,1840
126.15,1058
126.16,476
126.57,1100
126.28,1016
126.28,3830
126.44,2373
125.82,5885
125.35,30993
127.41,5073
126.79,2698
125.57,2309
125.93,3323
125.28,450
125.44,2016
124.14,938
124.69,1212
124.78,2794
124.85,3057
125.16,813
125.17,3083
125.53,1624
125.18,1649
125.05,1140
124.77,798
124.79,2590
124.94,2273
124.78,2450
124.81,2712
125.22,2308
125.59,553
125.32,911
125.26,2421
124.88,724
124.78,1166
125.32,960
125.44,1377
125.81,628
125.74,963
125.81,3554
126.86,1693
126.22,1092
126.19,1482
126.54,3180
126.29,3307
126.3,4087
126.97,6761
126.97,19703
126.67,693
126.41,557
127.38,2213
128.08,1599
126.81,821
126.45,1416
126.14,1866
127.5,595
128.06,1713
129.09,1055
129.33,1792
130.1,2090
129.76,812
130.03,170
130.03,762
130.17,384
129.89,343
129.96,210
130.14,2357
130.48,576
130.59,1800
131.07,1982
131.1,846
130.75,1635
130.84,652
130.36,424
130.43,1111
129.58,1885
129.58,0
130.6,873
130.39,251
130.16,178
130.37,1083
130.02,613
129.98,401
129.87,1048
130.18,3962
128.65,2602
128.8,13801
130.85,2223
132.71,2763
132.36,2444
132.4,2945
132.04,1262
132.3,1468
132.18,1007
131.56,1475
132.77,2241
131.28,1716
130.93,1752
131.58,714
131.21,1323
131.2,495
130.9,110
131.15,580
130.75,607
130.45,628
130.18,255
130.59,336
130.71,214
130.8,1105
130.75,794
130.47,1065
130.03,1682
129.65,1498
129.58,3493
130.08,1624
130.79,5902
131.99,4380
131.62,2985
130.99,1327
131.73,2328
132.5,3820
132.61,5534
133.43,2905
133.11,2543
132.86,5563
132.98,30078
132.49,3859
132.96,2311
132.34,1386
132.28,1656
133.42,394
133.93,1017
133.93,0
132.99,463
133.33,1496
133.81,770
133.75,623
133.35,1139
132.66,1110
133.52,707
133.87,346
133.03,509
133.44,383
133.37,603
132.95,651
132.83,1147
132.94,513
133.44,237
133.52,966
133.52,0
133.3,205
133.56,353
133.54,318
133.52,462
133.5,249
133.37,100
133.57,317
133.74,411
133.6,106
133.56,443
133.95,401
134.14,719
134.18,2388
134.08,2140
134.17,10300
134.23,686
134.73,364
134.6,3548
134.75,3322
133.82,1508
133.89,1673
132.54,897
132.51,404
132.85,1596
132.27,2443
131.11,2771
130.14,4647
130.35,1093
130.19,2046
130.56,592
130.46,3003
130.98,1201
131.71,1160
131.29,1430
131.76,2009
131.79,669
131.41,3593
131.33,2926
131.61,788
131.43,2445
131.58,837
131.92,2161
132.16,1045
132.02,1112
131.55,1303
132.39,1444
132.12,1423
132.24,579
132.19,1302
132.11,1732
131.69,257
131.81,2579
131.31,1496
131.47,12705
131.82,2198
132.04,651
131.49,509
131.11,1194
132.78,841
132.86,938
133.31,1289
132.37,826
131.88,678
131.34,440
131.6,721
132.19,687
132.14,1519
131.47,237
132.07,736
132.67,958
132.06,375
132.06,0
132.06,0
132.41,353
131.99,805
132.41,109
132.31,336
132.01,311
131.61,732
131.74,838
132.11,103
132.3,1088
132.55,2778
132.86,988
132.81,528
132.83,584
132.77,661
133.11,1252
132.61,1598
131.97,1312
131.84,1332
131.91,7840
131.91,17586
131.25,2292
131.75,1360
132.61,2280
133.22,3703
133.32,2296
132.05,2396
131.28,1526
131.19,1761
131.17,2098
131.4,1745
131.11,1723
131.73,1062
131.6,1305
131.89,683
132.06,1176
131.92,862
132.2,1444
131.7,1129
131.64,260
131.18,306
131.07,775
130.35,898
130.64,1479
130.5,1300
130.5,0
131.16,766
131.02,793
130.68,1008
130.43,358
130.57,247
130.77,509
130.85,974
130.54,541
130.58,1046
130.39,403
130.13,2407
130.81,1264
131.08,2052
131.37,11536
134.52,14584
136.93,2594
136.62,899
136.91,1354
138.23,2442
137.23,1126
137.18,1583
136.85,2299
136.86,5824
135.74,1653
136.64,1539
135.79,1129
135.45,1230
134.93,1436
135.46,1295
136.34,485
136.48,2297
137.45,3526
137.16,1651
137.5,2222
136.46,1206
136.2,1629
136.37,1152
136.37,0
136.1,725
135.71,1354
135.14,461
135.45,803
135.35,137
135.1,884
135.31,564
135.07,1198
135.41,112
135.29,733
135.26,240
135.33,888
134.82,2452
134.18,1566
134.56,10060
135.06,1940
134.31,1612
136.46,4522
137.73,5923
136.55,2030
136.58,419
137.33,558
137.34,1862
137.51,1632
136.88,833
136.79,1001
136.48,689
136.94,1557
137.13,2454
137.44,1688
137.59,1746
136.65,1017
136.77,2011
137.18,2384
138.16,1752
137.72,1091
137.96,1554
138.21,284
138.29,981
138.65,2965
138.44,1731
138.52,3569
139.38,2224
139.22,2363
138.98,690
139.24,1198
138.97,2438
139.19,3539
139.43,1262
139.65,6017
139.7,4114
140.18,4253
140.15,7054
140.1,21821
141.85,8688
143.99,4774
143.09,2360
144.16,6769
143.2,4154
145.88,7070
147.15,4578
146.14,6073
146.71,3640
147.39,2974
147.07,1266
146.81,1352
147.09,3270
146.84,4180
147.14,1761
146.98,127
146.95,1576
146.95,1927
147.3,563
147.5,5220
147.76,3335
148.13,1102
147.98,3398
149.08,3265
148.56,1580
148.09,1262
147.99,2370
148.12,1098
147.96,807
147.9,732
148.09,826
147.74,1304
147.99,2614
147.6,3966
147.85,2840
147.53,2482
147.12,4878
146.7,8045
146.09,26546
146.21,11431
148.32,1715
146.88,1327
146.7,3390
145.74,1664
145.36,2069
145.5,1963
145.68,2094
146.15,2245
145.63,1550
145.15,3163
146.4,2379
147.03,1902
146.44,3188
146.59,1059
145.81,2765
145.19,775
145.57,1976
145.11,1823
144.82,2994
144.43,1564
143.98,1650
143.81,1117
144.26,1552
144.29,2384
144.24,2025
144.59,2081
144.29,3453
143.92,1842
144.54,1577
144.19,3045
144.69,1134
144.57,1555
144.74,4248
144.8,3654
144.41,2943
144.11,2716
144.25,4494
145.11,17316
147.94,1030
148.29,1578
148.68,1279
147.82,2868
147.08,853
147.19,428
146.75,554
146.84,1025
146.8,1762
146.82,827
146.29,466
146.87,783
146.37,400
146.76,582
146.59,893
146.72,1294
146.98,1332
146.66,891
146.26,624
146.72,341
146.51,310
146.47,114
146.53,631
147.03,300
146.95,513
146.89,727
146.92,464
147.01,1187
147.27,715
146.91,235
147.04,285
146.96,201
147.28,448
147.36,674
147.38,1008
147.19,1131
147.09,3134
147.43,2640
147.05,8331
145.36,818
145.93,1060
146.48,965
145.82,1769
144.31,613
145.15,3548
146.18,1193
145.38,630
144.94,1003
145.43,1245
145.55,907
145.55,980
145.57,663
145.39,1615
145.6,417
146.42,1493
146.42,1283
146.71,2073
147.42,3811
147.44,2212
147.66,9544
147.66,0
150.05,2516
147.9,134
147.49,654
147.97,820
148.58,2076
148.01,366
147.94,632
148.3,507
148.79,100
149.04,581
149.27,488
148.89,198
148.63,417
148.69,261
148.49,1048
148.47,315
148.47,0
148.52,109
149.03,371
149,637
149.03,436
149.01,395
149.3,100
149.3,0
149.41,110
149.36,345
149.5,793
149.45,140
149.33,1134
149.33,0
149.14,236
148.88,539
148.79,1912
148.66,976
148.95,485
149.4,645
149.2,1505
149.44,2238
149.39,6031
144.89,8098
143.53,15081
142.43,1427
141.85,2484
143.75,1602
143.28,1625
143.89,1953
144.27,1103
144.66,621
144.32,1015
145.64,950
145.6,770
144.84,406
144.69,2510
144.87,974
145.27,1610
144.74,329
144.68,4400
144.35,1149
144.14,1975
144.57,653
144.82,1261
144.24,768
144.51,338
144.66,1088
144.35,1895
145.32,4377
145.54,3137
144.63,530
144.63,321
144.55,824
144.55,1573
144.34,219
144.2,876
144.38,413
144.29,709
144.17,2568
144.32,3717
144.57,10422
144.66,2918
143,1967
143.35,727
143.39,535
143.3,1053
143.31,678
143.53,328
143.66,1020
143.63,517
143.53,1781
143.01,1636
143,577
142.68,702
142.71,551
142.84,507
142.91,201
142.77,642
142.91,885
142.56,1248
142.78,611
142.88,216
142.85,1007
143.07,233
143.08,350
143.08,314
143.05,554
142.93,397
142.78,879
142.61,347
142.53,1201
142.5,804
142.61,668
142.24,2068
142.06,1373
141.79,1948
141.88,1426
142.15,682
142.03,2153
142.02,13824
141.06,1684
141.36,617
141.64,200
141.68,629
141.13,1393
141.8,627
141.84,3186
141.94,2058
142.27,1966
142.23,2929
141.68,166
141.99,111
141.71,884
141.86,411
141.75,374
141.99,665
141.98,735
141.64,1505
141.63,232
141.52,261
141.52,0
141.52,0
141.43,726
141.58,503
141.79,799
141.71,479
141.73,726
141.81,1833
141.74,1555
141.39,1456
140.96,1150
141,200
140.73,783
140.62,2537
140.84,740
141.04,748
140.9,1787
140.89,1857
141.11,10992
143.21,2685
142.45,1080
142.78,880
143.32,6350
143.29,1931
142.56,747
141.96,1218
142.66,827
142.55,1528
142.31,1857
142.26,957
142.01,1512
141.5,1939
141.34,1371
141.34,853
141.5,2470
141.16,2226
142.11,100
141.87,901
141.72,1439
141.68,504
141.77,874
141.64,378
141.73,333
141.71,731
141.88,1400
141.47,2732
141.57,1767
141.92,3443
141.74,670
142.07,1526
142.6,975
142.85,312
143.44,337
143.28,1245
143.25,1593
143.51,2487
143.38,6058
143.49,24616
145.15,1696
145.97,1407
147.38,106
147.26,1158
146.63,736
147.07,643
146.54,681
147.41,1123
147.07,623
147.65,4729
147.18,698
146.91,965
146.62,1016
146.65,9293
147.65,6759
146.85,3085
146.29,666
146.35,569
146.76,340
146.68,497
146.78,532
147.25,1611
147.42,537
147.42,0
147.37,752
147.75,435
147.74,230
147.61,2056
146.54,3621
146.04,3570
145.07,5506
145.53,1897
145.4,2541
145.49,3562
145.59,2475
145.27,1896
145.77,3572
145.53,6101
145.37,21831
150.45,14373
157.54,21883
160.5,13174
162.33,9633
164.44,9254
163.75,2823
162.53,4138
161.74,8074
159.99,5961
158.23,6172
159.47,5640
160.76,6533
160.82,2027
160.8,2988
161.45,5191
161.12,2067
161.55,4724
161.45,3109
161.5,1848
161.08,1574
160.95,1867
160.81,2689
160.05,1669
160.32,784
160.11,1325
159.67,2042
159.58,1742
159.65,1928
159.73,1258
159.94,295
160.35,1726
159.97,2015
159.03,2547
159.5,2357
158.94,2033
158.56,2427
158.58,5667
158.09,6415
157.46,24040
160.03,6533
157.63,2931
159.68,11424
160.94,3711
161.55,3372
160.73,435
161.02,2014
162.01,3066
163.15,2413
163.25,4598
163.25,2237
162.63,1004
162.57,7886
163.22,6746
163.06,5153
164.25,2228
163.17,4487
163.21,1290
163.61,1656
163.63,1723
163.82,1901
162.79,1054
163.25,748
162.29,2413
163.14,507
162.8,1323
162.36,957
162.44,2147
161.77,759
162.03,2002
161.97,2170
161.49,1239
161.21,2703
160.7,1905
161.43,2197
161.92,1522
162,3929
161.59,7865
161.11,19263
158.5,4398
160.43,4419
158.08,3530
158.09,3922
158.56,1119
158.35,3049
157.94,2000
157.82,2541
157.43,1448
158.22,1255
156.81,1221
156.6,2437
156.75,4136
155.55,1629
155.16,973
155.22,4048
155.41,2879
155.56,2899
155.69,1932
155.71,1269
155.8,2204
156.82,2776
157.56,2459
157.44,1372
157.49,1608
157.61,1467
157.74,1166
157.71,2744
157.89,1888
158.09,1657
158.04,1059
158.05,2607
158.07,1834
157.71,3488
157.77,2101
157.45,1551
157.73,2843
157.41,4437
157.69,14003
158.03,3338
160.45,1548
159.71,1078
161.1,3226
160.11,4851
160.13,2163
160.64,2107
159.31,1792
159.25,3185
159.63,1486
159.39,1185
159.99,634
159.99,1440
161.08,801
161.25,228
160.86,1333
160.93,100
160.59,200
160.66,1722
160.6,1707
160.6,2129
160.6,2652
161.14,921
161.14,325
161.22,3229
161.51,6726
162.18,5441
162.23,3867
161.92,5746
161.14,3370
161.59,1116
161.91,2062
161.9,1844
161.99,1495
162.35,991
162.27,2153
162.08,902
161.99,3928
161.49,23512
167.94,5636
167.16,2818
167.2,2452
167.11,4778
164.83,2790
164.84,836
165.44,1081
166.47,4103
167.92,4763
167.44,1241
167.58,3298
167.94,1428
168.56,1211
168.39,762
168.29,1520
167.83,1496
167.23,1197
167.11,861
166.78,1940
166.91,2088
167.56,3750
167.24,1352
167.54,2006
167.95,1461
168.15,686
168.15,0
168.02,1097
168.49,113
168.68,406
168.15,577
168.18,705
168.19,528
168.49,1355
168.64,2031
168.65,684
168.97,2925
168.82,2256
168.83,5417
168.63,25936
174.6,3167
173.08,4276
174.16,5871
173.12,4921
173.09,3622
174.08,621
174.57,1386
174.68,921
174.97,2081
175.35,921
175.07,2218
175.51,2598
175.62,1898
176.12,1172
175.88,663
175.74,2427
176.28,233
176.66,1669
176.87,4141
176.6,734
176.6,0
175.46,446
174.87,896
175.21,1231
175.21,0
175.59,3337
176.78,2507
176.97,4202
176.27,5001
175.99,1471
176.22,2522
175.43,1900
176.08,1814
175.9,5454
175.15,2892
174.96,3538
175.27,7762
175.29,4894
176.11,20909
175.01,5412
172.51,3006
177.45,458
176.01,2779
175.89,3515
175.85,2095
174.13,1547
176.23,1805
176.15,1981
177.2,2013
177.75,2096
177.02,487
177,3184
175.85,566
175.9,2731
177.08,693
176.08,659
176.01,511
175.52,661
175.42,150
176.06,1200
176.01,498
177.09,3887
178.06,2558
178.1,1419
177.56,439
177.25,833
178.23,1063
177.49,780
177.92,2686
178.7,2463
178.21,1256
177.84,1283
178.21,898
177.81,880
178.12,1530
178.29,1812
177.69,5247
176.96,13734
176.78,1304
177.15,1246
178.06,1366
176.87,1159
178.22,1268
177.51,201
177.06,358
177.06,1291
176.99,1090
177.28,1258
177.97,992
176.82,8523
173.99,12470
173.18,7161
171.16,3450
171.42,6248
171.83,4172
172.73,4021
172.71,2187
172.95,4227
173.37,1107
173.49,868
173.73,2327
173.42,1851
173.98,2745
174.03,1896
174.22,1725
173.63,3241
173.91,2641
173.23,3514
173.34,1105
173.88,2045
174.84,2638
174.6,3183
174.21,4499
173.82,1608
174.28,3424
173.37,7675
173.24,26924
165.78,10385
164.05,2122
163.61,4758
162.28,5638
162.75,2747
163.47,2752
162.52,1718
164.61,2936
164.42,4969
164.62,3960
164.16,2300
163.41,1610
163.65,2114
163.18,1427
163.63,3548
162.97,1874
162.88,1782
162.61,1277
162.99,2134
162.94,1012
163.28,1465
163.78,2469
164.24,1370
164.36,1800
164.6,1811
164.5,1666
164.48,1025
164.3,3377
164.2,2190
164.55,2264
164.06,2356
164.29,1386
164.21,853
163.74,4016
163.26,2486
162.92,4146
162.68,8825
162.49,9132
162.59,31110
160.6,8263
163.97,8099
164.02,10771
163.71,9571
164.27,8424
165.55,13550
167.94,10146
168.5,8670
168.08,7175
170.22,5554
169.23,1212
169.29,1767
169.36,3627
169.19,3026
169.47,1935
169.2,3531
169.28,1157
169.28,0
169.29,2515
169.43,1647
169.13,942
169.13,1113
169.2,3140
169.23,5255
168.98,1669
169.27,2023
169.28,4344
169.26,2016
169.13,3186
169.94,634
169.48,9118
169.18,1725
169.38,2851
170.94,3909
171.4,1830
171.42,3426
171.7,5422
171.34,9230
170.98,40615
175.51,20080
179.02,4965
176.98,6005
176.08,10068
176.33,13961
176.21,6615
177.22,9233
177.4,4273
178.49,5687
177.97,3928
178.46,5181
179.67,3690
178.99,2031
178.69,5378
179.82,4076
179.83,3088
178.83,4253
179.34,2920
178.53,4662
178.11,1809
179.28,4083
180.24,1427
178.48,2544
178.09,2245
179.22,2275
178.04,4217
178.28,1817
178.24,2615
177.03,2782
176.36,3761
178.45,4575
177.03,3242
178.35,4273
178.48,4178
178.18,3213
178.05,3598
177.86,5578
178.3,2598
178.66,20282
179.46,5314
180.86,7648
181.02,8111
182,5236
181.77,3875
182.64,1169
182.69,5061
183.07,5034
184.52,2922
184.56,2188
184.87,9153
185.03,2767
185.79,685
186.4,4147
186.73,1037
186.22,2420
186.44,2520
186.47,2790
186.66,2359
186.55,11086
188.5,2675
187.31,9457
188.44,4287
188.35,3882
188.37,3422
188.14,4403
188.21,2463
188.54,4077
188.02,4214
188.35,3996
188.11,4795
187.92,4426
188.44,2816
188.09,3591
188.1,4590
187.83,4968
187.16,8185
186.27,6269
187.33,28081
186.26,2540
186.21,2519
188.97,6013
187.77,1623
187.09,2152
187.93,2083
188.04,584
188.67,1039
189.4,2657
189.79,3839
189.12,876
189.01,2164
189.22,1329
189.74,694
189.5,1141
188.68,1545
188.69,1233
188.93,1311
187.64,1564
187.29,686
186.86,735
187.1,8831
188.61,4381
188.77,1416
188.89,869
189.82,1246
189.46,3297
189.07,6147
190.99,2141
190.44,1047
190.53,971
190.6,2084
191.08,1154
190.85,2087
190.81,1552
190.72,999
190.01,5750
190.11,9507
189.68,19410
188.92,3827
187.82,4871
189.49,1631
190.05,2055
190.98,2482
190.17,2217
190.19,1041
189.42,5520
190.23,10078
189.46,5402
190.4,1582
190.02,2397
189.67,5919
189.86,1542
190.52,1473
190.45,1832
187.85,2551
188.37,1214
189.06,1074
189.52,1929
189.89,897
189.58,1325
189.63,736
190.18,830
190.51,1558
190.14,1946
190.6,1171
190.21,3578
190,420
189.76,1557
189.07,1917
188.88,442
187.99,3880
188.69,3084
188.18,828
188.37,1853
188.87,1351
188.91,2551
189.01,14634
188.48,4703
192.86,4870
192.5,983
191.49,4129
191.37,5730
191.42,29383
191.22,7540
191.74,1278
191.94,431
192.38,1144
192.61,2834
193.01,798
193.24,1044
193.17,1960
193.51,8918
193.44,3522
193.44,11650
193.11,1950
193.86,651
194.05,552
193.92,353
194.02,658
193.45,4761
193.21,1876
194,393
193.96,954
193.8,221
194.12,521
194.41,739
194.41,626
194.28,407
194.12,931
193.68,4088
194.4,995
194.61,738
194.45,1124
194.08,3899
193.32,2764
192.68,25661
191.13,6083
185.03,7974
182.82,9328
180.73,6742
180.5,4908
181.48,4001
179.25,3296
180.6,4347
179.7,1209
179.12,3346
182.56,2404
182,3987
182.38,4281
182.79,2885
182.82,5396
182.58,15803
183.63,6954
184.59,8279
184.65,1786
183.42,2129
183.67,2653
182.85,3459
183.19,2634
183.69,5244
184.23,2097
183.69,1742
183.71,2612
184.15,1709
183.9,2776
184.1,4742
183.32,5508
184.31,4487
184.58,2983
183.6,3762
185.11,5055
183.74,1769
183.8,4233
183.79,8988
183.63,30765
183.14,5541
185.96,8375
181.96,9199
181.71,4354
180.59,2093
179.55,1057
179.17,1754
177.34,8379
177.59,5426
177.63,5342
177.14,1709
179.45,1659
179.3,1026
179.23,872
179.6,704
179.28,765
179.63,1210
179.8,551
179.87,1078
179.89,201
179.63,764
178.31,676
179.14,485
179.27,425
178.96,837
178.96,0
179.24,464
179.24,0
179.15,559
179.94,260
180.18,2754
179.53,218
179.34,853
178.01,845
179.34,735
179.8,2578
179.58,1764
179.82,1483
179.81,15231
166.13,10098
167.94,8479
169.88,8074
169.09,3237
169.85,11485
172.03,3825
171.4,1347
171.52,1649
170.28,3654
169.39,3732
169.63,3707
169.22,3199
169.41,3103
169.37,5562
169.17,6096
167.99,2642
166.94,5506
167.33,11647
168.8,2131
168.22,2042
168.77,912
168.27,2074
167.95,1493
167.2,2240
167.28,4810
166.52,7205
167.52,2630
168.73,5340
169.53,2988
169.9,2591
168.35,1644
168.33,674
168.82,1297
168.44,1686
168.34,872
167.75,1345
167.5,4037
167.94,2868
168.93,21036
168.08,13464
167.7,5897
167.21,7627
164.85,4072
165.76,2292
167.05,2627
165.32,1673
166.32,2427
166.38,832
166.21,5036
167.1,710
167.09,581
167.01,1140
166.04,2696
166,2078
165.96,3492
166.08,1051
165.38,2132
165.24,5403
165.2,1009
164.94,3214
165.15,706
164.86,1186
165.11,3385
164.41,293
164.96,806
164.95,1497
164.54,3157
164.22,2945
164.33,2554
164.61,568
164.02,1228
164.8,4321
164.39,2198
165.06,2756
164.44,2872
164.28,3419
164.13,8301
163.99,19694
172.23,10793
172.04,2864
172.64,4827
171.47,6018
170.78,2542
171.38,2513
171.93,3646
171.56,2819
171.74,1901
171.85,1526
170.47,1343
170.63,2226
171.18,1838
170.85,1398
171.13,809
171.56,2089
171.35,1632
171.68,2193
171.19,1927
170.28,5203
170.35,2748
170.02,916
168.86,1478
168.64,1101
168.12,1122
168.32,579
168.8,477
168.89,1129
168.48,1392
169.69,2322
168.48,3681
169.59,2016
169.25,4418
169.76,1780
170.47,3085
170.6,4692
170.53,2549
170.51,3879
170.7,9710
171.08,4943
174.26,6209
174.17,5996
172.69,4877
174.11,3684
172.82,3272
171.13,5397
169.41,3490
170.07,6084
167.65,4955
166.16,4341
166.45,2626
167.41,1929
166.17,2030
164.95,1232
166.15,829
165.66,1197
164.9,3434
163.61,1654
163.5,1641
163.69,2051
164.03,4080
163.6,3475
162.78,2206
163.74,2940
163.39,2396
163.45,4538
163.95,1727
163.91,1638
164.26,4347
165.9,3090
166.94,3037
166.79,2702
167.26,1974
167.77,2890
167.87,3572
167.56,3542
167.98,5666
168.23,16149
160.63,7020
161.18,3210
163.63,1344
160.51,4881
160.09,2045
158.78,4496
157.46,3218
156.84,3097
157.61,6720
156.87,8204
156.81,3399
156.92,3730
156.96,4989
157.53,7547
158.92,8715
158.46,2801
158.33,2907
158.13,6641
158.61,2123
158.28,1695
158.06,3510
158.16,1988
157.13,2753
157.33,1121
157.44,1247
157.25,2126
156.78,1207
157.06,2900
157.7,2364
158.18,868
158.21,8646
158.12,2131
157.99,1520
157.21,3859
157.71,1931
157.08,1794
156.78,2764
156.61,5819
156.42,21647
158.86,8561
160.82,3365
162.38,2733
160.77,12861
158.85,2547
158.46,1732
158.79,2017
159.58,3568
159.4,2341
161.14,971
161.25,2858
161.7,766
161.96,3847
162.41,3290
162.27,1581
161.82,663
162.49,2593
162.57,240
162.58,876
162.51,2115
162.59,591
162.63,1422
162.34,482
162.24,484
162.19,166
162.19,0
162.7,1194
162.42,670
162.47,337
162.48,3515
162.88,818
162.78,1934
163.26,1427
162.99,1180
163.13,2147
162.95,769
162.25,2591
162.8,6768
162.5,16327
162,5743
160.93,1411
161.57,3632
161.49,4013
162.36,1906
162.55,2793
162.2,2408
162.1,2421
162.77,2139
163.82,2925
163.65,4471
164.48,1892
163.84,2108
164.43,1637
164.43,1153
164.27,1056
163.93,348
163.97,411
163.68,1334
164.04,719
163.87,525
163.93,464
164.21,1713
164.21,2391
164.29,1460
164.17,1294
164.36,1521
164.46,1212
164.38,961
164.38,4322
164.89,3916
165.05,913
165.25,828
165.06,3580
165.07,5878
165.35,3939
165.39,2016
164.92,3070
165.07,16132
164.2,3078
162.63,3858
163.66,1321
164.36,4113
165.54,2055
165.54,1434
165.57,1463
165.91,1157
165.57,1534
164.77,2669
164.6,2303
164.91,1998
164.99,645
165.57,2353
165.83,1407
166.83,1903
166.77,446
166.62,798
166.78,1578
167.2,2427
167.46,580
167.37,2455
167.41,2954
167.92,5786
166.86,1409
166.9,908
167.18,1959
167.23,1341
167.42,1175
167.41,1221
167.93,1385
168,2753
167.16,4369
167.18,4759
167.48,5066
167.48,2710
167.83,3512
167.38,3789
167.5,13838
172.52,10335
172.31,2062
171.71,7255
172.75,4266
172.76,3635
170.45,2799
169.93,3521
171.23,3271
171.02,1861
170.74,1121
170.92,1428
171.56,3373
171.3,5330
172.13,5766
172.62,1953
172.35,3442
172.93,2009
172.9,4844
173.24,3516
173.86,3584
174.4,5326
173.33,2824
172.53,1034
172.01,9927
172.92,3288
172.72,4600
172.76,3511
173.08,6622
173.32,8042
174.15,10176
174.26,7638
174.57,10100
175.25,14851
175.66,14087
175.38,5917
175.74,10766
175.84,5852
175.56,5791
175.32,30137
175.05,15230
176.82,3050
171.39,5182
169.98,5594
165.84,3046
166.93,2764
167.38,1484
166.56,6851
162.76,10361
162.7,7186
161.66,9210
159.7,9519
157.49,8274
159.51,9459
160.74,7831
160.32,4773
160,3341
158.52,3795
159.19,4140
161.91,4023
161.7,3577
159.44,1454
160.26,1847
159.4,4072
160.16,1093
160.68,1863
161.4,2358
160.98,1350
161.47,2948
161.63,334
161.02,2334
161.68,2387
161.68,2189
161.25,1761
160.38,1793
159.75,1917
159.79,1717
159.9,6325
159.58,22450
159.99,7785
158.36,4256
163.24,5029
164.63,1731
166.34,2782
165.55,4533
166.44,3390
164.7,2596
164.23,4118
165.2,459
164.9,1480
166.05,903
166.28,1439
166.55,975
166.29,400
165.97,1066
166.08,100
165.78,1902
165.58,3110
165.83,333
164.44,564
164.42,1955
165.46,3140
166.09,2180
165.51,1229
166.1,3317
165.95,1401
165.82,1707
166.38,1331
165.78,2017
165.59,618
165.59,0
165.7,1542
165.59,233
165.47,1178
165.94,2151
165.58,1231
165.42,5018
165.84,15624
167.49,4107
170.32,2629
166.39,1015
165.13,799
166.5,2217
169.47,1362
166.95,195
166.93,2778
167.78,1768
168.56,1695
169.94,1813
168.8,674
168.8,0
168.8,0
168.18,846
168.29,121
168.2,774
168.2,0
167.54,653
167.8,660
168.27,235
168.47,308
167.68,193
168.43,465
168.31,994
168.98,706
168.98,442
168.98,0
169.49,922
169.85,2292
169.21,872
168.97,702
169.17,1101
168.71,515
168.54,1483
169.18,698
169.05,2108
169.54,1813
169.37,13650
172.93,793
172.4,515
172.3,444
173.56,864
172.78,559
173.57,948
173.85,1801
174.59,1437
173.97,1017
173.81,1704
173.93,1403
173.93,1600
174.45,1622
174.22,949
174.26,1572
173.46,2504
173.83,643
173.84,1144
173.87,1659
173.37,1581
173.33,1263
173.46,1289
173.74,1368
173.59,1831
173.48,1166
173.52,1516
173.59,1047
172.97,603
173.03,764
172.17,2381
172.26,1655
172.25,670
172.46,1812
171.77,1049
171.72,727
171.44,1523
171.74,4087
171.72,2185
171.63,18325
165.37,3233
164.88,444
166.88,358
166.72,674
167.52,303
168.2,754
167.24,1613
167.95,2249
167.56,1733
168.83,1310
168.78,615
169.03,764
168.72,894
168.38,1045
167.52,1011
166.79,1469
167.12,325
167.83,1448
167.52,795
167.5,865
167.26,210
166.84,762
166.34,747
165.79,2427
166.39,341
166.28,278
166.4,1894
166.13,178
166.43,973
166.93,1674
167.27,641
166.89,313
167.36,944
167.75,738
168.08,425
168.5,1711
168.33,2310
168.55,2359
169.01,11148
165.84,1283
166.51,589
167.9,200
169.58,2838
169.09,934
169.41,294
169.57,230
168.65,985
168.65,0
168.73,1715
169.24,6361
168.78,1916
168.4,1112
168.74,1247
168.57,1430
167.85,1636
167.44,641
167.52,1456
167.99,1178
168.54,1445
169.7,784
169.84,1958
169.12,105
168.58,1432
168.45,1804
168.23,1685
167.52,883
168.34,300
168.05,308
168.12,588
167.83,809
167.65,335
167.22,580
167.38,1061
167.68,698
167.47,584
167.38,1484
167.43,6998
167.92,14550
170.22,1986
170.47,2694
172.06,615
171.76,975
173.16,1741
172.45,1397
171.95,1566
172.36,373
171.97,4503
171.34,5121
171.87,1259
172.65,1655
172.66,1351
172.41,892
172.7,488
172.96,1345
173.48,4149
174.74,2698
174.84,6729
173.25,1287
173.78,1427
174.26,608
174.73,692
175.43,225
175.76,1028
175.46,1835
175.26,623
174.85,1982
174.86,3194
175.43,4505
174.45,1416
174.46,1356
174.54,534
174.78,1400
174.42,1251
174.76,6339
176.45,7453
177.16,6139
177,10780
180.65,11136
185.92,7493
185.74,7339
186.2,2999
185.6,4328
184.04,3428
184.98,2311
185.47,1515
186.59,1878
186.84,5188
187.55,3745
188.22,2804
187.61,1949
187.3,3074
187.47,2334
187.18,1854
187.51,2437
187.82,899
188.06,2085
188.14,2167
187.59,2076
187.05,2141
187,1514
187.53,1764
187.59,1894
188.12,2265
187.45,2087
187.87,2913
187.94,3062
187.64,1489
187.29,535
187.12,371
187.15,1428
186.47,1293
186.06,1627
186.72,1330
186.57,3088
186.5,4393
186.38,11635
201.5,13183
200.67,3900
201.52,4129
201.21,4892
199.6,8559
198.81,4099
196.54,5163
196.05,4697
196.5,3673
198.5,11318
198.68,4698
198.88,2600
199.33,2293
198.06,1487
197.3,1515
197.4,2938
196.67,2467
196.73,4324
195.77,2802
196.76,3355
196.47,953
197.4,1868
197.09,2173
196.78,1414
197.08,3241
197.08,3816
197,1923
196.92,2011
196.93,2049
196.38,3785
196.14,3978
196.79,2071
197.14,3244
197.17,2816
196.68,4070
196.34,5744
195.41,5068
195,9892
195.67,19662
191.6,16890
187.83,3918
188.94,1305
187.51,2664
185.68,2023
184.72,3678
183.32,351
184.9,1936
187.06,4076
186.25,1622
185.14,495
185.41,1219
185.97,2119
184.67,1242
184.86,1647
183.56,1002
183.71,1786
182.42,4078
181.87,1994
181.7,1415
182.35,581
182.21,831
182.16,758
182.46,1240
182.2,1174
183.1,357
182.67,415
182.56,1229
183.2,720
183.21,1561
183.01,2156
183.61,963
183.94,651
183.93,1589
183.66,1282
183.76,2382
183.98,1418
183.94,5553
184.88,16303
183.07,838
182.3,612
182.3,822
181.7,3502
183.85,2760
182.79,1811
181.89,2573
181.6,2618
180.92,2541
180.65,3321
179.8,2812
179.75,5406
179.85,2334
179.35,105
178.93,1580
178.94,1260
180.31,5564
179.09,5010
178.48,3907
178.46,2997
178.78,1520
178.67,1299
178.17,1356
177.55,3644
177.16,1794
177.6,558
177.36,534
177.64,846
178.04,121
177.57,316
177.93,1149
177.6,811
177.49,554
177.52,1640
178.18,2128
178.67,1275
178.53,1988
178.61,3724
178.43,12386
172.56,6138
174.35,3789
174.98,1868
175.11,2956
176.49,2371
176.75,560
176.2,811
176.85,1425
178.72,1941
178.32,1329
179.21,3255
178.61,1189
178.8,1453
179.32,1573
180.22,2210
179.62,704
178.43,416
179.13,509
179.2,621
178.81,176
179.02,165
179.06,794
178.64,1213
178.42,975
177.94,151
177.88,517
178.02,409
178.13,448
178.85,1042
178.99,796
179.07,1320
179.06,860
178.64,977
178.52,499
177.77,1714
177.29,571
177.57,1584
177.61,1440
178.15,6644
164.15,9190
163.1,9002
160.53,5179
160.2,8910
160.12,7672
158.31,9339
157.83,7306
161.66,5903
160.61,9845
161.02,8118
162.26,1726
161.41,2867
162.08,2870
162.5,2559
163.19,4457
162.62,3403
163.17,1966
164.72,3300
165.25,1058
166.01,3762
165.59,2321
166.27,3366
166.13,2342
166.04,791
165.84,974
167.09,3635
167.45,1363
167.12,1357
165.72,710
165.67,3013
164.93,2448
165.43,2267
165.43,1577
164.21,3059
164.32,4950
164.29,3533
164.39,4397
164.95,7048
164.8,16358
170.17,5501
171.15,4349
169.86,2258
172.41,4171
171.48,2764
171.64,2568
171.28,2307
170.7,2092
169.66,3774
170.73,1609
170.21,1484
169.07,1693
169.09,1980
168.92,2700
168.49,2339
168.82,2786
169.11,2674
170.67,2407
170,1824
169.73,1047
170.28,1606
169.7,1196
169.55,295
169.14,2154
169.72,910
169.41,566
169.9,2361
169.81,1672
169.84,2624
169.85,1327
168.65,8244
167.6,2374
167.98,2034
167.79,2758
167.72,4705
168.53,5183
168.77,9242
168.14,8435
168.83,15333
165.53,2663
167.48,783
167.56,696
168.05,510
167.95,791
168.22,731
167.28,1356
166.98,475
166.34,1707
165.73,257
164.45,2103
164.03,3481
164.51,3188
165.01,2698
164.82,2233
165.3,1187
165.28,4182
164.42,3692
163.88,5035
162.93,3011
161.29,2059
161.35,4302
162.6,846
162.18,1267
161.84,577
162.29,774
163.09,926
162.78,663
162.67,767
162.79,397
162.27,379
162.38,1024
163.15,346
163,1088
162.79,1850
163.18,1855
162.92,3715
163.16,3510
162.8,10818
158.41,7484
159.08,8096
159.18,14478
158.41,18711
160.3,7979
163.1,11886
161.95,8568
163.59,2276
163.6,3039
164.03,2446
163.47,2377
163.94,1007
163.72,1146
163.89,1870
163.53,633
163.21,520
163.44,1023
163.21,887
162.86,649
162.25,492
162.71,327
163.24,1512
163.87,1146
163.9,694
163.2,840
162.79,271
162.79,0
162.18,685
162.42,753
162.71,1000
163.16,250
162.69,475
162.04,542
162.25,991
161.81,1053
161.6,2058
160.79,3623
160.86,2320
161.49,13059
158.04,1438
159.08,1879
158.39,981
159.72,2712
159.01,2091
160.07,3409
160.94,4644
161.02,5471
160.8,8399
161,1627
161.26,2617
161.12,3229
161.3,1020
161.06,1154
161,1466
163.08,4352
163.29,3984
162.43,1014
163.63,2803
164.32,2577
164.65,2445
163.25,2023
163.28,2304
163.46,1829
162.99,1370
162.46,1296
161.91,4559
160.83,2140
161.85,1488
162.96,4320
163.04,1132
163.62,2480
163.98,5930
165.35,1365
164.97,2381
167.7,305
168.1,8747
167.96,5504
169.08,27785
169.38,2072
171.91,4235
171.9,4689
172.31,4035
168.91,1637
169.39,1383
169.95,1915
169.87,2993
170.22,6195
170.08,3579
169.76,1176
170.19,2371
170.33,3338
170.45,3259
170.64,3908
169.74,2593
169.73,613
169.7,3222
169.47,1264
169.1,3999
170,816
170.48,4725
171.24,794
171.59,2561
170.88,2125
170.53,1915
170.76,2524
170.43,2241
170.24,2717
168.26,2987
169.1,2206
168.8,1651
168.91,3617
168.66,3265
167.66,9747
168.29,4608
167.49,2290
167.41,2756
166.42,15879
164.28,2685
164.13,1149
164.77,1917
165.27,1830
166.85,1001
167.82,707
168.05,1042
168.74,647
169.13,1065
169.86,1858
168.58,952
166.89,1294
166.14,1540
164.97,1667
165.49,500
165.27,429
165.12,324
165.18,317
166.23,169
166.25,238
166.45,246
166.51,461
166.52,416
166.57,126
166.27,596
165.15,106
165.31,701
165.98,214
166.37,229
166.17,402
166.54,512
166.45,111
166.08,478
166.44,137
166.41,271
166.63,404
166.59,910
167.11,1778
167.19,10570
164.49,2291
163.51,1266
163.19,254
162.64,724
163.18,340
162.92,452
161.4,312
161.01,1369
159.8,5266
160.4,1189
161.01,1784
160.92,821
161.74,1491
162.73,2004
162.61,1073
163.36,556
163.22,1004
165.03,524
164.07,1980
163.98,5576
163.8,1045
164.37,1210
164.9,559
164.32,242
163.82,889
162.98,468
162.98,0
163.35,890
163.95,945
163.95,0
163.92,167
163.92,0
164.04,1173
163.69,2731
163.79,844
163.78,213
164.25,769
163.97,825
164,8230
164.5,299
163.85,2277
165.14,925
164.12,669
162.68,639
161.53,5783
161.11,2527
161.11,0
160.815,3354
158.61,1391
159.82,1389
159.62,1004
159.05,519
158.82,681
158.82,0
159.2,417
159.655,892
158.98,1740
159.995,158
159.535,2076
159.52,596
159.42,555
158.8,1245
158.8,0
158.8,0
158.74,727
157.97,417
157.775,516
157.66,3137
156.62,279
156.55,1327
157.065,113
157.15,815
156.69,2669
157.28,2408
157.86,2809
157.53,3345
157.065,3656
156.56,14662
163.05,3284
164.975,7371
163.84,1148
164.63,905
164.59,1666
164.27,458
164.36,1086
163.72,355
163.86,1003
164.23,452
164.17,108
163.84,817
163.51,502
163.25,441
162.59,824
162.5,784
162.49,140
162.425,538
161.925,115
162.21,420
162.21,0
162.21,0
161.85,344
161.85,0
162.045,150
161.78,131
161.78,0
161.64,727
161.93,267
162.22,285
162.22,0
162.22,0
162.41,253
162.94,993
163.57,1881
163.17,1562
162.855,885
162.29,4200
162.42,9396
163.02,2180
164.2,664
164.615,1767
165.66,682
165.99,747
165.79,840
166.505,2632
166.4,1009
166.2,1585
166.71,3048
166.01,724
166.21,935
165.94,541
165.25,836
165.74,1260
165.91,2665
165.01,1194
165.21,860
165.51,1567
165.26,2039
165.08,2246
164.16,421
164.74,1779
164.2,2148
163.51,1798
163.61,12111
164.83,7487
165.06,3370
165.65,2083
165.56,2053
165.73,1508
165.68,1426
165.58,633
165.61,2065
166.25,1889
166.415,1240
166.13,1495
165.8,3198
165.95,12811
164.55,1418
162.58,1337
163.92,2371
165.61,2647
166.73,2366
168.3,1639
167.29,1210
168.09,1659
168.37,1503
168.63,2195
168.72,3404
167.75,3250
167.325,277
168.1,1662
168.74,869
168.4,575
168.34,1039
168.46,1976
169.29,896
169.85,509
169.53,1061
168.67,263
168.24,223
167.97,378
167.21,1051
167.585,861
167.9,1108
168.225,3474
168.71,2382
168.365,1691
168.42,1255
167.68,3433
166.37,3274
166.16,2714
166.42,1325
166.14,2572
165.95,695
165.66,7772
166.5,9656
157.95,4450
155.74,2162
157.46,2171
160.78,5574
159.97,1729
159.63,730
160.28,2850
160.355,1163
160.07,430
159.385,1587
160.58,1766
160.55,1950
160.55,0
160.36,496
160.09,844
160.09,0
160.72,1608
160.79,955
161.98,918
162.04,1246
160.42,611
160.93,502
159.745,492
159.91,216
160.26,428
159.94,192
160.7,475
160.6,157
161.23,837
161.23,0
160.82,395
160.8,570
160.81,944
161.57,3304
164,3326
164.075,1230
163.395,2746
163.51,4955
162.98,12814
163.74,1248
163.74,1159
160.8,435
160.98,1298
160.67,6304
157.03,4578
157.79,609
159.35,1338
158.285,814
158.81,533
159.05,3124
158.28,2040
158.9,803
159.045,1894
158.64,316
159.06,2113
158.77,541
159.13,830
158.45,1380
158.71,404
158.66,712
158.81,1221
158.28,157
158.08,1449
157.15,476
157.15,607
157.48,608
156.82,558
157.1,861
157.22,1536
156.88,889
156.4,888
156.26,1597
156.09,1200
156.04,993
156.35,932
155.79,3648
155.17,6203
154.82,19789
159.74,4737
164.5,2235
164.95,3656
167.65,10670
169.57,6344
170.63,4189
169.4,2087
170.23,882
170.58,4089
169.35,2847
169.54,2936
169.185,1671
168.9,1718
168.17,2290
167.895,2653
167.39,1907
167.63,1644
167.36,1819
166.17,3594
166.93,1347
166.48,2161
166.81,1824
167.175,840
167.475,2104
167.89,1218
168.92,1793
168.16,893
168.51,2141
168.31,836
168.15,1057
168.46,920
168.46,0
169.01,951
168.5,1656
168.27,3011
167.93,3513
167.33,5100
167.42,7605
167.24,20207
166.6,3812
165.815,995
165.48,1673
167.98,1125
168.71,855
169.2,1726
170.565,606
171.24,2056
171.645,4346
173.61,4525
172.8,785
172.6,1216
174.53,3891
174.825,1519
175.605,991
175.35,910
175.58,839
175.5,683
175.355,343
175.225,268
175.365,419
174.96,1295
174.545,2575
174.31,598
174.7,1115
174.36,1471
174.265,2817
175.22,740
175.36,568
176.56,940
176.505,1181
176.715,1116
176.615,625
176.71,229
176.96,3637
176.66,3190
176.58,4757
176.1,7389
176.53,27442
180.12,6448
179.465,1567
179.28,514
179.47,1034
181.315,1782
182.585,1487
182.87,732
182.86,2412
183.01,1641
183.21,595
182.03,2126
182,2469
183.49,3338
182.705,574
183.54,1646
183.83,851
183.345,699
182.82,1024
183.755,462
183.81,735
183.59,631
183.98,795
183.5,1057
183.32,442
183.63,291
183.82,2247
183.415,868
183.415,0
182.18,596
182.23,854
182.315,224
181.76,3597
182.05,3414
181.805,1290
181.6,1588
182.19,745
181.8,3999
180.79,2843
180.935,10756
180.275,1838
180.19,422
180.61,1157
180.59,614
180.745,862
181.805,201
180.99,486
181.26,1067
179.205,964
178.52,1239
178.8,384
178.82,312
178.555,1015
178.945,380
179.44,645
179.44,0
178.935,530
177.53,213
177.515,1326
176.765,281
176.53,392
176.805,100
176.805,0
176.15,1142
176.36,296
176.1,467
175.16,1018
175.14,464
175.93,201
175.58,209
175.66,590
175.64,486
175.79,380
176.115,400
175.56,634
175.965,239
175.385,1173
175.94,2040
175,7511
176.51,3827
180.795,7397
182.46,4443
180.95,1025
180.51,1483
181.475,2222
180.49,218
179.7,213
180.44,319
181.05,225
180.98,208
180.2,481
181.99,826
181.78,631
180.835,110
180.66,954
180.22,304
179.88,927
179.825,409
179.76,307
180.24,278
179.43,264
179.89,409
179.89,0
179.08,318
178.47,150
178.36,307
177.99,407
177.97,793
178.32,396
178.1,172
177.83,568
178.27,103
178.095,368
178.38,503
178.21,104
178.27,365
178.02,1706
178.36,7061
185.75,4155
180.61,1917
182.84,692
180.98,695
181.69,1191
181.69,0
181.245,381
180.67,3410
179.465,1700
180.12,1046
180.36,886
179.45,1049
179.305,929
181.14,638
180.945,755
179.99,735
179.265,709
179.575,332
178.98,114
179.78,604
178.32,593
178.2,570
177.51,458
177.51,0
176.67,335
177.25,913
176.74,943
177.285,536
177.11,233
177.17,909
177.275,491
177.355,384
177.1,1496
177.26,1457
176.28,985
176.2,382
176.13,1125
176.375,1002
176.75,10536
178.48,894
180.28,2150
181.21,671
181.6,734
181.05,2161
182.94,5069
182.95,1579
181.38,1416
181.03,6676
180.18,6716
182.61,123
182.1,4027
180.06,2433
179.25,3394
178.41,2275
177.73,1861
179.53,1083
180.42,2204
180.095,2163
181.79,3836
181.365,1265
182,4355
181.2,5805
181.8,1363
181.92,1555
181.825,782
181.72,1040
181.41,732
181.61,5059
180.67,10739
181,1839
181.72,1057
181.295,1740
181.82,1912
181.46,900
181.18,977
181.52,1951
181.4,4126
180.62,26859
181.795,2016
184.99,894
183.08,306
180.34,300
180.33,1858
178.8,759
179.31,1328
180.395,602
179.58,527
179.5,1722
180.17,993
179.615,595
179.35,849
178.7,100
178.73,118
179.01,1778
179.76,1464
179.5,211
179.48,141
179.16,720
179.13,305
179.295,2287
178.94,1284
179.135,1341
177.76,1257
177.47,501
177.24,897
177.46,11686
177.44,1919
176.94,1676
176.615,306
177.525,377
178.015,292
177.99,116
178.1,302
178.35,769
178.26,1124
178.37,1211
178.27,13846
174.335,3010
176.9,1241
179.42,3130
183.06,1235
179.85,977
180.59,577
180.575,1158
180.36,272
179.17,1503
179.94,1541
179.63,683
180.03,2668
179.15,258
179.35,283
178.79,635
178.55,450
177.605,154
177.5,276
177.8,731
178.7,183
178.49,147
178.49,0
178.68,430
178.68,0
178.03,169
177.425,707
176.82,1099
177.06,961
177.3,376
177.42,343
177.42,0
177.39,127
177.72,370
178.23,367
178.71,387
178.49,707
178.56,1029
178.66,1769
178.16,10110
178.05,568
176.58,12011
174.36,3034
175.06,1522
173.71,2248
173.72,669
174,905
173.96,626
172.89,6685
172.45,2315
170.965,3462
171.25,745
171.42,478
171.26,1962
171.27,1002
171.27,0
171.27,0
171.35,525
171.35,0
171.38,543
171.44,838
171.15,870
170.6,236
170.56,232
171.35,462
171.35,0
171.27,1323
171.185,1808
172.23,1471
172.48,841
172.44,258
172.05,835
172.15,1356
173.49,778
173.15,807
173.06,1264
173.19,1789
172.56,2275
172.785,9840
174.27,2127
173.39,500
172.985,667
171.725,2125
172.435,444
173.9,926
174.73,509
173.06,435
173.16,385
172.25,327
172.135,232
172.7,344
173.07,100
172.095,204
171.64,326
172.35,1494
172.74,404
172.74,0
172.78,377
172.57,750
172.995,101
172.46,312
172.46,0
171.94,175
172.2,383
172.23,311
171.58,1225
171.215,391
171.23,592
171.23,0
171.23,0
172.42,906
171.91,785
171.67,2549
172.96,233
173.68,457
173.32,499
173.31,1527
173.76,9416
180.7,2371
176.13,1391
177.53,1591
176.8,1447
175.72,852
177.43,2312
176.32,905
176.12,1648
176.29,2445
174.88,1434
175.09,519
175.88,2088
175.83,591
176.01,2096
176.7,1082
176.89,1900
177.13,1052
177.13,1297
177.43,1269
177.79,1005
177.79,0
177.37,476
176.43,1043
175.645,1321
176.7,726
177.06,230
176.92,786
176.93,743
176.43,953
176.43,0
176.11,339
175.55,283
175.48,981
175.58,631
176.68,560
176.8,1025
177.1,3319
177.38,1818
177.215,9959
178.03,2415
179.315,414
176.845,7080
176.955,1677
175.34,1532
172.83,884
171.44,619
171.63,998
172.55,639
171.49,530
171.49,0
172.74,174
173.62,1169
174,531
173.48,536
173.48,0
173.64,101
174.87,144
174.02,100
173.28,687
173.78,444
173.78,0
172.885,302
172.66,100
172.755,201
172.43,219
172.175,707
172.04,468
172.145,218
172.5,544
172.045,383
172.925,380
172.2,502
172.16,233
172.21,390
172.32,1015
172.49,1068
171.31,4021
171.885,8909
175.14,840
175.57,536
175.91,769
176.35,1157
177.05,1407
178.43,460
178.045,347
177.72,871
176.05,885
176.17,464
176.97,648
176.97,0
176.19,1105
175.36,538
175.995,1325
175.745,1090
176.19,130
176.625,506
176.3,454
176.33,368
176.415,862
176.36,620
176.355,1232
175.92,1620
175.12,673
175.59,565
176.195,495
174.59,471
174.6,478
174.51,434
174.39,1214
174.805,710
173.8,888
173.98,503
173.46,308
173.56,545
173.38,1403
172.7,768
173.19,7905
176.36,7034
183.32,5675
182.8,1703
183.13,3132
184.83,2835
186.63,1165
186.37,2205
186.92,1173
186.13,1292
186.875,2668
187.095,3124
187.025,1002
187.03,1475
187.75,578
187.43,2260
187.77,1523
188.39,1093
188.36,1770
189.13,1799
188.625,941
188.62,309
188.19,370
188.19,0
188.5,353
187.8,1760
186.98,932
186.51,675
186.76,686
185.18,4240
185.295,1415
183.98,1911
184.81,3069
185.05,634
185.25,902
185.33,1088
184.31,233
184.47,1115
183.89,2105
183.84,10437
190.96,3293
185.87,2043
186.89,1278
186.97,104
186.98,336
186.1,1038
187.55,2326
186.91,1165
188.05,1376
187.35,1423
187.87,207
188.39,520
188.82,1348
188.59,532
188.59,733
188.53,387
188.76,669
188.39,1096
188.78,1240
188.19,681
187.955,237
187.705,380
188.13,315
188.33,338
188.82,1031
188,1041
187.18,658
187.08,350
187.4,871
186.67,314
187.25,1017
187.81,686
188.58,2005
188.67,1528
189.16,696
188.93,507
188.885,561
189.105,1337
189.545,7399
189.85,3188
187.87,1482
186.81,1952
187.31,1137
187.25,580
188.17,1345
188.58,933
189.07,1557
188.79,1806
187.27,311
187.72,586
188.49,302
187.4,338
188,348
187.65,455
187.97,173
188.31,141
188.35,832
188.35,0
186.38,1004
186.48,1115
186.05,796
185.905,672
185.58,1066
185.7,224
185.64,998
185.695,3959
185.425,1491
185.89,675
185.69,194
185.82,431
186.02,269
185.94,792
184.98,1097
184.41,1022
184.475,2277
184.61,2232
185.11,1628
185.21,8628
189.78,8838
195.18,4333
197.2,13902
196.88,10411
198.16,7514
199.845,5191
199.38,4431
197.855,2593
198.365,5985
199.48,3017
201.245,4757
201.11,5909
201.98,4808
203,3810
203.335,5757
204.815,2235
203.73,4588
203.85,3101
203.615,4508
203.59,3073
204.85,8915
206.42,10662
207.23,9641
208.79,10084
208.77,15587
210.88,4112
209.69,7454
208.82,6120
209.21,6993
209.97,5065
209.355,6442
209.015,7918
208.75,5512
209.35,5392
210.55,4312
211.99,4489
212.37,5338
213.4,21480
214.78,63571
208,10682
201.9,1133
203.125,4466
203.15,4213
203.48,7597
204.735,2170
204.5,2105
203.49,2433
202.22,8115
196.98,6948
197.94,3464
196.22,1718
196.92,1016
195.57,2586
196.76,1077
197.08,2247
197.84,2346
198.31,1758
197.33,700
197.35,1161
198.44,3410
199.285,2157
198.405,1459
199.24,1449
200.21,1565
200.64,2538
202.11,1024
200.96,767
201.11,561
201.68,1336
202.47,2157
201.61,1290
201.625,539
202.28,1014
201.89,1624
201.88,3576
201.06,3202
201.12,5701
200.145,22156
197.72,2819
196.09,4299
197.88,2931
197.56,1101
199.165,1015
198.4,1087
197.545,130
198,925
197.79,1783
197.1,1849
196.22,844
197.345,432
196.92,556
196.24,160
196.02,859
196.58,1029
197.36,569
196.87,3547
196.67,344
196.085,301
195.44,526
195.44,0
195.44,0
196.395,142
196.2,1299
196.73,514
196.99,1315
196.69,1029
197.02,966
197.39,1271
197.045,392
197.13,1746
197.52,1500
197.36,2776
197.28,1895
195.485,4517
195.15,4645
195.115,5924
195.43,24226
195.67,1250
196.79,1722
195.12,1489
194.75,2453
195.695,3091
196.605,3920
197.68,2076
197.47,1353
196.3,1565
194.76,1209
196.34,1064
196.85,680
194.88,569
196.09,282
196.09,0
196.09,0
196.09,0
195.63,352
195.44,812
195.44,0
195.84,785
195.84,1015
195.52,1203
195.61,1105
195.64,2514
196.84,557
196.57,249
196.68,771
197.34,1184
197.34,0
197.48,174
197.4,182
197.19,833
197.97,275
197.97,0
198.2,2723
199.245,1696
199.14,2282
197.58,10598
200.805,4531
197.66,1603
195.67,133
197.68,729
197.07,1644
196.5,1129
196.49,2944
194.61,2560
191.89,4142
192.34,4513
191.995,3516
192.35,4506
191.84,2189
191.17,2811
191,1142
190.17,3063
189.32,1566
189.665,1669
189.675,2635
190.29,2543
190.455,2030
190.395,3799
191.565,1554
191.96,2627
192.38,1237
192.29,2082
192.44,2532
192.41,1908
193.42,2112
193.8,1999
194,2868
194.245,1663
193.88,3562
194.19,2922
193.975,4132
194.105,3339
193.98,5894
194.23,8133
193.635,19956
193.635,0
193.55,476
194.26,366
192.05,1367
192.32,207
192.32,0
192.32,0
192.305,195
192.1,866
192.37,900
192.47,192
192.66,672
192.37,1168
191.08,447
191.08,0
190.87,122
191.36,620
190.76,441
190.675,885
190.86,144
190.86,0
189.76,552
188.77,1080
188.59,392
188.5,374
189.06,2353
189.94,382
190.8,593
190.69,411
191.2,821
192.04,1173
192.08,778
191.92,2047
191.84,1455
191.855,377
191.89,2351
191.155,3510
190.7,3087
191,16183
189.66,5264
187.96,2473
187.235,6252
186.14,4855
188.68,2286
189.78,1959
190.53,1587
190.85,2459
189.86,744
189.63,1952
188.37,2737
187.54,2630
187.82,1817
187.7,1566
189.2,1174
189.2,0
187.93,1908
187.23,1855
187.165,291
186.845,1222
186.355,1748
186.8,1270
186.985,1296
187.24,468
188,355
188.05,765
188.44,804
188.38,211
188.46,422
188.38,191
188.02,525
188.015,1839
188.015,0
186.765,1475
186.97,1373
187.045,1617
186.8,1437
186.51,3187
187.22,13841
190.17,2450
187.695,1144
184.8,1220
189.01,752
188.63,155
190.06,3169
192.355,2055
192.775,1910
192.01,1700
191.645,1383
192.56,1171
192.61,1009
192.79,3143
194.08,1100
193.77,1516
193.635,1460
194.91,968
195.56,974
195.81,2100
195.81,0
195.94,432
197,2032
196.925,308
197.145,2176
198,1416
196.93,708
196.885,1583
197.46,2235
197.83,1627
198.12,1164
198.79,2446
198.635,591
198.85,3174
199.04,1686
199.075,3467
199.605,6097
200.12,5496
198.16,4097
198.315,25833
193.74,3536
194.5,2446
191.78,379
190.39,1373
188.65,1736
188.15,442
187.875,6131
184.93,1212
185.05,1251
186.48,787
186.48,0
186.08,961
186.05,514
185.58,1217
186.19,960
186.515,137
186.3,1059
186.025,970
186.025,0
185.645,508
185.905,373
186.215,105
186.715,890
187.03,188
186.87,352
187.55,168
187.67,724
188.125,798
188.02,970
189.14,183
189.16,2723
189.125,539
188.815,1447
189,559
189.245,1742
188.54,800
188.32,817
188.03,1961
188.04,11148
191.53,1442
188.33,1337
188.44,1203
186.76,1914
188.79,539
189.78,365
190.2,555
191.69,1164
190.815,303
190.3,737
190.13,748
191.005,1871
191.13,2159
190.86,489
190.5,1196
190.17,1011
189.93,624
189.63,673
189.78,116
190.14,718
190.15,372
190.08,420
190.64,984
190.06,229
190.06,0
189.82,1178
189.82,0
190.33,919
190.45,3042
190.415,431
190.32,2263
189.93,578
190.06,427
190.355,2766
191.235,1978
191.31,2373
191.08,3631
191.255,6613
191.15,15442
195.01,695
195.26,3696
195.14,2789
192.19,172
191.545,100
191.89,137
191.89,0
192.39,454
192.395,155
193.415,1560
194.95,1722
195.24,1591
195.01,245
195.01,0
194.42,237
194.78,635
194.59,445
194.71,612
194.23,235
194,1343
194.43,1823
194.43,0
194.87,554
195.62,294
195.62,0
195.685,114
195.735,327
195.64,111
195.47,666
196.12,499
196.1,120
196.62,3011
197.22,1222
197.33,142
197.29,1039
197.315,1075
196.48,1861
196.58,1735
196.79,14118
194.44,452
192.78,662
191.365,303
190.705,101
190.88,317
191.34,296
190.47,1660
190.78,1887
189.85,376
192.01,1200
192.93,794
193.24,748
192.8,1057
192.4,669
192.48,252
192.95,152
192.95,0
192.33,816
192.33,0
192.33,0
192.33,0
192.33,0
192.33,0
193.035,297
193.81,773
193.81,0
193.77,152
194.12,564
193.575,451
193.47,936
193.6,399
193.07,973
192.78,1007
192.65,1410
193.05,1685
192.74,1856
192.89,3895
193.57,1680
194.07,8712
196.69,1964
190.8,1151
188.57,3183
192.07,543
193.03,1117
193.54,101
193,2234
192.82,802
193.42,617
192.88,398
191.71,101
191.1,518
191.98,1772
190.58,1073
190.63,554
190.13,2094
188,3617
189.625,130
190.03,233
190.1,480
190.42,574
190.42,417
190.81,1114
190.595,1407
191.32,393
191.32,0
190.98,100
190.62,1074
190.62,0
190.47,355
190.47,0
189.88,825
189.55,1256
189.55,657
189.25,1080
189.16,1391
189.38,1087
189.26,2972
189.68,9653
195.135,1855
195.89,3284
195.37,676
196.25,1232
196.84,301
196.38,475
196.3,340
196.3,0
195.51,486
196.185,602
196.97,321
196.905,287
196.635,201
196.64,360
195.39,508
196.06,803
196.02,254
196.35,203
195.455,258
195.4,217
195.005,124
195.09,100
195.09,0
194.86,450
194.95,150
194.96,1277
194.59,119
194.66,506
194.64,118
194.71,1030
194.88,942
195.28,382
195.92,750
196.01,586
195.95,554
195.82,1619
195.32,1211
195.56,2095
195.14,4769
199.55,1272
193.05,1310
192.895,1436
194.13,3183
193.36,2753
192.94,1746
192.71,1292
193.9,4529
194.04,3416
195.05,563
196.2,897
196.865,2829
197.025,3804
196.76,806
197.605,2515
196.07,2380
195.45,1147
195.61,829
195.67,1008
195.72,522
195.19,318
195.185,640
195.71,805
194.89,405
194.24,732
193.85,2393
193.94,558
192.66,1303
193.4,1264
193.81,1253
193.76,2997
193.6,1822
194.335,558
194.97,7049
194.93,1181
194.9,1057
194.12,4303
194.09,9707
193.005,11956
207.56,15527
215.21,14067
218.34,12864
217.39,4878
217.41,12247
217.27,5243
214.74,6360
213.18,8361
213.25,6199
210.97,2593
212.355,8180
211.14,8068
211.725,9475
210.32,6081
207.585,4038
207.25,8664
207.27,2959
206.91,2638
206.57,2303
205.54,2524
204.905,4521
204.38,4424
204.38,2758
202.57,9717
202.37,3741
204.37,3021
203.865,2328
203.43,1847
203.81,1076
204.585,2602
204.185,2232
203.5,2651
202.26,1571
202.16,1568
202.51,2237
202.74,2780
202.03,4925
200.6,10127
199.84,34541
201.955,3588
203.53,7472
201.11,4680
199.61,6353
200.37,6718
196.42,3823
195.33,8042
195.15,4319
198.735,1415
198.01,3462
196.995,1507
197.58,1981
196.66,1809
197.71,609
197.09,1760
197.48,3805
198.34,5739
199.43,2135
199.63,8069
200.07,2476
200.52,2544
202,3229
201.85,2006
201.57,10760
205.68,11418
206.1,4637
207.19,18567
208.07,2895
207.435,4235
209.15,2832
208.7,9408
208.43,11241
207.61,2894
206.43,707
207.43,3045
206.81,5489
205.69,4641
206,10336
204.03,29434
210.995,17265
213.01,10699
213.525,12520
214.32,7520
215.37,9812
215.81,7925
215.21,9078
215.2,3164
215.55,6003
215.6,6133
215.26,4168
214.6,1877
215.18,2286
215.84,2003
216.18,3034
215.01,2418
215.66,1258
215.4,1320
214.98,1413
214.225,2989
213.96,1307
212.65,3321
212.47,1642
212.28,4516
212.99,1677
212.28,1069
211.955,3379
210.75,2273
211.55,1046
211.51,2287
212.67,1043
212.77,803
212.9,3417
213.5,2109
213.585,3796
214.23,4368
211.66,2081
211.375,2572
210.5,19625
204.845,2048
208.74,461
205.63,3276
204.54,3525
207.2,2946
207.26,1430
204.53,6023
205.955,4336
204.5,1668
204.39,2863
204.57,4818
202.32,2796
202.265,3083
202.31,2422
202.56,3486
202.14,1719
203.27,1117
203.695,3496
203.745,1924
203.07,272
202.87,411
202.84,1080
203.11,905
203.11,0
203.71,240
204.34,1105
204.06,3184
205.3,2599
206.07,3812
206.13,393
206.04,1391
205.575,848
205.5,1114
205.32,1028
206.14,3719
206.27,3936
206.835,10885
206.85,4704
206.48,13378
207.55,15137
203.32,7410
197.27,1152
199.41,1108
198.46,2826
197.86,1354
199.45,1168
200.17,1399
201.84,558
201.41,454
201.34,283
201.43,331
200.99,789
200.07,564
199.56,1286
199.33,789
199.33,0
200.52,467
200.89,202
200.37,247
200.34,544
200.71,614
202,3480
202.64,2453
203.67,860
203.1,897
203.71,153
202.705,3891
202.66,155
202.645,287
203.09,963
202.54,3966
202.325,2826
202.08,2619
201.94,1305
202.52,275
202.85,1606
203.17,2440
201.86,17489