28.58,450
28.46,300
28.46,0
28.56,300
28.56,0
28.56,0
28.56,0
28.62,150
28.56,600
28.56,0
28.47,150
28.51,450
28.47,150
28.47,0
28.51,300
28.51,0
28.51,0
28.53,150
28.53,0
28.53,0
28.53,0
28.53,0
28.5,751
28.41,450
28.41,0
28.41,0
28.35,300
28.39,600
28.51,150
28.51,0
28.51,0
28.55,150
28.55,150
28.56,150
28.56,0
28.48,901
28.48,450
28.62,750
28.52,990
28.77,750
28.84,1059
28.87,533
28.81,150
28.81,600
28.8,600
28.74,748
28.74,0
28.73,450
28.73,150
28.73,0
28.66,309
28.67,300
28.67,0
28.57,150
28.57,0
28.5,600
28.5,150
28.48,150
28.46,150
28.46,0
28.48,2250
28.49,526
28.44,600
28.44,0
28.46,3600
28.45,571
28.45,0
28.45,0
28.56,442
28.55,150
28.55,0
28.55,0
28.52,150
28.53,634
28.54,600
28.52,900
28.43,150
28.43,930
28.38,733
28.41,150
28.37,300
28.35,300
28.35,0
28.39,150
28.39,0
28.36,150
28.36,0
28.42,750
28.44,300
28.44,0
28.43,946
28.49,900
28.49,0
28.49,0
28.56,150
28.6,150
28.64,150
28.64,0
28.61,150
28.68,150
28.68,0
28.68,600
28.73,450
28.73,0
28.72,1350
28.77,150
28.77,0
28.77,0
28.77,0
28.77,0
28.8,442
28.8,0
28.8,0
28.78,493
28.68,300
28.75,1500
28.83,1500
28.91,750
28.96,1050
28.95,300
28.92,751
28.92,0
28.87,600
28.87,0
28.93,298
28.93,0
28.93,0
28.92,150
28.92,0
28.87,150
28.87,150
28.92,150
28.92,0
28.92,0
28.92,0
28.97,600
28.95,300
28.97,300
28.97,0
28.97,0
28.9,150
28.9,0
28.9,0
28.94,450
28.95,150
28.94,450
28.92,450
28.91,1050
28.98,300
28.93,150
28.93,0
28.93,0
28.95,150
28.97,750
28.97,300
28.93,3459
28.93,0
28.57,600
28.57,600
28.56,150
28.42,450
28.5,750
28.51,150
28.51,0
28.42,450
28.51,300
28.53,750
28.55,450
28.62,750
28.62,0
28.66,150
28.66,0
28.66,0
28.66,480
28.66,0
28.66,0
28.66,0
28.66,0
28.66,0
28.66,0
28.71,450
28.71,0
28.78,150
28.8,300
28.78,450
28.82,600
28.82,0
28.85,679
28.91,600
28.95,900
28.98,750
29.07,450
29.1,891
29.1,900
29.14,1500
29.19,1050
29.21,3075
29.18,900
29.18,0
29.3,450
29.3,0
29.37,600
29.31,450
29.31,0
29.31,0
29.31,0
29.31,0
29.33,300
29.38,150
29.38,0
29.38,600
29.39,150
29.36,450
29.34,450
29.31,396
29.31,0
29.31,0
29.3,750
29.33,300
29.32,450
29.29,450
29.29,0
29.16,450
29.09,300
29.09,0
29.09,0
29.09,0
29.11,600
29.09,150
29.11,300
29.12,507
29.16,678
29.14,1847
29.11,1950
29.17,1800
29.17,600
29.12,150
29.12,150
29.11,750
29.11,0
29.15,150
29.13,150
29.13,0
29.13,0
29.14,450
29.11,486
29.11,0
29.11,0
29.11,0
29.02,300
29,1950
29.02,450
29.02,0
29.02,0
28.96,150
28.96,0
28.95,300
28.97,312
29.03,450
29.04,750
29.06,150
29.06,0
29.06,0
29.08,900
29.1,900
29.13,1050
29.14,600
29.15,150
29.17,600
29.18,499
29.14,300
29.1,1350
29.08,1593
29.08,0
29.08,0
29.08,0
29.08,0
29.08,0
29.08,0
29.08,0
29.08,0
29.15,169
29.15,0
29.15,0
29.15,0
29.17,150
29.17,0
29.17,0
29.17,0
29.17,0
29.12,150
29.12,0
29.12,0
29.12,0
29.12,0
29.12,0
29.2,150
29.2,0
29.2,0
29.22,450
29.22,0
29.22,0
29.22,0
29.24,150
29.17,150
29.17,0
29.19,300
29.24,778
29.19,150
29.24,450
29.3,600
29.17,189
29.25,168
29.21,450
29.21,300
29.21,0
29.2,450
29.2,0
29.31,300
29.3,600
29.3,0
29.3,0
29.29,600
29.29,0
29.29,0
29.29,0
29.31,450
29.36,300
29.35,150
29.35,0
29.38,291
29.38,0
29.38,0
29.38,0
29.38,0
29.38,0
29.38,0
29.38,0
29.38,0
29.38,0
29.38,0
29.32,300
29.25,1410
29.21,150
29.21,0
29.24,150
29.24,0
29.24,0
29.22,150
29.23,450
29.17,1800
29.17,0
29.35,150
29.35,0
29.4,480
29.44,150
29.45,150
29.53,450
29.46,150
29.46,0
29.43,750
29.43,0
29.38,300
29.38,0
29.38,0
29.38,0
29.38,0
29.45,300
29.45,0
29.45,0
29.49,450
29.48,150
29.48,0
29.48,0
29.48,0
29.48,0
29.48,0
29.48,0
29.48,0
29.48,0
29.33,450
29.33,0
29.33,0
29.33,0
29.31,150
29.26,450
29.24,300
29.25,300
29.25,0
29.32,1200
29.47,1500
29.41,150
29.41,0
29.41,0
29.41,0
29.41,0
29.52,150
29.52,0
29.41,300
29.41,0
29.41,300
29.41,0
29.47,150
29.49,450
29.46,150
29.43,300
29.42,750
29.44,600
29.37,600
29.37,0
29.32,150
29.32,0
29.32,0
29.32,0
29.32,0
29.39,150
29.39,0
29.39,0
29.39,0
29.5,450
29.5,0
29.46,300
29.45,450
29.45,0
29.46,150
29.47,750
29.44,300
29.41,450
29.43,1050
29.46,750
29.46,0
29.59,300
29.54,498
29.5,150
29.44,600
29.39,150
29.36,300
29.35,300
29.34,150
29.34,0
29.34,0
29.34,0
29.47,300
29.47,163
29.47,0
29.46,150
29.46,0
29.46,0
29.46,0
29.46,0
29.47,300
29.47,0
29.46,1957
29.46,0
29.54,300
29.54,0
29.54,0
29.54,0
29.59,450
29.56,150
29.56,0
29.56,0
29.61,306
29.6,300
29.62,150
29.6,300
29.61,150
29.55,600
29.9,900
30.23,1330
30.07,5250
30.09,300
30.07,750
30.08,750
30.22,600
30.23,450
30.23,0
30.23,0
30.19,450
30.26,150
30.3,300
30.29,150
30.31,150
30.26,750
30.31,300
30.31,0
30.3,450
30.3,0
30.21,300
30.21,0
30.14,150
30.14,0
30.13,150
30.13,0
30.13,150
30.13,600
30.13,0
30.13,150
30.13,0
30.19,300
30.19,1050
30.21,150
30.17,1200
30.15,150
30.03,150
30.04,600
30.07,1800
29.96,300
29.96,0
29.94,750
29.94,0
29.81,150
29.81,0
29.81,0
29.9,900
29.97,300
30,750
30,0
30.01,1099
30.02,450
30.01,160
29.96,150
29.96,900
29.89,2100
29.85,1350
29.86,1050
29.83,450
29.89,150
29.97,150
29.96,1950
29.95,1650
29.92,1350
29.91,2550
29.96,2250
29.96,900
29.93,3000
29.96,900
29.86,1050
29.75,150
29.74,1050
29.64,1650
29.58,4599
29.62,4050
29.63,7054
29.66,10800
29.69,5745
29.6,450
29.6,0
29.6,0
29.59,150
29.59,0
29.59,0
29.59,0
29.54,150
29.55,300
29.52,300
29.52,0
29.52,0
29.53,450
29.53,0
29.63,300
29.63,0
29.63,0
29.52,150
29.52,0
29.52,0
29.52,0
29.52,0
29.52,0
29.52,0
29.73,150
29.73,0
29.73,0
29.79,300
29.77,450
29.77,0
29.77,0
29.77,0
29.85,150
29.89,150
29.89,0
29.95,150
29.97,450
29.97,0
29.91,1368
29.91,0
30.09,600
30.09,0
30.11,150
30.04,150
29.99,300
29.99,0
29.99,0
29.99,0
29.99,0
30.06,244
30.07,150
30.07,0
30.07,0
30.07,0
30.07,0
30.09,150
30.09,0
30.14,300
30.14,0
30.14,0
30.11,150
30.11,1431
30.09,450
30.09,0
30.16,300
30.16,0
30.16,0
30.22,300
30.22,0
30.22,0
30.26,150
30.31,150
30.38,750
30.43,1050
30.43,750
30.26,150
30.27,750
30.25,300
30.26,450
30.26,0
30.36,150
30.36,0
30.36,0
30.36,0
30.42,150
30.42,0
30.42,0
30.42,0
30.41,750
30.42,450
30.42,0
30.42,0
30.38,450
30.38,0
30.38,0
30.48,450
30.48,0
30.52,450
30.5,150
30.48,150
30.48,0
30.48,0
30.48,0
30.48,0
30.45,150
30.45,0
30.43,300
30.43,0
30.4,150
30.41,150
30.41,0
30.41,0
30.44,150
30.39,600
30.39,300
30.39,0
30.4,600
30.4,0
30.51,8850
30.45,150
30.44,150
30.37,300
30.37,0
30.37,0
30.35,600
30.35,0
30.43,150
30.43,150
30.36,150
30.36,0
30.35,450
30.39,750
30.39,0
30.39,0
30.39,0
30.43,150
30.43,0
30.43,0
30.46,150
30.46,0
30.52,150
30.52,0
30.52,0
30.52,0
30.53,150
30.53,0
30.53,0
30.53,0
30.53,0
30.53,0
30.64,600
30.59,600
30.63,150
30.63,0
30.46,450
30.45,3450
30.45,0
30.45,0
30.29,900
30.29,0
30.24,151
30.24,0
30.24,0
30.16,300
30.2,300
30.21,600
30.17,960
30.15,765
30.15,0
30.08,300
30.07,366
30.05,1650
30.02,1050
30.04,600
30.14,915
30.16,6000
30.16,0
30.16,0
30.16,0
30.16,0
30.16,0
30.16,0
30.16,0
30.1,450
30.13,300
30.13,0
30.13,300
30.17,150
30.16,1500
30.16,0
30.13,900
30.11,300
30.11,0
30.12,150
30.11,924
30.17,1350
30.17,0
30.17,0
30.19,150
30.17,450
30.17,0
30.17,0
30.17,300
30.17,0
30.17,0
30.13,150
30.14,300
30.14,0
30.14,0
30.14,0
30.14,0
30.14,0
30.14,0
30.14,0
30.14,0
30.14,0
30.03,300
30.03,0
30.07,900
30.07,300
30.06,300
30.06,0
30.06,0
30.03,150
30.02,750
30.04,150
30.05,675
30.05,150
30.05,150
30.05,150
30.06,1200
29.98,150
29.98,1200
29.97,1369
29.97,0
29.97,0
29.75,150
29.79,150
29.79,0
29.74,150
29.74,0
29.74,0
29.7,453
29.7,0
29.7,0
29.7,0
29.7,450
29.7,0
29.67,150
29.63,300
29.62,150
29.62,0
29.62,0
29.62,0
29.62,0
29.62,0
29.62,0
29.62,0
29.62,0
29.62,0
29.53,450
29.55,300
29.55,0
29.55,0
29.55,300
29.55,150
29.55,0
29.55,0
29.56,150
29.56,444
29.56,0
29.55,150
29.55,0
29.7,356
29.75,150
29.64,750
29.64,1007
29.62,600
29.61,1500
29.67,300
29.61,925
29.63,600
29.64,300
29.63,1054
29.62,450
29.6,150
29.6,750
29.64,885
29.65,300
29.63,450
29.63,300
29.62,150
29.62,600
29.62,300
29.62,750
29.62,150
29.62,0
29.64,450
29.65,750
29.65,0
29.64,750
29.63,450
29.64,301
29.61,150
29.64,300
29.64,0
29.6,300
29.59,300
29.55,300
29.51,451
29.53,150
29.56,1215
29.56,0
29.56,0
29.7,450
29.7,0
29.67,282
29.67,0
29.74,450
29.74,0
29.74,0
29.74,0
29.74,0
29.67,150
29.67,0
29.67,0
29.66,744
29.66,0
29.68,744
29.68,0
29.68,0
29.68,0
29.68,0
29.63,150
29.63,0
29.59,150
29.59,0
29.59,159
29.59,0
29.65,150
29.65,0
29.65,0
29.65,0
29.66,469
29.75,447
29.68,150
29.68,0
29.72,450
29.72,750
29.72,165
29.68,765
29.68,0
29.82,750
29.82,0
29.82,0
29.74,750
29.75,300
29.75,0
29.75,0
29.85,1200
29.9,150
29.92,300
29.88,450
29.85,150
29.87,150
29.87,0
29.87,0
29.9,300
29.89,1050
29.89,0
29.89,0
29.89,0
29.89,0
29.87,150
29.87,174
29.87,0
29.8,600
29.8,0
29.7,600
29.62,150
29.62,0
29.62,0
29.52,750
29.56,150
29.56,0
29.56,0
29.56,0
29.47,283
29.47,0
29.4,505
29.24,517
29.24,0
29.24,0
29.24,0
29.24,0
29.36,300
29.39,450
29.42,187
29.42,0
29.4,600
29.36,300
29.43,747
29.4,151
29.4,0
29.31,450
29.31,0
29.3,600
29.27,750
29.25,750
29.25,0
29.25,0
29.38,750
29.38,0
29.35,450
29.35,0
29.35,0
29.35,0
29.35,0
29.35,0
29.35,0
29.35,0
29.26,678
29.26,0
29.26,0
29.23,150
29.24,159
29.31,321
29.31,0
29.37,750
29.12,600
29.12,0
29.12,0
29.12,0
29.16,600
29.16,0
29.16,0
29.28,808
29.24,457
29.23,300
29.23,0
29.23,0
29.31,300
29.33,450
29.33,0
29.33,0
29.33,0
29.33,0
29.33,0
29.33,0
29.48,231
29.48,0
29.48,0
29.48,0
29.48,0
29.48,0
29.48,0
29.48,0
29.48,0
29.48,0
29.48,0
29.48,0
29.48,0
29.48,0
29.48,0
29.55,450
29.61,300
29.65,559
29.59,2463
29.59,0
29.8,150
29.69,900
29.69,0
29.56,750
29.56,0
29.74,300
29.74,300
29.76,150
29.83,300
29.83,300
29.83,0
29.83,0
29.83,0
29.93,300
29.93,450
29.95,480
29.92,150
29.94,150
29.94,0
29.94,0
29.94,0
29.75,150
29.75,0
29.75,0
29.74,213
29.74,0
29.74,0
29.68,150
29.65,150
29.68,300
29.68,0
29.73,300
29.73,600
29.73,0
29.72,150
29.71,150
29.64,1050
29.57,600
29.57,0
29.48,150
29.42,450
29.42,0
29.42,0
29.42,0
29.42,0
29.42,0
29.4,450
29.4,0
29.37,150
29.4,150
29.4,0
29.4,0
29.29,450
29.29,0
29.29,0
29.29,0
29.34,150
29.34,0
29.34,0
29.34,0
29.34,0
29.34,0
29.34,0
29.52,300
29.52,0
29.52,0
29.52,0
29.61,300
29.61,0
29.62,439
29.62,0
29.67,826
29.71,450
29.7,1650
29.7,2137
29.79,1954
29.81,8320
29.81,0
29.64,150
29.64,0
29.64,0
29.64,0
29.55,307
29.55,0
29.55,0
29.44,450
29.38,300
29.38,0
29.26,300
29.35,150
29.35,0
29.42,600
29.42,0
29.42,0
29.42,0
29.42,0
29.42,0
29.42,0
29.42,0
29.42,0
29.42,0
29.42,0
29.42,0
29.42,0
29.42,0
29.42,0
29.42,0
29.38,504
29.36,450
29.36,0
29.39,150
29.39,0
29.39,0
29.39,0
29.39,0
29.37,735
29.37,0
29.53,300
29.49,300
29.49,0
29.42,375
29.42,0
29.42,150
29.43,862
29.43,0
29.3,450
29.3,0
29.3,0
29.3,0
29.28,1800
29.28,0
29.28,0
29.28,0
29.28,0
29.29,2810
29.29,3600
29.29,0
29.3,454
29.29,300
29.28,150
29.28,0
29.28,0
29.28,0
29.28,0
29.28,0
29.28,0
29.28,150
29.28,0
29.29,300
29.31,150
29.31,0
29.29,300
29.28,300
29.28,1200
29.31,1387
29.4,373
29.36,150
29.31,150
29.27,300
29.31,150
29.3,900
29.32,150
29.33,549
29.33,0
29.39,600
29.37,600
29.4,450
29.4,0
29.36,150
29.36,0
29.38,150
29.41,300
29.38,150
29.33,150
29.33,0
29.34,150
29.37,450
29.37,0
29.37,0
29.37,0
29.43,2323
29.43,0
29.42,450
29.42,0
29.42,1093
29.42,0
29.42,0
29.42,0
29.4,300
29.4,450
29.4,0
29.4,450
29.4,0
29.37,505
29.37,0
29.37,0
29.34,300
29.34,150
29.34,150
29.35,150
29.41,907
29.39,450
29.39,0
29.37,450
29.49,1245
29.48,960
29.47,300
29.5,1050
29.55,1800
29.54,600
29.51,600
29.46,946
29.41,318
29.42,450
29.55,150
29.53,1629
29.54,3825
29.58,835
29.54,2700
29.56,774
29.58,1500
29.65,300
29.67,808
29.69,150
29.68,150
29.68,300
29.68,0
29.67,787
29.67,0
29.53,540
29.52,459
29.5,1500
29.51,2490
29.58,307
29.6,150
29.67,1050
29.67,0
29.7,600
29.7,0
29.7,0
29.7,0
29.61,600
29.61,0
29.61,0
29.66,952
29.7,750
29.7,345
29.69,1402
29.72,300
29.74,345
29.74,300
29.74,600
29.78,1065
29.79,450
29.77,165
29.77,2400
29.77,300
29.78,630
29.78,450
29.77,624
29.79,300
29.87,150
29.85,150
29.85,0
29.86,348
29.85,5008
29.86,300
29.84,4963
29.84,1239
29.85,498
29.81,907
29.8,1452
29.74,150
29.8,600
29.82,450
29.85,1515
29.84,1860
29.78,1800
29.82,300
29.79,1350
29.78,778
29.81,901
29.86,598
29.91,450
29.95,300
29.99,300
30.04,150
30.1,450
30.1,0
30.13,600
30.13,0
30.13,0
30.16,150
30.17,430
30.22,647
30.22,0
30.16,600
30.16,0
30.16,0
30.16,450
30.18,150
30.16,150
30.16,150
30.16,0
30.17,750
30.17,0
30.17,0
30.17,0
30.21,450
30.26,390
30.26,900
30.44,2478
30.68,150
30.68,0
30.68,0
30.78,600
30.86,1060
30.86,0
30.86,0
30.86,0
30.74,417
30.77,328
30.8,789
30.8,0
30.83,150
30.84,150
30.89,300
30.89,0
30.86,1050
30.84,150
30.84,0
30.86,750
30.88,234
30.94,450
30.94,0
30.95,150
30.85,150
30.81,150
30.82,300
30.82,0
30.83,600
30.85,150
30.89,450
30.84,2250
30.86,900
30.86,1054
30.92,1350
30.92,0
30.78,585
30.77,1336
30.64,975
30.59,150
30.6,300
30.65,514
30.58,832
30.59,862
30.66,1867
30.57,750
30.54,300
30.56,450
30.59,345
30.59,0
30.59,0
30.59,0
30.67,495
30.64,1409
30.65,232
30.65,0
30.65,0
30.63,225
30.62,150
30.64,150
30.63,1678
30.54,900
30.55,150
30.51,1110
30.47,1200
30.51,805
30.53,150
30.61,150
30.61,0
30.61,0
30.61,0
30.63,150
30.63,0
30.62,165
30.64,1372
30.64,0
30.61,2037
30.38,600
30.39,1950
30.5,1500
30.44,751
30.37,1800
30.34,450
30.35,606
30.4,539
30.35,3190
30.43,450
30.34,1050
30.34,0
30.34,0
30.34,0
30.34,0
30.34,0
30.34,0
30.34,0
30.34,0
30.34,0
30.32,300
30.31,1200
30.37,150
30.37,0
30.39,300
30.39,0
30.48,879
30.48,1200
30.47,750
30.47,150
30.46,300
30.46,0
30.47,150
30.46,337
30.46,0
30.43,750
30.44,450
30.41,150
30.41,2197
30.34,750
30.39,600
30.35,1425
30.37,750
30.46,900
30.41,450
30.43,2314
30.4,1050
30.43,450
30.43,0
30.51,901
30.51,0
30.51,0
30.51,0
30.63,312
30.62,759
30.63,300
30.61,300
30.61,600
30.61,0
30.64,150
30.65,669
30.65,0
30.61,745
30.61,0
30.61,0
30.58,300
30.62,453
30.63,300
30.71,150
30.76,150
30.74,460
30.65,150
30.66,300
30.67,1808
30.73,600
30.73,1506
30.73,930
30.75,8520
30.37,300
30.18,450
30.26,1170
30.27,1500
30.19,150
30.13,390
30.27,150
30.23,1845
30.15,1150
30.16,1350
30.17,600
30.26,300
30.25,600
30.3,1653
30.3,0
30.3,0
30.26,150
30.26,0
30.27,1200
30.28,450
30.25,150
30.25,0
30.25,0
30.25,0
30.25,0
30.13,600
30.13,0
30.13,300
30.13,0
30.1,450
30.11,750
30.11,0
30.11,300
30.13,150
30.13,600
30.13,0
30.19,300
30.18,1426
30.13,5210
30.13,0
30.4,2158
30.4,0
30.46,300
30.4,450
30.39,150
30.4,600
30.4,0
30.4,0
30.44,1435
30.44,0
30.4,150
30.47,150
30.45,150
30.49,607
30.49,150
30.49,0
30.49,0
30.49,0
30.49,0
30.49,0
30.49,0
30.49,0
30.49,0
30.49,0
30.49,0
30.45,150
30.45,0
30.45,0
30.45,0
30.45,0
30.51,150
30.51,0
30.51,0
30.51,0
30.51,0
30.47,300
30.44,750
30.45,1500
30.45,0
30.45,0
30.45,0
30.45,0
30.45,0
30.45,0
30.37,187
30.37,375
30.37,0
30.37,0
30.37,0
30.37,0
30.51,600
30.51,0
30.51,342
30.51,0
30.51,0
30.51,0
30.51,0
30.52,150
30.52,0
30.52,0
30.52,0
30.52,0
30.52,0
30.52,0
30.52,0
30.52,0
30.52,0
30.52,0
30.52,0
30.51,1221
30.51,2556
30.51,0
30.51,0
30.51,0
30.51,463
30.51,0
30.43,1200
30.43,0
30.38,450
30.4,1650
30.41,1503
30.43,600
30.38,900
30.44,360
30.43,460
30.4,2964
30.37,693
30.36,601
30.36,0
30.39,150
30.43,150
30.36,301
30.37,150
30.37,0
30.45,672
30.45,0
30.45,0
30.45,0
30.45,0
30.45,150
30.45,166
30.45,0
30.44,300
30.44,0
30.46,202
30.46,150
30.48,600
30.5,456
30.5,0
30.5,0
30.5,0
30.39,1950
30.41,151
30.44,900
30.45,150
30.44,3495
30.53,1455
30.53,0
30.47,5718
30.45,273
30.45,150
30.45,0
30.45,0
30.45,0
30.45,0
30.45,0
30.45,0
30.45,0
30.45,0
30.45,0
30.45,0
30.45,0
30.45,0
30.45,0
30.45,0
30.54,306
30.54,0
30.54,0
30.52,300
30.51,2110
30.51,0
30.51,0
30.51,750
30.52,2550
30.47,300
30.47,0
30.47,0
30.5,600
30.5,0
30.36,300
30.37,556
30.28,150
30.28,0
30.32,150
30.33,363
30.13,1059
29.97,7362
29.95,3540
29.88,300
29.79,600
29.74,925
29.79,600
29.8,1050
29.8,3165
29.8,0
29.65,900
29.65,0
29.71,300
29.71,0
29.69,450
29.67,450
29.67,0
29.67,3600
29.69,1464
29.7,600
29.7,150
29.74,150
29.69,150
29.69,0
29.69,0
29.61,150
29.61,0
29.55,1050
29.53,952
29.6,600
29.57,1830
29.58,2400
29.58,0
29.58,0
29.58,0
29.58,0
29.68,300
29.68,0
29.68,775
29.73,300
29.73,0
29.7,300
29.7,0
29.66,1650
29.64,3300
29.61,150
29.61,7050
29.7,150
29.7,900
29.7,0
29.7,0
29.7,0
29.7,0
29.7,0
29.7,0
29.78,150
29.78,0
29.78,0
29.71,1353
29.71,450
29.71,0
29.71,0
29.71,0
29.71,0
29.71,0
29.71,0
29.71,0
29.79,150
29.84,450
29.82,300
29.86,150
29.86,0
29.84,600
29.85,450
29.83,600
29.83,1800
29.83,150
29.8,1800
29.41,150
29.31,150
29.29,540
29.02,337
28.92,450
29.01,199
29.03,450
29.05,300
29.1,150
29.1,0
28.95,1228
28.88,150
28.92,450
28.92,0
28.98,4351
28.98,300
28.94,1387
28.97,300
28.97,333
28.97,0
28.97,0
28.97,0
28.97,0
28.97,0
28.97,0
29.03,600
29.04,300
29.1,547
29.1,0
29.06,150
29.06,0
29.06,0
29.08,300
29.08,0
29.16,171
29.26,150
29.26,0
29.34,900
29.43,1333
29.3,150
29.42,450
29.52,300
29.52,0
29.52,0
29.56,600
29.57,300
29.57,0
29.49,150
29.49,0
29.47,150
29.48,450
29.43,847
29.48,300
29.48,0
29.48,0
29.6,150
29.62,997
29.62,0
29.62,0
29.62,0
29.62,0
29.62,0
29.62,0
29.69,5821
29.64,750
29.67,3300
29.68,750
29.68,0
29.66,450
29.69,298
29.69,0
29.69,1218
29.7,174
29.74,3450
29.74,0
29.65,1050
29.65,0
29.6,600
29.63,300
29.68,300
29.68,0
29.68,0
29.68,0
29.68,0
29.68,0
29.68,0
29.68,0
29.68,0
29.68,0
29.68,0
29.68,0
29.68,0
29.68,0
29.68,0
29.68,0
29.68,0
29.57,150
29.57,0
29.57,151
29.57,0
29.57,0
29.57,0
29.57,0
29.57,0
29.57,0
29.57,0
29.52,487
29.52,0
29.52,0
29.52,0
29.52,0
29.56,450
29.55,150
29.55,0
29.55,0
29.47,493
29.5,150
29.5,0
29.5,0
29.5,150
29.5,0
29.5,0
29.48,450
29.48,0
29.48,450
29.5,300
29.5,0
29.5,0
29.5,0
29.5,0
29.5,0
29.5,0
29.5,0
29.5,0
29.5,0
29.5,0
29.43,300
29.5,150
29.5,0
29.52,300
29.52,0
29.52,0
29.52,0
29.52,0
29.56,765
29.56,450
29.56,0
29.63,150
29.66,727
29.66,0
29.72,934
29.72,0
29.75,150
29.75,0
29.72,454
29.71,1150
29.85,450
29.95,150
29.85,150
29.85,0
29.87,285
29.87,0
29.87,0
29.85,150
29.85,0
29.9,150
29.9,0
29.93,300
29.93,0
29.92,150
29.92,0
29.86,300
29.86,0
29.86,150
29.86,0
29.86,0
29.86,0
29.96,150
29.96,300
29.96,150
29.96,0
29.96,0
29.96,0
29.98,150
29.97,150
29.97,150
29.97,0
29.97,0
29.97,250
30,150
30.02,300
29.98,150
29.98,0
29.95,450
29.93,1359
29.75,277
29.77,900
29.77,0
29.77,0
29.77,0
29.83,450
29.78,1110
29.75,330
29.84,1863
29.84,0
29.8,232
29.84,225
29.84,0
29.84,0
29.84,0
29.78,474
29.78,0
29.78,0
29.78,0
29.78,0
29.78,0
29.75,450
29.68,300
29.68,0
29.68,0
29.68,0
29.68,150
29.62,4902
29.59,150
29.59,0
29.59,157
29.59,0
29.66,150
29.66,0
29.68,150
29.71,300
29.71,445
29.7,2831
29.76,10789
29.8,150
29.71,306
29.76,150
29.73,150
29.73,0
29.7,150
29.7,0
29.7,0
29.7,0
29.78,183
29.78,0
29.78,0
29.78,0
29.78,0
29.78,0
29.84,150
29.82,450
29.82,0
29.82,0
29.83,300
29.85,178
29.86,163
29.86,0
29.86,0
29.86,0
29.73,150
29.73,0
29.71,166
29.71,0
29.71,0
29.65,150
29.65,0
29.62,300
29.62,0
29.58,150
29.58,0
29.54,384
29.54,0
29.51,150
29.53,150
29.53,0
29.46,150
29.48,450
29.48,0
29.48,0
29.48,0
29.48,0
29.48,0
29.48,0
29.48,0
29.48,0
29.48,0
29.48,0
29.4,150
29.4,0
29.4,0
29.4,150
29.4,0
29.4,0
29.4,0
29.4,0
29.36,150
29.36,0
29.37,300
29.28,300
29.28,0
29.29,300
29.28,150
29.34,300
29.31,900
29.31,1864
29.32,2399
29.43,334
29.43,0
29.43,0
29.4,150
29.4,0
29.4,0
29.61,187
29.6,315
29.6,0
29.6,0
29.66,600
29.66,0
29.66,0
29.66,0
29.66,0
29.66,0
29.66,0
29.66,0
29.66,0
29.66,0
29.66,0
29.66,0
29.66,0
29.66,0
29.45,600
29.45,0
29.5,150
29.53,300
29.53,0
29.53,0
29.53,0
29.53,0
29.53,0
29.53,0
29.53,0
29.53,0
29.53,0
29.53,0
29.53,150
29.53,0
29.53,0
29.55,150
29.55,0
29.55,0
29.46,150
29.46,0
29.46,0
29.47,150
29.47,0
29.47,0
29.47,0
29.47,0
29.25,450
29.25,0
29.23,1120
29.26,742
29.26,0
29.26,0
29.26,0
29.26,150
29.26,0
29.26,0
29.3,300
29.3,0
29.3,0
29.3,0
29.28,1200
29.28,150
29.28,0
29.28,0
29.32,450
29.34,600
29.29,3150
29.29,0
29.29,0
29.29,0
29.32,150
29.29,1050
29.32,150
29.32,0
29.37,300
29.37,0
29.37,3933
29.43,898
29.43,0
29.66,402
29.64,300
29.58,750
29.58,0
29.65,300
29.67,300
29.65,150
29.64,150
29.64,450
29.64,600
29.64,150
29.64,300
29.61,300
29.61,0
29.61,0
29.54,750
29.54,0
29.54,300
29.53,150
29.62,150
29.62,0
29.55,150
29.61,300
29.61,0
29.61,0
29.61,0
29.61,0
29.51,150
29.51,0
29.51,0
29.5,150
29.5,0
29.49,300
29.51,150
29.51,0
29.51,0
29.45,150
29.43,1215
29.47,300
29.47,0
29.47,0
29.47,0
29.44,450
29.44,0
29.44,0
29.41,150
29.41,0
29.41,0
29.44,300
29.44,0
29.44,0
29.44,0
29.44,0
29.44,0
29.5,150
29.5,0
29.5,0
29.43,600
29.43,150
29.44,150
29.44,0
29.53,600
29.52,150
29.51,150
29.51,0
29.51,0
29.51,0
29.51,0
29.58,450
29.58,0
29.58,0
29.58,0
29.55,600
29.59,150
29.54,1214
29.46,450
29.43,891
29.42,150
29.42,0
29.42,0
29.42,0
29.42,0
29.42,0
29.42,0
29.57,450
29.51,306
29.51,0
29.51,0
29.55,150
29.55,0
29.55,0
29.55,0
29.59,150
29.59,0
29.67,300
29.67,600
29.67,0
29.67,0
29.67,0
29.67,0
29.67,0
29.62,300
29.66,150
29.66,0
29.63,300
29.65,450
29.65,0
29.67,150
29.67,184
29.62,150
29.61,150
29.61,0
29.61,0
29.61,181
29.58,289
29.56,243
29.87,150
29.84,150
29.84,0
29.95,150
29.97,300
29.97,0
29.96,150
29.96,150
30.04,300
30.03,150
30.03,0
30.07,300
30.07,0
30.07,0
30.07,0
30.07,0
29.97,1050
29.96,300
29.92,300
29.9,1050
29.92,750
29.91,450
29.91,0
29.91,0
29.79,150
29.85,150
29.85,975
29.92,1311
29.89,753
29.99,300
29.99,0
29.99,0
29.99,0
29.92,300
29.92,0
29.96,450
29.95,202
29.92,172
29.92,300
29.92,0
29.92,0
29.92,0
29.92,0
29.92,150
29.92,0
29.92,0
29.92,0
29.98,150
30.08,150
30.09,150
30.07,150
30.07,600
30.07,0
30.07,0
30.08,1500
30.17,334
30.17,0
30.17,0
30.14,1249
30.14,0
30.14,0
30.14,0
30.14,0
30.14,0
30.26,750
30.28,300
30.27,1125
30.29,1336
30.29,0
30.33,150
30.33,0
30.33,0
30.32,150
30.32,0
30.31,300
30.26,600
30.26,2850
30.22,3034
30.22,0
30.22,0
30.22,0
30.22,0
30.22,0
30.04,150
30.04,150
29.93,750
29.93,0
29.86,450
29.86,0
29.86,0
29.91,600
29.9,300
29.9,0
29.9,0
29.9,450
29.9,0
29.9,600
29.9,0
29.86,150
29.86,0
29.88,150
29.88,0
29.86,150
29.86,0
29.86,0
29.77,150
29.77,0
29.78,150
29.78,0
29.9,150
29.9,0
29.9,0
29.9,0
29.9,0
29.91,150
29.91,0
29.94,220
29.96,450
29.98,150
29.9,150
29.93,150
29.99,600
29.99,0
29.93,300
29.99,300
29.99,0
29.99,0
29.99,0
29.99,0
29.99,0
29.96,300
30.01,150
30.01,0
30.01,0
30.01,0
30.01,0
30.01,0
30.01,0
30.01,0
30.01,0
30.01,0
30.01,0
30.01,0
30.07,150
30.07,0
30.07,0
30.14,709
30.15,900
30.04,1350
30.08,1350
30.08,450
30.02,750
30,300
29.99,300
29.95,1068
29.92,2182
29.92,0
29.92,0
30.03,1035
30.03,0
29.99,510
29.93,1277
29.97,300
30,1687
30.01,900
30.03,411
29.99,2100
30,348
30,675
30,0
29.98,195
29.98,150
29.98,0
29.91,1110
29.95,645
29.95,0
30.04,210
30.07,1287
30.1,3264
30.03,2100
30.04,1357
30.07,150
30.06,150
30.06,0
30.03,300
30.03,0
30.03,0
30.03,0
29.98,150
30.02,150
30.08,900
30.1,900
30.1,1050
30.13,1200
30.19,8657
30.28,300
30.09,150
30.09,0
30.09,0
30.21,300
30.21,0
30.21,0
30.21,0
30.05,520
30.05,0
30.05,0
30.05,0
30.05,219
30.15,150
30.15,0
30.11,300
30.11,0
30.11,0
30.11,0
30.19,150
30.19,0
30.19,0
30.19,0
30.19,0
30.19,0
30.19,0
30.19,0
30.19,0
30.19,0
30.19,0
30.28,460
30.28,0
30.28,0
30.28,0
30.28,0
30.4,150
30.4,0
30.4,0
30.4,480
30.37,489
30.35,150
30.35,0
30.29,450
30.45,300
30.45,0
30.45,0
30.45,0
30.45,0
30.5,150
30.5,0
30.54,150
30.6,150
30.68,1276
30.68,0
30.68,0
30.57,150
30.56,19950
30.56,0
30.56,0
30.56,0
30.56,0
30.68,300
30.68,0
30.68,0
30.68,0
30.68,0
30.68,0
30.68,0
30.68,0
30.68,0
30.66,150
30.68,150
30.68,0
30.68,0
30.68,0
30.78,150
30.79,600
30.81,567
30.81,0
30.81,0
30.65,450
30.74,150
30.74,0
30.81,300
30.87,300
30.77,150
30.76,450
30.76,0
30.77,150
30.77,0
30.77,0
30.77,0
30.77,0
30.77,0
30.77,0
30.77,0
30.9,300
30.85,150
30.85,0
30.85,0
30.88,300
30.88,0
30.88,0
30.88,0
30.88,0
30.88,0
30.94,150
30.98,411
30.98,0
30.98,0
30.99,346
30.99,0
30.99,0
31.02,300
31.02,0
31.04,150
31.03,450
30.89,150
30.89,0
30.89,0
30.82,261
30.82,0
30.82,0
30.97,150
30.97,0
30.97,0
30.97,0
31,450
30.93,150
30.96,150
30.92,325
30.86,150
30.86,0
30.86,0
30.84,150
30.86,150
30.86,0
30.78,300
30.78,0
30.78,0
30.78,0
30.78,0
30.77,300
30.77,0
30.77,300
30.76,150
30.75,300
30.73,150
30.68,150
30.76,1200
30.75,600
30.75,0
30.75,0
30.77,300
30.78,600
30.86,900
30.81,450
30.81,0
30.89,150
30.88,300
30.95,300
30.95,0
30.95,0
30.96,750
30.95,823
30.89,150
30.85,150
30.85,0
30.85,0
30.85,0
30.85,0
30.85,0
30.85,0
30.85,0
30.85,0
30.85,0
30.85,0
30.85,0
30.85,0
30.85,0
30.85,0
30.83,300
30.83,0
30.83,0
30.9,1350
30.9,0
30.95,150
30.92,600
30.94,450
30.94,0
30.94,0
30.89,300
30.89,0
30.89,0
30.89,0
30.89,0
30.56,3495
30.56,0
30.52,300
30.52,0
30.52,0
30.52,0
30.27,450
30.28,300
30.32,150
30.32,0
30.32,0
30.32,0
30.32,0
30.32,0
30.48,150
30.48,0
30.48,0
30.47,150
30.47,0
30.51,600
30.51,0
30.51,0
30.5,150
30.49,300
30.48,300
30.44,220
30.44,0
30.44,0
30.44,0
30.44,0
30.44,0
30.43,450
30.43,0
30.43,0
30.51,750
30.49,150
30.51,900
30.45,1650
30.45,0
30.45,0
30.45,0
30.45,0
30.45,0
30.51,450
30.51,0
30.51,0
30.51,0
30.43,300
30.43,0
30.34,300
30.34,0
30.31,150
30.3,300
30.29,1200
30.31,300
30.32,600
30.32,0
30.3,150
30.29,750
30.28,150
30.28,900
30.29,600
30.33,450
30.3,900
30.29,900
30.29,2749
30.29,0
30.35,300
30.35,0
30.35,150
30.31,150
30.29,450
30.29,691
30.28,307
30.29,450
30.28,1200
30.29,1699
30.29,0
30.29,0
30.31,199
30.31,0
30.38,151
30.38,0
30.38,0
30.39,349
30.39,0
30.39,0
30.48,349
30.48,0
30.48,0
30.48,0
30.48,0
30.48,0
30.48,0
30.48,0
30.48,0
30.48,0
30.48,0
30.57,150
30.57,0
30.57,0
30.57,0
30.57,0
30.57,0
30.53,199
30.52,150
30.52,0
30.56,150
30.56,0
30.56,0
30.54,700
30.54,0
30.51,1500
30.46,450
30.48,529
30.45,300
30.45,0
30.63,150
30.62,300
30.62,0
30.62,0
30.62,0
30.62,0
30.62,0
30.62,0
30.73,150
30.73,0
30.75,150
30.75,0
30.73,225
30.73,0
30.73,0
30.73,0
30.73,0
30.73,0
30.78,150
30.78,0
30.78,0
30.78,0
30.78,0
30.78,0
30.78,0
30.78,0
30.78,0
30.78,0
30.84,150
30.88,150
30.88,0
30.88,0
30.88,0
30.88,0
30.88,0
30.88,0
30.82,150
30.78,915
30.66,1796
30.65,799
30.6,150
30.6,0
30.6,0
30.6,0
30.6,0
30.68,199
30.69,300
30.64,1549
30.63,150
30.64,150
30.69,900
30.71,150
30.72,241
30.72,0
30.72,0
30.72,0
30.76,150
30.81,300
30.81,0
30.81,0
30.85,150
30.87,150
30.86,150
30.8,150
30.8,0
30.8,0
30.8,0
30.8,0
30.89,150
30.9,240
30.9,0
30.85,150
30.9,150
30.9,0
30.9,0
30.87,300
30.83,300
30.72,165
30.66,300
30.66,0
30.66,0
30.66,0
30.66,0
30.69,285
30.65,330
30.59,348
30.59,1153
30.58,472
30.6,300
30.58,495
30.58,0
30.57,900
30.57,2364
30.57,0
30.57,0
30.57,0
30.56,631
30.57,496
30.57,0
30.56,343
30.56,0
30.56,0
30.56,0
30.53,300
30.53,0
30.53,0
30.53,0
30.53,0
30.53,0
30.53,0
30.52,150
30.48,150
30.48,0
30.51,150
30.5,150
30.51,1221
30.5,600
30.5,0
30.5,0
30.76,349
30.76,0
30.76,0
30.76,0
30.76,0
30.74,450
30.74,0
30.74,0
30.74,0
30.77,150
30.77,0
30.77,0
30.77,0
30.77,0
30.72,499
30.7,150
30.7,0
30.7,0
30.7,0
30.7,0
30.7,150
30.7,150
30.7,0
30.7,300
30.7,600
30.71,150
30.7,625
30.71,150
30.71,0
30.7,199
30.7,0
30.7,0
30.7,0
30.7,0
30.7,0
30.78,256
30.78,0
30.78,0
30.78,0
30.78,0
30.78,0
30.78,0
30.96,150
31,928
31,0
31,0
31,0
31,0
31,0
31,0
31,0
30.96,150
30.96,0
30.96,0
30.96,0
30.96,0
30.93,150
30.93,0
30.93,0
30.93,0
30.93,0
30.93,0
30.93,0
30.93,0
30.93,0
30.87,150
30.87,0
30.86,150
30.86,0
30.86,0
30.86,0
30.86,0
30.86,0
30.86,0
30.87,372
30.87,0
30.95,300
30.93,300
30.97,199
30.9,151
30.9,0
30.85,150
30.87,499
30.86,300
30.85,150
30.81,750
30.81,0
30.81,0
30.89,150
30.89,0
30.89,0
30.89,0
30.92,300
30.85,150
30.85,0
30.85,0
30.85,0
30.85,0
30.8,300
30.84,300
30.84,0
30.9,150
30.91,150
30.9,150
30.97,150
30.97,799
30.98,150
30.94,150
30.97,150
30.97,450
31,150
31,150
31.02,300
31.02,0
31.02,0
31.02,0
31.02,0
31.35,503
31.35,0
31.39,150
31.33,150
31.31,150
31.31,0
31.3,150
31.3,0
31.23,150
31.23,0
31.15,300
31.13,150
31.13,0
31.14,300
31.14,0
31.14,0
31.14,0
31.14,0
31.14,0
31.14,0
31.14,0
31.14,0
31.19,231
31.21,282
31.21,0
31.19,150
31.19,0
31.19,0
31.21,150
31.21,223
31.21,0
31.15,199
31.12,150
31.1,150
31.06,300
31.08,225
31.08,0
31.08,0
31.08,0
31.08,0
31.08,0
31.08,0
31.08,0
31.08,0
31.08,0
31.08,0
31.08,0
31.08,0
31.08,0
31.08,0
31.08,0
31.08,0
31.08,0
31.08,0
31.08,0
31.08,0
31.08,0
31.08,0
31.08,0
31.08,0
31.08,0
31.08,0
31.08,0
31.38,799
31.38,0
31.38,0
31.37,223
31.34,150
31.34,0
31.34,0
31.3,150
31.3,0
31.3,0
31.32,150
31.32,0
31.29,150
31.29,0
31.29,0
31.29,0
31.37,300
31.37,0
31.37,0
31.37,0
31.37,0
31.5,300
31.54,300
31.53,150
31.53,0
31.53,0
31.53,0
31.53,0
31.53,0
31.53,0
31.54,150
31.55,150
31.55,0
31.55,0
31.55,0
31.55,0
31.55,0
31.59,150
31.56,150
31.63,150
31.63,0
31.63,303
31.63,0
31.63,0
31.6,150
31.6,0
31.6,0
31.6,0
31.53,150
31.53,0
31.56,349
31.56,0
31.56,0
31.56,0
31.56,0
31.4,750
31.4,0
31.4,0
31.4,0
31.53,163
31.53,0
31.53,0
31.53,0
31.53,0
31.53,0
31.53,0
31.53,0
31.53,0
31.53,0
31.53,0
31.59,150
31.58,219
31.58,0
31.58,0
31.52,150
31.52,0
31.53,199
31.53,0
31.59,199
31.59,0
31.59,0
31.59,0
31.59,0
31.5,150
31.5,0
31.5,0
31.49,300
31.49,0
31.4,150
31.4,962
31.4,0
31.4,0
31.4,0
31.4,0
31.4,0
31.4,0
31.4,0
31.4,0
31.4,0
31.4,0
31.4,450
31.4,0
31.4,0
31.4,0
31.4,0
31.56,548
31.59,1500
31.59,0
31.59,0
31.59,0
31.63,300
31.63,0
31.63,0
31.63,0
31.73,150
31.72,600
31.72,0
31.79,600
31.77,600
31.77,0
31.77,0
31.77,0
31.77,0
31.77,0
31.63,199
31.63,0
31.63,0
31.59,509
31.59,0
31.62,2400
31.62,0
31.62,0
31.62,0
31.68,450
31.68,0
31.7,750
31.7,0
31.7,0
31.7,0
31.7,0
31.7,0
31.77,600
31.8,150
31.87,450
31.83,300
31.83,150
31.91,199
31.91,0
31.91,0
31.91,0
31.91,0
31.91,0
31.91,0
31.87,300
31.85,150
31.85,0
31.85,0
31.86,300
31.86,0
31.86,0
31.86,0
31.86,0
31.86,0
31.86,0
31.86,0
31.83,150
31.83,600
31.82,848
31.92,300
31.92,0
31.92,0
31.92,0
31.92,0
31.92,0
31.92,0
31.98,499
31.98,0
31.93,150
31.93,0
32.03,150
32.03,150
32.03,450
32.03,0
32.03,0
32.08,300
32.09,1200
32.09,0
32.09,0
32.09,0
32.05,300
32.05,0
32,600
32,600
32,0
31.94,199
31.94,600
31.93,949
31.88,300
31.98,450
31.89,150
31.89,150
31.89,2549
31.91,1800
31.9,300
31.9,0
31.92,2375
31.86,880
31.96,165
31.96,0
31.96,0
31.96,0
31.96,0
31.96,0
31.95,199
31.95,150
31.91,4230
31.9,153
31.81,150
31.79,150
31.74,1710
31.73,3045
31.73,0
31.67,3705
31.67,0
31.67,0
31.71,1305
31.7,2460
31.66,150
31.66,0
31.66,0
31.66,0
31.66,0
31.63,150
31.63,0
31.63,0
31.63,0
31.63,0
31.56,150
31.56,0
31.56,0
31.49,300
31.49,0
31.49,0
31.49,0
31.49,0
31.53,328
31.65,154
31.55,300
31.55,0
31.55,0
31.55,0
31.55,0
31.55,0
31.55,0
31.37,150
31.39,497
31.39,199
31.39,0
31.49,300
31.49,0
31.49,0
31.49,0
31.57,150
31.57,0
31.56,600
31.56,499
31.55,883
31.51,750
31.42,450
31.44,300
31.44,0
31.46,150
31.46,150
31.53,900
31.47,949
31.42,350
31.44,600
31.44,0
31.44,0
31.44,0
31.44,0
31.44,0
31.39,150
31.39,0
31.39,0
31.3,349
31.28,199
31.28,0
31.28,0
31.28,0
31.06,199
31.16,150
31.14,150
31.14,0
31.12,150
31.12,0
31.12,0
31.11,450
31.14,150
31.14,0
31.12,150
31.12,0
31.15,499
31.15,0
31.15,0
31.18,600
31.2,150
31.19,300
31.15,300
31.15,0
31.15,0
31.13,750
31.13,0
31.09,549
31.09,0
31.09,0
31.09,0
31.11,150
31.11,0
31.11,0
31.14,499
31.14,0
31.2,249
31.17,648
31.17,0
31.17,0
30.93,162
30.93,0
30.93,0
30.93,0
30.79,150
30.79,0
30.79,0
30.79,0
30.79,0
30.79,0
30.79,0
30.79,0
30.79,0
30.79,0
30.79,0
30.79,0
30.79,0
30.79,0
30.79,0
30.67,150
30.67,0
30.67,0
30.65,238
30.63,300
30.63,0
30.63,0
30.63,0
30.76,450
30.76,0
30.77,300
30.77,0
30.77,0
30.92,300
30.92,0
30.92,0
30.73,150
30.69,150
30.55,1699
30.55,0
30.55,0
30.35,750
30.34,156
30.34,0
30.26,1228
30.13,349
30.13,0
30.02,150
30,150
30,0
30.14,151
30.14,0
30.14,0
30.14,0
30.14,0
30.14,0
30.21,153
30.21,0
30.21,0
30.21,0
30.21,0
30.21,0
30.21,0
30.18,150
30.18,0
30.12,150
30.12,0
30.19,150
30.17,300
30.24,150
30.24,0
30.24,0
30.24,0
30.24,0
30.24,0
30.3,408
30.34,4171
30.34,0
29.96,300
30.02,150
30.1,450
30.05,848
30.05,0
30.05,0
30.05,0
29.88,150
29.88,0
30,1200
30,0
29.92,150
29.87,450
29.87,0
29.87,0
29.87,0
29.87,0
29.87,0
29.87,0
29.87,0
29.87,0
29.87,0
29.87,0
29.87,0
29.87,0
29.81,300
29.81,0
29.81,0
29.81,0
29.81,0
29.81,0
29.81,0
29.65,450
29.65,0
29.65,0
29.65,0
29.74,313
29.86,1549
29.86,0
30.15,300
30.15,0
30.14,150
30.14,0
30.05,150
30.05,0
30.05,0
29.98,499
29.98,0
29.98,0
30.15,300
30.12,450
30.14,349
30.09,349
30.09,525
30.07,600
30.07,0
30.08,600
30.06,150
30.06,0
29.97,300
29.97,0
29.92,300
29.93,150
29.93,0
29.93,0
29.91,150
29.93,150
29.91,199
29.91,0
29.91,0
29.91,0
29.98,379
30,949
30,0
30,0
30,0
29.97,548
30.32,600
30.45,1050
30.41,699
30.41,0
30.52,1075
30.61,453
30.6,600
30.59,300
30.61,150
30.58,799
30.58,0
30.58,0
30.68,1551
30.66,300
30.66,300
30.64,300
30.67,300
30.67,600
30.68,842
30.68,0
30.68,0
30.83,199
30.83,0
30.83,0
30.83,0
30.73,1497
30.75,2961
30.73,2962
30.89,450
30.89,0
30.85,870
30.79,1380
30.69,785
30.69,604
30.69,0
30.84,150
30.84,0
30.84,0
30.7,649
30.7,0
31.21,652
31.16,523
31.16,0
31.16,0
31.16,0
31.14,166
31.13,225
31.14,210
31.12,801
31.12,0
31.12,0
31.05,841
30.96,150
30.98,289
31,349
31,0
31,0
31,0
31,0
31,0
31,0
31,150
31.02,150
31.05,450
31.06,150
31.03,652
31.08,162
31.08,0
31.07,300
31.05,253
31.01,5476
30.9,150
30.92,153
30.92,0
30.86,1062
30.87,23653
30.85,600
30.81,1279
30.82,504
30.48,150
30.52,150
30.61,450
30.58,3060
30.53,150
30.44,300
30.37,300
30.37,0
30.37,0
30.37,0
30.48,328
30.45,472
30.48,300
30.52,150
30.53,589
30.6,150
30.6,0
30.6,150
30.59,450
30.61,300
30.59,300
30.56,300
30.58,150
30.55,653
30.55,0
30.55,0
30.6,310
30.61,504
30.62,649
30.64,619
30.63,150
30.63,150
30.66,585
30.66,0
30.66,735
30.72,1626
30.71,2168
30.72,5811
30.77,1800
30.68,832
30.71,898
30.75,2325
30.77,2850
30.76,904
30.76,0
30.76,0
30.75,3000
30.73,300
30.73,0
30.67,300
30.69,450
30.7,1200
30.73,505
30.73,0
30.81,150
30.81,0
30.83,1200
30.83,375
30.8,2550
30.81,1503
30.82,1950
30.81,150
30.83,1321
30.82,600
30.83,2262
30.89,600
30.91,750
30.89,750
30.9,900
30.91,150
30.91,750
30.91,0
30.94,735
30.93,456
30.92,1334
30.93,1498
30.92,5602
30.59,600
30.47,5289
30.33,4473
30.28,622
30.28,0
30.17,316
30.33,3525
30.4,609
30.4,2336
30.43,766
30.44,3342
30.4,2040
30.32,795
30.41,451
30.31,636
30.31,0
30.38,7050
30.4,781
30.41,600
30.42,300
30.38,487
30.42,334
30.42,0
30.52,300
30.53,150
30.44,150
30.47,600
30.49,447
30.45,616
30.5,450
30.45,472
30.45,0
30.54,150
30.56,799
30.54,750
30.46,877
30.44,450
30.47,1065
30.48,2666
30.56,300
30.56,0
30.56,0
30.56,450
30.56,0
30.56,0
30.54,150
30.54,0
30.61,600
30.64,150
30.64,0
30.69,150
30.65,1075
30.65,630
30.66,900
30.67,750
30.65,465
30.66,150
30.67,1635
30.65,225
30.64,1200
30.62,600
30.62,600
30.6,750
30.59,150
30.59,0
30.6,600
30.62,150
30.64,600
30.65,1387
30.63,900
30.65,1050
30.63,600
30.61,600
30.59,750
30.6,900
30.61,1950
30.6,901
30.62,1356
30.76,995
30.75,450
30.91,433
30.93,150
30.93,150
30.91,450
30.91,0
30.91,0
30.82,150
30.8,999
30.89,150
30.91,451
30.89,462
30.83,150
30.83,300
30.86,375
30.83,1752
30.78,300
30.8,450
30.8,0
30.98,208
31.04,616
31.04,0
31.03,300
30.93,325
30.95,450
30.99,450
30.97,300
30.9,150
30.9,0
30.91,750
30.94,1200
30.91,450
30.88,150
30.94,150
30.89,1225
30.86,450
30.89,2243
30.83,3761
30.83,0
30.91,600
30.98,300
31,900
31,300
30.88,150
30.87,1200
30.81,300
30.86,300
30.96,295
30.96,796
30.96,0
30.96,0
31.27,150
31.28,450
31.26,900
31.26,0
31.3,150
31.3,300
31.22,150
31.19,319
31.17,537
31.17,1215
31.19,1800
31.14,609
31.21,150
31.25,2100
31.25,150
31.26,450
31.28,151
31.28,0
31.31,300
31.33,2134
31.38,300
31.37,5751
31.48,3361
31.48,0
31.25,315
31.25,0
31.18,618
31.19,750
31.19,0
31.19,0
31.11,465
31.13,2355
30.96,1125
30.88,450
30.89,1050
30.87,150
30.87,300
30.78,399
30.82,150
30.82,0
30.92,300
30.92,0
30.87,300
30.92,150
30.99,150
30.98,300
31.01,750
31,150
31,0
31.09,150
31.06,150
31.08,900
31.04,150
31.04,0
31.05,729
31.12,450
31.09,1515
31.09,0
31.09,0
31.1,150
31.14,600
31.14,0
31.11,150
31.12,750
31.11,570
31.05,150
31.05,0
31.05,0
31.13,342
31.13,0
31.13,0
31.13,0
31.13,0
31.26,150
31.27,189
31.27,450
31.28,300
31.28,150
31.28,0
31.28,0
31.28,0
31.31,367
31.22,300
31.22,0
31.22,0
31.22,0
31.22,0
31.22,0
31.22,0
31.14,300
31.14,0
31.08,150
31.03,376
31.03,202
31.03,0
31.05,150
31.06,300
31.08,150
31.08,150
31.08,0
31.09,600
31.08,573
31.08,180
31.06,465
30.73,1200
30.72,150
30.68,450
30.58,450
30.61,825
30.72,1500
30.73,450
30.79,1146
30.72,291
30.61,150
30.56,675
30.54,2700
30.43,1605
30.43,0
30.52,450
30.55,150
30.53,601
30.5,150
30.51,150
30.5,450
30.48,150
30.52,300
30.53,150
30.53,300
30.62,150
30.62,0
30.68,150
30.67,450
30.75,450
30.79,900
30.81,300
30.83,300
30.83,0
30.79,300
30.81,1350
30.82,450
30.83,450
30.91,600
30.88,1260
31.16,271
31.16,0
31.2,600
31.09,450
31.11,150
31.11,0
31.05,967
31.03,844
31.09,1543
31.12,450
31.08,150
31.07,150
31.06,300
31.13,300
31.13,0
31.13,0
31.16,150
31.23,150
31.23,150
31.23,0
31.23,0
31.23,0
31.19,450
31.19,0
31.24,150
31.22,150
31.16,240
31.13,150
31.18,150
31.18,0
31.17,448
31.13,450
31.18,300
31.18,0
31.18,0
31.25,300
31.2,150
31.17,750
31.09,1585
31.14,600
31.05,150
31.05,0
31.05,0
31.05,0
31.05,0
31.05,0
31.05,0
31.06,450
31.13,450
31.13,0
31.12,150
31.12,0
31.12,0
31.09,300
31.09,0
31.09,0
31.09,0
31.09,0
31.09,150
31.08,600
31.06,150
31,300
31.02,150
31.02,0
31.02,0
30.95,300
30.95,0
30.95,0
30.95,150
30.95,0
31.01,600
31.07,300
31.05,750
31.03,300
31.03,0
31.02,300
30.98,1800
30.95,926
31.03,1167
31.03,0
30.88,150
30.88,0
30.88,0
30.88,0
30.89,600
30.89,0
30.89,0
30.89,0
30.89,0
30.94,300
30.93,900
30.93,0
30.99,300
30.99,0
30.97,150
30.94,300
30.94,0
30.97,150
30.92,300
30.92,336
30.92,150
30.92,150
30.87,150
30.87,150
30.84,150
30.84,450
30.87,150
30.83,150
30.86,300
30.86,0
30.84,150
30.87,150
30.85,150
30.86,450
30.83,300
30.83,900
30.77,3300
30.77,0
30.81,300
30.81,0
30.85,466
30.92,168
30.92,0
30.92,0
30.96,150
30.96,0
30.96,0
30.98,600
30.98,0
30.95,150
30.95,0
30.98,797
31.04,150
31.04,0
30.94,364
30.92,150
30.9,600
30.83,474
30.9,228
30.91,150
30.88,450
30.86,300
30.93,300
30.93,0
30.91,289
30.93,450
30.93,0
30.94,150
30.88,300
30.88,0
30.88,0
30.86,193
30.9,150
30.89,300
30.87,2030
30.82,594
30.78,450
30.99,150
30.92,150
30.95,600
30.97,150
30.97,0
30.97,0
30.99,450
31.05,150
31.1,150
31.07,271
31.07,0
31.07,0
31.07,0
30.97,150
30.94,150
30.94,0
30.95,450
30.95,0
30.95,0
30.89,450
30.87,310
30.87,300
30.93,1200
30.92,750
30.88,2100
30.89,450
30.91,450
30.89,1950
30.89,0
30.89,750
30.87,1950
30.89,4009
30.9,789
30.89,1192
30.89,300
30.91,600
30.94,900
30.94,3891
31.17,678
31.36,2078
31.36,0
31.36,0
31.36,0
31.29,225
31.29,0
31.42,300
31.42,0
31.41,330
31.41,300
31.41,0
31.41,415
31.41,337
31.55,150
31.53,300
31.56,150
31.53,150
31.48,150
31.47,150
31.48,300
31.49,150
31.51,150
31.51,0
31.53,150
31.53,0
31.53,150
31.5,450
31.5,0
31.46,450
31.48,930
31.45,450
31.49,2025
31.49,1073
31.48,150
31.45,1350
31.42,300
31.4,1128
31.4,2734
31.4,0
31.4,0
31.4,0
31.61,150
31.64,300
31.64,600
31.64,0
31.64,0
31.7,150
31.69,319
31.71,450
31.65,1200
31.65,0
31.53,450
31.56,300
31.57,150
31.57,0
31.57,0
31.61,300
31.61,150
31.64,300
31.63,150
31.66,640
31.64,600
31.64,0
31.65,150
31.65,0
31.64,150
31.64,0
31.64,0
31.61,150
31.64,150
31.61,598
31.6,150
31.6,300
31.6,300
31.65,150
31.65,0
31.65,1385
31.56,600
31.44,346
31.48,150
31.5,466
31.36,2128
31.36,0
31.36,0
31.36,0
31.43,1339
31.43,600
31.43,0
31.55,150
31.51,150
31.53,300
31.54,316
31.59,300
31.59,0
31.59,0
31.59,0
31.47,900
31.46,1050
31.46,0
31.47,319
31.49,1059
31.5,150
31.52,1423
31.48,156
31.51,336
31.48,783
31.48,0
31.51,327
31.51,0
31.51,0
31.54,300
31.54,0
31.55,166
31.52,450
31.55,450
31.52,1215
31.63,150
31.55,150
31.55,0
31.65,300
31.65,150
31.57,300
31.52,300
31.52,0
31.52,0
31.52,0
31.56,300
31.57,300
31.58,300
31.58,0
31.49,150
31.49,0
31.49,0
31.49,0
31.62,150
31.62,0
31.62,0
31.62,0
31.65,150
31.65,0
31.65,150
31.65,0
31.66,154
31.66,0
31.67,3562
31.66,150
31.66,3171
31.66,0
31.66,349
31.66,150
31.65,340
31.66,450
31.57,450
31.57,975
31.54,1050
31.54,0
31.76,450
31.76,0
31.71,600
31.76,1350
31.79,300
31.79,0
31.75,301
31.75,0
31.75,300
31.77,150
31.8,450
31.8,373
31.83,150
31.83,0
31.84,300
31.83,300
31.88,150
31.87,150
31.89,150
31.89,0
31.89,0
31.85,600
31.85,0
31.85,0
31.85,0
31.85,0
31.84,300
31.84,0
31.96,750
31.93,150
31.94,150
31.94,0
31.99,900
31.99,0
32.01,450
32.01,0
32.03,150
31.98,3013
31.99,2004
31.99,0
31.99,0
32.11,223
32.11,0
32.11,0
32.11,0
32.11,0
32.05,450
32.05,0
32.05,0
32.05,0
32.05,0
32.05,0
32.05,0
31.81,508
31.81,0
31.87,150
31.83,210
31.8,465
31.81,1212
31.79,2730
31.82,675
31.82,0
31.82,0
31.79,780
31.83,495
31.83,0
31.84,411
31.84,930
31.84,0
31.84,0
31.84,0
31.84,0
31.84,0
31.77,339
31.77,0
31.78,1810
31.74,1018
31.74,900
31.83,690
31.83,0
31.98,180
31.88,1468
31.88,0
31.93,541
31.93,0
31.93,3280
31.89,300
31.91,1050
31.88,759
31.88,436
31.86,750
31.86,0
31.86,0
31.86,0
31.76,300
31.76,0
31.88,300
31.86,450
31.85,600
31.85,0
31.85,0
31.87,181
31.88,150
31.88,180
31.88,0
31.92,300
31.92,0
31.98,150
32.01,150
32,300
32,0
32,0
32,0
31.85,150
31.85,0
31.82,997
31.82,0
31.82,0
31.82,0
31.82,0
31.82,0
31.82,0
31.82,0
31.82,0
31.82,0
31.82,0
31.82,0
31.82,0
31.82,0
31.82,0
31.82,0
31.82,0
31.82,0
31.82,0
31.82,0
31.82,0
31.82,0
31.82,0
31.82,0
31.82,0
31.82,0
31.82,0
31.82,0
31.82,0
31.82,0
31.82,0
31.82,0
31.82,0
31.82,0
31.82,0
31.82,0
31.82,0
31.82,0
31.82,0
31.82,0
32.27,150
32.32,450
32.46,300
32.46,0
32.46,0
32.48,1009
32.49,225
32.47,300
32.4,195
32.46,150
32.46,0
32.46,0
32.46,600
32.46,0
32.46,0
32.46,0
32.46,0
32.46,0
32.46,0
32.46,0
32.47,150
32.47,0
32.47,0
32.49,300
32.5,150
32.5,0
32.5,0
32.5,0
32.42,150
32.44,165
32.44,285
32.44,150
32.44,0
32.5,274
32.5,150
32.52,1710
32.52,1500
32.49,750
32.49,2518
32.49,0
32.49,0
32.59,150
32.59,0
32.7,1045
32.7,0
32.7,0
32.83,450
32.83,0
32.79,150
32.84,300
32.9,300
32.77,150
32.76,150
32.77,150
32.79,150
32.82,150
32.82,0
32.82,0
32.85,582
32.93,150
32.95,900
32.99,300
32.97,414
33,150
33,0
32.97,150
32.97,0
32.98,150
32.96,450
32.93,900
32.93,0
32.97,150
32.97,0
32.94,750
32.91,300
32.85,600
32.9,450
32.9,943
32.98,1506
33.04,1050
33.04,0
33.2,936
33.16,150
33.19,450
33.27,300
33.31,900
33.31,0
33.31,0
33.31,0
33.36,300
33.36,0
33.37,150
33.32,150
33.26,300
33.26,0
33.26,0
33.24,750
33.21,1200
33.21,0
33.22,150
33.22,0
33.22,0
33.22,0
33.22,0
33.22,0
33.22,0
33.2,450
33.21,150
33.2,900
33.16,600
33.16,0
33.16,0
33.16,0
33.16,0
32.95,193
32.93,150
33.02,795
32.82,150
32.82,0
32.78,631
32.73,469
32.58,5723
32.49,450
32.44,150
32.44,0
32.4,150
32.4,0
32.42,300
32.35,150
32.42,600
32.34,1650
32.29,450
32.29,0
32.16,150
32.15,1500
32.1,300
32.1,0
32.11,300
32.21,150
32.22,600
32.19,450
32.27,13761
32.27,0
32.32,4227
32.31,1431
32.31,813
32.22,5508
32.16,864
32.14,300
32.14,0
32.17,8112
32.26,874
32.2,750
32.2,0
32.28,2100
32.3,2012
32.49,325
32.49,0
32.49,0
32.49,0
32.48,750
32.48,0
32.36,435
32.36,0
32.32,300
32.29,600
32.29,600
32.29,0
32.35,450
32.35,0
32.35,0
32.35,0
32.35,0
32.39,459
32.37,600
32.34,1800
32.34,0
32.35,1500
32.35,0
32.35,0
32.36,450
32.36,150
32.36,0
32.36,1350
32.36,0
32.26,189
32.26,0
32.26,0
32.22,151
32.22,0
32.22,0
32.17,150
32.29,408
32.26,450
32.29,1747
32.28,450
32.26,1050
32.23,450
32.28,450
32.28,0
32.2,1060
32.2,0
32.25,150
32.25,300
32.25,0
32.29,450
32.29,0
32.29,0
32.37,450
32.37,0
32.37,0
32.37,150
32.36,150
32.36,0
32.36,0
32.43,300
32.43,0
32.43,0
32.49,150
32.55,300
32.55,0
32.55,0
32.47,630
32.47,0
32.43,150
32.43,0
32.42,150
32.42,0
32.31,165
32.28,303
32.28,150
32.25,150
32.21,150
32.22,150
32.5,525
32.52,300
32.59,750
32.37,3633
32.37,408
32.37,0
32.37,834
32.36,150
32.36,0
32.36,0
32.36,0
32.38,3502
32.53,232
32.53,0
32.53,0
32.38,1050
32.38,0
32.35,1603
32.35,300
32.35,0
32.38,600
32.38,0
32.47,150
32.47,0
32.47,0
32.47,0
32.47,0
32.45,150
32.51,300
32.58,600
32.59,385
32.68,300
32.81,450
32.81,0
32.64,150
32.61,151
32.63,357
32.61,634
32.6,3366
32.39,450
32.39,0
32.39,0
32.48,150
32.48,0
32.72,450
32.72,0
32.72,0
32.76,450
32.76,0
32.76,0
32.86,600
32.9,300
32.87,750
32.87,0
32.87,0
32.87,0
32.87,0
32.87,0
32.87,0
32.87,0
32.87,0
32.83,2100
32.83,0
32.79,150
32.79,0
32.79,0
32.76,3526
32.76,150
32.77,157
32.76,150
32.74,450
32.7,535
32.7,0
32.7,0
32.72,900
32.72,454
32.67,577
32.68,2224
32.87,232
32.82,301
32.82,0
32.82,0
32.82,0
32.86,150
32.87,4575
32.85,150
32.91,300
32.91,0
32.91,0
32.91,0
32.91,0
32.91,0
32.87,450
32.87,0
32.87,0
32.87,0
32.69,900
32.68,300
32.65,150
32.68,600
32.58,300
32.58,1050
32.54,150
32.54,0
32.53,450
32.55,150
32.55,0
32.55,0
32.55,0
32.79,450
32.8,150
32.8,0
32.8,0
32.8,0
32.83,750
32.81,150
32.81,300
33.31,450
33.07,833
33.19,300
33.19,0
33.29,702
33.29,0
33.29,0
33.25,900
33.22,2562
33.26,300
33.4,729
33.45,300
33.45,0
33.45,0
33.45,0
33.45,0
33.45,0
33.45,0
33.46,300
33.53,150
33.52,600
33.51,1050
33.52,1500
33.43,1051
33.43,0
33.43,0
33.43,0
33.43,0
33.43,0
33.43,0
33.43,0
33.43,0
33.43,0
33.43,0
33.59,150
33.58,300
33.64,150
33.64,0
33.64,0
33.69,300
33.69,0
33.69,0
33.32,150
33.34,150
33.34,0
33.34,0
33.34,0
33.3,450
33.3,0
33.15,150
33.15,150
33.13,150
33.15,750
33.13,1380
33.14,300
33.16,450
33.2,520
33.2,150
33.2,0
33.2,450
33.18,900
33.18,0
33.18,0
33.18,0
33.18,0
33.18,0
33.33,150
33.36,150
33.36,0
33.35,150
33.34,450
33.34,0
33.34,0
33.34,0
33.35,150
33.3,165
33.3,0
33.32,900
33.32,0
33.32,0
33.32,0
33.32,0
33.32,0
33.32,0
33.32,0
33.32,0
33.41,300
33.48,300
33.48,0
33.48,0
33.48,0
33.48,0
33.52,300
33.52,0
33.52,0
33.52,0
33.52,0
33.52,0
33.52,0
33.52,0
33.52,0
33.52,0
33.48,150
33.48,0
33.45,150
33.43,300
33.43,0
33.43,0
33.43,304
33.43,0
33.43,0
33.43,0
33.43,0
33.51,150
33.51,229
33.51,0
33.47,915
32.4,5959
32.33,7840
32.13,2756
32.2,19485
32.14,7147
32.16,7906
32.15,2905
32.16,603
32.24,1054
32.21,5333
32.24,3454
32.22,3925
32.24,2141
32.3,150
32.29,778
32.32,150
32.36,1050
32.36,0
32.36,606
32.36,1350
32.4,609
32.38,2224
32.4,301
32.4,0
32.42,255
32.38,1458
32.37,300
32.38,316
32.38,900
32.38,750
32.38,0
32.38,753
32.4,600
32.39,750
32.38,750
32.38,750
32.39,2073
32.38,2127
32.38,2538
32.25,3600
32.28,600
32.28,0
32.28,0
32.39,150
32.41,1005
32.38,150
32.38,0
32.37,300
32.36,310
32.37,450
32.38,750
32.33,150
32.33,0
32.31,150
32.3,597
32.3,0
32.3,0
32.3,150
32.24,457
32.24,0
32.24,0
32.29,150
32.29,0
32.25,450
32.25,1050
32.26,750
32.26,1800
32.24,1425
32.24,1866
32.28,1500
32.29,2100
32.31,2400
32.34,5628
32.31,150
32.33,1051
32.31,1978
32.29,750
32.27,1800
32.37,150
32.25,150
32.25,0
32.25,0
32.36,300
32.37,150
32.37,0
32.37,0
32.35,300
32.35,0
32.35,0
32.35,0
32.33,150
32.33,0
32.33,0
32.37,2100
32.36,2850
32.33,1950
32.33,900
32.33,450
32.29,450
32.26,600
32.28,150
32.28,0
32.28,0
32.33,150
32.33,0
32.25,298
32.25,0
32.25,0
32.25,0
32.24,150
32.24,4324
32.21,2850
32.23,600
32.2,1050
32.21,1689
32.18,300
32.2,988
32.21,2400
32.3,150
32.3,0
32.3,0
32.24,150
32.23,150
32.21,300
32.18,453
32.16,750
32.16,0
32.16,1462
32.17,166
32.13,316
32.08,150
32.08,0
32.08,0
32.08,0
32.08,150
32.08,0
32.08,0
32.08,0
32.07,300
32.05,150
32.05,763
32.05,0
32.05,0
32.04,150
32.04,0
32.04,0
32.04,0
32.08,150
32.08,0
32.02,1350
32.02,0
32.05,150
32.01,150
31.97,450
31.97,0
31.96,828
32.04,450
32,600
32,0
31.96,300
31.96,0
31.83,150
31.83,0
31.83,0
31.75,382
31.75,0
31.75,0
31.66,150
31.67,300
31.67,0
31.69,450
31.69,0
31.69,0
31.69,0
31.65,150
31.62,300
31.62,0
31.62,0
31.62,0
31.62,0
31.62,0
31.66,450
31.66,0
31.66,600
31.67,150
31.67,0
31.59,150
31.59,0
31.62,150
31.61,450
31.61,450
31.61,0
31.61,0
31.61,0
31.66,1992
31.73,754
31.76,607
31.76,0
31.81,150
31.81,150
31.66,150
31.66,450
31.61,450
31.66,460
31.69,900
31.78,300
31.72,3540
31.72,0
31.76,300
31.66,900
31.7,150
31.72,150
31.75,1650
31.73,478
31.75,150
31.75,0
31.75,2400
31.79,745
31.76,1500
31.74,1194
31.8,300
31.8,450
31.79,750
31.83,1185
31.82,300
31.81,1126
31.83,300
31.84,981
31.84,0
31.82,600
31.8,307
31.77,1200
31.77,0
31.83,4811
31.71,300
31.71,0
31.71,0
31.74,450
31.74,0
31.74,0
31.72,900
31.68,150
31.72,1950
31.74,750
31.71,150
31.71,0
31.63,1200
31.62,300
31.6,892
31.63,615
31.62,1050
31.67,451
31.7,826
31.63,750
31.67,711
31.67,600
31.66,150
31.66,0
31.66,0
31.58,600
31.55,300
31.56,300
31.56,0
31.56,676
31.58,900
31.59,1050
31.59,1050
31.58,1050
31.6,754
31.64,2897
31.63,1060
31.61,2864
31.63,3124
31.64,1308
31.41,1070
31.25,543
31.25,612
31.17,1444
31.2,1150
31.24,300
31.16,1790
31.2,150
31.18,150
31.2,300
31.2,0
31.21,901
31.26,150
31.26,600
31.27,906
31.32,1954
31.25,2100
31.25,1521
31.27,753
31.25,300
31.28,150
31.24,300
31.27,300
31.28,300
31.28,0
31.23,450
31.2,1350
31.2,0
31.2,0
31.26,600
31.26,763
31.18,210
31.15,450
31.18,300
31.13,900
31.12,1719
31.08,529
31.05,3694
31.16,1437
31.16,0
31.19,1800
31.22,450
31.25,750
31.24,154
31.12,169
31.12,0
31.12,0
31.12,0
31.12,0
31.04,300
31.02,450
31.02,0
31.02,0
31.02,0
31.05,169
31.06,150
31.12,300
31.11,450
31.13,300
31.13,0
31.13,0
31.13,0
31.13,0
31.13,0
31.13,0
31.13,0
31.15,174
31.15,0
31.2,150
31.19,619
31.19,0
31.19,904
31.24,150
31.24,0
31.22,1500
31.31,450
31.31,2470
31.27,888
31.34,2250
31.39,1650
31.3,750
31.35,748
31.36,600
31.36,0
31.36,0
31.36,0
31.42,150
31.42,0
31.42,0
31.42,0
31.34,150
31.34,0
31.34,0
31.34,1500
31.36,150
31.36,0
31.36,0
31.35,184
31.35,0
31.35,0
31.35,0
31.46,150
31.48,450
31.48,0
31.46,150
31.4,150
31.4,0
31.44,450
31.47,300
31.49,1650
31.47,1800
31.41,300
31.49,900
31.47,300
31.44,777
31.47,1360
31.03,1810
30.89,600
30.69,150
30.69,0
30.52,774
30.56,150
30.58,300
30.64,150
30.62,1441
30.64,529
30.65,1576
30.63,178
30.63,0
30.79,600
30.79,0
30.79,0
30.79,258
30.82,1800
30.9,802
30.91,516
30.88,300
30.88,0
30.88,0
30.88,0
30.88,0
30.88,0
30.88,0
31.24,450
31.25,1594
31.3,157
31.19,150
31.18,150
31.18,0
31.18,0
30.94,300
30.94,0
30.94,0
30.94,0
30.94,0
30.94,0
30.94,0
31.13,300
31.13,600
31.23,300
31.23,0
31.29,279
31.25,300
31.37,150
31.37,0
31.37,0
31.39,150
31.38,150
31.48,300
31.58,150
31.52,150
31.54,600
31.58,150
31.61,579
31.61,0
31.61,150
31.56,300
31.65,300
31.66,150
31.62,1050
31.73,750
31.74,1871
31.74,0
31.35,150
31.41,1350
31.39,907
31.46,844
31.46,396
31.45,1425
31.45,0
31.36,150
31.36,0
31.36,0
31.45,150
31.43,315
31.39,300
31.35,451
31.37,150
31.39,300
31.39,0
31.39,0
31.39,0
31.39,0
31.39,0
31.39,0
31.34,300
31.32,150
31.35,600
31.48,300
31.48,0
31.59,150
31.59,0
31.59,0
31.59,0
31.46,450
31.49,150
31.49,346
31.54,600
31.58,151
31.6,165
31.51,1926
31.94,196
31.87,670
31.87,0
32.01,725
32.1,150
32.1,0
32.13,900
32.13,750
32.11,789
32.16,600
32.16,900
32.16,0
32.2,900
32.1,300
31.97,645
31.93,600
31.98,450
31.91,600
31.85,600
31.85,0
31.85,0
31.85,0
31.85,0
31.85,0
31.53,450
31.45,450
31.45,0
31.45,0
31.38,300
31.34,150
31.39,165
31.31,150
31.2,300
31.2,0
31.2,0
30.84,303
30.91,1360
31.1,750
31.03,2756
31.25,1231
31.46,300
31.45,600
31.4,150
31.34,567
31.33,150
31.26,300
31.26,0
31.26,0
31.24,150
31.28,450
31.31,150
31.31,0
31.31,150
31.27,1087
31.27,0
31.35,846
31.33,465
31.29,450
31.32,150
31.32,0
31.32,0
31.32,0
31.32,0
31.3,150
31.29,150
31.29,300
31.29,0
31.29,0
31.28,750
31.33,1050
31.32,1836
31.29,1014
31.32,2395
31.34,900
31.34,0
31.32,300
31.26,600
31.18,1347
31.3,300
31.28,150
31.28,0
31.29,600
31.29,0
31.45,600
31.46,300
31.4,300
31.41,750
31.41,0
31.38,300
31.38,0
31.38,0
31.36,300
31.23,450
31.17,300
31.12,1341
31.18,750
31.18,0
31.23,2085
31.23,0
31.19,1050
31.24,900
31.24,0
31.24,0
31.24,0
31.25,4200
31.15,150
31.1,5932
31.08,2810
31.08,0
31.1,150
31.06,150
31.06,0
31.06,0
31.16,600
31.2,150
31.2,0
31.25,5242
31.48,1185
31.37,300
31.44,546
31.51,750
31.54,450
31.64,858
31.64,0
31.64,0
31.63,150
31.62,747
31.5,1200
31.5,0
31.63,300
31.73,150
31.73,0
31.59,150
31.59,0
31.59,0
31.59,0
31.68,375
31.68,150
31.68,0
31.61,253
31.61,0
31.57,150
31.61,300
31.62,150
31.68,150
31.68,150
31.68,0
31.69,300
31.69,0
31.67,300
31.65,150
31.65,0
31.63,150
31.6,450
31.6,0
31.6,0
31.84,300
31.74,150
31.74,0
32.03,180
32.03,0
32.03,0
32.03,0
32.03,0
32.03,0
32.03,0
32.03,0
32.03,0
32.2,450
32.2,0
32.2,0
32.11,285
32.14,600
32.14,0
32.11,450
32.11,0
32.11,0
32.11,0
32.11,0
32.14,150
32.14,0
32.14,0
32.2,1063
32.14,750
32.18,150
32.2,300
32.34,450
32.29,750
32.31,750
32.32,598
32.3,150
32.31,544
32.34,300
32.31,661
32.32,3609
32.32,0
32.3,225
32.25,150
32.25,0
32.25,0
32.25,0
32.25,0
32.25,0
32.25,0
32.25,0
32.07,150
32.05,150
32.04,450
32.04,0
32.04,0
32.04,0
31.99,150
31.99,0
31.99,0
31.99,0
31.99,0
31.99,0
31.99,0
32.11,150
32.11,0
32.11,0
32.16,150
32.17,1399
32.17,0
32.17,1032
32.17,1200
32.19,300
32.19,0
32.21,300
32.22,702
32.25,259
32.22,600
32.14,301
32.17,1627
32.17,0
32.18,300
32.13,934
32.18,859
32.22,330
32.22,678
32.15,150
32.15,0
32.15,0
32.15,0
32.15,0
32.15,0
32.15,0
32.15,0
32.15,0
32.15,0
32.15,0
31.93,150
31.93,0
31.91,300
31.91,0
31.91,0
31.91,0
31.91,0
31.91,0
31.91,0
31.91,0
31.91,0
31.91,0
31.91,0
31.91,0
31.86,600
31.86,0
31.87,450
31.92,300
31.94,150
31.94,0
31.93,150
31.95,900
31.93,150
31.93,0
31.76,150
31.7,166
31.62,622
31.73,150
31.73,0
31.73,0
31.73,0
31.79,150
31.79,0
31.79,0
31.79,0
31.79,0
31.79,0
31.81,300
31.81,0
31.81,0
31.81,0
31.81,0
31.81,0
31.81,0
31.81,0
31.81,0
31.71,150
31.71,0
31.71,0
31.71,0
31.71,0
31.71,0
31.71,0
31.71,0
31.71,0
31.71,0
31.71,0
31.79,150
31.79,0
31.79,0
31.84,850
31.8,300
31.8,0
31.8,0
31.8,0
31.63,300
31.63,0
31.63,0
31.6,150
31.56,351
31.56,150
31.58,600
31.62,300
31.62,0
31.66,150
31.66,0
31.57,300
31.57,0
31.47,228
31.43,150
31.43,0
31.43,0
31.39,150
31.3,328
31.3,0
31.3,0
31.3,0
31.29,150
31.29,450
31.29,0
31.29,0
31.34,1411
31.29,199
31.28,750
31.33,150
31.34,1050
31.31,1454
31.36,750
31.39,5103
31.51,5161
31.39,300
31.7,300
31.73,600
31.76,450
31.75,609
31.76,150
31.67,330
31.76,300
31.65,150
31.65,150
31.69,481
31.67,300
31.73,300
31.64,450
31.64,0
31.64,0
31.46,450
31.46,0
31.46,0
31.43,150
31.43,0
31.43,0
31.43,0
31.43,0
31.43,0
31.43,0
31.43,0
31.43,0
31.43,0
31.43,0
31.56,150
31.56,0
31.56,0
31.56,0
31.56,0
31.65,202
31.65,0
31.64,902
31.62,1200
31.52,150
31.52,0
31.52,0
31.51,150
31.52,297
31.58,450
31.59,150
31.56,300
31.56,0
31.53,300
31.53,0
31.5,300
31.5,0
31.4,300
31.4,0
31.47,450
31.47,0
31.47,0
31.53,300
31.53,150
31.49,715
31.49,0
31.53,210
31.49,150
31.56,539
31.6,150
31.6,0
31.54,300
31.62,313
31.59,3110
31.66,1231
31.93,6083
32.05,4804
32.03,985
32.27,3457
32.31,150
32.16,150
32.16,900
32.06,3502
32.06,0
32.06,0
32.06,0
32.06,0
32.06,0
32.21,565
32.16,150
32.16,0
32.16,0
32.16,0
32.16,0
32.05,150
32.11,304
32.04,150
32.04,0
32.04,0
32.05,150
31.98,150
31.94,180
31.94,0
31.94,0
31.98,150
31.98,0
31.98,0
32.03,171
31.91,427
31.85,450
31.85,0
31.85,0
31.93,300
31.93,0
32.02,1059
32.04,904
31.9,1579
31.8,261
31.82,150
31.82,0
31.93,925
31.85,1500
31.55,1050
31.55,0
31.55,0
31.55,0
31.71,507
31.73,1800
31.73,0
32,450
32,0
32.04,309
32.1,300
32.2,450
32.16,150
32.14,745
32.08,150
32.01,150
32.03,600
32.03,0
32.03,0
32.03,0
32,180
32,0
32,0
32,0
32,0
32,0
32.12,150
32.08,300
32.08,0
32.08,0
31.96,622
31.96,0
32.09,150
32.06,600
32.06,0
32.08,150
32.1,150
31.93,532
31.91,3061
31.53,787
31.58,300
31.52,300
31.65,600
31.65,0
31.65,0
31.65,0
31.66,964
31.58,150
31.62,1219
31.56,348
31.58,300
31.61,778
31.61,0
31.69,150
31.67,525
31.67,0
31.67,0
31.63,450
31.63,0
31.61,1428
31.61,1050
31.61,0
31.61,0
31.61,0
31.68,150
31.68,0
31.7,450
31.68,289
31.68,0
31.58,211
31.61,190
31.6,727
31.57,300
31.57,0
31.59,150
31.59,334
31.56,1400
31.62,450
31.62,0
31.62,0
32,300
32,0
32.03,150
32.03,0
32.03,0
32,166
32,0
32,0
32,0
31.92,150
31.92,0
31.94,300
31.94,0
32.03,174
32.05,181
32.05,0
32.05,0
32.05,0
32.05,0
32.05,0
32.05,0
32.05,0
32.05,0
32.05,0
32.05,0
32.17,900
32.17,0
32.17,0
32.21,177
32.2,600
32.2,0
32.2,0
32.22,300
32.21,900
32.16,750
32.06,498
32.03,1991
32.08,1050
32.08,0
32.08,0
32.08,0
32.03,150
32.03,0
32.1,150
32.17,150
32.17,0
32.25,600
32.28,300
32.22,300
32.22,0
32.22,0
32.22,0
32.27,9600
32.27,0
32.37,150
32.37,0
32.37,0
32.37,150
32.38,150
32.38,0
32.38,0
32.36,9750
32.36,0
32.36,0
32.36,0
32.36,0
32.4,300
32.41,150
32.41,0
32.41,0
32.49,966
32.53,222
32.49,157
32.5,450
32.49,1500
32.45,1947
32.51,150
32.57,717
32.62,780
32.61,150
32.69,300
32.66,900
32.7,5250
32.68,300
32.68,0
32.68,0
32.68,0
32.68,0
32.74,300
32.74,0
32.75,450
32.74,450
32.74,0
32.75,900
32.75,0
32.75,0
32.75,0
32.75,0
32.75,0
32.78,15654
32.78,0
32.78,0
32.78,0
32.78,0
32.76,300
32.76,0
32.76,0
32.76,0
32.83,300
32.77,150
32.77,0
32.77,0
32.77,300
32.68,750
32.67,1852
32.6,600
32.61,450
32.61,0
32.61,0
32.61,0
32.61,0
32.79,426
32.79,0
32.79,0
32.79,0
32.79,0
32.79,0
32.79,0
32.79,0
32.79,0
32.79,0
32.79,0
32.79,0
32.8,150
32.8,0
32.8,0
32.8,0
32.8,0
32.8,0
32.8,0
32.8,0
32.8,0
32.8,0
32.8,0
32.8,0
32.85,3624
32.89,1540
32.89,600
32.85,1350
32.86,885
32.89,442
32.9,727
32.91,600
32.97,3600
32.94,1141
32.98,19800
33.07,150
33.07,0
33.07,0
33.07,0
33.07,150
33.08,300
33.08,0
33.11,156
33.08,840
33.08,0
33.06,300
33.11,580
33.11,0
33.11,0
33.11,0
33.11,0
33.11,0
33.11,0
33.11,0
33.05,150
33.05,0
33.05,0
33.1,150
33.12,450
33.18,216
33.18,0
33.2,1125
33.18,1050
33.19,150
33.2,150
33.2,0
33.2,0
33.2,0
33.27,17988
33.27,0
33.27,0
33.23,1069
33.57,2866
33.07,450
33.12,3900
33.2,775
33.28,1710
33.3,1227
33.3,0
33.3,0
33.3,0
33.27,150
33.27,0
33.27,0
33.25,450
33.25,0
33.25,180
33.25,150
33.18,300
33.22,300
33.27,600
33.27,0
33.2,300
33.19,150
33.19,0
33.19,0
33.19,0
33.2,2850
33.27,1650
33.29,750
33.28,998
33.25,1050
33.26,300
33.3,3675
33.3,0
33.3,600
33.3,453
33.3,598
33.3,0
33.38,4177
33.36,817
33.36,0
33.36,0
33.45,334
33.45,0
33.45,150
33.4,150
33.4,0
33.33,1800
33.33,0
33.33,300
33.35,3300
33.33,1500
33.34,450
33.33,2874
33.4,300
33.42,150
33.42,0
33.42,0
33.42,0
33.42,0
33.43,1350
33.43,0
33.41,300
33.44,1350
33.44,525
33.44,0
33.44,0
33.43,600
33.43,0
33.46,900
33.47,6450
33.47,0
33.53,2550
33.52,1350
33.51,150
33.48,3003
33.46,5818
33.47,3600
33.45,2757
33.44,1800
33.46,600
33.57,4950
33.61,3300
33.66,7639
33.66,0
33.66,0
33.79,1800
33.79,1125
33.82,750
33.82,0
33.88,997
33.91,1500
33.95,1800
33.94,5956
33.99,150
33.94,2400
33.92,300
33.92,0
33.92,0
33.92,0
33.92,0
33.84,150
33.84,150
33.84,180
33.84,0
33.84,0
33.82,600
33.82,0
33.76,300
33.76,0
33.76,0
33.8,150
33.79,150
33.79,600
33.79,0
33.81,150
33.81,0
33.82,900
33.98,450
34.12,750
34.27,4684
34.5,3806
34.64,2314
34.58,4930
34.52,600
34.52,0
34.41,150
34.29,1054
34.35,300
34.37,600
34.29,150
34.29,0
34.29,0
34.29,0
34.29,0
34.17,750
34.16,150
34.16,0
34.16,0
34.08,300
34.08,0
34.08,0
34.08,0
34.08,0
34.08,0
34.11,277
34.14,750
34.14,0
34.09,150
34.09,0
34.09,0
34.09,0
34.01,418
33.96,900
33.98,762
33.98,600
33.97,21188
33.97,1800
33.97,0
33.81,1980
33.67,1110
33.57,1128
33.56,150
33.55,450
33.56,2389
33.56,3961
33.56,0
33.53,3487
33.53,0
33.53,0
33.53,0
33.53,0
33.71,150
33.77,271
33.74,150
33.72,300
33.72,0
33.76,150
33.68,900
33.69,600
33.69,205
33.64,800
33.64,0
33.61,450
33.62,292
33.62,0
33.7,150
33.69,150
33.64,150
33.64,0
33.69,2550
33.69,0
33.69,0
33.85,600
33.87,300
33.83,5233
33.73,1687
33.7,1863
33.86,7035
33.89,5452
33.88,337
33.86,3112
33.87,450
33.87,0
33.91,300
33.93,600
33.87,300
33.86,300
33.88,450
33.88,0
33.81,450
33.81,0
33.82,150
33.82,0
33.82,0
33.82,0
33.76,150
33.73,300
33.74,150
33.74,0
33.71,600
33.71,0
33.76,450
33.81,1050
33.66,450
33.56,722
33.43,150
33.37,387
33.37,0
33.37,450
33.31,600
33.2,1638
33.13,450
33.19,1922
33.1,3061
32.8,450
32.75,300
32.72,675
32.69,703
32.63,2100
32.66,750
32.66,900
32.67,1664
32.75,604
32.74,450
32.71,1200
32.75,900
32.71,760
32.71,0
32.67,900
32.69,450
32.76,300
32.74,150
32.76,150
32.67,150
32.62,600
32.61,2100
32.62,908
32.59,1350
32.59,4800
32.52,580
32.52,0
32.48,1226
32.45,667
32.39,1081
32.34,2210
32.28,1700
32.22,1512
32.15,726
32.19,798
32.18,1350
32.35,600
32.4,2722
32.53,3498
32.49,4074
32.46,150
32.54,1627
32.54,0
32.4,682
32.41,150
32.37,150
32.26,331
32.29,1089
32.25,648
32.32,558
32.35,450
32.42,751
32.51,315
32.55,538
32.64,750
32.64,0
32.66,1840
32.59,150
32.62,477
32.62,868
32.61,4278
32.59,1532
32.61,777
32.61,0
32.68,208
32.68,0
32.67,3417
32.64,1151
32.67,1213
32.69,450
32.65,1598
32.65,432
32.66,300
32.65,750
32.66,373
32.7,753
32.7,1353
32.63,1882
32.51,1474
32.44,1800
32.32,480
32.5,886
32.45,6900
32.45,0
32.51,792
32.6,6510
32.72,474
32.81,315
32.8,2254
32.84,2904
32.79,600
32.77,600
32.86,600
32.87,450
32.77,300
32.77,0
32.81,928
32.95,4582
32.87,759
32.84,300
32.81,1510
32.86,1132
32.86,0
32.86,0
32.86,0
32.86,0
32.86,0
32.86,0
32.9,1050
32.9,193
32.8,469
32.8,0
32.79,2725
32.79,150
32.8,330
32.84,2655
32.85,1954
33.04,10633
33.05,1719
33.02,637
33.03,594
33.03,4858
33,864
32.97,2766
32.98,9571
33.01,304
33.08,238
33.15,754
33.23,5106
33.23,0
33.23,0
33.23,0
33.2,759
33.18,1539
33.19,1516
33.21,750
33.19,1890
33.19,0
33.31,343
33.31,630
33.29,919
33.43,1840
33.36,465
33.32,150
33.34,751
33.29,300
33.28,367
33.23,699
33.22,525
33.23,163
33.23,670
33.2,3667
33.2,0
33.25,1694
33.22,4367
33.2,7699
33.35,10428
33.4,289
33.38,3069
33.36,900
33.36,0
33.36,0
33.31,475
33.17,357
33.11,462
33.11,0
33.11,0
33.21,9678
33.21,0
33.21,0
33.38,150
33.35,150
33.35,0
33.35,0
33.18,300
33.19,600
33.11,162
33.12,502
33.09,150
33.08,192
33.07,637
33.07,0
33.07,0
33.07,0
32.99,150
33.07,396
33.02,669
33,9089
33.04,2340
33.11,711
33.11,0
33.15,10376
33.16,647
33.12,1984
33.1,6528
33.38,150
33.38,0
33.38,0
33.38,0
33.38,0
33.12,1384
33.13,475
33.2,600
33.2,0
33.17,150
33.17,0
33.15,2850
33.15,0
33.32,675
33.32,0
33.25,3750
33.23,727
33.13,300
33.23,300
33.23,0
33.23,0
33.23,0
33.23,0
33.21,300
33.21,0
33.29,300
33.29,150
33.27,150
33.27,0
33.25,315
33.26,247
33.22,300
33.22,450
33.16,600
33.16,0
33.12,450
33.06,615
33.06,0
32.91,318
32.9,150
32.86,300
32.86,0
32.86,0
33.05,300
33.05,0
33.05,0
32.9,150
32.9,0
32.91,150
32.91,0
32.91,0
32.91,0
32.91,0
32.91,0
32.99,460
32.99,0
33.03,150
33.01,150
32.9,300
32.85,160
32.85,0
32.85,0
32.83,150
32.83,0
32.83,0
32.83,0
32.83,0
32.83,0
32.83,0
32.94,150
33.03,150
33.03,0
33.03,0
33.02,300
33.04,300
33.04,0
33.08,150
33.13,300
33.13,0
33.13,0
32.86,610
32.86,0
32.89,619
32.86,717
32.86,0
32.91,162
32.91,0
32.88,699
32.99,496
33.11,606
33.11,0
33.11,0
32.88,295
32.88,0
32.94,150
32.94,0
32.89,172
32.9,300
32.9,0
32.9,0
32.9,0
32.9,0
32.9,0
32.9,0
32.9,0
32.99,187
32.99,150
32.99,0
32.97,150
32.93,363
32.99,150
32.99,0
32.99,0
32.9,150
32.92,154
32.88,162
32.92,1733
33.05,150
33.01,226
33,450
33,600
33.01,478
33.01,0
33.01,0
33.01,0
33,600
33,0
33,0
33.15,600
33.15,0
33.15,0
33.15,0
33.15,0
33.15,0
33.15,0
33.15,0
33.4,300
33.4,0
33.51,1477
33.51,0
33.51,0
33.51,0
33.51,0
33.52,300
33.52,0
33.52,0
33.52,0
33.36,150
33.36,0
33.36,0
33.36,0
33.51,150
33.52,150
33.4,225
33.37,300
33.47,2973
33.49,225
33.88,177
33.88,0
33.81,178
33.84,300
33.8,150
33.84,150
33.88,1200
33.88,0
34.03,803
34.07,402
34.04,484
34.04,0
34.04,0
34.04,0
34.04,0
34.04,0
34.04,0
34.04,0
34.04,0
34.04,0
33.79,424
33.77,300
33.77,0
33.76,172
33.78,160
33.72,649
33.72,198
33.61,150
33.58,475
33.58,0
33.48,1221
33.63,150
33.63,0
33.63,0
33.63,0
33.63,0
33.49,300
33.54,1713
33.37,1552
33.24,309
33.33,450
33.38,150
33.35,1006
33.51,1209
33.57,1135
33.73,339
33.77,844
33.82,537
33.82,0
33.83,151
33.83,0
33.83,0
33.83,0
33.84,654
33.86,654
33.83,1243
33.84,964
33.84,0
33.76,451
33.82,1060
33.86,382
33.86,0
33.86,0
33.83,316
33.86,306
33.86,0
33.86,0
33.83,718
33.83,0
33.66,150
33.61,751
33.61,0
33.64,680
33.6,1019
33.58,750
33.69,496
33.57,3298
33.03,1200
33.21,926
33.21,0
33.11,510
33.01,7384
33.06,441
32.98,1970
32.98,0
32.98,0
32.98,0
32.98,0
32.98,0
32.98,0
32.98,0
32.98,0
32.98,0
32.98,0
32.98,0
32.98,0
32.98,0
32.98,0
32.98,0
32.98,0
32.98,0
32.98,0
32.98,0
32.98,0
32.98,0
32.98,0
32.98,0
32.98,0
32.98,0
32.98,0
32.98,0
32.98,0
32.98,0
32.98,0
32.98,0
32.98,0
32.93,150
32.77,1822
32.77,0
32.77,0
32.56,300
32.6,1222
32.6,0
32.86,150
32.91,150
32.75,589
32.75,0
32.74,1350
32.74,0
32.72,300
32.72,0
32.72,0
32.85,150
33.08,300
33.13,450
33.13,0
33.13,0
33.13,0
33.13,0
33.17,157
33.14,748
33.14,0
33.14,0
33.14,0
33.3,450
33.24,300
33.24,0
33.41,150
33.45,450
33.45,0
33.34,300
33.23,450
33.17,600
33.13,616
33.03,2036
33.2,1050
33.33,450
33.52,600
33.47,750
33.33,150
33.33,0
33.31,150
33.31,0
33.31,0
33.31,0
33.31,300
33.35,228
33.35,150
33.42,150
33.42,0
33.42,0
33.35,450
33.35,0
33.35,0
33.3,300
33.25,150
33.25,150
33.25,150
33.2,450
33.2,0
33.2,0
33.21,150
33.21,0
33.18,150
33.27,1141
33.12,450
32.98,150
32.98,0
32.98,0
32.98,0
32.98,0
32.87,300
32.81,300
32.86,1425
32.96,555
32.96,0
33.15,900
33.11,150
33.13,150
33.13,0
32.93,300
32.93,0
32.85,150
32.87,150
32.74,150
32.64,150
32.64,0
32.64,0
32.64,150
32.76,600
32.76,0
32.7,450
32.7,0
32.7,0
32.55,150
32.55,0
32.55,0
32.52,450
32.52,0
32.52,0
32.51,150
32.6,300
32.6,0
32.62,150
32.62,0
32.61,300
32.6,150
32.4,300
32.36,150
32.41,300
32.5,450
32.52,1050
32.51,450
32.3,150
32.36,150
32.55,675
32.36,150
32.34,450
32.29,300
32.27,450
32.16,600
32.24,600
32.18,150
32.23,150
32.23,0
32.26,300
32.26,0
32.26,0
32.26,0
32.29,300
32.24,450
32.21,600
32.14,1105
32.14,0
32.25,450
32.22,300
32.15,600
32.18,300
32.14,2391
32.14,0
32.14,150
32.14,0
32.14,0
32.09,345
32.1,150
32.24,300
32.2,150
32.17,300
32.2,286
32.17,604
32.24,906
32.3,1078
32.27,300
32.31,678
32.26,450
32.3,750
32.38,600
32.51,150
32.47,300
32.5,450
32.56,600
32.64,150
32.64,150
32.6,300
32.62,450
32.62,630
32.68,150
32.69,450
32.72,225
32.71,150
32.71,300
32.77,150
32.8,987
32.8,0
32.76,750
32.83,150
32.81,150
32.81,0
32.81,0
32.91,450
32.91,0
32.91,0
32.83,2810
32.81,1200
32.81,0
32.77,150
32.67,300
32.75,297
32.76,150
32.75,5038
32.74,18429
32.74,360
32.7,300
32.7,0
32.7,0
32.52,375
32.55,664
32.47,600
32.47,0
32.57,300
32.57,0
32.62,150
32.55,450
32.47,450
32.47,0
32.59,150
32.58,750
32.58,150
32.58,0
32.56,216
32.59,1552
32.58,603
32.53,750
32.51,1063
32.51,0
32.58,600
32.59,300
32.58,643
32.71,150
32.73,150
32.78,150
32.78,0
32.78,300
32.75,150
32.78,450
32.76,450
32.77,300
32.78,1425
32.8,211
32.78,1372
33.04,450
33.32,150
33.32,0
33.48,150
33.48,0
33.48,0
33.48,0
33.44,600
33.43,900
33.42,600
33.4,1146
33.4,0
33.42,817
33.42,0
33.42,300
33.41,247
33.45,300
33.42,300
33.42,1200
33.42,1350
33.42,0
33.42,408
33.42,0
33.36,450
33.4,300
33.39,450
33.36,750
33.35,750
33.35,0
33.35,1350
33.38,489
33.42,450
33.42,0
33.37,300
33.38,600
33.42,622
33.35,310
33.35,0
33.27,1200
33.21,651
33.14,150
33.15,303
33.15,0
33.15,0
33.35,150
33.35,0
33.49,150
33.54,150
33.54,0
33.54,0
33.54,0
33.51,150
33.48,423
33.48,0
33.47,150
33.47,0
33.47,0
33.47,0
33.53,150
33.53,0
33.53,150
33.53,0
33.53,450
33.53,0
33.53,0
33.53,0
33.52,150
33.56,150
33.56,0
33.56,0
33.35,1054
33.35,0
33.35,0
33.44,450
33.44,0
33.44,0
33.47,450
33.4,750
33.25,150
33.36,600
33.36,0
33.37,300
33.37,0
33.31,451
33.31,0
33.24,300
33.27,150
33.27,0
33.27,0
33.27,0
33.27,0
33.27,0
33.27,0
33.27,0
33.27,0
33.31,619
33.31,0
33.31,0
33.31,0
33.31,0
33.31,0
33.31,0
33.31,0
33.41,459
33.42,300
33.42,0
33.42,0
33.42,0
33.41,150
33.41,0
33.41,0
33.41,0
33.41,0
33.41,0
33.5,1351
33.49,771
33.5,1335
33.54,300
33.43,5040
33.47,150
33.47,0
33.47,0
33.47,0
33.47,0
33.36,328
33.36,0
33.36,0
33.36,0
33.36,0
33.36,0
33.36,0
33.36,0
33.36,0
33.36,0
33.36,0
33.14,150
33.11,450
33.11,0
33.11,0
33.11,0
33.11,0
33.11,0
33.11,0
33.11,0
33.11,0
33.11,0
33.28,150
33.31,300
33.31,273
33.31,0
33.31,0
33.31,0
33.31,3150
33.31,0
33.33,483
33.33,1602
33.33,0
33.33,0
33.3,237
33.25,450
33.03,150
32.98,150
32.98,0
32.98,0
32.98,0
32.98,0
32.98,0
32.98,0
32.98,0
33.14,150
33.14,0
33.14,0
33.14,0
33.14,0
33.14,0
33.13,150
33.13,0
33.13,0
33.13,0
33.13,0
33.13,0
33.13,0
33.24,755
33.24,0
33.24,0
33.14,750
33.11,600
33.1,150
33.15,150
33.2,150
33.25,313
33.25,0
33.28,150
33.23,313
33.17,3000
33.3,862
33.48,150
33.5,333
33.49,10950
33.48,300
33.48,450
33.46,150
33.46,0
33.46,0
33.46,0
33.45,450
33.45,0
33.45,0
33.51,150
33.49,150
33.49,0
33.45,300
33.45,0
33.5,450
33.5,0
33.5,0
33.57,150
33.57,0
33.55,166
33.55,0
33.59,375
33.63,450
33.63,0
33.63,0
33.63,0
33.65,150
33.63,600
33.64,399
33.64,0
33.67,150
33.74,1270
33.77,1258
33.81,1440
33.78,1081
33.63,300
33.63,0
33.74,481
33.74,0
33.74,0
33.74,0
33.74,0
34.1,300
34.08,403
34.19,150
34.22,450
34.22,0
34.22,0
34.22,0
34.22,750
34.31,300
34.31,0
34.25,150
34.22,1389
34.17,150
34.15,10611
34.08,259
34.08,0
34.08,0
33.97,1521
33.95,1831
34.02,915
34.02,0
34.02,0
34.02,150
34.02,0
34.02,1303
33.84,207
33.83,150
33.86,229
33.87,150
33.85,2850
33.82,817
33.81,478
33.86,300
33.93,814
33.97,150
33.97,0
33.97,0
33.97,0
33.97,0
33.97,0
34.1,300
34.19,300
34.14,150
34.21,150
34.16,300
34.21,450
34.26,150
34.26,0
34.19,150
34.19,0
34.19,0
34.16,450
34.16,0
34.16,0
34.16,0
34.15,150
34.15,0
33.98,150
33.98,0
33.98,0
33.94,300
33.94,0
33.94,1179
33.87,900
33.89,463
33.89,0
33.99,2691
33.98,450
33.96,225
33.95,8362
34.02,165
33.87,150
33.87,0
33.77,150
33.77,0
33.77,0
33.68,150
33.68,244
33.68,0
33.73,300
33.73,1312
33.62,150
33.73,787
33.77,165
33.77,0
33.77,0
33.83,171
33.7,150
33.7,0
33.7,0
33.7,0
33.9,921
33.94,150
33.94,0
33.94,0
33.94,0
33.89,457
33.78,150
33.61,300
33.6,540
33.66,644
33.73,300
33.76,1253
33.81,175
33.81,165
33.81,0
33.81,0
33.94,333
33.88,435
33.83,3967
33.83,0
33.93,157
33.62,150
33.62,0
33.62,0
33.62,0
33.62,0
33.65,150
33.65,0
33.42,300
33.42,150
33.42,0
33.42,0
33.42,0
33.42,0
33.42,0
33.42,0
33.42,0
33.42,0
33.47,150
33.47,0
33.47,0
33.47,0
33.47,0
33.47,0
33.47,0
33.47,0
33.47,0
33.47,0
33.47,0
33.45,150
33.4,799
33.4,0
33.4,0
33.4,0
33.4,0
33.32,150
33.41,450
33.39,3063
33.52,601
33.52,0
33.31,300
33.39,150
33.39,0
33.32,1650
33.32,1350
33.28,150
33.28,0
33.28,0
33.28,0
33.28,0
33.28,0
33.28,0
33.28,0
33.28,0
33.28,0
33.28,0
33.28,0
33.28,0
33.28,0
33.15,150
33.17,150
33.17,0
33.17,0
33.17,0
33.17,0
33.19,450
33.3,150
33.31,396
33.32,150
33.32,0
33.32,0
33.32,0
33.26,150
33.26,0
33.21,150
33.21,0
33.21,2515
33.22,150
33.22,0
33.22,0
33,1050
33.02,150
33.02,0
33.04,525
33.04,0
33.04,0
33.04,0
33.04,0
33.04,0
32.95,300
32.95,0
32.95,0
33,150
33,0
33,0
33,0
33,0
33,0
33,0
33,0
33.08,150
33.08,0
33.11,150
33.11,0
33.02,300
33.02,0
33.02,0
32.95,1507
32.95,762
32.95,0
32.95,150
32.94,759
32.94,0
32.94,0
33.11,600
33.13,1006
33.12,150
33.17,150
33.17,0
33.17,0
33.33,300
33.33,0
33.33,0
33.33,0
33.33,0
33.1,450
33.1,0
33.1,0
33.1,0
33.1,0
33.1,0
33.1,0
33.1,0
33.07,150
33.01,300
33.01,208
33.01,0
32.97,450
32.97,0
32.97,0
33.03,300
33.03,0
33.09,300
33.07,150
33.07,0
33.23,150
33.23,0
33.22,600
33.26,1186
33.26,150
33.26,0
33.1,226
33.05,150
33.1,301
33.16,1354
33.08,156
33.08,0
33.08,0
33.08,0
33.08,0
33.1,426
33.1,0
33.18,450
33.21,150
33.15,150
33.15,0
33.17,300
33.17,0
33.17,0
33.17,0
33.17,0
33.17,0
32.98,450
32.98,0
32.96,378
32.96,0
32.96,0
32.96,0
32.86,247
32.86,0
32.91,150
32.91,0
32.86,450
32.86,0
32.85,600
32.85,0
32.84,300
33.03,304
33.03,0
33.05,300
33.01,750
32.97,1050
32.98,604
32.86,2525
33.16,150
33.16,0
33.16,0
33.07,567
33.07,0
33.06,160
33.06,0
33.06,0
33.06,0
33.06,0
32.93,202
32.95,300
32.98,450
32.98,0
32.98,0
32.98,0
32.97,547
32.97,0
32.97,0
32.99,300
32.99,0
32.99,0
32.99,0
32.78,150
32.79,450
32.81,300
32.81,0
32.81,0
32.81,0
32.71,300
32.71,0
32.71,0
32.71,0
32.71,0
32.62,150
32.64,160
32.64,750
32.64,724
32.66,2633
32.14,2250
32.22,613
32.18,150
32.24,150
32.25,825
32.22,559
32.18,1818
32.13,750
32.17,466
32.15,450
32.08,450
32.09,150
32.14,624
32.25,678
32.25,0
32.42,750
32.46,450
32.46,0
32.14,1487
32.11,1350
32.11,0
32.1,820
32.09,600
32.05,150
32.02,150
32.04,150
32.21,507
32.17,300
32.34,150
32.36,992
32.54,900
32.65,150
32.57,300
32.5,450
32.54,300
32.54,0
32.56,553
32.59,600
32.62,1254
32.93,1005
32.93,0
32.83,300
32.9,300
32.93,150
33.05,375
33.05,0
33.05,0
33.18,150
33.34,150
33.37,450
33.37,0
33.37,0
33.37,0
33.37,0
33.26,450
33.26,300
33.27,217
33.27,0
33.27,0
33.27,0
33.27,0
33.27,0
33.19,150
33.19,0
33.19,150
33.19,0
33.22,300
33.21,300
33.19,450
33.19,0
33.12,150
33.12,0
33.15,150
33.15,0
33.15,0
33.15,0
33.12,150
33.1,1096
33.1,0
33.1,0
32.75,150
32.83,600
32.81,150
32.81,0
32.98,450
33.02,450
33.02,0
33.08,300
33.21,603
33.21,0
33.29,150
33.29,0
33.29,0
33.29,0
33.29,0
33.02,150
33.04,150
33.04,0
33.04,0
33.04,0
33.08,150
33.07,300
33.13,450
33.13,0
33.13,0
33.13,0
33.13,0
33.08,450
33.04,1350
33.04,0
33.12,970
33.12,150
33.08,300
33.16,780
33.04,300
33.15,831
33.12,900
33.31,150
33.31,0
33.31,0
33.13,300
33.13,0
33.13,0
33.01,150
33.01,0
33.01,0
33.01,0
33.01,0
33.01,0
32.9,150
32.9,0
32.9,0
32.9,0
32.9,0
32.9,0
32.9,0
32.9,0
32.9,0
32.9,0
32.88,150
32.88,0
32.88,0
32.88,0
32.88,0
32.88,150
32.88,0
32.89,612
33.01,1800
33.12,150
33.02,600
33.23,1020
33.29,1923
33.29,0
33.16,300
33.2,2933
33.14,1651
33.68,150
33.78,300
33.74,1087
33.74,3495
33.63,600
33.64,300
33.78,150
33.78,0
33.75,300
33.75,0
33.75,0
33.91,300
33.91,0
33.91,0
33.91,0
33.91,0
34.07,750
34.07,0
33.96,300
34.01,150
34,150
33.89,450
33.89,0
33.89,0
33.89,0
33.89,0
34.02,150
34.02,0
34.02,0
34.02,0
34.02,0
33.98,150
33.95,450
33.94,871
33.82,150
33.81,300
33.86,450
33.77,424
33.85,150
33.92,300
33.92,0
33.92,0
33.92,0
33.99,150
33.93,150
33.93,0
33.92,300
33.92,0
33.92,0
33.82,750
33.69,1372
33.67,900
33.77,1050
33.69,903
33.67,2353
33.6,1613
33.5,900
33.43,282
33.47,1023
33.41,580
33.43,300
33.41,450
33.37,1508
33.38,1162
33.35,750
33.38,468
33.39,1050
33.34,1222
33.27,486
33.21,300
33.12,1306
32.98,4732
32.8,2884
32.81,1650
32.95,4800
32.85,2799
32.8,1348
32.86,6028
32.64,300
32.86,150
32.86,0
33.08,150
32.96,150
32.96,0
32.96,0
33.09,450
33.09,0
33.09,0
33.09,0
33.09,300
33.14,150
33.17,496
33.07,450
33.07,0
33.07,0
33.37,150
33.39,150
33.26,150
33.26,0
33.39,150
33.39,0
33.39,0
33.39,0
33.39,0
33.38,1134
33.36,150
33.36,0
33.36,0
33.36,0
33.33,600
33.33,0
33.37,150
33.44,1056
33.49,150
33.48,600
33.43,495
33.41,3020
33.41,0
33.27,150
33.35,775
33.25,162
33.2,637
33.23,150
33.26,150
33.26,300
33.21,150
33.15,300
33.15,0
33.15,0
33.28,300
33.34,456
33.34,0
33.3,450
33.29,300
33.34,300
33.34,0
33.34,0
33.34,0
33.34,0
33.34,0
33.41,450
33.4,150
33.39,253
33.39,0
33.45,447
33.44,150
33.43,150
33.39,340
33.39,0
33.39,0
33.39,600
33.35,391
33.43,900
33.34,600
33.35,300
33.35,900
33.35,0
33.35,0
33.35,0
33.35,0
33.35,0
33.35,0
33.35,0
33.35,0
33.35,0
33.35,0
33.35,0
33.35,0
33.35,0
33.35,0
33.35,0
33.35,0
33.35,0
33.35,0
33.35,0
33.35,0
33.35,0
33.35,0
33.35,0
33.35,0
33.35,0
33.35,0
33.35,0
33.35,0
33.35,0
33.35,0
33.35,0
33.35,0
33.35,0
33.35,0
33.35,0
33.35,0
33.35,0
33.35,0
33.35,0
33.82,487
33.82,0
33.82,0
33.69,150
33.75,450
33.81,414
33.9,241
33.81,300
33.81,0
33.81,150
33.89,450
33.92,150
33.98,600
34.11,450
34.1,150
34.1,0
34.09,450
34.09,0
34.15,184
34.15,0
34.17,150
34.26,150
34.26,0
34.26,0
34.12,150
34.09,150
34.09,0
33.98,150
33.98,0
34.01,450
34.01,150
34,150
34.02,450
34.05,150
34.09,300
34.02,300
34.05,450
33.98,750
33.89,778
33.46,150
33.37,300
33.37,150
33.37,0
33.51,300
33.51,0
33.51,0
33.51,0
33.45,450
33.45,0
33.46,150
33.46,450
33.46,0
33.46,0
33.46,0
33.46,0
33.46,0
33.51,600
33.57,150
33.56,450
33.54,300
33.54,0
33.54,0
33.64,150
33.62,150
33.62,0
33.62,0
33.64,150
33.64,0
33.64,0
33.64,0
33.7,301
33.72,300
33.69,150
33.75,150
33.75,0
33.72,150
33.72,0
33.82,1200
33.98,300
33.98,0
33.98,0
33.98,0
33.98,0
33.91,165
33.91,0
33.91,0
33.91,456
33.91,0
33.91,0
33.91,0
33.81,450
33.81,0
33.74,150
33.74,0
33.8,150
33.94,300
33.94,0
33.94,0
34.05,450
34.05,0
34.05,0
34.12,150
34.12,0
34.12,0
34.08,150
34.05,150
34.05,0
34.05,0
34.05,0
34.09,150
34.05,150
34.13,1650
34.08,900
34.11,600
34.11,0
34.14,606
34.08,1504
34.12,325
34.12,0
33.88,300
33.96,150
33.96,0
33.96,0
33.96,0
34.01,150
34.01,0
34.01,0
34.15,750
34.15,0
34.2,150
34.23,309
34.13,300
34.05,600
34.02,750
34.02,0
34.02,0
34.02,0
34.02,0
33.79,157
33.79,0
33.79,0
33.79,0
33.79,0
33.79,0
33.77,150
33.77,0
33.77,0
33.77,0
33.77,0
33.77,0
33.77,0
33.77,0
33.77,0
33.53,150
33.64,316
33.65,1216
33.93,300
33.97,150
33.76,310
33.77,375
33.67,781
33.67,0
33.67,0
33.67,0
33.67,0
33.86,150
33.86,0
33.82,150
33.87,150
33.87,0
33.91,150
33.91,0
33.91,0
33.91,0
33.91,0
33.91,0
33.73,183
33.73,0
33.73,0
33.59,172
33.59,0
33.59,0
33.59,300
33.57,195
33.57,0
33.55,2129
33.55,0
33.55,0
33.55,0
33.55,0
33.55,0
33.55,0
33.46,1544
33.55,6918
33.6,7710
33.65,547
33.86,150
33.86,0
33.76,345
33.8,412
33.76,150
33.76,0
33.76,0
33.76,0
33.86,156
33.86,0
33.71,300
33.81,150
33.81,195
33.81,0
33.81,0
33.75,150
33.75,0
33.74,150
33.74,0
33.74,0
33.74,0
33.8,300
33.83,600
33.81,750
33.81,0
33.75,412
33.75,0
33.67,1294
33.67,0
33.73,958
33.73,0
33.93,150
33.93,0
33.93,0
34.21,300
34.21,0
34.08,600
33.98,1074
34.11,6884
34.57,4132
34.77,1374
34.74,301
34.69,686
34.7,1755
34.67,483
34.68,304
34.65,300
34.65,0
34.72,150
34.72,0
34.65,150
34.68,600
34.68,0
34.73,310
34.73,0
34.58,600
34.51,300
34.51,0
34.56,1350
34.46,300
34.59,150
34.59,0
34.68,300
34.68,0
34.75,300
34.7,150
34.7,300
34.63,300
34.58,150
34.61,300
34.65,150
34.65,600
34.65,0
34.67,157
34.65,600
34.72,223
34.7,2188
34.74,1234
34.76,300
34.76,0
34.76,0
34.76,0
34.76,0
34.76,0
34.58,450
34.58,150
34.65,150
34.65,0
34.75,150
34.75,0
34.75,0
34.78,303
34.78,0
34.78,0
34.91,675
34.91,0
34.96,150
35.03,214
35.1,828
35.17,765
35.25,711
35.3,1500
35.3,0
35.3,0
35.12,750
35.16,300
35.16,0
35.28,1647
35.27,969
35.28,450
35.29,304
35.27,150
35.25,150
35.24,600
35.21,3870
35.2,6627
35.23,600
35.54,420
35.49,187
35.49,0
35.26,150
35.42,450
35.53,750
35.53,0
35.36,150
35.36,0
35.36,0
35.54,2586
35.54,0
35.54,870
35.56,600
35.6,1501
35.68,601
35.69,3600
35.58,900
35.66,619
35.62,418
35.7,150
35.75,150
35.74,300
35.6,655
35.59,1500
35.59,0
35.59,0
35.59,2503
35.64,330
35.64,0
35.82,900
35.79,2400
35.7,1036
35.82,300
35.8,4733
35.89,600
35.96,315
35.94,4029
36.19,150
36.19,0
36.01,1458
36.01,0
35.88,403
35.88,0
35.74,510
35.64,450
35.64,600
35.56,300
35.54,300
35.5,300
35.42,456
35.4,409
35.4,0
35.51,369
35.57,300
35.57,0
35.57,0
35.57,0
35.57,0
35.57,0
35.83,154
35.94,300
35.94,0
35.94,0
35.96,450
35.96,0
35.89,300
35.83,300
35.83,0
35.82,601
35.73,750
35.81,300
35.81,1050
35.81,0
35.68,300
35.61,600
35.6,4136
35.63,432
35.63,0
35.63,0
35.63,0
35.58,300
35.6,150
35.6,0
35.63,450
35.65,150
35.65,0
35.65,0
35.65,0
35.65,0
35.65,0
35.65,0
35.59,300
35.6,300
35.54,201
35.55,495
35.47,1980
35.5,150
35.5,0
35.5,0
35.56,300
35.56,300
35.54,1393
35.54,300
35.52,738
35.52,0
35.54,150
35.54,0
35.53,150
35.47,150
35.45,900
35.42,613
35.44,598
35.45,604
35.33,601
35.27,1723
35.27,970
35.28,150
35.17,2881
35.09,1702
35.09,0
35.19,450
35.19,0
35.27,450
35.18,150
35.23,2714
35.25,942
35.29,600
35.29,0
35.4,600
35.4,0
35.39,150
35.36,181
35.27,150
35.27,0
35.27,0
35.37,150
35.37,0
35.37,0
35.37,0
35.41,300
35.39,600
35.37,300
35.23,150
35.2,150
35.1,300
34.99,900
34.99,600
35.06,600
35.04,300
35.22,963
35.25,774
35.25,0
35.24,300
35.23,5305
35.35,609
35.3,238
35.3,0
35.5,300
35.45,150
35.47,150
35.55,442
35.63,150
35.72,450
35.63,150
35.66,450
35.69,1050
35.67,631
35.75,450
35.75,0
35.75,150
35.77,150
35.77,0
35.75,600
35.75,0
35.76,150
35.76,0
35.76,0
35.84,150
35.84,0
35.87,300
35.94,393
36.01,150
36.01,0
35.91,300
36,312
36,0
36.02,750
36.02,0
35.84,150
35.87,1364
35.87,300
35.94,2602
35.91,3936
35.91,0
35.91,0
35.91,0
35.7,525
35.7,214
35.7,0
35.7,0
35.7,0
35.7,0
35.7,0
35.81,486
35.81,0
35.74,150
35.7,150
35.72,2475
35.75,854
35.7,150
35.7,0
35.74,150
35.74,0
35.74,0
35.74,0
35.79,390
35.79,0
35.79,0
35.79,0
35.82,2719
35.82,0
35.82,0
35.82,0
35.82,0
35.86,600
35.93,450
35.91,225
35.86,1417
35.86,0
35.83,150
35.83,0
35.81,1650
36.14,393
36.18,750
36.16,150
36.16,0
36.16,0
36.22,600
36.29,150
36.22,300
36.17,150
36.17,0
36.17,600
36.17,1500
36.15,900
36.12,16125
36.12,0
36.18,1348
36.12,150
36.12,0
36.02,1875
36.02,0
36,153
36,0
36,0
36.15,1102
36.15,637
36.15,0
36.15,0
36.15,0
36.2,921
36.2,0
36.2,0
36.19,468
36.19,0
36.19,150
36.23,1940
36.2,199
36.2,0
36.17,1272
36.11,3393
36.11,0
36.11,300
36.1,150
36.11,643
36.11,0
36.11,0
36.11,0
36.07,384
36.07,0
36.19,450
36.3,441
36.33,154
36.33,0
36.33,0
36.33,0
36.33,0
36.33,0
36.33,0
36.33,0
36.33,0
36.5,300
36.53,349
36.56,300
36.56,0
36.61,150
36.61,0
36.65,150
36.65,0
36.65,150
36.65,0
36.65,0
36.67,150
36.63,810
36.64,150
36.62,307
36.56,300
36.59,177
36.58,1559
36.54,4306
36.63,300
36.63,0
36.63,0
36.63,0
36.63,0
36.66,600
36.88,1950
36.88,0
36.88,0
36.88,0
36.88,0
37.04,150
37.02,1200
37.07,150
37.03,150
37.04,690
37.08,922
37.22,451
37.23,300
37.23,0
37.14,150
37.25,450
37.25,0
37.25,0
37.36,195
37.36,0
37.36,0
37.43,1050
37.43,0
37.38,268
37.44,300
37.44,0
37.44,0
37.44,0
37.45,180
37.48,799
37.43,600
37.36,6590
37.14,3148
37.26,879
37.41,150
37.25,450
37.25,300
37.33,426
37.25,300
37.25,0
37.29,848
37.2,694
37.2,631
37.2,0
37.18,679
37.22,450
37.17,150
37.14,450
37.14,0
37.24,600
37.26,1707
37.22,450
37.23,600
37.23,0
37.37,154
37.36,2886
37.33,3616
37.37,799
37.45,600
37.48,1223
37.53,199
37.53,0
37.5,150
37.55,499
37.51,150
37.56,300
37.57,725
37.61,150
37.61,0
37.61,0
37.58,150
37.67,682
37.62,585
37.79,150
37.73,1839
37.79,1500
37.79,600
37.79,0
37.69,600
37.69,0
37.69,0
37.69,0
37.69,0
37.69,0
37.69,0
38,150
38,0
38,0
38,0
37.98,300
37.98,0
38,300
38,300
38,0
38.04,2442
38.04,0
38.03,450
38.02,900
38.05,300
38.04,199
38.04,0
38.15,150
38.15,0
38.15,0
38.15,0
37.97,3750
37.95,600
37.88,1500
37.89,2550
37.88,949
37.88,1416
38.13,300
38.52,1200
38.37,150
38.36,150
38.36,0
38.31,150
38.3,1050
38.34,750
38.3,600
38.3,0
38.14,450
38.14,0
38.1,1500
38.1,450
38.1,0
38.1,0
38.1,0
38.1,0
38.17,459
38.17,0
38.08,771
38.1,600
38.11,150
38.16,799
38.16,0
38.16,0
38.16,0
38.2,600
38.21,1050
38.19,150
38.18,750
38.15,600
38.15,0
38.14,315
38.14,327
38.09,300
38.09,0
38.02,949
37.99,1733
37.99,0
37.82,450
37.84,1021
37.84,0
37.84,0
37.84,0
37.53,150
37.53,0
37.53,0
37.53,150
37.53,0
37.5,150
37.5,0
37.5,0
37.5,0
37.5,0
37.5,0
37.5,0
37.5,0
37.5,0
37.5,0
37.33,586
37.33,0
37.29,150
37.29,0
37.36,787
37.36,0
37.34,171
37.32,366
37.37,333
37.37,0
37.37,0
37.52,150
37.53,349
37.38,150
37.38,0
37.39,300
37.4,1881
37.41,765
37.41,0
37.41,0
37.28,850
37.21,444
37.16,908
37.16,0
37.16,0
36.93,300
36.85,150
36.85,0
36.85,0
36.85,0
36.84,150
36.84,0
36.84,0
36.9,252
36.9,0
36.78,300
36.78,0
36.78,0
36.84,150
36.85,150
36.85,0
36.92,150
36.92,0
37.09,300
37.1,300
37.1,0
37.12,150
37.12,0
37.12,0
37.12,0
37.12,0
37.12,0
37.34,150
37.34,0
37.34,0
37.37,150
37.37,5083
37.37,0
37.37,0
37.46,150
37.46,0
37.46,0
37.46,0
37.46,0
37.46,0
37.58,151
37.58,0
37.58,0
37.58,0
37.62,150
37.62,0
37.69,300
37.69,0
37.69,0
37.69,0
37.69,0
37.69,0
37.69,0
37.69,0
37.69,0
37.69,0
37.69,0
37.69,0
37.69,0
37.69,150
37.69,0
37.69,0
37.69,0
37.69,0
37.69,0
37.69,0
37.69,0
37.69,0
37.71,199
37.66,450
37.56,300
37.56,0
37.09,2117
37.08,1050
36.95,150
36.95,0
36.95,0
36.95,0
37,300
37,0
37,0
37.03,600
37.03,0
36.96,300
36.99,450
36.99,0
36.99,0
36.99,0
36.99,0
36.99,0
36.99,0
36.99,0
36.99,0
36.99,0
36.99,0
36.96,150
37.01,150
37.01,0
36.93,698
36.84,799
36.84,0
36.84,0
37.06,150
37.16,300
37.16,0
37.16,0
37.1,349
37.1,0
37.18,150
37.25,1274
37.39,315
37.39,0
37.39,0
37.39,0
37.39,0
37.39,0
37.39,0
37.39,0
37.39,0
37.39,0
37.31,300
37.31,0
37.31,0
37.31,0
37.31,0
37.31,0
37.39,300
37.2,909
37.2,0
37.15,159
37.15,0
37.15,0
37.13,150
37.23,217
37.24,150
37.24,0
37.24,0
37.11,445
37.11,0
37.15,450
37.08,600
37.08,0
37.08,0
37.08,0
37.08,0
37.08,0
36.93,450
36.97,304
37.04,872
37.04,0
37.2,150
37.2,0
37.26,150
37.26,0
37.26,0
37.26,0
37.26,0
37.29,306
37.29,0
37.47,300
37.47,0
37.47,0
37.59,150
37.61,300
37.6,349
37.6,0
37.61,772
37.61,0
37.56,387
37.59,300
37.56,499
37.56,0
37.56,0
37.56,0
37.56,0
37.56,0
37.63,1519
37.62,3709
37.62,0
37.5,150
37.5,4631
37.48,727
37.48,0
37.46,150
37.46,0
37.55,150
37.58,505
37.61,799
37.61,0
37.61,0
37.61,0
37.61,0
37.61,0
37.61,0
37.61,0
37.61,0
37.61,0
37.61,0
37.61,0
37.61,0
37.63,199
37.63,0
37.63,0
37.63,0
37.63,0
37.63,0
37.63,0
37.63,0
37.63,0
37.63,0
37.58,150
37.55,300
37.56,1200
37.57,150
37.57,0
37.59,246
37.57,150
37.57,0
37.57,0
37.4,150
37.4,0
37.4,0
37.18,750
37.18,0
37.25,150
37.39,150
37.36,150
37.17,1538
37.17,0
37.26,451
37.29,1459
37.29,0
37.32,450
37.32,0
37.32,0
37.32,0
37.32,0
37.32,0
37.32,0
37.32,0
37.32,0
37.13,1500
37.14,750
37.14,300
37.13,822
37.08,1050
37.06,150
37.06,0
37.06,0
37.15,1004
37.19,600
37.23,504
37.23,300
37.24,262
37.24,0
37.24,0
37.15,150
37.12,150
37.12,150
37.12,0
37.12,0
37.01,300
37.05,150
37.05,168
37.05,0
37.09,154
37.2,150
37.2,0
37.2,0
37.2,0
37.2,0
37.2,0
37.19,762
37.27,378
37.21,150
37.21,0
37.21,0
37.23,156
37.23,0
37.1,150
37.1,0
37.1,0
37.14,150
37.19,649
37.19,0
37.19,0
37.19,0
37.19,0
37.19,0
37.19,0
37.19,0
37.19,0
37.19,0
37.07,345
37.08,150
37.08,0
37.13,604
37.16,150
37.18,300
37.18,0
37.22,316
37.19,543
37.19,0
37.17,150
37.12,4741
37.47,300
37.24,150
37.24,0
37.24,0
37.24,0
37.58,349
37.57,300
37.57,0
37.62,1201
37.6,450
37.66,1462
37.67,750
37.62,709
37.62,0
37.62,0
37.83,249
37.83,750
37.83,0
37.83,0
37.85,150
37.85,0
37.94,150
37.94,0
37.94,0
37.94,0
37.94,0
37.94,0
37.94,0
37.94,0
38.12,316
38.09,613
38.09,0
38.09,0
38,301
37.98,500
38.14,153
38.14,0
38.08,361
38.08,748
38.09,300
37.91,450
37.91,0
37.74,199
37.74,0
37.74,150
37.74,0
37.82,150
37.82,0
37.78,150
37.78,0
37.74,300
37.8,300
37.8,0
37.8,0
37.8,0
37.8,0
37.8,0
37.8,0
37.65,450
37.62,150
37.62,0
37.59,150
37.51,300
37.51,0
37.51,0
37.57,450
37.52,300
37.49,300
37.43,150
37.37,1047
37.38,150
37.36,815
37.29,450
37.29,0
37.29,0
37.39,600
37.3,848
37.4,3608
37.03,150
37.03,0
37.03,0
36.92,300
36.78,750
36.82,150
36.82,0
36.82,0
36.82,0
36.82,0
36.82,0
36.77,300
36.77,0
36.77,0
36.77,0
36.77,0
36.77,0
36.77,0
36.77,0
36.77,0
36.59,150
36.59,0
36.59,0
36.57,150
36.5,150
36.5,0
36.49,300
36.46,150
36.39,205
36.41,300
36.41,0
36.4,150
36.4,0
36.26,349
36.29,1500
36.34,649
36.19,748
36.24,1104
35.94,3580
35.72,4915
35.71,13249
35.7,750
35.69,2359
35.76,3919
35.73,1350
35.76,2470
35.73,2449
35.6,300
35.6,0
35.6,0
35.56,673
35.47,150
35.41,150
35.35,150
35.46,300
35.46,374
35.46,750
35.46,0
35.44,300
35.44,0
35.35,150
35.35,0
35.35,0
35.38,300
35.38,0
35.34,150
35.36,150
35.47,18412
35.58,2849
35.81,14299
35.78,637
35.75,4537
35.79,3805
35.84,900
35.94,1350
36.08,1050
36.17,2536
36.13,5571
35.76,150
35.76,0
35.76,0
35.45,940
35.46,600
35.46,0
35.46,0
35.14,150
35.15,450
35.14,150
35.11,150
35.11,0
35.11,0
35.28,150
35.28,0
35.23,300
35.18,750
35.09,150
35.09,0
35.09,0
35.09,0
35.09,0
35.09,0
35.09,0
35.09,0
35.09,0
34.96,151
35,150
35,0
34.96,484
34.96,0
34.8,3300
34.78,150
34.78,1419
34.75,1801
34.58,5317
34.58,8235
34.57,1851
34.67,2739
34.6,751
34.5,450
34.5,0
34.5,0
34.58,150
34.53,153
34.56,150
34.56,0
34.56,0
34.56,0
34.56,0
34.56,0
34.56,0
34.72,150
34.62,150
34.66,150
34.77,660
34.99,150
35.02,300
35.02,0
35.1,150
35.1,0
35.1,0
35.1,0
35.1,0
35.1,0
35.22,150
35.2,772
35.18,450
35.18,0
35.04,172
35.04,0
35.04,0
34.96,175
34.96,600
35.03,150
35.03,0
35.17,150
35.17,0
35.38,900
35.38,0
35.38,0
35.38,0
35.38,0
35.42,150
35.42,0
35.42,0
35.47,163
35.47,0
35.47,0
35.52,1950
35.52,0
35.58,165
35.59,150
35.59,0
35.59,0
35.59,0
35.66,150
35.66,0
35.77,150
35.77,0
35.77,0
35.77,0
35.77,0
35.77,0
35.8,1570
35.75,1898
35.74,1251
35.77,349
35.72,1249
35.63,150
35.6,750
35.64,1386
35.57,799
35.69,352
35.69,898
35.6,387
35.56,2598
35.63,300
35.63,0
35.63,0
35.63,0
35.63,0
35.63,0
35.63,0
35.12,199
35.12,0
34.98,306
34.97,150
34.98,510
35.05,150
35.05,0
35,150
35,0
35,0
35,0
34.94,300
34.94,0
34.94,0
34.94,0
34.94,0
34.94,0
35,832
35,0
35,0
34.81,150
34.81,0
34.84,441
34.84,0
34.84,0
34.8,649
34.74,150
34.72,157
34.72,0
34.78,300
34.98,600
34.86,1446
34.86,0
34.56,150
34.36,150
34.36,0
34.33,150
34.37,1268
34.19,321
34.21,840
34.16,450
34.02,150
33.88,150
33.96,1200
33.82,150
33.81,1117
33.8,2455
33.71,803
33.71,0
33.83,600
33.83,0
33.81,150
33.82,178
33.82,0
33.82,0
33.82,375
33.82,0
33.82,0
33.8,300
33.73,780
33.68,211
33.68,0
33.68,0
33.6,649
33.62,698
33.63,427
33.64,150
33.69,327
33.68,300
33.64,558
33.69,567
33.69,0
33.5,300
33.4,450
33.4,0
33.4,0
33.58,150
33.73,409
33.73,0
33.69,150
33.69,0
33.69,336
33.71,836
33.7,310
33.7,7950
33.71,11368
33.86,788
33.83,150
33.82,600
33.82,0
33.81,442
33.71,2250
33.71,0
33.71,0
33.96,441
33.9,150
33.93,150
34,6000
33.99,370
33.95,781
33.82,150
33.82,0
33.79,300
33.79,0
33.86,327
33.86,0
33.87,300
33.92,1080
34.01,1545
34.04,216
33.75,450
33.91,900
33.91,0
33.97,487
33.89,300
33.89,0
33.89,0
33.99,150
33.98,300
33.98,0
33.98,0
33.98,0
34.04,300
33.96,300
34.03,300
34.03,0
34.01,150
34.1,150
34.1,0
34.07,150
34.05,1050
34.05,0
34.1,150
34.1,0
34.14,300
34.14,450
34.07,300
34.12,150
34.12,0
34.22,199
34.01,150
34.01,0
34.76,1950
34.64,300
34.67,150
34.78,450
34.82,450
34.84,300
34.72,2737
34.72,0
34.72,0
34.72,0
34.72,0
34.51,300
34.51,0
34.51,0
34.51,0
34.51,0
34.51,0
34.12,300
34.12,0
34.1,450
34.1,300
34.02,450
33.93,799
33.92,150
33.9,150
33.93,300
33.93,0
33.97,337
34.14,150
34,300
33.97,480
33.93,591
33.97,300
33.93,1369
33.87,968
33.97,150
34.06,549
34.06,0
33.94,150
33.94,0
33.89,351
33.91,498
33.91,0
33.96,649
33.96,0
34.08,2251
34.08,0
34.08,0
34,150
34,0
33.87,799
33.99,6937
33.9,2014
33.9,1189
34.02,1530
34.02,0
34.02,0
34.02,0
33.9,2325
33.9,3375
33.9,0
33.9,0
33.9,0
33.9,0
33.9,0
33.9,0
33.9,0
33.9,0
34.1,195
34.1,0
34.1,0
34.1,0
34.1,0
33.98,150
33.98,0
33.98,0
33.98,0
33.98,0
33.98,0
33.98,0
34.12,600
34.11,1546
34.15,150
34.3,151
34.39,12009
34.39,0
34.39,0
34.39,0
34.39,0
34.39,0
33.79,150
33.71,199
33.71,0
33.74,4849
33.64,210
33.64,0
33.64,0
33.4,199
33.48,300
33.63,300
33.62,199
33.62,0
33.62,0
33.63,750
33.63,0
33.63,0
33.5,472
33.46,1122
33.38,150
33.37,600
33.28,450
33.33,150
33.38,499
33.34,300
33.36,415
33.37,396
33.37,0
33.24,567
33.35,418
33.4,1023
33.32,1909
33.28,600
33.15,300
33.12,7890
33.55,150
33.55,0
33.55,0
33.55,0
33.55,0
33.55,0
33.55,0
33.17,150
33.15,499
32.96,280
32.84,342
32.84,0
32.84,0
32.84,0
32.44,150
32.5,150
32.5,0
32.23,1148
32.23,0
32.37,250
32.32,450
32.32,0
32.5,300
32.5,0
32.5,0
32.5,0
32.9,150
32.9,0
32.74,249
32.76,342
32.65,237
32.57,150
32.57,0
32.68,337
32.68,0
32.66,499
32.54,508
32.71,650
32.72,2577
32.72,0
32.95,300
33.18,450
33.2,450
33.18,300
33.18,600
33.14,300
33.3,150
33.35,150
33.35,0
33.35,0
33.39,150
33.39,0
33.39,0
33.45,300
33.45,0
33.45,0
33.45,0
33.45,0
33.3,150
33.3,0
33.3,0
33.3,0
33.3,0
33.3,0
32.98,349
32.98,0
32.98,0
32.98,0
33.3,150
33.31,150
33.37,150
33.37,0
33.37,0
33.37,0
33.37,0
33.02,150
32.92,300
32.83,5205
32.67,645
32.67,0
32.73,300
32.73,0
32.59,799
32.59,0
32.59,0
32.59,0
32.78,450
32.9,300
32.86,150
32.86,0
32.65,300
32.65,0
32.65,0
32.47,150
32.56,150
32.56,0
32.82,150
32.8,150
32.77,150
32.8,300
32.8,0
32.8,187
32.8,0
32.8,0
32.73,150
32.73,0
32.66,244
32.63,396
32.53,300
32.53,0
32.53,0
32.53,0
32.53,0
32.53,0
32.5,300
32.5,0
32.81,3654
32.81,0
32.81,0
32.81,0
32.81,0
32.81,0
32.81,0
32.81,0
33.62,300
33.58,1200
33.62,300
33.62,0
33.66,600
33.66,0
33.69,279
33.77,150
33.81,150
33.81,0
33.72,150
33.72,0
33.78,150
33.75,150
33.75,0
33.66,150
33.69,150
33.69,0
33.69,300
33.69,0
33.51,450
33.51,0
33.54,312
33.64,450
33.64,0
33.64,0
33.64,0
33.64,0
33.55,165
33.47,630
33.28,306
33.4,832
33.4,0
33.31,150
33.28,1561
33.35,300
33.35,0
33.35,0
33.35,0
33.41,150
33.41,0
33.41,0
33.41,0
33.41,0
33.67,150
33.67,0
33.8,150
33.77,625
33.71,150
33.71,0
33.67,150
33.67,0
33.67,0
33.67,0
33.89,300
33.89,0
33.91,150
33.91,0
33.9,187
33.91,424
33.91,0
33.97,150
33.94,1950
33.95,150
33.95,300
33.95,900
33.83,187
33.83,0
33.84,150
33.84,0
33.83,4823
33.97,150
33.89,150
33.89,0
33.89,0
33.89,0
33.89,0
33.94,150
33.94,0
33.92,150
33.92,0
33.92,0
34.01,150
34.01,0
34.01,0
34.01,0
34.01,0
34.01,0
34.01,0
34.01,0
34.01,0
34.01,0
34.12,150
34.12,0
34.12,0
34.12,0
34.12,0
34.12,0
34.12,0
34.12,0
34.12,0
34.12,0
33.92,150
34.11,450
34.14,150
34.14,0
34.14,0
34.2,450
34.16,300
34.15,2379
34.15,0
33.93,150
33.93,0
33.93,0
34.02,450
34.02,0
34.02,0
34.02,0
34.06,150
33.99,150
33.91,7468
33.91,0
33.85,150
33.85,0
33.85,0
33.85,0
33.85,0
33.95,600
33.97,405
34.02,300
34.02,0
34.04,450
34.04,0
33.92,375
33.92,0
33.94,165
33.88,150
33.87,300
33.87,0
33.96,171
33.89,906
33.96,1500
34.04,480
34.06,1953
34.23,816
34.11,600
34.1,927
34.07,225
34.01,1267
34.04,1191
33.95,600
33.85,965
33.85,0
33.85,0
33.91,2760
33.95,5512
33.89,1650
33.79,150
33.82,900
33.69,600
33.86,877
33.81,1350
33.95,600
33.95,2553
33.79,1350
33.86,900
33.89,1077
33.86,450
33.86,0
33.86,0
33.83,150
33.81,450
33.81,900
33.87,1228
33.86,1468
33.91,300
33.9,450
33.94,1650
33.94,0
33.94,0
33.94,0
33.84,450
33.88,958
33.85,375
33.8,450
33.79,816
33.81,300
33.87,3010
33.87,0
34.24,150
34.24,0
34.24,0
34.24,0
34.24,0
34.24,0
34.24,0
34.23,150
34.23,0
34.23,0
34.23,0
34.23,0
34.23,0
34.23,0
33.99,150
33.99,0
34.05,316
34.06,300
34.06,0
34.06,0
34.06,0
34.06,0
34.06,0
34.01,150
34.01,0
33.95,150
33.88,150
33.88,0
33.88,0
33.88,0
34,151
34,0
34,0
34,0
34.04,663
34.04,0
34.32,175
34.38,1028
34.56,337
34.56,0
34.56,0
34.52,150
34.52,0
34.66,228
34.69,340
34.62,150
34.69,600
34.69,0
34.69,0
34.69,0
34.69,0
34.94,150
34.94,0
34.94,0
34.94,0
34.8,300
34.8,0
34.8,0
34.72,150
34.72,0
34.72,0
34.72,0
34.72,0
34.72,0
34.72,0
34.72,0
34.72,0
34.97,432
34.89,300
34.89,0
34.89,0
34.89,0
34.96,150
34.96,0
34.89,150
34.89,0
34.72,450
34.72,0
34.88,150
35.08,150
35.08,0
34.87,300
34.66,450
34.52,150
34.52,0
34.52,0
34.52,0
34.52,0
34.52,0
34.52,0
34.53,150
34.63,150
34.63,0
34.63,0
34.63,0
34.63,0
34.63,0
34.63,0
34.63,0
34.63,0
34.63,0
34.63,0
34.63,0
34.63,0
34.63,0
34.63,0
34.86,150
34.86,193
34.86,0
34.86,0
34.71,150
34.79,750
34.74,697
34.82,300
34.82,0
34.68,5641
34.42,150
34.47,609
34.47,0
34.47,0
34.47,0
34.47,0
34.53,300
34.53,156
34.53,0
34.49,168
34.46,150
34.46,0
34.47,900
34.47,0
34.47,0
34.47,0
34.47,0
34.47,0
34.47,0
34.47,0
34.47,0
34.47,0
34.47,0
34.47,0
34.47,0
34.47,0
34.47,0
34.26,150
34.26,150
34.26,0
34.26,0
34.19,150
34.19,0
34.19,0
34.19,0
34.19,0
34.18,150
34.18,0
34.18,300
34.25,286
34.2,441
34.2,0
34.2,0
34.24,150
34.24,0
34.24,0
34.24,0
34.24,0
34.24,0
34.24,0
34.24,150
34.24,0
34.24,0
34.24,0
34.27,150
34.27,0
34.42,337
34.42,0
34.42,0
34.42,0
34.36,150
34.36,0
34.36,0
34.37,450
34.21,900
34.21,0
34.2,600
34.2,0
34.2,0
34.2,0
34.2,0
34.07,300
34.05,1687
33.98,150
33.98,0
33.91,600
33.96,1500
33.98,888
34.31,282
34.25,1365
34.25,0
34.43,150
34.45,600
34.45,0
34.29,150
34.33,150
34.33,0
34.09,150
34.09,0
34.09,0
34.09,0
34.27,450
34.23,786
34.16,150
34.2,315
34.2,0
34.2,0
34.2,0
34.2,0
34.2,0
34.2,0
34.2,0
34.2,0
34.08,150
34.08,0
34.12,150
34.1,150
34.1,0
34.1,0
34.06,300
34.06,0
34.06,0
34,150
34.03,531
34.01,600
33.99,3286
33.99,3058
34,750
33.69,337
33.81,1200
33.79,450
33.79,0
33.79,0
33.79,0
33.79,0
33.82,300
33.79,600
33.78,705
33.71,151
33.81,751
33.86,153
33.87,150
33.87,0
33.98,150
33.98,0
33.93,450
33.97,4350
33.97,0
33.96,1204
34.04,750
33.91,343
33.91,0
33.93,750
33.94,900
33.97,300
33.95,150
33.95,0
33.95,0
34.08,300
33.86,150
33.86,0
33.93,150
33.87,300
33.83,151
33.84,1800
33.78,5799
33.87,268
33.87,0
33.84,150
33.78,150
33.77,883
33.81,600
33.81,442
33.87,525
33.87,0
33.87,0
33.87,0
33.87,0
33.87,0
33.87,0
33.87,0
33.87,0
33.93,900
33.93,0
33.93,0
33.93,0
33.93,0
33.93,0
33.93,0
33.93,0
33.93,0
33.93,0
34.04,177
34.09,300
34.06,150
34.07,300
34.07,0
34.07,0
34.07,150
34.04,150
34.08,300
34.08,0
34.13,600
34.2,900
34.13,900
34.13,0
34.13,0
34.13,0
34.13,300
34.13,0
34.32,300
34.32,0
34.33,150
34.35,150
34.35,0
34.35,0
34.35,0
34.35,0
34.68,450
34.68,0
34.58,450
34.58,0
34.82,153
34.82,0
34.82,0
34.82,0
35.12,150
35.08,300
35.02,150
35.02,0
35.02,0
35.02,0
35.02,0
35.12,327
35.17,1207
35.17,0
35.16,150
35.13,150
35.13,0
35.13,0
35.13,0
35.1,300
35.11,600
35.12,2146
35.14,300
35.14,0
35.14,0
35.08,600
35.07,300
35.07,0
35.07,0
35.1,300
34.99,150
34.99,0
34.99,0
34.99,0
34.99,0
35.02,300
35.02,0
35.02,0
35.02,0
35.02,0
35.13,150
35.13,0
35.25,150
35.26,150
35.26,187
35.25,150
35.25,450
35.25,0
35.27,150
35.29,292
35.37,150
35.42,300
35.43,355
35.44,1027
35.45,150
35.45,0
35.43,150
35.43,0
35.43,300
35.32,638
35.36,1357
35.55,300
35.55,0
35.17,450
35.38,600
35.47,300
35.51,1050
35.5,450
35.5,0
35.65,300
35.65,0
35.62,450
35.62,0
35.56,150
35.6,450
35.58,150
35.51,300
35.49,150
35.51,300
35.51,0
35.51,150
35.49,150
35.56,450
35.54,322
35.54,0
35.54,0
35.61,255
35.61,0
35.54,244
35.5,150
35.45,300
35.45,0
35.45,0
35.48,331
35.48,178
35.48,487
35.48,0
35.54,1501
35.62,1500
35.57,2875
35.67,660
35.67,0
35.56,318
35.56,0
35.51,294
35.49,150
35.49,0
35.49,0
35.49,0
35.49,0
35.49,0
35.49,0
35.49,0
35.51,565
35.51,0
35.51,0
35.51,0
35.4,150
35.4,0
35.4,0
35.49,750
35.54,1357
35.58,150
35.58,0
35.58,0
35.58,0
35.58,0
35.58,0
35.66,150
35.66,0
35.66,0
35.62,300
35.62,1050
35.62,7554
35.66,3474
35.75,150
35.79,450
35.81,450
35.78,600
35.78,0
35.56,150
35.64,150
35.64,0
35.47,3600
35.47,0
35.47,4350
35.47,0
35.37,300
35.37,0
35.5,600
35.55,150
35.51,150
35.51,0
35.52,460
35.52,0
35.48,594
35.56,150
35.56,0
35.48,603
35.48,0
35.48,0
35.48,0
35.48,0
35.36,600
35.4,4050
35.37,300
35.37,0
35.3,150
35.3,0
35.25,450
35.22,450
35.26,150
35.32,231
35.32,0
35.32,5733
35.32,592
35.39,1186
35.37,3393
35.37,0
35.37,0
35.37,0
35.37,0
35.13,150
35.13,0
35.13,0
35.13,0
35.13,0
35.13,0
35.13,0
35.13,0
35.13,0
35.13,0
35.13,0
35.13,0
35.13,0
35.13,0
35.13,0
35.13,0
35.13,0
34.82,150
34.82,0
34.82,0
34.82,0
34.82,0
34.82,0
34.82,0
34.82,0
34.82,0
34.82,0
34.83,150
34.83,0
34.83,0
34.83,0
34.83,0
34.83,0
34.83,0
34.82,1450
34.82,0
34.82,0
34.82,0
34.12,150
34.1,150
34.08,150
34.08,0
34.08,0
34.08,0
34.08,0
34.08,0
34.08,0
34.08,0
34.22,150
34.22,0
34.33,150
34.33,0
34.33,0
34.33,0
34.33,0
34.13,150
34.13,0
34.13,0
34.16,150
34.16,0
34.16,0
34.16,0
34.23,150
34.23,0
34.23,0
34.21,300
34.23,150
34.23,0
34.23,0
34.23,0
34.23,0
34.23,0
34.23,0
34.04,641
33.34,372
33.25,200
33.22,400
33.2,300
33.2,0
33.08,202
32.98,200
33,300
33.03,500
33.11,800
33.11,0
33.11,0
33.11,0
33.11,0
32.91,675
33.05,300
33.09,200
33.15,300
33.23,202
33.21,100
33.21,0
33.21,0
33.22,200
33.28,200
33.28,0
33.28,0
33.47,500
33.37,300
33.33,400
33.33,0
33.43,200
33.43,0
33.43,0
33.34,100
33.34,300
33.18,200
33.23,500
33.34,900
33.42,1524
33.54,600
33.54,0
33.54,0
33.54,0
33.12,159
33.12,0
33.11,100
33.11,0
33.11,0
33.11,0
33.01,100
33.06,500
33.16,439
33.18,700
33.2,300
33.25,725
33.25,0
33.25,0
33.24,100
33.15,971
33.19,400
33.19,0
33.24,100
33.34,200
33.15,254
33.1,200
33.06,410
33,100
32.96,200
33.04,500
32.95,200
32.92,100
32.95,100
33.09,100
33.07,300
33.01,454
33.01,0
33.01,0
33.34,202
33.63,300
33.63,0
33.38,300
33.29,100
33.22,100
33.16,100
33.16,0
33.16,0
33.16,0
33.18,100
33.11,100
33.15,100
33.05,200
33.07,100
33.04,202
33.13,200
33.1,100
33.1,0
33.26,100
33.26,0
33.26,0
33.26,0
33.23,100
33.18,100
33.29,200
33.31,200
33.38,100
33.38,0
33.25,100
33.25,0
33.25,400
33.51,200
33.51,425
33.51,0
33.51,0
33.62,345
33.85,120
33.85,0
33.69,410
32.68,100
32.66,100
32.67,538
32.58,201
32.67,100
32.73,100
32.73,0
32.73,0
32.66,100
32.54,338
32.57,100
32.57,0
32.57,0
32.57,0
32.57,0
32.51,100
32.51,0
32.51,0
32.51,0
32.46,100
32.46,0
32.46,0
32.46,0
32.46,0
32.46,100
32.46,0
32.29,100
32.29,0
32.29,0
32.34,143
32.34,0
32.47,200
32.35,300
32.35,430
32.57,4627
32.5,1689
32.36,100
32.32,100
32.26,600
32.53,1200
32.53,0
32.59,100
32.55,300
32.48,100
32.33,215
32.33,0
31.95,200
31.95,301
31.95,100
32.06,150
32,200
32.07,500
32.07,0
32.07,0
31.72,200
31.65,638
31.65,0
31.65,0
31.65,0
31.65,0
31.83,476
31.9,755
31.82,200
31.78,340
31.67,100
31.68,100
31.75,300
31.74,100
31.84,100
31.78,138
31.86,100
31.83,100
31.89,200
31.86,800
32.01,300
31.87,500
31.91,1200
31.91,1138
31.6,280
31.75,600
31.57,200
31.56,100
31.56,0
31.56,0
31.51,300
31.55,128
31.65,100
31.65,0
31.6,100
31.67,100
31.73,100
31.71,499
31.71,0
31.55,200
31.55,0
31.55,0
31.45,100
31.4,100
31.5,100
31.5,0
31.48,1500
31.48,300
31.48,0
31.48,0
31.48,0
31.01,179
31.01,0
30.98,100
30.98,0
30.84,499
30.97,100
30.97,200
30.97,0
31.01,1567
31.03,200
31.02,7100
31.06,386
30.82,300
30.62,200
30.76,100
30.8,200
30.8,0
30.8,300
30.9,100
30.9,0
30.9,0
30.82,100
31.06,1400
31.15,890
31.16,2900
31.17,700
31.23,1800
31.22,4000
31.22,1100
31.23,100
31.23,0
31.34,100
31.34,0
31.19,800
31.19,0
31.19,0
31.19,0
31.19,0
31.19,0
31.19,0
31.19,0
31.24,200
31.22,100
31.22,100
31.22,0
31.16,200
31.16,0
31.1,1800
31.07,100
30.97,300
30.92,100
30.92,0
30.92,0
30.89,100
30.89,0
30.76,100
30.76,0
30.68,100
30.74,200
30.74,0
30.74,0
30.74,0
30.74,0
30.74,0
30.69,200
30.69,0
30.69,0
30.69,0
30.7,200
30.7,0
30.8,100
30.73,200
30.7,200
30.73,300
30.69,100
30.74,300
30.74,0
30.74,0
30.77,100
30.77,0
30.77,0
31.02,200
31.02,0
31.02,0
30.97,121
30.97,100
30.93,387
30.98,476
31.06,1373
31.05,1402
31.46,300
31.69,100
31.78,100
31.78,0
31.78,0
31.8,100
31.8,0
31.8,0
31.8,0
31.8,0
31.8,0
31.8,0
31.8,0
31.8,0
31.8,0
31.67,100
31.59,100
31.55,400
31.48,300
31.5,500
31.55,200
31.51,625
31.57,116
31.57,0
31.57,0
31.56,200
31.52,100
31.48,325
31.48,0
31.48,300
31.49,400
31.48,900
31.48,0
31.44,100
31.53,200
31.46,100
31.38,800
31.43,101
31.37,700
31.37,0
31.37,0
31.36,100
31.36,0
31.36,0
31.36,0
31.4,1000
31.56,600
31.61,400
31.62,200
31.66,200
31.66,0
31.68,500
31.69,100
31.68,200
31.69,200
31.69,0
31.63,100
31.64,318
31.64,0
31.77,100
31.77,0
31.77,0
31.77,0
31.77,0
31.71,123
31.71,100
31.73,200
31.71,429
31.71,0
31.71,0
31.71,100
31.71,0
31.65,400
31.81,100
31.81,0
31.81,0
31.81,0
31.88,900
31.88,0
31.88,0
31.88,0
32.12,600
32.16,300
32.16,0
32.16,0
32.07,100
32.09,400
32.09,0
32.09,0
32.09,0
32.09,0
32.09,0
32.01,200
32.04,1100
32.07,1043
32.04,100
32.02,400
32.02,0
32.02,0
32.02,0
32.02,0
32.02,0
31.86,100
31.84,300
31.84,0
31.84,0
31.77,100
31.77,0
31.77,0
31.77,0
31.77,0
31.63,100
31.66,100
31.66,0
31.66,0
31.6,250
31.6,0
31.4,200
31.4,0
31.37,900
31.4,200
31.54,100
31.48,400
31.48,0
31.48,0
31.59,100
31.59,0
31.38,100
31.38,0
31.23,100
31.23,0
31.23,0
31.23,0
31.39,200
31.39,0
31.39,0
31.39,0
31.17,100
31.12,100
31.12,0
31.16,100
31.16,0
31.16,0
31.29,100
31.29,0
31.29,100
31.29,0
31.29,0
31.29,422
31.29,0
31.29,0
31.42,530
31.42,700
31.37,500
31.38,300
31.36,1100
31.6,200
31.57,1500
31.55,400
31.59,200
31.57,200
31.57,0
31.57,0
31.68,200
31.68,200
31.68,0
31.68,0
31.68,0
31.76,100
31.8,100
31.83,200
31.79,100
31.79,300
32.01,100
32.22,200
32.21,105
32.35,100
32.29,200
32.25,100
32.23,300
32.23,0
32.23,0
32.23,0
32.32,100
32.31,100
32.26,212
32.26,100
32.23,963
32.23,0
32.23,0
32.12,600
32.12,0
32.29,100
32.28,100
32.33,1310
32.33,0
32.78,100
32.86,239
32.67,100
32.65,978
32.7,406
32.84,228
32.84,0
32.9,173
32.9,200
32.9,0
32.9,0
32.98,367
32.92,200
32.92,0
32.92,0
32.89,100
32.94,100
33.03,100
33.03,0
33.03,0
33.07,672
33.01,400
33,317
33,100
33,0
33,0
32.98,200
32.98,0
32.95,318
32.95,0
32.95,0
32.95,0
33,245
33,0
32.97,300
33.01,100
33.01,1050
32.98,1531
31.64,200
31.46,240
31.46,0
31.46,0
31.53,100
31.53,0
31.61,400
31.61,0
31.54,136
31.47,580
31.41,602
31.59,500
31.45,600
31.45,0
31.68,600
31.62,1196
31.62,0
31.53,200
31.69,100
31.69,0
31.69,0
31.69,0
31.69,0
31.57,100
31.59,585
31.6,500
31.47,300
31.57,200
31.57,0
31.57,0
31.68,200
31.74,200
31.74,0
31.64,200
31.69,200
31.69,0
31.76,904
31.92,700
32.02,618
31.9,1100
32,300
32,0
32,0
31.88,200
31.82,200
31.82,0
31.79,200
31.75,300
31.82,575
31.88,356
31.83,100
31.83,0
31.83,0
31.83,0
31.8,200
31.8,0
31.8,0
31.8,0
31.8,0
31.8,0
31.8,0
31.8,0
31.8,0
31.8,0
31.84,100
31.84,100
31.84,100
31.84,145
31.84,0
31.87,300
31.96,600
31.86,200
31.83,800
31.86,501
31.86,300
31.84,500
31.78,100
31.79,1534
31.79,0
32.16,100
32.16,0
32.26,200
32.26,0
32.22,100
32.29,100
32.29,0
32.33,100
32.25,3676
32.23,100
32.23,0
32.23,0
32.23,0
32.18,1806
32.18,0
32.18,0
32.18,0
32.18,0
32.15,100
32.15,0
32.15,0
32.16,100
32.16,0
32.16,0
32.16,0
32.16,0
32.18,100
32.18,0
32.18,0
32.18,0
32.18,0
32.23,137
32.23,0
32.23,0
32.37,377
32.37,0
32.37,0
32.38,4408
32.38,0
32.23,200
32.19,125
32.19,0
32.31,100
32.31,0
32.31,0
32.31,0
32.31,0
32.43,200
32.42,302
32.42,0
32.35,300
32.35,0
32.35,0
32.29,100
32.29,0
32.29,0
32.29,0
32.26,300
32.26,0
32.26,0
32.28,100
32.33,200
32.33,0
32.33,0
32.24,100
32.24,0
32.34,200
32.31,400
32.31,0
32.31,0
32.23,400
32.3,100
32.3,0
32.3,0
32.3,0
32.27,100
32.29,2409
32.24,100
32.24,0
32.24,0
32.24,0
32.24,0
32.13,200
32.13,0
32.13,0
32.24,200
32.29,200
32.32,300
32.32,0
32.32,0
32.29,100
32.29,0
32.34,100
32.34,0
32.36,325
32.4,200
32.34,1222
32.34,1170
32.34,0
32.43,100
32.5,1003
32.5,225
32.5,0
32.5,0
32.5,0
32.38,102
32.38,0
32.4,100
32.4,0
32.5,468
32.5,0
32.5,0
32.5,0
32.5,0
32.41,100
32.42,963
32.42,0
32.42,0
32.42,200
32.42,0
32.47,700
32.47,0
32.54,100
32.54,0
32.66,500
32.59,100
32.74,200
32.66,100
32.66,0
32.66,0
32.63,100
32.63,0
32.63,0
32.63,0
32.73,100
32.73,100
32.73,0
32.73,0
32.73,0
32.79,200
32.79,0
32.79,0
32.79,0
32.84,200
32.84,0
32.84,0
32.84,0
32.84,0
32.64,100
32.48,300
32.41,399
32.41,0
32.35,200
32.35,0
32.35,0
32.35,0
32.35,0
32.35,0
32.35,0
32.35,0
32.23,200
32.21,100
32.21,0
32.21,0
32.64,100
32.65,100
32.65,0
32.65,0
32.65,0
32.65,0
32.65,0
32.65,0
32.73,200
32.73,0
32.73,0
32.73,0
32.73,0
32.73,0
32.73,0
32.73,0
32.73,0
32.73,0
32.73,0
32.66,100
32.66,0
32.73,509
32.7,100
32.7,0
32.7,0
32.7,0
32.7,0
32.7,0
32.37,354
32.4,317
32.4,0
32.4,0
31.73,100
31.67,200
31.67,0
31.67,0
31.54,100
31.54,0
31.54,0
31.65,500
31.67,100
31.75,250
31.89,100
31.89,896
31.96,701
31.96,0
31.96,0
31.96,0
31.96,0
31.96,0
31.96,0
31.96,0
31.96,0
31.71,100
31.63,400
31.75,1100
31.75,0
31.73,300
31.75,800
31.75,0
31.91,650
31.76,100
31.78,100
31.73,200
31.75,100
31.8,500
31.8,0
31.92,100
31.99,500
32.29,183
31.93,145
31.96,100
31.96,0
31.96,0
31.96,0
31.96,0
32.35,200
32.35,0
32.35,0
32.35,0
32.35,0
32.4,100
32.46,100
32.46,0
32.46,0
32.46,0
32.46,0
32.28,100
32.28,0
32.28,0
32.28,0
32.3,880
32.13,100
32.13,0
32.13,317
32.13,0
32.13,0
31.96,161
31.96,0
31.96,0
31.96,600
31.96,0
31.96,0
31.91,621
31.91,0
31.91,0
31.89,305
31.94,400
32.2,600
32.2,0
32.29,100
32.29,0
32.15,200
32.12,600
32.04,1000
32.17,100
32.07,100
32.03,100
32.02,300
31.99,100
31.99,0
31.99,0
31.99,0
31.99,0
31.99,0
31.99,0
31.99,0
32.01,100
31.92,300
31.92,0
31.98,100
32.03,200
32.06,101
31.93,300
31.97,200
31.9,500
31.87,600
31.9,300
31.9,0
31.81,100
31.81,0
31.81,0
31.81,0
31.81,0
31.69,300
31.7,701
31.7,4889
31.7,0
31.7,0
31.7,0
31.7,0
31.7,0
31.7,0
32.22,100
32.21,400
32.24,700
32.23,200
32.23,0
32.23,0
32.23,0
32.23,0
32.23,0
32.23,0
32.23,0
32.23,0
32.18,100
32.11,452
32.05,1555
32.05,0
32.05,0
32.05,0
32.05,0
32.03,600
32.03,100
32.03,0
32.04,310
31.9,100
31.9,0
31.9,0
31.9,0
31.9,0
31.83,500
31.71,292
31.71,100
31.8,710
31.79,1500
31.79,0
31.79,0
31.79,0
31.79,0
31.57,251
31.66,156
31.66,0
31.73,100
31.73,0
31.73,0
31.73,0
31.73,0
31.82,214
31.84,150
31.89,100
31.89,0
32.01,329
32.01,0
32,150
32,0
32,0
32,0
31.9,150
31.9,0
31.9,0
32.01,296
31.92,197
31.95,102
31.97,100
31.97,0
32.11,246
32.14,200
32.14,0
32.2,1443
32.19,320
32.26,129
32.26,0
32.26,0
32.23,1919
32.26,678
32.26,0
32.26,0
32.75,200
32.75,0
32.44,200
32.44,0
32.44,0
32.62,400
32.62,0
32.68,100
32.68,0
32.68,0
32.68,0
32.68,0
32.68,0
32.68,0
32.68,0
32.68,0
32.68,0
32.77,100
32.77,0
32.77,0
32.95,500
32.94,100
32.94,0
32.93,112
32.93,0
32.93,300
32.94,2368
33.01,1152
33.02,500
33.02,0
33.02,0
33.05,994
33.02,1424
33.03,1123
33.01,368
33.05,789
33.05,0
33.27,100
33.21,100
33.21,0
33.16,100
33.16,0
33.08,200
33.08,100
33.1,100
33.04,400
33.09,500
33.08,100
33.07,100
33.05,100
33,100
33.06,468
32.93,500
32.93,0
32.98,100
32.98,0
32.88,310
32.88,0
32.86,200
32.9,200
32.9,0
32.9,0
32.96,283
32.92,100
32.92,0
32.92,0
32.9,100
32.9,100
32.9,0
32.87,100
32.86,473
32.93,374
32.88,200
32.87,1108
32.89,4707
32.89,0
33.27,1128
33.27,0
33.27,0
33.37,100
33.36,300
33.36,0
33.36,0
33.36,0
33.36,0
33.36,0
33.36,0
33.36,0
33.36,0
33.36,0
33.36,0
33.36,0
33.29,100
33.29,0
33.29,0
33.29,0
33.29,0
33.29,0
33.29,0
33.29,0
33.29,204
33.29,100
33.21,100
33.23,100
33.23,400
33.23,0
33.19,100
33.21,200
33.21,0
33.2,400
33.2,100
33.2,0
33.2,0
33.12,500
33.12,0
33.12,0
33.12,0
33.12,0
32.84,100
32.87,300
32.87,0
32.87,0
32.83,100
32.88,300
32.88,0
32.88,0
32.88,0
32.88,0
32.88,0
32.88,0
32.88,0
32.88,0
32.88,0
32.88,0
32.88,0
32.88,0
32.76,100
32.76,0
32.76,0
32.76,0
32.76,0
32.76,0
32.76,0
32.76,0
32.62,120
32.66,100
32.66,0
32.66,0
32.66,0
32.66,0
32.76,100
32.76,0
32.78,401
32.78,0
32.78,0
32.78,0
32.78,0
33.12,100
33.21,500
33.16,725
33.15,1300
33.16,200
33.15,451
33.19,500
33.18,100
33.1,100
33.06,1000
33.07,200
33.1,100
33.08,200
33.08,0
32.99,200
32.95,100
32.95,0
32.95,0
32.97,600
33.03,200
33.02,100
33.02,0
33.02,0
33.02,0
33.02,0
33.02,0
33.02,0
33.18,499
33.26,100
33.28,283
33.26,100
33.26,0
33.26,0
33.21,300
33.15,1027
33.15,0
33.17,200
33.17,0
33.17,0
33.23,1101
33.09,501
33.09,0
33.15,100
33.25,100
33.24,100
33.24,0
33.23,100
33.23,0
33.23,0
33.31,100
33.3,201
33.3,700
33.3,0
33.28,300
33.42,300
33.45,300
33.45,0
33.45,0
33.59,100
33.6,100
33.6,0
33.79,130
33.71,200
33.63,600
33.54,297
33.54,0
33.72,493
33.72,396
33.62,610
33.63,400
33.7,618
33.63,300
33.57,1291
33.58,2370
33.54,200
33.54,0
33.54,0
33.54,0
33.54,0
33.54,0
33.54,0
33.54,0
33.81,300
33.81,0
33.81,0
33.83,800
33.79,1300
33.79,0
33.79,0
33.79,0
33.98,100
34.01,200
33.97,100
33.98,200
33.98,0
33.98,0
33.98,0
33.98,0
33.98,0
33.73,100
33.77,100
33.77,0
33.77,0
33.9,100
33.9,0
33.9,0
33.9,0
33.9,0
33.9,0
33.9,0
33.9,0
33.89,100
33.79,521
33.79,300
33.79,0
33.81,500
33.8,725
33.77,200
33.8,100
33.65,100
33.74,100
33.74,0
33.7,200
33.7,0
33.7,0
33.7,0
33.73,100
33.6,100
33.59,208
33.58,800
33.63,100
33.66,100
33.66,0
33.66,0
33.66,0
33.66,0
33.66,0
33.66,0
33.65,100
33.65,0
33.65,0
33.64,105
33.64,0
33.67,100
33.67,0
33.61,500
33.78,900
33.78,0
33.68,100
33.78,500
33.84,200
33.78,632
33.77,300
33.73,2206
33.59,1100
33.62,1448
33.6,800
33.65,1100
33.67,500
33.71,1500
33.72,200
33.72,0
33.66,600
33.6,325
33.76,325
33.74,300
33.73,200
33.73,0
33.73,0
33.73,0
33.73,0
33.89,100
33.89,0
33.89,0
33.89,0
33.87,2320
33.87,0
33.86,400
33.86,0
33.86,0
33.86,0
33.9,200
33.9,0
33.9,0
33.94,1400
33.87,1100
33.78,200
33.7,200
33.7,1000
33.67,3000
33.71,6495
33.9,200
33.9,0
33.9,0
33.9,0
33.53,800
33.39,1000
33.39,0
33.39,0
33.56,200
33.56,3100
33.56,0
33.56,0
33.56,0
33.56,0
33.56,0
33.73,400
33.82,100
33.84,100
33.84,0
33.73,400
33.86,512
33.86,0
33.81,100
33.84,400
33.79,100
33.79,0
33.79,0
33.8,200
33.88,100
33.72,200
33.68,100
33.68,0
33.68,0
33.68,0
33.79,100
33.77,100
33.77,400
33.76,1410
33.81,2501
33.81,0
33.79,101
33.79,0
34.12,170
34.12,0
34.12,0
34.12,0
34.12,0
34.12,0
34.12,0
34.12,0
34.38,510
34.38,0
34.38,0
34.55,269
34.53,542
34.45,665
34.45,0
34.55,300
34.51,1967
34.41,565
34.45,100
34.48,100
34.48,0
34.48,0
34.48,0
34.55,540
34.64,100
34.58,125
34.67,325
34.67,0
34.66,100
34.66,0
34.6,100
34.6,0
34.66,538
34.51,487
34.29,100
34.29,561
34.29,0
34.24,300
34.36,480
34.45,100
34.55,100
34.55,0
34.62,200
34.62,0
34.62,0
34.45,100
34.45,0
34.45,0
34.45,0
34.45,0
34.45,0
34.4,100
34.4,0
34.4,0
34.44,100
34.44,0
34.44,0
34.44,0
34.44,0
34.54,100
34.53,100
34.53,0
34.53,0
34.53,0
34.53,0
34.53,0
34.53,0
34.53,0
34.53,0
34.56,100
34.56,0
34.56,0
34.71,200
34.71,0
34.72,200
34.72,0
35.39,200
35.39,0
35.39,0
35.39,0
35.39,0
35.39,0
35.39,0
35.39,0
35.39,0
35.39,0
35.39,0
34.89,100
34.89,0
34.85,100
34.9,100
34.9,0
34.9,0
34.9,0
34.9,0
34.9,0
34.9,0
34.9,0
34.9,0
34.9,0
34.9,0
34.9,0
34.9,0
34.9,0
34.9,0
34.95,300
34.95,300
34.95,0
34.95,0
34.95,0
34.6,300
34.62,100
34.59,100
34.62,912
34.46,100
34.46,0
34.46,0
34.46,0
34.46,0
34.46,0
34.46,0
34.46,0
34.46,0
34.46,0
34.46,0
34.14,1100
34.14,0
34.21,300
34.21,0
34.16,168
34.16,0
34.16,300
34.16,0
34.07,100
34.07,0
34.18,300
34.18,0
34.18,0
34.23,200
34.23,0
34.23,0
34.18,100
34.17,100
34.08,100
34.05,100
34.12,225
34.12,300
34.12,0
34.12,0
34.12,0
34.12,0
34.15,100
34.17,1577
34.53,200
34.53,0
34.53,0
34.53,0
34.53,0
34.78,100
34.78,0
34.78,0
34.78,0
34.78,0
34.95,288
34.95,0
34.95,0
34.95,0
34.95,0
34.98,200
34.98,0
34.98,0
34.98,0
34.98,0
34.98,0
34.98,0
34.98,0
34.98,0
34.98,0
34.98,0
34.98,0
34.98,0
34.98,0
34.98,0
34.98,0
34.98,0
34.98,0
34.98,0
34.96,100
35.05,118
34.9,100
34.88,500
34.79,1674
34.79,0
34.79,0
34.91,100
34.91,0
35.2,300
35.2,0
35.28,100
35.28,0
35.28,0
35.28,0
35.12,300
35.06,117
35.06,0
35.06,0
35.13,200
35.11,100
35.17,350
35.08,300
35.16,100
35.14,410
35.14,0
35.17,400
35.23,1225
35.23,0
35.23,0
35.23,0
35.19,250
35.19,0
35.19,0
35.21,500
35.19,100
35.11,100
35.15,100
35.2,400
35.12,106
35.12,0
35.12,100
35.12,0
35.17,404
35.28,100
35.27,100
35.29,138
35.14,204
35.07,500
35.07,0
35.08,249
35.09,400
35.09,0
35.03,100
35.03,0
35.03,0
35.16,100
35.16,0
35.2,557
35.17,600
35.2,601
35.19,799
35.21,100
35.21,300
35.21,0
35.31,100
35.37,213
35.37,0
35.37,0
35.36,225
35.37,100
35.37,0
35.29,300
35.26,200
35.26,0
35.34,100
35.34,0
35.34,0
35.34,0
35.29,121
35.23,500
35.18,500
35.17,568
34.83,323
34.83,0
34.56,300
34.73,300
34.73,0
34.73,0
34.73,0
34.73,0
34.73,100
34.73,0
34.73,0
34.73,0
34.88,200
34.88,0
34.88,0
34.88,0
34.9,100
34.9,0
34.9,0
34.9,0
34.9,0
34.9,0
34.9,0
34.9,0
34.94,100
34.94,200
34.94,0
34.94,0
34.94,0
34.94,0
34.94,0
34.94,0
34.91,200
34.91,0
34.91,0
35.02,500
35.03,300
34.98,203
34.93,877
34.93,0
34.96,500
35.12,100
35.12,0
35.12,0
35.12,0
34.95,700
34.95,0
35.04,100
35.04,0
35.12,100
35.12,0
34.95,200
34.95,0
35.05,200
35.05,0
35.05,0
35.05,0
35.05,0
35.05,0
35.05,0
35.05,0
35.05,0
35.05,0
35.05,0
35.05,0
35.05,0
35.05,0
35.05,0
35.05,0
35.12,100
35.12,0
35.12,0
35.12,0
35.12,0
35.2,300
35.2,0
35.2,0
35.11,110
35.11,0
35.11,0
34.82,100
34.82,0
34.89,100
34.89,0
34.83,100
34.83,0
34.83,0
34.87,200
34.85,609
34.86,100
34.86,0
34.86,0
34.86,0
34.86,0
34.86,0
34.86,0
34.91,100
34.91,0
34.87,100
34.87,600
34.87,119
34.87,0
34.87,0
34.88,189
34.92,200
34.98,100
34.98,0
34.98,0
35.17,200
35.17,338
35.09,300
35.09,0
35.04,100
35.03,100
35.01,281
35.06,100
35.01,851
35.01,0
35.01,0
35.01,200
35.13,100
35.18,200
35.18,0
35.29,100
35.29,0
35.22,100
35.2,300
35.2,0
35.22,100
35.22,0
35.22,0
35.22,0
35.22,0
35.22,0
35.22,0
35.23,100
35.23,0
35.23,0
35.23,0
35.23,0
35.23,0
35.23,0
35.23,0
35.34,400
35.36,101
35.36,0
35.36,0
35.36,0
35.36,0
35.36,0
35.36,0
35.36,0
35.51,827
35.5,600
35.46,218
35.44,1808
35.45,300
35.36,100
35.36,0
35.36,0
35.36,0
35.36,0
35.36,0
35.36,0
35.59,100
35.6,200
35.63,300
35.75,100
35.79,299
35.79,0
35.83,300
35.91,500
36.01,400
36.07,201
36.06,300
36.06,0
36.24,100
36.25,100
36.3,500
36.3,200
36.29,300
36.29,100
36.34,200
36.32,100
36.29,500
36.28,425
36.24,400
36.12,300
36.11,400
36.1,654
36.1,0
36.08,500
36.15,500
36.06,800
36.01,1505
35.76,100
35.69,200
35.69,0
35.73,700
35.6,1065
35.55,500
35.51,100
35.51,0
35.51,0
35.54,100
35.57,300
35.57,0
35.57,0
35.63,200
35.63,0
35.63,0
35.63,876
35.67,501
35.63,1802
35.63,0
35.63,100
35.63,0
35.65,700
35.63,500
35.63,0
35.63,0
35.63,0
35.69,164
35.7,500
35.62,100
35.63,100
35.69,204
35.65,100
35.69,200
35.73,300
35.7,400
35.82,400
35.79,1000
35.84,1524
35.84,0
35.84,0
36.04,100
36.04,0
36.11,100
36.08,100
36.08,0
36.17,200
36.2,699
36.16,300
36.17,259
36.11,300
36.11,0
36.11,0
36.06,1400
36,975
36,0
35.97,100
35.97,0
35.97,0
35.97,0
35.97,0
35.97,0
36.14,683
36.16,300
36.11,100
36.09,700
36.09,0
36.09,0
36.09,0
36.09,0
36.09,0
36.09,0
36.22,100
36.22,0
36.22,0
36.22,0
36.32,100
36.31,1690
36.31,0
36.34,100
36.42,2100
36.45,200
36.37,1000
36.49,100
36.53,100
36.53,0
36.51,100
36.51,0
36.51,100
36.51,0
36.51,0
36.58,100
36.62,200
36.62,0
36.62,0
36.57,300
36.53,200
36.51,200
36.51,2500
36.51,0
36.47,100
36.47,0
36.51,300
36.48,200
36.44,100
36.48,200
36.5,1804
36.5,0
36.52,600
36.53,1300
36.53,0
36.53,0
36.53,1600
36.53,0
36.52,1626
36.53,300
36.56,503
36.52,1253
36.41,100
36.4,300
36.42,4245
36.42,0
36.42,0
36.59,1200
36.68,501
36.56,700
36.45,200
36.45,0
36.45,0
36.45,0
36.45,0
36.38,100
36.37,100
36.37,0
36.24,100
36.24,0
36.32,100
36.32,0
36.32,0
36.32,0
36.32,0
36.32,0
36.32,0
36.32,0
36.45,200
36.45,0
36.45,0
36.45,0
36.59,100
36.71,100
36.73,100
36.56,483
36.51,1144
36.51,0
36.65,100
36.69,100
36.69,0
36.69,0
36.45,180
36.24,225
36.39,3927
36.34,4263
36.16,400
36.2,100
36.32,214
36.32,0
36.31,303
36.29,300
36.29,0
36.38,300
36.39,300
36.39,0
36.39,0
36.35,100
36.35,0
36.35,0
36.43,300
36.52,100
36.52,0
36.58,100
36.58,0
36.58,0
36.58,0
36.58,0
36.58,0
36.58,0
36.58,0
36.48,100
36.48,0
36.48,0
36.43,500
36.45,100
36.39,300
36.48,1012
36.48,1100
36.29,500
36.29,0
36.45,100
36.45,0
36.45,0
36.45,0
36.73,100
36.76,100
36.76,0
36.76,0
36.87,100
36.87,0
36.89,384
36.78,300
36.82,103
36.84,770
36.83,900
36.85,500
36.78,808
36.68,740
36.83,200
36.85,1604
36.8,901
36.82,1154
36.83,700
36.82,650
36.79,600
36.82,1300
36.78,611
36.66,500
36.72,1104
36.73,6302
36.68,754
36.68,0
36.65,200
36.55,200
36.5,400
36.49,456
36.5,700
36.5,0
36.4,200
36.19,135
36.12,100
36.12,0
36.07,200
36.05,100
36.05,0
36.05,0
36.1,100
36.1,0
36.1,300
36.1,100
36.1,0
36.1,0
36.1,0
36.1,0
36.1,0
36.1,0
35.99,200
35.92,395
35.92,0
35.82,100
35.82,0
35.88,100
35.88,0
35.91,100
35.96,100
35.96,0
35.93,200
35.93,0
35.93,0
35.93,0
35.93,0
35.93,0
35.96,100
36.05,700
36.11,800
36.08,866
35.84,100
35.84,0
35.84,0
35.84,0
35.94,100
35.88,200
35.88,0
35.88,0
35.94,100
35.94,0
35.94,0
35.94,0
35.94,0
35.94,0
35.94,0
35.94,0
35.94,0
35.94,0
35.94,0
35.94,0
35.97,207
35.97,0
36.02,100
35.85,100
35.85,0
35.7,100
35.7,0
35.7,0
35.93,200
35.83,200
35.83,0
35.8,120
35.8,0
35.76,400
35.85,500
35.86,200
35.91,200
35.9,238
35.92,1010
35.49,800
35.3,100
35.3,222
35.25,2000
35.25,0
35.25,0
35.23,100
35.23,0
35.23,0
35.02,200
35.02,0
35.16,200
35.33,106
35.33,100
35.33,0
35.33,0
35.33,0
35.15,300
35.08,100
34.98,200
34.98,0
34.98,0
35.09,100
35.09,0
35.16,100
35.16,0
35.16,0
35.04,200
35.04,0
35.04,0
35.04,0
35.04,0
35.04,0
35.04,0
35.22,400
35.25,601
35.32,8560
35.27,700
35.28,2551
35.28,0
35.52,200
35.47,100
35.47,0
35.59,500
35.6,200
35.76,200
35.78,100
35.78,0
35.78,0
35.78,0
35.78,0
35.48,193
35.48,0
35.48,0
35.36,100
35.36,0
35.36,0
35.36,0
35.36,0
35.36,0
34.97,200
35.04,200
35,300
34.89,200
34.89,0
34.89,0
34.81,500
34.81,0
34.91,300
34.91,0
34.91,0
34.91,0
34.91,0
34.91,0
34.91,0
35.13,400
35.13,0
35.15,415
35.1,505
35.02,631
35.02,0
35.02,0
35.05,100
35.04,637
35.03,200
35.04,200
35.04,0
35.34,500
35.36,300
35.24,100
35.24,0
35.24,0
35.24,0
35.42,600
35.42,0
35.42,0
35.35,480
35.37,559
35.48,655
35.48,0
35.36,100
35.36,100
35.33,622
35.4,400
35.4,0
35.4,0
35.51,100
35.44,570
35.44,0
35.42,7211
35.37,1149
35.4,1300
35.38,1779
35.28,600
35.31,601
35.35,1147
35.37,2110
35.18,361
35.33,100
35.3,1400
35.3,0
35.3,0
35.3,0
35.36,100
35.36,0
35.48,228
35.48,0
35.48,0
35.48,0
35.41,100
35.41,0
35.41,0
35.38,300
35.4,100
35.4,0
35.4,0
35.4,0
35.53,200
35.53,0
35.57,300
35.57,0
35.57,0
35.62,100
35.62,0
35.62,0
35.62,0
35.62,0
35.61,270
35.61,0
35.61,0
35.61,0
35.61,0
35.47,300
35.49,100
35.51,118
35.5,701
35.5,0
35.5,0
35.5,0
35.5,0
35.5,0
35.5,0
35.5,0
35.5,0
35.45,200
35.45,0
35.45,0
35.45,0
35.45,0
35.54,100
35.54,0
35.54,0
35.54,0
35.54,0
35.54,0
35.54,0
35.54,0
35.39,500
35.52,100
35.69,100
35.69,0
35.69,0
35.78,100
35.78,0
35.78,0
35.73,200
35.77,200
35.77,0
35.57,400
35.57,0
35.69,200
35.63,100
35.64,100
35.62,800
35.63,633
35.63,0
35.63,0
35.63,0
35.63,0
35.63,0
35.63,0
35.63,0
35.63,0
36.26,115
36.26,0
36.14,200
36.14,0
36.12,100
36.13,100
36.08,100
36.08,0
36.08,0
36.08,0
36.08,0
36.08,0
36.24,107
36.24,0
36.24,0
36.24,0
36.13,100
36.13,0
36.13,0
36.13,0
36.12,100
36.12,0
36.13,100
36.16,100
36.17,100
36.17,0
36.08,200
36.08,0
36.12,399
36.15,100
36.03,615
36.45,300
36.48,100
36.48,0
36.6,207
36.67,200
36.57,100
36.57,400
36.57,563
36.63,200
36.67,947
36.55,816
36.66,100
36.69,200
36.58,100
36.58,0
36.58,0
36.58,0
36.58,0
36.53,100
36.53,0
36.53,0
36.59,100
36.59,110
36.59,0
36.59,0
36.59,0
36.52,500
36.52,0
36.52,0
36.48,1300
36.45,1525
36.51,611
36.54,400
36.46,300
36.46,0
36.39,300
36.45,200
36.49,400
36.45,313
36.16,225
36.18,100
36.13,200
36.13,0
36.02,100
36.09,100
36.09,0
36.09,0
35.93,306
35.95,100
35.95,0
35.95,0
35.95,0
35.95,0
35.95,0
35.95,0
35.95,0
35.98,1516
35.92,1500
35.95,300
35.93,1000
35.92,800
35.92,0
35.93,700
35.93,0
35.93,304
35.93,200
35.93,200
35.93,0
35.93,0
35.93,0
35.96,100
35.96,0
35.93,305
35.93,1100
35.98,200
35.92,160
35.86,810
35.91,573
36.13,222
36.13,0
36.13,0
36,200
36.13,100
36.12,301
36,300
36,0
36,0
36,0
36.03,200
35.98,340
36.06,100
36.03,100
36.02,301
36.02,0
36,700
35.99,100
36.02,3100
36.02,0
36.02,0
36.02,0
36.02,0
36.02,0
36.09,100
36,1388
36.03,100
36.01,100
36.01,0
36,300
35.98,300
35.98,0
35.98,0
35.83,400
35.83,0
35.93,553
36.01,100
36.01,0
36.06,1228
35.87,300
35.75,200
35.85,5720
35.64,400
35.65,1203
35.66,1167
35.44,3203
35.34,300
35.34,0
35.27,100
35.27,0
35.27,0
35.31,600
35.3,200
35.3,0
35.21,200
35.21,200
35.21,0
35.13,300
35.13,0
35.13,0
35.25,1528
35.23,100
35.24,522
35.22,300
35.22,0
35.2,300
35.14,300
35.13,300
35.13,0
35.07,300
35.07,0
35.07,0
35.07,0
34.86,300
34.98,100
35.06,100
35.07,802
35.16,705
34.86,1531
34.61,1101
34.53,625
34.62,736
34.53,706
34.52,410
34.53,1808
34.63,705
34.63,0
34.49,118
34.6,255
34.6,0
34.51,100
34.51,0
34.51,0
34.63,100
34.58,210
34.49,400
34.49,0
34.49,0
34.57,100
34.57,0
34.57,0
34.45,100
34.45,0
34.46,100
34.46,0
34.45,436
34.45,0
34.33,300
34.33,0
34.39,316
34.51,1006
34.51,0
34.48,1304
34.55,1700
34.57,200
34.57,1352
34.6,600
34.57,100
34.78,100
34.8,100
34.77,500
34.96,1260
34.92,400
34.92,0
34.91,300
34.84,1675
34.84,0
34.86,100
34.87,300
34.86,200
34.86,0
34.94,800
34.92,600
34.91,100
34.88,300
34.9,316
34.96,100
34.96,200
34.97,210
34.97,100
34.99,300
35.04,534
35.02,600
35.02,200
35.02,0
35.04,200
35.02,640
34.92,400
34.92,100
34.92,500
35.04,500
35.12,600
35.07,300
35.12,500
35.11,2388
35.09,3050
35.09,0
35.09,0
34.57,200
34.64,880
34.64,0
34.56,930
34.56,0
34.56,0
34.56,0
34.56,0
34.8,544
34.82,100
34.81,316
34.84,200
34.81,500
34.88,200
35.03,100
35.07,628
34.91,222
34.79,229
34.77,391
34.74,100
34.74,0
34.58,608
34.58,0
34.64,315
34.58,316
34.58,0
34.58,0
34.78,1219
34.75,240
34.82,331
34.87,830
34.86,1190
34.9,200
34.9,0
35.07,1105
35.06,867
35.1,1003
35.1,0
35.27,200
35.4,400
35.4,0
35.38,200
35.45,125
35.45,0
35.45,0
35.45,0
35.41,400
35.31,278
35.33,300
35.38,100
35.3,200
35.23,200
35.23,0
35.23,0
35.23,0
35.23,0
35.23,0
35.33,200
35.33,0
35.33,100
35.26,100
35.26,200
35.33,300
35.4,500
35.16,100
35.14,100
35.19,120
35.13,312
35.33,300
35.42,121
35.55,319
35.55,0
35.34,401
35.04,2100
35.15,1000
35.18,2009
35.09,300
34.99,167
34.95,200
34.86,391
34.81,530
34.74,1500
34.78,1904
34.73,371
34.69,1213
34.72,1182
34.75,500
34.71,510
34.75,500
34.77,1100
34.81,950
34.75,249
34.68,114
34.68,500
34.7,591
34.77,707
34.83,200
34.84,505
34.81,500
34.81,0
34.81,0
34.81,0
34.81,0
34.81,0
34.75,200
34.69,500
34.69,0
34.75,500
34.77,200
34.9,300
34.91,148
34.86,2000
34.99,1071
35.02,100
35.04,710
34.63,400
34.63,0
34.21,306
34.21,0
34.27,323
34.24,200
34.36,725
34.36,308
34.27,600
34.28,400
34.28,0
34.28,0
34.24,100
34.1,400
34.1,0
33.98,1000
33.96,100
33.89,700
33.77,300
33.87,600
33.87,100
33.87,1295
33.81,100
33.81,0
33.69,381
33.67,200
33.75,594
33.76,867
33.69,1341
33.64,232
33.55,958
33.49,600
33.49,225
33.46,200
33.53,1177
33.55,979
33.76,974
33.83,1676
33.85,14993
33.45,307
33.35,4587
33.35,1602
33.42,1813
33.26,800
33.37,3259
33.33,1226
33.24,1137
33.17,400
33.19,1100
33.12,2600
33.05,2401
32.95,1300
32.87,1300
32.78,1801
32.83,1300
32.86,1598
32.73,700
32.68,2949
32.55,1300
32.46,1400
32.51,1100
32.5,501
32.48,2788
32.51,3425
32.4,354
32.39,457
32.31,1955
32.47,3729
32.5,2551
32.4,2807
32.41,1000
32.55,2100
32.52,1180
32.56,2007
32.43,7310
32.55,3530
32.65,6225
32.74,11850
32.65,350
33,300
32.79,241
32.49,331
32.44,2023
32.33,2032
32.32,1428
32.32,1200
32.3,1463
32.23,1332
32.28,1445
32.25,1955
32.04,600
32.04,1542
31.99,1120
31.85,718
31.71,901
31.58,1120
31.63,1838
31.68,2304
31.75,3601
31.76,1634
31.75,1177
31.77,1457
31.72,1157
31.74,1104
31.69,880
31.75,564
31.74,714
31.65,1251
31.66,1000
31.86,1700
31.85,2461
31.87,1572
31.81,1616
31.8,600
31.81,1420
31.78,2836
31.75,4729
31.49,1031
31.38,2966
31.11,100
31.14,2595
31.05,4235
30.99,2020
30.91,2243
30.84,1500
30.75,1947
30.74,1002
30.75,1673
30.89,14959
30.87,13196
30.89,851
31.1,2843
31.13,1400
31.18,325
31.16,200
31.17,400
31.16,1600
31.18,200
31.1,800
31.05,436
31.09,300
31.09,0
31.07,100
31.16,200
31.16,0
31.27,400
31.3,900
31.27,403
31.36,384
31.44,508
31.48,200
31.45,100
31.39,1200
31.32,2112
31.32,1100
31.33,5532
31.08,5725
30.54,2480
30.48,500
30.38,1566
30.38,0
30.27,200
30.27,0
30.25,500
30.4,200
30.4,437
30.36,1164
30.39,1489
30.31,1812
30.28,433
30.36,300
30.37,400
30.36,200
30.29,224
30.17,235
30.18,100
30.15,200
30.11,100
30.2,518
30.09,100
30.09,1100
30.09,1389
30.11,981
30.17,1576
30.16,864
30.11,210
30.09,1080
30.05,1121
30.01,100
30.01,0
29.94,1849
30.15,38229
30.26,5612
30.44,5838
30.46,6924
30.58,1985
30.51,2441
30.53,373
30.84,5798
30.81,1971
30.72,1307
30.78,974
30.93,1210
30.96,1145
30.89,900
31.05,635
31.13,2776
31.14,3126
31.01,715
30.9,437
30.79,447
30.75,101
30.75,6383
30.75,200
30.77,400
30.78,958
30.76,1280
30.82,570
30.81,600
30.85,900
30.81,899
30.79,1632
30.8,772
30.84,1300
30.81,1231
30.82,1003
30.76,559
30.66,1200
30.63,1568
30.63,1114
30.61,1962
30.68,1461
30.62,2305
30.62,6966
30.62,0
31.17,171
31.23,100
31.39,146
31.39,0
31.39,0
31.62,327
31.66,848
31.61,850
31.63,565
31.63,0
31.57,900
31.61,500
31.56,500
31.62,600
31.63,300
31.59,167
31.58,300
31.58,200
31.61,200
31.64,380
31.61,800
31.6,236
31.57,146
31.57,0
31.64,916
31.62,400
31.63,400
31.61,600
31.62,2739
31.53,2580
31.36,1621
31.31,1320
31.26,658
31.28,1013
31.3,1150
31.39,956
31.38,1958
31.37,1444
31.37,0
31.37,0
31.37,0
31.37,0
31.99,900
31.93,2550
31.89,686
31.93,848
31.9,509
31.92,446
31.87,873
31.84,935
31.97,350
31.99,400
31.9,431
31.91,525
32.08,100
32.12,300
32.17,294
32.11,200
32.05,300
32.05,0
31.96,200
31.86,200
31.87,500
31.82,956
31.82,100
31.91,100
31.95,208
31.91,600
31.86,200
31.87,100
31.97,100
31.95,998
31.96,1699
31.91,701
31.87,3108
31.82,1603
31.9,2309
31.57,310
31.05,100
31.05,100
30.92,299
30.7,422
30.73,571
30.7,700
30.73,300
30.81,200
30.83,355
30.82,500
30.9,300
30.93,321
31.05,2704
31.12,900
31.19,721
31.26,400
31.26,1476
31.25,200
31.27,392
31.33,800
31.26,446
31.29,500
31.35,400
31.31,585
31.35,600
31.34,4180
31.28,378
31.33,1006
31.48,846
31.47,803
31.51,200
31.48,541
31.46,901
31.56,300
31.57,349
31.61,1467
31.51,300
31.46,2767
31.17,625
31.17,0
30.71,878
30.49,858
30.46,754
30.57,1125
30.57,430
30.55,700
30.63,100
30.66,200
30.61,200
30.64,200
30.49,4101
30.39,400
30.34,600
30.3,200
30.23,1200
30.26,100
30.37,500
30.4,200
30.4,0
30.33,100
30.4,300
30.4,0
30.31,200
30.31,0
30.22,200
30.11,236
30.11,0
30.17,300
30.22,747
30.22,600
30.14,1500
30.15,941
30.19,1400
30.29,1144
30.32,1548
30.24,1000
30.28,7092
30.11,100
29.94,371
29.98,110
29.87,365
29.93,802
29.98,200
29.87,300
29.97,310
30.07,608
30.17,800
30.14,900
30.11,1057
30.16,1250
30.11,326
30.14,200
30.14,0
29.94,200
29.87,600
29.85,100
29.84,1500
29.78,100
29.69,500
29.69,0
29.73,100
29.72,300
29.71,200
29.66,1400
29.64,372
29.54,100
29.54,300
29.48,400
29.47,700
29.45,529
29.52,700
29.47,300
29.42,1710
29.37,6648
29.37,9759
29.37,15738
29.37,0
29.37,0
29.37,0
29.42,197
29.32,200
29.32,0
29.32,0
29.32,0
29.32,0
29.32,0
29.32,0
29.32,0
29.28,200
29.28,0
29.28,0
29.3,122
29.3,0
29.3,0
29.3,0
29.3,0
29.3,0
29.3,0
29.15,342
29.15,100
29.15,0
29.15,0
29.22,200
29.22,0
29.22,0
29.22,0
29.08,100
29.06,100
29.05,100
29.11,100
29.14,100
29.14,0
29.12,100
29.12,0
29.1,754
28.64,600
28.77,220
28.77,0
28.65,400
28.46,357
28.52,200
28.41,1249
28.41,0
28.43,3798
28.43,100
28.53,210
28.53,0
28.7,153
28.89,100
28.97,251
28.78,300
28.87,200
28.94,128
28.94,0
28.94,0
28.94,0
28.94,0
28.94,0
28.94,0
28.94,0
28.94,0
28.94,0
28.81,214
28.81,0
28.86,100
28.84,100
28.66,400
28.47,200
28.4,1100
28.21,500
28.37,1700
28.4,1930
28.37,4300
28.33,1598
28.2,1589
28.35,200
28.29,500
28.35,659
28.28,5643
28.25,1302
28.2,2151
28.21,454
28.28,100
28.3,1775
28.33,2027
28.23,1056
28.09,609
28.12,1000
28.13,1530
28.18,1335
28.07,700
28.09,2302
28.08,979
28.09,305
28.09,1444
28.1,2500
28.05,1101
28.05,0
28.09,409
28.08,1400
28.11,384
28.17,500
28.17,0
28.14,500
28.16,365
28.12,100
28.08,517
28.05,100
28.06,2067
28.05,2210
28.06,1757
28.05,796
28.11,4441
27.56,200
27.56,0
27.64,669
27.65,2268
27.76,10401
27.96,4644
27.89,3710
27.9,1429
27.86,1027
27.64,5194
27.76,5045
27.95,600
27.97,300
28.35,1918
28.32,1666
28.51,1648
28.64,2000
28.52,1700
28.56,1628
28.52,2812
28.64,2301
28.56,2471
28.54,1502
28.64,2177
28.63,1500
28.64,700
28.57,1200
28.52,1632
28.52,1200
28.53,1300
28.46,1215
28.5,1633
28.55,500
28.61,800
28.61,1443
28.62,1100
28.58,2075
28.55,2400
28.58,5671
28.82,200
28.76,725
28.76,0
28.76,0
28.76,0
28.33,102
28.44,300
28.44,0
28.46,1286
28.51,506
28.51,0
28.51,0
28.38,200
28.29,100
28.17,201
28.08,527
27.94,200
27.94,0
27.94,0
28.02,367
28.02,0
28.02,0
28.12,128
28.12,0
28.12,0
28.12,0
28.23,200
28.23,0
28.23,0
28.17,100
28.23,500
28.13,518
28.13,0
28.2,100
28.17,100
28.2,200
28.31,742
28.23,1034
28.17,4176
28.56,200
28.56,0
28.93,1376
29.01,645
29.01,0
29.3,100
29.3,0
29.46,100
29.46,0
29.46,0
29.46,0
29.46,0
29.3,100
29.3,0
29.3,0
29.35,285
29.35,0
29.2,450
29.21,520
29.21,0
29.05,200
29.15,100
29.15,0
29.13,600
29.18,200
29.18,0
29.18,0
29.18,0
29.18,0
29.18,0
28.97,604
29.06,900
29.08,1059
29.06,232
28.98,400
28.98,0
28.98,0
29.01,700
29.07,1625
29.07,0
29.07,0
29.77,735
29.82,100
29.76,100
29.76,0
29.52,200
29.52,0
29.52,0
29.57,100
29.57,0
29.57,0
29.41,100
29.48,400
29.58,339
29.6,123
29.72,700
29.77,100
29.81,957
29.87,200
29.87,200
29.75,700
29.87,200
29.87,500
29.97,300
29.93,600
29.96,300
29.97,300
29.91,700
29.88,300
29.88,600
29.77,1278
29.64,901
29.69,602
29.77,200
29.72,2097
29.87,200
29.91,313
29.92,2875
29.92,0
29.92,0
29.92,0
29.68,100
29.74,100
29.74,1552
29.7,100
29.7,0
29.7,0
29.7,0
29.65,519
29.53,226
29.53,206
29.6,300
29.57,102
29.49,100
29.49,0
29.49,0
29.43,125
29.43,0
29.31,100
29.16,100
29.16,0
29.16,0
29.22,400
29.22,100
29.24,200
29.28,101
29.33,100
29.33,0
29.33,200
29.34,302
29.32,300
29.31,227
29.46,1252
29.5,991
29.35,200
29.37,1400
29.34,1548
29.34,0
29.34,0
29.04,500
29.25,100
29.4,704
29.44,100
29.46,500
29.34,2123
29.53,280
29.59,200
29.58,500
29.49,300
29.49,0
29.49,0
29.5,100
29.5,0
29.52,100
29.51,513
29.43,200
29.29,202
29.3,300
29.34,200
29.31,157
29.31,0
29.25,200
29.22,200
29.22,0
29.17,300
29.17,0
28.96,200
28.96,0
28.99,100
28.99,0
29.11,300
29.07,815
28.98,600
28.92,300
28.93,100
28.92,1145
28.92,0
28.92,0
28.78,100
28.88,182
28.88,0
28.81,567
28.53,100
28.55,300
28.67,249
28.67,0
28.58,400
28.48,1051
28.48,0
28.48,0
28.48,0
28.81,100
28.81,0
28.81,0
28.76,372
28.76,0
28.95,200
28.89,200
28.83,200
28.83,0
28.83,0
28.78,100
28.78,827
28.81,1000
28.91,100
28.91,0
28.81,519
28.78,550
28.72,298
28.7,300
28.71,200
28.72,302
28.72,0
28.68,484
28.68,484
28.68,0
28.66,107
28.69,100
28.69,0
28.69,0
28.38,100
28.51,300
28.52,800
28.47,800
28.52,100
28.56,600
28.58,179
28.58,0
28.6,422
28.62,200
28.73,603
28.72,1490
28.79,1000
28.77,100
28.73,100
28.73,0
28.84,200
28.84,0
28.76,100
28.8,100
28.85,100
28.85,0
28.81,307
28.86,100
28.84,200
28.84,400
28.83,425
28.92,400
28.95,1621
28.96,400
28.95,1300
28.92,908
28.88,250
28.94,799
28.99,100
29.16,100
29.16,0
29.46,200
29.46,0
29.74,200
29.73,200
29.73,0
29.73,0
29.73,0
29.73,0
29.99,515
30.12,1150
30.28,381
30.28,0
30.05,100
30.16,100
30.16,0
30.16,0
30.16,200
30.11,100
30.11,0
30.17,100
30.2,250
30.22,100
30.11,400
30.11,0
30.11,0
30.11,0
30.11,0
30.22,100
30.26,900
30.2,346
30.25,211
30.25,0
30.31,600
30.38,420
30.4,500
30.44,1271
30.57,100
30.51,300
30.33,201
30.35,400
30.35,0
30.35,0
30.75,200
30.75,0
30.93,295
30.99,200
31.06,206
31.1,909
31.16,200
31.15,100
31.15,0
31.15,0
31.15,0
31.15,0
31.32,117
31.29,500
31.22,100
31.15,702
31.16,443
31.16,0
30.99,275
30.99,0
30.93,100
30.98,100
30.95,100
30.8,222
30.81,100
30.81,0
30.81,0
30.86,100
30.92,342
30.89,203
30.92,504
30.92,0
30.92,500
30.93,1550
30.9,2200
30.9,4021
31.08,100
31.1,218
31.09,100
31.22,1074
31.04,4294
30.97,6229
31.01,833
31.15,201
31.1,652
31.24,1035
31.24,0
30.95,268
30.87,400
30.89,100
30.79,384
30.8,200
30.81,100
30.97,100
30.99,100
31.06,200
30.99,326
30.85,1239
30.86,1400
30.76,200
30.83,1197
30.85,1902
30.83,676
30.83,300
30.89,100
30.86,300
30.79,200
30.75,406
30.78,400
30.94,500
30.94,0
30.86,700
30.67,871
31,100
31.05,100
31.16,200
31.12,100
31.09,300
31.2,200
31.13,700
31.08,300
31.21,300
31.16,100
31.23,100
31.19,400
31.23,718
31.22,400
31.09,725
31.1,200
31.14,200
31.1,300
31.06,100
31.06,400
31.11,100
31.11,100
31.06,400
31.08,200
31.08,100
31.16,100
31.18,327
31.16,300
31.28,520
31.31,200
31.37,200
31.38,359
31.38,400
31.22,100
31.22,100
31.23,6170
31.21,3056
31.21,13069
31.16,200
30.95,200
30.95,0
30.92,400
30.81,100
30.91,210
30.83,300
30.95,400
30.79,441
31.04,100
31.06,450
31.21,200
31.22,100
31.21,1300
31.16,400
31.17,200
31.16,200
31.16,300
31.12,200
31.11,100
31.08,436
31.13,500
31.05,200
31.05,0
31.18,100
31.16,302
31.16,300
31.19,1662
31.19,1050
31.19,242
31.19,100
31.19,503
31.19,400
31.19,665
31.15,300
31.11,400
31.1,300
31.11,901
31.07,2091
31.41,1123
31.31,500
31.38,300
31.29,497
31.2,100
31.25,200
31.2,500
31.22,1800
31.22,0
31.13,110
31.14,500
31.14,0
31.14,2002
31.15,300
31.15,1500
31.32,473
31.32,0
31.32,0
31.32,0
31.32,0
31.2,134
31.2,0
31.26,350
31.26,0
31.18,200
31.19,182
31.19,0
31.19,0
31.28,100
31.28,0
31.29,100
31.24,200
31.21,282
31.21,0
31.17,830
31.16,751
31.15,2302
31.15,2200
31.18,8223
31.11,302
31.29,300
31.07,200
30.98,300
30.99,400
30.98,400
31.03,400
31.03,0
31.1,100
31.08,100
31.08,0
31.08,0
31.09,200
31.09,0
31.11,100
31.21,200
31.21,0
31.16,100
31.13,100
31.03,100
31.11,102
31.11,0
31.1,504
31.1,0
31.08,200
31.11,200
31.12,200
31.43,400
31.36,1502
31.33,1615
31.47,554
31.54,217
31.18,300
31.17,397
31.24,300
30.86,300
30.9,1600
30.85,1504
30.84,3990
30.18,100
29.99,115
29.82,200
29.99,900
29.99,0
30.22,112
30.22,451
30.24,200
30.22,103
30.32,212
30.26,201
30.28,945
30.28,0
30.26,568
30.26,0
30.26,0
30.26,0
30.22,548
30.14,100
30.03,100
30.05,301
30.02,300
30.1,101
30.21,100
30.28,100
30.27,204
30.14,100
30.13,200
30.08,302
30.06,300
30.14,506
30.04,400
30.08,100
30.09,565
30.14,309
30.11,436
30.1,400
30.09,401
30,1369
30.66,100
30.75,100
30.74,446
30.82,204
30.83,300
31.04,100
31.11,100
31.1,200
31.1,0
31.16,533
31.1,100
31.1,0
30.82,100
30.82,0
30.48,200
30.53,100
30.61,100
30.68,240
30.62,100
30.62,0
30.64,250
30.64,0
30.64,0
30.65,100
30.62,100
30.62,0
30.6,100
30.63,200
30.63,0
30.63,0
30.81,100
30.83,300
30.83,0
30.83,0
30.83,0
30.83,0
30.87,100
31.05,220
31.05,573
30.78,200
30.78,0
30.64,120
30.64,0
30.73,110
30.73,0
30.73,0
30.73,0
30.73,0
30.75,100
30.72,100
30.72,0
30.72,0
30.61,200
30.49,100
30.49,0
30.49,0
30.49,0
30.49,0
30.49,0
30.69,200
30.69,0
30.69,0
30.69,0
30.69,100
30.69,0
30.69,0
30.69,0
30.75,100
30.73,107
30.67,3873
30.67,0
30.67,0
30.67,0
30.67,0
30.67,0
30.67,0
30.74,100
30.75,440
30.96,1200
30.96,0
30.96,0
30.93,100
31.05,200
31.1,100
31.1,0
31.1,0
31.32,200
31.27,425
31.24,500
31.28,200
31.28,0
31.28,0
31.4,100
31.38,300
31.38,500
31.38,0
31.24,400
31.24,0
31.24,0
31.33,100
31.37,146
31.16,1000
31.16,0
31.16,300
31.11,200
31.01,900
30.93,500
30.93,0
30.83,715
30.94,100
31.01,300
31.01,0
30.98,200
30.99,500
31.03,3670
31.03,0
31.09,1276
30.9,139
30.84,200
30.84,0
30.95,100
31.02,500
30.94,200
30.94,0
30.94,0
30.81,139
30.81,3000
30.92,104
31,100
31,0
31,0
31,0
31,0
31,0
31,0
31,0
31,0
31,0
30.91,100
30.91,0
30.91,0
30.81,100
30.81,0
30.81,0
30.81,0
30.81,0
30.81,0
30.81,0
30.81,0
30.81,0
30.81,0
30.8,179
30.72,100
30.68,100
30.65,100
30.63,300
31.53,100
31.81,400
31.9,2350
32.04,1784
32.02,3100
31.91,201
31.91,0
31.95,816
31.99,2793
31.98,300
31.98,0
31.9,300
31.95,200
31.95,0
32.04,100
32.04,0
32.04,0
31.97,100
31.97,0
31.69,219
31.74,200
31.74,0
31.74,0
31.68,200
31.68,0
31.79,739
31.79,0
31.91,100
31.91,0
31.79,100
31.72,300
31.72,0
31.72,0
31.82,552
31.87,900
31.89,1478
31.84,1191
31.93,1240
32.1,2470
31.9,300
32.12,100
32.12,0
32.12,200
32.12,0
32.2,200
32.25,100
32.25,100
32.24,650
32.19,349
32.17,500
32.19,700
32.1,500
32.15,100
32.29,917
32.17,203
32.17,0
32.27,484
32.3,636
32.2,325
32.15,204
32.22,360
32.22,683
32.18,835
32.28,896
32.17,214
32.2,469
32.19,408
32.19,200
32.14,234
32.15,817
32.15,0
32.22,461
32.18,304
32.14,1009
32.37,697
32.33,1603
32.28,1008
32.34,1617
32.34,0
32.22,100
32.08,285
32.08,0
32.04,884
32.04,0
32.07,100
32.09,103
32.14,100
32.14,0
32.14,0
31.95,106
31.98,312
31.98,0
31.98,0
31.98,0
31.98,0
31.98,0
31.98,0
31.98,0
31.93,100
31.93,0
31.95,231
31.95,0
31.95,0
32.03,100
31.99,200
31.99,0
32,100
32.04,200
32.06,400
32.06,0
31.99,500
32.06,100
32.01,200
32.1,438
32.07,300
32.12,300
32.1,2432
32.27,400
32.51,100
32.43,100
32.37,200
32.37,0
32.37,0
32.31,311
32.3,100
32.22,308
32.25,511
32.19,425
32.22,100
32.21,100
32.16,100
32.16,200
32.15,300
32.08,300
32.1,200
32.14,250
32.06,100
32.11,200
32.17,120
32.19,300
32.1,300
32.05,687
32.04,200
32.05,400
32.01,340
32.15,1203
32.11,1016
32.24,1528
32.33,1962
32.28,700
32.41,500
32.37,1430
32.4,600
32.37,476
32.34,605
32.24,3681
32.24,0
32.24,0
32.16,100
32.08,200
32.08,0
32.08,0
32.21,200
32.21,0
32.21,0
32.14,100
32.2,200
32.2,0
32.2,0
32.2,0
32.11,100
32.11,0
32.06,400
32,600
32.05,100
32.05,0
32.1,200
32,100
32,0
31.89,523
31.79,200
31.8,900
31.84,400
31.85,200
31.84,901
31.87,900
31.86,500
31.88,1018
31.87,1800
31.94,986
31.93,200
31.9,874
32.02,900
31.99,100
32.02,2732
31.62,350
31.68,811
31.8,444
31.72,200
31.73,100
31.73,0
31.78,100
31.78,0
31.78,0
31.51,105
31.51,0
31.7,107
31.62,1005
31.65,959
31.69,100
31.69,0
31.69,0
31.74,103
31.74,0
31.74,0
31.74,0
31.84,100
31.84,0
31.81,100
31.81,0
31.81,0
31.81,0
31.81,0
31.61,100
31.61,0
31.61,0
31.57,108
31.58,200
31.56,340
31.56,0
31.47,908
31.48,960
31.49,1527
31.48,5013
31.59,438
31.46,438
31.55,155
31.38,400
31.39,453
31.39,0
31.56,1204
31.54,400
31.69,100
31.59,200
31.63,400
31.76,300
31.76,0
31.8,200
31.73,200
31.78,100
31.78,0
31.78,0
31.67,450
31.67,0
31.67,0
31.67,0
31.69,100
31.69,0
31.7,198
31.7,0
31.7,0
31.67,266
31.67,0
31.71,500
31.7,100
31.7,0
31.7,0
31.9,276
31.81,600
31.81,0
31.76,205
31.75,300
31.78,1855
31.71,472
31.61,125
31.61,0
31.58,576
31.49,3158
31.54,2231
31.52,3103
31.4,3524
31.42,1257
31.46,1401
31.61,300
31.69,1222
31.71,604
31.78,602
31.77,1509
31.71,802
31.87,200
31.9,844
31.94,100
31.96,560
31.9,214
31.87,200
31.96,300
32.05,600
32.05,200
31.95,200
31.95,500
31.95,300
31.98,400
31.99,500
31.94,672
31.95,593
31.95,200
31.87,699
31.88,200
31.87,202
31.9,600
31.89,1500
31.9,1486
31.89,800
32.18,210
32.22,1396
32.1,300
32.16,525
32.1,1828
32,950
31.94,1335
31.94,0
31.94,0
31.95,180
31.92,322
31.92,713
31.92,0
32.03,1297
32.03,1227
32.03,620
31.99,2805
31.97,320
31.97,0
32.01,607
32.01,0
32.01,0
32.01,0
32.07,210
32.07,0
32.07,0
32.07,0
32.07,0
32.13,140
32.1,237
32.1,0
32.13,240
32.23,210
32.25,304
32.25,0
32.29,260
32.26,669
32.28,1151
32.29,100
32.23,900
32.43,200
32.47,400
32.47,0
32.5,100
32.51,1200
32.54,506
32.54,0
32.51,100
32.51,0
32.51,0
32.51,0
32.54,800
32.48,400
32.28,600
32.28,400
32.28,0
32.28,0
32.11,200
32.12,538
32.1,300
32.1,0
32.2,100
32.2,350
32.2,0
32.19,100
32.38,100
32.38,0
32.38,0
32.38,0
32.38,0
32.46,100
32.46,0
32.49,124
32.49,0
32.49,0
32.49,0
32.39,701
32.06,463
32.19,203
32.36,100
32.36,0
32.36,0
32.52,100
32.55,337
32.57,100
32.57,0
32.57,0
32.57,0
32.6,150
32.6,0
32.51,110
32.51,0
32.51,0
32.51,0
32.51,0
32.51,0
32.51,0
32.28,620
32.28,0
32.28,0
32.28,0
32.05,306
32.04,100
32.1,307
32.22,200
32.17,500
32.18,406
32.18,0
32.07,100
32.03,1500
32.03,0
31.91,476
31.82,1684
31.87,152
31.86,459
31.95,200
31.88,1000
31.89,900
31.89,0
31.89,0
31.93,207
31.88,100
31.89,300
31.81,3424
31.76,101
31.72,100
31.71,1100
31.71,0
31.71,0
31.71,100
31.71,304
31.7,589
31.75,200
31.75,0
31.75,208
31.75,0
31.75,0
31.81,110
31.85,100
31.81,883
31.79,100
31.75,2415
31.93,200
31.87,458
31.87,0
31.87,0
31.88,1224
31.9,200
31.93,100
31.89,1000
31.78,109
31.75,1074
31.79,100
31.79,431
31.79,646
31.68,217
31.77,604
31.77,0
31.79,100
31.86,167
31.86,0
31.87,100
31.87,0
31.86,100
31.86,0
31.86,0
31.87,200
31.93,100
31.93,0
31.93,0
31.93,0
31.92,528
31.95,100
31.91,100
31.94,100
31.94,0
32.01,722
32.01,0
31.92,1089
31.82,1064
31.82,742
31.82,0
32.04,400
32.09,100
32.09,0
32.09,0
31.88,100
31.87,700
31.87,0
31.87,0
31.8,200
31.83,500
31.87,389
31.81,100
31.81,0
31.81,0
31.81,0
31.63,144
31.63,0
31.81,100
31.81,0
31.81,0
31.81,0
31.94,500
31.94,0
32.05,1451
32.2,100
32.2,0
32.34,310
32.33,100
32.33,0
32.39,1588
32.39,1434
32.43,100
32.4,200
32.4,0
32.4,322
32.44,2988
32.44,615
32.44,0
32.31,1200
32.31,2257
32.2,826
32.06,909
31.87,541
31.59,2719
31.87,700
31.9,200
31.73,100
31.73,0
31.74,100
31.83,200
31.83,0
31.76,400
31.76,100
31.76,0
31.82,200
31.82,0
31.64,730
31.75,100
31.68,300
31.61,485
31.56,928
31.42,250
31.42,360
31.25,272
31.22,646
31.28,2110
31.18,897
31.32,767
31.36,400
31.34,920
31.27,100
31.18,758
31.15,432
31.18,1048
31.05,1856
30.59,2653
30.68,900
30.67,458
30.69,100
30.61,300
30.57,1962
30.38,716
30.55,626
30.54,349
30.63,716
30.63,0
30.69,350
30.72,264
30.78,255
30.78,0
30.68,200
30.72,200
30.72,348
30.64,225
30.68,501
30.64,200
30.65,100
30.65,500
30.65,0
30.65,200
30.68,200
30.63,100
30.61,100
30.61,400
30.62,100
30.62,100
30.62,600
30.67,100
30.68,100
30.68,500
30.67,600
30.6,513
30.6,0
30.53,1385
30.42,100
30.49,200
30.45,200
30.29,300
30.25,390
30.14,100
30.16,475
30.16,730
30.09,1428
30.09,0
30.13,400
30.02,100
30.03,204
30.03,2073
29.98,300
29.9,336
29.9,0
29.92,100
29.82,200
29.82,500
29.85,200
29.87,100
29.95,300
29.96,100
29.92,308
29.95,700
29.87,200
29.86,200
29.86,500
29.8,202
29.81,1286
29.79,1811
29.88,650
29.98,1510
30.01,3503
29.99,1657
30.08,1601
30.13,7070
30.17,10613
30.03,300
30.07,409
30.05,300
29.94,220
29.92,1578
29.87,3537
29.7,100
29.71,670
29.71,0
29.59,280
29.64,1699
29.52,270
29.58,463
29.52,1296
29.54,613
29.46,190
29.45,1163
29.35,100
29.29,100
29.24,683
29.23,200
29.18,170
29.07,400
29.07,560
28.9,536
29.01,300
28.91,610
28.89,567
28.9,529
29.01,936
28.99,1534
28.99,0
29.2,705
29.3,506
29.18,240
29.17,1531
29.29,524
29.29,815
29.24,8420
29.12,1400
29.18,1425
29.01,225
29.04,1602
29.01,8489
28.99,4349
29.11,1675
29,1893
29.17,1675
29.23,2033
29.1,2846
28.73,1300
28.82,2015
28.93,1433
28.92,1719
28.94,1452
28.94,1148
28.96,1387
28.93,1403
29,882
29.01,1102
29.04,500
29.07,701
29.1,475
29.1,725
29.11,300
29.1,100
29.13,1267
29.1,293
29.15,1025
29.17,650
29.21,1056
29.19,833
29.15,400
29.1,2930
29.09,395
29.17,1060
29.16,391
29.14,3791
29.03,642
29.06,1706
29.19,475
29.19,0
29.18,610
29.17,1655
29.29,657
29.29,111
29.35,1245
29.46,1325
29.56,950
29.64,1162
29.81,938
29.86,3920
30.01,525
30.07,1845
29.99,1100
29.95,521
30.01,1000
30.08,901
30.11,518
30.2,300
30.26,1007
30.26,832
30.36,949
30.39,556
30.43,650
30.42,1020
30.35,973
30.37,1353
30.3,600
30.39,1897
30.3,1351
30.3,709
30.33,498
30.34,1763
30.36,1370
30.22,1000
30.18,6166
29.72,1005
29.88,100
29.87,822
30.03,649
30.13,501
30.11,121
30.02,159
30.02,0
30.05,300
30.17,141
30.14,241
30.14,0
30.21,566
30.3,128
30.31,100
30.31,0
30.31,0
30.2,200
30.2,0
30.2,0
30.07,204
30.07,0
30.07,0
30,103
30,0
30.02,306
30.02,0
30,400
30.02,469
30.02,304
30.07,300
30.05,100
30,452
30.02,264
30.02,0
30.02,0
29.95,203
29.91,1649
29.91,1364
29.82,619
29.72,321
29.67,450
29.76,443
29.86,400
29.87,400
29.83,200
29.83,0
29.85,610
29.94,923
29.92,954
29.8,1939
29.82,700
29.86,300
29.88,200
29.88,300
29.95,850
29.98,729
29.98,722
29.95,400
29.87,300
29.95,300
29.88,374
29.9,200
29.98,400
29.98,775
29.98,2301
30.02,736
29.94,200
29.93,989
29.79,5766
29.79,0
29.88,500
29.87,100
30.01,200
29.95,1576
29.94,1401
29.91,1146
29.9,4735
30.17,600
30.36,525
30.65,1013
30.45,1155
30.36,1792
30.31,3143
30.32,1793
30.28,1127
30.34,610
30.42,600
30.39,400
30.47,720
30.46,2831
30.38,1112
30.33,800
30.51,200
30.43,900
30.34,702
30.31,320
30.31,200
30.24,200
30.24,0
30.25,300
30.3,100
30.27,600
30.22,200
30.27,650
30.21,700
30.23,400
30.21,700
30.12,869
30.08,560
30.09,300
30.07,202
30.05,100
30.12,225
30.23,1279
30.14,1575
30.16,4853
29.95,1329
29.85,200
29.88,200
29.87,1361
29.86,200
29.8,100
29.84,1226
29.79,678
29.76,614
29.77,200
29.79,766
29.79,700
29.82,1044
29.75,600
29.69,100
29.61,1233
29.58,2530
29.61,300
29.48,100
29.53,484
29.49,2300
29.58,699
29.72,730
29.63,1700
29.61,4200
29.61,0
29.66,300
29.56,1261
29.51,455
29.41,601
29.45,100
29.35,200
29.41,800
29.5,200
29.6,1594
29.51,1238
29.35,513
29.42,200
29.42,1354
28.91,712
28.8,522
28.66,300
28.48,500
28.47,1750
28.53,2304
28.57,1500
28.66,1350
28.58,1400
28.54,2328
28.49,1801
28.49,2000
28.46,2018
28.53,1076
28.44,1060
28.53,300
28.46,1450
28.52,2754
28.66,1750
28.57,1011
28.47,1305
28.35,717
28.32,1100
28.33,1301
28.33,1162
28.32,500
28.3,1004
28.33,650
28.43,810
28.41,816
28.48,1182
28.6,2248
28.53,2223
28.54,2420
28.57,2007
28.53,941
28.61,1050
28.53,16204
28.51,5112
28.16,407
28.15,100
28.29,225
28.02,600
27.97,400
28.03,300
27.95,952
27.74,200
27.65,2761
27.68,100
27.66,808
27.67,1000
27.73,303
27.62,1497
27.63,2100
27.58,1600
27.52,1699
27.51,1278
27.52,2414
27.51,400
27.53,1550
27.59,800
27.72,600
27.7,500
27.64,600
27.64,0
27.65,420
27.64,1000
27.58,700
27.66,1300
27.58,610
27.56,900
27.63,6711
27.69,4800
27.66,1800
27.65,1500
27.72,800
27.65,1732
27.6,4168
27.46,297
27.34,300
27.23,2056
27.12,1210
27.26,1400
27.4,500
27.47,1851
27.4,400
27.33,801
27.24,2720
27.37,818
27.34,600
27.34,500
27.25,1100
27.27,499
27.21,1250
27.2,713
27.18,1561
27.21,1770
27.32,300
27.38,600
27.35,1500
27.34,1650
27.34,1616
27.33,1080
27.33,1038
27.24,1700
27.17,1400
27.07,868
27.07,320
27.03,1200
26.97,1832
26.89,1739
26.84,1600
26.81,1030
26.88,1700
26.93,1354
26.81,2802
26.85,5226
26.59,500
26.64,2400
26.64,0
26.83,500
26.82,200
26.93,334
26.98,500
26.93,425
26.77,1542
26.71,501
26.58,712
26.47,1309
26.49,401
26.52,100
26.59,200
26.72,1131
26.76,301
26.81,1460
26.84,100
26.84,200
26.75,400
26.87,100
26.81,300
26.83,700
26.85,500
26.81,500
26.72,440
26.69,300
26.78,300
26.72,1000
26.68,852
26.64,400
26.69,1204
26.76,3670
26.8,2820
26.83,2500
26.87,1500
26.73,2700
26.77,3680
26.67,1248
26.65,729
26.53,400
26.55,2087
26.3,1012
26.53,600
26.59,700
26.59,1182
26.61,391
26.62,1423
26.59,701
26.63,4002
26.71,500
26.7,492
26.71,3580
26.83,2066
26.84,1070
26.96,200
27.02,301
27.03,3012
27.08,2423
27.13,1064
27.21,419
27.28,966
27.35,458
27.27,1746
27.28,3421
27.31,2594
27.37,194
27.33,1050
27.34,964
27.31,200
27.28,900
27.3,492
27.23,1150
27.27,2157
27.33,953
27.4,3777
27.4,5435
26.92,2206
26.84,1588
26.77,2611
26.83,1677
26.84,3445
26.83,1500
26.68,700
26.77,400
26.88,300
26.8,729
26.8,0
26.75,1900
26.78,300
26.75,400
26.77,1233
26.77,0
26.73,700
26.71,800
26.71,1494
26.7,500
26.59,100
26.55,1272
26.59,900
26.58,3060
26.55,6148
26.37,482
26.43,600
26.5,200
26.47,1400
26.55,500
26.52,200
26.52,600
26.65,497
26.62,888
26.65,800
26.72,600
26.71,300
26.67,200
26.68,1862
26.54,1150
26.56,1302
26.5,2000
26.59,300
26.67,603
26.71,1302
26.7,1000
26.71,7435
26.66,416
26.66,1602
26.71,1300
26.84,200
26.82,350
26.86,700
26.8,402
26.82,700
26.84,100
26.93,500
26.93,410
26.96,663
26.97,401
26.96,100
26.87,200
26.86,900
26.88,571
26.85,500
26.79,300
26.83,257
26.84,516
26.9,637
26.9,300
26.9,100
26.87,640
26.91,503
26.93,700
26.91,1690
26.99,100
26.96,893
26.98,2081
26.79,750
26.58,100
26.6,1523
26.92,1200
26.99,672
26.94,900
26.81,348
26.8,400
26.78,650
26.72,200
26.63,100
26.63,679
26.64,200
26.63,342
26.73,400
26.78,400
26.78,0
26.71,900
26.8,735
26.81,444
26.65,400
26.64,500
26.67,660
26.65,500
26.67,366
26.64,100
26.63,100
26.62,100
26.59,700
26.59,460
26.6,629
26.5,750
26.57,978
26.55,607
26.57,723
26.67,300
26.71,400
26.71,749
26.66,3608
26.48,6170
26.94,4083
26.58,1800
26.59,3293
26.42,1901
26.52,5211
26.44,3200
26.46,2300
26.43,4106
26.42,2910
26.39,2515
26.27,5000
26.33,2307
26.26,1549
26.11,600
26.09,985
25.94,100
25.97,500
26.02,2971
26.08,1338
26.19,300
26.26,700
26.3,500
26.27,312
26.3,400
26.26,600
26.29,1059
26.22,1286
26.22,0
26.22,0
26.26,200
26.26,200
26.27,300
26.21,200
26.18,200
26.22,300
26.2,400
26.14,1102
26.11,1877
26.38,500
26.54,700
26.6,400
26.63,1850
26.7,700
26.71,1759
26.67,1179
26.71,600
26.6,1475
26.48,2600
26.52,500
26.61,700
26.63,2146
26.65,3059
26.65,135
26.69,504
26.75,1250
26.75,1608
26.76,1604
26.75,1650
26.81,1716
26.88,1176
26.89,2235
26.95,2767
27.03,1726
27.03,602
26.9,6376
26.94,2125
27.02,1600
27.03,1305
26.96,1000
26.96,600
26.92,1595
26.94,550
26.96,700
26.92,850
26.97,662
26.96,1948
26.94,2936
26.73,825
27,2627
26.9,5450
26.82,2024
26.77,1325
27.03,3233
27.06,3200
27.06,1500
27.03,1300
27.09,1794
27.06,1204
27.07,1180
27.07,400
27.09,750
27.02,300
26.95,400
26.93,801
26.94,698
26.91,300
26.86,601
26.87,969
26.89,501
26.87,500
26.77,606
26.7,600
26.66,856
26.59,500
26.61,550
26.58,428
26.53,1003
26.57,600
26.57,250
26.54,961
26.57,600
26.6,400
26.64,762
26.67,1728
26.69,3620
26.71,1628
27.03,200
27.15,1450
27.15,0
27.19,878
27.05,2354
26.87,4400
26.87,1100
26.99,1004
27.11,400
27.15,600
27.05,1845
26.95,201
26.88,501
26.86,1273
26.81,751
26.86,428
26.88,351
26.88,950
26.86,722
26.85,750
26.79,591
26.89,500
26.91,100
26.91,0
26.91,0
26.91,0
26.97,1048
26.96,1043
26.96,940
26.93,608
26.91,200
26.92,634
27.06,718
27.08,300
27.03,200
26.98,100
27.02,706
27.07,100
27.04,1785
27.43,700
27.78,724
27.79,906
27.78,1603
27.7,779
27.61,1042
27.6,200
27.63,500
27.68,711
27.8,301
27.8,0
27.72,300
27.81,100
27.82,100
27.91,100
27.91,0
27.92,250
27.99,200
27.99,801
28.01,1662
27.99,568
27.96,300
27.92,200
27.97,200
27.94,666
27.94,950
27.94,0
27.83,200
27.67,200
27.72,1300
27.69,275
27.7,300
27.7,100
27.79,555
27.78,633
27.72,400
27.73,409
27.68,500
27.79,1241
27.82,100
27.37,400
27.37,0
27.43,100
27.56,2875
27.52,2570
27.56,450
27.53,478
27.55,1565
27.38,800
27.47,200
27.42,200
27.47,200
27.48,744
27.48,200
27.5,100
27.59,104
27.6,492
27.63,100
27.62,183
27.63,475
27.6,100
27.6,0
27.57,522
27.57,0
27.6,471
27.61,125
27.63,100
27.61,437
27.53,1068
27.55,750
27.65,200
27.65,400
27.64,1800
27.6,1973
27.61,1918
27.61,1100
27.67,500
27.66,3113
27.83,525
27.98,1000
27.94,1505
27.87,1219
27.97,1969
28.05,101
28.05,200
28.27,100
28.27,0
28.24,200
28.2,715
28.2,0
28.28,260
28.3,200
28.37,321
28.37,0
28.41,519
28.47,297
28.41,100
28.33,100
28.35,853
28.4,370
28.43,817
28.35,100
28.35,300
28.35,100
28.31,200
28.33,1731
28.36,2181
28.36,1100
28.4,200
28.39,543
28.41,500
28.39,500
28.41,300
28.38,400
28.39,300
28.44,400
28.42,2145
28.54,621
28.54,403
28.63,847
28.82,780
28.88,362
28.91,740
28.86,590
28.87,300
28.94,1831
29.07,100
28.97,195
28.98,300
28.99,300
28.98,1108
29.04,1501
29.22,1347
29.2,659
29.16,769
29.11,1252
29.09,581
29.19,890
29.17,425
29.17,0
29.25,300
29.26,200
29.17,496
29.1,202
29.2,300
29.17,1075
29.15,300
29.17,3002
29.1,1858
29.13,2720
29.13,0
29.01,300
29,743
28.94,795
28.93,302
28.99,1438
28.97,1100
28.96,1000
28.85,3824
28.74,200
28.75,1100
28.75,157
28.75,0
28.75,0
28.75,0
28.75,0
28.73,800
28.79,100
28.75,100
28.75,0
28.75,0
28.75,0
28.75,0
28.75,0
28.75,0
28.75,0
28.84,100
28.84,0
28.84,0
28.84,0
28.91,200
28.91,714
28.78,900
28.79,879
28.74,500
28.73,179
28.73,100
28.72,301
28.72,0
28.69,100
28.74,100
28.72,200
28.76,100
28.79,100
28.83,621
29.14,300
29.14,0
29.13,201
29.13,200
29.11,100
29.09,100
29.09,0
29.01,100
29.11,200
29.23,300
29.23,0
29.1,410
29.13,100
29.16,300
29.29,100
29.29,0
29.29,0
29.32,100
29.32,0
29.32,0
29.36,200
29.34,500
29.38,503
29.3,100
29.36,100
29.36,0
29.36,0
29.42,100
29.44,476
29.31,200
29.42,291
29.4,300
29.42,100
29.42,0
29.42,576
29.42,650
29.36,100
29.31,301
29.36,2911
29.36,0
29.36,0
29.31,1500
29.08,1200
29.16,3693
29.16,3272
29.09,2500
29.07,500
29.12,800
29.1,100
29.1,1900
29.11,3344
29.1,1901
29.09,2200
29.07,801
29.16,730
29.19,1205
29.28,1196
29.33,300
29.35,550
29.29,200
29.31,500
29.33,300
29.36,100
29.34,553
29.36,354
29.4,504
29.5,204
29.47,607
29.5,427
29.48,956
29.52,1102
29.54,1300
29.5,210
29.48,310
29.44,400
29.51,100
29.55,200
29.53,1366
29.53,0
29.35,300
29.35,0
29.35,0
29.61,400
29.81,300
29.8,738
29.82,200
29.82,800
29.78,460
29.77,1038
29.69,618
29.72,309
29.7,500
29.69,201
29.7,100
29.73,200
29.79,205
29.86,200
29.83,439
29.81,400
29.85,140
29.89,100
29.86,202
29.89,279
29.94,400
29.87,100
29.87,0
29.84,400
29.83,600
29.89,901
29.89,705
29.76,700
29.71,1100
29.74,900
29.7,1210
29.73,1100
29.87,1414
29.8,1951
29.8,0
29.84,860
29.81,1295
29.84,400
29.84,0
29.84,0
30.02,594
29.92,300
29.9,400
29.87,100
29.87,0
30.03,111
30.03,0
30.05,143
30.05,0
30.05,0
30.05,0
29.99,100
29.99,0
30.05,100
30.15,100
30.16,153
30.14,190
30.14,0
30.12,200
30.12,0
30.12,0
30.12,0
30.09,100
30.11,225
30.09,100
30.08,200
30.1,100
30.07,218
30.08,200
30.08,600
30.04,702
30.05,1188
30.08,2879
30.34,626
30.58,559
30.52,400
30.54,510
30.55,700
30.55,601
30.55,0
30.45,400
30.47,300
30.42,100
30.4,104
30.35,300
30.34,1137
30.24,702
30.28,600
30.3,1046
30.31,500
30.31,600
30.3,100
30.28,210
30.28,367
30.2,110
30.14,200
30.08,100
30.17,600
30.11,200
30.11,200
30.11,1000
30.08,100
30.09,200
30.12,400
30.15,400
30.17,1399
30.22,921
30.21,367
30.14,100
30.11,200
30.01,500
30.02,3780
29.77,2025
29.78,409
29.78,0
29.78,0
29.78,0
29.73,100
29.73,0
29.73,0
29.63,100
29.64,630
29.7,525
29.7,0
29.64,349
29.61,100
29.61,0
29.64,500
29.64,200
29.62,100
29.65,200
29.66,300
29.64,100
29.66,206
29.63,400
29.64,300
29.6,100
29.66,500
29.64,800
29.64,550
29.64,475
29.63,200
29.64,600
29.64,685
29.64,300
29.64,0
29.66,475
29.64,116
29.61,853
29.63,362
29.61,270
29.79,860
29.78,300
29.81,373
29.81,0
29.72,300
29.71,300
29.89,100
30.08,200
30.11,710
30.14,110
30.12,475
30.1,100
30.16,200
30.16,0
30.08,457
29.95,507
30.01,1200
29.99,3400
29.98,2317
29.94,600
29.94,0
29.95,500
29.94,300
29.86,500
29.92,929
29.97,29157
30.13,145
30.21,200
30.23,190
30.18,100
30.25,606
30.25,0
30.25,0
30.47,200
30.46,200
30.41,200
30.41,0
30.41,200
30.43,999
30.41,200
30.41,0
30.6,300
30.62,300
30.64,401
30.64,0
30.64,0
30.65,400
30.63,435
30.62,386
30.64,500
30.73,100
30.72,100
30.8,200
30.79,400
30.76,100
30.77,100
30.77,0
30.65,200
30.73,135
30.74,100
30.81,100
30.87,100
30.86,200
30.88,700
30.95,201
30.99,975
30.98,859
30.97,617
30.96,200
30.97,603
30.93,128
30.88,500
30.94,400
30.96,800
30.9,248
30.95,500
30.97,1003
31.03,1896
31.03,0
30.91,134
30.91,0
30.81,100
30.81,0
30.94,100
30.94,0
30.98,191
30.98,0
30.97,100
30.97,0
30.97,0
30.97,0
30.97,0
30.97,0
30.77,800
30.82,300
30.82,200
30.76,900
30.74,676
30.71,400
30.77,200
30.83,600
30.82,100
30.83,345
30.9,100
30.9,500
30.88,549
30.86,200
30.86,500
30.91,200
30.93,100
30.93,200
30.92,690
30.86,392
30.84,300
30.82,451
30.82,0
30.81,1255
30.81,0
30.72,510
30.72,0
30.71,113
30.63,100
30.63,0
30.58,800
30.59,3677
30.64,708
30.64,100
30.66,1317
30.75,900
30.77,108
30.77,0
30.7,585
30.74,1202
30.77,1221
30.81,2800
30.78,870
30.81,1000
30.83,400
30.92,100
30.93,200
30.96,200
30.99,668
31.02,200
31.03,100
31.06,256
30.96,500
30.93,1300
30.93,100
30.95,200
30.94,1100
30.93,800
30.93,606
30.91,1402
30.89,816
30.93,2300
30.85,5597
31,200
31,400
30.99,600
30.99,0
31.06,500
31.11,917
31.1,1690
31.02,1900
30.96,2022
30.98,400
30.86,100
30.8,1006
30.8,400
30.8,100
30.79,100
30.74,424
30.73,900
30.68,440
30.69,565
30.66,600
30.64,301
30.74,100
30.74,0
30.81,500
30.83,1100
30.86,2210
30.9,1200
30.92,800
30.95,200
30.88,700
30.9,200
30.89,200
30.96,100
30.93,200
30.93,200
30.94,700
31.01,500
31.05,707
30.99,1934
30.99,0
30.99,0
30.99,0
30.99,0
30.99,0
30.82,100
30.81,100
30.7,200
30.7,0
30.69,300
30.69,0
30.69,0
30.7,100
30.7,0
30.74,100
30.74,0
30.71,200
30.71,0
30.65,200
30.65,0
30.64,300
30.57,470
30.54,100
30.49,100
30.5,324
30.41,200
30.41,110
30.42,100
30.36,500
30.36,200
30.36,401
30.36,0
30.34,200
30.39,200
30.28,1989
30.29,300
30.36,700
30.35,901
30.37,1100
30.34,114
30.34,0
30.34,0
30.32,105
30.36,200
30.42,100
30.39,100
30.39,0
30.36,150
30.42,150
30.42,0
30.42,200
30.42,100
30.41,100
30.34,200
30.34,0
30.34,408
30.34,300
30.36,200
30.32,200
30.32,0
30.24,200
30.24,218
30.3,200
30.3,0
30.21,300
30.14,300
30.13,300
30.09,100
30.09,0
30.02,100
30.05,300
30.06,100
30.1,100
30.12,402
30.12,100
30.17,225
30.2,200
30.11,902
30.13,100
30.13,0
30.19,450
30.23,838
30.32,1711
30.34,248
30.34,0
30.48,100
30.48,0
30.6,200
30.64,406
30.68,704
30.67,200
30.67,0
30.73,100
30.72,212
30.64,100
30.64,400
30.58,100
30.49,100
30.49,0
30.57,100
30.57,0
30.44,100
30.46,212
30.46,0
30.41,342
30.33,400
30.3,1078
30.28,1217
30.26,1724
30.31,2582
30.23,400
30.2,624
30.22,500
30.38,1300
30.39,200
30.41,117
30.4,1007
30.23,100
30.2,200
30.16,300
29.92,183
29.92,0
29.93,638
29.98,500
29.9,824
29.87,1000
29.9,500
29.89,2500
29.95,1000
30.01,2200
30.02,1265
29.94,400
29.92,600
29.84,400
29.78,200
29.74,400
29.75,100
29.76,200
29.81,500
29.74,400
29.65,100
29.63,210
29.68,500
29.6,300
29.57,900
29.67,200
29.61,100
29.61,924
29.76,700
29.73,700
29.8,2225
29.92,826
29.83,200
29.9,1594
29.92,3528
29.76,3854
30,217
30.08,500
30.08,0
30.08,0
29.77,471
29.77,0
29.94,224
29.95,632
30.12,100
30.13,400
30,100
30,0
29.86,1600
29.85,402
29.93,150
29.98,150
29.98,0
29.98,600
30,300
29.98,300
29.98,0
29.98,0
29.98,0
30.05,200
30.05,102
30.08,100
30.08,0
30.14,482
30.1,703
30.09,300
30.04,320
30.02,200
30.02,0
30.02,0
30.09,150
30.09,0
30.05,200
30.05,0
30.05,1037
29.91,113
29.91,0
30.15,230
30.11,1256
30.13,1138
30.28,200
30.3,300
30.3,640
30.23,100
30.23,1000
30.23,0
30.24,400
30.24,400
30.19,100
30.19,0
30.11,200
30.07,100
30.07,0
30.21,100
30.21,0
30.33,400
30.33,0
30.07,100
30.1,400
30.1,200
30.09,129
30.09,0
29.98,100
29.98,0
29.93,320
29.95,715
29.95,0
29.95,0
29.95,0
29.95,0
30.13,100
30.07,300
30.09,200
30.07,810
29.82,1014
29.73,200
29.69,100
29.71,600
29.67,649
29.51,100
29.48,300
29.48,100
29.48,0
29.48,0
29.7,400
29.71,1300
29.72,800
29.69,200
29.69,0
29.65,100
29.65,300
29.58,384
29.48,100
29.56,100
29.54,300
29.57,100
29.57,0
29.76,600
29.73,309
29.73,0
29.73,0
29.73,0
29.77,203
29.77,0
29.77,0
29.71,400
29.73,200
29.78,834
29.74,100
29.78,1200
29.92,213
29.82,200
29.8,1458
29.89,100
29.59,200
29.59,0
29.67,100
29.66,212
29.66,0
29.66,100
29.7,100
29.72,200
29.72,0
29.72,0
29.72,0
29.74,200
29.66,100
29.67,300
29.67,0
29.64,100
29.62,300
29.64,810
29.61,262
29.8,860
29.8,0
29.62,100
29.66,100
29.66,0
29.42,209
29.42,0
29.47,304
29.47,0
29.65,580
29.58,400
29.59,200
29.59,400
29.66,1357
29.6,1450
29.58,1233
29.58,606
29.59,1896
29.63,3579
29.43,240
29.39,260
29.39,0
29.39,0
29.39,0
29.39,0
29.35,200
29.36,100
29.32,336
29.32,0
29.32,0
29.32,0
29.04,300
29.04,0
29.04,0
29.04,0
29.04,0
29.04,350
29.04,0
29.04,0
29.04,0
28.99,200
28.95,100
28.95,0
28.82,146
28.8,200
28.84,100
28.84,0
28.81,340
28.81,0
28.77,413
28.77,0
28.82,300
28.82,0
28.82,100
28.85,100
28.85,1300
28.95,200
28.93,139
29.36,1179
29.55,200
29.67,3145
29.66,100
29.67,891
29.6,1110
29.56,900
29.64,100
29.66,700
29.61,900
29.55,250
29.47,2257
29.44,600
29.42,206
29.49,100
29.49,0
29.49,0
29.49,0
29.58,373
29.59,500
29.59,0
29.62,500
29.62,321
29.61,707
29.63,500
29.48,274
29.44,250
29.37,2239
29.45,200
29.45,500
29.46,450
29.42,200
29.43,986
29.35,485
29.3,1538
29.27,2700
29.13,1938
29.15,1760
29.24,1872
29.24,0
29.4,100
29.38,1306
29.38,304
29.41,1712
29.44,673
29.42,100
29.44,1803
29.25,200
29.23,100
29.26,134
29.26,0
29.21,147
29.18,2547
29.24,100
29.16,194
29.12,200
29.12,0
29.26,100
29.28,400
29.28,0
29.41,102
29.45,100
29.38,100
29.38,0
29.42,250
29.37,400
29.38,600
29.42,100
29.46,260
29.46,0
29.45,300
29.48,100
29.56,100
29.51,600
29.55,695
29.62,400
29.61,1235
29.6,2658
29.6,0
29.6,0
29.57,100
29.57,0
29.57,0
29.55,200
29.56,201
29.51,800
29.59,200
29.59,0
29.51,300
29.6,600
29.51,111
29.51,0
29.55,321
29.58,100
29.55,200
29.55,0
29.57,200
29.57,0
29.57,0
29.57,615
29.57,0
29.63,100
29.63,0
29.59,432
29.58,186
29.58,564
29.59,702
29.57,369
29.57,0
29.58,300
29.54,400
29.54,1454
29.54,1368
29.59,206
29.59,2016
29.58,6050
29.6,8527
29.43,200
29.43,0
29.72,300
29.72,1100
29.72,0
30.05,1326
29.88,430
29.75,118
29.73,600
29.84,463
29.92,429
30,200
29.85,100
29.89,703
29.89,426
29.88,300
29.91,337
29.91,0
29.98,100
29.96,200
29.98,602
29.99,200
30.09,100
30.03,200
30.05,383
30,614
30.11,566
30.11,200
30.12,419
30.16,650
30.15,949
30.15,0
30.15,0
30.19,100
30.19,0
30.25,343
30.22,100
30.26,100
30.16,1500
29.88,201
29.76,420
29.73,100
29.74,362
29.74,0
29.71,302
29.71,0
29.72,451
29.73,200
29.73,0
29.73,0
29.73,0
29.85,200
29.86,180
29.91,100
29.86,323
29.8,200
29.79,100
29.83,265
29.86,103
29.86,0
29.86,0
29.86,0
29.86,0
29.93,300
29.98,100
30.07,305
30.07,0
30.07,0
30.09,174
30.2,300
30.2,0
30.2,0
30.2,0
30.2,0
29.95,300
29.95,0
30.06,200
30.05,741
30.05,0
29.54,300
29.55,100
29.55,0
29.55,0
29.55,0
29.55,0
29.73,100
29.73,0
29.68,100
29.65,100
29.67,100
29.67,100
29.67,0
29.71,263
29.73,1300
29.73,0
29.73,0
29.73,0
29.77,200
29.79,103
29.81,203
29.81,0
29.81,0
29.79,100
29.81,100
29.81,0
29.85,104
29.85,0
29.85,0
29.86,200
29.86,0
29.86,0
29.83,100
29.86,150
29.71,100
29.71,0
29.69,304
29.7,300
29.7,0
29.7,0
29.63,100
29.72,100
29.72,0
29.72,0
29.72,0
29.72,0
29.81,200
29.79,100
29.79,200
29.82,100
29.82,0
29.84,200
29.84,0
29.84,0
29.91,300
29.92,465
29.92,0
29.92,0
29.86,200
29.83,100
29.83,0
29.83,0
29.83,0
29.93,100
29.93,0
30.04,100
30.07,200
30.07,0
30.14,204
30.14,0
30.3,100
30.26,100
30.26,0
30.16,200
30.14,100
30.11,100
30.11,677
30.11,0
30.11,0
30.11,0
30.11,0
29.67,100
29.69,300
29.69,0
29.69,0
29.69,0
29.72,200
29.69,100
29.73,205
29.72,100
29.72,0
29.69,200
29.69,0
29.69,0
29.67,200
29.67,0
29.66,400
29.66,0
29.66,0
29.66,0
29.66,0
29.67,100
29.65,100
29.62,100
29.66,100
29.62,304
29.65,300
29.65,0
29.65,0
29.65,0
29.65,0
29.65,0
29.65,0
29.65,0
29.64,300
29.68,875
29.67,315
29.67,0
29.67,0
29.71,100
29.54,735
29.54,0
29.51,976
29.59,100
29.59,0
29.66,200
29.59,400
29.59,0
29.61,100
29.61,585
29.62,100
29.62,0
29.62,0
29.78,460
29.78,0
29.78,0
29.78,0
29.78,0
29.9,200
29.9,0
29.9,0
29.83,100
29.76,400
29.76,0
29.66,100
29.66,0
29.58,100
29.58,0
29.58,0
29.58,0
29.58,0
29.52,300
29.54,300
29.54,700
29.54,1209
29.54,0
29.88,200
30.12,100
30.12,0
30.12,0
30.04,100
30.04,0
29.86,329
29.66,100
29.62,400
29.54,500
29.52,400
29.54,100
29.5,299
29.54,300
29.46,200
29.35,200
29.42,1000
29.44,908
29.54,400
29.49,300
29.58,300
29.53,200
29.54,300
29.52,300
29.52,0
29.61,700
29.63,300
29.61,200
29.65,650
29.7,505
29.79,973
29.82,821
29.82,200
29.82,0
29.75,100
29.71,999
29.63,500
29.62,300
29.31,200
29.12,1418
28.97,823
29.23,400
29.18,1164
29.17,407
29.04,100
29.04,200
29.04,0
28.93,500
29.06,204
29.08,802
29.17,100
29.17,206
29.1,200
29.13,613
29.09,100
29.07,200
29.05,201
28.95,166
28.98,100
28.98,0
28.9,200
28.98,122
28.98,0
28.98,0
29,100
29.01,211
29.2,200
29.22,2745
29.22,0
29.22,0
29.33,100
29.35,282
29.31,400
29.31,0
29.22,999
29.27,200
29.42,1661
29.89,100
29.89,0
29.93,300
30.03,750
30.12,300
30.05,636
30.04,1603
29.7,250
29.63,244
29.63,339
29.63,600
29.58,200
29.51,600
29.57,100
29.59,227
29.54,100
29.55,500
29.53,200
29.57,1050
29.55,300
29.58,304
29.57,200
29.54,100
29.55,400
29.55,0
29.55,0
29.55,0
29.46,100
29.4,122
29.38,300
29.43,329
29.43,0
29.24,1100
29.23,300
29.14,759
29.29,2332
29.29,3435
29.27,3835
29.3,3878
29.3,0
29.3,0
29.04,127
28.97,600
29.02,300
28.97,1506
29.03,300
29.15,478
29.1,481
29.25,100
29.3,300
29.3,0
29.15,200
29.13,125
29.09,201
29.09,0
29.21,100
29.24,210
29.17,499
29.17,0
29.16,167
29.21,400
29.18,204
29.12,200
29.12,0
29.03,453
29.02,100
29.02,0
28.94,100
28.94,0
28.9,495
28.88,300
28.83,200
28.76,300
28.76,0
28.74,303
28.78,200
28.81,331
28.78,1923
28.96,1004
29.03,2080
29.31,2488
29.36,480
29.32,1754
29.37,1750
29.15,6962
29.21,300
29.21,0
29.21,600
29,525
29.03,100
28.97,100
29,400
29.25,100
29.27,1200
29.19,200
29.15,150
29.22,200
29.28,100
29.29,200
29.23,100
29.23,0
29.17,100
29.17,0
29.17,0
29.09,600
29.1,400
29.1,0
29.11,500
29.06,354
29.14,203
29.1,100
29.26,1602
29.09,2426
29.04,600
28.95,1152
28.99,757
29,1952
28.87,205
28.72,225
28.67,100
28.67,100
28.67,0
28.56,1000
28.56,200
28.54,625
28.53,1303
28.55,319
28.55,100
28.55,983
28.55,0
28.55,800
28.57,100
28.65,200
28.79,500
28.71,300
28.72,100
28.75,250
28.91,200
28.91,0
28.85,100
28.87,300
28.84,300
28.81,100
28.84,900
29.02,421
28.98,200
29.09,300
29.09,100
29.05,1556
29.22,100
29.26,1422
29.16,1206
29.23,300
29.2,837
29.17,751
29.14,1017
29.18,100
29.18,0
29.19,500
29.21,100
28.86,732
28.86,0
29,500
29.15,100
29.15,0
29.15,0
29.31,200
29.31,0
29.43,810
29.29,200
29.46,300
29.46,0
29.49,128
29.45,100
29.43,400
29.43,0
29.43,0
29.5,600
29.52,300
29.65,200
29.64,720
29.56,1412
29.56,0
29.51,3879
29.52,700
29.43,203
29.43,0
29.55,200
29.59,300
29.63,100
29.61,1801
29.61,870
29.45,300
29.45,700
29.37,1400
29.37,0
29.41,200
29.47,100
29.5,400
29.54,400
29.54,0
29.54,0
29.48,400
29.48,0
29.5,300
29.5,0
29.5,0
29.5,0
29.5,0
29.5,0
29.73,100
29.73,0
29.67,100
29.67,0
29.67,0
29.67,0
29.67,0
29.67,0
29.67,0
29.67,0
29.67,0
29.67,0
29.67,0
29.67,0
29.67,0
29.97,100
29.98,200
29.98,0
29.98,0
29.98,0
30.02,200
30.02,0
29.89,100
29.87,421
29.77,100
29.74,226
29.74,0
29.5,400
29.17,949
29.07,200
29.1,297
29.18,100
29.06,441
29.06,0
29.07,733
29.1,100
28.96,200
29.02,600
29.02,0
28.92,100
28.92,0
28.92,0
29.04,100
29.04,0
29.03,100
29.03,0
28.97,100
28.98,100
28.98,0
28.93,298
28.93,668
28.95,300
28.95,0
28.95,100
28.87,100
28.82,200
28.86,399
28.88,100
28.94,433
28.94,100
28.87,400
28.86,100
28.83,200
28.83,0
28.84,1787
28.95,500
28.95,0
28.8,387
28.87,300
28.87,0
29.06,128
29.06,0
29.09,170
29.09,0
29.09,0
29.16,100
29.16,0
29.34,100
29.36,300
29.36,0
29.11,100
29.11,0
29.11,0
29.11,0
29.11,0
29.14,500
29.19,608
29.15,200
29.12,101
29.07,100
29.07,0
29.07,0
29.07,0
29.25,100
29.32,100
29.32,0
29.34,300
29.34,309
29.34,0
29.16,100
29.15,162
29.19,504
29.25,100
29.25,0
29.25,0
29.25,0
29.29,100
29.29,0
29.33,100
29.33,0
29.28,200
29.31,200
29.31,0
29.36,100
29.36,0
29.28,200
29.26,593
29.2,500
29.2,0
29.2,0
29.2,0
29.2,0
29.19,200
29.13,200
28.97,580
29.03,200
29.03,0
29.04,200
29.04,0
28.95,263
28.95,357
29.02,100
29.02,0
28.95,647
28.99,262
28.81,400
28.81,0
28.63,357
28.73,600
28.67,885
28.64,600
28.64,0
28.64,0
28.16,100
28.33,200
28.26,500
28.26,0
28.26,0
28.04,200
28.04,0
28.2,100
28.2,0
28.2,0
28.35,200
28.4,2077
28.2,1550
28.2,301
28.14,900
28.16,1332
28.22,1767
28.22,1000
28.06,500
27.94,1500
27.91,900
27.85,997
27.9,846
27.78,700
27.82,100
27.86,700
28.13,1000
28.04,800
28.06,400
28.14,501
28.2,700
28.26,1070
28.2,469
28.1,317
28.08,578
28.02,200
27.99,992
28.03,200
28.03,0
28.25,485
28.26,301
28.18,100
27.92,100
28.06,100
28.07,240
28.05,300
28.34,100
28.34,0
28.34,0
28.26,400
28.01,250
27.91,188
27.91,0
27.91,0
28.11,100
28.06,200
28.06,0
28.06,0
28.01,264
28.01,0
28.01,0
28.01,0
27.93,400
27.96,100
28,100
27.93,300
27.96,300
27.98,500
28.13,100
28.21,900
28.12,888
28.04,1317
27.99,848
28.02,100
27.97,500
27.96,1084
28.51,400
28.43,430
28.46,100
28.46,0
28.52,500
28.48,300
28.53,100
28.6,200
28.77,100
28.62,200
28.64,300
28.64,0
28.7,200
28.7,0
28.54,200
28.45,100
28.45,0
28.45,0
28.42,100
28.51,200
28.51,0
28.29,250
28.19,100
28.13,190
28.13,0
28.22,100
28.26,100
28.25,200
28.18,200
28.18,0
28.18,0
28.18,0
28.16,120
28.16,0
28.02,100
28.07,245
28.19,301
28.29,200
28.3,687
27.83,600
27.65,100
27.74,400
27.63,256
27.55,881
27.55,0
27.44,800
27.34,400
27.25,700
27.44,100
27.44,0
27.38,425
27.39,525
27.47,301
27.31,100
27.36,329
27.13,201
27.12,200
27.26,300
27.3,100
27.26,300
27.17,598
27.21,100
27.21,0
27.38,100
27.33,201
27.33,0
27.45,401
27.45,0
27.64,601
27.86,100
27.8,300
27.72,100
27.77,400
27.63,860
27.67,810
27.77,900
27.69,1000
27.67,2088
27.67,0
27.42,1100
27.42,0
27.51,200
27.51,0
27.31,611
27.49,600
27.69,400
27.88,500
27.92,1068
28,448
27.99,342
28.18,400
28.21,100
28.18,690
28.26,400
28.26,0
28.26,900
28.23,200
28.2,263
28.31,300
28.4,100
28.45,100
28.45,0
28.38,100
28.4,100
28.41,100
28.38,222
28.39,200
28.39,0
28.25,100
28.33,101
28.33,0
28.37,100
28.37,0
28.4,200
28.34,100
28.4,329
28.4,2365
28.4,0
28.4,0
28.4,0
28.2,100
28.2,0
28.2,0
28.2,0
28.2,0
28.2,0
28.2,0
27.84,100
27.84,0
27.69,200
27.69,0
27.77,200
27.77,0
27.77,0
27.78,170
28.03,897
28.03,0
28.03,0
28.03,0
27.79,100
27.79,0
27.79,0
27.79,0
27.92,100
27.88,100
27.96,275
28.06,300
28.17,200
28.17,204
28.06,200
28.06,0
28.14,361
28.25,400
28.15,100
28.16,2351
28.16,6213
28.23,803
28.25,442
28.41,100
28.41,0
28.41,0
28.41,0
28.41,0
28.13,100
28.23,108
28.2,200
28.04,300
28.02,100
28.03,100
28.03,0
28.03,0
28.03,0
27.98,100
27.98,200
28.05,100
28.08,200
28.15,200
28.15,164
28.26,600
28.25,398
28.25,0
28.25,0
28.25,0
28.2,100
28.18,220
28.25,200
28.21,100
28.21,0
28.33,300
28.33,0
28.33,293
28.42,300
28.38,681
28.41,445
28.44,1154
28.54,700
28.58,100
28.58,0
28.58,0
28.22,100
28.13,363
28.1,245
28.15,100
28.26,345
28.25,331
28.36,100
28.33,300
28.3,400
28.13,300
28.13,0
28.13,0
28.13,0
28.16,100
28.18,305
28.14,200
28.17,100
28.17,0
28.12,300
28.16,440
28.16,0
28.16,0
28.13,247
28.11,100
28.22,600
28.22,0
28.26,100
28.22,100
28.22,0
28.2,451
28.11,500
28.11,0
28.09,200
28.12,369
28.06,680
28.06,500
28.04,249
27.92,900
27.92,0
28.17,200
28.17,0
28.34,100
28.34,0
28.33,100
28.33,0
28.23,100
28.23,0
28.23,0
28.23,0
28.23,0
28.23,0
28.23,0
28.23,0
28.23,0
28.13,100
28.13,0
28.13,0
28.13,0
28.1,100
28.1,0
28.1,0
28.1,0
28.36,100
28.27,300
28.27,0
28.22,913
28.19,988
28.16,100
27.98,100
27.99,225
28.23,500
28.23,0
28.23,0
27.99,700
27.89,100
27.89,0
27.89,0
28.2,100
28.2,438
28.08,100
28.13,510
28.17,500
28.17,800
28.15,200
28.15,0
28.15,0
28.15,100
28.15,0
28.15,200
28.08,208
28.12,409
28.1,200
28.1,0
28.03,100
28.05,100
28.05,0
28.05,0
27.9,100
27.9,0
27.9,0
27.84,100
27.86,100
27.86,100
27.71,200
27.63,471
27.62,100
27.61,379
27.72,1951
27.68,600
27.49,917
27.52,1200
27.54,3221
27.59,3863
27.59,0
27.31,100
27.31,0
27.54,300
27.54,500
27.51,406
27.58,200
27.47,100
27.47,0
27.45,100
27.28,100
27.31,100
27.27,860
27.28,538
27.28,0
27.37,500
27.37,0
27.37,200
27.37,0
27.59,128
27.59,0
27.68,400
27.68,0
27.68,1850
27.63,700
27.66,6244
27.47,800
27.47,0
27.51,200
27.6,200
27.61,100
27.61,0
27.61,300
27.59,300
27.57,200
27.61,300
27.62,682
27.59,100
27.6,1538
27.76,300
27.94,100
27.91,300
27.92,200
27.92,0
27.92,0
27.98,104
27.99,200
27.96,100
27.91,300
27.98,300
27.92,200
28.02,300
28.03,300
28.05,100
27.98,100
27.98,0
28.1,400
28.11,100
28.07,700
28.05,200
28.08,200
28.06,600
28.04,600
28,1046
28,0
28,300
27.99,100
27.98,200
27.96,200
27.9,400
27.9,0
27.85,300
27.83,300
27.83,1000
27.82,700
27.87,625
27.92,1069
27.93,1808
27.93,0
27.93,0
28.02,100
28.02,0
28.06,100
28.01,838
27.93,350
27.99,821
28.03,240
28,333
28.1,353
28.13,214
28.13,0
28.13,0
28.14,100
28.15,300
28.09,100
28.04,259
28.04,0
27.92,400
27.86,348
27.85,300
27.88,516
27.88,0
27.87,100
27.87,497
27.87,0
27.87,0
27.91,100
27.91,0
27.95,206
28.01,300
28.04,350
28.06,300
28.08,400
28.1,300
28.1,0
28.07,500
28.1,700
28.26,100
28.26,0
28.26,0
28.26,0
28.26,0
28.4,200
28.4,0
28.4,0
28.4,0
28.43,100
28.4,200
28.4,0
28.4,0
28.52,700
28.55,512
28.54,723
28.5,100
28.57,800
28.61,340
28.61,0
28.61,0
28.57,100
28.57,0
28.57,0
28.69,200
28.67,144
28.67,0
28.56,100
28.56,0
28.56,0
28.69,400
28.78,518
28.81,1400
28.78,300
28.67,600
28.7,400
28.7,0
28.74,100
28.8,1435
28.8,0
29.12,4479
29.24,908
29.15,400
29.15,400
29.18,100
29.22,300
29.22,100
29.22,300
29.15,200
29.22,488
29.22,0
29.22,0
29.12,300
29.05,600
29.01,418
28.99,200
29.01,100
29.01,0
28.98,100
28.98,0
28.95,200
28.97,100
28.97,0
28.97,0
28.97,0
29.01,200
29.01,100
29.09,100
29.14,200
29.14,0
29.02,200
29.02,0
29.01,335
29.01,0
28.95,100
29.01,188
28.95,263
28.93,620
28.93,0
29.29,200
29.25,100
29.29,100
29.29,0
29.29,0
29.29,100
29.29,0
29.32,690
29.32,0
29.39,260
29.39,0
29.32,100
29.3,100
29.3,0
29.3,0
29.34,300
29.34,0
29.3,201
29.3,0
29.3,0
29.41,500
29.41,0
29.41,0
29.41,0
29.36,230
29.36,0
29.41,259
29.41,401
29.42,1400
29.41,2018
29.41,767
29.31,200
29.2,600
29.2,0
29.39,906
29.39,500
29.3,701
29.39,504
29.37,400
29.38,300
29.45,100
29.45,0
29.45,0
29.64,600
29.65,100
29.59,300
29.53,300
29.47,100
29.55,200
29.55,0
29.59,200
29.58,218
29.66,100
29.71,400
29.75,400
29.75,0
29.77,500
29.77,0
29.67,400
29.67,0
29.69,100
29.72,300
29.64,565
29.58,500
29.58,0
29.6,100
29.62,200
29.63,100
29.58,771
29.58,0
29.65,200
29.7,100
29.63,100
29.62,100
29.64,200
29.64,0
29.64,333
29.69,341
29.55,158
29.55,0
29.55,0
29.55,0
29.55,0
29.55,0
29.3,300
29.3,0
29.37,200
29.3,1199
29.29,878
29.35,1204
29.36,300
29.29,100
29.2,100
29.2,0
29.19,100
29.13,100
29.09,200
29.08,200
29.14,800
29.12,839
29.19,118
29.19,200
29.19,200
29.19,0
29.2,519
29.13,100
29.13,0
29.15,200
29.15,600
29.1,1060
29.08,100
29.04,314
29.07,363
29.09,400
29.14,1472
29.13,1355
29.22,100
29.31,400
29.31,0
29.24,120
29.18,100
29.31,100
29.3,168
29.24,100
29.22,1676
29.15,100
29.15,0
29.22,100
29.22,0
29.22,0
29.22,0
29.24,100
29.24,0
29.24,0
29.15,197
29.22,100
29.22,0
29.25,100
29.24,397
29.24,0
29.29,400
29.3,100
29.29,200
29.32,200
29.31,102
29.28,100
29.27,200
29.27,0
29.27,0
29.34,432
29.36,100
29.36,0
29.34,300
29.34,0
29.28,526
29.38,400
29.38,0
29.37,100
29.47,300
29.47,0
29.47,0
29.62,200
29.59,100
29.58,100
29.58,0
29.58,0
29.6,100
29.63,100
29.63,0
29.63,0
29.75,100
29.75,0
29.66,100
29.66,0
29.76,568
29.75,200
29.75,0
29.75,0
29.75,0
29.75,0
29.75,0
29.75,0
29.61,200
29.63,500
29.51,236
29.6,400
29.6,200
29.57,1100
29.59,100
29.55,320
29.38,458
29.45,200
29.49,726
29.57,2061
29.28,600
29.28,0
29.28,0
29.28,0
29.28,0
29.28,0
29.45,600
29.34,100
29.34,0
29.34,0
29.36,100
29.41,100
29.3,100
29.3,0
29.3,0
29.3,0
29.12,300
29.12,0
29.24,100
29.33,100
29.33,0
29.33,0
29.33,0
29.33,0
29.46,100
29.43,472
29.46,104
29.4,100
29.47,100
29.51,400
29.55,200
29.54,400
29.54,600
29.67,200
29.66,1074
29.67,400
29.62,200
29.62,200
29.7,1718
29.76,100
29.81,268
29.84,100
29.84,0
29.84,0
29.81,200
29.81,0
29.81,0
29.81,0
29.94,100
29.94,0
29.94,0
29.94,0
29.91,100
29.91,0
29.9,200
29.9,0
29.9,0
29.97,100
29.97,0
29.97,0
30.1,340
30.1,0
30.1,0
30.12,100
30.12,0
30.12,0
30.12,0
30.12,0
30.17,200
30.17,0
30.17,0
30.25,100
30.25,500
30.28,100
30.28,500
30.31,400
30.36,853
30.31,2383
29.73,3988
29.96,5704
30.04,900
30.08,300
30.08,0
30.08,0
30.08,0
30.37,200
30.4,964
30.1,1981
30.09,490
30.21,1403
30.23,200
30.23,0
30.39,317
30.28,572
30.26,1101
30.2,821
30.27,625
30.09,400
30.16,211
30.2,711
30.33,1141
30.46,522
30.44,300
30.44,0
30.33,200
30.27,455
30.35,200
30.34,200
30.25,300
30.23,500
30.21,1545
30.05,1452
30.17,953
30.06,2970
30,901
30.11,800
30.15,8073
30.3,1100
30.53,625
30.62,406
30.59,334
30.59,0
30.84,628
30.94,420
30.87,408
30.86,300
30.86,0
30.91,1406
30.93,142
30.95,300
31.02,201
31.02,0
31.06,180
31.1,300
31.13,100
31.1,100
31.13,100
31.13,0
31.16,100
31.21,313
31.22,100
31.22,0
31.18,100
31.21,600
31.35,702
31.4,1140
31.4,286
31.33,1955
31.38,1506
31.4,269
31.4,300
31.43,706
31.4,909
31.41,1748
31.42,213
31.42,6746
31.42,0
31.39,900
31.39,0
31.39,0
31.39,0
31.39,0
31.53,126
31.54,900
31.47,100
31.37,100
31.37,0
31.37,0
31.46,100
31.35,648
31.35,100
31.35,0
31.32,412
31.2,700
31.21,100
31.2,300
31.13,600
31.21,100
31.24,300
31.24,0
31.16,600
31.14,500
31.14,100
31.15,400
31.14,234
31.13,699
31.12,234
31.13,100
31.16,1521
31.16,778
31.14,1117
31.14,661
31.15,100
31.26,325
31.28,1000
31.14,200
31.14,100
30.89,215
30.89,0
30.95,100
30.95,0
30.95,0
31.1,100
31.1,0
31.1,0
31.1,0
31.1,0
30.97,100
30.84,600
30.85,300
30.88,1204
30.88,0
30.75,300
30.71,601
30.61,800
30.66,536
30.69,100
30.7,100
30.7,0
30.72,200
30.72,0
30.72,0
30.69,400
30.7,100
30.7,0
30.7,0
30.7,0
30.7,0
30.8,100
30.77,200
30.9,100
30.9,0
30.94,200
31.02,1739
31.02,0
31.31,254
31.31,0
31.24,100
31.4,100
31.4,0
31.4,200
31.43,200
31.35,250
31.35,0
31.18,500
31.16,300
31.31,140
31.36,100
31.31,300
31.31,0
31.35,300
31.42,100
31.42,492
31.42,200
31.49,100
31.5,100
31.49,556
31.42,200
31.42,0
31.44,327
31.44,0
31.31,102
31.31,0
31.31,0
31.26,338
31.16,100
31.16,0
31.25,100
31.25,0
31.28,100
31.25,200
31.21,800
31.17,2090
31.17,0
31.17,0
31.13,200
31.13,0
31.2,100
31.2,0
31.2,0
31.36,100
31.28,126
31.19,100
31.18,100
31.18,0
31.19,100
31.18,310
31.18,0
31.18,0
31.13,100
31.13,0
31.08,125
31.01,100
31.06,100
31.06,0
31.09,100
31.09,0
31.09,0
31.09,0
31.03,100
31.03,0
31.03,0
31.03,0
30.94,325
30.9,125
30.9,0
30.87,100
30.83,100
30.79,501
30.79,0
30.79,400
30.88,830
30.88,0
30.88,0
30.88,0
30.84,400
30.9,200
30.9,0
30.85,200
30.85,0
30.85,0
30.76,100
30.76,0
30.76,0
30.97,100
30.97,0
30.97,0
30.97,0
30.97,0
30.92,100
30.92,0
30.98,100
31.08,242
31.08,0
31.08,0
31.08,0
31.08,0
30.97,100
30.98,200
30.95,1791
30.92,700
30.88,1212
30.89,1033
30.86,2384
30.81,200
30.81,426
30.79,725
30.74,795
30.79,1737
30.81,3155
30.82,7915
30.82,0
30.82,0
30.61,100
30.58,100
30.66,236
30.66,0
30.73,100
30.73,0
30.73,0
30.68,300
30.68,0
30.68,0
30.68,0
30.68,0
30.68,0
30.68,0
30.68,0
30.68,0
30.68,0
30.68,0
30.68,0
30.68,0
30.68,0
30.68,0
30.97,300
30.97,500
30.95,100
30.95,0
30.97,600
30.87,100
30.89,100
30.9,600
30.87,406
30.88,100
30.79,725
30.72,200
30.83,516
30.73,206
30.69,536
30.69,0
30.77,241
30.86,100
30.86,0
30.86,0
31.07,281
31.06,100
31.13,964
31.07,718
31.07,100
31.11,403
31.05,300
30.99,200
31.03,300
30.98,200
30.98,0
30.98,0
30.86,400
30.93,200
30.93,0
30.85,100
30.85,0
30.86,102
30.84,306
30.87,200
30.84,400
30.89,296
30.9,100
30.94,200
30.91,100
30.86,365
30.81,100
30.83,200
30.83,0
30.83,0
30.81,400
30.77,349
30.76,514
30.75,1920
30.66,100
30.66,0
30.66,0
30.66,0
30.66,0
30.66,0
30.29,200
30.35,200
30.35,0
30.47,100
30.46,1153
30.46,700
30.35,800
30.34,600
30.39,2901
30.37,1049
30.25,605
30.34,535
30.28,925
30.36,600
30.27,1200
30.29,929
30.25,1200
30.2,458
30.15,639
30.14,500
30.11,512
30.05,500
30.05,500
30.04,400
30.07,207
30.06,1099
30.05,800
30.05,0
30.05,700
30.1,1100
30.14,1600
30.09,1601
30.1,3224
30.1,0
30.1,0
30.1,0
30.06,367
30.11,872
30.11,0
30.15,230
30.12,400
30.15,266
30.15,0
30.31,100
30.2,400
30.2,0
30.28,372
30.25,255
30.32,748
30.32,0
30.32,0
30.37,210
30.37,304
30.37,0
30.37,0
30.37,0
30.4,210
30.44,100
30.45,165
30.41,147
30.35,231
30.37,314
30.38,300
30.4,820
30.32,920
30.25,320
30.24,316
30.18,851
30.07,100
30.05,2485
30.1,1442
30.13,5785
30.13,0
30.13,0
30.13,0
30.13,0
30.13,0
30.13,0
30.13,0
30.13,0
30.13,0
30.13,0
30.13,0
30.13,0
30.13,0
30.13,0
30.13,0
30.3,200
30.3,0
30.32,100
30.32,0
30.32,0
30.32,0
30.32,0
30.32,0
30.32,0
30.32,0
30.43,147
30.43,0
30.43,0
30.43,0
30.43,0
30.43,0
30.43,0
30.43,0
30.43,0
30.53,100
30.45,300
30.45,0
30.42,200
30.42,714
30.42,0
30.42,0
30.42,0
30.42,0
30.42,0
30.46,100
30.46,0
30.42,100
30.39,550
30.33,100
30.35,200
30.35,0
30.37,100
30.38,100
30.41,100
30.41,200
30.35,200
30.35,0
30.35,0
30.35,0
30.39,100
30.39,0
30.5,200
30.5,0
30.5,0
30.58,104
30.58,0
30.5,200
30.5,0
30.5,0
30.55,100
30.53,800
30.53,0
30.53,0
30.53,0
30.52,100
30.5,200
30.49,498
30.38,900
30.38,0
30.34,100
30.34,0
30.34,0
30.34,0
30.34,0
30.34,0
30.34,0
30.34,0
30.44,448
30.39,200
30.4,600
30.41,200
30.41,0
30.41,0
30.41,0
30.5,516
30.49,265
30.52,330
30.54,200
30.56,200
30.53,100
30.53,0
30.53,0
30.66,160
30.66,0
30.67,107
30.79,100
30.82,100
30.83,500
30.71,100
30.73,400
30.73,0
30.7,200
30.6,440
30.6,0
30.49,300
30.52,100
30.49,1846
30.49,0
30.49,0
30.09,400
29.91,100
29.75,400
29.81,300
29.79,479
29.7,600
29.7,0
29.7,300
29.75,100
29.67,700
29.67,500
29.76,505
29.73,200
29.73,0
29.73,0
29.73,0
29.73,0
29.72,200
29.72,0
29.72,0
29.72,0
29.72,0
29.72,0
29.83,301
29.99,774
29.88,163
29.85,801
29.87,600
29.87,0
29.89,212
29.85,200
29.87,5057
29.91,1600
29.88,425
29.93,600
29.96,1152
29.88,1550
29.88,0
29.88,0
29.88,0
30.57,302
30.59,100
30.84,4604
30.84,0
30.84,0
30.87,700
30.87,300
30.88,400
30.81,100
30.83,200
30.89,200
30.94,600
30.88,1100
30.87,400
30.8,800
30.79,400
30.77,1600
30.69,100
30.79,908
30.81,400
30.94,300
30.94,0
30.85,600
30.9,565
31.01,500
30.96,200
31.04,100
30.97,100
31.06,350
30.97,654
31.02,300
30.92,821
30.92,0
30.92,0
30.91,981
30.83,2522
30.9,100
30.9,0
30.9,0
30.9,0
30.59,600
30.59,0
30.45,100
30.46,600
30.46,0
30.46,0
30.46,0
30.46,0
30.46,0
30.25,188
30.25,0
30.25,0
30.23,200
30.23,0
30.23,0
30.23,0
30.48,100
30.48,0
30.55,100
30.55,0
30.6,200
30.55,325
30.55,0
30.38,100
30.38,0
30.61,400
30.52,200
30.52,0
30.5,100
30.62,300
30.6,300
30.62,400
30.71,100
30.68,100
30.77,1452
30.77,0
30.97,1600
30.94,202
30.89,200
30.91,10697
30.89,500
30.94,817
30.92,100
30.92,0
30.88,400
30.87,200
30.89,161
30.88,592
30.89,300
30.84,200
30.87,391
30.76,400
30.76,0
30.81,119
30.87,200
30.87,0
30.89,200
30.89,234
30.89,100
30.89,0
31.13,300
31.14,100
31.14,0
31.08,100
31.11,102
31.09,100
31.1,100
31.15,200
31.15,0
31.15,0
31.02,400
31.03,300
31.03,203
31.04,1737
31.04,0
31.04,0
31.04,0
31.62,200
31.62,0
31.53,100
31.53,0
31.44,419
31.42,200
31.35,303
31.31,409
31.21,1100
31.07,200
31.13,501
31.13,0
31.05,100
31.05,2086
31.11,100
31.1,600
31.07,300
31.07,0
31.03,200
31.03,0
31.03,0
30.95,300
30.91,400
30.91,0
30.9,100
30.9,1000
30.94,900
30.94,941
30.89,100
30.89,300
30.87,100
30.86,400
30.9,3709
30.95,572
31.02,100
30.96,1445
30.96,0
30.96,0
30.96,0
30.96,0
30.96,0
30.96,0
30.96,0
30.96,0
30.96,0
30.89,105
31.03,100
31.03,400
31.1,200
31.1,0
31.1,0
31.1,0
31.1,0
31.1,0
31.1,0
31.1,0
31.1,0
31.05,100
31.05,0
31.05,0
31.05,100
31.04,100
31.04,0
31.04,0
31.07,700
31.16,300
31.08,100
31.08,0
31.08,0
31.08,0
31.08,0
31.13,100
31.15,300
31.14,381
31.17,616
31.17,0
31.17,0
31.17,0
31.17,0
31.17,0
31.17,0
31.17,0
31.17,0
30.88,100
30.88,0
30.88,0
31.1,200
31.07,100
31.05,100
31.05,0
30.94,230
30.94,0
30.87,100
30.87,0
30.87,0
30.87,0
30.87,0
30.75,425
30.75,0
30.75,0
30.67,200
30.74,1998
30.73,2019
30.82,400
30.73,100
30.73,0
30.8,100
30.73,166
30.67,484
30.67,0
30.86,200
30.84,217
30.84,827
30.78,936
30.78,0
30.67,300
30.67,0
30.67,0
30.67,0
30.67,0
30.82,100
30.82,0
30.92,100
30.87,140
30.87,0
30.87,0
30.87,0
30.87,0
30.87,0
30.87,0
30.87,100
30.89,100
30.89,0
30.89,0
30.89,0
30.89,0
30.89,0
30.89,0
30.89,0
30.89,0
30.89,0
30.89,0
30.89,0
30.82,100
30.82,0
30.82,0
30.82,0
30.82,0
30.82,0
30.83,592
30.83,0
30.83,0
30.77,788
30.77,0
30.77,0
30.77,0
30.77,0
30.77,0
30.77,0
30.77,0
31.07,300
31.07,0
31.07,0
31.07,0
30.92,183
30.92,0
30.92,0
30.92,0
30.92,0
30.92,0
31.1,525
31.1,0
31.1,0
31.1,0
31.1,0
31.05,894
31.07,300
31.16,200
31.16,200
31.14,100
31.14,0
31.14,0
31.1,300
31.1,0
31.1,0
31.07,200
31.07,101
31.07,576
31.13,205
31.1,200
31.12,900
31.17,1500
31.38,163
31.41,200
31.41,0
31.41,0
31.41,0
31.3,100
31.48,300
31.53,612
31.58,458
31.53,400
31.54,606
31.61,800
31.62,1045
31.62,1700
31.74,384
31.69,800
31.69,3700
31.69,0
31.8,1010
31.86,1702
31.9,500
31.89,100
31.88,201
31.86,1124
31.84,1204
31.85,100
31.85,0
31.95,1940
32,400
32,442
32,0
32.04,368
32.03,1226
32.05,2203
32.1,1125
32.11,102
32.13,403
32.1,2164
31.98,3355
31.98,0
32.23,1906
32.12,1788
32.12,0
32.12,0
31.88,400
31.94,927
31.83,1134
31.89,1591
31.88,1072
31.99,600
31.97,700
32.03,2238
31.98,2057
32.06,1904
32.02,1077
31.85,1058
31.88,1646
31.98,1500
32,1328
31.9,1000
32.06,800
32.03,501
31.96,650
31.88,1436
31.89,700
31.87,1023
31.91,1469
31.79,274
31.79,0
31.75,756
31.72,600
31.78,100
31.77,644
31.81,809
31.8,1600
31.83,2500
31.82,899
31.85,3688
31.85,0
31.85,305
31.81,804
31.77,106
31.77,0
31.89,100
31.89,0
31.85,363
31.85,0
31.82,400
31.82,0
31.85,546
31.86,127
31.83,136
31.77,200
31.77,0
31.77,0
31.77,0
31.76,100
31.76,0
31.76,0
31.84,220
31.84,0
31.84,0
32.06,500
32.06,0
32.03,2387
32,200
32,0
31.96,300
31.96,0
31.96,0
31.96,0
31.96,0
31.9,303
31.76,457
31.89,300
31.92,410
31.94,400
31.94,0
31.94,0
31.94,0
31.97,100
31.96,100
31.96,0
31.96,0
31.88,200
31.86,100
31.86,0
31.86,0
31.92,100
31.92,0
31.92,0
31.92,100
31.91,100
31.91,0
31.91,0
31.91,0
31.85,100
31.85,0
31.85,0
31.85,0
31.79,100
31.79,0
31.79,0
31.85,600
31.91,100
31.91,0
31.98,100
31.98,472
31.96,100
31.96,0
32.06,100
32.06,0
32.06,0
32.1,500
32.16,236
32.21,1223
32.21,0
32.21,0
32.21,0
32.47,500
32.44,203
32.44,0
32.44,0
32.24,647
32.24,101
32.24,0
32.24,0
32.24,0
32.24,0
32.1,540
32.18,230
32.18,0
32.18,0
32.18,0
32.18,204
32.28,102
32.28,0
32.28,0
32.28,0
32.28,0
32.28,0
32.28,0
32.27,100
32.31,100
32.3,202
32.35,299
32.35,0
32.35,0
32.36,501
32.31,100
32.31,0
32.33,792
32.33,0
32.33,0
32.3,1174
32.3,0
32.3,0
32.3,0
32.3,0
32.3,0
32.3,0
32.3,0
32.3,0
32.29,150
32.29,0
32.29,0
32.29,0
32.29,0
32.29,0
32.29,0
32.29,0
32.29,0
32.29,0
32.29,0
32.29,0
32.29,0
32.29,0
32.29,0
32.29,0
32.29,0
32.29,0
32.29,0
32.29,0
32.29,0
32.4,128
32.4,0
32.4,0
32.4,0
32.4,0
32.4,0
32.4,0
32.4,0
32.28,238
32.29,688
32.29,0
32.29,0
32.29,0
32.29,0
32.29,0
32.29,0
32.29,0
32.29,0
32.29,0
32.29,0
32.29,0
32.29,0
32.29,0
32.29,0
32.29,0
32.29,0
32.29,0
32.29,0
32.29,0
31.94,200
31.94,0
31.94,0
31.94,0
31.94,0
31.94,0
31.94,0
31.94,0
31.94,0
31.94,0
31.94,0
31.96,100
31.96,0
31.96,0
31.96,0
31.96,0
31.87,543
31.87,0
31.94,302
32,2476
31.72,717
31.72,0
31.25,400
31.18,400
31.35,100
31.35,0
31.35,0
31.35,0
31.35,0
31.35,0
31.35,0
31.35,0
31.35,0
31.35,0
31.35,0
31.35,0
31.35,0
31.35,0
31.35,0
31.26,100
31.26,0
31.26,0
31.26,0
31.26,0
31.26,0
31.26,0
31.26,0
31.32,100
31.32,0
31.18,100
31.18,0
31.27,100
31.27,0
31.27,0
31.27,0
31.27,0
31.37,129
31.37,0
31.48,100
31.48,0
31.1,100
31.1,0
31.13,250
31,100
31,0
31,0
31,0
31,0
31,0
30.99,295
30.9,450
30.9,0
30.95,200
31.03,100
31.03,0
31.03,0
31.03,0
31.03,0
31.06,100
31.06,0
31.06,0
31.06,0
31.12,100
31.12,0
31.11,100
31.11,0
31.11,0
31.11,0
31.04,200
30.92,100
30.92,0
30.92,0
30.92,0
30.9,100
30.9,0
31.07,200
31.03,505
31.04,506
30.98,300
31.2,100
31.2,0
31.2,0
31.2,0
31.33,100
31.46,1014
31.5,600
31.43,500
31.49,300
31.49,0
31.53,100
31.42,300
31.35,200
31.46,200
31.46,0
31.49,220
31.47,400
31.55,300
31.54,100
31.49,100
31.46,328
31.58,100
31.48,200
31.61,100
31.51,100
31.46,634
31.52,400
31.61,100
31.61,0
31.61,0
31.71,200
31.71,0
31.71,0
31.71,0
31.71,0
31.71,0
31.71,0
31.62,564
31.47,200
31.47,0
31.63,212
31.41,100
31.38,100
31.38,0
31.38,0
31.38,0
31.38,0
31.29,350
31.13,129
31.13,0
31.22,200
31.26,200
31.24,658
31.22,279
31.22,0
31.25,400
31.18,305
31.18,0
31.2,249
31.19,100
31.19,0
31.19,0
31.13,200
31.15,100
31.15,0
31.15,0
31.12,100
31.12,150
31.14,350
31.12,200
31.12,0
31.1,202
31.24,100
31.22,331
31.28,301
31.3,100
31.25,1155
31.25,0
31.09,100
30.87,100
30.81,1821
30.81,0
30.69,100
30.74,300
30.77,400
30.77,0
30.77,0
30.82,300
30.82,0
30.91,300
30.89,200
30.89,0
30.89,0
30.89,0
30.89,0
30.89,0
30.89,0
30.89,0
30.89,0
30.89,0
30.89,0
31.26,100
31.32,300
31.32,0
31.32,0
31.32,0
31.32,0
31.35,158
31.35,100
31.35,0
31.35,0
31.36,100
31.36,0
31.41,300
31.49,482
31.34,901
31.25,700
31.25,0
31.25,0
31.35,700
31.35,0
31.35,0
31.12,310
31.3,100
31.3,100
31.34,100
31.38,100
31.41,300
31.49,200
31.52,213
31.55,100
31.46,100
31.44,600
31.44,0
31.53,700
31.56,100
31.56,0
31.67,100
31.67,304
31.74,200
31.68,300
31.63,504
31.61,300
31.63,300
31.66,500
31.6,600
31.56,500
31.58,400
31.68,718
31.63,407
31.63,1165
31.66,1207
31.58,1325
31.57,2105
31.59,5046
31.8,200
31.8,0
31.67,100
31.67,0
31.71,200
31.71,0
31.67,100
31.67,0
31.72,400
31.74,200
31.89,100
31.97,100
32.08,400
32.12,100
32.11,449
32.19,100
32.17,100
32.23,1100
32.24,643
32.18,630
32.17,100
32.12,226
32.08,300
32.16,102
32.16,0
32.09,603
32.16,300
32.06,500
32.03,212
32.13,100
32.14,300
32.15,522
32.15,0
32.17,400
32.11,302
32.03,500
31.96,1000
32.06,200
32.08,2378
31.9,500
31.85,470
31.75,200
31.85,300
31.85,0
31.69,121
31.69,0
31.77,200
31.77,0
31.77,0
31.77,0
31.73,200
31.73,100
31.73,0
31.73,0
31.73,0
31.84,200
31.84,0
31.87,100
31.87,0
31.87,0
31.87,0
31.87,0
31.8,400
31.8,0
31.8,0
31.8,0
31.8,0
31.8,0
31.8,0
31.8,0
31.8,0
31.73,100
31.73,0
31.73,0
31.73,0
31.58,103
31.7,221
31.83,1669
31.87,200
31.89,1315
31.89,0
31.89,0
31.89,0
31.89,0
32.08,182
32.08,0
32.08,100
32.13,100
32.11,1526
32.04,347
31.94,300
31.94,0
31.97,550
31.95,405
31.93,699
31.87,200
31.84,100
31.69,900
31.82,200
31.76,300
31.76,0
31.7,100
31.7,0
31.9,300
31.87,600
31.87,0
31.89,452
31.92,300
31.92,0
31.88,280
31.88,0
31.92,700
31.89,599
31.87,200
31.87,100
31.87,0
31.93,988
31.93,0
31.93,0
31.93,0
31.93,0
31.93,0
32.02,100
32.02,0
32.01,200
32.01,0
32.01,0
32.04,100
32.04,300
32.08,200
32.08,0
31.93,202
31.96,567
31.96,0
31.96,100
32.04,400
32.04,0
32.04,0
32.04,0
31.96,200
31.97,100
32.01,475
31.96,200
31.96,0
32.02,400
32.02,0
32.06,100
32.04,300
32.04,600
32.04,0
32.12,100
32.11,300
32.11,0
32.08,503
32.04,1400
31.98,1112
31.98,0
31.92,100
31.98,400
31.98,0
31.98,0
31.91,400
32,400
31.93,100
31.93,0
31.93,0
31.9,103
31.94,200
32,104
31.95,200
31.94,100
31.93,100
31.97,100
31.97,300
32.04,251
32.02,100
32.04,200
31.96,100
31.96,0
32,200
31.95,100
31.95,100
31.96,100
31.94,150
31.94,0
31.94,0
31.94,0
31.94,0
32.01,304
32.03,306
31.97,300
31.94,100
31.98,750
32.06,700
32.11,1151
32.11,0
32.25,500
32.25,100
32.25,100
32.25,0
32.4,600
32.34,300
32.34,0
32.32,100
32.37,100
32.32,100
32.32,0
32.34,900
32.34,100
32.34,0
32.32,300
32.32,200
32.32,200
32.32,0
32.28,100
32.28,0
32.32,960
32.36,700
32.36,0
32.35,200
32.37,500
32.38,100
32.39,144
32.5,200
32.5,100
32.45,100
32.35,100
32.34,100
32.35,100
32.35,100
32.3,300
32.29,300
32.28,630
32.25,767
32.07,200
32.17,1835
32.23,713
32.16,1002
32.13,1000
32.11,5064
32.05,1910
32.08,677
32.1,1615
32.06,700
32.06,1100
32.02,2542
32,1611
31.98,1139
32.03,394
32.01,406
31.98,500
31.99,519
32.07,100
32.1,130
32.04,200
32.01,571
31.97,100
31.97,0
31.97,350
32.02,100
32,300
32.01,300
32.01,200
31.99,600
31.99,0
31.97,700
31.96,400
32.02,500
32.01,200
32.07,218
32.12,300
32.17,800
32.19,1961
32.19,0
32.19,0
32.19,0
32.19,0
32.42,100
32.46,500
32.45,100
32.45,0
32.45,0
32.5,100
32.53,200
32.53,0
32.52,400
32.52,250
32.52,0
32.55,310
32.49,600
32.52,1005
32.47,100
32.45,100
32.33,100
32.33,0
32.29,100
32.28,200
32.32,400
32.25,400
32.33,200
32.3,200
32.29,600
32.32,300
32.33,100
32.26,300
32.26,100
32.32,100
32.36,950
32.36,200
32.29,100
32.27,100
32.29,300
32.33,163
32.45,300
32.45,0
32.45,0
32.39,100
32.34,100
32.34,300
32.35,300
32.28,100
32.26,100
32.26,0
32.17,200
32.17,0
32.17,0
32.17,0
32.11,400
32.03,300
32.2,100
32.18,100
32.18,0
32.2,100
32.17,200
32.15,3122
32.06,700
32.08,100
32.08,0
32.08,0
31.95,100
31.95,0
31.92,150
31.92,0
31.92,0
31.92,0
32.15,119
32.12,600
31.98,989
32.08,501
32.18,900
32.18,595
32.23,600
32.13,827
32.23,200
32.27,941
32.24,600
32.28,200
32.23,850
32.18,800
32.09,436
32.11,200
32.14,300
32.14,0
32.08,100
32.08,0
32.08,0
32.02,100
32.03,325
31.97,200
31.97,0
31.97,0
31.97,0
31.99,109
31.99,0
31.95,125
31.96,727
31.9,400
32.02,100
32.08,100
32.01,200
32.07,625
32.07,0
32.1,300
32.04,677
32.08,100
32.09,400
32.06,200
32.03,201
32.05,300
32.06,1508
32.14,100
32.17,200
32.17,0
31.94,100
31.94,0
31.84,200
31.84,0
31.84,0
31.84,0
31.62,100
31.62,0
31.63,100
31.54,100
31.54,0
31.55,300
31.51,100
31.49,400
31.59,683
31.62,900
31.59,200
31.53,900
31.53,100
31.46,100
31.46,0
31.46,500
31.44,200
31.4,499
31.36,200
31.36,0
31.42,730
31.41,263
31.35,600
31.31,400
31.28,600
31.28,418
31.26,700
31.27,329
31.08,2437
31.14,6666
30.96,211
30.96,0
30.96,0
30.85,100
30.85,0
30.7,302
30.7,0
30.7,0
30.77,100
30.83,300
30.8,2200
30.79,100
30.79,0
30.79,0
30.82,100
30.82,0
30.82,0
30.9,200
30.9,0
30.9,0
30.9,0
30.9,0
30.9,0
30.97,139
30.97,0
30.97,0
31.02,100
30.95,270
30.95,0
31.07,100
31,100
31,0
31,0
30.97,100
31.02,100
30.98,3218
30.99,2301
30.94,1546
30.88,1600
30.66,100
30.66,0
30.66,0
30.77,100
30.91,100
30.91,0
30.91,0
30.91,0
31.1,100
31.1,0
31.24,200
31.24,0
31.24,0
31.33,100
31.33,0
31.33,0
31.41,271
31.4,200
31.38,100
31.39,200
31.29,200
31.29,100
31.3,200
31.32,200
31.28,500
31.28,0
31.31,239
31.31,3172
31.34,101
31.39,460
31.39,300
31.33,770
31.33,200
31.33,0
31.36,100
31.35,100
31.29,1011
31.29,659
31.21,664
31.29,700
31.07,300
31.07,0
31.07,0
31.22,100
31.21,844
31.19,705
31.18,719
31.16,321
31.16,0
31.16,0
31.11,505
31.16,200
31.22,300
31.22,0
31.18,100
31.18,0
31.23,100
31.23,200
31.23,0
31.23,0
31.23,0
31.23,0
31.23,0
31.23,0
31.23,0
31.23,0
31.32,240
31.32,0
31.32,0
31.32,0
31.32,0
31.32,0
31.32,0
31.25,415
31.25,400
31.25,3392
31.22,4181
31.22,3932
31.01,300
31.19,400
31.16,100
31.22,100
31.06,709
31.07,290
31.07,0
31.15,100
31.15,303
31.15,0
31.15,0
31.15,0
31.15,0
31.15,0
30.94,100
30.94,0
30.94,0
30.87,100
30.94,100
30.99,100
30.99,0
30.9,200
30.91,100
30.91,0
30.98,400
30.94,265
30.94,0
30.88,100
30.88,0
30.88,0
30.79,116
30.79,0
30.79,0
30.79,0
30.79,0
30.8,100
30.78,806
30.74,300
30.65,1404
30.65,0
30.65,0
30.61,700
30.6,1700
30.59,500
30.65,1358
30.63,1381
30.6,1300
30.65,800
30.65,0
30.65,0
30.84,110
30.86,500
30.86,0
30.86,0
30.86,0
30.86,0
30.86,0
30.86,0
30.86,0
30.86,0
30.86,0
30.86,0
30.86,0
30.86,0
30.86,0
30.86,0
30.81,200
30.81,0
30.83,100
30.83,0
30.83,0
30.86,100
30.86,0
30.86,0
30.86,0
30.86,0
30.85,350
30.82,1842
30.82,0
30.82,0
30.82,0
30.77,3018
30.83,310
30.83,0
30.84,100
30.84,0
30.81,200
30.81,551
30.79,1063
30.84,210
30.83,410
30.74,100
30.74,750
30.76,1104
30.78,4196
30.83,532
30.89,200
30.94,100
30.89,100
30.89,0
30.89,0
30.92,100
30.92,0
30.92,0
30.92,0
30.91,100
30.91,0
30.91,0
30.91,0
30.91,0
30.91,0
30.98,200
30.99,1030
30.98,238
31.01,100
31.03,210
31.01,6216
30.57,818
30.44,1603
30.44,0
30.44,0
30.53,338
30.53,0
30.53,0
30.6,1300
30.6,0
30.63,100
30.64,200
30.64,0
30.79,100
30.65,100
30.68,400
30.69,893
30.72,790
30.72,0
30.82,100
30.82,3440
30.82,0
30.98,200
30.99,400
30.99,0
30.98,400
30.96,520
30.91,353
30.98,1116
30.98,0
30.96,700
30.97,3010
31,479
30.82,100
30.82,0
30.87,201
30.87,0
30.9,39085
30.9,1301
30.79,921
30.81,100
30.81,0
30.84,400
30.81,100
30.79,506
30.79,0
30.79,0
30.85,101
30.85,0
30.85,0
30.85,0
30.85,0
30.9,103
30.9,10062
30.9,0
31.01,100
31.01,0
31.01,100
31.14,100
31.14,0
31.14,0
31.14,0
31.14,0
31.14,0
31.06,100
31.11,100
31.11,0
31.11,0
31.11,0
31.05,100
31.05,0
31.11,106
31.11,0
31.07,500
31.07,100
31.06,1897
31.06,600
31.01,1696
30.94,4835
31.3,100
31.36,500
31.36,0
31.53,200
31.6,1245
31.6,0
31.7,200
31.74,794
31.73,100
31.68,1689
31.73,2216
31.76,500
31.71,412
31.72,700
31.75,200
31.84,312
31.8,600
31.89,400
31.92,701
31.91,402
31.94,400
31.92,400
31.97,300
31.99,1904
31.92,320
31.9,500
31.83,300
31.84,700
31.87,700
31.88,700
31.91,720
31.96,505
31.95,1100
31.95,686
31.88,819
31.77,100
31.77,0
31.89,518
31.89,1592
32.08,200
32.08,0
32.15,400
32.18,100
32.3,100
32.39,500
32.33,300
32.39,100
32.36,135
32.3,200
32.33,200
32.29,200
32.28,400
32.26,400
32.24,100
32.24,0
32.24,0
32.24,0
32.24,0
32.24,0
32.24,0
32.24,0
32.24,0
32.24,0
32.24,0
32.24,0
32.24,0
31.77,100
31.67,100
31.74,100
31.79,200
31.8,3000
31.78,400
31.77,603
31.77,100
31.82,600
31.8,300
31.8,0
31.8,0
31.8,0
31.8,0
31.8,0
31.8,0
31.8,0
31.8,0
31.85,100
31.85,0
31.87,100
31.87,0
31.87,0
31.87,0
31.87,0
31.81,200
31.81,0
31.84,600
31.84,0
31.87,100
31.87,0
31.87,0
31.87,100
31.85,408
31.87,737
31.7,933
31.22,440
31.22,0
31.15,228
31.1,240
31.1,0
31.1,0
30.9,110
30.9,0
30.99,100
30.99,0
30.99,0
30.99,0
30.78,100
30.78,0
30.78,0
30.78,0
30.78,0
30.78,0
30.78,0
30.78,0
30.78,0
30.91,212
30.91,0
30.91,0
30.99,300
31.02,300
31,400
31,0
31,0
30.92,200
30.9,100
30.9,0
30.9,0
30.9,0
30.9,0
30.9,0
31,300
31.01,1899
31.01,0
31.01,0
30.95,100
31.04,200
31.02,100
31.04,300
31.08,200
31.08,0
31.1,600
31.1,0
31.09,300
31.04,208
31.04,0
31.04,0
30.99,200
30.97,210
30.97,0
30.97,0
30.97,0
30.97,0
31.12,100
31.11,100
31.12,300
31.12,0
31.12,900
31.15,100
31.18,400
31.16,329
31.23,201
31.24,100
31.24,0
31.18,110
31.18,0
31.18,360
31.23,301
31.2,150
31.18,250
31.14,1200
31.14,2027
30.96,100
31.05,100
31.05,0
31.05,0
31.05,0
31.05,0
31.05,0
31.05,0
30.91,200
30.89,600
30.87,486
30.81,200
30.86,100
30.83,100
30.83,0
30.86,100
30.86,0
30.86,100
30.82,100
30.82,200
30.87,500
30.87,0
30.82,200
30.82,0
30.74,200
30.74,301
30.74,300
30.8,300
30.8,0
30.8,0
30.84,100
30.82,182
30.8,100
30.8,0
30.7,300
30.66,200
30.66,0
30.64,479
30.6,1202
30.6,0
30.56,600
30.56,0
30.56,0
30.56,0
30.56,0
30.36,200
30.36,0
30.4,100
30.4,0
30.4,0
30.4,0
30.4,0
30.4,0
30.4,0
30.3,100
30.3,536
30.27,200
30.23,600
30.25,416
30.3,100
30.31,400
30.31,900
30.31,0
30.38,100
30.41,100
30.4,200
30.42,700
30.48,100
30.47,200
30.58,700
30.6,200
30.6,0
30.6,0
30.43,200
30.46,200
30.42,300
30.43,500
30.46,847
30.6,280
30.6,0
30.6,0
30.6,0
30.77,100
30.86,100
30.87,100
30.87,0
30.87,0
30.74,300
30.87,100
30.87,0
30.87,0
30.87,0
31.03,449
31.03,0
31.03,0
31.03,0
31.13,108
31.18,100
31.18,0
31.18,0
31.08,100
31.08,0
31.08,0
31.08,0
31.08,0
31.08,0
31.08,0
31.08,0
31.08,0
31.08,0
31.23,768
31.23,0
31.23,0
31.16,100
31.27,502
31.27,0
31.32,100
31.36,1708
31.34,220
31.34,0
31.34,0
31.34,0
31.34,0
31.34,0
31.34,0
31.34,0
31.34,0
31.77,100
31.77,0
31.77,0
31.79,200
31.79,0
31.79,0
31.79,0
31.79,0
31.82,146
31.82,110
31.82,0
31.84,249
31.84,0
31.84,0
31.84,0
31.8,100
31.8,0
31.77,100
31.84,100
31.83,200
31.81,546
31.81,0
31.79,200
31.79,0
31.77,100
31.77,0
31.76,100
31.75,100
31.77,890
31.61,100
31.61,0
31.61,0
31.61,0
31.61,0
31.6,800
31.56,490
31.56,0
31.56,0
31.56,0
31.6,586
31.67,200
31.67,0
31.63,200
31.63,0
31.63,0
31.63,0
31.63,0
31.63,0
31.63,0
31.63,0
31.63,0
31.7,100
31.69,105
31.69,0
31.69,0
31.79,100
31.79,0
31.84,300
31.84,0
31.84,0
31.74,600
31.74,0
31.74,0
31.73,900
31.66,100
31.66,0
31.66,0
31.62,411
31.62,0
31.62,0
31.62,0
31.62,0
31.62,0
31.55,248
31.55,0
31.42,100
31.42,0
31.42,0
31.46,200
31.48,282
31.47,200
31.47,0
31.47,0
31.47,0
31.47,0
31.47,0
31.47,0
31.47,0
31.44,300
31.44,0
31.37,100
31.35,200
31.35,0
31.3,100
31.27,100
31.28,200
31.29,100
31.3,100
31.29,139
31.29,0
31.29,0
31.29,0
31.29,0
31.23,100
31.27,122
31.27,0
31.22,1156
31.34,673
31.29,200
31.31,200
31.31,0
31.38,200
31.38,0
31.38,0
31.38,0
31.38,0
31.38,0
31.38,0
31.38,0
31.38,0
31.38,0
31.38,0
31.38,0
31.38,0
31.38,0
31.38,0
31.38,0
31.38,0
31.38,0
31.38,0
31.38,0
31.06,100
31.06,0
31.07,202
31.07,0
31.07,0
31.14,308
31.17,358
31.17,0
31.17,0
31.15,140
31.15,0
31.15,0
31.15,0
31.15,0
31.29,826
31.47,100
31.56,900
31.56,0
31.45,225
31.33,268
31.33,0
31.22,139
31.22,0
31.22,247
31.22,0
31.22,0
31.22,0
31.22,0
31.22,0
31.22,0
31.22,0
31.22,0
31.22,0
31.22,0
31.22,0
31.22,0
31.22,0
31.22,0
31.22,0
31.22,0
31.22,0
31.29,200
31.29,0
31.29,0
31.3,2210
31.32,100
31.28,300
31.28,0
31.28,0
31.28,0
31.28,0
31.28,0
31.28,0
31.42,200
31.42,0
31.42,0
31.42,0
31.42,0
31.42,0
31.42,0
31.15,100
31.15,0
31.15,0
31.15,0
31.15,0
31.15,0
31.15,0
31.15,0
31.15,0
31.15,0
31.15,0
31.15,0
31.15,0
31.15,0
31.35,100
31.35,0
31.35,0
31.29,200
31.29,0
31.29,0
31.29,0
31.29,112
31.29,0
31.29,0
31.29,0
31.29,0
31.29,0
31.22,100
31.22,0
31.16,100
31.16,0
31.16,0
31.14,100
31.23,100
31.23,0
31.29,100
31.25,100
31.25,0
31.25,0
31.25,0
31.25,0
31.42,302
31.42,0
31.42,0
31.42,0
31.42,0
31.35,100
31.35,0
31.35,0
31.33,100
31.33,0
31.33,340
31.26,200
31.26,0
31.26,0
31.26,0
31.26,0
31.26,0
31.26,0
31.26,0
31.26,0
31.26,0
31.17,216
31.17,0
31.17,0
31.22,400
31.22,0
31.29,400
31.26,200
31.27,425
31.27,0
31.27,0
31.27,0
31.27,0
31.17,100
31.17,0
31.17,0
31.17,0
31.17,0
31.17,0
31.17,0
31.17,0
31.17,0
31.24,236
31.3,200
31.38,200
31.42,195
31.42,0
31.47,100
31.47,0
31.47,0
31.47,0
31.46,100
31.46,0
31.53,170
31.53,0
31.49,173
31.49,0
31.53,200
31.53,0
31.53,0
31.51,100
31.5,204
31.5,100
31.51,200
31.51,0
31.51,0
31.51,0
31.51,0
31.36,600
31.37,1070
31.37,0
31.37,0
31.37,0
31.37,0
31.37,0
31.37,0
31.37,0
31.37,0
31.37,0
31.37,0
31.37,0
31.37,0
31.37,0
31.37,0
31.37,0
31.37,0
31.37,0
31.37,0
31.37,0
31.5,328
31.48,100
31.48,0
31.48,0
31.48,0
31.49,100
31.49,0
31.49,0
31.51,200
31.51,0
31.5,200
31.5,0
31.5,0
31.51,270
31.51,0
31.51,0
31.5,200
31.51,202
31.5,100
31.51,1264
31.51,0
31.51,0
31.19,100
31.19,0
31.19,0
31.19,0
31.19,0
31.19,0
31.19,0
31.19,0
31.19,0
31.19,0
31.3,100
31.3,0
31.26,100
31.36,100
31.36,0
31.36,0
31.36,0
31.36,0
31.36,0
31.36,0
31.36,0
31.36,0
31.36,0
31.36,0
31.36,0
31.36,0
31.36,0
31.36,0
31.36,0
31.55,112
31.51,350
31.51,0
31.51,0
31.51,0
31.46,238
31.44,100
31.44,0
31.44,0
31.44,0
31.44,0
31.44,0
31.44,0
31.44,0
31.35,100
31.3,100
31.3,0
31.29,200
31.29,0
31.26,100
31.28,300
31.28,0
31.35,100
31.35,0
31.35,0
31.4,200
31.4,0
31.4,0
31.4,0
31.4,0
31.4,0
31.4,0
31.4,0
31.4,0
31.4,0
31.14,400
31.05,300
31.08,3791
31.05,441
31.05,1239
31.07,1200
31.06,492
31.04,400
31.02,1022
30.89,800
30.92,400
30.98,1896
30.98,0
31.04,100
31.04,0
31.04,0
31.04,0
31.04,0
31.04,0
31.04,0
31.04,0
31.04,0
31.04,0
31.28,100
31.28,0
31.28,0
31.28,0
31.28,0
31.28,0
31.28,0
31.28,0
31.28,0
31.28,0
31.28,0
31.28,0
31.28,0
31.28,0
31.28,0
30.84,100
30.87,119
30.85,400
30.91,200
30.91,0
30.85,272
30.85,400
30.83,100
30.82,100
30.79,260
30.77,100
30.77,321
30.76,400
30.94,200
30.94,0
31.12,408
31.05,100
31.05,0
31.05,0
31.05,0
31.05,0
31.05,0
31.05,0
31.05,0
31.05,0
31.29,100
31.29,0
31.29,0
31.17,187
31.17,0
31.17,0
31.17,0
31.17,0
31.17,0
31.17,0
31.17,0
31.17,0
31.17,0
31.17,0
31.19,100
31.19,0
31.19,0
31.19,0
31.19,0
31.19,0
31.19,0
31.19,0
31.19,0
31.19,0
31.19,0
31.19,0
31.14,473
30.95,100
30.91,100
30.87,109
30.87,0
30.87,0
30.77,100
30.77,0
30.77,100
30.77,400
30.77,0
30.7,100
30.59,459
30.56,475
30.55,500
30.52,200
30.57,816
30.57,0
30.57,0
30.57,0
30.46,400
30.46,100
30.46,0
30.37,267
30.43,200
30.33,450
30.35,200
30.35,0
30.5,300
30.53,348
30.54,2000
30.5,100
30.5,100
30.5,431
30.5,0
30.33,100
30.26,212
30.26,0
30.26,100
30.33,2312
30.33,0
30.33,0
30.33,0
30.33,0
30.33,0
30.33,0
30.33,0
29.62,201
29.62,200
29.57,300
29.53,247
29.37,490
29.46,200
29.46,0
29.46,0
29.46,0
29.4,100
29.45,100
29.56,200
29.54,100
29.57,100
29.59,100
29.59,0
29.53,100
29.57,100
29.57,0
29.57,0
29.57,0
29.54,100
29.63,200
29.57,150
29.53,100
29.53,0
29.37,156
29.27,145
29.35,100
29.36,946
29.38,300
29.2,2452
29.2,0
28.72,431
28.72,0
28.72,0
28.72,0
28.72,0
28.72,0
28.72,0
28.72,0
28.72,0
28.72,0
28.72,0
28.72,0
28.5,100
28.45,153
28.45,0
28.43,105
28.35,200
28.22,200
28.23,100
28.38,100
28.36,1825
28.37,100
28.39,9017
28.39,0
28.39,0
28.06,645
27.98,300
27.89,420
27.9,1500
27.89,307
27.9,1492
27.82,1300
27.87,100
27.84,7075
27.88,502
27.87,1400
27.88,33180
27.95,17289
28.38,100
29.04,263
29.04,0
28.45,100
28.45,0
28.45,0
28.45,0
28.45,0
28.8,200
28.72,199
28.72,0
28.72,0
28.88,129
28.96,100
28.96,0
28.96,0
28.94,475
28.9,1875
28.9,0
28.89,2091
28.95,6279
28.95,300
28.95,0
28.95,0
28.95,0
28.95,0
28.8,300
28.8,0
28.8,0
28.5,200
28.52,300
28.46,440
28.53,200
28.53,0
28.54,200
28.54,0
28.54,0
28.55,816
28.59,4490
28.6,583
28.6,0
28.6,0
28.6,0
28.6,0
28.25,200
28.25,0
28.2,100
28.19,600
28.28,475
28.39,1246
28.39,0
28.39,0
28.22,200
28.21,100
28.21,0
28.2,685
28.2,0
28.26,105
28.26,0
28.26,0
28.26,0
28.26,0
28.26,0
28.26,0
28.26,0
28.26,0
28.26,0
28.35,170
28.35,0
28.25,400
28.25,0
28.25,0
28.25,0
28.33,100
28.28,204
28.28,0
28.28,0
28.39,100
28.14,100
28.14,0
28.19,400
28.19,0
28.19,0
28.19,0
28.24,650
28.24,0
28.19,100
28.19,1100
28.21,900
28.15,2655
28.09,155
27.98,889
28.03,3225
28.03,0
28.15,300
28.15,900
28.2,600
28.18,100
28.22,300
28.23,200
28.23,0
28.23,0
28.23,0
28.23,0
28.23,0
28.23,0
28.23,0
28.54,200
28.54,0
28.54,0
28.4,284
28.4,0
28.51,100
28.53,1980
28.52,100
28.52,0
28.54,4478
28.54,0
28.58,100
28.58,0
28.58,0
28.58,0
28.73,139
28.73,0
28.73,0
28.73,0
28.71,200
28.58,100
28.58,0
28.58,0
28.56,300
28.56,0
28.48,300
28.58,104
28.58,0
28.58,0
28.48,100
28.5,200
28.48,200
28.5,100
28.5,230
28.57,900
28.57,300
28.56,100
28.57,200
28.54,300
28.54,100
28.5,300
28.47,200
28.46,397
28.46,0
28.38,300
28.47,500
28.46,767
28.52,957
28.51,3650
28.51,0
28.51,0
29,555
29.11,160
29.14,1575
29.13,100
29.13,0
29.03,135
28.95,200
28.93,1394
28.97,2180
28.95,1233
28.97,1203
28.97,700
28.95,1383
28.92,1366
28.94,1700
28.95,540
28.96,320
28.93,602
28.97,2326
28.99,700
28.99,600
28.97,1836
28.99,905
28.96,900
28.97,577
28.96,1000
28.96,200
28.96,0
28.96,555
28.95,100
28.98,300
28.64,100
28.74,352
28.66,335
28.65,605
28.73,550
28.77,4821
28.99,400
28.86,400
28.86,0
28.92,606
28.92,0
28.92,0
28.91,200
28.96,300
28.95,600
28.95,0
28.99,100
28.99,0
28.88,613
28.88,0
28.9,200
28.97,200
28.97,0
28.97,0
28.97,0
28.94,1300
28.96,515
28.96,0
28.96,0
28.96,0
28.96,0
29.09,425
29.09,200
29.16,545
29.18,200
29.1,600
29.08,304
29.08,0
29.08,0
29.02,100
28.98,300
28.98,3104
28.98,0
28.93,1900
28.95,1777
28.95,0
28.95,0
28.95,0
28.95,0
28.95,0
28.95,0
28.95,0
28.95,0
28.95,0
28.95,0
28.95,0
28.95,0
28.95,0
28.95,0
28.95,0
28.95,0
28.95,0
28.95,0
29.19,100
29.23,200
29.23,200
29.17,100
29.17,100
29.16,200
29.17,300
29.17,675
29.09,411
29.08,200
29.08,0
28.96,528
28.9,133
28.9,0
28.85,300
28.84,613
28.84,0
28.84,0
28.74,137
28.74,0
28.74,0
28.75,734
28.75,0
28.75,0
28.75,0
28.75,0
28.75,0
28.75,0
28.75,0
28.75,0
28.75,0
28.75,0
27.99,702
27.99,0
27.99,0
27.99,0
27.99,0
27.99,0
27.99,0
28.07,200
28.11,100
28.11,0
28.11,0
28.11,0
28.11,0
28.08,100
28.04,200
28.1,100
28.09,300
28.12,100
28.13,200
28.13,0
28.13,101
28.13,0
28.13,0
28.13,0
28.08,400
28.11,200
28.07,901
28.03,1587
27.97,100
27.97,0
27.89,550
27.89,0
27.89,0
27.89,0
27.89,0
27.89,0
27.89,0
27.89,0
27.89,0
27.89,0
27.89,0
27.89,0
27.89,0
27.89,0
27.85,100
27.85,0
27.85,0
27.85,0
27.85,0
27.85,0
27.85,0
27.85,0
27.85,0
27.85,0
27.89,200
27.93,1436
27.87,100
27.96,100
28.09,100
28.04,100
27.99,489
28.04,100
27.93,554
27.92,200
27.9,100
27.89,200
27.89,2905
27.89,0
27.97,200
27.97,0
27.97,0
27.89,130
27.91,100
27.84,100
27.92,113
27.93,100
27.96,200
27.96,0
27.96,0
28.13,175
28.13,0
28.13,0
27.85,100
27.87,100
27.89,100
27.82,100
27.82,0
27.75,2000
27.75,100
27.75,500
27.74,200
27.73,2201
27.73,3200
27.71,2100
27.71,2000
27.7,1063
27.62,1067
27.63,606
27.63,1400
27.63,2100
27.58,908
27.51,1200
27.5,1030
27.6,100
27.58,735
27.61,917
27.61,0
27.54,100
27.67,700
27.67,0
27.63,106
27.63,0
27.63,0
27.63,0
27.76,100
27.82,267
27.82,200
27.82,0
27.94,100
27.94,200
27.97,200
27.97,0
27.97,0
27.99,400
27.89,600
28.03,300
28.03,0
28.03,0
27.83,100
27.77,200
27.75,1100
27.93,100
27.89,200
27.88,300
27.79,306
27.93,200
27.93,0
27.98,2094
28,739
27.99,1907
28.01,1181
28.02,412
28.03,400
28.03,0
27.92,419
27.92,0
27.83,100
27.58,100
27.58,0
27.37,100
27.38,1205
27.26,200
27.26,0
27.26,0
27.34,300
27.34,0
27.34,0
27.34,0
27.34,0
27.34,0
27.31,100
27.31,0
27.31,100
27.25,200
27.29,100
27.36,200
27.39,100
27.38,400
27.38,0
27.55,500
27.55,200
27.61,445
27.61,0
27.63,100
27.63,0
27.63,200
27.63,0
27.65,207
27.66,100
27.67,275
27.67,0
27.75,339
27.76,100
27.68,1075
27.64,300
27.64,0
27.62,300
27.62,0
27.61,101
27.65,298
27.61,100
27.45,200
27.45,400
27.47,300
27.38,100
27.41,100
27.42,700
27.43,100
27.44,300
27.44,100
27.44,0
27.44,0
27.48,100
27.48,0
27.59,100
27.59,0
27.59,0
27.5,100
27.5,0
27.5,0
27.5,0
27.46,200
27.46,0
27.46,0
27.46,0
27.48,200
27.47,200
27.47,0
27.47,0
27.47,0
27.47,0
27.47,0
27.35,400
27.35,0
27.55,100
27.55,0
27.55,0
27.55,0
27.57,100
27.57,0
27.62,100
27.56,100
27.56,0
27.56,0
27.56,0
27.55,200
27.55,0
27.55,0
27.55,0
27.55,0
27.55,0
27.55,0
27.55,0
27.55,0
27.55,0
27.55,0
27.55,0
27.55,0
27.55,0
27.63,208
27.63,0
27.66,135
27.66,0
27.67,100
27.64,100
27.63,723
27.68,100
27.68,0
27.87,200
27.92,100
27.92,0
27.84,606
27.79,100
27.73,100
27.71,100
27.82,300
27.82,200
27.8,100
27.72,255
27.79,200
27.95,100
27.95,100
27.95,0
27.95,0
27.95,0
27.72,100
27.72,0
27.72,0
27.66,100
27.66,0
27.66,0
27.71,100
27.68,100
27.68,0
27.62,300
27.62,100
27.62,0
27.62,0
27.56,642
27.64,800
27.71,300
27.72,350
27.67,100
27.68,700
27.75,300
27.77,500
27.73,516
27.73,0
27.73,0
27.73,0
27.75,1860
27.76,175
27.65,100
27.65,0
27.67,100
27.69,214
27.53,100
27.53,0
27.43,400
27.42,200
27.48,103
27.48,0
27.48,0
27.72,200
27.73,100
27.73,0
27.73,0
27.73,100
27.73,0
27.7,100
27.7,0
27.7,0
27.7,0
27.7,0
27.7,0
27.7,0
27.61,115
27.73,100
27.73,0
27.73,133
27.73,0
27.75,100
27.75,0
27.75,0
27.75,0
27.75,0
27.79,100
27.8,100
27.79,500
27.79,483
27.79,0
27.79,0
27.79,0
28.09,100
28.09,0
28.09,0
28.09,0
28.09,0
28.09,0
28.09,0
28.09,0
27.96,100
28,300
27.99,100
27.98,400
27.98,0
27.98,0
27.98,200
27.98,0
27.98,400
27.98,0
27.98,0
27.98,0
27.9,150
27.9,0
27.9,0
27.89,110
27.81,100
27.85,100
27.85,100
27.87,627
27.87,0
27.87,0
27.84,100
27.83,100
27.83,100
27.85,200
27.84,1533
27.76,5835
27.76,0
27.9,200
27.93,100
27.96,500
27.97,100
27.89,1085
27.85,425
27.83,100
27.83,0
27.88,100
27.85,300
27.89,100
27.89,0
27.89,0
27.88,235
27.88,0
27.89,360
27.89,234
27.89,0
27.88,222
27.88,0
27.88,0
27.88,0
27.93,100
27.93,0
28.09,500
28.07,100
28.07,0
28.07,0
28.07,0
28.07,0
28.26,100
28.26,0
28.26,0
28.26,0
28.12,100
28.12,0
28.12,0
28.15,232
28.4,400
28.4,0
28.48,100
28.62,200
28.54,100
28.54,0
28.29,355
28.28,100
28.28,0
28.28,0
28.28,0
28.28,0
28.28,0
28.37,300
28.4,200
28.29,248
28.29,0
28.29,0
28.36,325
28.3,100
28.3,0
28.3,0
28.3,0
28.3,0
28.3,0
28.3,0
28.3,0
28.3,0
28.16,100
28.16,0
28.16,0
28.16,0
28.18,800
28.18,0
28.18,0
28.18,100
28.18,0
28.09,200
28.09,770
28.09,0
28.09,0
28.26,157
28.24,305
28.15,719
28.15,0
28.1,200
28.11,100
28.11,0
28.18,100
28.18,0
28.12,100
28.12,0
28.04,200
28.04,0
28.07,100
28.1,633
28.07,113
28.14,145
28.1,400
28.06,300
28.06,0
28.06,0
28.1,200
28.05,1700
28.09,100
28.09,0
28.17,365
28.25,1112
28.25,0
28.18,751
28.18,400
28.15,444
28.25,100
28.22,100
28.31,525
28.34,202
28.3,200
28.21,7821
28.21,0
28.21,0
28.21,0
28.55,350
28.61,915
28.61,0
28.53,339
28.53,0
28.46,125
28.43,400
28.43,0
28.43,0
28.39,954
28.39,100
28.39,0
28.38,200
28.33,500
28.33,0
28.33,200
28.33,0
28.2,200
28.21,300
28.21,1585
28.36,1378
28.39,355
28.33,2715
28.33,0
28.33,0
28.42,410
28.4,200
28.38,1210
28.38,900
28.36,400
28.33,811
28.34,300
28.38,380
28.38,500
28.37,850
28.41,4089
28.43,1075
28.36,593
28.37,720
28.37,0
28.37,296
28.37,0
28.39,400
28.26,173
28.36,815
28.33,100
28.29,140
28.29,0
28.29,0
28.29,0
28.29,0
28.29,0
28.25,156
28.25,0
28.13,100
28.13,0
28.05,100
28.05,0
28.05,0
28.05,0
28.05,0
28.05,0
28.03,120
28,200
27.88,275
27.91,100
27.83,100
27.83,0
27.94,200
27.89,100
27.89,0
27.95,300
27.95,0
28.03,101
27.91,1361
27.75,200
27.75,0
27.75,0
27.75,0
27.75,0
27.75,0
27.48,311
27.48,0
27.48,0
27.48,0
27.48,0
27.48,0
27.48,0
27.48,0
27.48,0
27.48,0
27.58,200
27.58,0
27.5,100
27.47,243
27.56,100
27.56,0
27.56,0
27.6,100
27.6,0
27.58,100
27.58,0
27.58,0
27.62,100
27.62,0
27.68,100
27.68,0
27.68,0
27.68,0
27.54,400
27.59,300
27.53,201
27.53,234
27.5,3282
27.47,561
27.47,0
27.51,100
27.51,0
27.45,100
27.42,100
27.42,0
27.5,100
27.5,0
27.5,0
27.5,0
27.5,0
27.59,100
27.59,200
27.64,100
27.61,200
27.61,0
27.61,0
27.61,0
27.66,100
27.66,0
27.66,0
27.66,0
27.79,368
27.79,0
27.91,100
27.98,200
28.01,300
28,200
28,0
28,400
28,100
28.1,100
28.1,0
27.99,252
27.98,398
27.9,200
27.89,412
27.9,4372
28.08,973
28.11,200
28.11,0
28.15,235
28.14,400
28.14,0
28.02,500
28.01,100
27.95,200
27.95,0
27.95,122
27.93,100
27.9,100
27.9,0
27.9,0
27.88,105
27.88,100
27.91,100
27.91,0
27.91,0
27.91,0
27.91,0
27.91,0
27.83,300
27.83,200
27.76,1200
27.76,0
27.94,115
27.94,0
27.94,0
27.96,434
27.96,0
27.96,0
27.96,0
27.92,100
27.82,100
27.82,0
27.94,158
27.88,682
27.88,0
28,843
27.91,157
27.9,603
27.96,232
27.95,899
28.02,1225
28,473
27.93,400
27.88,475
27.88,0
27.81,100
27.81,0
27.85,674
27.85,175
27.88,200
27.88,0
27.88,0
27.88,0
27.88,0
27.9,209
27.87,112
27.87,0
27.96,100
27.94,1800
27.94,0
27.94,0
27.9,103
27.9,0
28.02,700
27.94,200
27.94,100
27.94,0
27.94,0
27.97,100
27.95,650
27.95,0
27.97,100
27.96,2969
28.04,231
28.04,0
28.04,0
28.04,0
28.04,0
28.04,0
28.04,0
28.04,0
28.04,0
28.04,0
27.84,100
27.84,0
27.84,0
27.84,0
27.83,100
27.83,100
27.85,173
27.85,0
27.84,206
27.84,200
27.87,300
27.88,200
27.89,200
27.93,400
27.95,502
27.95,0
27.94,600
27.94,200
27.94,0
27.94,0
27.88,100
27.88,0
27.9,500
27.91,300
27.95,200
27.91,400
27.91,0
27.88,100
27.9,930
27.91,300
27.91,0
27.91,0
27.98,246
27.98,129
27.98,0
27.93,100
27.93,0
28.06,129
28.06,0
28.06,0
28.2,100
28.2,0
28.29,100
28.2,535
28.18,116
28.18,0
28.18,0
28.1,100
28.12,100
28.15,100
28.15,100
28.16,700
28.16,100
28.12,401
28.12,0
28.15,400
28.15,200
28.14,100
28.15,1225
28.13,2006
28.19,200
28.17,300
28.18,136
28.18,235
28.2,200
28.18,152
28.2,600
28.22,2420
28.55,448
28.82,116
28.89,432
28.79,100
28.73,617
28.69,100
28.75,100
28.86,130
28.85,100
28.93,216
28.93,0
28.93,0
28.78,100
28.85,100
28.9,300
28.95,100
28.95,0
28.99,100
28.99,0
28.99,100
28.99,0
28.99,0
29.03,100
28.98,848
29.01,200
29.02,200
29,600
28.96,300
28.95,100
28.96,500
29,200
29,0
29,0
29.04,400
29,100
28.97,100
28.95,100
28.91,979
28.85,2008
29.12,300
29.08,689
28.93,100
28.93,0
28.93,0
28.79,131
28.79,0
28.79,0
28.63,200
28.68,100
28.68,100
28.68,300
28.69,500
28.7,300
28.74,500
28.78,400
28.75,300
28.75,400
28.73,400
28.73,0
28.78,307
28.78,539
28.78,604
28.78,565
28.85,630
28.83,1834
28.87,200
28.88,385
28.89,400
28.96,200
28.94,166
28.94,0
29,200
28.9,568
28.9,113
28.91,500
28.93,541
28.9,623
28.92,2300
28.69,100
28.69,0
28.69,0
28.69,0
28.57,100
28.59,100
28.54,100
28.57,113
28.57,0
28.57,0
28.37,300
28.37,0
28.37,0
28.31,100
28.33,200
28.35,100
28.38,175
28.38,0
28.38,0
28.38,0
28.39,200
28.39,0
28.45,100
28.45,0
28.41,100
28.43,475
28.43,0
28.43,0
28.3,100
28.3,0
28.36,508
28.36,100
28.23,600
28.23,0
28.19,1110
28.19,441
28.23,275
28.25,1057
28.34,1362
28.34,0
28.34,0
28.34,0
28.34,0
28.34,0
28.34,0
28.34,0
28.34,0
28.03,200
28.06,200
28.06,100
28.06,0
28.06,0
28.06,0
28.06,0
28.06,0
28.06,0
28.06,0
27.9,336
27.83,136
27.83,0
27.83,0
27.83,0
27.83,0
27.83,0
27.83,0
27.88,100
27.86,755
27.86,0
27.83,100
27.86,100
27.91,101
27.85,100
27.86,100
27.84,200
27.83,300
27.88,400
27.91,200
27.78,108
28.1,100
28.1,0
28.13,200
28.12,200
28.18,100
28.22,100
28.22,0
28.23,900
28.25,400
28.28,401
28.28,0
28.28,0
28.28,0
28.21,100
28.2,100
28.28,178
28.28,0
28.36,200
28.36,0
28.36,0
28.36,0
28.24,100
28.24,0
28.24,0
28.24,0
28.25,100
28.34,105
28.29,100
28.25,200
28.26,334
28.29,100
28.33,500
28.34,735
28.33,100
28.31,200
28.23,200
28.24,525
28.18,735
28.1,1440
27.71,100
27.71,0
27.48,240
27.45,100
27.42,100
27.56,100
27.56,0
27.56,0
27.56,0
27.4,210
27.41,100
27.41,0
27.41,0
27.41,100
27.41,0
27.41,0
27.54,100
27.54,0
27.61,210
27.61,0
27.57,100
27.57,0
27.57,0
27.67,100
27.67,0
27.56,100
27.59,200
27.59,170
27.51,300
27.43,100
27.43,253
27.45,100
27.45,0
27.2,365
27.08,200
27.08,0
27.01,100
26.95,500
26.96,2546
26.97,258
26.97,0
27.01,100
27.01,0
27.05,700
27.05,0
27.07,100
27.06,100
27.06,0
27.06,0
27.06,0
27.05,100
27.05,0
27.06,600
27.03,100
27.04,309
27.01,481
27.06,1200
27.12,236
27.15,200
27.19,200
27.17,100
27.19,104
27.22,2700
27.25,926
27.19,473
27.19,0
27.28,407
27.22,500
27.22,0
27.22,100
27.2,200
27.2,100
27.23,100
27.23,704
27.25,763
27.25,0
27.1,536
27.06,1353
27.19,340
27.12,1100
27.12,0
27.35,610
27.28,200
27.28,0
27.28,0
27.28,0
27.23,100
27.15,100
27.15,0
27.41,100
27.44,300
27.48,100
27.48,100
27.5,100
27.53,1093
27.67,1639
27.67,200
27.71,575
27.71,0
27.71,0
27.71,0
27.76,312
27.76,0
27.73,303
27.73,0
27.8,100
27.73,400
27.73,618
27.79,100
27.77,200
27.76,308
27.8,605
27.8,500
27.8,910
27.8,401
27.82,582
27.73,4109
27.63,100
27.58,150
27.53,217
27.53,0
27.37,342
27.37,0
27.52,130
27.57,264
27.57,0
27.49,200
27.43,398
27.48,225
27.32,1270
27.34,500
27.35,310
27.35,1121
27.44,900
27.44,100
27.44,0
27.44,180
27.47,534
27.46,510
27.46,0
27.5,100
27.46,100
27.45,200
27.49,100
27.49,0
27.35,600
27.34,100
27.34,0
27.32,100
27.32,601
27.33,100
27.3,100
27.19,100
27.16,479
27.06,1085
26.96,6732
26.96,100
26.96,0
26.87,2500
26.9,1700
26.77,2904
26.75,1753
26.69,1600
26.77,1500
26.8,1450
26.61,1018
26.65,712
26.67,100
26.73,400
26.67,1600
26.67,0
26.67,0
26.67,0
26.42,100
26.42,0
26.42,0
26.47,100
26.47,0
26.47,0
26.47,0
26.31,100
26.31,0
26.3,100
26.27,100
26.2,158
26.2,0
26.42,100
26.41,100
26.41,0
26.37,100
26.41,410
26.35,200
26.35,0
26.24,100
25.99,8824
25.81,100
25.68,100
25.77,200
25.71,1000
25.77,2042
25.77,0
25.82,355
25.73,1261
25.96,200
25.96,126
26,100
26,0
26.22,363
26.19,711
26.3,240
26.28,100
26.33,100
26.33,0
26.33,0
26.39,601
26.39,0
26.37,100
26.37,0
26.37,0
26.38,3887
26.36,1180
26.36,0
26.36,0
26.33,400
26.35,500
26.35,100
26.35,100
26.39,500
26.38,200
26.37,426
26.37,0
26.38,300
26.42,100
26.37,1941
26.37,0
26.37,0
26.56,654
26.54,2801
26.56,1526
26.55,123
26.7,100
26.7,0
26.7,0
26.56,500
26.55,300
26.73,666
26.63,660
26.55,1382
26.59,300
26.62,275
26.61,865
26.53,100
26.59,409
26.6,1285
26.6,400
26.59,3420
26.59,0
26.38,1374
26.31,500
26.31,618
26.2,100
26.17,175
26.12,102
26.06,550
26.05,100
26.18,100
26.27,100
26.26,900
26.26,0
26.21,296
26.2,200
26.17,1128
26.07,3750
25.74,482
25.63,100
25.47,600
25.39,2076
25.21,2751
25.15,604
24.99,300
24.95,100
25.02,1825
25.02,0
25.02,0
24.94,100
24.97,735
24.83,900
24.83,0
24.89,100
24.9,720
24.83,100
24.75,400
24.75,0
24.75,0
24.75,0
24.86,500
24.91,202
24.89,1227
24.89,0
24.88,200
24.89,456
24.8,135
24.62,100
24.56,1325
24.47,200
24.56,398
24.46,880
24.48,852
24.48,0
24.32,302
24.34,800
24.35,9860
23.85,1516
23.94,403
24.01,216
23.98,211
23.98,0
23.98,0
23.84,100
23.79,1286
23.74,1196
23.8,400
23.75,100
23.84,200
23.82,248
23.77,1201
23.72,300
23.92,200
23.83,300
23.83,0
23.88,200
23.84,200
23.83,712
23.85,227
23.87,779
23.92,404
23.93,366
23.95,200
23.89,100
23.85,694
23.85,0
23.87,600
23.85,200
23.9,417
23.94,487
23.89,100
23.85,1576
23.78,1033
23.81,801
23.67,7733
23.51,6535
23.58,1075
23.44,206
23.44,0
23.3,400
23.44,300
23.44,0
23.41,706
23.39,200
23.36,300
23.3,850
23.36,1000
23.41,400
23.44,420
23.41,600
23.56,640
23.79,300
23.88,200
23.93,1452
24.16,1807
24.23,2103
24.19,5747
24.11,335
24.1,2465
24.1,3002
24.08,6800
24.13,2274
24.25,1180
24.34,785
24.19,979
24.19,0
24.18,2017
24.18,0
24.22,1216
24.14,1400
24.12,910
24.19,1826
24.15,1205
24.12,400
24.25,1283
24.25,0
24.43,232
24.66,900
24.72,5253
24.7,6801
24.79,6229
24.7,300
24.5,275
24.5,0
24.5,700
24.42,2200
24.42,0
24.53,100
24.54,577
24.54,0
24.41,200
24.41,0
24.53,133
24.53,0
24.41,100
24.41,0
24.41,0
24.49,200
24.5,400
24.5,0
24.5,0
24.5,0
24.5,0
24.65,1819
24.65,0
24.65,800
24.65,100
24.64,1100
24.62,1000
24.62,606
24.56,779
24.59,1400
24.63,401
24.71,19487
24.55,300
24.26,621
24.16,200
23.97,501
23.93,1003
23.79,600
24,100
24.01,700
24.14,100
24.15,500
24.23,200
24.09,1628
24.23,200
24.29,400
24.4,612
24.65,2099
24.59,100
24.49,500
24.58,1256
24.61,224
24.55,100
24.55,0
24.65,200
24.71,903
24.69,600
24.67,200
24.68,1500
24.68,500
24.76,110
24.79,100
24.79,0
24.75,100
24.75,0
24.73,100
24.69,394
24.76,1345
24.79,100
24.77,892
24.81,2576
25.02,1075
25.02,0
25.02,0
24.62,300
24.66,200
24.77,200
24.77,0
24.77,0
24.83,200
24.82,634
24.9,400
24.9,0
24.9,0
24.89,200
24.9,350
24.89,400
24.89,0
24.87,300
24.87,0
24.72,100
24.72,100
24.72,0
24.74,300
24.73,300
24.73,0
24.82,300
24.82,0
24.73,100
24.73,802
24.76,700
24.75,900
24.72,900
24.72,400
24.71,443
24.71,1099
24.73,2279
24.76,3282
24.72,984
24.72,1875
24.72,4173
24.82,1209
24.87,1000
24.87,500
24.94,3264
25.04,1312
25.15,1061
25.13,1258
25.2,2110
25.2,2023
25.31,1130
25.24,600
25.29,1224
25.26,2315
25.21,1039
25.18,718
25.14,980
25.12,1700
25.22,727
25.21,1373
25.13,400
25.09,1681
25.05,700
24.98,2300
25.02,2400
25.04,4276
25.05,4023
25.05,4850
25.05,3694
25.03,2513
25.19,1712
25.28,1100
25.33,871
25.27,1085
25.26,500
25.19,4367
25.25,562
25.36,1068
25.45,2870
25.67,1759
25.66,300
25.69,1500
25.69,0
25.65,516
25.48,1289
25.58,1429
25.5,731
25.39,1100
25.32,600
25.15,400
25.24,432
25.32,300
25.27,2200
25.32,400
25.34,400
25.28,600
25.28,0
25.28,700
25.28,350
25.26,400
25.21,300
25.24,503
25.29,105
25.25,400
25.25,2000
25.18,400
25.23,1000
25.24,500
25.27,1030
25.23,1100
25.24,1334
25.29,767
25.31,1717
25.34,3644
25.4,600
25.45,1705
25.5,1801
25.64,8695
25.75,475
25.71,500
25.72,821
25.71,400
25.54,840
25.52,1000
25.36,200
25.43,200
25.39,200
25.29,800
25.36,1145
25.5,2000
25.51,2072
25.53,613
25.42,1680
25.36,500
25.34,100
25.32,600
25.17,700
25.17,200
25.12,100
25.09,300
25.09,0
24.84,200
24.74,1702
24.74,0
24.73,1438
24.76,1657
24.64,400
24.7,1010
24.65,1210
24.66,1509
24.52,100
24.65,6286
24.61,3534
24.72,800
24.72,11178
24.38,5440
24.15,10182
24.29,1517
24.3,1235
23.96,201
23.78,206
23.81,806
23.83,344
23.94,600
23.79,463
23.73,1217
23.77,600
23.61,800
23.68,897
23.66,2063
23.69,2090
23.71,2609
23.73,3987
23.66,1015
23.59,1038
23.64,1197
23.62,1640
23.53,1171
23.5,3106
23.58,325
23.69,1200
23.55,400
23.49,100
23.54,8594
23.56,427
23.47,609
23.44,100
23.39,200
23.27,2822
23.18,1699
23.15,1953
23.2,6400
23.15,6826
23.06,1000
23.08,2206
22.93,6683
23.1,1400
23.01,2717
23.09,100
23.09,0
23.05,400
23.06,100
23.06,1238
23.05,705
23.06,200
23.04,829
23.05,1584
23.04,1198
22.85,100
22.72,400
22.67,600
22.76,500
22.62,100
22.62,200
22.64,737
22.62,400
22.62,4000
22.65,600
22.67,200
22.62,1130
22.61,6502
22.65,600
22.62,1156
22.66,600
22.66,0
22.66,0
22.33,200
22.21,301
22.23,1233
22.19,563
22.19,1212
22.2,1894
22.16,2246
22.07,2836
22.06,10754
22.32,2878
22.47,2443
22.42,1121
22.42,2300
22.46,3280
22.6,1324
22.64,1506
22.56,2543
22.57,310
22.57,100
22.53,1740
22.61,5225
22.65,3900
22.64,1760
22.7,2500
22.74,1797
22.83,1904
22.83,2590
22.86,2537
22.86,3000
22.83,2010
22.81,646
22.82,1552
22.65,1225
22.66,4012
22.71,1702
22.71,2300
22.71,2388
22.67,2300
22.62,612
22.64,925
22.75,400
22.72,618
22.68,1500
22.73,3000
22.68,2745
22.72,4737
22.68,1958
22.62,3732
22.81,5712
22.6,900
22.45,2300
22.31,2300
22.31,2869
22.27,600
22.37,925
22.3,300
22.29,863
22.3,1012
22.29,819
22.32,700
22.42,900
22.38,491
22.31,1100
22.35,900
22.34,200
22.32,201
22.27,479
22.31,200
22.32,200
22.29,200
22.38,676
22.36,1027
22.31,1201
22.26,300
22.26,0
22.27,800
22.27,200
22.23,100
22.24,100
22.14,400
22.13,1703
22.09,901
21.93,2302
21.95,899
21.91,625
21.88,1443
21.86,7823
21.51,4528
21.68,1557
21.56,600
21.62,1314
21.53,625
21.59,4093
21.5,395
21.52,567
21.52,300
21.45,1648
21.54,9233
21.61,345
21.63,200
21.61,100
21.61,0
21.56,1324
21.56,200
21.6,730
21.45,525
21.31,483
21.33,500
21.51,855
21.53,1200
21.56,1650
21.52,1773
21.45,2632
21.51,1150
21.54,1838
21.51,694
21.48,800
21.45,1610
21.37,825
21.29,208
21.19,625
21.1,405
21.07,996
21.11,2481
21.1,4648
20.91,11189
20.83,330
20.92,700
20.93,1403
20.89,2200
20.84,1256
20.79,1800
20.8,1100
20.79,2225
20.9,3100
20.89,1000
20.88,800
20.79,900
20.76,500
20.83,215
20.9,600
20.88,1000
20.82,712
20.79,800
20.77,800
20.86,300
20.82,700
20.78,1000
20.74,1465
20.81,475
20.8,1429
20.78,900
20.74,690
20.79,800
20.73,775
20.65,300
20.59,1600
20.67,1300
20.61,1100
20.66,1967
20.6,2830
20.56,1775
20.47,1035
20.5,1651
20.61,11175
20.51,800
20.57,625
20.67,9896
20.94,2173
21.08,701
21.04,2063
20.95,500
20.92,987
20.95,1395
21,2025
21.07,447
21.15,982
21.15,1242
21.09,1202
21.14,1640
21.14,670
21.12,335
20.99,300
21.08,510
20.99,300
20.98,507
20.95,1765
20.91,247
20.79,6458
20.52,2876
20.49,2882
20.46,2960
20.43,1487
20.48,675
20.42,1778
20.52,1356
20.68,480
20.61,756
20.63,1128
20.61,2073
20.54,1190
20.43,1817
20.45,3114
20.35,8285
20.43,100
20.43,341
20.48,1466
20.45,4311
20.39,333
20.49,4816
20.55,1193
20.54,1921
20.59,1594
20.46,526
20.46,1075
20.4,227
20.4,272
20.43,1220
20.39,1091
20.51,1251
20.39,639
20.42,475
20.44,200
20.42,513
20.36,200
20.35,400
20.3,2463
20.31,232
20.26,104
20.27,500
20.31,1270
20.23,602
20.23,860
20.22,1180
20.26,1070
20.24,915
20.22,1627
20.2,590
20.17,2580
20.17,3752
20.14,2819
20.09,5902
20.13,20153
20.28,985
20.23,2915
20.14,1376
20.17,1635
20.15,935
20.22,1055
20.22,1824
20.34,2301
20.35,3144
20.32,2740
20.43,1420
20.29,100
20.31,430
20.33,600
20.26,1192
20.23,752
20.16,300
20.2,2557
20.2,378
20.12,569
20.14,404
20.19,631
20.2,1459
20.3,867
20.3,0
20.19,1381
20.21,1754
20.17,1355
20.16,1864
20.18,960
20.12,1801
20.02,3302
20,1330
19.9,1740
19.89,2816
19.9,3172
19.85,2072
19.83,2626
19.78,8025
19.96,1129
19.9,2136
19.85,510
19.72,3295
19.71,310
19.64,300
19.58,242
19.59,443
19.7,477
19.73,1828
19.6,506
19.71,298
19.71,0
19.62,100
19.62,0
19.57,410
19.58,1955
19.56,1601
19.52,500
19.45,270
19.5,510
19.48,740
19.6,360
19.6,447
19.65,910
19.77,100
19.79,919
19.82,1275
19.88,2182
19.96,630
20.13,1357
20.09,600
20.03,1101
20.05,1716
19.94,1230
19.86,1244
19.77,2928
19.81,1735
19.81,5793
19.64,100
19.64,0
19.42,100
19.25,200
19.28,1019
19.24,1525
19.12,764
19.07,7300
19.06,11362
19.02,1760
19.04,758
19,1073
18.94,2908
18.94,3560
19,2918
19.12,1924
19.16,1254
19.11,997
19.18,350
19.29,1490
19.29,991
19.19,2356
19.09,1261
19.1,1372
19.11,765
19.08,1367
18.98,1440
18.94,761
18.93,910
18.89,420
18.82,1340
18.9,3156
18.94,2480
18.92,1192
18.88,1938
18.88,2539
18.9,2305
18.88,6688
18.9,6079
19.22,1865
19.3,300
19.4,600
19.15,975
18.82,700
18.83,300
18.67,300
18.57,727
18.64,500
18.62,700
18.62,1396
18.65,451
18.65,0
18.78,820
18.85,204
18.89,1437
19.02,1540
18.95,5507
18.98,810
18.95,597
19.02,475
18.96,1200
18.96,500
19.02,2824
19.15,3382
19.2,825
19.25,300
19.29,542
19.25,1433
19.34,2649
19.36,1931
19.44,600
19.5,3443
19.47,3551
19.55,1217
19.56,575
19.53,1047
19.59,2582
19.6,5912
19.72,200
19.88,200
19.92,900
19.98,700
19.99,1438
20.05,725
19.87,2283
19.75,800
19.85,304
19.85,0
19.86,712
19.86,0
19.86,0
19.78,225
19.82,450
19.83,300
19.82,504
19.81,1149
19.84,200
19.9,100
19.87,1392
19.98,575
20.02,300
19.99,400
20.01,693
20.01,300
20,912
20.03,100
20.04,792
20.09,1550
20.05,825
20.13,836
20.2,1275
20.21,875
20.22,2035
20.19,3944
20.16,4002
20.18,3881
19.98,10151
20.28,1008
20.77,2325
21.39,4950
21.29,5541
21.67,3649
21.72,4467
21.8,8761
21.7,4773
21.64,550
21.54,1913
21.35,1365
21.37,1317
21.39,1925
21.56,800
21.61,650
21.56,2275
21.48,700
21.28,550
21.28,0
21.15,900
21.06,936
21.11,1307
21.3,700
21.29,818
21.42,400
21.58,1660
21.63,1432
21.67,2400
21.62,2381
21.59,2276
21.6,1500
21.6,1038
21.59,1598
21.81,2100
21.84,1866
21.77,1900
21.89,1500
22.05,5025
22.18,5885
22.94,950
23.1,3102
23.06,3873
23.06,4349
23.02,1845
23.08,3057
23.04,1047
23.04,2406
23.02,2725
23.11,2570
23.28,768
23.36,345
23.2,497
23.3,814
23.36,135
23.4,830
23.49,611
23.61,6638
23.7,696
23.76,1904
23.75,2313
23.81,1005
23.97,805
23.85,298
23.87,1480
23.82,402
23.84,1512
23.81,1129
23.81,730
23.81,2446
23.8,2162
23.84,639
23.8,1091
23.81,631
23.81,2703
23.95,3412
23.99,2684
24.1,1946
24.04,7435
24.04,0
24.56,787
24.6,100
24.64,200
24.64,0
24.43,200
24.19,383
24.14,300
24.14,350
24.15,500
24.06,1199
24.01,2001
24.11,800
24.16,1000
24.14,1617
24.06,200
24.09,300
24.04,1653
23.99,900
23.98,128
24.04,200
24.07,1700
24.04,600
23.88,200
23.9,1506
23.88,938
23.94,1390
23.88,1417
23.77,559
23.89,1175
23.95,200
23.94,312
23.95,406
23.95,0
23.95,0
23.81,2000
23.82,910
23.8,400
23.8,27136
24.09,100
24.09,0
23.77,400
23.74,303
23.58,229
23.56,300
23.57,600
23.61,300
23.55,300
23.64,1577
23.74,450
23.73,219
23.72,225
23.62,400
23.65,100
23.65,305
23.65,300
23.72,900
23.77,4931
23.81,357
23.77,1021
23.83,431
23.88,1085
23.79,3201
23.76,400
23.72,2685
23.7,186
23.71,464
23.67,300
23.77,500
23.88,1515
23.91,929
23.96,2000
23.96,4457
24.05,4556
24.03,10867
23.94,5343
23.88,7200
23.83,2460
23.55,100
23.39,100
23.42,825
23.42,0
23.42,0
23.36,566
23.4,2929
23.38,625
23.42,956
23.39,1505
23.4,1900
23.39,1900
23.3,2900
23.34,1525
23.24,3789
23.14,400
23.1,300
23.11,1536
23.17,525
23.08,2950
23.04,850
23.06,4871
23.07,516
23.07,200
23.06,3400
23.09,600
23.07,425
23.1,3800
22.99,526
22.98,2125
22.97,3359
22.89,1475
22.9,725
22.8,2409
22.74,5082
22.73,3307
22.65,6831
22.71,7076
22.69,11199
22.48,100
22.46,425
22.46,0
22.46,0
22.53,100
22.57,800
22.57,406
22.71,100
22.72,1550
22.69,1750
22.73,100
22.77,1000
22.81,700
22.92,125
23.06,350
22.98,167
22.98,525
22.98,4500
22.88,1358
23.06,775
23.1,500
23.21,1475
23.16,2800
23.19,1550
23.19,106
23.22,360
23.33,525
23.33,200
23.3,3000
23.27,1000
23.27,0
23.2,660
23.21,731
23.22,3500
23.12,400
23.22,406
23.04,120
23.03,3516
22.98,4178
22.9,1738
22.85,1200
22.88,4800
22.92,5100
22.91,2631
22.95,2376
22.95,1100
22.97,900
23.04,600
23.12,1310
23.14,1769
23.06,300
23.04,1593
23.04,0
23.03,500
23.05,966
23.06,400
23.06,2201
23.08,322
23.03,500
23.07,604
23.07,300
22.94,100
22.95,827
23,600
22.97,1800
22.92,1400
22.92,0
22.83,100
22.83,0
22.78,100
22.71,244
22.68,200
22.68,200
22.7,106
22.71,1100
22.72,1001
22.73,1600
22.76,24946
22.91,100
22.76,982
22.58,200
22.34,300
22.19,1365
22.33,1997
22.32,500
22.31,1912
22.31,0
22.37,1102
22.47,402
22.68,250
22.63,101
22.63,0
22.53,701
22.55,696
22.55,301
22.5,403
22.55,133
22.55,200
22.55,0
22.48,500
22.45,200
22.42,300
22.32,100
22.41,200
22.37,100
22.37,0
22.4,124
22.39,1317
22.38,424
22.39,697
22.37,793
22.34,462
22.36,771
22.46,213
22.48,950
22.52,1590
22.44,5219
22.27,433
22.49,250
22.53,300
22.61,200
22.61,0
22.61,0
22.61,0
22.61,0
22.61,0
22.61,0
22.92,209
22.94,100
22.94,0
23.02,252
22.97,100
22.89,332
22.83,100
22.91,726
22.91,2422
22.91,105
22.91,0
22.82,100
22.85,100
22.86,102
22.72,1387
22.72,1028
22.64,600
22.66,1352
22.44,100
22.44,1422
22.4,1061
22.35,2311
22.38,278
22.38,0
22.38,0
22.38,0
22.38,0
22.38,0
22.35,1987
23.23,307
23.23,0
23.12,200
23.2,100
23.2,100
23.23,200
23.25,200
23.23,299
23.43,499
23.44,316
23.44,0
23.44,200
23.44,0
23.47,400
23.47,0
23.14,186
23.14,0
23.15,200
23.15,0
23.15,0
23.15,0
23.15,0
23.15,0
23.15,0
23.18,785
23.21,506
23.21,0
23.29,347
23.25,184
23.18,306
23.2,100
23.2,0
23.2,0
23.31,118
23.31,0
23.43,221
23.52,1972
23.47,1466
23.52,1294
23.74,300
23.77,227
23.89,400
23.96,200
24,200
24.19,200
24.19,0
24.2,200
24.18,625
24.23,712
24.22,200
24.28,100
24.17,200
24.13,470
24.21,100
24.2,300
24.12,600
24.17,300
24.22,100
24.25,200
24.23,100
24.29,203
24.29,800
24.37,1029
24.34,300
24.36,200
24.29,812
24.36,200
24.36,650
24.38,900
24.47,500
24.39,654
24.36,866
24.36,3051
24.39,609
24.33,946
24.41,197
24.38,730
24.41,2543
24.48,1406
24.42,3086
24.42,1325
24.41,480
24.36,445
24.47,100
24.5,1175
24.42,100
24.41,1125
24.33,1200
24.33,0
24.26,599
24.34,600
24.35,1893
24.39,800
24.43,100
24.45,100
24.47,738
24.43,200
24.49,700
24.44,200
24.44,0
24.44,475
24.5,100
24.46,300
24.49,500
24.49,0
24.46,418
24.49,700
24.49,300
24.49,500
24.49,0
24.43,425
24.43,200
24.42,1875
24.36,200
24.34,300
24.38,10661
24.36,3946
24.47,225
24.49,100
24.38,1169
24.47,100
24.47,100
24.49,100
24.46,600
24.46,0
24.43,200
24.39,133
24.39,0
24.35,214
24.35,0
24.35,0
24.26,303
24.3,100
24.3,0
24.3,0
24.3,0
24.3,0
24.29,100
24.29,0
24.35,100
24.35,0
24.35,0
24.35,0
24.35,200
24.38,300
24.38,100
24.38,0
24.38,0
24.38,0
24.38,0
24.25,200
24.28,200
24.26,300
24.26,0
24.23,500
24.2,3065
24.04,100
24.04,0
24.01,200
24.06,317
24.06,0
23.98,100
23.98,0
23.94,430
23.92,1161
23.92,0
23.81,313
23.84,1327
23.86,110
23.89,110
23.89,0
23.89,1005
23.87,340
23.92,458
23.83,200
23.83,100
23.83,346
23.83,0
23.83,0
23.89,1130
23.89,0
23.87,200
23.87,0
23.85,1000
23.87,1328
23.87,0
23.68,100
23.69,632
23.61,223
23.62,400
23.67,120
23.67,2021
23.74,310
23.74,783
23.77,739
23.85,100
23.83,100
23.83,0
23.88,200
23.88,186
23.84,100
23.92,1318
23.88,330
23.94,335
23.94,0
23.89,100
23.89,0
23.89,0
23.85,100
23.85,0
23.85,0
23.91,200
23.91,0
23.91,0
23.91,0
23.91,0
23.91,0
23.91,0
23.91,0
23.86,100
23.84,100
23.84,204
23.83,400
23.83,0
23.73,1654
23.73,500
23.61,200
23.62,1516
23.69,200
23.78,332
23.78,0
23.78,0
23.64,577
23.59,4515
23.59,600
23.61,700
23.61,0
23.61,0
23.35,3000
23.52,800
23.5,3306
23.51,600
23.63,600
23.66,204
23.74,3504
23.76,235
23.79,1030
23.76,1102
23.77,1311
23.8,200
23.75,300
23.75,0
23.81,300
23.81,0
23.77,200
23.82,400
23.83,100
23.83,0
23.83,0
23.84,609
23.84,0
23.86,200
23.86,0
23.89,300
23.78,240
23.78,0
23.78,360
23.78,400
23.83,835
23.81,100
23.81,0
23.81,0
23.82,1464
23.87,200
23.77,200
23.96,400
23.99,100
23.94,608
23.99,1743
24,200
23.97,200
23.99,606
23.97,1275
23.97,0
23.97,0
23.97,0
23.96,100
23.96,0
23.96,200
23.99,300
24.02,200
23.92,100
23.99,311
23.96,402
23.96,0
23.74,583
23.74,0
23.57,700
23.63,500
23.58,534
23.61,2200
23.59,1300
23.59,0
23.62,874
23.61,1704
23.65,943
23.7,200
23.64,1220
23.7,400
23.68,300
23.69,1100
23.69,200
23.66,400
23.66,504
23.65,600
23.65,100
23.65,0
23.65,0
23.64,200
23.63,800
23.63,0
23.63,0
23.63,0
23.62,200
23.57,273
23.53,500
23.5,800
23.36,950
23.35,500
23.3,4712
23.28,600
23.29,561
23.31,1102
23.33,5190
23.47,215
23.43,1155
23.38,1376
23.36,400
23.29,610
23.24,2263
23.3,1860
23.27,5026
23.31,4300
23.45,1600
23.44,1275
23.44,2950
23.42,1400
23.44,1300
23.32,700
23.34,400
23.32,700
23.28,800
23.33,1602
23.34,700
23.32,600
23.4,1125
23.3,2800
23.3,0
23.25,980
23.28,500
23.29,680
23.3,200
23.32,400
23.27,1015
23.23,400
23.28,800
23.28,1700
23.26,309
23.28,602
23.25,3179
23.25,3300
23.29,6745
23.35,1663
23.73,201
23.73,0
23.73,0
23.88,1000
23.89,1354
23.91,1002
23.89,505
23.93,1038
23.91,1104
23.84,1090
23.8,1493
23.74,790
23.75,870
23.81,830
23.83,602
23.8,1218
23.8,300
23.8,220
23.84,100
23.81,1931
23.73,870
23.74,450
23.77,320
23.77,0
23.77,0
23.62,773
23.62,0
23.62,0
23.62,0
23.53,320
23.51,230
23.51,0
23.42,400
23.4,364
23.36,1787
23.17,1000
23.21,2587
23.08,663
23.13,1416
23.12,400
22.82,670
22.82,600
22.87,1350
22.81,1600
22.81,4128
22.86,2525
22.94,200
23.07,200
23.1,400
23.18,100
23.18,0
23.13,400
23.05,328
23.05,0
23.11,300
23.16,1014
23.06,646
23.03,544
23.05,280
23.05,0
23.06,6408
23.2,2123
23.2,600
23.2,0
23.11,565
23.09,1124
22.99,2466
23.2,1700
23.29,1805
23.31,983
23.35,929
23.46,2366
23.57,589
23.51,1400
23.33,1555
23.28,600
23.3,1908
23.37,4853
23.66,300
23.71,300
23.72,325
23.85,300
23.91,206
24.04,100
24.03,300
24.03,0
24.03,0
23.86,1209
23.91,1096
24.1,456
24.21,950
24.2,550
24.24,4915
24.34,775
24.32,225
24.32,1575
24.28,1000
24.43,100
24.54,500
24.59,602
24.66,555
24.79,336
24.9,300
24.87,250
24.86,600
24.86,0
24.66,100
24.58,400
24.68,100
24.74,200
24.86,692
24.83,485
24.78,200
24.84,1050
24.91,1267
24.82,1206
24.84,6701
24.83,296
24.83,500
24.83,1601
24.87,960
24.92,909
24.88,325
24.81,200
24.81,400
24.83,100
24.65,130
24.63,911
24.82,100
24.76,200
24.79,187
24.83,200
24.85,500
24.86,303
24.86,2383
24.64,100
24.47,100
24.46,500
24.47,1251
24.41,100
24.39,100
24.39,0
24.32,900
24.35,400
24.31,600
24.34,100
24.42,100
24.42,0
24.56,200
24.57,100
24.57,0
24.28,100
24.29,200
24.31,100
24.31,0
24.35,1508
24.52,300
24.33,200
24.33,0
24.74,300
24.69,439
24.34,100
24.15,200
24.15,0
24.15,0
24.26,481
24.31,200
24.31,2300
24.26,402
24.27,101
24.17,100
24.17,0
24.17,0
24.49,700
24.49,0
24.49,0
24.49,0
24.47,100
24.47,200
24.47,0
24.47,0
24.46,500
24.48,100
24.44,100
24.45,343
24.42,1346
24.39,280
24.29,151
24.35,1266
24.27,1659
24.23,727
24.2,1589
24.05,1300
24.05,500
24.19,3734
24.19,0
24.54,600
24.54,0
24.56,300
24.8,163
24.75,400
24.86,200
24.75,700
24.77,300
24.83,450
24.83,100
24.83,100
24.83,0
24.83,0
24.36,625
24.37,200
24.38,200
24.3,102
24.28,100
24.31,400
24.24,100
24.22,300
24.22,0
24.27,100
24.31,185
24.31,0
24.31,0
24.31,0
24.42,300
24.42,0
24.32,100
24.33,200
24.36,443
24.31,100
24.29,100
24.32,616
24.32,0
24.4,617
24.51,757
24.39,100
24.39,0
24.39,0
24.39,0
24.39,0
24.73,100
24.74,600
24.75,100
24.75,0
24.75,0
24.75,0
24.75,0
24.75,0
24.75,0
24.75,0
24.75,0
24.75,0
24.75,0
24.75,0
24.75,0
24.75,0
24.75,0
24.75,0
24.72,200
24.72,0
24.82,100
24.86,700
24.79,200
24.82,725
24.86,2571
24.87,200
24.91,200
24.93,305
24.93,453
25.03,4110
25.09,1331
25.22,703
25.21,2336
25.27,2896
25.2,100
25.22,159
25.22,0
25.3,300
25.3,0
25.43,200
25.43,0
25.39,100
25.38,300
25.51,190
25.47,801
25.35,300
25.51,500
25.36,200
25.39,100
25.35,200
25.34,200
25.41,563
25.41,0
25.51,600
25.39,400
25.34,412
25.35,200
25.26,400
25.3,845
25.26,100
25.28,200
25.2,100
25.13,600
25.08,857
25.09,507
25.09,301
25.2,300
25.26,975
25.33,2455
25.33,882
25.27,200
25.27,926
25.12,1519
25.33,900
25.18,1200
25.15,800
24.9,5515
24.92,400
24.9,1900
24.85,300
24.9,2100
25.02,100
24.97,100
24.97,0
24.97,0
24.96,200
24.92,200
24.92,0
24.95,300
24.93,550
24.92,200
24.92,0
24.85,100
24.78,758
24.82,401
24.82,0
24.89,100
24.93,100
24.93,0
24.93,0
24.93,0
25.23,100
25.22,568
25.31,830
25.31,0
25.34,1757
25.43,1273
25.43,504
25.5,1427
25.51,3465
25.69,806
25.6,2084
25.4,800
25.4,0
25.37,500
25.36,203
25.34,100
25.4,411
25.39,444
25.3,1000
25.27,792
25.25,100
25.25,0
25.25,0
25.07,750
25.07,0
24.96,579
24.96,100
24.96,0
24.96,0
24.96,0
25,300
24.96,100
25.08,200
25.08,0
25.04,200
25.04,800
25.07,200
25.15,100
25.15,0
25.19,100
25.2,300
25.2,0
25.13,300
25.17,400
25.16,617
25.21,747
25.17,350
25.13,108
25.17,550
25.17,1372
25.09,500
25.09,300
25.05,500
25.05,0
25.04,300
25.04,0
25.07,290
25.22,920
25.26,170
25.26,463
25.17,670
25.17,0
25.17,0
25.17,0
25.17,0
25.17,0
25.18,110
25.16,400
25.08,960
25.08,0
25.09,230
25.11,991
25.11,0
25.07,729
25.05,326
25.05,0
25.18,2752
25.47,200
25.57,1348
25.73,1100
25.72,500
26.08,945
26.11,1569
26.27,106
26.18,906
26.12,440
26.08,2522
26.37,1310
26.48,11756
27.44,300
27.35,300
27.47,301
27.45,2900
27.34,1400
27.37,4069
27.33,1318
27.33,800
27.27,1005
27.26,506
27.27,900
27.24,512
27.27,1912
27.4,200
27.4,0
27.4,0
27.4,1183
27.54,300
27.49,490
27.6,1899
27.51,900
27.35,600
27.43,900
27.43,900
27.35,1701
27.34,502
27.25,341
27.23,1240
27.21,1179
27.27,600
27.25,290
27.26,530
27.24,100
27.4,809
27.4,700
27.43,1004
27.37,1384
27.37,4403
27.62,4554
27.62,0
27.62,0
27.1,200
27.1,0
27.1,0
27.1,0
27.1,0
27.56,100
27.56,100
27.77,100
27.68,784
27.69,625
27.61,697
27.61,0
27.65,500
27.65,500
27.41,100
27.37,100
27.55,300
27.58,100
27.58,0
27.56,200
27.51,200
27.51,0
27.51,1100
27.52,1100
27.33,100
27.15,200
27.12,300
27.14,700
27.08,700
27.06,500
26.99,400
26.93,100
26.95,900
26.88,2202
26.97,1104
26.9,2408
26.97,6553
27.09,300
27.12,100
27.29,300
27.31,500
27.15,200
27.15,0
27.03,131
27.03,0
27.03,100
27,500
27.02,600
26.96,200
26.93,133
26.93,0
26.93,0
27.05,4490
27.02,162
27.17,300
27.17,0
27.17,0
27.12,536
27.08,100
27.11,400
27.07,200
27.07,0
27.06,200
27.01,400
27.09,200
27.09,0
27.09,0
27.01,478
27.01,0
27.03,100
26.93,458
26.94,300
26.93,440
26.95,370
26.88,884
26.92,1877
27.5,451
27.5,0
27.75,301
27.62,300
27.76,100
27.77,1500
27.77,0
27.77,0
27.54,200
27.49,100
27.5,1375
27.55,200
27.51,100
27.5,100
27.46,100
27.37,300
27.37,0
27.19,200
27.24,100
27.23,100
27.23,0
27.16,100
27.09,200
27.06,100
27.08,100
27.08,0
27.05,100
27.05,0
27.05,0
26.95,100
27.06,100
27.06,400
26.97,200
26.95,500
26.95,300
26.95,0
27.06,1009
27.26,600
27.28,3067
27.34,319
27.6,396
27.78,819
27.78,0
27.69,802
27.58,426
27.75,734
27.73,600
27.73,100
27.82,1256
27.77,381
27.75,691
27.71,700
27.56,692
27.43,383
27.43,800
27.33,1388
27.23,500
27.23,0
27.18,800
27.49,400
27.41,322
27.44,200
27.48,1358
27.51,700
27.51,0
27.47,212
27.49,315
27.55,575
27.7,669
27.66,100
27.5,100
27.5,0
27.29,300
27.38,200
27.46,1197
27.36,400
27.3,1100
27.07,1932
27.46,200
27.52,700
27.76,100
27.73,200
27.7,100
27.92,300
27.76,600
27.76,0
27.76,0
27.9,200
27.95,302
27.99,100
27.97,100
27.98,200
27.98,0
27.98,0
27.82,1800
27.76,100
27.79,200
27.79,100
27.73,500
27.77,638
27.78,1116
27.75,301
27.89,100
27.76,200
27.77,1460
27.94,300
27.92,600
27.85,100
27.85,0
28.02,500
28.02,200
27.89,8556
27.85,5931
27.99,8200
28.04,1200
28.1,2812
28.1,2500
28.42,700
28.46,200
28.46,0
28.45,200
28.39,500
28.24,3900
28.43,2505
28.43,6500
28.26,300
28.2,100
28.2,0
28.32,600
28.31,100
28.17,100
28.17,0
28.26,100
28.22,200
28.22,400
28.22,0
28.22,0
28.22,0
28.22,0
28.17,300
28.15,100
28.26,400
28.26,0
28.3,113
28.29,400
28.27,200
28.28,705
28.13,300
28.17,501
28.31,500
28.32,100
28.32,0
28.17,435
28.24,300
28.22,1012
28.22,7358
28.22,0
28.22,0
28.22,0
28.22,0
28.48,257
28.48,0
28.48,0
28.52,100
28.5,428
28.5,0
28.53,150
28.53,200
28.52,100
28.42,330
28.34,100
28.34,0
28.37,475
28.47,240
28.48,203
28.48,0
28.48,0
28.48,0
28.48,200
28.48,0
28.4,100
28.39,197
28.37,100
28.37,0
28.37,0
28.37,0
28.37,0
28.37,0
28.42,825
28.42,0
28.53,486
28.53,200
28.52,530
28.5,200
28.49,146
28.57,300
28.76,400
28.73,100
28.71,300
28.73,600
28.63,200
28.6,100
28.5,310
28.33,700
28.48,200
28.46,300
28.47,200
28.48,100
28.52,300
28.55,100
28.5,200
28.5,0
28.47,200
28.53,200
28.6,585
28.6,0
28.66,300
28.65,100
28.62,215
28.6,733
28.65,450
28.65,0
28.65,0
28.65,0
28.46,700
28.52,200
28.5,400
28.52,100
28.5,100
28.53,200
28.52,100
28.47,300
28.44,225
28.35,3439
28.35,0
28.35,0
28.48,334
28.44,200
28.35,400
28.29,201
28.26,800
28.13,200
28.09,425
28.09,325
28.07,200
28.07,0
28.04,100
28.04,0
28.04,0
28.04,0
28.04,0
28.1,680
28.1,0
28.11,200
28.09,100
28.09,0
27.97,100
27.97,0
28.02,200
28.02,0
28.05,100
28.05,100
28.03,200
28.03,0
28.06,100
28.11,100
28.09,300
28.09,0
28.16,100
28.17,300
28.17,0
28.22,500
28.16,809
27.95,534
28.22,100
28.23,200
28.23,0
28.23,0
28.19,500
28.1,100
28.12,300
28.08,100
28.08,331
28.08,0
28.08,2101
28.08,0
28.03,100
28.1,200
27.99,1603
27.99,0
27.97,316
28.08,500
28.13,199
28.15,100
28.1,3200
28.05,200
28.05,0
28.05,0
28.08,200
28.14,100
28.14,0
28.14,0
28.2,355
28.2,0
28.2,0
28.22,100
28.22,0
28.25,100
28.26,100
28.26,0
28.2,530
28.17,1544
27.82,701
28.09,300
28.17,567
28.39,400
28.3,625
28.26,358
28.16,465
28.17,1510
28.19,400
28.16,200
28.22,525
28.12,376
28.06,500
27.99,200
28.02,1300
28.02,200
28.05,507
28,900
28.21,100
28.21,492
28.32,720
28.3,1500
28.23,300
28.26,100
28.31,450
28.29,1375
28.3,605
28.14,200
28.13,1233
28.07,500
28,200
28,200
27.94,317
27.83,1223
27.66,1000
27.72,400
27.7,100
27.7,1375
27.9,7921
27.69,200
27.6,300
27.66,200
27.61,600
27.61,302
27.61,0
27.61,0
27.48,200
27.45,300
27.45,0
27.45,0
27.45,0
27.6,100
27.57,100
27.57,0
27.62,200
27.55,100
27.51,400
27.57,200
27.57,0
27.52,500
27.59,600
27.75,1098
27.73,200
27.71,200
27.67,300
27.72,208
27.68,749
27.68,0
27.69,100
27.82,100
27.72,100
27.64,100
27.59,300
27.46,401
27.5,100
27.55,529
27.56,400
27.51,13438
27.33,100
27.38,304
27.29,800
27.22,100
27.22,0
27.22,0
27.22,0
27.22,0
27.22,0
27.27,100
27.3,100
27.3,0
27.3,0
27.3,0
27.3,0
27.3,0
27.3,0
27.27,100
27.27,0
27.18,372
27.16,100
27.28,1000
27.32,1425
27.32,0
27.32,0
27.32,0
27.22,200
27.22,0
27.22,0
27.22,0
27.22,0
27.16,100
27.16,0
27.29,700
27.27,200
27.27,0
27.27,500
27.23,200
27.22,1986
27.22,0
27.06,100
27.35,875
27.49,600
27.64,225
27.64,0
27.59,1104
27.55,100
27.49,430
27.5,100
27.55,100
27.55,0
27.55,0
27.55,0
27.28,400
27.18,100
27.18,0
27.18,0
27.18,0
27.18,0
27.18,0
27.18,0
27.05,105
27.05,0
27.15,300
27.22,100
27.22,0
27.27,100
27.43,400
27.45,100
27.43,300
27.32,200
27.28,314
27.24,235
27.22,350
27.19,100
27.15,428
27.16,429
27.23,4246
27,400
26.92,100
26.89,200
27.07,309
27.07,0
27.02,503
27.02,0
27.08,300
27.08,125
27.08,0
27.08,0
27.08,0
27.25,100
27.25,0
27.25,0
27.25,0
27.25,0
27.25,0
27.25,0
27.25,0
27.45,100
27.48,225
27.48,0
27.45,100
27.45,0
27.45,0
27.48,361
27.46,425
27.49,1000
27.66,2137
27.67,200
27.65,3780
27.67,200
27.69,300
27.75,100
27.75,0
27.75,0
27.75,0
27.65,5007
27.65,0
27.14,300
27.08,200
27.08,0
27.08,0
27.08,0
27.08,0
27.1,100
27.14,100
27.14,0
27.11,100
27.11,0
27.11,0
27.11,0
27.14,100
27.14,0
27.32,104
27.32,0
27.33,200
27.33,0
27.33,0
27.32,700
27.23,850
27.2,625
27.14,1136
27.14,0
27.27,203
27.3,100
27.32,694
27.32,0
27.27,200
27.17,100
27.3,200
27.3,0
27.24,762
27.31,1512
27.22,802
27.18,516
27.17,693
27.17,0
27.3,100
27.3,0
27.3,0
27.3,0
27.3,0
27.3,0
27.3,0
27.3,0
27.3,0
27.3,0
27.3,0
27.3,0
27.3,0
27.3,0
27.3,0
27.3,0
27.3,0
27.54,162
27.54,0
27.54,0
27.36,219
27.44,140
27.44,0
27.44,0
27.44,0
27.44,0
27.44,0
27.44,0
27.44,0
27.44,0
27.44,0
27.44,0
27.44,0
27.79,100
27.82,200
27.82,0
27.63,400
27.59,4708
27.52,100
27.46,650
27.32,100
27.08,100
27.08,0
27.08,0
27.08,0
27.08,0
27.08,0
27.08,0
27.08,0
26.92,100
26.96,100
27,100
27,0
27.14,100
27.14,0
27.14,0
27.1,400
27.12,137
27.12,0
27.19,100
27.19,0
27.19,0
27.23,200
27.23,0
27.23,0
27.23,0
27.36,244
27.39,200
27.44,500
27.55,100
27.57,400
27.4,1225
27.4,1900
27.31,581
27.31,0
27.12,100
27.12,1306
27.12,0
27.83,100
27.75,106
27.42,300
27.42,0
27.27,600
27.32,100
27.2,235
27.13,100
27.13,0
27.07,572
27.07,0
27.07,0
27.07,0
27.07,0
27.07,0
27.07,0
27.44,500
27.44,0
27.44,0
27.44,0
27.44,0
27.44,0
27.42,100
27.47,765
27.47,0
27.4,100
27.43,100
27.43,0
27.43,0
27.43,0
27.43,0
27.14,100
27.14,0
27.14,0
27.05,400
27.05,0
27.03,900
27.06,5127
26.87,817
26.58,720
26.81,300
26.96,100
27.1,700
27.3,100
27.3,0
27.2,137
27.16,309
26.92,1200
27.04,200
27.11,200
27.11,0
27.11,0
27.11,0
27.02,100
26.99,600
26.84,100
26.85,300
26.84,1700
26.8,500
26.8,400
26.75,100
26.81,500
26.81,0
26.97,400
26.89,100
26.97,235
26.97,0
27.03,100
27.03,678
27.14,899
27.21,1304
27.23,3181
27.11,1915
27.17,1949
27.25,1100
27.2,1226
27.33,3127
26.71,900
26.98,200
27.01,1000
26.87,600
26.97,200
27,300
26.9,300
26.95,1500
26.71,1156
26.71,501
26.83,100
26.63,100
26.63,0
26.61,200
26.55,1100
26.55,0
26.6,300
26.57,200
26.57,0
26.72,400
26.75,231
26.7,100
26.7,0
26.61,313
26.55,500
26.52,500
26.6,1100
26.69,100
26.76,200
26.85,200
26.85,0
26.88,2250
26.92,700
26.8,100
26.72,1100
26.72,0
26.85,100
26.88,1100
26.88,3278
27.15,1300
27.16,600
26.72,700
26.88,200
27.14,200
27.14,0
27.1,200
27.1,0
27.2,319
26.99,210
27.04,200
27.15,300
27.16,900
27.16,7046
27.12,504
26.97,515
26.97,0
26.97,0
26.97,200
27.02,100
27.02,0
27.02,0
26.87,100
26.87,0
26.88,500
27.01,200
27.01,1167
27.01,0
27.04,100
27.18,300
27.23,811
27.24,2816
27.26,3373
27.2,200
27.32,1200
27.28,905
27.3,200
27.31,759
27.18,1204
26.89,600
26.88,100
26.88,0
26.91,303
26.91,0
26.94,200
26.93,200
27.06,104
27.05,300
27.09,100
27.09,0
27.09,0
27.09,100
26.91,200
26.91,0
26.91,0
26.91,0
26.91,0
26.91,0
26.91,0
26.91,0
27.08,200
27.08,0
27.29,100
27.29,0
27.29,0
27.4,200
27.48,100
27.45,1000
27.4,400
27.45,900
27.51,360
27.51,500
27.52,1975
27.49,200
27.42,613
27.43,500
27.52,1810
27.66,6768
27.88,400
27.88,0
28.16,815
28.16,0
28.16,0
27.83,167
27.81,300
27.82,301
27.73,800
27.72,352
27.67,1601
27.67,0
27.57,100
27.58,3531
27.62,1000
27.58,300
27.64,100
27.64,0
27.6,200
27.42,400
27.47,500
27.4,708
27.39,100
27.38,700
27.37,299
27.37,0
27.37,0
27.43,112
27.38,811
27.32,424
27.36,121
27.42,100
27.43,637
27.44,600
27.41,1500
27.4,3059
27.43,713
27.42,4112
27.39,5153
27.56,300
27.75,300
27.4,100
27.53,200
27.65,200
27.65,0
27.65,0
27.45,6045
27.26,100
27.26,0
27.39,200
27.39,0
27.58,300
27.64,1000
27.72,400
27.76,700
27.87,300
27.72,100
27.72,0
27.67,200
27.76,500
27.77,400
27.75,800
27.75,0
27.78,200
27.72,100
27.71,100
27.71,200
27.75,400
27.75,300
27.8,400
27.9,100
27.92,100
27.96,300
27.94,2270
28.02,1989
27.93,1112
27.83,514
27.77,1995
28.11,900
28.24,200
28.24,275
27.94,300
27.77,835
27.87,331
27.87,200
27.87,0
27.87,0
28.03,350
27.85,300
27.75,641
27.98,257
27.97,100
27.97,400
27.88,100
27.93,100
27.86,100
27.86,0
27.74,500
27.88,500
27.87,1618
27.75,300
27.63,275
27.6,462
27.48,1040
27.52,700
27.7,200
27.7,200
27.56,380
27.62,600
27.64,200
27.65,331
27.56,1711
27.68,200
27.42,250
27.47,300
27.39,300
27.36,1498
27.8,300
27.7,686
27.63,1897
27.64,1310
27.64,0
27.49,500
27.61,945
27.61,0
27.56,100
27.64,100
27.64,0
27.67,1647
27.67,0
27.82,200
27.85,1649
27.87,200
27.77,100
27.77,0
27.69,200
27.71,106
27.66,500
27.66,400
27.66,0
27.66,0
27.66,0
27.57,100
27.64,100
27.64,0
27.78,300
27.78,0
27.97,708
28.02,100
28.09,2100
28.15,3706
28.21,10005
28.36,2304
28.26,1254
28.27,2369
28.36,11984
28.5,1300
28.38,705
28.28,200
28.25,200
28.15,200
28.17,100
28.16,1400
28.22,802
28.25,1401
28.27,100
28.28,1400
28.24,1300
28.16,300
28.13,300
28.16,300
28.16,700
28.14,400
28.12,1200
28.12,724
28,800
28,300
27.98,100
28.05,1120
27.99,300
28.04,1300
28.05,300
28,206
28.07,318
28.09,300
28.14,500
28.17,100
28.2,1700
28.22,1900
28.15,500
28.13,425
28.05,650
27.99,900
27.97,702
27.83,3461
27.83,0
27.84,175
27.88,200
27.9,200
27.99,600
27.99,200
28,200
28,0
28,0
27.93,400
27.93,0
27.97,100
28,100
28.01,334
27.97,100
27.99,350
27.99,682
28.07,106
28.07,0
28.14,300
28.11,1500
28.17,200
28.12,500
28.09,100
28.12,400
28.13,300
28.11,800
28.1,332
28.25,200
28.2,871
28.24,200
28.3,1031
28.24,300
28.36,500
28.43,400
28.54,346
28.59,479
28.55,1199
28.47,3202
27.97,100
27.97,0
28.17,400
28.17,0
28,100
28.02,395
28.04,269
28.04,0
28.04,0
28.04,0
28.04,0
28.04,0
28.04,0
28.04,0
28.04,0
28.04,0
28.34,137
28.34,0
28.34,0
28.09,100
28.03,200
28.08,1010
28.03,464
28.08,200
28.14,100
28.14,0
28.14,0
28.14,0
28.32,100
28.39,188
28.39,800
28.39,0
28.43,100
28.43,0
28.5,400
28.52,100
28.49,321
28.52,469
28.55,1841
28.68,112
28.68,0
28.68,200
28.7,100
28.65,100
28.65,0
28.69,200
28.69,0
28.71,151
28.67,100
28.63,343
28.66,100
28.66,0
28.53,100
28.53,0
28.65,357
28.73,1100
28.73,0
28.69,2000
28.58,200
28.58,0
28.58,0
28.7,100
28.71,332
28.72,300
28.62,400
28.65,100
28.57,301
28.57,0
28.5,100
28.47,474
28.55,500
28.55,0
28.31,731
28.17,557
28.28,409
28.11,559
28.21,117
28.06,1290
28.06,0
28.06,0
28.06,0
28.15,100
28.15,0
28.56,200
28.56,0
28.33,912
28.17,200
28,100
28,0
28,0
28.08,200
28.4,518
28.4,314
28.43,501
28.42,900
28.4,300
28.32,100
28.24,100
28.34,686
28.35,500
28.26,200
28.26,0
28.26,0
28.36,300
28.48,200
28.48,0
28.47,700
28.37,494
28.38,1558
28.38,1600
28.35,1706
28.18,2168
28.38,2329
28.3,933
28.43,2023
28.5,2042
28.48,5841
28.33,1490
28.03,193
28.03,0
28.03,0
28.03,0
28.03,0
28.09,365
28.16,321
28.16,0
28.07,1200
28.07,0
28.13,153
28.13,0
28.13,0
27.96,100
27.96,0
27.96,0
27.83,200
27.84,757
27.89,300
27.89,0
27.89,0
27.89,0
27.93,300
27.94,100
27.95,210
27.95,0
27.95,0
28.07,1236
28,400
28,300
28,967
27.94,2649
27.94,1209
28.04,632
28.01,716
28.11,1267
27.98,2678
28.13,3933
27.79,535
27.79,0
27.7,200
27.7,802
27.57,573
27.49,100
27.55,601
27.56,100
27.62,303
27.72,200
27.75,1615
27.8,584
27.75,400
27.7,400
27.7,200
27.7,200
27.77,200
27.77,0
27.92,948
27.92,0
27.92,0
28,100
28,0
28,0
28,0
28,0
28,0
28.07,100
28.09,100
28.09,0
28.05,566
28.04,200
28.04,0
27.97,400
27.97,0
28.04,199
28.01,200
27.98,400
27.88,549
27.87,200
27.87,0
27.87,0
28.07,100
28.07,0
27.93,100
27.93,0
28.09,100
28.09,0
28.11,100
28.08,100
28.11,315
28.12,100
28.02,200
28,534
28,0
28,0
28.07,100
28.07,0
28.16,210
28.17,227
28.17,800
28.17,100
28.16,148
28.16,0
28.17,611
28.17,0
28.17,0
28.17,0
28.17,0
28.08,100
28.08,0
28.09,193
28.12,400
28.18,200
28.17,100
28.17,209
28.17,209
28.17,1496
28.51,100
28.51,0
28.51,0
28.51,0
28.01,400
28.01,200
28.04,200
27.97,500
27.96,300
27.89,200
28.04,200
28.04,0
28.07,100
27.99,300
28,500
28.05,100
28.02,100
28,200
27.95,400
28,580
27.97,212
27.96,925
27.97,800
27.91,100
27.92,400
27.92,0
27.92,0
27.75,400
27.8,200
27.81,325
27.83,720
27.86,1164
27.97,500
27.87,200
27.84,272
27.84,100
27.8,400
27.82,1648
27.85,3500
27.85,0
27.85,0
27.33,340
27.47,300
27.47,0
27.41,100
27.37,300
27.37,0
27.43,200
27.4,2265
27.4,314
27.24,100
27.24,0
27.24,0
27.24,0
27.48,145
27.48,0
27.48,0
27.55,100
27.63,100
27.57,100
27.57,0
27.57,0
27.57,0
27.59,100
27.63,113
27.63,0
27.63,0
27.63,0
27.74,100
27.74,0
27.74,0
27.74,0
27.74,0
27.74,0
27.74,0
27.74,0
27.53,100
27.52,2952
27.52,0
27.52,0
27.52,0
27.52,0
27.54,1225
27.54,0
27.56,700
27.56,0
27.66,100
27.66,0
27.66,0
27.66,0
27.66,0
27.57,100
27.57,0
27.57,0
27.52,173
27.52,0
27.52,0
27.52,0
27.52,0
27.52,0
27.7,100
27.68,100
27.71,100
27.71,0
27.7,200
27.7,763
27.82,360
27.82,0
27.86,835
27.98,7909
27.99,176
28.01,1387
27.96,100
27.96,200
27.96,1189
27.93,3350
27.95,3897
27.95,0
28.02,2101
28.06,325
28.08,300
27.95,100
28.05,400
28.08,100
28,450
28.1,700
28.15,300
28.15,0
28.15,0
28.26,200
28.29,300
28.3,201
28.31,100
28.38,200
28.38,0
28.38,0
28.41,300
28.41,0
28.43,100
28.43,0
28.43,0
28.33,300
28.31,100
28.31,0
28.32,100
28.32,0
28.32,0
28.27,100
28.25,682
28.12,200
28.18,400
28.15,400
28.15,0
28.29,100
28.3,700
28.31,1058
27.49,560
27.48,700
27.44,500
27.41,606
27.38,1325
27.32,825
27.45,384
27.43,1242
27.45,2100
27.49,200
27.52,1725
27.5,1070
27.5,1700
27.6,300
27.49,400
27.49,200
27.49,0
27.39,500
27.37,200
27.38,100
27.4,300
27.39,100
27.38,300
27.38,0
27.33,1300
27.33,0
27.33,0
27.09,300
27.04,953
27,100
27.01,100
26.89,100
26.89,300
26.89,300
26.84,479
26.76,200
26.68,2058
26.53,4681
26.55,4166
26.55,0
26.91,200
27.03,300
26.94,400
27.05,100
26.95,200
26.95,400
26.95,0
26.82,100
26.87,100
26.92,200
26.93,598
26.93,0
26.98,100
26.91,410
26.87,1200
26.89,100
26.89,0
26.92,212
26.92,0
26.92,0
26.92,0
26.92,0
26.89,200
26.89,0
27.03,400
27,200
27.03,108
26.97,400
26.95,500
27,100
27,300
27,0
27.17,200
27.18,100
27.25,300
27.41,600
27.37,500
27.38,2282
27.38,0
28.23,100
28.23,0
28.08,100
28.09,100
28.09,0
27.78,500
27.74,300
27.74,0
27.74,0
27.79,100
27.73,300
27.85,400
27.89,700
27.92,100
28,100
28,0
28.07,310
28.09,200
28.07,300
28.12,200
28.12,500
28.24,200
28.19,500
28.22,600
28.22,0
28.22,0
28.22,0
28.27,100
28.28,500
28.28,910
28.27,400
28.32,242
28.32,0
28.22,100
28.22,0
28.33,200
28.43,200
28.47,415
28.43,300
28.43,0
28.43,0
28.43,0
28.43,0
28.49,400
28.49,0
28.53,500
28.58,100
28.58,0
28.66,300
28.66,264
28.66,0
28.54,100
28.54,0
28.54,0
28.24,100
28.29,200
28.25,200
28.25,0
28.34,200
28.33,400
28.24,400
28.2,300
28.22,100
28.22,0
28.22,0
28.39,300
28.37,100
28.37,0
28.37,0
28.37,0
28.27,200
28.27,0
28.27,0
28.21,970
28.28,200
28.25,400
28.31,3401
28.31,0
28.31,0
28.53,100
28.53,0
28.53,0
28.53,0
28.53,0
28.43,300
28.43,0
28.56,394
28.61,200
28.61,300
28.61,0
28.61,0
28.69,100
28.69,0
28.57,100
28.57,0
28.5,100
28.5,0
28.64,300
28.67,206
28.65,141
28.65,0
28.65,0
28.65,0
28.65,0
28.59,300
28.57,144
28.57,300
28.51,100
28.5,104
28.55,200
28.61,100
28.61,0
28.61,0
28.55,750
28.56,812
28.59,2216
28.91,2504
28.79,300
28.66,200
28.87,4993
28.89,1000
28.84,400
28.78,400
28.78,10200
28.79,3600
28.76,500
28.76,4600
28.85,400
28.87,100
28.86,100
28.85,300
28.83,200
28.83,100
28.84,400
28.81,600
28.81,300
28.85,2500
28.82,1302
28.65,100
28.64,200
28.45,100
28.51,300
28.48,200
28.49,200
28.52,100
28.52,300
28.53,413
28.56,641
28.54,100
28.59,200
28.59,0
28.48,400
28.58,800
28.65,1117
28.61,2834
28.61,0
28.74,200
28.83,107
28.76,600
28.5,600
28.39,100
28.32,353
28.16,1000
28.14,300
28.14,0
28.14,0
28.17,100
28.17,0
28.17,0
28.02,200
28,200
28,0
28,0
28,0
28,0
28.01,397
27.97,400
27.97,0
27.99,200
28.03,580
28,275
28.01,912
28,199
27.97,100
27.89,200
27.82,2700
27.74,439
27.75,547
27.66,700
27.56,566
27.58,1077
27.49,200
27.59,705
27.62,2522
27.74,1300
27.52,200
27.57,100
27.49,100
27.61,200
27.51,600
27.5,300
27.49,200
27.5,740
27.39,700
27.32,900
27.22,100
27.26,809
27.24,400
27.43,253
27.39,901
27.5,200
27.61,300
27.48,500
27.46,400
27.46,0
27.46,0
27.46,0
27.61,200
27.65,751
27.72,2406
27.72,0
27.77,271
27.62,200
27.66,200
27.66,0
27.64,200
27.57,200
27.65,1330
27.65,2502
27.65,1576
27.58,619
27.55,1034
27.5,539
27.22,1400
26.77,2637
26.71,1600
26.73,1507
26.62,210
26.55,1100
26.48,100
26.66,400
26.49,123
26.55,903
26.61,1300
26.63,514
26.68,400
26.73,3933
26.72,2740
26.72,700
26.72,501
26.65,400
26.6,400
26.57,200
26.52,628
26.52,0
26.46,300
26.38,325
26.39,123
26.46,200
26.37,300
26.37,0
26.35,100
26.33,300
26.28,400
26.26,333
26.2,100
26.25,100
26.24,1104
26.3,378
26.13,620
26.06,300
26.12,2495
26.42,625
26.11,300
26.03,1300
26.12,500
25.97,100
25.92,200
26,900
25.95,650
26.03,2956
25.94,587
25.9,1472
25.81,1014
25.82,100
25.7,285
25.68,2482
25.69,899
25.59,225
25.49,3137
25.37,110
25.38,2753
25.32,8550
25.33,100
25.42,200
25.42,1100
25.38,1803
25.38,800
25.4,200
25.44,160
25.43,600
25.42,22212
25.38,200
25.39,800
25.42,1068
25.5,106
25.53,2153
25.52,3816
25.53,1743
25.52,1297
25.54,4691
25.41,1525
25.38,1200
25.38,750
25.33,450
25.41,283
25.38,725
25.41,1406
25.42,1143
25.44,1302
25.4,450
25.43,341
25.42,900
25.42,624
25.41,847
25.38,700
25.42,572
25.43,208
25.43,0
25.39,400
25.41,604
25.38,100
25.31,200
25.28,318
25.28,0
25.32,300
25.38,100
25.28,366
25.23,400
25.24,1100
25.27,1894
25.24,1622
25.09,200
25.02,600
25.02,0
25.06,300
25.06,0
25.1,200
24.95,700
25.05,1593
25.34,414
25.35,184
25.35,0
25.7,1403
25.43,200
25.43,0
25.65,300
25.8,100
25.84,200
25.84,0
26.1,400
26.1,0
25.8,425
25.81,350
25.81,0
25.9,146
25.9,0
25.9,0
25.96,200
26.08,1040
26.08,450
26.05,100
26.09,396
26.16,500
26.14,1600
26.09,400
26.1,600
26.09,200
26.08,1467
26,1267
25.95,4676
26.08,1700
26.03,900
25.89,1145
25.84,200
25.82,900
25.85,2404
25.88,1565
25.83,6379
25.95,200
25.95,0
25.95,0
25.71,100
25.71,0
26.29,100
26.29,0
26.42,225
26.53,200
26.4,400
26.51,125
26.51,225
26.48,420
26.47,125
26.52,100
26.52,0
26.52,0
26.52,0
26.44,100
26.5,225
26.5,0
26.5,0
26.5,0
26.5,0
26.5,0
26.48,100
26.41,324
26.41,0
26.41,460
26.26,500
26.29,1285
26.3,340
26.31,2231
26.31,0
26.31,0
26.35,455
26.36,525
26.38,700
26.41,1925
26.41,0
26.41,0
26.41,0
26.41,0
26.41,0
26.41,0
26.41,0
26.15,200
26.15,0
26.15,0
26.35,200
26.22,776
26.11,100
26.11,0
26.21,200
26.16,200
26.13,100
26.12,500
26.22,226
26.22,0
26.26,412
26.26,0
26.26,0
26.29,200
26.29,0
26.21,100
26.08,200
25.99,100
26.02,200
26.02,0
26,394
26,0
26.03,100
26.16,200
26.28,400
26.34,500
26.26,402
26.2,500
26.1,2180
26.1,0
26.12,100
26.12,0
26.4,100
26.36,100
26.36,0
26.36,0
26.36,0
26.15,100
26.15,0
26.15,0
26.15,0
26.11,100
26.11,0
26.11,0
26.11,0
26.11,0
26.07,100
26.07,0
26.07,0
26.07,0
26.07,0
26.05,200
26.05,0
26.05,0
26.05,0
26.05,0
25.89,300
26,503
26.1,800
26.1,0
26.22,100
26.22,0
26.22,0
26,101
25.97,264
25.97,0
25.91,295
25.91,715
26.31,200
26.4,120
26.4,0
26.27,100
26.27,0
26.27,0
26.06,500
26.06,0
26.06,0
26.33,208
26.29,100
26.29,0
26.29,0
26.29,0
26.31,100
26.32,145
26.32,0
26.32,0
26.34,400
26.34,0
26.28,100
26.28,456
26.31,100
26.28,100
26.28,0
26.12,100
26.06,364
26.06,0
25.9,300
25.88,300
26.04,370
26.04,0
26.11,800
26.11,0
26.16,100
26.16,0
26.19,447
26.19,0
26.17,405
26.17,0
26.17,0
26.6,400
26.5,400
26.59,100
26.56,100
26.55,500
26.77,1188
26.85,6900
26.85,0
26.85,0
26.85,0
26.97,400
26.93,300
26.93,0
26.99,100
26.95,300
26.99,100
26.99,3500
26.99,0
27.09,200
27.12,100
27.14,100
27.14,0
26.99,100
27,100
27.03,345
26.98,500
27.06,100
27.01,183
26.97,400
26.94,2011
26.96,100
26.93,418
26.96,310
27.09,936
27.18,1200
27.15,1584
27.2,8719
27.2,0
27.76,700
27.68,1500
27.69,900
27.68,400
27.68,0
27.46,200
27.48,100
27.53,500
27.43,200
27.34,300
27.46,400
27.35,200
27.32,200
27.32,1000
27.42,900
27.21,266
27.21,1581
27.11,100
27.1,200
27.04,374
27.03,200
27.03,0
27.09,200
27.24,1676
27.24,0
27.31,500
27.35,100
27.35,0
27.41,1600
27.41,0
27.41,0
27.47,277
27.47,0
27.47,0
27.47,0
27.47,0
27.52,428
27.63,500
27.51,300
27.51,0
27.51,0
27.13,900
27.13,0
27.12,100
27.19,525
27.21,605
27.24,127
27.18,300
27.18,600
27.18,0
27.18,0
27.18,0
27.26,100
27.33,100
27.33,0
27.35,1300
27.38,100
27.42,200
27.42,0
27.49,100
27.53,100
27.53,300
27.62,100
27.51,100
27.51,0
27.51,0
27.51,0
27.58,300
27.58,0
27.48,216
27.46,300
27.41,203
27.32,301
27.32,0
27.25,801
27.25,0
27.23,510
27.27,100
27.27,0
27.27,0
27.23,200
27.19,300
27.19,0
27.19,0
27.19,0
27.48,440
27.49,265
27.48,200
27.47,698
27.49,800
27.49,0
27.49,200
27.49,0
27.49,0
27.19,100
27.19,0
27.19,0
27.14,800
27.12,100
27.15,300
27.19,276
27.14,200
27.1,200
27.11,200
27.11,0
26.99,600
27.09,340
27.09,0
27.19,100
27.19,0
27.22,100
27.22,0
27.18,400
27.19,600
27.11,802
27.03,1860
27.29,300
27.17,100
27.18,100
27.24,100
27.25,100
27.25,0
27.25,200
27.25,0
27.25,0
27.02,200
27.02,0
27.22,100
27.18,200
27.15,100
27.15,0
27.15,0
27.09,100
27.09,0
26.97,471
27.09,215
27.09,0
27.21,400
27.21,0
27.2,100
27.19,100
27.19,0
27.25,100
27.25,0
27.16,100
27.16,0
27.16,0
27.06,100
27.09,300
27.09,300
27.04,401
27.04,0
26.97,330
26.97,0
26.89,671
26.89,0
26.89,0
26.89,0
26.89,0
26.6,1000
26.43,980
26.53,100
26.46,567
26.53,669
26.63,317
26.78,100
26.77,300
26.77,0
26.88,364
26.88,0
26.79,125
26.7,404
26.77,100
26.77,0
26.77,0
26.78,200
26.72,800
26.64,200
26.6,220
26.51,100
26.51,200
26.5,200
26.5,0
26.56,100
26.53,700
26.5,100
26.53,400
26.49,200
26.4,676
26.12,300
25.99,100
25.87,100
26,100
26.19,958
26.3,200
26.3,200
26.25,100
26.13,500
26.22,1000
26.32,100
26.33,300
26.33,0
26.6,135
26.55,2175
26.61,200
26.6,100
26.58,700
26.57,800
26.57,0
26.55,100
26.55,0
26.55,0
26.55,0
26.44,260
26.44,0
26.46,100
26.46,0
26.46,0
26.59,200
26.61,200
26.61,0
26.64,125
26.64,100
26.68,500
26.69,200
26.75,735
26.75,200
26.97,200
26.96,300
26.96,1000
26.95,900
26.81,500
26.79,1427
26.62,100
26.57,104
26.35,300
26.4,1111
26.33,1776
26.47,100
26.53,106
26.53,0
26.42,324
26.42,0
26.43,400
26.51,100
26.61,2711
26.7,100
26.7,0
26.7,0
26.7,0
26.7,0
26.58,200
26.64,100
26.64,0
26.64,0
26.64,700
26.64,0
26.64,0
26.64,0
26.64,0
26.61,206
26.61,0
26.61,0
26.65,100
26.6,1266
26.62,636
26.66,500
26.6,500
26.64,500
26.64,0
26.6,500
26.49,1614
26.49,0
26.49,0
26.38,300
26.38,0
26.38,0
26.38,0
26.17,100
26.17,0
26.17,0
26.17,0
26.17,0
26.26,100
26.26,0
26.26,0
26.26,0
26.26,0
26.26,0
26.65,200
26.65,0
26.65,0
26.77,100
26.81,200
26.81,0
26.81,0
26.79,685
26.79,463
26.82,100
26.78,100
26.78,0
26.78,0
26.78,0
26.78,0
26.64,400
26.65,200
26.78,800
26.78,0
26.56,253
26.61,221
26.57,975
26.57,0
26.51,500
26.5,2400
26.8,188
26.8,0
26.8,0
26.94,1385
26.86,600
26.96,300
26.96,0
27.03,200
27.12,300
27.12,0
27.12,0
27.01,500
27.04,500
26.86,200
26.89,200
26.89,0
26.69,300
26.77,200
26.64,377
26.64,0
26.64,0
26.64,0
26.64,0
26.64,0
26.54,301
26.55,100
26.5,400
26.65,4951
26.65,0
26.97,120
26.98,168
26.99,406
26.99,0
26.99,0
27.05,100
26.9,757
27.1,100
27.1,0
26.89,100
27.05,628
27.05,0
27.03,200
27.09,100
27.11,200
27.16,300
27.16,0
27.16,0
27.16,0
27.16,0
27.16,0
26.96,179
26.96,100
26.97,900
26.97,1500
26.97,0
26.97,794
26.97,0
26.97,0
26.97,0
26.97,100
26.97,100
26.96,200
26.99,200
26.99,0
26.99,100
26.99,0
26.99,0
26.99,0
27.09,300
27.11,500
27.03,600
27.14,300
27.13,2112
27.06,4710
27.03,3758
27.03,0
27.03,0
26.79,100
26.8,500
26.72,100
26.64,200
26.64,0
26.64,0
26.58,100
26.63,100
26.65,502
26.68,274
26.68,0
26.68,0
26.66,100
26.66,0
26.66,0
26.66,0
26.66,0
26.43,742
26.43,0
26.43,0
26.43,0
26.66,200
26.67,500
26.68,611
26.68,589
26.68,0
26.71,130
26.79,400
26.7,100
26.7,0
26.67,100
26.76,208
26.79,466
26.8,162
26.77,100
26.77,662
26.79,240
26.83,100
26.62,100
26.56,100
26.66,100
26.66,0
26.66,0
26.66,0
26.66,0
26.58,100
26.56,100
26.55,100
26.65,100
26.65,0
26.72,100
26.72,0
26.7,200
26.7,0
26.63,100
26.6,100
26.61,141
26.67,100
26.73,100
26.67,250
26.72,200
26.7,100
26.75,400
26.69,1700
26.69,0
26.69,0
26.71,100
26.72,600
26.73,1500
26.76,1034
26.77,624
26.78,200
26.8,341
26.69,123
26.76,259
26.67,1205
26.73,300
26.73,0
26.73,0
26.73,0
27.09,100
27.09,0
27.09,0
26.92,100
26.92,0
26.97,100
26.88,200
26.97,800
26.97,0
26.78,100
26.78,0
26.78,0
26.79,100
26.79,0
26.94,100
26.94,0
26.94,0
26.94,0
26.94,0
27.15,346
27.26,500
27.27,650
27.27,0
27.18,100
27.18,0
27.18,0
27.09,400
27.09,0
27.17,200
27.08,100
27.11,100
26.99,400
26.91,200
26.91,300
26.95,564
27.06,500
27.06,0
27.06,0
26.89,300
26.85,200
26.88,600
26.91,300
26.91,0
26.91,0
27.06,200
27.06,0
27.06,0
27.03,241
27.03,0
27.1,100
27.17,100
27.17,0
27.17,0
27.17,0
27.17,0
27.32,203
27.29,100
27.29,0
27.29,0
27.19,128
27.14,100
27.12,200
27.12,0
27.12,0
27.1,100
27.19,100
27.07,705
27.05,300
27.05,0
26.99,371
26.97,100
27.05,100
27.1,1000
27.09,863
27.09,0
27.09,0
27.23,189
27.32,100
27.32,0
27.31,500
27.31,0
27.31,0
27.46,100
27.53,1200
27.53,0
27.53,0
27.97,577
27.86,2697
27.88,2732
27.92,920
27.92,300
27.94,1133
27.91,700
27.95,100
27.96,200
27.97,200
27.95,100
27.95,0
27.97,100
28.05,100
28.05,0
28.08,200
28.08,200
28.08,330
28.08,0
28.01,600
28.04,300
28.08,200
28.12,200
28.22,500
28.27,1689
28.22,5647
28.37,6807
28.37,0
28.19,600
28.19,735
28.23,1273
28.07,1359
28,500
28.04,604
27.8,600
27.97,400
27.92,300
27.83,150
27.83,100
27.83,0
27.69,200
27.7,500
27.73,400
27.79,100
27.84,200
27.88,100
27.91,400
27.85,300
27.85,800
27.93,550
27.75,100
27.75,0
27.8,200
27.86,300
27.85,200
27.85,0
27.91,416
27.89,200
27.98,500
28.01,676
27.91,568
27.91,600
27.91,522
27.76,583
27.79,645
27.7,733
27.3,400
27.3,0
27.4,100
27.4,0
27.34,100
27.29,300
27.31,300
27.36,200
27.38,10016
27.2,100
27.09,100
27.09,0
27.09,0
26.97,200
26.97,0
26.98,207
26.99,194
26.99,0
26.99,0
26.99,0
26.99,0
26.99,0
26.99,0
26.94,400
26.94,0
26.99,100
27,100
27,0
26.98,600
27.01,100
27.01,0
27.01,0
27.01,0
26.92,200
26.93,100
26.94,100
26.88,100
26.94,100
26.96,302
26.81,2320
26.84,882
26.74,1403
26.99,436
26.99,377
27.05,172
26.93,224
26.91,1057
26.87,486
26.79,600
26.79,0
26.79,0
26.83,100
26.83,0
26.82,435
26.79,300
26.83,100
26.83,0
26.97,630
26.86,538
26.9,712
26.84,3967
26.84,100
26.82,300
26.81,500
26.69,200
26.6,300
26.6,0
26.51,100
26.53,589
26.58,100
26.45,100
26.47,100
26.4,100
26.44,324
26.38,527
26.35,250
26.4,900
26.39,2108
26.57,700
26.61,1700
26.7,100
26.7,0
26.63,400
26.63,200
26.68,683
26.68,100
26.68,0
26.61,100
26.61,0
26.63,100
26.66,300
26.66,0
26.66,0
26.66,0
26.66,0
26.44,100
26.4,200
26.4,0
26.4,0
26.4,0
26.4,0
26.4,0
26.4,0
26.4,0
26.42,200
26.36,300
26.15,401
26.08,968
26,500
25.91,1106
25.88,1000
25.85,1051
25.89,500
25.94,1168
25.8,506
25.7,1100
25.79,3679
25.7,992
25.38,400
25.38,0
25.67,200
25.84,100
25.84,0
25.96,497
25.96,0
26.3,101
26.3,0
26.3,0
26.3,0
26.3,0
26.3,0
26.22,737
26.22,0
26.32,400
26.32,0
26.36,400
26.38,348
26.37,300
26.37,0
26.29,100
26.3,537
26.32,100
26.28,100
26.09,200
26.09,0
26.09,0
26,909
26.11,400
26.19,100
26.19,0
26.23,201
26.23,100
26.19,6847
26.25,861
26.23,1782
26.27,1002
26.17,200
26.17,0
26.26,600
26.26,0
26.2,100
26.2,0
26.2,0
26.2,0
26.2,385
26.2,0
26.21,100
26.24,100
26.13,100
26.13,200
26.12,100
26.15,229
26.12,100
26.14,100
26.14,0
26.2,100
26.23,100
26.18,200
26.18,0
26.13,733
26.16,100
26.2,100
26.2,1150
26.27,200
26.27,0
26.24,1300
26.31,700
26.31,400
26.31,800
26.3,660
26.32,200
26.35,1297
26.52,1620
26.62,2460
26.6,4106
26.79,500
26.68,100
26.64,100
26.55,100
26.66,300
26.73,300
26.48,100
26.5,100
26.51,444
26.51,0
26.64,200
26.67,100
26.74,100
26.69,1248
26.69,0
26.84,369
26.68,400
26.68,0
26.7,2000
26.64,200
26.64,0
26.6,100
26.6,0
26.6,0
26.64,100
26.64,0
26.64,0
26.4,200
26.41,100
26.4,300
26.4,0
26.41,300
26.47,100
26.4,700
26.43,200
26.51,300
26.59,300
26.53,1000
26.52,3365
25.83,401
25.63,1139
25.69,100
25.63,400
25.58,270
25.53,3505
25.63,521
25.66,513
25.49,103
25.62,900
25.62,2428
25.61,707
25.62,1025
25.61,1814
25.61,429
25.61,100
25.62,100
25.62,200
25.63,200
25.7,100
25.67,505
25.72,840
25.65,300
25.73,300
25.61,177
25.53,911
25.65,576
25.63,1482
25.52,100
25.33,200
25.3,200
25.21,600
25.21,0
25.07,400
25.07,0
25.24,400
25.16,410
25.13,1780
25.2,2801
25.26,400
25.11,574
24.97,100
24.77,200
24.86,2941
24.86,0
24.79,936
24.91,945
24.84,2241
24.77,300
24.77,104
24.9,1011
24.9,501
24.99,805
25.04,400
25.12,606
25.2,400
25.13,300
25.19,100
25.19,0
25.11,800
25.02,203
25.08,514
25.15,219
25.12,700
25.01,650
25.05,100
25.03,200
24.92,1700
24.94,1309
24.94,0
25.05,760
25.1,1000
24.95,1821
24.82,423
24.79,1111
24.79,1778
24.8,3436
24.81,7512
24.81,0
24.81,0
24.81,0
24.46,200
24.4,100
24.42,404
24.42,0
24.24,100
24.33,100
24.34,300
24.27,200
24.27,0
24.27,0
24.27,0
24.27,0
24.2,100
24.2,0
24.2,0
24.09,110
24.09,0
24.12,305
24.12,0
24.08,100
24.08,384
24.06,100
24.06,0
24.16,211
24.16,0
24.11,1125
24.09,521
23.89,326
23.81,100
23.79,401
23.82,1350
23.75,1696
23.73,2285
23.76,1846
23.74,2640
23.61,2004
23.59,845
23.91,200
23.67,100
23.73,100
23.53,200
23.66,200
23.65,934
23.69,304
23.64,717
23.53,2788
23.53,0
23.53,0
23.52,103
23.48,201
23.53,200
23.53,0
23.53,0
23.35,205
23.4,100
23.38,200
23.38,0
23.38,0
23.23,100
23.13,1527
23.06,300
23.1,961
23.07,696
23.21,800
23.17,388
23.11,700
23.19,2321
23.24,1403
23.1,600
23.1,911
23.09,809
23.09,705
22.99,1580
23.01,2518
23.12,5504
22.77,1823
22.63,200
22.65,168
22.65,0
22.72,100
22.72,0
22.61,200
22.72,200
22.72,0
22.78,100
22.76,100
22.84,100
22.84,0
22.8,200
22.8,0
22.8,0
22.78,100
22.72,100
22.71,100
22.63,200
22.73,600
22.75,868
22.75,300
22.92,1025
22.78,948
22.85,1100
22.7,500
22.87,500
22.9,2293
22.72,1374
22.7,1143
22.68,700
22.79,500
22.84,298
22.84,1315
22.89,400
22.94,200
22.78,493
22.8,1353
22.8,0
22.8,0
22.8,0
22.8,0
22.74,200
22.74,200
22.67,200
22.66,601
22.67,1364
22.77,398
22.71,1075
22.75,301
22.75,200
22.91,100
22.92,775
22.93,200
23,523
23.04,1651
23.09,596
23.13,200
23.24,100
23.22,654
23.21,290
23.21,0
23.25,200
23.34,300
23.34,0
23.28,100
23.28,0
23.08,137
23.12,203
23.3,300
23.29,525
23.29,101
23.29,0
23.4,531
23.29,600
23.21,2302
23.25,2099
23.25,0
23.2,100
23.2,0
23.25,100
23.28,200
23.28,0
23.28,0
23.28,0
23.28,0
23.28,0
23.5,294
23.57,193
23.62,397
23.59,779
23.7,100
23.75,200
23.74,100
23.63,1050
23.77,200
23.77,0
23.59,290
23.64,300
23.64,370
23.63,525
23.62,3216
23.56,550
23.56,0
23.58,200
23.58,0
23.6,881
23.63,200
23.63,268
23.64,200
23.7,225
23.73,976
23.77,100
23.85,100
23.87,300
23.88,600
23.88,0
24.16,425
24.27,300
24.48,500
24.48,0
24.48,0
24.25,100
24.3,501
24.5,222
24.52,420
24.52,211
24.52,106
24.53,1185
24.56,702
24.58,2550
24.56,3305
24.46,1544
24.42,304
24.48,206
24.45,100
24.42,200
24.42,500
24.52,300
24.47,300
24.42,200
24.52,200
24.52,850
24.42,739
24.47,585
24.43,506
24.41,1100
24.41,200
24.42,200
24.38,345
24.4,341
24.53,500
24.55,200
24.59,500
24.62,937
24.61,1900
24.37,200
24.57,930
24.57,0
24.57,0
24.57,0
24.57,0
24.75,200
24.79,300
24.79,0
24.79,0
24.81,114
24.91,100
24.84,200
24.84,0
24.84,0
24.84,0
24.96,100
24.96,0
25.01,100
25.01,0
25.05,100
25.05,0
25.05,0
25.05,300
25.11,100
25.11,0
25.17,100
25.13,700
25.18,100
25.14,200
25.12,1458
25.17,201
25.17,0
25.17,0
25.04,200
25.16,200
25.16,0
25.14,2348
25.12,879
25.23,100
25.23,0
25.48,900
25.48,0
25.66,100
25.45,100
25.51,100
25.51,0
25.53,177
25.64,277
25.67,100
25.67,0
25.68,411
25.68,0
25.68,0
25.61,200
25.61,200
25.61,0
25.61,0
25.66,200
25.73,558
25.66,400
25.68,200
25.6,1000
25.68,400
25.61,105
25.63,300
25.61,1000
25.61,1412
25.46,100
25.46,0
25.36,400
25.29,446
25.29,646
25.29,1000
25.32,301
25.37,2179
25.39,1253
24.99,1432
24.99,0
25.41,300
25.41,0
25.41,0
25.41,0
25.41,0
25.41,0
25.41,0
25.12,500
25.08,400
24.98,680
25.02,300
25.05,200
24.93,500
24.95,300
24.95,0
24.88,100
24.92,100
24.92,0
24.94,100
24.94,0
25.17,100
25.22,200
25.28,800
25.44,900
25.36,976
25.34,800
25.32,103
25.23,441
25.23,0
25.25,785
25.13,826
25.07,990
25.01,904
24.99,744
25.13,1200
25.24,3839
25.17,6212
24.94,1200
24.88,500
24.76,901
24.72,1500
24.72,1100
25.06,1140
24.94,474
24.74,200
24.76,800
24.7,200
24.7,0
24.7,0
24.83,200
24.83,0
24.81,611
24.83,282
24.87,400
24.87,0
24.87,0
24.9,100
24.9,0
24.92,300
24.92,0
24.86,245
24.89,400
24.92,200
24.99,200
24.99,0
24.83,1006
24.83,0
24.87,182
24.82,100
24.91,612
24.89,700
24.94,585
24.94,400
24.88,100
24.72,400
24.75,2874
24.75,0
24.75,0
24.75,0
24.75,0
24.75,0
24.75,0
24.75,0
24.75,0
24.8,100
24.8,0
24.8,0
24.8,0
24.77,100
24.77,0
24.8,200
24.8,0
24.8,0
24.89,100
24.89,0
24.89,0
24.89,0
24.89,0
24.89,0
24.89,0
24.89,0
24.83,100
24.83,0
24.78,100
24.78,0
24.69,100
24.69,0
24.75,200
24.77,100
24.77,0
24.72,100
24.72,200
24.72,0
24.69,100
24.67,100
24.67,0
24.67,0
24.7,100
24.7,0
24.7,0
24.7,0
24.66,300
24.66,0
24.77,100
24.72,100
24.72,0
24.7,200
24.71,100
24.68,200
24.68,0
24.57,100
24.57,0
24.57,0
24.57,0
24.57,0
24.57,0
24.57,0
24.57,0
24.57,0
24.69,1075
24.75,1200
24.67,100
24.67,0
24.67,0
24.57,100
24.52,200
24.57,102
24.57,0
24.46,200
24.46,0
24.41,300
24.48,400
24.54,459
24.54,1638
24.54,0
24.54,0
24.41,200
24.41,0
24.47,100
24.46,100
24.46,0
24.46,0
24.46,0
24.46,0
24.46,0
24.46,0
24.46,0
24.46,0
24.46,0
24.46,0
24.46,0
24.46,0
24.17,100
24.17,0
24.17,0
24.17,0
24.17,0
24.17,0
24.17,0
24.17,0
24.17,0
24.17,0
24.27,100
24.31,402
24.31,0
24.38,100
24.41,338
24.42,200
24.38,832
24.42,3798
24.41,305
24.41,0
24.37,371
24.37,0
23.92,507
24.03,119
24.03,0
23.93,200
23.86,200
23.86,0
23.86,0
24.23,400
24.09,100
24.09,0
24.09,0
24.26,391
24.26,0
24.33,200
24.42,100
24.45,519
24.42,606
24.37,100
24.37,0
24.37,0
24.37,0
24.37,0
24.46,290
24.56,400
24.56,0
24.56,0
24.51,200
24.56,1545
24.56,0
24.59,505
24.89,582
25.21,620
25.34,1343
25.25,2001
24.97,1878
25.13,2700
25.12,2881
25.11,4435
25.53,500
25.23,100
25.11,400
25.11,0
25.2,145
25.2,0
25.2,0
25.2,0
25.2,0
25.2,0
25.2,0
25.2,0
25.2,0
25.54,300
25.54,0
25.5,100
25.42,100
25.39,100
25.39,0
25.47,144
25.53,105
25.5,300
25.5,430
25.5,0
25.5,0
25.51,100
25.49,2400
25.49,0
25.54,255
25.54,0
25.54,0
25.54,0
25.54,0
25.83,100
25.83,0
25.8,605
25.81,300
25.78,700
25.79,1608
26.42,200
26.47,600
26.5,200
26.41,2842
26.19,707
26.27,300
26.42,300
26.42,0
26.42,0
26.36,200
26.37,500
26.33,200
26.33,0
26.42,200
26.38,172
26.38,0
26.38,0
26.26,229
26.26,0
26.19,229
26.19,0
26.19,0
26.19,0
26.19,0
26.1,200
26.18,200
26.26,100
26.26,300
26.26,0
26.26,0
26.39,100
26.36,300
26.35,100
26.32,613
26.25,258
26.25,0
26.42,610
26.46,2103
26.42,4101
26.94,100
26.94,0
26.94,0
26.94,0
26.94,0
26.85,207
26.85,100
26.85,0
26.86,600
26.77,600
26.77,0
26.7,100
26.73,900
26.76,300
26.76,0
26.9,400
26.9,0
26.85,900
26.85,0
26.85,0
26.85,0
26.85,0
26.79,255
26.79,0
26.79,1100
26.79,0
26.92,100
26.92,0
27.04,100
27.02,200
27.08,340
27.12,300
27.15,200
27.13,1000
27.12,400
27.16,100
27.14,3188
27.24,1400
27.32,3842
27.49,100
27.49,0
27.49,0
27.19,200
27.19,0
27.19,0
27.05,100
27.12,107
27.21,100
27.21,0
27.11,100
27.11,0
27.01,200
27.01,0
27.02,100
27.02,0
27.02,0
27.08,300
27.08,0
27.12,100
27.12,101
27.12,0
27.2,200
27.2,0
27.2,0
27.2,0
27.2,0
27.14,100
27.11,200
27.11,0
27.11,0
27.1,200
27.1,0
27.1,0
27.17,100
27.31,100
27.38,565
27.38,0
27.2,1196
27.2,0
27.2,0
27.2,0
27.2,200
27.2,0
27.2,0
27.22,100
27.22,0
27.22,0
27.22,0
27.22,0
27.22,0
27.22,0
27.26,100
27.26,0
27.33,100
27.33,0
27.48,431
27.48,0
27.42,100
27.45,100
27.43,100
27.47,770
27.45,100
27.5,620
27.58,100
27.58,0
27.58,0
27.58,0
27.58,0
27.44,100
27.44,0
27.42,428
27.45,1050
27.43,4837
27.5,708
27.6,300
27.58,300
27.59,1227
27.55,400
27.57,400
27.76,100
27.84,1200
27.76,400
27.86,1700
27.87,315
27.87,0
27.87,0
27.87,0
27.87,0
27.87,0
27.87,0
27.87,0
27.87,0
27.87,0
27.87,0
27.7,100
27.74,194
27.68,200
27.68,0
27.73,200
27.71,100
27.66,100
27.59,100
27.59,0
27.59,0
27.59,0
27.72,215
27.73,108
27.74,200
27.74,0
27.74,0
27.79,300
27.74,200
27.74,0
27.83,239
27.83,0
27.9,3517
27.9,0
27.89,100
27.81,100
27.81,0
27.83,100
27.77,100
27.72,100
27.72,0
27.63,100
27.63,0
27.62,500
27.62,0
27.62,0
27.58,200
27.65,100
27.63,410
27.63,0
27.64,254
27.61,100
27.64,222
27.64,0
27.55,100
27.55,0
27.55,0
27.55,0
27.55,0
27.6,100
27.6,0
27.6,0
27.62,100
27.64,213
27.64,0
27.67,200
27.67,0
27.68,200
27.68,0
27.85,200
27.89,400
27.93,1491
27.93,0
27.93,0
27.93,0
27.93,0
27.93,0
27.93,0
27.86,600
27.92,200
27.92,0
27.91,100
27.92,100
27.92,0
27.83,100
27.82,100
27.79,200
27.79,0
27.85,100
27.82,213
27.82,0
27.8,269
27.8,0
27.81,350
27.86,100
27.86,0
27.86,0
27.86,0
27.83,100
27.83,0
27.83,0
27.81,200
27.81,0
27.86,286
27.84,200
27.84,0
27.77,501
27.71,200
27.59,400
27.52,100
27.72,1727
27.81,500
27.81,100
27.81,0
27.81,0
27.52,306
27.52,0
27.52,0
27.22,191
27.22,0
27.22,0
27.22,0
27.03,800
27.03,0
27.03,0
27.03,0
27.23,200
27.23,100
27.17,249
27.23,100
27.23,0
27.23,0
27.23,0
27.23,0
27.22,100
27.21,100
27.21,0
27.19,200
27.21,100
27.24,100
27.24,0
27.19,300
27.21,289
27.21,300
27.21,0
27.25,520
27.24,200
27.19,513
27.22,701
27.26,418
27.49,100
27.49,0
27.49,0
27.49,0
27.49,0
27.21,167
27.29,178
27.29,0
27.29,0
27.41,100
27.41,0
27.48,465
27.48,0
27.38,117
27.38,0
27.38,0
27.38,0
27.38,0
27.38,0
27.34,100
27.34,0
27.34,0
27.38,312
27.37,4900
27.37,0
27.45,100
27.5,100
27.5,567
27.5,0
27.5,0
27.5,0
27.35,100
27.35,0
27.35,0
27.36,512
27.43,600
27.5,200
27.59,500
27.56,5400
27.57,895
27.57,0
27.63,500
27.6,100
27.57,300
27.57,0
27.59,211
27.59,300
27.55,200
27.54,100
27.59,400
27.58,200
27.58,0
27.5,105
27.46,200
27.49,464
27.5,311
27.58,100
27.61,300
27.61,0
27.66,300
27.66,0
27.66,0
27.61,515
27.61,0
27.62,200
27.62,0
27.67,100
27.66,300
27.68,500
27.68,0
27.68,0
27.66,400
27.68,400
27.68,100
27.67,686
27.61,400
27.56,400
27.68,1545
27.68,0
27.68,0
27.54,200
27.55,500
27.57,200
27.63,100
27.65,349
27.65,0
27.65,0
27.63,400
27.62,800
27.43,300
27.49,100
27.49,0
27.49,0
27.49,0
27.49,0
27.49,0
27.49,0
27.49,0
27.49,0
27.49,0
27.49,0
27.49,0
27.49,0
27.73,100
27.73,100
27.72,100
27.72,0
27.7,100
27.7,0
27.7,0
27.7,0
27.7,0
27.7,0
27.8,100
27.8,0
27.89,111
27.92,1251
27.92,0
27.92,0
27.92,0
27.88,200
27.88,0
27.93,100
27.93,0
27.93,0
27.93,0
28.17,100
28.17,0
28.17,0
28.17,0
28.17,0
28.17,0
28.08,100
28.08,100
28.09,100
28.09,0
28.09,0
28.09,0
28.09,0
28.09,0
28.09,0
27.96,100
27.96,0
27.96,0
27.96,0
27.96,0
27.96,0
27.96,0
27.96,0
27.96,0
27.96,0
27.98,180
27.98,0
27.98,0
27.88,400
27.88,505
27.58,463
27.58,0
27.58,0
27.58,0
27.58,0
27.58,0
27.58,0
27.82,100
27.82,0
27.82,0
27.64,100
27.64,0
27.58,100
27.58,0
27.58,0
27.58,0
27.58,0
27.61,133
27.55,117
27.55,0
27.55,0
27.55,0
27.55,100
27.55,0
27.55,0
27.55,0
27.48,100
27.48,0
27.48,0
27.43,134
27.43,0
27.43,0
27.32,300
27.29,600
27.29,300
27.29,300
27.27,500
27.27,1634
27.4,968
27.27,100
27.35,100
27.43,100
27.34,100
27.35,200
27.4,200
27.49,100
27.41,100
27.41,0
27.49,100
27.57,200
27.56,231
27.54,200
27.54,0
27.48,168
27.48,0
27.55,100
27.68,200
27.68,0
27.78,400
27.83,409
27.83,0
27.81,100
27.82,304
27.76,296
27.68,1000
27.67,600
27.7,1223
27.66,230
27.57,900
27.49,601
27.45,500
27.44,200
27.44,0
27.28,291
27.28,0
27.24,200
27.24,0
27.19,905
27.44,100
27.44,0
27.42,100
27.42,0
27.38,300
27.4,2800
27.47,100
27.48,200
27.48,3510
27.48,0
27.5,400
27.54,300
27.54,0
27.54,100
27.54,0
27.57,100
27.51,100
27.51,0
27.58,100
27.58,0
27.58,0
27.58,0
27.51,400
27.5,100
27.49,2111
27.49,0
27.15,300
26.96,200
26.94,500
26.94,0
26.94,0
26.94,0
26.94,0
26.72,210
26.79,300
26.71,200
26.6,150
26.66,800
26.6,3451
26.6,0
26.8,1089
26.88,1100
26.8,963
26.92,300
26.92,0
26.92,0
26.92,0
27.2,100
27.23,100
27.26,199
27.26,0
27.26,0
27.16,500
27.16,0
27.16,0
27.23,499
27.28,200
27.27,100
27.27,0
27.27,0
27.28,200
27.28,0
27.28,0
27.31,400
27.33,300
27.33,0
27.33,0
27.27,317
27.27,0
27.24,193
27.24,0
27.24,100
27.23,300
27.23,0
27.23,0
27.21,400
27.26,400
27.36,991
27.56,300
27.6,100
27.61,900
27.58,330
27.41,540
27.45,500
27.45,0
27.19,200
27.29,212
27.32,400
27.34,200
27.33,925
27.32,600
27.35,824
27.34,900
27.37,901
27.36,1466
27.32,600
27.37,200
27.27,200
27.27,0
27.32,400
27.32,0
27.24,677
27.24,200
27.23,200
27.11,419
27.11,0
27.11,0
27.05,100
26.95,100
26.96,800
26.93,300
27.03,300
27.03,0
27.03,0
26.78,200
26.78,300
26.91,2427
26.61,300
26.58,600
26.75,100
26.75,0
26.75,0
26.45,215
26.45,0
26.45,0
26.45,0
26.45,0
26.45,0
26.34,100
26.34,0
26.34,0
26.29,100
26.29,0
26.25,437
26.25,0
26.25,0
26.25,0
26.25,0
26.25,0
26.14,264
26.14,0
26.14,0
26.12,100
26.12,0
26.12,0
26.12,0
26.12,0
25.85,202
25.73,101
25.73,0
25.73,0
25.73,0
25.73,0
25.64,401
25.61,305
25.45,1545
25.73,850
25.73,0
25.73,0
25.73,0
25.73,0
26.01,275
26.12,285
26.18,681
26.34,1663
26.31,501
26.31,0
26.24,1274
26.24,0
26.25,200
26.25,0
26.18,100
26.16,207
26.16,0
26.05,100
26.05,0
26.04,100
26.06,500
26.13,727
26.1,2902
26.12,1600
26.1,610
26.12,3175
26.1,500
26.18,200
26.21,836
26.15,401
26.14,200
26.15,600
26.11,200
26.1,600
26.08,1820
26.19,1053
26.12,1900
26.03,2251
26.59,300
26.64,425
26.64,0
26.74,703
26.48,527
26.43,663
26.37,938
26.42,200
26.46,700
26.35,163
26.34,500
26.26,299
26.26,0
26.26,0
26.31,300
26.3,283
26.39,100
26.31,700
26.25,200
26.26,600
26.27,895
26.34,300
26.35,454
26.48,100
26.46,300
26.49,200
26.47,405
26.44,300
26.61,2200
26.63,1900
26.59,200
26.47,712
26.32,300
26.31,400
26.4,614
26.35,618
26.36,1808
26.56,1224
26.56,4316
26.85,201
26.76,200
26.76,0
26.78,300
26.78,0
26.78,0
26.78,0
26.78,0
26.78,0
26.78,0
26.78,0
26.78,0
26.78,0
26.78,0
26.78,0
26.78,0
26.78,0
26.78,0
26.78,0
26.78,0
26.78,0
26.78,0
26.78,0
26.78,0
26.78,0
26.78,0
26.78,0
26.78,0
26.78,0
26.78,0
26.78,0
26.78,0
26.78,0
26.78,0
26.78,0
26.78,0
26.78,0
26.78,0
26.78,0
26.78,0
26.78,0
26.52,200
26.71,100
26.7,300
26.7,0
26.7,0
26.73,100
26.73,0
26.73,0
26.43,100
26.43,0
26.43,0
26.43,0
26.43,0
26.43,0
26.43,0
26.43,0
26.43,0
26.43,0
26.43,0
26.44,100
26.44,0
26.44,0
26.48,100
26.48,0
26.48,0
26.48,0
26.48,0
26.47,100
26.47,0
26.47,0
26.47,0
26.47,0
26.47,0
26.47,0
26.47,0
26.56,300
26.57,408
26.82,200
26.82,0
26.82,0
26.82,0
26.82,0
26.88,100
26.88,0
26.88,0
26.88,0
26.88,0
26.88,163
26.88,100
26.88,0
26.92,200
26.92,0
26.92,0
26.92,0
26.92,0
26.92,0
26.92,0
26.92,0
26.92,0
26.92,0
26.92,0
26.66,200
26.66,0
26.66,0
26.75,172
26.75,0
26.75,0
26.75,0
26.75,0
26.75,0
26.98,100
26.98,0
26.98,0
27.13,804
27.07,388
26.89,2100
26.89,0
26.84,100
26.94,100
26.94,0
26.83,100
26.83,0
26.83,0
26.83,0
26.83,0
26.83,0
26.83,0
26.83,0
26.83,0
26.83,0
26.83,0
26.83,0
26.83,0
26.83,0
26.94,300
26.94,0
26.94,100
26.93,600
26.93,109
26.93,0
26.93,0
27.11,100
27.13,175
27.13,0
26.95,100
26.91,548
26.94,100
26.94,0
27.12,2026
27.15,2357
27.19,3268
27.19,0
27.29,400
27.3,1403
27.24,200
27.24,0
27.24,0
26.55,100
26.81,200
26.76,600
26.73,100
26.73,0
26.73,0
26.73,0
26.48,335
26.48,0
26.45,200
26.45,0
26.53,200
26.53,0
26.53,0
26.53,0
26.53,0
26.53,0
26.49,100
26.53,163
26.53,0
26.53,0
26.62,100
26.62,0
26.62,0
26.62,0
26.51,106
26.51,0
26.47,100
26.45,100
26.45,0
26.45,0
26.48,300
26.48,0
26.48,0
26.43,174
26.25,200
26.25,0
26.25,0
26.07,100
26.07,0
26.07,0
26.07,0
26.28,200
26.28,0
26.28,0
26.35,200
26.35,0
26.35,0
26.35,0
26.35,0
26.35,0
26.38,100
26.57,173
26.57,0
26.57,0
26.54,200
26.54,0
26.54,0
26.54,0
26.54,0
26.6,100
26.54,100
26.61,200
26.64,100
26.64,0
26.64,0
26.64,0
26.64,0
26.48,305
26.48,0
26.48,0
26.41,388
26.41,0
26.31,400
26.32,200
26.3,500
26.3,0
26.3,0
26.3,0
26.3,0
26.3,0
26.3,0
26.3,0
26.3,0
26.3,0
25.94,100
25.94,0
25.94,0
25.94,0
25.94,0
25.94,0
25.94,100
25.94,0
25.94,0
25.92,200
25.92,0
25.92,0
25.92,0
25.96,1510
25.92,100
25.97,1111
26.01,100
26,1304
26,0
25.98,163
25.98,0
25.98,0
25.98,0
25.98,0
25.96,136
25.96,0
25.96,0
25.82,300
25.72,593
25.58,900
26.29,975
26.41,500
26.37,400
26.35,475
26.43,252
26.37,500
26.42,500
26.37,100
26.36,1502
26.36,0
26.37,1010
26.44,200
26.44,0
26.44,0
26.55,1275
26.55,0
26.55,0
26.55,0
26.69,800
26.69,100
26.69,0
26.64,100
26.65,400
26.68,100
26.56,200
26.56,0
26.56,0
26.33,100
26.33,0
26.32,300
26.33,200
26.22,437
26.16,100
26.16,0
26.16,0
26.16,0
26.08,300
26.02,1900
25.97,2250
25.97,0
25.97,0
25.97,0
25.89,100
25.89,0
25.89,0
25.89,0
25.89,0
25.89,0
25.89,0
25.75,1500
25.89,100
25.91,550
25.91,0
25.8,100
25.76,200
25.76,0
25.8,240
25.78,200
25.88,231
25.88,0
26.02,141
26.02,0
26.02,0
25.9,369
25.9,0
25.9,0
25.9,0
25.87,100
25.87,0
25.87,0
25.87,0
25.87,0
25.87,0
25.94,100
26.03,200
25.9,100
25.91,600
25.78,1330
25.49,200
25.24,341
25.26,428
25.16,200
25.16,0
25.16,0
25.16,0
25.24,236
25.25,100
25.2,200
25.28,800
25.28,0
25.4,100
25.47,100
25.47,0
25.38,166
25.38,0
25.49,100
25.47,200
25.47,0
25.69,200
25.69,0
25.63,100
25.62,100
25.62,0
25.62,0
25.62,0
25.69,200
25.69,0
25.69,0
25.69,100
25.61,300
25.49,400
25.56,300
25.56,0
25.49,100
25.45,1407
25.33,1800
25.31,3135
25.31,0
25.03,257
25.03,0
25.03,0
24.74,132
24.67,294
24.67,0
24.67,0
24.76,200
24.75,100
24.82,100
24.85,126
24.97,279
25.02,181
24.94,2700
24.89,600
24.89,0
24.99,100
25.04,100
25,163
25.03,600
25.04,292
25.04,0
24.9,201
24.92,200
24.92,497
24.95,300
24.95,0
25.11,100
25.21,300
25.21,300
25.17,100
25.21,240
25.15,200
25.17,100
25.17,0
25.13,100
24.97,100
24.98,2248
24.98,0
24.98,0
24.8,300
24.93,100
24.97,100
24.97,0
25.06,208
25.01,100
25.02,253
25.11,300
25.11,0
25.11,0
25.09,100
25.09,0
25.09,0
25.09,0
25.09,0
25.09,0
25.25,200
25.18,100
25.2,400
25.2,0
25.2,0
24.98,202
24.98,0
24.98,0
24.98,0
24.98,0
24.98,0
24.84,353
24.84,0
24.84,0
24.84,0
24.84,0
24.84,0
24.84,0
24.87,304
24.86,1300
24.86,400
24.86,0
24.84,700
24.91,200
25.03,1000
25.11,500
25.11,0
24.97,200
25.01,100
25.01,0
25,300
25.01,400
24.88,341
24.88,0
24.88,0
24.88,0
24.89,101
24.89,0
24.89,0
24.97,100
25,411
25,100
25,0
25,0
24.9,100
24.95,700
24.97,7065
25.06,1300
25.03,900
25.02,200
25.06,986
25.02,600
25.02,0
25.02,0
24.87,204
24.93,138
24.87,626
24.89,100
24.9,300
24.92,649
24.92,0
24.93,702
24.93,0
25.06,1900
25.06,0
25.11,300
25.24,724
25.2,200
25.2,0
25.2,0
25.2,0
25.2,0
25.2,0
25.2,0
25.2,0
25.2,0
25.09,200
24.97,400
24.96,501
25.01,105
25.01,0
25.01,0
25.01,0
24.92,450
24.92,0
24.86,100
24.86,0
24.86,0
24.86,0
24.99,100
25.03,1512
24.98,400
24.97,100
24.97,0
24.97,0
24.97,0
24.95,463
24.95,0
24.88,505
24.88,0
25.32,200
25.32,0
25.62,109
25.64,400
25.61,1464
25.56,1713
25.61,1100
25.58,100
25.6,504
25.51,300
25.47,600
25.47,0
25.47,0
25.47,0
25.41,126
25.41,0
25.41,0
25.4,299
25.43,100
25.43,0
25.43,0
25.43,0
25.43,0
25.32,100
25.33,200
25.32,1036
25.32,0
25.43,832
25.43,200
25.47,411
25.52,200
25.52,0
25.56,461
25.56,0
25.58,1300
25.74,2725
25.81,3027
25.8,2083
25.8,0
25.8,0
25.63,300
25.47,237
25.47,0
25.47,0
25.59,250
25.59,0
25.59,0
25.59,0
25.59,0
25.68,200
25.67,300
25.62,100
25.6,200
25.6,0
25.6,0
25.6,0
25.6,0
25.6,0
25.6,0
25.6,0
25.6,0
25.6,0
25.6,0
25.6,0
25.67,438
25.62,300
25.62,0
25.62,0
25.62,0
25.69,206
25.69,0
25.69,0
25.75,100
25.75,0
25.88,200
25.88,500
25.97,1647
25.97,0
25.71,100
25.71,0
25.84,100
25.84,0
25.72,100
25.63,100
25.63,0
25.63,0
25.64,200
25.64,0
25.67,100
25.73,200
25.74,560
25.74,0
25.74,0
25.74,0
25.77,100
25.77,0
25.79,100
25.8,300
25.78,291
25.78,0
25.69,200
25.73,500
25.73,0
25.7,200
25.67,100
25.62,100
25.64,100
25.6,161
25.57,100
25.57,0
25.42,200
25.41,100
25.45,100
25.41,540
25.31,591
25.33,2495
25.34,100
25.34,0
25.34,0
25.61,100
25.61,0
25.61,0
25.59,100
25.59,0
25.49,200
25.49,0
25.49,0
25.42,100
25.43,400
25.41,200
25.41,0
25.47,699
25.58,500
25.66,424
25.66,0
25.67,577
25.67,0
25.7,1001
25.84,854
25.9,200
25.9,0
25.7,100
25.7,0
25.55,200
25.55,319
25.44,300
25.44,0
25.44,0
25.44,0
25.46,100
25.46,0
25.49,100
25.49,619
25.44,100
25.46,1505
25.48,200
25.48,0
25.48,0
25.48,0
25.48,200
25.48,200
25.48,200
25.48,0
25.48,0
25.45,100
25.43,100
25.48,200
25.51,100
25.51,0
25.51,0
25.51,0
25.51,0
25.51,0
25.51,0
25.51,200
25.51,0
25.51,0
25.51,0
25.51,0
25.55,467
25.51,100
25.51,0
25.51,0
25.51,0
25.51,0
25.51,0
25.35,200
25.35,0
25.35,0
25.35,0
25.35,0
25.35,0
25.24,305
25.26,2268
25.26,0
25.63,100
25.64,119
25.65,100
25.65,0
25.45,400
25.5,100
25.55,200
25.43,300
25.43,0
25.39,100
25.39,0
25.44,100
25.44,0
25.55,103
25.55,0
25.55,0
25.54,100
25.54,0
25.56,289
25.59,1266
25.55,1200
25.43,190
25.43,0
25.4,212
25.4,0
25.41,500
25.24,100
25.24,0
25.24,0
25.24,0
25.2,300
25.12,400
25.08,267
25.08,0
25,601
24.97,700
24.94,100
24.95,301
24.95,0
24.95,0
24.95,0
25.1,300
25.08,100
25.14,400
25.24,686
25.29,100
25.32,900
25.3,100
25.29,100
25.28,300
25.28,0
25.28,200
25.19,645
25.21,100
25.21,0
25.25,300
25.34,551
25.34,0
25.39,514
25.39,0
25.47,100
25.5,200
25.53,300
25.53,0
25.68,100
25.68,0
25.68,0
25.82,234
25.82,0
25.85,601
25.84,793
25.81,206
25.79,200
25.79,0
25.79,0
25.79,0
25.71,300
25.71,0
26.23,100
26.31,100
26.37,900
26.37,0
26.37,0
26.37,0
26.37,0
26.45,272
26.44,100
26.47,195
26.5,300
26.31,300
26.37,300
26.42,100
26.4,700
26.44,100
26.48,301
26.53,200
26.6,985
26.54,1012
26.54,0
26.83,400
27.19,605
27.19,0
27.19,0
26.73,120
26.73,0
26.73,0
26.74,536
26.77,100
26.77,0
26.77,0
26.72,1000
26.72,0
26.65,476
26.53,200
26.53,0
26.53,0
26.56,100
26.56,0
26.59,487
26.68,401
26.62,1000
26.66,700
26.66,0
26.62,301
26.68,200
26.61,400
26.61,753
26.62,100
26.63,300
26.63,0
26.63,700
26.6,202
26.6,0
26.43,332
26.43,0
26.43,0
26.18,701
26.19,1475
26.19,100
26.18,188
26.18,0
26.36,215
26.21,205
26.21,0
26.21,0
26.21,0
26.13,100
26.17,100
26.17,0
26.17,0
26.09,100
26.01,201
26.01,0
25.96,1111
25.96,0
26.07,200
26.07,0
26.21,100
26.29,1600
26.29,400
26.29,0
26.29,0
26.29,100
26.32,188
26.36,502
26.34,100
26.34,0
26.34,0
26.34,0
26.26,172
26.29,100
26.32,301
26.28,100
26.28,0
26.14,100
26.14,0
26.15,1431
26.15,0
26.15,0
26.15,0
26.15,0
26.15,0
25.72,100
25.8,100
25.91,100
25.81,100
25.81,0
25.81,0
25.81,0
25.81,0
25.81,0
25.81,0
25.81,0
25.81,0
25.81,0
25.81,0
25.81,0
25.81,0
25.81,0
25.91,200
25.91,0
25.91,0
25.91,0
25.91,0
25.91,0
25.91,0
25.91,0
25.91,0
25.91,0
25.69,100
25.68,202
25.63,100
25.63,0
25.63,0
25.63,0
25.58,390
25.91,200
25.91,0
25.91,0
25.91,0
25.91,0
25.91,0
25.91,0
25.91,0
26.22,101
26.29,100
26.33,105
26.31,200
26.25,208
26.25,0
26.25,0
26.49,259
26.48,216
26.58,200
26.6,400
26.57,100
26.63,100
26.6,100
26.6,0
26.6,0
26.54,200
26.54,0
26.54,0
26.61,200
26.6,200
26.6,0
26.59,200
26.59,0
26.59,0
26.59,0
26.59,0
26.98,164
26.98,0
26.97,500
26.94,1912
27.21,480
27.21,0
27.21,0
27.48,100
27.48,0
27.29,100
27.29,0
27.29,0
27.46,100
27.38,100
27.38,0
27.38,0
27.38,0
27.38,0
27.38,0
27.05,300
27.17,500
27.19,600
27.2,1100
27.31,200
27.32,800
27.31,400
27.38,700
27.46,300
27.49,100
27.44,600
27.44,0
27.44,0
27.66,100
27.65,392
27.63,500
27.63,580
27.67,100
27.67,0
27.7,100
27.86,664
27.88,560
28,1017
27.99,2827
28.28,100
28.28,0
28.28,200
28.28,0
28.28,0
28.28,0
28.58,200
28.58,0
28.56,300
28.58,200
28.58,0
28.58,100
28.56,400
28.59,100
28.59,0
28.5,100
28.51,100
28.51,0
28.51,0
28.51,0
28.51,0
28.51,0
28.44,100
28.52,100
28.52,0
28.52,0
28.51,100
28.53,100
28.5,200
28.46,300
28.46,200
28.42,404
28.42,538
28.34,276
28.36,300
28.42,100
28.51,554
28.54,600
28.51,4171
28.46,100
28.46,0
28.46,0
28.46,0
28.46,0
28.46,0
28.73,119
28.73,0
28.6,200
28.74,300
28.74,600
28.63,300
28.63,0
28.69,100
28.75,100
28.74,300
28.65,100
28.69,100
28.62,401
28.76,300
28.73,200
28.71,300
28.66,100
28.57,275
28.55,302
28.44,200
28.44,209
28.39,297
28.36,200
28.33,100
28.33,0
28.25,200
28.25,0
28.29,300
28.32,1000
28.33,796
28.13,2350
28.16,1725
28.03,3636
28.22,400
28.22,0
28.4,100
28.54,200
28.54,0
28.54,0
28.54,0
28.68,100
28.65,814
28.65,0
28.65,0
28.65,0
28.65,0
28.61,100
28.61,0
28.61,0
28.61,0
28.61,0
28.61,0
28.66,110
28.66,0
28.66,0
28.59,200
28.59,0
28.59,0
28.69,410
28.69,0
28.7,1086
28.75,1720
28.71,400
28.69,100
28.71,137
28.7,200
28.83,200
28.88,100
28.84,597
29.01,300
29.03,100
29.16,1115
29.05,400
29.05,0
29.11,600
29.04,261
29.04,0
29.04,0
28.9,100
28.79,500
28.84,1790
28.94,1469
28.94,300
28.86,1900
28.96,200
28.96,0
28.83,400
28.86,2400
28.81,804
28.79,300
28.81,1020
28.79,1124
28.85,110
28.84,200
28.81,300
28.74,300
28.8,1679
28.8,0
28.77,946
28.72,1661
28.79,800
28.75,400
28.75,675
28.67,700
28.61,300
28.59,100
28.54,1199
28.54,0
28.55,931
28.45,2599
28.55,3590
28.55,0
28.55,0
28.55,0
28.59,100
28.59,0
28.55,1200
28.55,0
28.55,0
28.55,0
28.55,0
28.55,0
28.55,0
28.54,100
28.5,175
28.5,0
28.5,0
28.57,200
28.54,300
28.54,0
28.54,0
28.54,0
28.41,100
28.44,100
28.39,300
28.34,400
28.34,0
28.34,0
28.25,100
28.25,0
28.25,0
28.31,200
28.21,2701
28.1,301
28.19,201
28,100
27.95,105
28.02,200
27.94,4076
27.93,4098
27.93,0
27.84,200
27.84,0
27.88,400
27.88,0
27.88,0
27.88,0
27.88,101
27.9,100
27.94,100
27.72,200
27.8,100
27.75,206
27.75,0
27.92,300
28.01,200
28.12,100
28.11,101
28.09,322
28.09,0
28.17,100
28.03,100
27.99,300
27.94,430
27.95,578
27.99,788
28,279
27.93,307
27.91,300
27.91,200
27.88,200
27.82,200
27.82,0
27.82,0
27.95,301
28.02,213
27.98,100
28.02,900
28.05,1389
28.45,100
28.45,0
27.91,100
27.91,0
28.02,100
28.02,0
28.02,1600
28.02,0
28.02,0
28.02,0
28.02,0
28.1,101
28.08,200
28.08,100
28.08,0
28.11,579
28.22,435
28.24,100
28.24,301
28.28,400
28.29,500
28.29,0
28.29,0
28.29,0
28.18,100
28.18,0
28.18,0
28.18,0
28.18,0
28.18,0
28.18,0
28.18,0
28.3,100
28.3,0
28.34,200
28.4,363
28.56,670
28.57,500
28.6,1928
28.6,0
28.6,0
28.54,100
28.54,0
28.54,0
28.54,0
28.54,0
28.66,100
28.66,0
28.66,0
28.73,200
28.73,0
28.73,0
28.73,0
28.73,0
28.73,0
28.73,0
28.73,0
28.73,0
28.73,0
29.07,200
29.08,100
29.08,0
29.08,0
29.01,200
28.93,200
28.93,0
28.93,0
28.96,300
28.87,1326
28.8,300
28.77,300
28.77,0
28.8,103
28.8,0
28.8,0
28.8,0
28.78,600
28.8,3881
28.58,200
28.58,0
28.58,0
28.58,0
28.58,0
28.71,300
28.71,0
28.71,0
28.71,0
28.71,0
28.82,100
28.73,181
28.73,0
28.73,0
28.73,0
28.73,0
28.73,0
28.73,0
28.73,0
28.73,0
28.75,100
28.75,0
28.75,0
28.75,0
28.73,100
28.74,100
28.83,100
28.83,0
28.79,300
28.8,450
28.81,400
28.81,200
28.81,137
28.81,0
28.81,0
28.7,100
28.7,0
28.7,0
28.69,1639
28.69,0
28.46,700
28.83,800
28.83,0
28.46,100
28.46,0
28.46,0
28.56,336
28.57,1436
28.66,806
28.58,445
28.63,200
28.59,238
28.62,816
28.76,357
28.74,500
28.71,505
28.81,697
28.75,900
28.75,500
28.69,981
28.69,200
28.75,696
28.74,300
28.69,1500
28.72,675
28.74,400
28.73,475
28.7,200
28.72,425
28.69,400
28.72,2087
28.68,2340
28.68,0
28.58,1381
28.58,0
28.75,400
28.64,100
28.51,303
28.51,0
28.51,0
28.77,100
28.77,0
28.77,0
28.74,500
28.59,100
28.59,0
28.59,0
28.59,0
28.66,147
28.66,0
28.66,0
28.66,0
28.66,0
28.72,200
28.72,0
28.72,0
28.86,190
28.93,990
28.93,0
28.93,0
28.89,100
28.89,0
28.76,400
28.75,600
28.75,0
28.79,833
28.76,100
28.79,300
28.87,600
28.85,100
28.84,200
28.79,103
28.75,400
28.87,5562
28.89,405
28.94,2762
29.04,1412
28.92,100
28.87,300
28.72,200
28.82,200
28.87,100
28.73,100
28.63,127
28.63,0
28.57,100
28.57,0
28.62,200
28.62,900
28.62,0
28.62,0
28.51,199
28.47,227
28.45,100
28.35,251
28.47,500
28.47,0
28.31,100
28.29,200
28.29,0
28.29,0
28.24,900
28.24,100
28.18,1019
28.23,342
28.23,0
28.29,512
28.21,100
28.21,686
28.27,1100
28.28,300
28.29,862
28.29,870
28.34,215
28.36,323
28.38,1977
28.53,400
28.49,100
28.49,0
28.49,0
28.49,0
28.26,100
28.34,100
28.34,0
28.34,0
28.34,0
28.33,700
28.33,0
28.33,0
28.33,0
28.33,0
28.36,100
28.36,0
28.36,0
28.36,0
28.36,0
28.36,0
28.36,0
28.36,0
28.36,0
28.36,0
28.36,0
28.36,0
28.36,0
28.36,0
28.36,0
28.36,0
28.36,0
28.36,0
28.36,0
28.36,0
28.36,0
28.65,570
28.71,200
28.7,400
28.7,0
28.75,439
28.75,0
28.77,100
28.77,5400
28.8,100
28.8,0
28.87,722
28.81,200
28.81,0
28.91,523
28.91,0
28.93,370
28.93,0
29.02,139
29.04,400
29.12,400
29.12,0
29.12,0
29.12,0
29.12,0
29.12,0
29.12,0
29.1,900
29.11,100
29.19,100
29.19,0
29.19,0
29.28,251
29.3,422
29.32,200
29.39,449
29.68,100
29.66,217
29.57,104
29.46,1197
29.28,967
29.17,853
29.21,1208
29.32,200
29.32,0
29.16,100
28.61,401
28.61,0
28.71,415
28.71,0
28.71,0
28.71,0
28.71,0
28.71,0
28.5,200
28.5,0
28.58,200
28.58,0
28.6,214
28.6,0
28.59,100
28.59,0
28.62,200
28.62,0
28.67,100
28.64,200
28.67,200
28.67,0
28.69,300
28.67,100
28.73,190
28.68,500
28.68,0
28.68,0
28.68,0
28.67,390
28.67,0
28.67,0
28.72,300
28.88,2314
28.71,2528
28.74,3278
28.74,0
28.74,0
28.74,0
28.74,0
28.74,0
28.74,0
28.35,1000
28.24,100
28.24,0
27.78,100
27.85,100
27.81,300
27.69,800
27.7,600
27.89,700
27.9,300
27.82,400
27.89,1000
27.92,400
27.93,500
27.89,494
27.88,1400
27.85,700
27.81,200
27.69,650
27.63,1093
27.71,564
27.58,300
27.72,487
27.82,600
27.84,600
27.84,0
27.84,0
27.84,0
27.84,0
27.99,100
28.12,400
28.01,225
28,1910
28,0
28,0
26.47,200
26.47,0
26.89,100
27.27,150
27.27,0
27.27,0
27.54,333
27.63,976
27.92,488
27.92,807
27.85,400
27.87,300
27.87,0
28.05,700
28.05,0
28.05,0
28.05,0
27.99,300
28.03,1000
27.84,1101
27.84,0
27.84,0
27.95,100
27.95,0
27.91,800
27.76,432
27.76,0
27.76,0
27.76,0
27.9,165
27.9,0
27.96,410
27.8,102
27.78,109
27.85,652
27.8,629
27.83,1748
27.83,0
27.75,100
27.75,0
27.75,0
27.75,0
27.75,0
27.75,0
27.75,0
27.54,100
27.54,0
27.29,200
27.29,0
27.29,0
27.29,0
27.29,0
27.29,0
27.29,0
27.29,0
27.29,0
27.29,0
27.41,100
27.41,0
27.41,0
27.41,0
27.39,300
27.47,300
27.47,0
27.44,100
27.44,0
27.76,458
27.82,1200
27.82,0
27.91,200
27.91,0
27.91,0
27.91,0
27.74,708
27.71,2736
27.69,3488
27.89,1000
27.82,100
27.82,0
27.8,100
27.76,100
27.82,100
27.61,100
27.63,201
27.73,400
27.73,0
27.73,0
27.59,100
27.58,200
27.53,300
27.44,2000
27.34,100
27.37,400
27.37,0
27.37,0
27.33,600
27.33,0
27.22,200
27.22,0
27.22,306
27.19,100
27.17,500
26.99,300
26.99,200
26.85,100
26.87,6424
26.83,406
26.83,0
26.83,0
26.83,0
26.98,200
26.91,192
27.18,708
27.43,732
27.51,4298
27.74,200
27.76,200
27.76,300
27.89,300
27.76,100
27.86,100
27.88,100
27.77,100
27.78,1000
27.82,100
27.82,0
27.82,0
27.79,100
27.79,0
27.73,100
27.76,457
27.76,200
27.8,100
27.8,0
27.77,100
27.77,111
27.77,0
27.79,200
27.88,200
27.88,0
27.87,200
27.87,0
27.87,0
27.86,200
27.9,400
28,100
27.97,300
27.97,2473
27.97,0
27.94,100
27.97,200
27.94,200
27.94,700
27.79,5267
27.77,1000
27.45,300
27.4,1520
27.51,529
27.51,0
27.51,0
27.51,0
27.91,200
27.83,862
27.82,600
27.85,545
27.85,0
27.88,100
27.91,1041
27.99,500
27.91,300
27.86,200
27.86,0
27.83,135
27.83,0
27.7,200
27.69,800
27.66,100
27.66,0
27.69,100
27.69,0
27.62,101
27.63,400
27.64,101
27.61,100
27.64,1307
27.69,2001
27.69,0
27.69,0
27.65,822
27.69,1100
27.7,748
27.7,0
27.68,4075
27.72,504
27.76,500
27.76,0
27.5,100
27.47,199
27.51,300
27.51,0
27.51,0
27.51,0
27.51,0
27.53,200
27.53,0
27.43,357
27.41,100
27.41,0
27.41,0
27.46,206
27.44,300
27.44,100
27.43,100
27.43,0
27.43,0
27.43,0
27.42,400
27.47,239
27.47,0
27.47,0
27.47,0
27.51,233
27.54,182
27.54,0
27.69,100
27.69,0
27.67,200
27.63,100
27.52,300
27.59,100
27.55,536
27.59,1013
27.59,0
27.59,0
27.59,0
27.59,0
27.59,0
27.59,0
27.59,0
27.85,136
27.85,0
27.85,0
27.85,0
27.85,0
27.85,0
27.85,0
27.81,100
27.81,0
27.75,100
27.75,0
27.75,0
27.75,0
27.86,201
27.86,0
27.82,200
27.82,0
27.82,0
27.82,0
27.76,450
27.77,200
27.74,700
27.74,0
27.74,0
27.74,0
27.74,0
27.81,200
27.83,200
27.83,0
27.83,0
27.83,0
27.89,500
27.76,300
27.79,488
27.71,1664
27.71,0
27.83,4000
27.83,0
27.98,100
28.03,264
28.03,0
28.03,0
28.03,0
28.08,100
28.08,100
28.09,1640
28.09,0
28.09,376
28.09,0
28.09,0
28.09,0
28.01,500
28.01,0
28.03,100
28.03,0
28.03,0
27.92,100
27.89,313
27.99,105
27.99,300
27.89,100
27.89,0
27.89,0
27.89,0
28.05,237
28.07,200
28.01,500
28.03,388
28.09,100
28.09,200
28.07,1209
28.2,290
28.27,941
28.27,200
28.45,790
28.45,0
28.45,0
28.45,0
28.45,0
28.45,0
28.45,0
28.81,1120
28.77,495
28.76,200
28.81,100
28.81,0
28.78,1510
28.72,100
28.66,336
28.68,400
28.69,100
28.68,101
28.68,200
28.67,200
28.67,0
28.66,200
28.66,0
28.66,0
28.66,0
28.66,0
28.66,300
28.72,200
28.63,521
28.63,0
28.55,500
28.55,0
28.51,200
28.52,600
28.5,500
28.47,1158
28.47,0
28.47,0
28.47,0
28.47,0
28.71,200
28.71,0
28.71,0
28.71,0
28.71,0
28.71,0
28.71,0
28.71,0
28.71,0
28.71,0
28.71,0
28.71,0
28.71,0
28.71,0
28.71,0
28.71,0
28.71,0
28.71,0
28.71,0
28.71,0
28.71,0
28.71,0
28.71,0
28.71,0
28.71,0
28.71,0
28.87,300
28.92,100
28.92,0
28.92,0
28.87,200
28.87,0
28.93,580
28.97,300
28.98,1695
28.98,0
29.07,100
29.07,0
29.27,100
29.27,0
29.27,0
29.38,100
29.38,0
29.38,0
29.44,101
29.42,100
29.51,100
29.55,100
29.55,0
29.55,0
29.5,100
29.5,0
29.5,0
29.5,0
29.5,0
29.38,200
29.44,706
29.38,100
29.38,206
29.44,159
29.46,200
29.46,0
29.46,0
29.46,0
29.5,100
29.56,100
29.56,0
29.57,100
29.51,310
29.51,0
29.51,0
29.51,0
29.53,657
29.42,714
29.42,0
29.42,0
29.31,108
29.31,0
29.3,100
29.3,0
29.3,0
29.3,0
29.3,0
29.3,0
29.3,0
29.3,0
29.3,0
29.3,0
29.3,0
29.3,0
29.3,0
29.3,0
29.3,0
29.3,0
29.02,100
29.02,0
29.02,0
29.02,0
29.02,0
29.02,0
29.02,0
29.02,0
29.02,0
29.02,0
29.1,100
29.07,100
28.94,100
28.94,0
28.94,0
28.94,0
29.12,200
29.14,600
29.16,2596
29.16,0
29.16,0
29.16,0
29.26,300
29.17,200
29.17,0
29.28,306
29.31,724
29.21,100
29.23,300
29.24,200
29.24,0
29.3,300
29.3,0
29.28,100
29.18,300
29.16,100
29.17,300
29.16,100
29.11,300
29.16,206
29.18,300
29.24,1013
29.43,100
29.48,200
29.43,100
29.43,0
29.51,100
29.54,333
29.67,1225
29.6,200
29.36,488
29.42,200
29.34,588
29.36,518
29.36,400
29.36,0
29.37,305
29.38,4174
29.51,100
29.46,100
29.58,100
29.65,200
29.46,100
29.43,200
29.5,100
29.5,0
29.5,0
29.57,100
29.57,0
29.57,0
29.41,100
29.39,500
29.39,0
29.39,0
29.39,0
29.39,0
29.39,0
29.39,0
29.59,200
29.59,0
29.59,0
29.5,100
29.5,200
29.44,200
29.42,200
29.42,0
29.42,0
29.5,200
29.5,0
29.52,100
29.57,300
29.59,130
29.59,0
29.65,200
29.66,100
29.66,300
29.66,1443
29.87,100
29.87,0
30.08,200
30.34,100
30.21,100
30.21,0
30.2,815
30.2,0
30.2,0
30.32,200
30.34,500
30.42,517
30.47,300
30.47,0
30.47,0
30.28,100
30.31,300
30.31,0
30.31,0
30.31,0
30.31,0
30.31,0
30.4,200
30.34,200
30.34,250
30.42,646
30.34,200
30.41,197
30.45,217
30.45,0
30.45,700
30.47,400
30.4,200
30.31,500
30.32,1662
30.34,3361
30.36,5605
30.32,400
30.17,885
30.3,200
30.38,300
30.41,261
30.47,299
30.47,0
30.47,0
30.47,0
30.47,0
30.47,0
30.47,0
30.47,0
30.47,0
30.47,0
30.47,0
30.47,0
30.47,0
30.47,0
30.47,0
30.47,0
30.47,0
30.47,0
30.47,0
30.47,0
30.47,0
30.47,0
30.47,0
30.47,0
30.32,125
30.32,0
30.32,0
30.32,0
30.32,0
30.4,100
30.4,0
30.4,0
30.4,0
30.4,0
30.44,100
30.4,786
30.3,100
30.3,0
30.25,100
30.32,300
30.32,400
30.32,0
30.41,100
30.41,0
30.39,194
30.47,100
30.36,100
30.36,0
30.29,401
30.29,0
30.41,100
30.41,0
30.44,200
30.47,233
30.45,100
30.45,0
30.43,100
30.5,300
30.5,0
30.5,0
30.5,0
30.5,0
30.5,0
30.5,0
30.54,100
30.54,0
30.54,0
30.54,0
30.54,0
30.54,0
30.54,0
30.54,0
30.47,299
30.45,211
30.37,908
30.37,0
30.37,0
30.37,0
30.37,0
30.37,0
30.33,100
30.32,100
30.32,100
30.32,0
30.32,100
30.32,600
30.32,0
30.32,0
30.32,0
30.32,0
30.32,0
30.17,100
30.1,200
30.16,350
30.17,684
30.21,300
30.14,100
30.14,0
30.14,0
30.14,0
30.14,0
29.92,100
29.88,100
29.88,0
29.92,100
29.82,100
29.86,100
29.88,200
29.94,300
29.94,0
29.94,200
29.95,2500
29.86,1503
29.83,7545
29.83,0
29.83,0
30.04,100
30.11,200
30.11,100
30.11,400
30.1,100
30.07,1102
30.05,100
30.05,0
30.04,500
30.04,0
30.01,883
30.03,2273
30.07,1200
30,300
30.01,100
30,200
29.97,296
29.98,200
30.01,1038
30.02,100
29.97,600
29.97,300
29.97,200
30.02,480
30.02,2171
30.05,500
30.04,300
30.02,301
29.97,1055
29.97,4247
29.96,111
29.96,0
29.99,100
29.93,300
29.97,7788
29.95,1511
29.85,6712
30.08,100
30.08,0
30.08,0
29.89,300
29.91,400
29.93,200
29.93,0
29.93,0
29.93,0
29.92,100
29.92,200
29.94,100
29.94,0
29.85,200
29.94,100
29.96,100
29.91,100
29.92,100
29.85,4500
29.85,0
29.84,256
29.84,0
29.88,200
29.85,4614
29.83,300
29.83,0
29.83,0
29.81,300
29.82,500
29.8,800
29.77,100
29.8,313
29.8,200
29.77,250
29.71,300
29.71,200
29.76,500
29.8,845
29.87,3797
29.87,0
29.56,100
29.56,0
29.56,0
29.56,0
29.56,0
29.41,200
29.33,300
29.2,100
29.2,0
29.2,0
29.2,0
29.2,0
29.23,100
29.23,0
29.23,0
29.23,0
29.23,0
29.17,100
29.17,0
29.1,100
29.1,0
28.99,200
28.99,0
29.05,100
29.05,0
29.05,0
29.05,0
28.97,100
29.07,100
29.04,200
29.04,0
28.96,100
28.96,0
28.97,100
29.03,100
29.04,550
28.98,602
28.99,1530
28.95,100
29.18,549
29.18,0
29.18,0
29.18,0
29.1,300
29.14,203
29.29,200
29.29,0
29.28,300
29.28,0
29.28,100
29.28,0
29.28,0
29.34,474
29.41,1934
29.5,612
29.51,390
29.56,200
29.56,300
29.49,300
29.49,312
29.49,0
29.45,400
29.45,0
29.45,0
29.45,0
29.45,0
29.45,0
29.45,0
29.34,100
29.34,0
29.3,123
29.29,234
29.29,0
29.35,188
29.39,100
29.37,400
29.4,1750
29.4,0
29.4,0
29.4,0
29.4,0
29.4,0
29.41,200
29.44,943
29.47,400
29.38,600
29.38,0
29.34,200
29.26,200
29.17,300
29.18,300
29.23,700
29.23,200
29.22,400
29.3,200
29.3,0
29.28,100
29.23,188
29.18,699
29.21,106
29.21,0
29.21,0
29.21,508
29.3,643
29.33,100
29.3,494
29.35,200
29.36,1156
29.3,1400
29.19,249
29.19,100
29.22,764
29.19,200
29.23,1100
29.24,745
29.22,2533
29.22,0
29.23,200
29.23,0
29.23,0
28.96,300
28.92,200
28.9,300
28.9,0
28.96,200
29.09,600
28.98,200
28.98,0
28.98,0
28.82,100
28.82,0
28.82,0
28.82,0
28.82,0
28.82,0
28.82,100
28.82,0
28.82,0
28.82,0
28.9,140
28.9,0
28.9,0
28.9,0
28.9,0
28.94,100
28.94,0
28.93,200
28.93,0
28.93,0
28.93,0
28.93,0
28.88,114
28.88,0
28.83,689
28.87,1448
28.87,0
29.29,100
29.29,0
29.29,0
29.29,0
29.29,0
29.29,0
29.29,0
29.29,0
29.29,0
29.33,100
29.33,0
29.33,0
29.38,100
29.38,204
29.3,100
29.3,0
29.3,0
29.43,100
29.43,0
29.43,0
29.5,200
29.5,0
29.5,0
29.51,800
29.51,0
29.51,0
29.55,200
29.55,300
29.55,0
29.55,0
29.55,0
29.62,434
29.65,248
29.56,234
29.55,226
29.68,503
29.86,820
29.87,742
29.87,0
29.45,100
29.45,0
29.45,0
29.45,0
29.45,0
29.45,0
29.37,100
29.42,232
29.44,701
29.54,100
29.48,300
29.47,400
29.41,200
29.32,210
29.32,0
29.32,0
29.25,204
29.25,0
29.25,0
29.25,0
29.25,0
29.25,0
29.25,0
29.22,100
29.22,0
29.28,100
29.28,0
29.26,354
29.26,100
29.37,694
29.37,0
29.45,104
29.45,0
29.45,0
29.44,1863
29.44,0
29.37,449
29.38,2725
29.38,0
29.38,0
29.38,0
29.38,0
29.38,0
29.14,200
29.14,0
29.12,900
29.16,300
29.16,0
29.19,300
29.19,0
29.19,0
29.19,0
29.19,0
29.19,0
29.19,0
29.19,0
29.59,100
29.59,0
29.56,100
29.64,100
29.64,0
29.64,0
29.75,100
29.8,200
29.85,100
29.85,100
29.85,0
29.84,109
29.84,0
29.9,100
29.9,0
29.82,781
29.81,769
29.82,392
29.99,100
29.98,390
29.95,1428
29.95,0
29.96,100
29.96,0
29.96,0
29.96,0
29.96,0
30,106
29.99,600
29.99,0
29.99,0
30.14,300
30.11,100
30.12,100
30.12,0
30.12,0
30.14,500
30.26,265
30.27,200
30.17,100
30.17,0
30.27,100
30.39,300
30.34,200
30.37,100
30.37,0
30.37,0
30.42,100
30.42,125
30.43,586
30.49,100
30.53,100
30.52,100
30.49,1277
30.52,200
30.58,100
30.57,985
30.65,1536
30.78,3105
30.97,7705
31.04,200
31.04,0
31.04,0
31.15,500
31.15,0
31.15,0
31.48,360
31.42,200
31.25,900
31.25,0
31.16,400
31.16,0
31.17,100
31.2,137
31.21,100
31.18,500
31.2,616
31.2,0
31.2,0
31.19,200
31.19,0
31.19,0
31.19,0
31.24,100
31.23,700
31.23,0
31.13,200
31.13,0
31.13,0
31.13,0
31.13,0
30.85,100
30.87,300
30.87,0
30.96,1459
31.01,3713
31.04,100
30.96,1032
30.91,2004
30.91,0
30.91,0
30.91,0
30.89,290
30.89,0
30.89,0
30.89,0
30.89,110
30.89,0
30.83,180
30.83,0
30.88,110
30.86,110
30.86,0
30.86,0
30.86,0
30.99,150
30.99,0
30.99,0
30.99,0
31.01,114
31.07,294
31.07,0
31.01,578
31.06,1642
31.2,260
31.2,0
31.26,100
31.35,210
31.33,100
31.34,105
31.3,230
31.27,100
31.19,100
31.14,700
31.15,210
31.24,1746
31.23,2018
31.37,2096
31.37,0
31.37,0
31.17,100
31.17,0
31.19,300
31.19,0
31.19,0
31.17,200
31.17,0
31.12,400
31.12,0
30.94,400
30.82,300
30.82,0
30.88,100
30.88,0
30.89,100
30.89,0
30.74,200
30.66,100
30.71,100
30.71,0
30.66,500
30.66,0
30.66,0
30.66,0
30.66,0
30.66,0
30.76,100
30.76,0
30.76,0
30.7,100
30.67,200
30.67,0
30.65,100
30.57,247
30.59,402
30.59,1640
30.59,5271
30.59,0
30.59,0
30.59,0
30.59,0
30.59,0
30.59,0
30.59,0
30.59,0
30.59,0
30.61,100
30.56,100
30.56,0
30.41,435
30.41,0
30.34,600
30.26,518
30.29,508
30.23,100
30.23,0
30.17,500
30.12,200
30.15,100
30.14,100
30.11,100
30.13,300
30.13,0
30.08,100
30.49,100
30.38,152
30.38,0
30.72,200
30.72,0
30.72,0
30.23,100
30.41,200
30.25,219
30.44,650
30.34,1527
30.2,2763
30.2,0
30.2,0
30.2,0
30.83,100
30.83,0
30.94,200
30.94,0
30.94,0
30.96,100
31.07,500
31.09,611
31.08,200
31.08,0
31.32,100
31.3,806
31.33,300
31.36,200
31.32,300
31.29,100
31.32,200
31.33,200
31.29,400
31.27,100
31.26,667
31.3,700
31.26,1953
31.27,500
31.28,400
31.31,500
31.37,750
31.38,357
31.36,806
31.2,900
31.21,1165
31.24,500
31.18,888
31.21,902
31.26,322
31.32,2874
31.06,309
31.08,600
31.04,400
30.99,400
31.05,600
31.1,416
31.15,644
31.23,400
31.29,606
31.31,400
31.26,892
31.15,500
31.23,200
31.27,200
31.3,201
31.26,200
31.39,400
31.54,300
31.53,500
31.52,300
31.55,312
31.55,0
31.57,239
31.49,100
31.49,100
31.46,331
31.46,0
31.29,100
31.3,300
31.3,0
31.3,0
31.3,0
31.3,0
31.42,100
31.37,200
31.37,0
31.49,1317
31.45,1099
31.49,6853
31.62,200
31.62,0
31.62,0
31.5,200
31.5,0
31.5,0
31.5,0
31.5,0
31.5,0
31.5,0
31.5,0
31.5,0
31.5,0
31.5,0
31.5,0
31.5,0
31.5,0
31.33,100
31.32,100
31.32,0
31.32,0
31.28,310
31.28,0
31.44,100
31.43,100
31.44,360
31.43,200
31.43,0
31.41,200
31.41,0
31.44,100
31.46,280
31.51,300
31.55,900
31.54,100
31.6,540
31.6,0
31.63,2472
31.52,6460
31.52,0
31.52,0
31.52,0
31.52,0
31.52,0
31.52,100
31.6,100
31.6,0
31.6,0
31.55,400
31.65,100
31.55,300
31.61,100
31.58,400
31.57,200
31.56,400
31.65,300
31.68,100
31.69,100
31.7,300
31.7,0
31.7,0
31.76,200
31.74,200
31.74,605
31.71,100
31.71,0
31.71,0
31.71,0
31.9,100
31.9,0
31.71,100
31.71,0
31.74,100
31.62,200
31.62,0
31.7,200
31.61,200
31.59,500
31.57,100
31.47,100
31.42,256
31.37,100
31.37,0
31.37,0
31.37,0
31.4,450
31.4,0
31.42,100
31.42,0
31.5,100
31.5,0
31.58,300
31.58,0
31.58,0
31.58,0
31.58,0
31.58,0
31.69,100
31.7,200
31.7,0
31.7,0
31.51,120
31.51,0
31.51,0
31.51,0
31.51,0
31.6,100
31.6,0
31.6,0
31.57,100
31.59,100
31.59,0
31.59,0
31.59,0
31.64,404
31.7,400
31.66,2671
31.94,200
32.04,100
32.16,200
32.26,600
32.23,812
32.24,200
32.29,302
32.31,200
32.32,522
32.36,167
32.42,200
32.49,375
32.56,400
32.62,200
32.68,200
32.71,200
32.71,0
32.71,0
32.82,204
32.82,0
32.82,100
32.82,200
32.76,200
32.72,100
32.72,0
32.74,100
32.73,303
32.74,200
32.69,507
32.66,100
32.55,200
32.45,200
32.49,1012
32.72,400
32.63,733
32.69,335
32.77,733
32.77,1899
32.66,4415
32.66,0
32.75,100
32.75,0
32.75,0
32.75,0
32.75,0
32.71,100
32.85,100
32.85,0
32.85,0
32.85,0
32.85,0
32.85,0
32.85,0
32.85,0
32.85,0
32.69,100
32.72,180
32.79,200
32.77,544
32.78,450
32.74,400
32.74,0
32.74,0
32.74,0
32.68,100
32.68,0
32.8,100
32.8,0
32.94,100
32.94,0
32.94,0
32.94,0
32.89,964
32.87,200
32.81,200
32.92,792
32.91,1209
32.87,3837
32.78,400
32.78,0
32.78,0
32.78,0
32.78,0
32.76,200
32.8,100
32.8,0
32.92,300
32.88,300
32.88,0
32.88,0
32.94,653
32.99,214
32.89,201
32.86,100
32.89,644
32.91,100
32.9,400
32.94,308
33,404
32.96,700
32.96,300
32.97,794
32.97,406
32.95,109
32.91,900
32.91,0
32.91,0
32.55,601
32.55,0
32.61,100
32.57,200
32.57,0
32.67,339
32.67,0
32.65,400
32.62,550
32.69,1334
32.85,600
32.63,700
32.57,979
32.55,100
32.31,731
32.32,101
32.29,500
32.46,401
32.46,0
32.3,200
32.31,300
32.33,200
32.39,100
32.46,201
32.43,450
32.38,400
32.41,800
32.39,100
32.28,199
32.23,500
32.25,100
32.2,200
32.18,100
32.08,100
32.14,102
32.15,384
32.22,200
32.26,600
32.25,630
32.35,850
32.37,400
32.45,365
32.45,0
32.45,0
32.08,100
32.15,516
32.2,1454
32.18,553
32.09,2651
32.09,0
32.09,0
32.18,400
32.18,0
32.18,0
32.18,0
32.18,0
32.18,0
32.18,0
32.18,0
32.18,0
32.05,100
32.05,0
32.11,400
32.06,100
32.06,0
32.06,0
32.06,0
31.88,100
31.89,400
31.85,600
31.74,100
31.77,200
31.77,0
31.8,1200
31.8,300
31.92,500
31.92,400
31.85,506
31.78,500
31.77,209
31.72,400
31.75,299
31.71,240
31.73,700
31.67,595
31.6,687
31.59,2900
31.78,1376
31.76,821
31.76,0
31.76,0
31.53,300
31.6,200
31.56,447
31.56,0
31.41,300
31.38,149
31.38,0
31.49,100
31.52,100
31.52,0
31.52,0
31.62,218
31.62,0
31.62,100
31.66,100
31.69,100
31.69,0
31.57,700
31.57,0
31.57,0
31.63,100
31.63,0
31.63,0
31.63,0
31.61,300
31.62,200
31.56,100
31.56,0
31.56,0
31.56,0
31.6,200
31.6,0
31.64,244
31.67,2956
31.62,328
31.66,2308
31.83,700
31.83,0
31.98,500
32.05,300
32.05,0
32.31,400
32.21,200
32.24,571
32.21,200
32.43,343
32.45,250
32.33,100
32.35,185
32.38,588
32.36,495
32.47,950
32.42,119
32.42,100
32.42,0
32.42,0
32.49,600
32.53,1200
32.53,0
32.48,225
32.45,100
32.45,0
32.42,325
32.42,0
32.27,200
32.41,101
32.4,185
32.46,753
32.44,1176
32.42,649
32.32,204
32.26,489
32.33,1715
32.29,1241
32.29,5515
32.3,163
32.3,0
32.3,0
31.8,251
31.8,0
31.69,100
31.73,100
31.73,100
31.73,0
31.62,100
31.62,0
31.62,0
31.74,100
31.72,101
31.69,400
31.69,0
31.69,0
31.59,100
31.6,291
31.6,0
31.6,0
31.74,100
31.74,0
31.76,100
31.74,400
31.77,300
31.74,300
31.65,200
31.6,100
31.55,245
31.55,0
31.49,850
31.32,303
31.34,100
31.34,0
31.34,300
31.42,200
31.61,825
31.6,1823
31.6,0
31.6,0
31.6,0
31.65,100
31.65,0
31.65,0
31.32,400
31.4,301
31.46,100
31.52,100
31.44,210
31.44,0
31.44,0
31.44,0
31.44,0
31.39,100
31.39,0
31.39,0
31.39,0
31.33,130
31.33,0
31.3,100
31.3,0
31.3,0
31.3,0
31.3,0
31.3,0
31.3,0
31.32,200
31.25,101
31.24,100
31.24,0
31.24,0
31.24,0
31.13,100
31.13,0
31.24,300
31.41,166
31.42,305
31.42,0
31.42,0
31.42,0
31.42,0
31.42,0
31.42,0
31.42,0
31.42,0
31.42,0
31.42,0
31.42,0
31.42,0
31.42,0
31.42,0
31.42,0
31.42,0
31.42,0
31.42,0
31.42,0
31.42,0
31.42,0
31.42,0
31.42,0
31.63,100
31.63,0
31.63,0
31.63,0
31.63,0
31.63,0
31.63,0
31.63,0
31.63,0
31.59,102
31.59,0
31.59,0
31.59,0
31.59,0
31.69,201
31.61,200
31.61,0
31.61,0
31.61,0
31.61,0
31.33,100
31.33,0
31.33,0
31.33,0
31.33,0
31.07,100
31.17,100
31.17,0
31.17,0
31.17,0
31.17,0
31.17,0
31.17,0
31.34,200
31.3,100
31.3,0
31.3,0
31.16,200
31.16,0
31.16,0
31.12,150
31.11,100
31.11,0
31.11,0
31.11,0
31.05,100
31.06,200
31.06,0
30.96,200
30.96,0
31,401
31.02,200
31.02,0
31.02,300
31.14,675
31.14,0
31.14,0
31.14,0
31.14,0
31.69,100
31.69,0
31.69,0
31.69,0
31.69,0
31.7,100
31.68,100
31.68,0
31.68,0
31.68,0
31.68,0
31.68,0
31.68,0
31.68,100
31.68,300
31.68,0
31.68,0
31.68,0
31.6,100
31.6,0
31.6,0
31.6,0
31.6,0
31.6,0
31.56,100
31.56,0
31.56,0
31.59,188
31.59,100
31.66,200
31.66,0
31.66,0
31.72,100
31.76,900
31.7,1045
31.7,0
31.7,0
31.75,100
31.78,100
31.88,108
31.88,0
31.91,300
31.91,0
31.91,0
31.91,0
31.91,0
31.91,100
31.91,0
31.91,0
31.91,0
31.91,0
31.91,100
31.91,0
31.91,0
31.89,200
31.86,404
31.89,100
31.89,0
31.89,0
31.89,0
31.89,0
31.89,0
31.75,100
31.73,100
31.74,100
31.74,0
31.74,0
31.74,0
31.74,0
31.81,200
31.81,0
31.81,0
31.81,0
31.77,1165
31.9,200
31.91,100
31.91,0
31.91,0
31.91,0
31.91,0
31.91,0
31.91,0
31.68,100
31.68,0
31.68,0
31.68,0
31.68,0
31.96,200
31.96,0
31.96,0
31.96,0
31.96,0
31.79,500
31.79,0
31.74,300
31.74,0
31.74,0
31.7,100
31.7,0
31.77,1126
31.76,101
31.76,0
31.66,203
31.66,0
31.63,400
31.67,1235
31.77,300
31.77,204
31.76,1100
31.86,100
31.92,601
31.93,400
31.85,1577
31.85,0
31.85,0
31.85,0
31.85,0
32.15,100
32.17,900
32.16,200
32.16,0
32.16,0
32.16,0
32.16,0
32.16,0
32.16,0
32.2,100
32.2,0
32.2,0
32.2,0
32.2,0
32.2,0
32.35,101
32.35,0
32.35,0
32.35,0
32.35,0
32.62,100
32.62,0
32.81,100
32.81,0
32.81,0
32.81,0
32.81,0
33.11,9814
33.14,342
33.14,0
33.2,100
33.2,0
33.2,205
33.34,1720
33.33,4611
33.11,150
33.11,0
33.27,100
33.37,100
33.37,0
33.35,391
33.45,352
33.45,0
33.57,201
33.5,590
33.45,100
33.49,200
33.66,100
33.66,0
33.67,200
33.51,100
33.51,0
33.6,200
33.67,453
33.75,100
33.87,118
33.8,100
33.93,2550
33.89,400
33.86,100
33.88,300
33.88,0
33.88,0
33.86,801
33.9,203
33.86,455
33.79,332
33.82,1002
33.82,0
33.8,708
33.82,356
33.81,866
33.84,1740
33.93,5282
33.83,100
33.83,0
33.83,0
33.83,0
33.77,528
33.77,0
33.75,903
33.8,100
33.8,0
33.8,0
33.8,0
33.8,200
33.8,0
33.8,0
33.8,223
33.8,0
33.8,0
33.8,0
33.81,100
33.81,0
33.81,0
33.81,0
33.88,150
33.88,0
33.88,0
33.77,162
33.75,100
33.72,289
33.74,270
33.74,0
33.74,0
33.61,711
33.7,200
33.65,100
33.74,313
33.69,300
33.71,200
33.75,1000
33.72,728
33.68,100
33.76,300
33.73,100
33.67,100
33.64,100
33.65,100
33.66,128
33.63,159
33.63,0
33.63,918
33.63,0
33.62,500
33.63,200
33.63,106
33.63,0
33.63,0
33.61,501
33.61,0
33.61,0
33.61,0
33.63,100
33.66,150
33.66,0
33.66,0
33.66,0
33.66,0
33.66,0
33.66,0
33.66,0
33.63,100
33.63,0
33.63,0
33.63,0
33.64,300
33.65,100
33.65,0
33.64,400
33.63,278
33.59,546
33.59,100
33.44,100
33.44,0
33.35,330
33.35,0
33.32,350
33.27,1091
33.14,400
33.14,200
33.14,500
33.17,400
33.19,3477
33.16,1200
33.13,300
33.18,363
33.28,400
33.36,100
33.41,100
33.46,100
33.39,366
33.39,0
33.39,350
33.39,0
33.48,271
33.53,220
33.53,0
33.53,300
33.52,300
33.52,0
33.52,1002
33.44,585
33.45,200
33.46,883
33.48,861
33.44,300
33.44,0
33.23,257
33.1,701
33.07,3533
33.07,0
33.07,0
33.07,0
33.13,100
32.96,100
32.94,200
32.94,0
32.92,100
32.98,800
32.95,400
32.83,200
32.86,300
32.92,694
32.83,100
32.83,0
32.79,100
32.79,0
32.74,201
32.83,400
32.99,100
32.99,0
33.08,100
33.08,0
32.79,1100
32.75,702
32.76,400
32.76,0
32.74,300
32.66,201
32.68,300
32.67,300
32.69,600
32.69,0
32.69,0
32.71,200
32.56,100
32.38,105
32.51,350
32.53,3934
32.72,300
32.83,200
32.83,0
32.87,100
32.82,300
32.79,445
32.77,500
32.84,200
32.78,350
32.81,100
32.76,655
32.85,350
32.82,200
32.79,300
32.79,100
32.78,414
32.61,200
32.63,300
32.81,631
32.82,563
32.83,300
32.83,100
32.88,100
32.94,100
32.94,0
32.85,200
32.84,300
32.87,363
32.82,600
32.78,364
32.77,900
32.81,100
32.84,100
32.87,205
32.89,400
32.94,100
32.88,100
32.79,650
32.91,1464
32.91,0
32.91,0
32.91,0
33.02,100
33.18,300
33.18,0
33.18,0
33.38,200
33.34,100
33.34,100
33.31,200
33.34,200
33.34,0
33.32,200
33.41,200
33.36,100
33.35,100
33.43,150
33.43,0
33.44,400
33.44,0
33.44,0
33.45,400
33.44,100
33.44,0
33.35,100
33.35,0
33.35,0
33.33,1450
33.42,200
33.42,414
33.48,100
33.48,0
33.55,501
33.55,0
33.57,900
33.51,913
33.42,806
33.47,4429
33.47,0
33.61,200
33.72,253
33.72,0
33.72,0
33.59,100
33.67,239
33.67,0
33.67,0
33.67,0
33.64,900
33.57,300
33.57,0
33.37,200
33.37,0
33.45,300
33.5,100
33.41,200
33.43,200
33.42,146
33.36,151
33.37,100
33.23,200
33.23,0
33.44,423
33.35,200
33.29,100
33.29,0
33.3,499
33.19,100
33.16,300
33.21,100
33.26,200
33.17,100
33.08,100
33.08,0
33.07,400
33.08,200
33.04,6344
32.94,723
32.71,690
32.71,0
32.63,400
32.42,582
32.42,200
32.44,395
32.44,0
32.33,675
32.42,100
32.42,0
32.42,0
32.42,0
32.42,0
32.42,100
32.42,0
32.42,0
32.42,0
32.46,200
32.36,100
32.35,100
32.32,500
32.32,0
32.32,0
32.33,200
32.46,200
32.42,274
32.35,785
32.33,250
32.43,118
32.46,458
32.48,100
32.36,201
32.32,100
32.33,604
32.29,200
32.31,537
32.24,1127
32.2,2504
32.2,0
32.2,0
32.2,0
32.42,300
32.42,0
32.42,0
32.51,100
32.47,400
32.46,500
32.46,0
32.42,300
32.4,167
32.4,0
32.48,300
32.57,100
32.6,450
32.66,100
32.57,100
32.58,216
32.64,250
32.67,400
32.65,1000
32.61,100
32.64,208
32.66,800
32.61,305
32.67,400
32.68,463
32.68,759
32.66,463
32.67,1000
32.61,1024
32.66,600
32.67,300
32.55,100
32.58,100
32.53,400
32.58,875
32.59,6975
32.45,1730
32.64,1483
32.64,0
31.93,400
31.93,0
31.9,300
31.82,902
31.82,301
31.85,200
31.82,1320
31.92,297
31.94,500
31.85,400
31.87,800
31.88,800
31.97,300
32.06,500
32.07,304
32.05,400
31.96,400
31.97,369
31.97,0
31.94,600
31.93,307
31.91,1030
31.92,500
31.93,400
31.91,133
31.95,101
32,200
31.88,100
31.91,307
31.88,307
31.9,1057
31.98,503
32.01,100
32.05,415
31.81,471
31.87,3549
32.11,300
32.05,100
32.1,469
32.12,350
32.12,0
32.2,400
32.13,300
32.06,1212
32.19,300
32.3,400
32.33,501
32.33,0
32.18,100
32.23,387
32.23,0
32.12,503
32.12,0
32.12,0
31.97,203
31.93,200
31.96,175
31.98,200
32.01,299
32.09,200
31.93,100
31.87,100
31.83,400
31.82,200
31.74,100
31.79,218
31.78,300
31.78,0
31.79,500
31.7,300
31.72,756
31.76,770
31.75,350
31.77,3013
31.68,3159
31.83,100
32.02,105
31.96,108
31.96,0
31.96,0
31.96,0
31.74,100
31.74,300
31.8,100
31.67,200
31.67,0
31.67,0
31.67,0
31.38,322
31.39,100
31.3,208
31.38,200
31.38,0
31.55,600
31.55,0
31.63,317
31.71,200
31.68,200
31.72,400
31.74,100
31.74,403
31.74,300
31.72,200
31.73,492
31.75,800
31.77,400
31.79,3862
31.77,2021
31.67,1127
31.72,500
31.61,2325
31.66,1805
31.55,2973
31.63,1089
31.77,200
31.77,0
31.77,2169
31.76,500
31.74,500
31.74,0
31.74,0
31.74,0
32.06,100
32.06,0
32.04,100
32.02,100
32,550
31.94,458
31.94,0
32.05,203
32.05,100
31.99,417
32.04,125
32.06,500
32.04,200
32.01,500
32.01,0
31.95,163
31.95,0
31.95,0
31.94,400
32.01,2288
32.05,200
32.06,305
32.03,1032
32.06,1113
32.06,0
32.06,2219
32.07,1552
32.09,422
32.11,1200
32.13,697
32.14,3514
32.16,200
32.16,0
32.16,0
32.19,100
32.19,0
32.19,0
32.19,0
32.19,0
32.5,500
32.09,100
32.09,1600
32.09,0
32.2,104
32.2,1760
32.18,1255
32.19,1060
32.17,200
32.17,0
32.14,400
32.1,200
32.09,1096
32.1,813
32.08,877
32.06,300
32.08,1064
32.15,531
32.17,300
32.05,100
32.07,300
32.02,100
32.1,681
32.11,901
32.06,300
32.05,1753
32.14,568
32.14,905
32.13,100
32.14,1773
32.31,4553
32.31,0
32.31,0
32.6,100
32.6,0
32.69,500
32.69,0
32.69,0
32.99,300
32.99,0
32.9,1507
32.53,100
32.57,200
32.28,148
32.26,100
32.41,100
32.48,200
32.4,3942
32.32,500
32.2,350
32.08,485
32.08,0
32.05,200
32.04,100
32.04,0
32,200
32.04,100
32.04,100
31.96,200
31.96,0
32.04,345
32.04,0
32.04,100
32.06,200
32.13,116
32.13,0
32.11,927
31.98,656
31.81,1296
31.84,4263
31.67,250
31.59,475
31.58,100
31.53,371
31.53,0
31.53,0
31.53,0
31.61,614
31.61,0
31.74,969
31.69,220
31.71,135
31.74,100
31.78,460
31.82,100
31.8,105
31.81,100
31.83,100
31.83,0
31.83,0
31.83,0
31.83,0
31.87,100
31.85,200
31.85,254
31.74,484
31.76,100
31.82,113
31.82,0
31.82,0
31.97,357
31.93,100
31.91,524
31.94,314
31.97,418
32.06,1700
32.11,990
32.1,528
32.01,2385
31.96,300
32.32,200
32.32,0
32.54,100
32.52,1100
32.52,0
32.53,233
32.53,0
32.53,0
32.53,0
32.76,300
32.76,0
32.71,100
32.69,300
32.65,200
32.63,501
32.65,100
32.65,0
32.65,0
32.59,100
32.66,400
32.69,100
32.69,0
32.69,0
32.69,0
32.6,300
32.6,0
32.61,100
32.66,900
32.57,300
32.55,200
32.6,500
32.62,200
32.58,300
32.65,500
32.68,2207
32.67,700
32.61,100
32.52,1961
32.33,300
32.18,100
32.18,0
31.97,200
32.05,200
32.06,400
32.07,308
32.22,203
32.22,0
32.22,0
32.21,502
32.25,101
32.24,544
32.12,300
32.12,0
32.12,0
32.12,0
32.16,105
32.15,100
32.12,1001
32.07,101
31.98,100
32.01,300
32.1,200
32.21,101
32.21,0
32.15,100
32.15,0
32.15,0
32.22,115
32.22,0
32.22,0
32.22,0
32.4,100
32.4,0
32.4,0
32.35,200
32.35,700
32.29,7059
32.29,0
32.09,700
32.11,300
31.73,100
31.73,0
31.73,0
31.84,200
31.99,100
31.99,0
31.99,0
31.99,146
32.02,200
32.02,0
32.02,0
32.02,0
32.02,0
32.02,0
32.09,100
32.09,0
32.09,0
32.3,145
32.19,300
32.15,100
32.1,100
32.14,246
32.14,400
32.12,132
32.04,357
32.07,418
32.08,400
32.07,624
32.09,700
32.11,701
32.11,0
32.18,100
32.19,400
32.11,732
32.08,526
32.12,5845
32.08,300
32.08,0
32.44,100
32.33,300
32.18,245
32.19,200
32.24,204
32.24,0
32.16,450
32.18,800
32.14,200
32.15,500
32.11,300
32.1,300
32.03,504
31.93,1188
31.87,891
31.75,309
31.82,433
31.97,233
31.94,719
32.01,329
31.95,200
31.91,100
31.84,871
31.78,100
31.78,583
31.76,300
31.77,106
31.76,965
31.75,500
31.81,903
31.79,661
31.79,800
31.62,552
31.65,980
31.66,550
31.69,1316
31.7,2305
31.7,0
31.7,0
31.91,100
31.89,1686
31.82,1033
31.68,1139
31.65,213
31.65,0
31.61,1020
31.6,200
31.67,202
31.77,117
31.84,100
31.83,200
31.81,100
31.85,100
31.92,100
31.92,0
31.87,355
31.87,0
31.87,0
31.75,350
31.82,200
31.82,0
31.62,662
31.62,0
31.58,500
31.53,600
31.55,100
31.54,100
31.53,470
31.61,301
31.67,300
31.73,500
31.73,400
31.74,300
31.73,906
31.75,1859
31.73,5964
31.73,0
32.06,100
32.06,0
32.11,434
32.11,0
32.11,0
32.09,300
32.09,0
32.09,0
32.09,0
32.25,200
32.29,886
32.37,200
32.37,738
32.34,200
32.33,700
32.33,100
32.33,0
32.22,200
32.22,300
32.15,300
32.18,200
32.18,0
32.16,300
32.16,0
31.93,200
31.96,200
32.09,200
32.04,416
31.93,269
31.87,100
31.87,200
31.87,100
31.92,300
31.84,218
31.9,200
31.93,100
31.92,200
31.93,970
31.67,1000
31.69,110
31.55,151
31.46,1200
31.47,543
31.25,400
31.16,705
31.31,748
31.43,398
31.36,100
31.38,3900
31.53,600
31.48,1811
31.48,0
31.48,0
31.58,212
31.58,0
31.47,300
31.47,314
31.47,0
31.47,0
31.41,2540
31.42,100
31.42,300
31.46,201
31.54,100
31.57,200
31.62,1200
31.64,1500
31.66,1300
31.65,400
31.65,1949
31.64,1001
31.66,1009
31.66,2000
31.86,420
31.91,500
32.02,1168
32.03,5931
32.03,0
32.03,0
31.42,422
31.39,200
31.43,100
31.45,250
31.48,200
31.48,0
31.56,300
31.61,100
31.52,300
31.51,900
31.5,1653
31.51,359
31.51,0
31.47,200
31.47,100
31.46,300
31.46,369
31.57,300
31.49,1757
31.51,500
31.53,107
31.52,200
31.54,100
31.52,300
31.52,0
31.52,0
31.52,0
31.7,687
31.65,200
31.75,300
31.7,250
31.61,200
31.52,200
31.58,200
31.68,900
31.66,500
31.75,3132
31.77,300
31.62,338
31.62,0
31.62,0
31.74,700
31.74,0
31.74,0
31.74,0
31.99,1109
31.99,0
31.99,0
31.95,100
32.01,100
32,300
32,0
32.02,100
32.02,0
32.02,0
32.02,0
32.02,0
32.02,0
32.21,644
32.25,200
32.26,100
32.33,300
32.4,500
32.45,100
32.45,0
32.43,100
32.39,100
32.37,466
32.38,301
32.42,300
32.5,600
32.55,200
32.54,400
32.68,1335
32.63,1000
32.55,1535
32.47,300
32.42,100
32.42,0
32.42,0
32.42,200
32.5,100
32.34,100
32.34,0
32.18,300
32.2,100
32.23,200
32.16,200
32.16,200
32.3,100
32.34,100
32.37,100
32.37,0
32.56,500
32.55,900
32.55,0
32.56,100
32.58,700
32.53,200
32.53,0
32.46,200
32.41,250
32.4,500
32.37,406
32.36,350
32.37,100
32.39,502
32.47,312
32.48,837
32.48,0
32.46,400
32.46,200
32.47,209
32.43,1015
32.32,3642
32.32,0
32.63,200
32.59,100
32.64,100
32.64,0
32.47,400
32.56,500
32.6,500
32.73,100
32.73,100
32.59,106
32.66,200
32.6,927
32.59,511
32.57,100
32.57,1094
32.57,0
32.69,330
32.69,0
32.69,100
32.81,800
32.87,402
32.91,141
32.87,305
32.87,1069
32.87,100
32.9,743
33.17,1427
33.1,935
32.96,777
32.96,1218
32.85,370
32.79,500
32.85,1100
32.88,1037
32.88,400
32.88,100
32.92,1129
32.94,3330
32.52,1000
32.42,2241
32.42,0
32.35,300
32.35,100
32.3,363
32.01,600
32.07,535
32.18,100
32.18,0
32.12,300
32.15,735
32.14,226
32.15,2108
32.06,997
31.95,100
31.99,963
32.01,370
32.09,2500
32.14,2100
32.09,1513
32.03,600
32.09,1738
32.07,800
32.07,1362
32.08,2090
32.22,1395
32.39,2120
32.27,500
32.18,1089
32.16,1200
32.19,1600
32.28,1693
32.38,1139
32.4,1869
32.35,1692
32.37,1942
32.42,757
32.35,5011
32.35,0
32.52,300
32.52,0
32.52,0
32.52,0
32.52,0
32.52,0
32.69,120
32.76,628
32.75,200
32.75,0
32.72,100
32.74,237
32.74,0
32.76,100
32.73,200
32.76,405
32.81,201
32.81,0
32.81,0
32.81,0
32.76,400
32.83,100
32.83,0
32.85,400
32.87,721
32.87,0
33.05,1155
32.98,203
32.93,350
33,300
33,0
33.04,620
33.03,510
33.03,500
33.03,0
33.09,1005
33.07,1361
32.98,4204
32.98,0
32.98,0
32.98,0
33.02,100
33.02,0
33.1,126
33.1,0
32.94,351
33.07,100
33.07,0
33.07,0
32.96,802
33.03,516
33.02,410
32.9,708
32.85,295
32.82,100
32.82,0
32.72,1774
32.81,1872
32.89,5240
32.89,0
32.89,0
32.94,100
32.94,0
32.86,210
32.67,200
32.69,100
32.84,100
32.84,0
32.75,200
32.78,100
32.78,0
32.78,0
32.94,363
33.04,426
33.04,0
33.04,0
33.07,100
33.12,300
33.12,0
33.12,0
32.94,144
32.94,0
33.1,200
33.07,100
33.07,0
33.17,500
33.17,0
33.17,0
33.15,291
33.15,0
33.15,0
33.24,202
33.24,0
33.24,0
33.24,0
33.16,500
33.21,194
33.22,100
33.22,0
33.07,938
33.29,141
33.29,0
33.29,0
33.29,0
33.29,0
32.95,100
32.94,200
33.02,100
33.02,0
33.02,0
33.02,100
33.08,200
33.12,100
33.13,843
33.13,0
33.13,0
32.92,500
32.95,452
32.95,0
33.19,200
33.18,404
33.18,0
33.2,100
33.21,318
33.16,212
33.05,100
33.03,975
33.03,0
32.94,200
32.96,162
32.96,0
32.96,0
32.92,500
32.92,0
32.85,100
32.78,116
32.76,971
32.8,867
32.88,845
32.88,126
32.73,100
32.73,0
32.89,100
32.89,0
32.89,0
32.67,300
32.74,200
32.79,100
32.62,200
32.46,200
32.54,100
32.5,100
32.55,301
32.7,200
32.77,200
32.79,901
32.75,100
32.69,302
32.69,0
32.74,200
32.74,0
32.7,200
32.65,100
32.57,404
32.79,100
32.75,300
32.65,100
32.63,100
32.62,238
32.56,200
32.55,896
32.49,1451
32.51,500
32.51,1554
32.56,400
32.67,100
32.66,300
32.61,682
32.61,0
32.61,0
32.61,0
32.61,0
32.61,0
32.61,0
32.52,100
32.65,100
32.64,300
32.89,100
32.87,633
32.9,343
33.01,399
33.02,368
33.02,700
33,400
32.98,100
32.96,750
32.95,300
32.95,0
32.95,0
33.03,100
32.88,100
32.85,100
32.85,0
32.85,0
32.94,100
32.97,100
32.98,300
33.01,100
33.01,0
33.05,592
33.05,0
33.05,300
32.96,125
32.87,200
32.91,300
32.99,1408
32.98,5053
32.9,442
33.1,755
33.15,513
33.04,200
33.04,0
33.08,100
33.08,100
33.04,381
33.1,300
33.11,901
33.04,1478
33.04,200
33.05,1213
32.97,301
33.03,300
32.98,1456
32.94,3100
32.8,309
32.65,300
32.65,0
32.59,263
32.58,401
32.61,200
32.61,0
32.54,609
32.54,0
32.55,1126
32.57,300
32.55,600
32.54,1037
32.57,481
32.43,200
32.4,522
32.4,0
32.35,160
32.35,0
32.32,100
32.32,0
32.28,691
32.28,0
32.65,100
32.65,890
32.61,100
32.61,0
32.57,100
32.57,0
32.57,0
32.57,0
32.57,0
32.36,100
32.36,0
32.31,400
32.38,400
32.44,1720
32.44,0
32.14,108
32.21,100
32.21,0
32.21,0
32.21,0
32.21,0
32.21,0
32.17,100
32.17,0
32.17,0
32.17,0
32.17,0
32.17,0
32.17,0
32.17,0
32.17,0
32.24,100
32.24,0
32.06,100
32.02,571
31.93,619
31.8,263
31.88,248
31.88,0
31.88,0
31.88,0
31.88,0
31.63,100
31.69,557
31.73,100
31.73,0
31.96,210
31.96,0
32.09,100
32.09,0
32.22,200
32.22,0
32.22,0
32.21,200
32.33,2280
32.27,300
32.35,455
32.39,248
32.4,100
32.39,407
32.43,200
32.55,100
32.55,0
32.55,0
32.5,358
32.46,212
32.47,773
32.43,100
32.42,200
32.44,826
32.58,244
32.66,888
32.58,1358
32.5,1817
32.49,3947
32.57,2344
32.51,6705
32.59,100
32.59,0
32.73,5903
32.73,448
32.51,212
32.51,0
32.51,0
32.37,100
32.37,0
32.37,0
32.4,628
32.38,127
32.35,127
32.35,0
32.36,100
32.36,0
32.31,100
32.31,0
32.16,200
32.16,0
32.05,100
32.1,800
32.23,300
32.17,200
32.13,400
32.13,0
32.08,100
32.13,302
32.11,688
32.02,315
32.06,647
32,603
32,856
32.08,812
31.94,888
31.87,768
31.85,776
31.74,950
31.76,3386
31.76,0
31.69,609
31.67,828
31.76,100
31.57,300
31.62,879
31.52,840
31.54,826
31.54,200
31.6,464
31.56,500
31.48,3120
31.6,763
31.63,300
31.63,0
31.61,100
31.61,0
31.61,100
31.61,0
31.52,200
31.52,200
31.57,300
31.56,300
31.56,600
31.62,283
31.6,100
31.57,392
31.53,100
31.59,600
31.54,200
31.51,200
31.53,263
31.54,563
31.46,909
31.49,722
31.35,998
31.37,1234
31.33,554
31.35,3971
31.32,100
31.58,1111
31.4,100
31.4,800
31.41,200
31.42,208
31.42,908
31.33,1374
31.21,1631
31.15,1612
31.19,1571
31.08,413
31.09,811
31.13,204
31.09,100
31.08,501
31.08,0
30.91,202
30.91,0
30.91,0
30.93,963
30.93,0
31,820
31.01,849
30.96,1201
31.04,1173
30.98,3800
31.07,2518
31.06,442
31.03,870
30.97,4387
30.98,300
30.97,1936
30.94,8526
30.94,1992
30.96,2178
30.95,904
30.88,2512
30.88,13572
30.88,0
30.88,0
30.88,0
30.59,100
30.42,100
30.43,300
30.47,365
30.56,100
30.6,300
30.73,300
30.58,100
30.58,200
30.5,100
30.46,509
30.47,396
30.39,244
30.47,431
30.5,763
30.48,106
30.51,563
30.53,300
30.6,100
30.59,536
30.48,202
30.48,0
30.53,728
30.51,799
30.56,945
30.56,328
30.54,300
30.51,1609
30.56,449
30.49,400
30.49,0
30.51,1227
30.41,145
30.4,300
30.38,231
30.4,1192
30.3,500
30.3,0
30.3,0
30.3,0
30.24,200
30.32,616
30.32,0
30.3,100
30.3,0
30.24,100
30.2,100
30.17,200
30.17,0
30.09,100
30.26,100
30.26,0
30.28,317
30.28,0
30.36,100
30.41,520
30.44,505
30.53,100
30.46,761
30.48,300
30.53,501
30.4,332
30.41,100
30.41,0
30.4,499
30.37,544
30.4,420
30.49,804
30.49,800
30.49,300
30.49,0
30.51,210
30.51,200
30.5,389
30.48,2019
30.5,200
30.35,200
30.4,387
30.16,400
30.02,100
30.02,0
29.99,100
29.99,0
29.94,100
29.94,0
29.94,0
30,100
30.05,101
30.05,0
29.94,304
29.84,274
29.91,507
29.91,904
29.91,0
29.99,100
29.98,102
29.98,0
29.92,100
29.92,0
29.88,100
29.83,300
29.89,229
29.83,1473
29.51,655
29.42,277
29.23,988
29.15,1404
28.98,2305
28.92,400
28.94,938
28.85,5097
28.8,1556
28.5,2791
28.48,4243
28.83,100
28.83,2465
28.98,409
28.96,416
29,488
28.95,1651
29.01,1761
29.12,800
29.18,250
29.1,400
29.1,0
29.1,0
29.1,0
29.1,0
29.33,600
29.3,300
29.32,300
29.26,100
29.23,100
29.23,0
29.07,1301
29.06,3286
29.06,0
29.06,0
29.27,1327
29.4,533
29.4,800
29.4,583
29.32,626
29.41,200
29.33,300
29.25,1303
29.2,2401
29.33,491
29.4,427
29.36,816
29.33,300
29.38,1074
29.31,5001
28.83,699
29.05,112
29.18,300
29.18,200
29.19,160
29.12,370
29.25,494
29.13,200
29.12,100
29.12,0
29.32,200
29.46,200
29.46,0
29.5,2600
29.44,176
29.44,0
29.44,0
29.44,0
29.36,701
29.45,100
29.45,0
29.37,310
29.35,130
29.23,100
29.14,430
29.13,1513
29.16,520
29.26,363
29.36,304
29.54,174
29.57,544
29.56,200
29.49,100
29.52,602
29.51,100
29.44,100
29.43,581
29.57,2227
29.62,5606
29.35,100
29.35,0
29.35,0
29.35,0
29.35,0
29.35,0
29.35,0
30.17,404
30.17,0
30.17,0
29.95,712
30,2072
30.19,100
30.19,0
30.19,0
30.07,409
30.09,186
30.08,100
30.04,415
30.05,204
30.05,0
30.05,0
30.05,0
30.01,577
29.93,113
30.16,200
30.11,647
30.11,0
30.11,0
30.11,0
30.11,0
30.11,0
30.22,100
30.22,0
30.07,200
30.07,0
30.07,0
29.94,100
29.94,0
30.03,200
30.03,278
30.03,231
29.96,100
29.96,0
30.01,200
30.06,100
30.06,0
29.96,200
29.96,0
29.99,200
30,100
30,0
29.98,300
29.98,0
29.98,0
29.98,0
29.98,0
30.01,400
30.01,0
30.01,0
30.01,0
30.01,0
30.01,0
30.01,0
30.09,428
30.09,0
30.1,200
30.09,212
30.1,547
30.1,0
30,100
30,0
29.99,100
29.86,200
29.9,100
29.89,202
29.89,0
29.89,0
29.96,100
29.94,100
29.94,0
29.91,299
29.93,336
29.93,0
29.66,200
29.66,0
29.56,100
29.56,0
29.56,0
29.56,0
29.76,100
29.76,100
29.76,0
29.76,0
29.76,0
29.76,0
29.76,0
29.79,300
29.79,100
29.76,300
29.76,0
29.76,0
29.76,0
29.76,0
29.64,400
29.71,518
29.67,500
29.74,655
29.58,205
29.58,0
29.49,245
29.51,100
29.42,110
29.45,100
29.48,700
29.51,100
29.51,0
29.51,0
29.64,235
29.65,200
29.65,0
29.83,100
29.78,190
29.78,0
29.78,0
29.78,0
29.9,100
29.92,200
30.03,201
30.03,0
30.15,100
30.03,100
30.03,0
30.03,475
29.92,1653
30.21,562
30.25,100
30.25,0
30.19,291
30.11,177
30.11,0
30.11,0
30.11,0
30.2,100
30.11,302
30.11,1128
29.99,1628
30.08,275
30.08,0
30.03,891
30.04,300
30.04,0
30.04,0
30.08,400
30.08,0
30.08,0
30.08,0
30.08,0
30.08,0
30.08,0
29.84,100
29.86,100
29.84,100
29.88,200
29.85,100
29.87,100
29.87,100
29.98,100
29.98,0
29.88,100
29.88,0
29.87,200
29.87,0
29.91,100
29.91,0
29.95,366
29.95,0
29.93,100
29.89,409
30,100
30,0
30.06,317
30.06,0
29.89,200
29.92,201
29.92,1203
30.08,108
30.01,100
30.01,100
30.01,0
29.97,129
29.92,200
29.93,300
30.04,100
30.13,466
30.13,0
29.97,100
29.78,509
29.78,0
29.98,430
29.9,100
30.05,100
30.13,1175
30.08,463
30.09,321
29.86,100
29.86,0
29.89,200
29.89,100
29.76,130
29.74,479
29.74,0
29.74,0
29.84,439
29.85,200
29.85,0
29.82,410
29.82,0
29.88,400
29.86,400
29.99,366
30.04,242
30.04,0
29.99,614
30.02,2157
30.02,0
30.02,0
30.02,0
30.02,0
30.11,100
29.8,494
29.8,0
29.82,200
29.82,0
29.82,0
29.86,400
29.79,400
29.79,0
29.84,300
29.84,0
29.84,0
29.84,0
30.07,205
29.95,100
29.95,0
29.96,100
29.96,100
29.92,406
29.8,381
29.8,0
29.8,0
29.8,0
29.8,0
30.11,100
30.12,100
30.12,0
30.13,200
30.13,0
30.09,500
30.15,185
30.12,400
30.18,102
30.18,900
30.1,120
30.1,0
30.35,275
30.47,291
30.65,100
30.65,0
30.28,451
30.18,100
30.27,100
30.27,0
30.25,351
30.3,200
30.3,0
30.39,300
30.39,0
30.39,0
30.57,375
30.59,262
30.66,200
30.66,0
30.59,100
30.66,200
30.67,300
30.65,408
30.68,200
30.7,100
30.72,335
30.73,100
30.72,100
30.72,0
30.72,0
30.76,109
30.76,301
30.78,221
30.76,500
30.76,824
30.69,605
30.6,200
30.55,453
30.62,1193
30.62,0
30.62,0
30.62,0
30.69,837
30.6,200
30.74,100
30.85,100
30.85,0
30.85,0
30.8,400
30.88,200
30.81,100
30.79,152
30.79,0
30.69,100
30.67,100
30.68,500
30.75,327
30.68,1155
30.6,300
30.64,314
30.74,100
30.74,0
30.79,312
30.88,235
30.92,426
30.83,225
30.83,0
30.88,430
30.92,200
31.02,134
31.01,201
30.93,100
30.81,100
30.8,200
30.77,200
30.64,600
30.72,200
30.8,512
30.56,100
30.7,100
30.69,1830
30.69,0
30.78,798
30.72,611
30.72,251
30.74,209
30.74,0
30.79,100
30.79,0
30.76,100
30.77,300
30.82,700
30.82,0
30.82,0
30.82,200
30.82,1005
30.73,500
30.66,430
30.7,100
30.82,100
30.82,0
30.83,100
30.81,200
30.9,403
30.87,100
30.87,0
30.86,200
30.98,200
30.98,0
30.78,100
30.82,412
30.79,200
30.84,330
30.81,100
30.75,384
30.73,333
30.85,1592
30.14,100
30.12,1714
30.12,1457
29.97,500
29.97,0
30.08,475
30.08,0
30.04,200
30.01,300
29.9,325
29.74,600
29.82,700
29.71,400
29.71,0
29.71,0
29.71,0
29.44,125
29.44,0
29.52,500
29.54,300
29.54,0
29.63,100
29.63,0
29.71,207
29.71,0
29.71,0
29.71,0
29.71,0
29.65,500
29.65,0
29.65,300
29.65,0
29.69,167
29.69,200
29.7,478
29.63,870
29.71,442
29.71,700
29.69,1204
29.58,100
29.58,0
29.36,100
29.36,0
29.45,400
29.53,350
29.31,100
29.31,0
29.38,202
29.35,200
29.36,450
29.12,600
29.27,200
29.27,0
29.24,355
29.28,112
29.28,0
29.28,0
29.37,100
29.37,0
29.34,420
29.37,221
29.37,0
29.34,702
29.34,0
29.35,100
29.37,100
29.37,0
29.44,100
29.44,0
29.44,0
29.44,0
29.36,300
29.39,100
29.41,200
29.36,300
29.28,401
29.3,200
29.29,2807
29.29,0
29.68,400
29.68,0
29.53,100
29.53,0
29.53,0
29.53,0
29.53,0
29.73,100
29.71,300
29.71,0
29.68,918
29.69,500
29.64,303
29.49,200
29.49,0
29.52,100
29.52,0
29.52,0
29.65,100
29.62,348
29.62,0
29.54,628
29.57,100
29.57,0
29.57,0
29.57,0
29.57,0
29.57,0
29.57,0
29.65,6300
29.65,0
29.65,0
29.46,175
29.43,200
29.43,0
29.54,400
29.48,200
29.58,1743
29.99,200
29.99,0
29.99,0
29.99,0
29.99,0
29.99,0
29.99,0
29.99,0
29.99,0
29.99,0
29.99,0
29.99,0
29.99,0
29.49,145
29.49,0
29.53,315
29.53,0
29.53,0
29.53,0
29.42,200
29.33,100
29.33,0
29.33,0
29.33,0
29.23,120
29.23,0
29.16,100
29.19,100
29.19,0
29.16,300
29.24,400
29.28,200
29.14,540
29.11,100
29.05,100
29.04,207
29.04,0
29.35,603
29.38,1605
29.32,425
29.32,0
29.32,0
29.32,0
29.32,0
29.06,661
29.3,495
29.3,0
29.22,277
29.31,100
29.31,0
29.31,0
29.31,0
29.31,0
29.31,0
29.34,292
29.32,525
29.33,742
29.42,256
29.42,0
29.35,120
29.35,0
29.36,400
29.36,0
29.36,0
29.36,0
29.28,100
29.28,1298
29.27,100
29.24,200
29.21,234
29.2,120
29.19,816
29.11,603
29.13,504
29.23,600
29.25,300
29.23,418
29.23,894
29.23,0
29.19,200
29.1,300
29.14,340
29.14,0
29.14,0
29.14,0
29.23,404
29.2,750
29.2,569
29.2,1339
29.2,0
29.2,0
29.2,0
29.2,400
29.2,0
29.17,100
29.17,0
29.15,775
29.12,100
29.14,100
29.12,294
29.11,100
29.11,0
29.1,100
29.11,300
29.1,200
29.17,1118
29.19,100
29.19,0
29.19,0
29.19,100
29.25,613
29.24,500
29.26,1064
29.33,730
29.36,501
29.39,709
29.47,1180
30.04,719
30.04,0
30.35,1503
30.23,100
30.42,538
30.42,100
30.41,5374
30.56,300
30.79,100
30.96,693
30.96,0
30.96,0
30.9,200
30.79,225
30.78,284
30.78,0
30.77,425
30.72,225
30.72,0
30.6,300
30.56,300
30.42,3618
30.24,1200
30.24,1187
30.38,690
30.3,300
30.3,0
30.48,100
30.49,225
30.49,900
30.46,500
30.62,225
30.61,820
30.62,100
30.63,740
30.6,1707
30.53,225
30.52,1614
30.59,1498
30.59,0
30.42,100
30.42,0
30.27,300
30.28,300
30.3,440
30.2,100
30.2,0
30.2,0
30.25,800
30.26,500
30.24,738
30.21,600
30.24,600
30.24,0
30.31,100
30.32,850
30.29,1108
30.21,1100
30.23,500
30.27,600
30.28,719
30.3,1356
30.39,199
30.35,540
30.31,1064
30.31,0
30.31,1118
30.32,200
30.34,400
30.34,0
30.33,699
30.46,100
30.45,1305
30.38,849
30.35,2651
30.29,720
30.26,1825
30.38,7926
30.61,4050
30.7,300
30.77,1200
31.01,5755
31.01,0
31.01,0
31.01,0
30.98,200
30.98,0
31.2,100
31.2,0
31.26,100
31.26,0
31.26,0
31.26,0
31.42,100
31.41,100
31.41,0
31.31,400
31.35,1225
31.39,300
31.45,376
31.47,100
31.53,100
31.49,300
31.46,790
31.52,262
31.54,993
31.53,200
31.48,281
31.48,0
31.48,100
31.48,0
31.5,300
31.52,250
31.65,897
31.69,1076
31.67,1215
31.65,733
31.8,300
31.64,500
31.64,0
31.61,100
31.68,350
31.68,0
31.7,212
31.7,0
31.7,0
31.75,100
31.73,314
31.7,1336
31.73,1300
31.73,0
31.64,100
31.64,0
31.69,300
31.69,0
31.59,449
31.66,100
31.64,100
31.57,2956
31.52,200
31.54,500
31.6,577
31.62,110
31.55,300
31.5,820
31.49,600
31.48,512
31.42,904
31.42,1400
31.52,705
31.38,5019
31.43,200
31.43,406
31.35,104
31.31,1146
31.3,4026
31.12,264
31.26,106
31.4,106
31.41,316
31.08,500
30.97,1835
30.89,475
30.94,703
30.81,300
30.81,0
30.67,626
30.77,1415
30.6,855
30.73,200
30.8,200
30.79,918
30.78,987
30.86,1106
30.92,300
30.96,626
30.97,600
31.01,300
31.04,100
30.99,100
30.95,3471
30.77,5190
30.77,700
30.74,1100
30.72,1369
30.69,2149
30.75,424
30.85,720
30.81,516
30.84,100
30.83,100
30.91,572
30.89,1042
30.9,1140
30.85,508
30.85,0
30.85,0
30.85,0
30.51,1260
30.51,0
30.51,0
30.72,216
30.72,0
30.86,326
30.91,400
30.8,600
30.72,1000
30.65,600
30.65,100
30.65,0
30.6,500
30.61,400
30.62,100
30.58,200
30.54,1100
30.51,200
30.61,540
30.68,200
30.68,200
30.68,0
30.68,0
30.57,500
30.61,293
30.62,396
30.62,0
30.58,615
30.58,0
30.63,100
30.58,300
30.64,168
30.61,400
30.56,100
30.51,570
30.55,2364
30.55,0
30.48,300
30.53,200
30.58,1026
30.5,100
30.48,300
30.48,311
30.48,100
30.38,100
30.38,606
30.25,714
30.23,500
30.2,270
30.1,812
30.03,867
30.03,100
30.21,100
30.21,0
30.24,100
30.27,100
30.27,0
30.25,100
30.25,176
30.33,300
30.4,200
30.42,100
30.42,0
30.21,1320
30.12,808
30.17,243
30.18,881
30.45,404
30.32,328
30.32,608
30.04,510
30.16,200
30.21,100
30.22,609
30.14,1910
31.24,601
31.24,0
30.66,300
30.66,0
31.06,100
31.06,0
31.06,0
31.06,0
31.22,625
31.22,0
31.2,480
31.2,0
31.2,0
31.07,194
30.99,100
31.07,100
31.07,0
31.05,259
30.99,200
30.99,0
31.13,100
31.13,0
31.13,0
31.13,0
31.3,179
31.51,900
31.56,109
31.59,700
31.54,490
31.54,0
31.42,100
31.48,206
31.46,1046
31.42,1204
31.55,712
31.63,862
31.65,4740
31.59,1371
31.65,1415
31.65,0
31.65,0
31.23,200
31.26,400
31.26,0
31.36,300
31.44,1800
31.62,400
31.45,400
31.51,100
31.57,405
31.57,0
31.57,0
31.57,0
31.57,0
31.37,500
31.55,409
31.75,100
31.85,500
31.85,890
31.83,700
31.83,200
31.8,488
31.61,400
31.61,0
31.41,103
31.41,0
31.13,200
31.28,102
31.18,297
31.23,276
31.27,245
31.05,214
31.05,0
30.81,642
30.81,0
30.59,420
30.78,312
30.82,1390
29.15,991
29.61,1500
29.51,300
29.5,850
29.44,1300
29.62,3900
30.02,2500
29.86,3301
29.88,1210
29.96,2322
29.95,900
30,2902
30.09,826
30.18,2652
30.12,707
30.03,1503
30.07,900
30.07,3298
30.02,1000
30.03,1264
30.07,600
30.21,600
30.15,400
30.15,500
30.19,100
30.22,500
30.33,100
30.33,462
30.33,515
30.36,850
30.39,528
30.37,668
30.36,1841
30.34,1220
30.42,500
30.47,300
30.41,409
30.36,2225
30.28,6130
30.28,0
30.36,2297
30.34,871
30.38,2105
30.32,4527
30.43,1179
30.39,589
30.41,514
30.18,385
30.27,700
30.3,472
30.3,605
30.32,2753
30.4,111
30.4,3708
30.51,1650
30.47,1911
30.49,933
30.53,3934
30.58,500
30.64,620
30.74,1005
30.74,730
30.77,2353
30.79,711
30.74,200
30.81,965
30.86,1020
31.04,1771
31.03,1118
31.07,1298
31.15,1608
31.09,2650
31.04,2061
31,406
31.01,1430
30.91,2010
30.88,1199
30.83,3061
30.83,0
30.89,100
30.89,0
30.89,0
31.01,100
31.03,100
31.05,1206
31.05,400
31.04,399
30.96,403
31.04,1157
31.08,320
31.08,0
31.08,0
31.08,0
31.2,356
31.09,121
31.06,200
31.05,500
31.12,300
31.12,0
31.2,100
31.2,0
31.15,100
31.21,200
31.22,200
31.27,300
31.27,0
31.27,0
31.25,400
31.26,441
31.23,202
31.12,293
31.17,602
31.14,200
31.11,100
31.11,801
31.07,405
31.09,1804
31.09,0
30.95,200
30.89,2820
30.81,1130
30.94,411
31.02,2111
30.92,836
30.99,104
30.99,0
31.04,300
31.04,0
31.15,300
31.17,1297
31.17,400
31.17,0
31.06,400
31.06,0
31.06,0
31.06,0
31.19,100
31.18,250
31.3,200
31.28,907
31.21,307
31.21,593
31.17,1608
31.17,500
31.2,800
31.06,600
31.09,1000
31.08,1900
31.09,100
31.06,100
31.05,300
31.08,100
31.06,400
31.09,400
31.15,300
31.21,1035
31.31,319
31.2,306
31.2,0
31.19,300
31.06,404
31.04,2000
31.12,542
31.07,812
31.03,1187
30.9,400
30.98,633
30.97,420
30.89,200
30.89,0
30.93,500
30.93,200
30.98,200
31.03,818
31.04,200
31.06,400
31.06,0
31.06,0
31.06,0
31.19,200
31.26,300
31.29,300
31.12,246
31.17,276
31.17,0
31.2,415
31.18,609
31.24,100
31.21,1296
31.22,3162
31.21,1264
31.02,876
31.02,2076
31.07,2702
31.18,10452
31.15,900
30.95,100
31.04,944
30.92,2582
31.06,1048
31.06,100
31.06,0
31.15,144
31.12,3034
31.1,2056
31.26,501
31.22,200
31.26,300
31.28,200
31.28,830
31.36,925
31.34,318
31.34,0
31.34,100
31.34,0
31.33,100
31.33,0
31.33,0
31.36,100
31.36,429
31.34,300
31.39,200
31.38,200
31.38,0
31.37,475
31.46,200
31.5,779
31.5,0
31.47,917
31.39,1415
31.37,1391
31.35,1066
31.36,1004
31.4,6968
31.22,400
30.96,200
30.96,0
31.06,100
31.11,100
31.09,400
31.14,600
31.18,286
31.17,200
31.17,206
31.17,203
31.13,100
31.12,400
31.06,1118
30.99,400
30.98,3280
30.91,325
31.04,340
31.07,100
31.06,372
31.08,300
31.07,599
31.11,400
31.12,200
31.08,563
31.08,0
31.2,163
31.2,0
31.06,1715
31.06,3406
30.98,300
30.98,200
31.04,200
31.04,200
31.04,0
31.15,408
31.15,0
31.14,100
31.11,1302
30.86,700
30.79,300
30.77,359
30.83,100
30.86,100
30.91,102
30.89,506
30.91,200
30.94,250
30.87,100
30.84,433
30.81,400
30.77,606
30.65,845
30.72,100
30.73,701
30.72,371
30.79,400
30.8,400
30.8,0
30.76,100
30.79,200
30.81,100
30.78,100
30.78,0
30.78,0
30.78,0
30.64,330
30.64,100
30.66,200
30.72,200
30.76,730
30.75,496
30.67,496
30.59,500
30.72,984
30.74,764
30.72,1700
30.66,1729
30.82,900
30.88,400
30.93,2414
30.97,563
30.93,2300
31.03,2963
31.02,200
31.09,100
31.05,263
31.13,100
31.09,100
31.09,0
31.04,568
31.06,600
31.06,0
30.97,400
31.02,200
31.04,396
31.04,790
31.01,833
31.14,848
31.14,0
31.17,652
31.18,563
31.22,326
31.29,1663
31.2,463
31.2,0
31.37,1077
31.37,800
31.39,300
31.33,300
31.28,100
31.27,114
31.27,569
31.33,537
31.33,100
31.29,553
31.34,2059
31.14,200
31.14,200
31.13,880
31.26,1178
31.25,1005
31.04,712
31.02,851
31.1,1405
31.13,1918
31.08,400
31.09,1037
31.03,2135
31.05,837
31.05,815
30.98,200
31.01,300
30.99,1063
30.97,1000
30.91,500
30.89,715
30.83,100
30.83,606
30.86,300
30.82,100
30.76,936
30.87,349
30.87,800
30.94,300
30.88,339
30.91,636
30.84,400
30.88,512
30.86,328
30.94,100
30.94,0
30.89,200
30.83,100
30.75,867
30.71,2582
30.82,693
30.7,100
30.7,0
30.7,0
30.7,0
30.91,100
31.02,100
31.02,0
31.2,1115
31.2,600
31.05,300
30.99,200
30.99,0
31.06,100
31.06,0
31.13,300
31.12,100
31.07,700
31.12,100
31.12,101
31.12,0
31.19,300
31.18,200
31.21,200
31.26,100
31.34,100
31.39,600
31.39,152
31.44,200
31.47,200
31.5,200
31.48,690
31.44,1921
31.43,301
31.47,602
31.49,100
31.53,1700
31.59,712
31.6,3692
30.95,1101
31.08,300
31.05,2094
30.95,682
30.97,200
30.97,970
31.05,457
31,1000
31.09,200
31.01,500
31.07,500
31.08,100
31.11,500
31.19,163
31.25,300
31.25,420
31.27,300
31.26,200
31.26,100
31.26,0
31.12,213
31.12,300
31.09,100
31.15,200
31.21,400
31.22,803
31.19,900
31.22,500
31.34,200
31.4,422
31.4,626
31.38,963
31.4,400
31.42,954
31.44,1200
31.51,1400
31.35,1018
31.26,863
31.26,3062
31.28,441
31.25,300
31.25,0
31.01,1131
31.03,1626
30.94,400
31.16,1154
31.19,1026
31.26,1941
31.26,600
31.28,500
31.23,921
31.26,1400
31.22,1300
31.11,591
31.06,400
31.15,121
31.18,116
31.14,100
31.13,749
31.14,200
31.12,100
31.19,200
31.16,100
31.19,1426
31.14,536
31.26,600
31.2,100
31.21,449
31.24,100
31.23,200
31.28,1600
31.34,600
31.33,499
31.31,300
31.38,618
31.37,401
31.45,600
31.54,4491
31.54,0
31.54,0
31.54,0
31.21,100
31.19,828
31.2,100
31.23,218
31.23,200
31.37,613
31.35,400
31.4,300
31.41,201
31.43,100
31.46,200
31.42,100
31.49,297
31.38,100
31.38,0
31.3,300
31.25,100
31.14,800
31.14,1567
31.06,200
31.04,200
31.04,857
31.04,1251
31.09,200
31.05,805
31.05,0
31.06,1200
31.04,700
30.94,800
31,667
31.06,876
31.01,200
31.08,909
31.03,1252
31.06,989
31.07,2318
30.95,300
30.96,382
30.78,900
30.94,1003
31.01,750
30.94,702
30.89,1582
30.85,800
30.86,1000
30.79,300
30.79,0
30.88,827
30.94,983
30.98,2773
31.08,2567
31.04,1156
31.01,200
31.05,500
31.05,1700
31.15,600
31.09,200
31.03,1300
31.02,300
31.08,345
31.08,518
31.08,420
31.02,1201
30.95,2350
30.85,1505
30.72,1665
30.7,3233
30.7,2015
30.7,1100
30.67,1637
30.73,100
30.73,100
30.77,200
30.81,620
30.91,1910
31.08,468
30.9,914
31.01,862
30.94,2313
30.79,400
30.5,565
30.48,1277
30.56,682
30.51,585
30.45,852
30.24,300
30.15,703
30.15,190
30.1,500
30.13,835
30.07,729
30.18,2203
30.19,100
30.19,0
30.43,827
30.43,0
30.43,0
30.56,300
30.53,500
30.48,200
30.69,100
30.66,207
30.57,363
30.6,300
30.44,700
30.37,614
30.51,500
30.5,400
30.48,301
30.4,376
30.51,1064
30.53,501
30.48,702
30.55,2003
30.61,500
30.25,744
30.32,407
30.24,404
30.24,0
30.26,300
30.39,977
30.52,400
30.54,400
30.53,1403
30.34,500
30.27,351
30.2,301
30.19,600
30.16,300
30.16,0
30.15,167
30.15,400
30.08,200
30.08,218
29.96,304
29.94,469
29.96,675
29.92,664
29.86,200
29.79,100
29.75,584
29.75,0
29.78,100
29.92,500
29.94,1291
30.1,300
30.07,600
30.14,200
30.15,265
30.15,0
30.23,1010
30.2,600
30.24,1558
30.24,0
29.86,963
29.84,1267
29.82,889
29.9,589
30.02,400
30,437
29.98,612
29.89,500
29.95,300
29.89,500
29.92,501
29.87,300
29.83,570
29.95,461
29.84,200
29.76,505
29.82,500
29.93,600
29.81,1206
29.97,200
29.96,900
29.85,809
29.91,200
29.91,137
29.92,963
29.98,156
30.01,181
29.98,600
29.93,400
29.88,300
29.85,605
29.87,728
29.85,470
29.85,805
29.79,1039
29.82,509
29.83,1080
29.9,1895
30.1,300
29.99,200
30.14,200
30.18,100
30.15,400
30.18,100
30.13,100
30.15,100
30.15,0
30.25,100
30.28,200
30.19,3683
30.17,3041
30.18,457
30.12,200
30.08,100
30.16,200
30.26,100
30.09,200
30.07,418
29.97,300
29.93,124
29.96,100
29.87,300
29.87,0
30.03,375
30.03,0
30.07,100
30.06,300
30.04,100
30.04,100
30.07,100
30.07,0
30.12,354
30.12,0
30.1,500
30.17,346
30.2,375
30.19,1213
30.19,0
30.34,400
30.34,0
30.34,0
30.3,600
30.29,100
30.38,240
30.38,100
30.36,300
30.36,0
30.34,496
30.38,401
30.35,820
30.17,200
30.11,100
30.1,100
30.09,385
30.09,0
30.13,300
30.17,139
30.23,200
30.23,0
30.1,612
30.07,700
30.01,440
29.94,660
29.97,300
29.97,0
29.96,313
29.88,100
29.92,201
29.89,310
29.59,100
29.45,579
29.41,1040
29.35,980
29.33,860
29.26,629
29.3,3885
29.14,1081
28.75,1752
28.58,790
28.49,300
28.43,801
28.37,502
28.41,968
28.4,300
28.36,744
28.36,5564
28.15,600
28.15,1100
28.11,300
28.15,500
28.08,400
27.92,620
27.97,800
28.05,600
28.15,600
28.15,775
28.12,400
28.09,1112
28.33,900
28.34,720
28.33,400
28.36,1023
28.37,800
28.36,905
28.47,400
28.47,1082
28.51,520
28.64,400
28.75,400
28.79,820
28.84,700
28.9,1280
28.96,1122
28.88,2167
28.84,6239
28.7,200
28.9,375
29.04,375
28.89,200
28.91,1077
29.02,2663
28.93,1100
28.96,1322
29.05,1470
29.03,2974
28.95,4022
28.89,1443
28.77,1374
28.75,775
28.66,1552
28.79,200
28.74,820
28.72,287
28.89,1316
28.94,804
28.95,200
29.02,2168
28.88,4697
28.93,1100
28.85,800
28.8,100
28.88,1733
28.88,0
28.9,2128
29.07,1438
29.06,3009
28.77,1355
28.77,972
28.73,2112
28.78,2455
28.76,2298
28.72,2851
28.9,2233
28.83,9859
28.3,1773
28.13,1326
28.16,200
28.14,2446
28.28,1696
28.43,950
28.52,195
28.57,2509
28.62,3052
28.61,1600
28.6,1200
28.54,3770
28.57,1636
28.35,1616
28.34,969
28.23,900
28.15,1929
28.02,2495
28.04,3620
28.04,1700
27.82,375
27.91,1532
27.87,883
27.91,1100
27.9,211
27.83,2195
27.88,2873
27.76,858
27.78,2140
27.66,3790
27.69,3457
27.71,2074
27.77,1450
27.53,2300
27.6,400
27.48,1333
27.43,1702
27.57,4300
27.53,6450
27.4,200
27.79,100
27.79,900
27.65,556
27.62,200
27.6,134
27.45,200
27.33,1315
27.3,100
27.29,500
27.2,100
27.18,1208
26.94,500
26.81,100
26.81,1100
26.91,700
26.74,5942
26.9,967
27.05,1595
27.29,2824
27.22,600
27.11,325
27.17,861
27.18,200
27.12,752
27.24,658
27.18,100
27.23,1366
27.1,3631
27.19,1712
27.26,2620
27.25,1592
27.22,1626
27.28,820
27.23,200
27.26,100
27.3,1243
27.19,6103
27.27,1954
27.27,0
27.27,0
27.17,100
27.22,4520
27.09,300
27.19,700
26.8,100
26.71,300
26.72,100
26.75,200
26.85,590
26.96,200
26.96,0
26.9,100
26.87,300
26.82,300
26.79,200
26.82,300
26.82,0
26.79,100
26.78,100
26.78,0
26.75,201
26.75,0
26.73,108
26.76,100
26.79,200
26.88,161
26.88,0
26.88,0
26.91,200
27.19,369
27.24,1378
27.25,500
27.25,0
27.19,200
27.21,601
27.11,1244
27.08,3935
27.08,0
27.08,0
26.96,500
26.96,0
26.78,100
26.95,400
26.76,118
26.7,200
26.7,200
26.8,200
26.87,100
26.87,0
26.87,0
26.87,0
27.07,100
27.01,200
27.01,0
27.15,100
27.15,0
27.07,100
26.94,200
26.94,0
27.04,200
27.11,100
27.2,102
27.33,4594
27.12,1010
27,1000
27.08,1100
27.21,400
27.3,500
27.3,0
27.23,100
27.06,1085
27.18,505
27.11,300
27.18,400
27.11,1404
27.04,3928
27,300
26.99,193
26.86,585
26.9,251
26.9,0
26.95,200
26.9,100
26.79,100
26.84,200
26.87,400
26.79,641
26.82,1045
26.66,1380
26.57,1044
26.56,833
26.46,1176
26.56,1543
26.66,400
26.62,400
26.64,2181
26.62,200
26.69,100
26.6,2044
26.48,1674
26.49,804
26.39,185
26.3,700
26.17,1793
26.27,2785
26.25,100
26.25,314
26.25,0
26.25,0
26.35,200
26.36,200
26.31,200
26.24,200
26.27,1451
26.26,3078
26.42,900
26.39,500
26.46,300
26.27,700
26.49,600
26.42,2200
26.43,500
26.48,492
26.54,400
26.6,434
26.68,100
26.69,300
26.63,800
26.51,949
26.51,0
26.61,698
26.52,100
26.52,220
26.47,990
26.5,620
26.5,420
26.54,3940
26.56,300
26.56,0
26.64,1151
26.65,500
26.65,0
26.52,600
26.54,300
26.48,300
26.5,200
26.53,1164
26.48,400
26.48,318
26.44,400
26.47,1368
26.56,700
26.55,1641
26.66,3344
26.86,1481
27.03,886
27.02,2908
27.02,4366
26.95,1144
26.9,2854
26.93,1467
26.96,1396
27.04,2094
27.04,0
27.04,0
27.34,200
27.23,200
27.23,0
27.28,100
27.28,1621
27.3,1009
27.4,231
27.37,4940
27.31,100
27.31,200
27.31,347
27.4,500
27.39,100
27.5,100
27.54,565
27.51,302
27.52,921
27.52,500
27.54,200
27.57,200
27.58,500
27.62,400
27.59,800
27.57,700
27.64,1344
27.61,1441
27.59,1091
27.56,5147
27.23,1000
27.13,100
27.23,706
27.23,0
27.23,0
27.14,400
27.14,0
27.05,100
27.15,1800
27.1,3401
27.22,500
27.22,336
27.1,400
27.03,400
26.95,277
26.96,502
27.15,100
27.15,300
27.27,100
27.27,0
27.17,200
27.23,200
27.18,395
27.18,1300
27.19,2549
27.16,602
27.24,200
27.31,106
27.33,513
27.35,1402
27.28,4299
27.39,604
27.44,300
27.44,2442
27.36,1600
27.43,887
27.41,705
27.42,990
27.35,1289
27.18,700
27.36,800
27.42,500
27.47,800
27.5,200
27.44,265
27.45,1401
27.61,1312
27.64,1124
27.62,1216
27.69,1300
27.65,1501
27.72,1532
27.72,1159
27.79,1484
27.81,600
27.73,951
27.79,744
27.83,1596
27.8,1757
27.85,1102
27.82,1122
27.69,501
27.71,860
27.67,1764
27.76,1109
27.71,1268
27.7,2523
27.94,3355
27.9,2000
27.91,1604
27.99,5006
28.15,1989
28.13,593
28.21,1700
28.14,2520
28.14,3646
28.25,7175
28.19,9794
27.88,100
27.85,300
27.68,1389
27.84,300
27.84,0
27.82,600
27.8,400
27.8,1277
27.74,700
27.77,800
27.78,100
27.78,500
27.67,2000
27.72,3102
27.69,2404
27.59,341
27.67,600
27.64,1572
27.71,1585
27.72,1185
27.6,7342
27.51,2733
27.47,2279
27.44,1006
27.31,2401
27.28,2000
27.34,400
27.24,1273
27.32,3100
27.36,2006
27.34,1390
27.35,1066
27.3,592
27.32,830
27.34,500
27.3,1400
27.4,1273
27.47,1000
27.51,3252
27.52,1605
27.52,0
27.09,100
27.14,800
26.98,200
26.98,0
27.02,200
27.02,0
27.21,200
27.23,400
27.16,200
27.11,395
27.14,200
27.14,0
27.05,200
27.04,100
27.04,0
27.17,305
27.18,900
27.18,0
27.18,0
27.36,1100
27.31,850
27.36,400
27.36,0
27.5,100
27.48,241
27.42,300
27.31,100
27.31,400
27.29,300
27.26,300
27.28,233
27.29,200
27.33,649
27.3,200
27.31,601
27.4,400
27.47,914
27.98,100
27.98,0
28.19,811
28.13,1281
28.3,600
28.38,2396
28.36,1495
28.43,1802
28.31,200
28.33,500
28.27,500
28.37,700
28.3,255
28.3,900
28.33,300
28.44,100
28.44,200
28.46,600
28.46,0
28.46,0
28.31,200
28.29,225
28.3,200
28.27,500
28.27,358
28.25,480
28.23,644
28.29,100
28.27,200
28.26,600
28.25,1054
28.3,212
28.33,1009
28.33,756
28.32,300
28.35,802
28.43,300
28.48,946
28.48,4244
28.57,100
28.56,273
28.48,100
28.25,400
28.18,901
28.19,300
28.19,904
28.26,1173
28.32,1326
28.34,2218
28.36,980
28.35,600
28.34,2632
28.36,800
28.33,460
28.4,784
28.46,900
28.53,400
28.51,200
28.5,600
28.6,199
28.65,729
28.67,600
28.66,601
28.64,420
28.7,100
28.75,1193
28.75,600
28.75,435
28.76,1201
28.75,807
28.75,200
28.74,904
28.75,766
28.84,2808
28.76,2787
28.74,663
28.7,824
28.72,3364
28.89,200
29.11,400
28.92,2541
29.06,1000
29,400
28.89,300
28.88,880
28.96,500
28.95,645
28.93,200
28.93,0
28.95,854
28.9,275
28.91,700
28.85,1073
28.82,919
28.69,200
28.77,300
28.81,200
28.84,117
28.81,200
28.8,100
28.8,0
28.8,100
28.73,200
28.68,200
28.71,600
28.7,100
28.7,531
28.76,300
28.76,500
28.8,864
28.73,723
28.73,238
28.7,100
28.77,3833
28.76,1066
28.75,1121
28.71,812
28.6,1500
28.67,778
28.77,1713
28.79,200
28.78,1374
28.86,200
28.84,500
28.91,1565
28.88,938
28.94,200
28.94,216
28.98,1017
28.97,251
28.76,500
28.82,700
28.82,919
28.94,640
28.89,374
28.95,600
28.93,200
28.84,250
28.81,800
28.83,200
28.81,300
28.8,400
28.78,100
28.78,0
28.78,236
28.85,435
28.85,0
28.9,1723
28.84,200
28.85,226
28.86,481
28.95,238
28.98,402
28.92,614
28.85,2250
28.92,5749
28.94,340
28.88,424
28.68,2449
28.51,1000
28.52,504
28.38,996
28.39,940
28.41,810
28.42,5761
28.28,2177
28.34,1625
28.36,700
28.37,962
28.41,808
28.26,224
28.25,500
28.28,921
28.25,486
28.27,660
28.31,676
28.24,1187
28.31,619
28.21,1130
28.23,610
28.34,1943
28.33,890
28.39,641
28.53,872
28.51,529
28.4,730
28.54,1701
28.53,1020
28.57,1993
28.57,1118
28.54,1200
28.43,890
28.35,1610
28.41,1548
28.38,3738
28.3,626
28.09,206
28.07,1600
28.1,802
28.11,900
27.91,1000
28.05,300
28.03,100
28.01,2900
28.05,1596
28.01,1022
28.09,478
28.08,300
28.09,360
28.09,100
28.06,200
27.99,400
28.03,302
28.13,200
28.18,400
28.23,820
28.12,500
28.22,100
28.22,0
28.12,496
28.1,364
28.07,107
28.13,100
28.13,0
28.22,200
28.27,200
28.27,0
28.22,100
28.19,200
28.19,0
28.29,800
28.29,300
28.32,2862
28.43,2682
28.23,400
28.15,200
28.27,400
28.23,100
28.17,100
28.27,100
28.24,500
28.38,400
28.5,300
28.5,0
28.78,100
28.71,300
28.78,500
28.83,200
28.83,0
28.84,333
28.79,200
28.83,201
28.7,403
28.67,300
28.64,120
28.61,100
28.64,300
28.61,604
28.64,490
28.68,400
28.64,1200
28.46,200
28.44,300
28.43,204
28.46,300
28.52,642
28.57,1456
28.69,308
28.83,400
28.85,1044
28.86,837
28.92,1161
28.98,5064
28.76,400
28.75,1900
28.54,500
28.54,300
28.45,300
28.45,300
28.53,100
28.49,214
28.53,1146
28.54,101
28.59,1600
28.57,3384
28.58,310
28.55,658
28.56,203
28.59,300
28.59,1000
28.54,400
28.57,1893
28.59,1103
28.75,111
28.75,0
28.75,0
28.75,0
28.77,100
28.76,100
28.71,100
28.78,100
28.78,200
28.78,0
28.78,200
28.84,200
28.77,200
28.79,300
28.75,100
28.73,600
28.66,335
28.76,852
28.82,1895
28.82,0
28.33,500
28.19,1197
27.93,1778
27.94,1218
27.88,600
28,1358
27.89,300
27.88,800
27.77,300
27.78,348
27.75,200
27.77,968
27.79,1526
27.74,898
27.81,1323
27.81,0
28.11,695
28.37,1005
28.33,826
28.35,500
28.27,500
28.28,292
28.26,600
28.29,700
28.38,1413
28.39,500
28.36,800
28.34,200
28.43,400
28.47,384
28.49,700
28.5,2804
28.52,2959
28.5,1400
28.46,900
28.45,672
28.44,595
28.26,2569
27.35,800
26.9,700
26.84,2292
26.67,535
26.68,1065
26.41,123
26.46,1428
26.53,1058
26.31,1313
26.48,928
26.76,2708
26.89,3439
26.75,1463
26.83,1400
27.02,2958
27.04,2779
27.29,1314
27.06,830
26.97,200
27.03,800
26.91,822
26.89,501
26.52,911
26.27,925
26.42,794
26.73,1150
26.79,326
26.75,1200
26.69,500
26.45,750
26.4,3730
26.37,450
26.48,1328
26.58,945
26.44,1142
26.37,500
26.41,1981
26.46,1038
26.39,2535
25.13,1287
24.76,1426
25.02,1256
25.27,225
25.3,3635
26.09,1649
25.71,1377
25.41,2209
26.02,679
26.2,5295
26,2480
25.31,203
25.33,2477
25.81,4523
25.86,2579
25.64,400
25.57,1211
25.61,555
25.61,0
25.53,480
25.27,100
25.58,813
25.34,800
25.63,1010
25.8,500
25.88,400
25.89,855
25.83,1243
25.77,1122
25.94,930
25.86,2019
26.01,2779
26.01,1339
25.98,2266
25.98,1151
26.21,1063
26.12,7129
26.27,4812
25.83,6207
26.33,507
26.71,3250
26.96,2200
27.11,3020
27.26,1174
27.11,406
26.93,1874
26.92,718
26.72,704
26.51,2247
26.64,1111
26.44,1449
26.34,2700
26.55,1628
26.63,2000
26.56,2456
26.49,411
26.48,1965
26.46,850
26.27,1539
26.38,702
26.38,0
26.02,100
25.86,100
25.99,200
26.22,200
26.22,0
25.99,200
25.83,200
25.73,400
25.79,993
25.65,100
25.57,1004
25.57,0
25.45,836
25.4,1916
25.56,681
25.47,3274
25.18,5648
25.73,600
25.73,0
25.91,455
26.07,300
25.92,413
25.83,1327
26.11,921
26.11,3297
25.71,100
25.68,1645
25.83,1645
25.93,1800
25.89,200
25.74,900
25.89,400
25.71,335
25.92,2598
26.03,2770
26,401
26.03,300
26.04,335
26.05,700
26.04,854
26.85,805
27.52,200
27.54,3589
27.58,553
27.81,2964
28.01,696
28.05,1109
28.27,1326
28.13,998
28.07,3257
27.76,2271
27.97,1796
28.19,500
28.24,2204
28.21,719
28.06,4101
27.48,4160
27.48,0
27.01,100
26.97,500
26.93,1171
26.92,616
27.07,2777
27.21,618
27.06,5134
26.97,1504
26.6,1675
26.46,460
26.26,2026
26.03,2569
25.86,2947
25.71,2055
25.78,1818
25.48,2423
25.34,400
25.67,3229
25.77,1248
25.79,1841
25.68,2308
25.55,1980
25.84,701
25.96,1439
26.02,1120
26.23,1312
26.05,800
26.09,1313
26.27,1400
26.27,4014
26.24,3216
26.11,1200
25.98,1775
26.07,1600
25.92,1999
25.91,3290
26.01,4661
25.99,525
26.22,800
26.25,1400
26.11,500
26.25,200
25.92,854
25.95,592
26.04,300
26.19,400
26.2,400
26.2,0
26.05,100
26.07,200
26.1,500
26.18,100
26.22,300
26.12,200
26.16,400
26.23,100
26.44,1619
26.35,375
26.62,2175
26.63,2700
26.7,4552
26.77,602
27.01,3730
27.11,100
26.98,2600
26.89,2603
26.89,1730
26.89,1409
26.93,580
26.9,730
27,200
27.03,1199
27.02,805
27.01,575
26.98,2153
27.02,3350
27.27,1019
27.35,1000
27.46,375
27.58,500
27.56,150
27.54,1275
27.53,3483
27.55,2696
27.55,1002
27.53,1288
27.43,312
27.38,274
27.38,0
27.3,600
27.23,1172
27.01,740
26.99,550
26.99,0
27.21,800
27.31,300
27.28,550
27.31,800
27.29,500
27.32,375
27.31,118
27.31,100
27.4,100
27.41,100
27.4,200
27.4,0
27.4,0
27.57,378
27.65,471
27.72,463
27.71,100
27.67,354
27.62,400
27.74,700
27.84,2651
27.62,1100
27.65,2358
27.65,0
27.6,950
27.65,1480
27.55,800
27.6,300
27.61,1438
27.61,0
27.64,1307
27.57,930
27.55,400
27.6,780
27.52,433
27.58,100
27.52,193
27.5,430
27.5,0
27.5,0
27.53,100
27.53,0
27.46,300
27.46,0
27.37,100
27.35,100
27.31,204
27.32,463
27.35,100
27.35,0
27.48,100
27.41,171
27.34,352
27.27,100
27.28,400
27.24,684
27.26,400
27.23,100
27.22,1000
27.31,735
27.38,775
27.5,681
27.36,100
27.36,0
27.15,296
27.15,100
27.14,475
27.14,0
27.14,0
27.14,0
27.14,0
27.14,0
27.14,0
27.3,117
27.3,100
27.27,100
27.27,0
27.34,175
27.34,0
27.3,381
27.31,100
27.3,1416
27.25,499
27.27,2700
27.27,0
27.11,476
26.99,643
27.01,792
26.91,100
26.91,0
27.02,508
26.94,122
26.94,400
26.94,0
26.79,710
26.78,401
26.78,770
26.95,100
27.05,10829
27.49,300
27.49,0
27.43,300
27.4,700
27.41,303
27.41,0
27.23,100
27.27,100
27.24,100
27.24,0
27.31,300
27.29,911
27.22,2020
27.14,301
27.11,4056
27.06,2046
26.97,312
27.14,100
27.11,206
27.18,207
27.17,1235
27.11,900
27.18,2187
27.18,0
27.18,0
27.08,402
27.02,301
26.99,700
27.06,402
27.06,400
26.97,300
26.97,1000
26.91,500
26.91,0
26.86,1219
26.88,10278
26.76,10635
26.74,18867
26.74,11343
26.46,610
26.33,920
26.38,775
26.36,1168
26.2,2682
26.17,1286
26.33,1187
26.49,580
26.48,936
26.48,1283
26.3,591
26.42,200
26.42,0
26.28,1101
26.26,3014
26.26,0
26.29,754
26.29,888
26.29,0
26.39,100
26.39,0
26.39,0
26.29,231
26.29,0
26.31,501
26.31,847
26.28,500
26.25,1600
26.25,300
26.29,300
26.32,475
26.4,504
26.39,175
26.44,100
26.45,1251
26.49,1072
26.51,1496
26.62,1430
26.69,5682
26.69,0
27.28,200
27.4,200
27.4,0
27.36,600
27.36,0
27.36,0
27.44,200
27.45,300
27.45,0
27.45,0
27.59,100
27.62,100
27.62,0
27.44,328
27.53,324
27.57,515
27.6,458
27.65,716
27.57,100
27.53,200
27.49,921
27.52,464
27.43,292
27.37,340
27.37,0
27.37,0
27.37,0
27.6,768
27.58,100
27.58,0
27.56,500
27.56,0
27.56,0
27.62,100
27.62,0
27.45,392
27.46,300
27.45,1180
28.02,100
28.45,300
28.38,1536
28.23,645
28.12,1100
28.06,100
28.18,112
28.2,700
28.2,0
28,500
28,0
27.93,500
27.93,0
27.9,2271
27.82,13448
27.73,2100
27.72,2209
27.67,3500
27.71,4800
27.69,2189
27.67,600
27.66,400
27.75,100
27.69,106
27.63,100
27.63,0
27.65,400
27.65,200
27.65,0
27.65,600
27.65,0
27.56,300
27.56,0
27.59,200
27.63,120
27.6,100
27.49,100
27.49,0
27.53,345
27.55,700
27.54,100
27.54,0
27.55,100
27.56,100
27.56,0
27.65,200
27.65,300
27.56,100
27.56,0
27.56,0
27.6,400
27.61,100
27.61,0
27.6,600
27.6,0
27.65,3100
27.65,1793
27.7,500
27.7,0
27.73,200
27.83,3359
27.73,200
27.66,100
27.66,0
27.65,1433
27.63,100
27.64,203
27.57,100
27.57,0
27.61,100
27.63,200
27.65,1374
27.64,382
27.61,2490
27.55,400
27.51,473
27.54,1089
27.65,8534
27.65,0
27.65,0
27.65,0
27.65,0
27.65,0
27.65,0
27.65,0
27.65,200
27.65,0
27.6,100
27.64,400
27.63,100
27.63,0
27.63,0
27.63,0
27.59,385
27.55,100
27.59,200
27.59,200
27.61,200
27.57,100
27.6,100
27.68,100
27.68,0
27.63,100
27.57,300
27.57,0
27.57,0
27.57,0
27.62,214
27.62,284
27.59,300
27.55,200
27.55,0
27.55,0
27.55,504
27.53,100
27.52,885
27.53,563
27.74,981
27.7,300
27.7,0
27.72,200
27.7,827
27.68,866
27.74,204
27.8,1577
27.75,500
27.75,0
27.68,301
27.57,300
27.57,0
27.71,500
27.71,0
27.66,100
27.72,200
27.73,300
27.73,0
27.73,0
27.74,300
27.74,0
27.74,0
27.74,1606
27.68,500
27.69,100
27.69,0
27.69,0
27.67,110
27.67,384
27.67,0
27.67,300
27.68,200
27.66,300
27.66,0
27.73,810
27.74,500
27.74,2400
27.77,1200
27.84,100
27.81,424
27.81,0
27.72,100
27.71,100
27.61,200
27.57,296
27.63,350
27.62,5800
27.72,300
27.7,729
27.72,609
27.72,0
27.74,1110
27.71,400
27.71,0
27.79,208
27.76,600
27.83,545
27.83,893
27.8,200
27.84,400
27.81,520
27.84,700
27.9,101
27.9,699
27.98,578
28,524
28.04,500
28.03,200
28.03,550
27.99,157
28.02,100
28.01,400
28.01,100
28,100
27.95,413
27.91,337
28.04,4711
28.04,0
27.65,415
27.75,322
27.75,0
27.75,0
27.75,0
27.75,0
27.75,0
27.75,0
27.75,0
28.11,100
28.11,0
28.26,200
28.3,800
28.36,324
28.36,0
28.28,200
28.27,200
28.29,100
28.29,0
28.39,200
28.38,100
28.41,399
28.58,400
28.55,123
28.67,400
28.69,400
28.8,787
28.8,0
28.8,0
28.8,0
28.8,0
28.86,300
28.82,252
28.82,0
28.81,724
28.75,100
28.73,415
28.75,3814
28.75,0
28.75,0
28.75,0
28.55,100
28.52,100
28.52,0
28.52,0
28.64,700
28.64,0
28.64,0
28.66,500
28.66,0
28.66,0
28.66,0
28.66,0
28.01,420
28.01,0
28.01,600
28.01,0
28.01,0
28.01,146
28.01,0
28.01,0
28.01,0
28.01,0
28.01,0
28.01,0
28.01,0
28.35,100
28.35,0
28.35,0
28.35,0
28.35,0
28.35,0
28.55,100
28.71,300
28.7,1399
28.76,475
28.77,2207
28.9,790
29.12,100
29.15,317
29.03,189
29.03,0
29.03,0
29.03,0
29.25,490
29.25,0
29.36,923
29.26,621
29.26,121
29.2,940
29.1,100
29.06,314
29.13,301
29.1,120
29.04,196
29.08,100
29.08,0
29.06,593
29.07,100
29.07,0
29,1773
29.13,300
29.13,302
29.19,199
29.25,263
29.35,886
29.29,500
29.4,462
29.45,928
29.39,300
29.39,0
29.54,454
29.54,0
29.6,200
29.55,187
29.53,2792
29.48,600
29.32,400
29.23,681
29.22,300
29.26,904
29.15,1200
29.2,1594
29.22,300
29.16,397
29.16,0
29.16,0
29.2,440
29.27,100
29.27,0
29.27,0
29.37,503
29.34,398
29.26,400
29.26,0
29.26,0
29.26,0
29.26,100
29.26,300
29.26,100
29.26,400
29.26,0
29.35,644
29.37,865
29.37,0
29.38,166
29.38,0
29.38,0
29.31,200
29.27,100
29.31,300
29.31,402
29.31,0
29.32,1006
29.43,2180
29.41,100
29.4,400
29.39,100
29.45,100
29.48,200
29.48,0
29.46,457
29.55,200
29.55,0
29.63,331
29.65,122
29.72,100
29.69,248
29.69,0
29.63,100
29.66,121
29.71,100
29.71,0
29.71,0
29.67,104
29.58,100
29.58,0
29.58,0
29.58,0
29.58,0
29.58,0
29.58,0
29.58,0
29.77,200
29.77,0
29.77,0
29.77,0
29.77,0
29.77,0
29.77,0
29.77,0
29.77,336
29.76,100
29.71,100
29.71,0
29.71,0
29.95,346
29.88,100
29.87,100
29.88,100
29.91,600
29.97,800
29.97,0
29.94,269
29.94,0
29.88,200
29.88,0
30.05,333
30.03,200
30.03,0
30.11,100
30.05,100
30.05,0
30.1,325
30.1,0
30.23,100
30.23,0
30.23,200
30.23,0
30.2,100
30.18,515
30.12,1301
30.08,320
30.13,314
30.13,0
30.13,0
30.18,100
30.23,100
30.12,214
30.12,351
30.1,500
30.24,563
30.2,1809
30.37,116
30.37,0
30.37,0
30.35,100
30.31,472
30.31,0
30.31,0
30.31,0
30.22,386
30.25,100
30.29,200
30.32,300
30.32,0
30.35,300
30.51,300
30.45,600
30.46,200
30.44,262
30.44,0
30.44,0
30.44,0
30.54,802
30.53,1959
30.53,0
30.55,427
30.55,0
30.55,0
30.46,500
30.36,339
30.39,1021
30.39,0
30.49,100
30.45,349
30.44,200
30.44,0
30.52,104
30.53,100
30.47,178
30.48,1457
30.48,0
30.48,0
30.48,0
30.48,0
30.59,200
30.59,0
30.59,0
30.59,0
30.48,100
30.48,100
30.32,645
30.32,0
30.37,100
30.4,445
30.34,100
30.34,0
30.34,0
30.18,200
30.18,0
30.25,200
30.27,200
30.27,0
30.36,268
30.4,363
30.4,0
30.46,200
30.46,0
30.46,0
30.38,632
30.4,400
30.4,0
30.35,100
30.35,0
30.4,100
30.4,200
30.32,100
30.33,234
30.29,300
30.36,534
30.8,100
30.8,0
30.86,912
31.08,450
31.14,726
31.18,695
31.04,705
31.05,100
31.09,401
31,219
31,0
31,0
30.86,100
30.67,300
30.56,340
30.59,326
30.59,0
30.59,0
30.52,200
30.49,100
30.53,200
30.49,100
30.54,200
30.54,0
30.38,100
30.38,0
30.36,200
30.41,500
30.41,0
30.41,1140
30.32,400
30.32,0
30.15,790
30.28,700
30.32,302
30.32,300
30.31,827
30.32,1233
30.33,3666
30.74,697
30.92,745
30.64,472
30.57,1200
30.68,1090
30.63,1026
30.4,1500
30.43,1707
30.59,2224
30.53,900
30.54,963
30.52,517
30.52,0
30.67,1000
30.77,2350
30.79,200
30.7,896
30.68,2700
30.73,900
30.77,945
30.71,1200
30.75,1995
30.68,1785
30.76,300
30.79,500
30.73,1200
30.74,200
30.75,300
30.78,600
30.87,1039
30.84,860
30.83,400
30.81,207
30.84,200
30.74,267
30.74,0
30.84,425
30.98,735
30.87,3334
30.87,0
30.87,0
30.42,806
30.42,563
30.56,360
30.61,721
30.69,107
30.73,543
30.7,1359
30.71,1401
30.63,1536
30.59,201
30.69,300
30.7,220
30.72,300
30.72,0
30.74,120
30.67,100
30.66,600
30.68,636
30.6,400
30.69,200
30.68,800
30.59,200
30.64,300
30.67,200
30.68,1138
30.7,700
30.79,1205
30.84,500
30.79,200
30.79,1000
30.78,300
30.72,200
30.72,1000
30.66,843
30.6,789
30.57,275
30.6,3500
30.6,0
30.6,0
30.41,250
30.47,393
30.47,0
30.47,0
30.47,0
30.78,200
30.78,0
30.78,0
30.78,0
30.8,500
30.86,100
30.84,100
30.83,724
30.82,2505
30.86,100
30.86,0
30.86,0
30.86,0
30.86,0
30.96,220
30.9,100
30.93,100
30.93,0
31.04,100
31.05,295
31.03,100
31.03,430
31,200
31.04,200
31.03,225
31.03,0
31.07,200
31.05,200
31.05,0
30.96,1100
30.96,410
30.98,550
30.89,100
30.86,400
30.97,1092
31,952
31.03,700
31.03,0
31,100
31,0
31,0
31,0
31,0
31,0
30.96,400
30.96,0
30.96,0
30.96,0
30.96,0
30.96,0
30.96,0
30.96,0
30.96,0
31.29,100
31.31,100
31.31,0
31.31,0
31.31,0
31.31,0
31.25,206
31.25,0
31.25,100
31.25,0
31.25,0
31.25,0
31.32,400
31.3,372
31.3,100
31.29,100
31.32,3723
31.28,800
31.28,0
31.28,0
31.28,0
31.35,434
31.35,0
31.35,0
31.35,0
31.41,200
31.39,100
31.39,0
31.37,300
31.37,0
31.37,0
31.34,100
31.34,0
31.34,0
31.34,0
31.34,0
31.34,0
31.34,0
31.41,100
31.41,0
31.41,0
31.41,116
31.34,200
31.34,0
31.35,100
31.37,300
31.36,307
31.36,0
31.36,0
31.36,0
31.36,0
31.36,0
31.36,0
31.36,0
31.36,0
31.42,422
31.41,2256
31.59,100
31.63,140
31.63,0
31.7,300
31.7,0
31.7,0
31.73,319
31.73,0
31.85,200
31.85,0
31.85,0
31.69,1138
31.81,100
31.76,900
31.71,1180
31.75,708
31.65,1310
31.68,418
31.52,301
31.52,0
31.52,0
31.52,0
31.52,0
31.52,0
31.66,320
31.63,119
31.63,0
31.63,0
31.63,0
31.63,0
31.37,100
31.37,100
31.45,100
31.45,0
31.43,300
31.48,2966
31.46,691
31.44,681
31.37,7404
31.54,900
31.54,0
31.37,200
31.37,0
31.28,100
31.28,0
31.28,0
31.28,0
31.28,0
31.28,0
31.28,0
31.28,0
31.12,869
31.12,0
31.15,100
31.15,0
31.15,0
31.15,0
31.15,0
31.11,148
31.14,101
31.11,700
30.96,293
30.96,932
30.8,463
30.95,100
30.94,678
30.92,594
30.9,300
30.9,0
30.9,0
30.99,800
30.91,222
30.92,502
30.81,200
30.83,501
30.86,600
30.92,927
30.91,3160
30.47,102
30.52,200
30.58,300
30.58,0
30.66,352
30.6,300
30.57,618
30.6,200
30.6,2000
30.6,0
30.61,300
30.61,0
30.61,0
30.61,0
30.65,100
30.65,0
30.65,0
30.65,0
30.69,238
30.69,0
30.69,0
30.68,201
30.75,100
30.75,0
30.75,0
30.75,0
30.82,180
30.84,163
30.84,0
30.78,142
30.78,200
30.78,100
30.78,0
30.78,0
30.78,0
30.78,0
30.8,1051
30.81,400
30.83,2421
30.83,0
30.83,0
30.82,328
30.95,252
30.95,0
30.95,0
30.95,200
31.02,300
31,100
30.97,600
30.88,383
30.88,0
30.88,0
30.88,0
30.91,100
30.84,263
30.84,0
30.84,0
30.84,0
30.86,200
30.86,0
30.84,100
30.92,100
30.94,200
30.96,394
30.96,0
30.92,748
30.92,0
31.09,102
31.05,163
31.05,0
31.09,100
31.11,100
31.11,5897
31.16,446
31.14,1713
31.13,3616
31.01,300
31.01,2891
31.24,1879
31.34,200
31.18,500
31.26,1722
31.38,366
31.39,724
31.45,600
31.4,1709
31.35,1504
31.34,654
31.34,1200
31.38,724
31.51,1963
31.5,1102
31.56,1093
31.56,2417
31.54,4673
31.45,2819
31.51,2254
31.56,1613
31.53,4038
31.48,1551
31.36,620
31.36,0
31.39,800
31.38,601
31.43,1539
31.48,912
31.55,803
31.56,700
31.71,1189
31.69,531
31.65,372
31.69,730
31.7,536
31.66,1247
31.68,2078
31.66,912
31.62,7167
31.62,0
31.41,120
31.43,300
31.48,100
31.46,200
31.46,0
31.53,300
31.57,100
31.5,101
31.5,0
31.54,700
31.54,0
31.52,400
31.48,245
31.43,595
31.52,500
31.56,581
31.52,1114
31.53,614
31.53,0
31.57,100
31.57,0
31.66,546
31.64,604
31.68,221
31.68,0
31.69,613
31.69,0
31.69,0
31.69,0
31.69,0
31.64,100
31.64,2348
31.69,500
31.67,600
31.67,957
31.76,1612
31.77,1151
31.68,3655
31.93,100
31.93,0
31.95,200
31.85,100
31.85,0
31.85,0
31.84,100
31.84,0
31.93,200
31.91,124
31.91,0
31.81,100
31.81,0
31.63,119
31.74,100
31.61,100
31.61,0
31.62,521
31.62,200
31.63,100
31.63,0
31.63,0
31.53,374
31.49,175
31.49,100
31.53,200
31.53,0
31.59,337
31.58,299
31.57,138
31.57,0
31.62,100
31.57,105
31.58,193
31.56,201
31.56,0
31.56,0
31.56,0
31.51,420
31.58,164
31.77,100
31.61,400
31.57,212
31.57,0
31.7,324
31.71,538
31.71,0
31.77,200
31.77,0
31.86,100
31.82,200
31.85,100
31.85,0
31.85,0
31.85,0
31.98,200
31.93,207
31.93,0
31.78,100
31.78,0
31.78,0
31.87,100
31.83,400
31.83,0
31.86,300
31.82,131
31.92,100
31.92,0
31.92,0
32.02,427
32.02,0
32.02,0
32.02,0
32.02,0
32.16,100
32.12,247
32.11,200
32.06,2294
31.75,593
31.75,0
31.75,0
31.7,400
31.75,500
31.95,275
31.91,421
31.96,100
31.99,328
31.98,200
32.03,100
32.02,600
31.98,506
31.98,0
31.98,446
31.99,1100
31.96,900
31.95,655
31.94,502
31.91,1036
31.94,100
31.93,200
31.95,500
31.88,200
31.87,900
31.77,310
31.78,452
31.78,268
31.76,200
31.87,690
31.84,200
31.88,296
31.87,396
31.94,302
31.95,208
31.97,722
31.94,901
31.94,634
31.91,1320
32.03,108
32.03,0
32.03,0
32.06,200
32.2,100
32.22,100
32.22,0
32.18,300
32.18,0
32.22,100
32.22,0
32.22,0
32.22,0
32.2,565
32.13,631
32.13,0
32.13,600
32.15,1582
32.22,657
32.22,0
32.22,0
32.22,0
32.33,500
32.33,0
32.33,0
32.33,0
32.33,0
32.33,0
32.33,0
32.33,0
32.33,0
32.37,213
32.37,0
32.3,200
32.28,334
32.24,568
32.23,4741
32.29,7377
32.21,8184
32.22,684
32.22,0
32.09,100
32.17,100
32.17,0
32.21,620
32.24,100
32.24,0
32.17,200
32.17,0
32.17,0
32.17,0
32.17,0
32.17,0
32.3,100
32.2,100
32.16,100
32.16,0
32.16,0
32.16,0
32.16,0
32.16,0
32.16,0
32.16,0
32.42,100
32.5,100
32.46,300
32.46,300
32.45,600
32.42,200
32.38,439
32.37,298
32.36,914
32.37,422
32.36,322
32.35,870
32.32,1547
32.27,2990
32.27,7462
32.32,100
32.4,336
32.41,1073
32.41,0
32.38,441
32.38,0
32.45,421
32.45,0
32.45,0
32.55,140
32.51,280
32.51,0
32.51,0
32.51,0
32.43,307
32.46,2187
32.48,4876
32.44,2657
32.44,541
32.44,476
32.37,957
32.4,215
32.4,0
32.44,973
32.44,0
32.4,335
32.38,349
32.38,756
32.33,741
32.34,101
32.36,246
32.39,708
32.37,1162
32.31,100
32.24,484
32.24,0
32.16,860
32.23,413
32.2,1410
32.36,300
32.41,259
32.41,0
32.38,210
32.38,0
32.38,0
32.38,0
32.36,200
32.36,0
32.36,0
32.21,100
32.21,0
32.21,0
32.25,400
32.34,1346
32.4,1085
32.4,100
32.4,0
32.41,813
32.39,263
32.4,1312
32.4,0
32.28,200
32.36,200
32.36,100
32.34,100
32.37,400
32.36,636
32.34,100
32.34,0
32.34,0
32.34,0
32.24,200
32.24,0
32.26,100
32.28,100
32.29,336
32.35,535
32.28,1467
32.42,100
32.42,0
32.42,0
32.42,0
32.42,0
32.42,0
32.25,100
32.25,0
32.25,0
32.28,210
32.28,0
32.28,0
32.25,200
32.28,200
32.28,0
32.28,0
32.19,1390
32.2,300
32.26,600
32.25,150
32.26,300
32.26,100
32.26,0
32.29,291
32.29,0
32.22,1700
32.26,500
32.23,300
32.24,401
32.23,361
32.29,200
32.25,358
32.26,100
32.29,390
32.27,100
32.27,200
32.27,0
32.18,964
32.2,3878
32.2,0
32.31,200
32.32,851
32.2,618
32.11,400
31.99,830
32.14,1222
32.19,1035
32.24,201
32.24,920
32.24,1725
32.19,600
32.06,1200
32.04,500
32.02,214
32.14,330
32.14,0
32.05,100
32.09,118
32.16,200
32.21,200
32.11,300
32.17,100
32.19,100
32.19,0
32.22,822
32.07,200
32.07,671
32.06,607
32.01,136
32.04,200
32.01,1531
32.02,100
32.08,809
32.06,100
32.06,0
32.05,841
32.02,1134
32.02,3215
31.99,444
31.92,100
31.98,100
32.07,100
32.04,491
32.06,682
32.05,1030
32.1,900
32.11,2010
32.06,750
32.06,0
32.12,100
32.13,962
32.14,866
32.19,400
32.2,962
32.16,524
32.16,0
32.15,625
32.17,300
32.27,414
32.29,314
32.35,300
32.35,0
32.44,741
32.44,1490
32.54,1479
32.5,888
32.56,2207
32.52,220
32.48,600
32.55,500
32.61,519
32.61,0
32.58,1548
32.62,2202
32.6,1264
32.6,1799
32.51,4142
32.63,100
32.83,205
32.83,0
32.71,411
32.73,710
32.73,0
32.76,200
32.64,300
32.58,6298
32.58,0
32.58,0
32.58,0
32.58,0
32.58,0
32.58,0
32.45,337
32.47,100
32.4,100
32.4,0
32.4,0
32.4,0
32.4,0
32.46,100
32.49,200
32.46,300
32.46,0
32.57,100
32.61,100
32.62,519
32.61,1355
32.54,900
32.52,876
32.54,900
32.58,1368
32.59,413
32.56,1833
32.57,1238
32.6,580
32.55,1880
32.55,0
32.55,0
32.55,0
32.55,0
32.55,0
32.55,0
32.55,0
32.26,215
32.26,0
32.28,190
32.24,200
32.26,300
32.31,600
32.31,0
32.31,0
32.28,100
32.37,3363
32.46,701
32.46,0
32.46,0
32.46,0
32.34,100
32.34,0
32.16,201
32.14,722
32.14,0
32.2,200
32.26,603
32.23,623
32.19,607
32.03,100
31.98,1034
31.93,225
31.95,150
31.93,150
31.86,560
31.81,411
31.76,783
31.85,1950
31.99,2000
32.14,800
32.18,1300
32.34,1897
32.38,1175
32.38,0
32.48,200
32.46,629
32.48,900
32.41,854
32.37,907
32.31,2283
32.17,1763
32.18,764
32.28,457
32.19,493
32.19,0
32.15,360
32.21,621
32.2,1982
32.29,100
32.22,100
32.16,768
32.19,1334
32.18,673
32.18,0
32.18,0
32.14,782
32.21,108
32.14,300
32.13,200
32.16,100
32.16,0
32.12,100
32.08,349
32.05,1310
32.01,1664
32.02,1602
32,5032
31.9,600
31.95,900
31.96,400
31.99,500
31.98,200
32.01,1787
31.9,100
31.88,600
31.91,830
31.86,641
31.85,100
31.84,1138
31.77,300
31.83,100
31.86,200
31.87,1227
31.87,800
31.89,600
31.89,600
31.83,522
31.72,510
31.71,600
31.7,600
31.67,100
31.64,906
31.64,0
31.59,200
31.67,100
31.75,400
31.75,0
31.79,604
31.79,0
31.79,100
31.76,259
31.76,330
31.8,516
31.85,672
31.97,400
31.86,320
31.94,400
31.94,200
31.78,200
31.76,402
31.7,100
31.7,0
31.67,968
31.67,0
31.66,7241
31.69,1484
31.68,700
31.65,390
31.69,835
31.65,500
31.65,100
31.69,766
31.7,691
31.69,200
31.67,828
31.65,103
31.67,940
31.65,811
31.63,245
31.63,0
31.58,264
31.58,0
31.58,211
31.58,0
31.64,206
31.56,200
31.56,0
31.53,382
31.44,720
31.41,505
31.41,0
31.37,300
31.35,1511
31.45,293
31.42,3641
31.64,251
31.49,1451
31.2,1119
31.15,639
31.14,200
31.22,554
31.07,1611
31.06,1200
31.04,200
31.06,425
31.06,0
31.14,274
31.14,859
31.15,200
31.1,959
31.09,1285
31.11,100
31.09,100
31.07,306
31.06,991
31.1,101
31.1,0
31.1,0
31.1,0
31.1,0
31.1,0
31.1,0
31.15,100
31.15,0
31.15,0
31.15,0
31.15,0
31.33,550
31.3,950
31.34,2313
31.42,2376
31.38,1659
31.41,2409
31.4,3827
31.41,432
31.41,0
31.5,675
31.65,875
31.68,258
31.68,0
31.66,636
31.63,568
31.64,600
31.61,100
31.61,0
31.61,0
31.61,0
31.61,0
31.56,301
31.51,400
31.51,100
31.53,516
31.52,323
31.54,126
31.49,200
31.51,110
31.58,240
31.58,0
31.72,1111
31.75,567
31.73,967
31.72,1190
31.75,745
31.75,0
31.75,100
31.77,227
31.71,100
31.77,500
31.84,440
31.73,573
31.73,566
31.7,3065
31.47,5837
31.47,0
31.47,0
31.47,0
31.88,100
31.88,0
31.88,0
31.88,0
31.88,0
31.88,0
32.02,495
32.1,1023
32.09,1051
32.1,508
32.14,100
32.14,100
32.18,400
32.17,100
32.2,105
32.22,530
32.29,400
32.38,600
32.34,751
32.34,100
32.34,300
32.34,0
32.34,0
32.34,0
32.22,200
32.27,400
32.33,745
32.33,0
32.32,667
32.34,450
32.3,670
32.3,790
32.31,931
32.18,300
32.13,4126
31.99,2450
31.72,100
31.72,0
31.65,483
31.65,0
31.75,100
31.75,0
31.75,0
31.75,0
31.75,0
31.75,0
31.58,100
31.59,200
31.59,0
31.58,383
31.58,0
31.58,100
31.59,136
31.6,100
31.6,0
31.58,100
31.54,200
31.54,0
31.54,0
31.54,0
31.56,200
31.56,0
31.61,424
31.69,100
31.69,0
31.68,253
31.68,232
31.68,100
31.67,100
31.65,920
31.65,0
31.8,550
31.84,2325
31.88,2678
31.9,6283
31.9,0
32.17,295
32.13,470
32.04,400
32.05,1040
32.17,759
32.35,100
32.34,300
32.38,200
32.38,0
32.36,300
32.4,1172
32.43,221
32.49,402
32.49,0
32.49,0
32.49,0
32.49,0
32.49,0
32.49,0
32.49,0
32.56,300
32.56,0
32.56,0
32.55,111
32.55,0
32.5,100
32.52,400
32.52,500
32.58,400
32.56,650
32.54,300
32.49,203
32.49,0
32.51,400
32.56,303
32.56,297
32.59,1268
32.6,1941
32.6,0
32.88,577
32.88,0
32.88,0
32.92,100
33.02,600
33.02,0
33.09,300
32.95,200
32.76,621
32.72,185
32.74,100
32.76,500
32.83,100
32.77,300
32.76,604
32.75,600
32.72,731
32.77,300
32.81,1518
32.72,1181
32.78,200
32.8,100
32.77,100
32.76,300
32.77,206
32.55,500
32.55,0
32.55,0
32.55,300
32.44,576
32.38,375
32.41,390
32.41,0
32.41,0
32.44,309
32.47,677
32.4,2426
32.32,4051
32.4,100
32.48,100
32.52,200
32.56,701
32.54,1464
32.54,400
32.54,1441
32.5,447
32.5,0
32.49,143
32.48,900
32.42,1100
32.42,0
32.4,200
32.41,333
32.41,0
32.41,0
32.41,0
32.43,756
32.41,200
32.41,200
32.41,0
32.5,200
32.5,0
32.5,0
32.41,100
32.36,1558
32.35,1854
32.34,1440
32.4,728
32.41,1761
32.49,1470
32.47,200
32.47,300
32.44,805
32.46,900
32.43,718
32.4,393
32.3,3651
32.3,0
32.4,200
32.39,400
32.35,100
32.25,100
32.21,100
32.29,200
32.29,0
32.31,100
32.4,100
32.4,720
32.4,665
32.42,236
32.42,823
32.41,609
32.48,1071
32.4,200
32.4,459
32.41,452
32.34,162
32.33,328
32.21,203
32.22,111
32.22,0
32.29,200
32.32,200
32.32,616
32.31,413
32.35,200
32.35,500
32.36,100
32.36,1046
32.4,786
32.36,100
32.36,418
32.37,100
32.35,774
32.34,433
32.34,1154
32.25,100
32.16,200
32.36,100
32.4,2221
32.36,1099
32.35,200
32.35,0
32.33,175
32.33,0
32.32,400
32.34,600
32.3,419
32.35,377
32.43,221
32.42,100
32.42,0
32.42,0
32.41,316
32.4,336
32.49,100
32.49,0
32.49,0
32.66,194
32.64,300
32.64,0
32.7,100
32.7,0
32.75,402
32.75,0
32.76,300
32.78,366
32.78,1414
32.76,319
32.75,609
32.76,400
32.74,229
32.63,293
32.62,200
32.62,2300
32.62,0
32.72,471
32.69,474
32.64,190
32.64,0
32.67,501
32.8,454
32.88,334
32.9,916
32.89,577
32.89,0
32.92,416
32.9,1100
32.91,601
32.85,200
32.74,384
32.76,1950
32.71,601
32.76,2100
32.76,1525
32.81,6977
32.81,0
32.81,0
32.81,0
32.81,0
32.81,0
32.81,0
32.63,1145
32.63,203
32.75,100
32.75,0
32.85,1650
32.85,0
32.77,200
32.77,300
32.77,0
32.7,212
32.7,0
32.55,200
32.55,200
32.46,482
32.38,865
32.47,100
32.4,100
32.29,400
32.29,0
32.38,475
32.41,606
32.31,2050
32.25,900
32.21,210
32.21,500
32.21,0
32.23,200
32.22,568
32.2,400
32.02,282
31.97,200
32.02,367
31.95,1520
31.93,100
31.81,2301
31.85,1375
31.94,300
31.95,1976
31.99,8524
31.99,0
31.99,0
31.99,0
31.99,129
31.99,0
31.99,0
32.12,1100
32.12,0
32.12,0
32.06,400
32.11,775
32.01,600
31.97,1575
31.94,705
32.01,200
31.94,400
31.86,100
31.81,488
31.85,328
31.79,100
31.8,537
31.83,231
31.75,464
31.72,500
31.77,473
31.71,462
31.71,0
31.8,200
31.84,831
31.78,783
31.74,1100
31.8,1002
31.89,100
31.87,100
31.85,450
31.82,1786
31.84,1105
31.86,1245
31.9,4488
31.9,0
32.05,100
32.06,100
31.95,300
31.93,500
32.01,1427
31.92,100
31.91,354
31.86,300
31.85,700
31.95,499
31.83,400
31.95,300
31.95,900
32.02,300
32.06,300
32,100
32.02,819
31.95,1086
31.95,0
31.96,104
31.9,300
31.89,100
31.89,110
31.78,280
31.77,700
31.88,203
31.92,304
31.92,0
31.92,0
31.78,300
31.8,500
31.82,916
31.84,200
31.76,500
31.79,602
31.83,100
31.82,1200
31.75,4267
31.55,400
31.64,675
31.61,601
31.94,180
31.83,326
31.84,904
31.83,400
31.86,1260
31.9,400
31.85,1205
31.88,1680
31.85,602
31.92,800
31.93,210
31.87,510
31.91,500
31.98,200
32,100
32.01,600
31.99,100
31.9,200
31.84,610
31.94,550
31.9,200
31.86,910
31.92,100
31.94,594
31.94,0
31.92,200
31.86,800
31.82,841
31.8,1108
31.81,120
31.78,100
31.77,500
31.78,500
31.72,329
31.7,1244
31.66,2259
31.66,0
31.49,300
31.3,100
31.2,300
31.11,493
31.13,300
31.08,582
31.07,868
31.05,213
31.01,188
31.07,303
31.02,349
30.96,100
30.99,700
30.96,200
30.98,577
30.95,200
30.96,200
31.01,400
31,100
31,0
31.06,308
31.11,200
31.09,101
31.08,600
31.11,600
31.13,100
31.13,0
31.17,100
31.32,600
31.34,300
31.37,300
31.45,200
31.4,105
31.43,388
31.42,626
31.39,251
31.24,701
31.22,2154
31.24,700
31.35,100
31.46,200
31.46,0
31.43,600
31.27,100
31.21,100
31.21,0
31.08,100
31.09,100
31.09,0
31.24,100
31.26,690
31.27,700
31.22,191
31.22,0
31.2,106
31.2,0
31.13,572
31.17,554
31.26,204
31.19,300
31.21,200
31.21,0
31.33,100
31.3,100
31.29,161
31.29,0
31.28,825
31.26,386
31.26,0
31.24,506
31.21,564
31.26,200
31.29,235
31.25,365
31.22,156
31.21,2533
31.32,4427
31.32,0
31.32,0
31.32,0
31.32,0
31.21,380
31.21,0
31.14,400
31.15,636
31.22,206
31.22,0
31.21,100
31.21,0
31.14,100
31.24,500
31.22,271
31.22,0
31.22,0
31.22,0
31.24,200
31.23,2599
31.36,406
31.27,1076
31.3,200
31.26,200
31.26,0
31.23,100
31.23,232
31.26,100
31.26,0
31.28,100
31.28,200
31.28,500
31.25,200
31.25,0
31.26,783
31.24,200
31.24,0
31.24,0
31.18,1422
31.18,193
31.18,0
31.19,6977
31.19,0
31.26,938
31.25,1215
31.26,552
31.21,1920
31.25,953
31.24,500
31.15,102
31.07,200
31.11,619
30.98,2414
31.24,100
31.17,1264
31.12,230
31.19,200
31.25,100
31.21,400
31.25,100
31.24,206
31.34,200
31.34,100
31.29,550
31.24,200
31.26,100
31.26,0
31.26,0
31.2,100
31.2,0
31.25,100
31.25,100
31.24,100
31.22,300
31.22,500
31.19,261
31.21,514
31.28,1697
31.21,175
31.21,0
31.4,600
31.41,100
31.43,300
31.42,100
31.34,600
31.34,0
31.41,200
31.41,0
31.41,0
31.31,874
31.3,299
31.21,598
31.18,300
31.25,669
31.17,292
31.17,0
31.19,1718
31.29,1000
31.32,850
31.33,306
31.34,985
31.33,575
31.36,149
31.36,800
31.4,300
31.41,600
31.4,400
31.35,338
31.35,200
31.31,1438
31.31,1738
31.32,1990
31.34,2064
31.31,1798
31.39,4141
31.39,2870
31.39,4636
31.3,300
31.37,300
31.31,800
31.43,200
31.4,200
31.43,100
31.41,1080
31.41,0
31.32,1351
31.3,1567
31.28,776
31.26,2000
31.26,1520
31.32,1465
31.35,1072
31.35,1150
31.3,638
31.3,100
31.24,100
31.25,500
31.26,476
31.26,400
31.23,400
31.23,206
31.23,875
31.25,1017
31.23,986
31.22,1360
31.27,739
31.29,736
31.21,100
31.21,1497
31.19,100
31.2,806
31.17,1000
31.19,200
31.22,1050
31.19,2319
31.17,13538
31.17,0
31.17,0
31.1,183
31.06,779
31,681
30.99,100
31.08,300
31.15,136
31.11,300
31.15,100
31.15,0
31.24,188
31.26,100
31.26,0
31.27,100
31.27,0
31.3,326
31.18,293
31.18,983
31.3,2313
31.28,1310
31.31,371
31.29,346
31.21,100
31.18,127
31.18,0
31.14,100
31.13,501
31.16,834
31.16,335
31.14,300
31.11,201
31.1,472
31.08,734
31.04,1470
31.15,297
31.07,1009
31.11,1134
31.15,4235
31.22,200
31.19,700
31.09,300
31.03,400
31.01,100
31.01,0
31.1,570
31.1,0
31.06,151
31.01,577
30.93,561
30.96,600
30.95,325
30.9,400
30.96,200
30.96,0
30.98,300
31.02,222
31.02,231
31.06,500
31.11,614
31.11,0
31.06,340
31.06,455
31.09,400
31.06,515
31.07,1506
31.06,200
31.06,0
31.09,525
31.1,160
31.12,3737
31.1,1625
31.11,220
31.09,943
31.09,1690
31.07,1357
31.08,616
31.08,14498
31.4,1400
31.4,0
31.19,200
31.23,5104
31.26,4349
31.21,1531
31.17,13940
31.28,601
31.18,729
31.22,200
31.18,300
31.21,1069
31.28,618
31.23,400
31.25,1000
31.38,1501
31.34,1818
31.29,5345
31.22,700
31.22,991
31.23,1597
31.15,1050
31.19,963
31.18,700
31.23,550
31.23,600
31.27,732
31.27,1300
31.31,1205
31.31,1500
31.26,1163
31.25,400
31.26,416
31.26,0
31.23,500
31.24,400
31.26,1478
31.28,11501
31.33,15629
31.33,0
31.33,0
31.19,100
31.19,0
31.28,300
31.22,300
31.22,0
31.22,200
31.21,190
31.24,1242
31.21,1148
31.21,2213
31.14,1518
31.06,1147
31.03,4741
31.1,1124
31.09,8130
31.1,1020
31.1,620
31.12,467
31.11,810
31.11,0
31.14,1013
31.17,760
31.25,700
31.28,3850
31.27,796
31.22,500
31.2,463
31.13,263
31.14,945
31.11,1275
31.07,913
31.07,0
31.11,500
31.13,1021
31.13,1243
31.12,2070
31.26,2834
31.05,300
31.05,0
31.05,0
30.9,618
30.96,457
30.92,403
30.89,100
30.89,200
30.93,141
30.93,0
30.9,391
30.88,269
30.87,222
30.87,171
30.81,300
30.82,100
30.81,320
30.81,2792
30.79,1227
30.84,1430
30.84,400
30.82,1550
30.8,1335
30.84,997
30.84,100
30.84,100
30.82,100
30.83,201
30.84,524
30.79,265
30.79,300
30.81,400
30.82,1125
30.82,3325
30.79,432
30.8,376
30.8,1244
30.8,976
30.82,4320
30.65,799
30.56,1320
30.52,1103
30.52,314
30.5,1289
30.49,1131
30.44,1597
30.43,1100
30.46,1919
30.45,1598
30.43,2700
30.58,1273
30.5,621
30.62,699
30.58,1187
30.56,200
30.56,0
30.56,0
30.5,1143
30.53,480
30.53,0
30.55,116
30.55,0
30.48,200
30.47,300
30.49,400
30.47,480
30.37,500
30.39,450
30.4,910
30.4,0
30.4,0
30.44,3700
30.44,850
30.41,5296
30.38,2719
30.33,665
30.47,102
30.46,9686
30.48,200
30.37,600
30.43,100
30.41,400
30.41,0
30.41,0
30.41,0
30.55,1037
30.5,465
30.43,311
30.43,100
30.36,198
30.33,950
30.33,0
30.43,100
30.43,0
30.35,100
30.33,966
30.33,350
30.34,1200
30.35,1005
30.34,400
30.42,632
30.43,600
30.47,941
30.47,0
30.37,384
30.42,100
30.38,229
30.35,522
30.35,509
30.42,331
30.43,623
30.4,1505
30.36,3222
30.36,2560
30.34,3182
30.27,4632
30.24,9167
30.31,663
30.37,300
30.28,363
30.28,0
30.23,588
30.23,450
30.24,845
30.28,2796
30.33,944
30.31,940
30.24,500
30.22,334
30.2,765
30.25,600
30.25,630
30.33,200
30.27,1183
30.25,2230
30.26,1846
30.26,738
30.24,421
30.24,0
30.24,0
30.19,718
30.21,508
30.24,300
30.24,0
30.26,172
30.2,400
30.2,0
30.23,163
30.17,1633
30.04,939
29.94,1414
29.98,2215
29.92,2857
29.86,702
29.76,391
29.84,4070
29.53,100
29.14,300
29.49,774
29.42,200
29.5,1050
29.49,1300
29.61,100
29.61,0
29.63,200
29.75,1107
29.69,300
29.69,763
29.83,663
29.85,800
29.83,100
29.83,249
29.83,100
29.83,0
29.83,0
29.94,619
29.87,245
29.85,337
29.72,187
29.72,0
29.57,200
29.65,200
29.65,163
29.69,104
29.68,200
29.78,100
29.9,200
29.9,0
29.9,0
30.17,378
30.21,542
30.14,962
30.19,1483
30.2,701
30.08,5227
29.76,200
29.69,500
29.69,0
29.56,1050
29.84,940
29.95,1326
29.79,418
29.67,1800
29.67,0
29.87,200
29.89,200
29.75,200
29.66,500
29.83,200
29.83,510
29.87,563
29.87,0
29.93,1013
29.79,100
29.72,325
29.64,300
29.52,391
29.53,200
29.59,632
29.63,588
29.66,490
29.79,2757
29.79,2444
29.76,1234
29.76,200
29.92,250
30.05,100
30.04,210
30.04,0
30.04,0
29.9,350
29.83,700
29.88,200
29.91,2471
29.91,0
29.91,0
30.18,600
30.18,0
30.18,0
30.25,100
30.25,0
30.23,400
30.23,100
30.23,456
30.19,400
30.19,0
30.36,200
30.36,0
30.36,0
30.36,0
30.36,0
30.25,500
30.25,0
30.25,100
30.25,0
30.27,625
30.23,110
30.26,200
30.29,800
30.29,0
30.29,0
30.34,500
30.34,0
30.37,403
30.37,0
30.37,0
30.48,156
30.48,100
30.5,100
30.52,805
30.52,0
30.5,2605
30.44,1114
30.45,463
30.36,325
30.38,500
30.25,1151
30.32,100
30.33,497
30.33,0
30.26,1891
30.27,163
30.33,468
30.27,525
30.28,172
30.31,2709
30.29,116
30.29,0
30.33,600
30.31,210
30.32,300
30.32,0
30.3,437
30.28,500
30.29,200
30.29,0
30.46,100
30.44,100
30.38,1292
30.43,300
30.43,0
30.32,300
30.33,300
30.33,300
30.32,299
30.31,1041
30.44,1100
30.43,687
30.34,1800
30.29,4596
30.23,3095
30.24,10597
30.24,0
30.12,300
30.09,1838
30.06,1000
30.19,1100
30.07,6657
30.15,1533
30.2,1015
30.2,0
30.18,149
30.11,1100
30.11,0
30.08,100
30.08,0
30.08,0
30.06,226
30.05,400
30.03,1302
30.03,0
30.05,1476
30.03,1264
30.04,740
30.02,100
30.03,100
30.03,0
29.89,425
29.97,100
29.96,100
30.03,200
30.01,395
30,110
29.99,385
30.03,448
29.94,500
29.93,1600
29.89,552
29.9,2171
29.89,3355
29.92,26077
29.85,2500
29.85,0
29.82,1300
29.81,558
29.81,100
29.67,1943
29.67,0
29.62,417
29.56,200
29.59,300
29.52,500
29.52,0
29.53,648
29.54,885
29.53,1678
29.53,0
29.6,200
29.57,200
29.52,347
29.47,295
29.42,700
29.42,0
29.37,200
29.4,1169
29.4,300
29.48,201
29.42,497
29.34,801
29.29,100
29.29,0
29.27,325
29.22,406
29.19,1751
29.16,1500
29.13,907
29.1,2998
29.12,2317
29.16,2807
29.17,9203
29.17,0
29.17,0
29.06,1187
28.93,2048
29.01,330
28.97,2020
28.97,0
28.94,496
28.91,2423
28.91,3481
28.93,1505
28.93,4270
28.9,817
28.87,2482
28.9,2203
28.96,2136
28.97,2495
28.91,1014
28.98,700
29.06,3116
29.02,875
28.99,200
29.04,400
29.06,4994
29.06,1259
29.04,800
29.02,1953
29.03,1555
29,2139
29,1373
29,2142
28.95,1440
28.98,2693
28.93,3003
28.98,3425
29.09,3414
29.21,3998
29.09,5619
29.07,23020
29.07,0
29.01,1200
29.01,3301
29.07,1100
28.98,1647
28.98,1810
29,832
29.01,1274
29.01,1190
29.07,854
29.07,0
29.08,1655
29.11,327
29.16,347
29.15,2271
29.18,2085
29.18,1454
29.18,0
29.13,1124
29.1,958
29.13,241
29.16,1904
29.12,100
29.11,1235
29.1,100
29.08,1360
29.1,800
29.08,427
29.11,1054
29.11,1401
29.11,1150
29.12,3104
29.07,100
29.08,2579
29.1,929
29.09,2520
29.07,2022
29.04,2853
29.04,7441
29.04,0
29.07,100
29,230
29.08,100
29.13,801
29.17,441
29.17,0
29.2,512
29.22,515
29.23,1627
29.2,300
29.21,457
29.22,2361
29.23,300
29.27,500
29.24,413
29.24,0
29.26,913
29.27,945
29.31,300
29.35,488
29.35,0
29.35,0
29.36,100
29.36,100
29.44,1927
29.46,2146
29.46,1439
29.4,748
29.37,224
29.38,100
29.34,400
29.35,325
29.34,800
29.34,564
29.32,2070
29.28,2768
29.26,962
29.25,3847
29.25,0
29.34,788
29.51,600
29.51,200
29.44,800
29.41,1800
29.44,1100
29.47,300
29.35,1352
29.45,5486
29.51,800
29.49,300
29.45,800
29.44,1062
29.37,600
29.36,400
29.41,220
29.36,590
29.37,1316
29.33,210
29.33,100
29.3,500
29.26,800
29.31,300
29.3,300
29.25,1100
29.2,100
29.18,621
29.19,151
29.19,443
29.2,525
29.18,1604
29.19,2305
29.22,1179
29.28,983
29.3,1208
29.3,0
29.28,4509
29.39,4318
29.28,300
29.22,100
29.2,763
29.16,503
29.09,650
29,899
28.98,1099
28.98,1454
28.98,0
28.98,263
28.98,301
28.98,700
28.93,200
28.9,500
28.91,103
28.94,4030
28.92,2682
28.87,500
28.8,415
28.77,474
28.77,600
28.77,100
28.77,320
28.8,100
28.81,848
28.81,1791
28.86,1815
28.83,935
28.79,1300
28.78,1069
28.76,727
28.75,950
28.75,515
28.75,1663
28.8,480
28.82,1225
28.8,1323
28.75,2194
28.76,6390
28.76,0
28.76,0
28.84,450
28.76,100
28.76,0
28.75,328
28.75,0
28.72,400
28.75,1629
28.74,978
28.73,681
28.71,117
28.69,521
28.69,232
28.69,226
28.63,215
28.62,211
28.62,115
28.6,221
28.7,300
28.7,0
28.7,0
28.67,1228
28.64,100
28.68,404
28.72,787
28.71,564
28.73,1700
28.75,517
28.82,1204
28.81,969
28.91,1902
28.87,2282
28.85,1521
28.88,1342
28.83,845
28.84,3143
28.8,2573
28.77,9490
28.79,100
28.83,100
28.79,400
28.79,100
28.75,328
28.73,100
28.72,830
28.72,200
28.81,400
28.82,650
28.76,1300
28.75,200
28.71,625
28.71,301
28.76,215
28.79,1656
28.79,0
28.77,410
28.77,560
28.83,100
28.83,0
28.81,100
28.81,458
28.79,195
28.79,100
28.79,0
28.76,380
28.77,500
28.76,438
28.76,1739
28.76,3777
28.76,224
28.73,591
28.74,1342
28.72,921
28.72,0
28.76,106
28.77,2680
28.81,9722
28.81,0
29.05,100
29.2,100
29.17,400
29.25,205
29.12,1265
29.11,700
29.11,0
29.03,600
29.03,0
29,1700
28.98,278
28.97,115
28.93,655
28.94,1150
28.96,300
28.98,808
29,189
29.03,400
29.03,0
29.03,0
28.99,300
29.02,537
29.02,0
29.1,130
29.1,0
29.07,5878
29.06,430
29.05,200
29.1,300
29.1,0
29.11,836
29.1,440
29.08,483
29.04,1498
29.02,1698
29.04,2314
29.03,2666
29.01,5642
29.08,934
28.85,5769
28.92,867
28.96,1280
28.88,1110
28.95,1551
28.91,773
28.89,255
28.88,600
28.88,100
28.88,130
28.89,100
28.85,600
28.88,100
28.84,715
28.85,12916
28.84,1843
28.87,1431
28.86,500
28.83,420
28.85,1128
28.84,547
28.82,697
28.81,200
28.84,636
28.86,3800
28.84,795
28.89,300
28.9,958
28.87,2724
28.88,600
28.88,2370
28.89,3614
28.87,1540
28.89,1730
28.99,2452
29.01,1982
29,2917
29.11,7985
29.11,500
29.09,1030
29.06,789
29.01,800
29.07,1861
29.08,970
29.08,225
29.04,268
29.04,0
29.05,100
29.03,500
29.04,132
29.04,8050
29.03,500
29.07,1009
28.99,500
29,300
29.13,350
29.11,326
29.07,200
29.08,1868
29.02,205
29.03,840
29.01,1335
29.01,0
29.03,529
29.03,100
29.03,533
29.05,863
29.08,1000
29.03,755
29.03,0
29.06,570
29.05,5381
28.94,2852
28.94,3332
28.97,4505
28.94,3398
28.91,6220
29.07,300
29.02,600
29.07,100
29.09,463
29.27,300
29.3,1221
29.27,600
29.25,1201
29.4,904
29.5,1200
29.58,263
29.58,1503
29.61,1683
29.46,1381
29.56,1200
29.54,1930
29.64,690
29.65,610
29.69,900
29.68,200
29.67,1018
29.67,1002
29.68,250
29.7,1190
29.68,1565
29.64,3524
29.58,2257
29.52,3218
29.61,3492
29.61,1660
29.58,2059
29.59,802
29.6,1326
29.6,949
29.6,3674
29.55,2356
29.56,3797
29.61,4889
29.63,28075
29.56,250
29.52,978
29.35,205
29.34,101
29.3,770
29.3,0
29.28,390
29.26,100
29.29,880
29.4,300
29.43,400
29.54,300
29.59,500
29.59,0
29.52,100
29.56,700
29.58,1505
29.57,1112
29.63,902
29.65,800
29.72,1966
29.75,1104
29.74,807
29.76,1400
29.75,983
29.76,3990
29.76,405
29.71,1000
29.74,254
29.69,299
29.7,489
29.71,1949
29.71,3953
29.69,1244
29.64,3954
29.65,3712
29.67,9285
29.69,5646
29.67,18958
29.67,0
29.78,100
29.78,0
29.88,100
29.88,0
29.97,100
29.95,300
29.89,100
29.84,736
29.83,800
29.83,0
29.84,100
29.87,440
29.87,0
29.79,706
29.81,5517
29.85,7398
29.84,500
29.91,917
29.88,800
29.9,463
29.97,600
29.95,800
29.9,100
29.92,200
29.92,0
29.94,100
29.91,100
29.92,100
29.96,491
29.99,217
29.99,1018
30.02,525
30.01,700
30.01,577
30.04,2122
30.1,2719
30.03,2343
30.06,3846
30.14,649
30.19,100
30.15,300
30.16,249
30.16,1000
30.12,1000
30.19,400
30.1,200
30.13,200
30.19,400
30.16,500
30.15,1400
30.15,1176
30.17,600
30.13,176
30.17,710
30.28,402
30.32,1529
30.29,731
30.26,580
30.32,100
30.32,2502
30.36,139
30.39,200
30.4,500
30.37,1491
30.41,1005
30.43,1650
30.4,3500
30.39,1379
30.4,500
30.38,1648
30.44,600
30.42,798
30.42,1335
30.4,1315
30.41,991
30.47,3420
30.37,13017
30.37,0
30.11,900
30.22,1653
30.43,1738
30.47,200
30.53,391
30.46,1313
30.47,1232
30.49,1302
30.47,2275
30.48,300
30.44,515
30.49,916
30.6,770
30.55,500
30.65,200
30.66,1025
30.6,1116
30.63,1570
30.66,1755
30.65,972
30.6,2952
30.62,641
30.65,126
30.62,900
30.62,0
30.62,2688
30.63,558
30.67,5228
30.73,5306
30.74,231
30.75,3173
30.78,2237
30.82,1956
30.8,3728
30.72,1194
30.73,1865
30.75,2557
30.74,9850
30.74,0
30.74,0
30.79,318
30.79,0
30.93,500
30.86,311
30.89,200
30.91,649
30.92,645
30.89,849
30.81,1010
30.82,1010
30.77,1143
30.84,1303
30.84,1755
30.84,0
30.95,300
30.95,0
30.98,657
30.93,500
30.89,153
30.87,300
30.84,225
30.83,128
30.81,2375
30.82,1741
30.82,1726
30.77,1021
30.71,923
30.74,3804
30.74,1214
30.68,1128
30.74,1211
30.69,3469
30.68,3750
30.75,11403
30.75,6161
30.7,6784
30.69,9923
30.41,2880
30.23,250
30.23,0
30.41,1713
30.41,3770
30.37,1652
30.31,500
30.26,3063
30.26,450
30.26,0
30.35,125
30.35,0
30.3,1583
30.3,1119
30.3,1569
30.22,2045
30.22,0
30.22,0
30.22,0
30.29,1707
30.29,354
30.29,0
30.34,260
30.4,851
30.4,0
30.44,715
30.46,1213
30.46,0
30.44,400
30.46,965
30.46,0
30.46,749
30.51,400
30.54,400
30.54,777
30.53,435
30.52,4270
30.62,5037
30.66,2826
30.63,330
30.77,2329
30.71,731
30.64,654
30.72,680
30.72,0
30.64,1467
30.62,650
30.66,600
30.64,300
30.65,701
30.59,3015
30.49,3520
30.57,1488
30.53,1380
30.47,3080
30.47,3022
30.46,2606
30.44,2360
30.42,1568
30.36,870
30.3,4045
30.07,2626
30.15,3804
30.15,1419
30.07,1600
30.04,700
30.12,100
30.06,1483
30.06,418
30.05,2415
30.04,705
30.08,1497
29.92,2394
29.95,1617
29.9,4949
29.92,3481
29.93,1521
29.95,3516
29.95,0
30,350
30,0
29.82,600
29.66,590
29.66,0
29.71,700
29.55,2859
29.55,973
29.48,3674
29.44,644
29.49,1310
29.55,326
29.57,4195
29.59,2461
29.65,679
29.67,1061
29.66,1452
29.68,140
29.72,700
29.74,110
29.74,0
29.74,0
29.78,691
29.75,547
29.75,0
29.79,1019
29.8,500
29.83,852
29.78,100
29.8,284
29.82,100
29.83,100
29.82,400
29.85,105
29.84,900
29.75,4437
29.75,2025
29.75,9102
30.07,202
30.07,0
29.95,600
29.8,950
29.75,988
29.72,100
29.71,700
29.71,0
29.71,0
29.68,400
29.7,500
29.77,600
29.82,507
29.83,524
29.83,221
29.87,200
29.91,100
29.88,886
29.86,100
29.89,300
29.87,100
29.87,0
29.87,0
29.81,223
29.81,0
29.78,396
29.79,343
29.78,213
29.84,147
29.85,582
29.85,520
29.82,244
29.82,890
29.82,1356
29.78,1000
29.76,100
29.76,0
29.78,2203
29.78,6500
29.88,488
29.79,188
29.78,977
29.78,1100
29.87,100
29.85,1738
29.85,0
30.04,390
29.98,300
29.99,1554
30.01,386
30.05,100
30.05,639
30.01,284
30.06,412
30.09,884
30.11,101
30.09,100
30.12,534
30.13,968
30.19,548
30.23,604
30.18,200
30.17,5301
30.16,100
30.15,800
30.13,230
30.13,0
30.13,0
30.13,0
30.2,1013
30.16,590
30.2,1110
30.2,409
30.18,685
30.28,100
30.26,2082
30.23,1030
30.35,8188
30.27,797
30.44,213
30.43,600
30.43,0
30.43,0
30.37,200
30.35,4949
30.38,306
30.36,1345
30.32,1455
30.36,901
30.4,300
30.4,905
30.29,474
30.2,390
30.22,614
30.23,510
30.15,233
30.22,771
30.22,252
30.21,547
30.22,113
30.23,1847
30.24,1295
30.25,466
30.21,100
30.22,2078
30.2,612
30.18,1451
30.16,585
30.12,522
30.07,680
30.13,1799
30.08,3948
30.09,3129
30,2879
29.99,6904
29.93,7674
29.92,42199
29.81,896
29.99,1130
29.97,1071
29.97,1068
30.07,400
30.12,311
30.04,1100
30,363
29.94,200
29.96,874
30.01,2258
29.99,1854
29.98,7013
30.01,1671
30.02,487
30.05,100
30.05,460
30.12,300
30.05,300
30.05,0
30.02,142
30.02,757
30.02,0
29.98,850
29.96,667
29.92,1430
29.93,1174
29.96,969
29.95,100
29.94,561
29.93,100
29.94,742
29.91,200
29.91,948
29.9,593
29.86,867
29.86,1419
29.84,5126
29.94,16607
29.92,330
29.92,0
30.07,337
30.07,0
30.06,1128
30.13,740
30.09,630
30.13,300
30.14,200
30.1,460
30.15,724
30.26,807
30.32,811
30.25,1196
30.25,0
30.32,200
30.34,4650
30.26,600
30.23,188
30.21,300
30.21,0
30.21,0
30.29,604
30.28,800
30.31,535
30.28,100
30.21,100
30.23,320
30.24,200
30.21,1320
30.21,757
30.21,300
30.13,525
30.16,2927
30.17,8907
30.24,3387
30.28,5834
30.31,4299
30.32,28177
30.09,100
30.09,0
30.06,800
30.09,100
30.03,672
30,575
30.02,1457
30.02,0
29.98,853
30.02,393
29.95,593
30.01,393
29.97,731
29.93,1163
29.88,400
29.91,206
29.88,100
29.88,165
29.89,736
29.87,200
29.91,3123
29.9,1813
29.91,200
29.89,1982
29.93,1975
29.95,515
29.92,600
29.94,342
29.99,620
29.99,995
29.98,100
29.99,652
30.02,130
29.99,1136
29.95,740
29.99,1166
29.96,1996
29.92,3368
29.99,6238
29.99,0
29.99,0
29.92,100
29.93,100
30.01,319
30.01,924
29.99,1495
29.84,310
29.84,0
30.03,300
30.01,500
29.99,805
30.01,825
30.06,297
30.06,836
30.12,595
30.2,989
30.12,343
30.19,729
30.19,562
30.19,0
30.15,201
30.11,600
30.04,350
30.06,1425
30.08,1603
30.04,2876
30.05,1338
29.97,900
30.09,670
30.09,0
30.08,903
30.12,300
30.13,694
30.02,3127
29.99,1495
30.02,306
29.99,3488
30.11,8634
30.11,660
29.99,706
29.96,1600
29.96,100
29.91,725
29.98,700
29.95,875
29.95,875
29.96,832
30.02,5593
30.02,2257
29.96,900
29.9,1200
29.9,300
29.93,700
30.06,408
30.06,803
30.06,361
30.11,300
30.11,437
30.14,1700
30.13,750
30.13,0
30.17,982
30.12,500
30.21,2245
30.21,1000
30.21,1450
30.24,1103
30.22,1735
30.26,1455
30.3,1952
30.33,1329
30.35,1927
30.35,1426
30.44,706
30.39,1901
30.31,1302
30.39,1747
30.39,0
30.39,0
30.39,0
30.53,100
30.43,1406
30.5,1671
30.42,601
30.51,1203
30.43,612
30.49,539
30.52,1588
30.6,700
30.6,0
30.57,500
30.57,100
30.53,600
30.55,400
30.56,114
30.56,100
30.51,500
30.49,793
30.49,0
30.53,208
30.48,1120
30.35,3845
30.28,550
30.29,200
30.41,9080
30.51,900
30.44,4481
30.49,4584
30.21,1210
30.21,659
30.14,4018
30.19,5983
30.15,3022
30.13,2371
30.05,12447
30.1,6032
30.11,488
30.1,1050
30.16,1000
30.25,414
30.35,1041
30.39,3531
30.37,1843
30.32,1244
30.2,1198
30.24,1750
30.17,399
30.25,215
30.26,1213
30.31,1253
30.28,500
30.25,2126
30.25,400
30.23,800
30.25,3462
30.26,769
30.26,1504
30.25,1900
30.28,1189
30.26,100
30.24,959
30.28,500
30.3,1455
30.3,431
30.24,800
30.26,400
30.26,0
30.29,987
30.36,1484
30.38,1407
30.46,761
30.42,359
30.41,1189
30.41,3816
30.41,11842
30.42,300
30.42,2907
30.33,4136
30.22,797
30.26,406
30.24,100
30.3,1305
30.27,100
30.25,1103
30.21,3148
30.21,633
30.22,2525
30.22,1932
30.26,224
30.26,200
30.29,961
30.3,796
30.33,832
30.36,991
30.37,1594
30.36,2914
30.39,719
30.38,803
30.41,200
30.42,1797
30.41,674
30.36,801
30.39,505
30.37,1540
30.28,1439
30.29,1720
30.22,597
30.25,847
30.24,992
30.19,200
30.21,1573
30.26,2172
30.26,3217
30.22,6625
30.18,200
30.1,2465
30.05,1674
30.23,550
30.27,1503
30.13,650
30.13,1600
30.14,3894
30.19,2954
30.24,1200
30.27,1236
30.32,1486
30.29,578
30.33,2800
30.32,822
30.38,573
30.46,2960
30.41,3178
30.49,2518
30.53,408
30.61,312
30.61,4608
30.59,3670
30.56,1180
30.62,6872
30.6,2681
30.59,1714
30.63,3194
30.61,7433
30.52,8664
30.46,7026
30.49,7355
30.59,5768
30.58,7505
30.62,2593
30.57,5994
30.53,8192
30.61,4347
30.55,12093
30.59,363
30.54,2250
30.58,1200
30.59,2342
30.58,1291
30.56,844
30.6,606
30.77,1301
30.79,1761
30.85,100
30.84,3455
30.83,1839
30.82,401
30.85,2557
30.78,867
30.86,576
30.86,300
30.88,1000
30.85,100
30.83,200
30.87,303
30.77,246
30.76,225
30.76,0
30.78,300
30.77,756
30.83,615
30.83,0
30.76,388
30.76,0
30.75,790
30.77,330
30.75,674
30.71,639
30.72,100
30.73,262
30.67,845
30.76,200
30.8,1985
30.84,300
30.84,0
30.84,0
30.69,225
30.71,200
30.68,325
30.68,0
30.7,100
30.73,194
30.75,100
30.77,200
30.77,359
30.79,531
30.79,893
30.7,1200
30.71,1698
30.73,378
30.77,500
30.79,300
30.81,220
30.83,110
30.86,404
30.86,345
30.9,200
30.92,204
30.86,200
30.8,100
30.78,774
30.67,973
30.66,660
30.69,2587
30.71,2860
30.75,2852
30.71,2138
30.67,2331
30.69,726
30.63,711
30.59,1748
30.58,3387
30.34,5642
30.34,2239
30.36,4654
30.35,1011
30.61,622
30.69,5229
30.71,1854
30.74,5162
30.78,5236
30.92,8685
30.94,3447
30.82,2448
30.8,2374
30.96,3729
30.95,2438
30.97,207
30.91,1991
30.93,6438
30.89,3106
30.86,302
30.91,845
30.88,426
30.9,2020
30.87,779
30.81,1676
30.76,730
30.72,450
30.59,225
30.59,0
30.74,1277
30.75,1749
30.8,638
30.78,302
30.71,505
30.68,524
30.59,809
30.61,2028
30.71,2852
30.74,4677
31.13,1677
31.5,449
31.55,545
31.68,300
31.65,912
31.71,557
31.67,1111
31.68,1517
31.7,1907
31.75,2525
31.79,400
31.9,980
31.91,1070
31.87,1090
31.88,1734
31.84,1752
31.9,2571
31.97,2523
31.97,2573
32.04,2120
32.09,754
32.11,1774
32.02,907
32.07,623
32.05,840
32.16,715
32.17,2147
32.2,882
32.16,400
32.29,790
32.29,1147
32.23,3673
32.22,5559
32.23,1433
32.16,860
32.22,2364
32.29,3210
32.26,2961
32.25,7306
32.16,300
32.34,1443
32.37,2149
32.47,2020
32.49,1601
32.45,630
32.39,609
32.49,1231
32.59,2528
32.53,716
32.55,1468
32.46,1530
32.39,1180
32.46,3264
32.44,2010
32.37,2186
32.23,1247
32.23,0
32.3,1463
32.26,911
32.32,1997
32.29,580
32.3,1277
32.34,701
32.3,539
32.32,1238
32.37,200
32.35,679
32.39,175
32.39,0
32.45,178
32.51,3055
32.57,2429
32.58,1446
32.57,1606
32.52,1533
32.43,2414
32.42,1383
32.38,7290
32.38,0
32.6,300
32.6,0
32.51,1100
32.37,505
32.42,2370
32.38,1680
32.18,450
32.17,1000
32.23,600
32.23,2253
32.18,1799
32.19,1014
32.1,595
32.12,548
32.08,2400
32.09,420
32.14,1147
32.17,400
32.18,500
32.16,609
32.09,600
32.03,341
32.11,512
32.12,602
32.03,400
32.07,400
32.03,671
32.06,526
32.13,567
32.09,1500
32.06,387
32.11,1080
32.13,621
32.12,100
32.13,804
32.1,1648
32.11,1309
32.16,2935
32.19,403
32.53,400
32.5,620
32.5,300
32.48,300
32.32,205
32.32,594
32.38,1255
32.39,3004
32.33,1195
32.27,1287
32.21,1976
32.28,969
32.32,795
32.31,723
32.25,760
32.26,1275
32.28,1539
32.22,485
32.14,443
32.14,0
32.2,700
32.19,2241
32.22,4054
32.3,589
32.26,819
32.27,870
32.3,706
32.39,1058
32.44,1583
32.57,1473
32.54,735
32.55,5487
32.61,422
32.57,6133
32.59,2213
32.54,300
32.59,4583
32.54,7250
32.62,1100
32.53,941
32.48,325
32.4,100
32.4,0
32.31,650
32.33,125
32.23,100
32.23,0
32.09,111
32.14,300
32.06,450
32.07,100
32.11,2272
32.22,630
32.26,300
32.31,1553
32.45,1986
32.4,437
32.4,0
32.48,607
32.47,602
32.43,300
32.45,1864
32.49,562
32.37,810
32.5,488
32.52,100
32.56,520
32.61,300
32.63,200
32.67,400
32.68,350
32.66,1232
32.68,1219
32.74,1533
32.73,1224
32.71,722
32.7,4129
32.79,200
32.83,874
32.86,961
32.93,393
32.9,1266
32.96,100
32.95,1415
32.95,1603
32.97,617
32.9,900
32.81,1761
32.82,751
32.84,1048
32.83,853
32.86,1445
32.97,1710
32.98,1257
32.96,1827
32.9,2528
32.94,1275
32.88,315
32.87,1781
32.86,649
32.86,1208
32.88,1129
32.89,300
32.89,1599
32.87,1462
32.87,2249
32.82,2140
32.85,1928
33.1,3282
33.16,1529
33.21,1320
33.3,1439
33.34,1711
33.42,1886
33.46,3493
33.48,11679
33.44,106
33.44,0
33.48,300
33.5,1076
33.58,802
33.68,300
33.73,400
33.74,500
33.74,300
33.74,0
33.66,984
33.66,0
33.73,487
33.78,304
33.76,559
33.73,629
33.66,300
33.68,606
33.69,437
33.72,400
33.72,0
33.72,316
33.73,1875
33.74,300
33.71,475
33.71,2416
33.71,2408
33.73,1653
33.69,533
33.63,760
33.6,1250
33.57,844
33.63,965
33.61,706
33.63,814
33.6,550
33.52,2500
33.6,2121
33.63,3588
33.63,0
33.79,771
33.78,2508
33.75,1475
33.82,855
33.68,698
33.89,236
33.85,773
33.79,2781
33.95,1100
33.84,5324
33.81,1896
33.77,1555
33.74,1120
33.64,608
33.66,823
33.68,252
33.55,605
33.72,538
33.68,200
33.68,800
33.74,300
33.71,1410
33.76,1483
33.74,700
33.78,400
33.72,1612
33.8,736
33.8,815
33.77,200
33.86,701
33.8,297
33.8,652
33.74,643
33.81,218
33.84,1694
33.78,739
33.75,100
33.77,1832
33.77,0
33.77,0
33.78,100
33.83,200
33.83,0
33.83,0
33.86,370
33.83,300
33.8,333
33.85,815
33.79,144
33.86,100
33.86,300
33.8,595
33.81,1007
33.84,329
33.81,1190
33.83,110
33.81,1739
33.8,602
33.79,456
33.79,0
33.81,200
33.83,100
33.81,200
33.8,200
33.78,599
33.82,350
33.82,301
33.83,106
33.8,268
33.8,360
33.8,0
33.8,0
33.85,112
33.83,207
33.8,212
33.79,1123
33.81,2282
33.73,600
33.55,100
33.55,0
33.55,0
33.54,238
33.54,0
33.46,150
33.46,0
33.38,200
33.38,466
33.42,700
33.42,0
33.44,100
33.34,400
33.39,500
33.43,1200
33.4,400
33.4,0
33.38,263
33.36,200
33.36,0
33.36,0
33.24,100
33.23,731
33.26,246
33.33,100
33.36,688
33.36,0
33.22,100
33.22,0
33.18,200
33.18,305
33.16,100
33.21,118
33.17,206
33.21,254
33.25,465
33.34,838
33.38,6390
33.38,0
33.43,200
33.51,748
33.55,700
33.63,706
33.78,540
33.74,1326
33.83,1632
33.85,4791
33.59,3140
33.68,400
33.6,4006
33.51,1010
33.49,1464
33.69,1006
33.51,400
33.52,1200
33.5,1186
33.6,1919
33.5,2150
33.46,200
33.46,1568
33.45,400
33.54,1054
33.55,1648
33.6,1150
33.56,358
33.58,1230
33.68,4997
33.8,2431
33.89,2119
33.72,1287
33.71,2356
33.78,1577
33.74,4071
33.7,480
33.69,2225
33.65,5864
33.57,19144
33.57,0
33.57,0
33.99,289
33.99,0
33.99,0
33.99,0
34.11,130
34.11,642
33.87,435
33.93,209
33.82,1176
33.68,432
33.65,600
33.73,900
33.7,405
33.66,867
33.63,480
33.72,100
33.81,422
33.81,0
33.81,0
33.76,109
33.72,107
33.72,498
33.78,109
33.76,903
33.76,405
33.76,0
33.78,341
33.84,200
33.83,310
33.89,2405
33.95,976
33.87,562
33.86,1898
33.87,3500
33.91,587
33.94,8079
33.89,7875
33.61,1915
33.7,450
33.85,296
33.7,2145
33.6,626
33.58,549
33.66,4248
33.5,2141
33.43,2820
33.46,1389
33.41,6778
33.41,3878
33.37,1115
33.51,1050
33.7,710
33.78,736
33.81,1244
33.81,800
33.82,741
33.9,5296
33.94,2400
33.93,3077
33.9,1735
33.89,1210
34,1302
33.98,2634
34.08,3181
34.13,1296
34.04,1070
34,576
34.01,890
34.06,422
34.08,3574
34.1,372
34.14,419
34.15,483
34.13,3451
34.14,5795
34.13,13071
34.2,224
34.42,200
34.32,300
34.33,2206
34.29,3637
34.24,2439
34.11,4685
34.14,1864
34.13,2685
34.12,1314
34.22,2492
34.23,1280
34.19,1199
34.02,570
34.06,754
34.05,443
34.05,829
34.05,3722
34.11,490
34.15,1707
34.15,0
34.15,0
33.93,947
33.88,900
33.92,1000
34.02,1212
34.01,1507
34.04,2206
33.96,4537
33.94,6841
33.93,2281
33.95,4737
33.9,2912
33.91,3666
33.9,4623
33.85,3184
33.86,5147
33.79,6785
33.76,10168
33.76,0
33.76,0
33.93,250
33.94,1007
33.79,303
33.83,1382
33.91,529
33.85,831
33.75,876
33.7,1632
33.76,376
33.8,3284
33.75,1056
33.84,580
33.66,744
33.68,200
33.68,230
33.6,426
33.55,1773
33.45,1276
33.38,1968
33.49,1810
33.45,873
33.34,364
33.38,200
33.36,1022
33.31,100
33.28,720
33.17,800
33.24,808
33.2,2047
33.16,1101
33.12,1683
33.22,1719
33.19,777
33.16,1360
33.11,2083
33.09,6120
33.18,10473
33.27,300
33.17,100
33.18,3082
33.25,601
33.45,709
33.54,6212
33.46,5639
33.39,2434
33.59,3829
33.5,3861
33.53,4856
33.48,3481
33.53,2986
33.53,1782
33.58,4327
33.43,1882
33.52,3670
33.52,5151
33.51,400
33.52,1100
33.5,2793
33.55,3415
33.53,1724
33.48,2672
33.48,1120
33.48,2438
33.49,3252
33.55,3659
33.58,1814
33.63,300
33.61,820
33.59,1312
33.6,200
33.58,2753
33.54,4018
33.57,946
33.62,4450
33.62,4387
33.6,10411
33.82,981
33.69,576
33.7,138
33.65,272
33.72,570
33.64,314
33.67,1190
33.67,389
33.76,1559
33.74,2116
33.79,728
33.81,502
33.86,522
33.94,1834
33.88,701
33.89,500
33.99,1047
34.01,400
34,813
34.01,100
33.93,317
33.91,100
33.92,300
33.92,0
33.91,231
33.97,1038
33.99,2661
34.09,978
34.07,393
34.05,435
34.07,701
34.05,552
34.05,855
34.09,2247
34.1,383
34.01,1829
34.07,2043
34.02,2533
33.98,14714
33.9,679
33.96,100
33.96,0
33.9,600
33.94,400
33.85,943
33.72,1102
33.81,840
33.85,300
33.89,306
33.89,0
33.83,506
33.77,664
33.72,300
33.77,100
33.8,600
33.86,370
33.89,225
33.89,0
33.88,434
33.84,1038
33.74,720
33.74,0
33.72,100
33.74,646
33.87,1495
33.87,0
33.89,612
33.9,748
33.87,200
33.99,100
33.99,888
34.04,110
34.06,1464
33.93,148
33.91,922
33.89,600
33.81,5629
33.81,10497
33.81,0
33.81,0
33.81,0
33.75,355
33.86,525
33.86,2840
33.72,2360
33.69,1255
33.59,2149
33.69,730
33.7,868
33.7,0
33.65,621
33.75,101
33.77,110
33.77,0
33.77,0
33.77,0
33.64,222
33.64,0
33.76,101
33.76,0
33.76,0
33.63,104
33.63,0
33.59,230
33.59,0
33.59,0
33.59,0
33.67,600
33.59,1600
33.59,100
33.67,901
33.71,407
33.73,788
33.6,300
33.61,238
33.58,3800
33.5,8362
33.5,0
33.5,0
33.51,160
33.51,0
33.38,333
33.42,390
33.47,1021
33.43,463
33.41,738
33.43,655
33.31,1873
33.28,1194
33.37,296
33.33,3918
33.33,509
33.37,488
33.31,485
33.32,518
33.32,0
33.3,4100
33.27,565
33.23,580
33.22,778
33.31,434
33.28,533
33.36,380
33.36,322
33.41,505
33.56,897
33.54,471
33.55,327
33.58,481
33.56,828
33.56,763
33.56,791
33.54,675
33.53,927
33.53,4873
33.54,16586
33.64,500
33.59,226
33.59,310
33.59,0
33.59,0
33.52,462
33.5,100
33.54,150
33.54,0
33.53,500
33.48,145
33.49,316
33.46,370
33.51,1231
33.5,330
33.5,0
33.49,100
33.5,482
33.48,110
33.48,0
33.52,430
33.54,596
33.51,100
33.51,0
33.46,725
33.49,155
33.5,111
33.46,651
33.49,247
33.47,762
33.46,496
33.39,100
33.39,583
33.38,834
33.34,1224
33.39,1178
33.38,2936
33.45,5436
33.41,13124
33.38,100
33.38,0
33.26,1341
33.26,0
33.39,1109
33.36,814
33.28,612
33.29,1831
33.18,866
33.2,384
33.21,192
33.22,423
33.22,444
33.23,351
33.18,574
33.21,402
33.25,2209
33.23,2697
33.24,496
33.24,0
33.24,0
33.24,100
33.26,351
33.28,641
33.37,479
33.48,560
33.46,447
33.44,415
33.46,860
33.37,981
33.36,1951
33.31,200
33.27,771
33.28,516
33.28,142
33.32,1365
33.39,1108
33.46,1839
33.53,8267
33.68,200
33.72,600
33.86,202
33.95,201
33.99,1392
33.89,516
33.92,834
33.99,804
33.91,1066
33.88,635
33.88,0
33.88,0
33.89,678
33.81,1513
33.91,254
33.92,804
33.98,100
34,500
34.02,1863
34.01,1674
34.06,500
34.18,700
34.16,821
34.12,600
34.08,376
34.12,350
34.13,3690
34.07,817
34.09,692
34.1,700
34.1,1354
34.1,4672
34.01,788
34.01,307
34.01,250
34.01,929
33.92,1077
33.85,1149
33.84,6059
33.66,700
33.52,246
33.57,100
33.5,277
33.46,975
33.36,777
33.4,433
33.49,100
33.5,1007
33.51,579
33.51,0
33.64,1138
33.62,521
33.59,411
33.56,702
33.55,342
33.57,398
33.51,1154
33.54,1873
33.53,804
33.47,4945
33.49,4385
33.47,6806
33.5,5233
33.46,1501
33.61,911
33.64,2371
33.56,542
33.56,200
33.51,1672
33.54,1440
33.17,852
33.29,2920
33.31,486
33.25,250
33.23,885
33.28,1495
33.33,5729
33.54,11953
33.54,0
33.47,500
33.49,362
33.51,412
33.51,0
33.31,1470
33.31,326
33.37,900
33.25,400
33.26,721
33.31,2550
33.25,725
33.23,806
33.13,900
33.13,0
33.18,100
33.31,100
33.25,100
33.23,600
33.11,311
33.11,0
33.11,0
33.12,100
33.11,100
33.08,300
33.17,100
33.17,102
33.13,283
33.16,723
33.16,816
33.12,200
33.05,1000
33.08,1152
33.09,929
33.09,2339
33.07,1804
33.19,1485
33.18,5114
33.19,4443
32.97,100
32.92,200
32.93,200
32.86,100
32.92,310
32.95,385
32.92,1740
33.01,1670
33.06,100
33.14,300
32.97,1478
32.91,833
32.97,1325
32.93,1362
33.04,903
33.11,884
33.17,1658
33.21,874
33.36,2187
33.27,450
33.28,364
33.3,4126
33.3,717
33.32,1109
33.33,1034
33.34,1007
33.34,927
33.34,7773
33.39,700
33.35,1112
33.42,942
33.57,1072
33.55,1619
33.57,2175
33.58,4887
33.55,4324
33.57,3003
33.57,9569
33.48,18298
33.21,588
33.26,705
33.28,859
33.34,1579
33.47,706
33.39,3909
33.29,700
33.32,3991
33.41,2112
33.41,2006
33.36,1000
33.31,865
33.32,200
33.32,0
33.44,1248
33.51,500
33.53,2973
33.53,0
33.61,635
33.59,819
33.59,100
33.61,1081
33.67,1304
33.63,1016
33.62,304
33.59,895
33.6,893
33.61,1258
33.62,635
33.62,0
33.59,323
33.62,420
33.61,2021
33.61,0
33.59,1205
33.61,291
33.55,1684
33.51,3293
33.45,3692
33.45,0
33.17,176
33.27,100
33.27,0
33.27,0
33.36,543
33.37,1355
33.36,606
33.39,100
33.43,1035
33.36,266
33.39,1543
33.38,1160
33.32,2320
33.25,1792
33.32,2301
33.32,700
33.26,2309
33.23,1236
33.22,1459
33.15,1303
33.15,0
33.07,100
33.03,500
33.05,100
33.02,733
32.99,1001
33.02,1143
32.99,1776
33.21,446
33.21,601
33.16,579
33.17,924
33.13,600
33.11,607
33.15,382
33.21,2064
33.23,6163
33.39,5860
33.28,300
33.3,200
33.5,600
33.55,677
33.53,811
33.55,1754
33.59,1169
33.57,400
33.58,2034
33.57,2121
33.59,1910
33.71,2275
33.64,900
33.67,1415
33.72,2202
33.76,700
33.79,200
33.76,1273
33.87,1560
33.79,300
33.78,200
33.73,602
33.7,4261
33.67,912
33.62,1370
33.57,500
33.57,331
33.59,454
33.59,480
33.62,700
33.7,200
33.72,200
33.72,0
33.67,700
33.78,526
33.74,1259
33.74,2505
33.92,6452
33.89,18076
33.89,0
33.89,0
33.69,700
33.67,877
33.62,993
33.64,2924
33.63,959
33.5,627
33.46,423
33.4,1311
33.44,618
33.47,304
33.48,606
33.42,1384
33.39,1481
33.37,801
33.41,1406
33.46,540
33.55,384
33.53,1115
33.58,2334
33.54,2617
33.52,794
33.59,943
33.57,3522
33.59,3995
33.59,1475
33.66,1090
33.59,465
33.57,1511
33.7,2166
33.6,707
33.66,1522
33.59,1066
33.57,1642
33.53,799
33.6,2005
33.51,4569
33.51,17294
34.05,125
33.84,496
33.77,1238
33.79,1912
33.62,540
33.62,1621
33.82,857
33.86,400
34.03,1521
34.09,1290
34,1815
33.88,511
34,112
33.97,100
34.11,646
34.12,400
34.06,407
34.02,480
34.09,709
34.03,200
34.2,200
34.17,412
34.08,100
34.17,551
34.17,100
34.17,100
34.17,0
34.16,224
34.16,765
34.16,775
34.14,303
34.35,708
34.29,200
34.41,318
34.39,426
34.34,705
34.32,1211
34.34,4012
34.34,13357
34.51,1000
34.69,254
34.95,101
34.94,1926
35.19,1679
35.18,375
35.01,972
35.03,510
35.07,450
34.93,505
35.02,500
34.99,2806
35.01,1090
34.97,566
35.01,2802
35,710
34.9,1311
34.94,468
34.94,0
35.04,300
35.04,0
35.17,493
35.2,649
35.06,555
35.1,590
35.1,0
35.05,150
35.05,940
35.05,0
35.15,285
35.1,431
35.04,1027
35.09,249
35.03,698
35.02,2768
34.97,2615
35.17,984
35.07,4654
35.04,7538
35.04,200
35.04,0
34.99,585
34.95,1100
34.94,704
34.94,2059
34.95,657
34.92,1702
34.88,1081
34.89,328
34.97,500
35.08,1387
35.01,1720
35.02,600
35.04,690
35.02,1534
34.98,1333
35.05,767
35.05,100
35.03,500
35.03,509
35.03,1196
35.06,961
35.04,2075
35.03,2840
34.96,1388
34.95,1429
34.92,721
34.92,678
34.95,2478
34.95,579
35.02,328
35.01,1128
34.97,260
35,100
34.96,427
34.96,1500
34.97,3158
34.97,8954
34.92,660
34.88,980
34.93,200
34.95,300
34.96,250
34.97,2496
34.97,2061
34.93,1641
34.94,1331
34.94,1144
34.97,3115
34.97,3374
34.93,871
34.92,661
34.91,807
34.91,1146
34.99,5762
35,1951
34.97,1850
35,1716
35.01,1980
35.02,1117
34.95,1180
35.05,2332
35.07,2684
35.06,2350
35.1,1499
35.06,500
35.07,1269
35.12,844
35.08,1015
35.08,1875
35.09,1211
35.11,627
35.12,1323
35.09,792
35.04,1443
35.02,2588
35.02,3428
34.88,100
34.82,597
34.87,100
34.68,301
34.8,1279
34.77,241
34.66,921
34.67,666
34.58,319
34.59,700
34.59,619
34.64,1000
34.59,1325
34.55,500
34.62,600
34.62,1172
34.57,2630
34.68,300
34.71,918
34.68,343
34.67,768
34.63,1723
34.61,900
34.65,600
34.69,1228
34.59,701
34.61,1885
34.61,4885
34.64,1267
34.64,1402
34.73,985
34.66,1938
34.64,1054
34.61,2264
34.58,1100
34.68,100
34.66,4402
34.65,3137
34.66,8647
34.48,800
34.44,300
34.28,100
34.28,700
34.45,100
34.45,0
34.49,300
34.55,200
34.55,700
34.56,750
34.45,100
34.45,0
34.48,624
34.52,383
34.48,200
34.46,1248
34.48,664
34.54,325
34.56,750
34.57,300
34.54,600
34.56,300
34.53,700
34.53,0
34.53,0
34.54,400
34.6,103
34.57,800
34.57,300
34.57,785
34.51,200
34.54,473
34.57,100
34.55,1982
34.52,1702
34.57,1420
34.59,754
34.62,3430
34.6,7011
34.6,0
34.51,100
34.79,592
34.7,350
34.71,200
34.71,0
34.74,685
34.69,1050
34.6,1414
34.63,500
34.62,391
34.57,991
34.62,1650
34.62,1020
34.6,1056
34.6,426
34.55,600
34.55,0
34.57,500
34.56,821
34.54,760
34.54,1150
34.53,629
34.53,0
34.48,300
34.5,205
34.47,580
34.37,770
34.37,101
34.41,564
34.43,569
34.31,1251
34.34,534
34.25,382
34.3,182
34.3,350
34.32,282
34.31,974
34.49,6962
34.26,492
34.36,302
34.34,300
34.22,866
34.28,301
34.23,746
34.32,900
34.25,301
34.32,1578
34.25,626
34.28,600
34.24,2005
34.21,3703
34.24,3800
34.25,1613
34.16,4508
34.12,515
34.08,1305
34.01,1287
34.02,1310
34.03,1503
34.06,1939
34.16,1700
34.16,1331
34.12,1173
34.23,1258
34.21,2359
34.15,4028
34.13,400
34.13,4134
34.13,1444
34.1,771
34.15,1368
34.15,1278
34.16,1508
34.22,546
34.2,1960
34.27,3313
34.23,3952
34.27,300
34.27,0
34.22,729
34.22,856
34.22,900
34.11,364
34.09,210
34.06,1491
33.99,1461
34.01,1001
33.96,490
33.96,884
33.9,200
33.91,400
33.97,2744
34.13,5974
34.14,1725
34.08,201
34.09,510
34,415
34.08,1929
34.09,1638
34.19,2655
34.16,1314
34.23,1954
34.2,910
34.17,183
34.16,737
34.06,200
34.06,2612
34.05,1475
34.09,605
34.12,1521
34.13,2369
34.17,2059
34.26,603
34.26,815
34.28,1071
34.19,7169
34.49,289
34.54,3028
34.64,4066
34.64,222
34.61,143
34.62,793
34.66,195
34.66,0
34.63,817
34.61,1561
34.52,1728
34.43,1730
34.38,2551
34.27,2032
34.29,1794
34.21,1140
34.26,1849
34.14,2999
34.01,1803
34.03,450
33.97,1150
33.99,618
34.15,518
34.23,1104
34.09,1373
34.01,950
33.95,1702
33.99,1186
34.08,1651
34.07,1500
34.1,1599
34.1,761
34.14,958
34.19,3123
34.13,1753
34.16,400
34.19,1707
34.16,2083
34.16,7731
34.2,450
34.23,120
34.24,432
34.39,405
34.35,173
34.35,0
34.34,1200
34.36,551
34.42,1147
34.36,1954
34.41,1813
34.49,1418
34.58,2165
34.57,3007
34.67,4456
34.73,4646
34.7,406
34.63,1030
34.65,1112
34.62,578
34.56,1551
34.59,2141
34.49,1606
34.51,1289
34.51,0
34.59,909
34.61,1152
34.57,1777
34.44,210
34.47,638
34.42,400
34.41,634
34.39,884
34.44,620
34.44,1341
34.4,907
34.33,230
34.4,1025
34.39,2841
34.39,0
34.14,550
34.14,1400
34.43,350
34.43,0
34.47,213
34.47,200
34.47,0
34.52,115
34.57,269
34.53,385
34.57,957
34.61,423
34.59,200
34.58,707
34.55,810
34.52,1023
34.54,421
34.6,200
34.6,0
34.7,1790
34.68,990
34.65,1869
34.59,809
34.58,122
34.56,1018
34.56,915
34.56,130
34.56,0
34.56,0
34.5,1602
34.54,855
34.51,485
34.55,607
34.58,970
34.6,1197
34.58,383
34.58,1330
34.54,8668
34.59,1720
34.53,100
34.61,805
34.65,792
34.63,668
34.6,213
34.61,710
34.6,1407
34.61,300
34.61,440
34.67,500
34.75,1147
34.73,520
34.7,619
34.79,1022
34.8,1097
34.82,783
34.81,822
34.8,400
34.79,510
34.8,399
34.85,610
34.85,328
34.87,346
34.85,100
34.85,290
34.84,653
34.85,2076
34.91,1573
34.89,1638
34.91,400
34.92,572
34.96,964
34.95,625
35.12,1321
35.05,4770
35.01,1402
35.07,2531
34.99,17284
34.99,100
35.02,1324
35.06,794
35.05,447
35.06,750
35.14,400
35.18,330
35.18,0
35.25,3350
35.2,4678
35.23,300
35.24,716
35.21,602
35.21,0
35.27,922
35.29,1110
35.32,200
35.32,2044
35.28,100
35.28,958
35.29,211
35.28,706
35.22,311
35.22,0
35.25,114
35.26,337
35.25,220
35.24,400
35.25,851
35.24,778
35.25,864
35.24,854
35.25,1183
35.27,2115
35.22,879
35.22,0
35.27,100
35.25,700
35.2,3222
35.2,0
35.58,100
35.69,1567
35.75,100
35.79,200
35.67,100
35.74,101
35.68,200
35.64,610
35.63,702
35.59,510
35.65,627
35.63,2435
35.68,603
35.68,0
35.75,215
35.75,100
35.75,0
35.74,660
35.71,500
35.72,1175
35.72,0
35.72,0
35.72,0
35.72,0
35.72,0
35.2,674
35.24,350
35.36,200
35.3,206
35.28,766
35.22,217
35.19,503
35.14,432
35.13,1420
35.25,682
35.28,2272
35.21,1705
35.17,915
35.19,1870
35.2,900
35.27,1037
35.28,543
35.26,520
35.26,0
35.24,304
35.22,100
35.25,327
35.23,100
35.21,100
35.2,616
35.27,100
35.27,0
35.22,348
35.21,120
35.22,218
35.15,1273
35.07,769
35.06,200
35.06,388
35.09,467
35.13,350
35.19,393
35.23,2225
35.28,11766
35.24,300
35.26,2094
35.22,1181
35.28,312
35.28,200
35.29,2475
35.15,1282
35.16,1447
35.19,640
35.23,493
35.15,673
35.1,1970
35.01,320
35.1,1112
35,1294
34.98,746
35.05,1381
35.08,464
35.06,880
35.13,798
35.27,200
35.25,720
35.28,350
35.33,256
35.36,609
35.41,443
35.44,450
35.48,400
35.52,700
35.54,100
35.54,508
35.58,100
35.58,200
35.58,797
35.62,910
35.67,740
35.7,1295
35.76,1048
35.75,2223
36.08,2415
35.83,2633
35.68,2260
35.79,1332
35.74,1461
35.76,330
35.76,762
35.83,1537
35.69,600
35.76,300
35.83,463
35.85,746
35.87,489
36.03,206
36.07,777
36.08,203
36.09,477
36.15,348
36.15,0
36.13,110
36.13,880
36.1,445
36.11,320
36.09,110
36.11,800
36.13,654
36.11,222
36.15,400
36.12,100
36.15,404
36.15,0
36.14,100
36.13,201
36.13,0
36.09,113
36.07,1560
36.04,2476
36.06,1186
36.07,4414
36.07,0
35.74,100
35.76,1266
35.71,100
35.72,480
35.75,400
35.77,2486
35.78,3288
35.77,3350
35.8,2670
35.78,1530
35.71,250
35.72,374
35.71,823
35.73,5652
35.75,988
35.7,469
35.74,530
35.69,1669
35.71,400
35.71,500
35.65,810
35.64,350
35.64,1984
35.68,300
35.61,206
35.61,672
35.58,800
35.57,757
35.52,339
35.55,1424
35.49,1506
35.47,5103
35.53,907
35.52,2963
35.39,2816
35.42,1370
35.49,3108
35.51,8015
35.52,300
35.52,0
35.52,0
35.63,913
35.62,904
35.59,463
35.58,2782
35.58,1436
35.6,1472
35.52,1844
35.43,2845
35.45,1185
35.39,10822
35.41,1437
35.41,1405
35.39,600
35.36,1646
35.3,379
35.31,2844
35.25,3103
35.22,6375
35.28,408
35.28,230
35.28,0
35.29,3775
35.27,3055
35.25,982
35.25,4196
35.29,1354
35.28,2289
35.29,2133
35.28,1383
35.29,5417
35.29,3551
35.27,1796
35.28,951
35.26,1772
35.25,323
35.23,2063
35.04,1875
34.75,3069
35.01,3074
35.04,890
34.96,1200
34.95,800
34.9,1276
34.89,1975
34.87,832
34.78,6151
34.78,4234
34.81,4009
34.76,3543
34.69,2623
34.71,4770
34.72,2604
34.7,2933
34.74,3800
34.74,3735
34.7,2950
34.69,3192
34.81,1722
34.77,1158
34.75,2938
34.79,3329
34.76,3283
34.77,929
34.77,675
34.8,2222
34.8,3830
34.69,3084
34.78,1816
34.71,1434
34.7,1651
34.71,1999
34.68,2646
34.69,1701
34.74,8212
34.85,18938
35.06,1900
35.06,1238
35.06,2250
34.93,101
34.93,100
34.93,0
34.92,857
34.89,762
34.78,248
34.78,3168
34.89,1382
34.88,4217
34.81,2174
34.79,997
34.79,3645
34.7,2261
34.76,2459
34.78,1355
34.78,2086
34.76,678
34.73,1855
34.72,1432
34.72,661
34.74,1068
34.74,1829
34.73,1025
34.75,1750
34.7,1900
34.68,1083
34.74,1290
34.72,517
34.71,1280
34.71,1673
34.65,656
34.58,2208
34.57,1716
34.51,2123
34.54,4555
34.59,7430
34.43,358
34.43,0
34.48,100
34.48,0
34.51,1874
34.56,515
34.51,706
34.51,3820
34.57,2175
34.59,321
34.61,1415
34.68,1103
34.67,674
34.66,1313
34.66,1213
34.66,0
34.6,121
34.59,2398
34.47,2909
34.54,2058
34.57,1347
34.57,546
34.59,1270
34.58,891
34.58,513
34.58,1242
34.61,371
34.64,1959
34.64,2034
34.65,2044
34.65,8374
34.64,1530
34.56,4415
34.8,2796
34.92,2513
35.03,3469
35.11,3253
35.21,4830
35.09,21204
34.97,1247
35.22,1075
35.09,500
35.11,927
35.13,527
35.08,2764
35.05,4570
35.1,3822
35.02,3116
35.06,8798
35.06,3004
35.03,2333
35.05,2651
35.09,11476
35.1,3629
35.1,4082
35.08,1298
35.09,724
35.09,315
35.13,200
35.12,800
35.11,1477
35.07,750
35.04,1300
35.01,710
35.03,2189
35.01,400
35.03,703
34.97,550
34.93,667
34.96,1297
34.93,900
34.95,1070
34.9,3042
34.79,2293
34.77,3643
34.74,4000
34.63,7066
34.62,28790
34.79,400
34.79,1100
34.8,4109
34.74,4284
34.72,700
34.65,2375
34.63,1634
34.59,4431
34.61,1988
34.55,1944
34.45,1957
34.41,2248
34.35,2050
34.29,350
34.27,3900
34.3,2007
34.3,110
34.31,400
34.28,853
34.33,2195
34.33,2000
34.37,962
34.39,2955
34.39,100
34.37,1075
34.34,1860
34.36,455
34.31,300
34.3,1280
34.28,1902
34.3,887
34.29,138
34.32,100
34.36,1049
34.36,696
34.34,1694
34.36,3086
34.36,11157
34.4,10068
34.4,0
34.47,1235
34.37,392
34.32,864
34.32,1300
34.2,938
34.17,4217
34.01,5360
33.98,2296
33.96,2004
33.83,2778
33.84,2335
33.8,2749
33.73,1706
33.74,2961
33.76,3006
33.76,2121
33.75,2270
33.76,5417
33.8,3547
33.88,3070
33.94,1946
33.99,775
34,1144
33.97,1850
33.96,660
33.93,2475
33.93,4837
33.89,2060
33.88,5035
33.86,4839
33.82,1540
33.76,6663
33.78,6099
33.76,6061
33.74,7362
33.73,1387
33.71,2081
33.75,11796
33.75,300
33.72,728
33.74,1564
33.72,3139
33.69,1029
33.61,2637
33.56,6249
33.57,3976
33.54,2589
33.58,7679
33.56,8844
33.59,4294
33.54,2963
33.51,938
33.56,3229
33.58,4385
33.54,539
33.54,2881
33.49,3604
33.48,210
33.44,3136
33.35,2677
33.28,2382
33.26,2462
33.28,3718
33.37,5026
33.33,999
33.25,10200
33.22,9327
33.14,13220
33.15,8675
33.22,2731
33.18,4349
33.17,5155
33.24,1458
33.25,3912
33.36,2311
33.53,2647
33.51,8164
33.61,500
33.59,941
33.68,1304
33.68,1301
33.66,1172
33.74,1224
33.76,6245
33.73,1738
33.66,730
33.54,285
33.59,6120
33.64,3662
33.66,1973
33.56,3038
33.57,1299
33.54,2284
33.52,1734
33.54,4597
33.48,1319
33.49,2036
33.38,2035
33.46,1098
33.45,1234
33.43,1644
33.39,720
33.39,5902
33.41,1097
33.4,1511
33.42,2883
33.46,2499
33.43,1025
33.42,1601
33.41,2275
33.46,2559
33.42,4208
33.45,1679
33.54,1224
33.66,2010
33.68,9369
33.99,1624
34.41,2322
34.59,1126
34.77,2314
34.56,1324
34.5,3265
34.55,1767
34.62,751
34.59,2337
34.48,2780
34.56,800
34.62,852
34.62,1415
34.69,1126
34.68,2222
34.68,4281
34.6,1164
34.54,4160
34.53,1202
34.57,1201
34.55,1600
34.61,1558
34.58,1173
34.57,951
34.55,801
34.51,602
34.47,1611
34.33,1988
34.3,1767
34.22,2961
34.14,3349
34.2,1961
34.15,3067
34.1,592
34.16,1215
34.27,1644
34.31,1818
34.27,1934
34.1,15236
34.37,405
34.34,700
34.47,1188
34.74,200
34.75,229
34.78,1213
34.74,300
34.72,2432
34.81,1821
34.68,2130
34.65,343
34.6,662
34.64,2169
34.63,2259
34.68,202
34.74,600
34.74,1052
34.75,760
34.73,303
34.73,986
34.74,200
34.71,405
34.73,987
34.79,200
34.79,427
34.78,859
34.78,0
34.7,920
34.66,300
34.61,205
34.61,400
34.59,260
34.63,220
34.53,103
34.47,1103
34.51,773
34.52,937
34.59,1553
34.51,5807
34.35,800
34.18,1600
34.31,1204
34.37,928
34.43,604
34.47,108
34.51,1000
34.57,308
34.62,500
34.66,820
34.79,681
34.8,588
34.86,546
34.85,1797
34.8,1521
34.79,704
34.72,1774
34.73,671
34.74,1115
34.67,829
34.74,600
34.78,744
34.77,1001
34.7,745
34.72,934
34.69,515
34.63,1273
34.57,200
34.54,623
34.56,1937
34.52,508
34.56,1163
34.52,2143
34.54,2545
34.54,1067
34.62,739
34.63,2488
34.61,1082
34.55,4844
34.67,201
34.69,400
34.68,300
34.62,445
34.55,410
34.51,303
34.63,837
34.44,941
34.51,807
34.6,520
34.62,967
34.52,400
34.46,909
34.44,611
34.46,1413
34.49,200
34.45,795
34.52,908
34.47,300
34.47,0
34.47,0
34.55,819
34.55,0
34.52,200
34.49,1223
34.49,0
34.54,200
34.55,300
34.55,902
34.52,100
34.51,687
34.53,404
34.51,315
34.53,951
34.48,358
34.46,2858
34.47,400
34.47,2553
34.5,5169
34.55,372
34.53,411
34.55,100
34.53,500
34.53,0
34.61,300
34.66,208
34.65,310
34.64,100
34.61,200
34.62,1275
34.64,1912
34.6,1919
34.68,949
34.74,108
34.8,596
34.71,100
34.71,664
34.76,2310
34.71,4762
34.68,8823
34.68,0
34.67,100
34.67,0
34.61,202
34.61,0
34.61,0
34.61,0
34.61,0
34.64,295
34.63,602
34.63,0
34.63,0
34.63,0
34.59,487
34.55,650
34.57,500
34.52,200
34.49,100
34.51,100
34.51,0
34.46,110
34.46,0
34.46,0
34.46,0
34.46,0
34.48,500
34.51,500
34.51,0
34.59,342
34.59,0
34.57,502
34.57,350
34.64,732
34.66,500
34.66,632
34.66,201
34.65,506
34.67,494
34.68,722
34.69,2983
34.72,100
34.66,200
34.66,0
34.69,100
34.69,100
34.69,0
34.71,400
34.71,975
34.67,111
34.71,791
34.72,485
34.72,0
34.73,200
34.68,505
34.68,0
34.68,0
34.68,114
34.69,569
34.69,1844
34.63,408
34.69,313
34.68,115
34.66,551
34.71,109
34.7,673
34.71,121
34.71,0
34.71,0
34.63,305
34.62,119
34.62,0
34.66,759
34.65,995
34.62,419
34.54,582
34.5,597
34.44,2101
34.47,1305
34.43,8597
34.5,100
34.57,350
34.56,400
34.56,0
34.56,100
34.59,852
34.67,132
34.56,244
34.57,300
34.7,1342
34.63,1832
34.6,550
34.52,491
34.53,399
34.51,410
34.62,100
34.66,4200
34.64,242
34.62,611
34.6,100
34.65,1345
34.64,726
34.64,399
34.66,1004
34.71,100
34.67,307
34.63,152
34.62,246
34.63,410
34.56,200
34.62,718
34.65,795
34.64,881
34.65,302
34.61,831
34.62,1248
34.58,1396
34.51,1073
34.44,8525
34.44,0
34.44,300
34.36,202
34.26,170
34.3,100
34.38,363
34.38,0
34.31,700
34.32,270
34.32,1199
34.32,104
34.28,100
34.24,685
34.25,1266
34.25,0
34.25,0
34.28,500
34.29,215
34.28,102
34.27,100
34.27,870
34.27,200
34.24,100
34.24,100
34.29,711
34.26,300
34.33,100
34.33,100
34.33,814
34.37,462
34.32,802
34.35,500
34.34,700
34.31,300
34.37,841
34.4,1887
34.41,309
34.49,1269
34.4,1968
34.45,1241
34.25,410
34.3,101
34.33,272
34.31,539
34.28,540
34.21,1500
34.18,863
34.19,1363
34.2,300
34.13,100
34.08,1343
34.1,527
34.12,1369
34.17,600
34.2,1200
34.18,710
34.23,615
34.2,101
34.15,323
34.04,1005
34,175
34.02,500
34.04,315
34,1237
34,647
34,100
34.01,101
34.02,1514
34.02,0
34.02,793
34.07,1235
34.08,1140
34.03,2935
33.87,772
33.81,1198
33.75,5265
33.78,2423
33.8,7004
33.9,200
33.83,200
33.68,1176
33.62,2575
33.56,1170
33.83,1986
33.99,969
34.01,815
34.11,600
34.19,530
34.18,1637
34.25,644
34.26,200
34.29,443
34.27,832
34.25,960
34.28,1158
34,1122
34,1241
34,1508
34.01,7355
34.03,700
34.1,1287
34.14,5169
34.14,0
33.96,1364
33.96,1249
34,698
34.02,1534
34.14,2250
34.09,615
34.1,1299
34.14,761
34.18,2120
34.13,1150
34.14,1588
34.17,1533
34.24,1768
34.2,6497
34.17,300
34.28,300
34.2,300
34.12,138
34.15,467
34.17,200
34.09,1722
33.94,520
33.96,1236
33.94,1666
33.76,4028
33.76,1268
33.78,769
33.75,1471
33.78,1009
33.74,2055
33.7,1500
33.64,827
33.64,4368
33.55,1708
33.64,1705
33.71,3171
33.62,2060
33.62,600
33.7,240
33.62,1054
33.69,302
33.77,1281
33.68,803
33.77,706
33.96,101
33.96,530
33.95,992
34,602
34.03,600
34.12,302
34.11,827
34.08,690
34.01,2305
33.89,100
33.91,699
33.94,200
33.91,370
33.8,100
33.8,0
33.77,505
33.87,2273
33.85,3896
33.84,2043
33.74,370
33.74,575
33.72,338
33.67,587
33.68,639
33.64,400
33.65,1128
33.65,0
33.54,600
33.49,200
33.47,400
33.45,590
33.44,807
33.36,400
33.46,202
33.46,429
33.43,200
33.45,782
33.46,713
33.43,479
33.4,1434
33.39,1523
33.35,2953
33.24,1641
33.06,2286
33,4070
33.14,1966
33.05,2364
33.04,10120
33.06,3169
33.45,2135
33.44,1957
33.55,2446
33.54,1857
33.48,1100
33.51,1550
33.46,1409
33.42,2340
33.41,700
33.38,702
33.37,484
33.37,504
33.29,101
33.29,0
33.31,938
33.27,1589
33.04,1223
33.04,1048
33.04,200
32.97,232
32.89,426
32.87,1089
32.91,2075
32.97,1536
33.03,698
33.11,250
33.24,269
33.18,1061
33.15,551
33.27,830
33.33,102
33.35,1714
33.36,300
33.37,544
33.38,1091
33.33,2463
33.4,3576
33.32,4288
33.55,200
33.55,0
33.55,0
33.28,200
33.12,200
33.12,0
33.11,100
33.05,420
33.13,100
33.11,100
33.13,406
33.14,395
33.15,1393
33.18,2133
33.16,2345
33.21,3637
33.21,0
33.26,504
33.28,1411
33.35,521
33.42,662
33.38,2181
33.35,2425
33.26,370
33.33,146
33.41,900
33.35,1564
33.27,605
33.27,0
33.27,0
33.37,227
33.34,104
33.39,943
33.34,880
33.29,200
33.33,451
33.35,638
33.35,1058
33.29,7820
33.09,768
33.33,3354
33.4,200
33.46,418
33.5,1703
33.51,2144
33.55,910
33.54,2911
33.51,900
33.59,1837
33.61,1137
33.64,330
33.64,112
33.64,275
33.63,300
33.63,690
33.63,0
33.63,300
33.65,279
33.64,142
33.64,0
33.64,560
33.64,0
33.67,118
33.67,0
33.67,0
33.72,309
33.72,0
33.72,0
33.73,614
33.86,219
33.84,246
33.83,327
33.86,1042
33.96,1712
33.88,1595
33.95,3344
33.79,3195
33.75,3726
33.88,200
33.91,1155
33.93,314
33.99,100
33.98,1379
34.08,300
34.16,200
34.1,857
34.08,1065
34,1414
33.93,2656
34.02,740
33.97,541
34.05,1250
34.09,610
34.04,200
33.94,838
33.94,342
33.92,700
34.05,1080
34.12,1059
34.2,300
34.1,1761
34.11,497
34.1,216
34.12,959
34.19,100
34.2,320
34.1,245
34.12,200
34.15,669
34.13,200
34.17,446
34.18,811
34.16,1109
34.17,1921
34.12,1449
34.08,2324
34.12,5827
34.21,414
34.3,499
34.33,449
34.37,300
34.24,200
34.26,131
34.14,308
34.19,514
34.13,1645
34.13,951
34.16,1583
34.32,1227
34.41,2169
34.33,928
34.32,1149
34.19,3768
34.11,594
34.15,814
34.24,4771
34.28,1372
34.26,1235
34.21,921
34.15,925
34.23,1232
34.29,1745
34.29,1494
34.3,999
34.32,1920
34.34,360
34.36,2366
34.39,2397
34.44,900
34.47,1421
34.46,3873
34.43,3669
34.42,3000
34.51,1551
34.51,4022
34.36,32868
34.36,0
34.49,100
34.58,275
34.58,0
34.68,100
34.7,233
34.71,1098
34.7,300
34.73,442
34.76,1190
34.81,812
34.74,300
34.6,597
34.6,600
34.37,200
34.34,560
34.33,873
34.41,742
34.49,605
34.58,370
34.58,100
34.6,738
34.59,614
34.6,400
34.6,300
34.59,374
34.6,707
34.61,335
34.63,1422
34.68,238
34.67,350
34.68,536
34.65,602
34.65,1155
34.6,975
34.6,1179
34.62,2565
34.56,981
34.52,11277
34.48,403
34.36,5713
34.4,450
34.46,809
34.58,1852
34.47,608
34.47,1100
34.5,728
34.49,607
34.52,2231
34.63,438
34.67,484
34.69,890
34.6,700
34.53,1000
34.51,756
34.45,2473
34.44,888
34.42,1579
34.46,1174
34.47,5018
34.56,1455
34.71,875
34.75,900
34.71,758
34.66,675
34.61,1623
34.73,1009
34.78,2565
34.8,2300
34.71,1763
34.73,2100
34.71,3127
34.89,1920
34.84,3561
34.69,3142
34.64,4180
34.7,1842
34.69,7337
34.28,900
34.28,1950
34.24,1893
34.34,800
34.18,1657
34.35,610
34.52,1468
34.49,750
34.38,6290
34.28,2534
34.27,1494
34.3,4383
34.33,3177
34.33,779
34.22,2142
34.25,647
34.18,674
34.16,1131
34.09,500
34.03,530
33.78,462
33.78,0
33.77,338
33.81,886
33.81,1254
33.86,1240
33.67,2419
33.74,500
33.78,530
33.83,200
33.89,1175
34.01,300
34.01,1100
33.99,2070
33.96,1692
33.83,863
33.89,240
33.86,646
33.92,11620
33.92,0
34.12,800
33.81,100
33.81,0
33.94,329
33.87,138
33.92,951
34,455
34.05,500
33.97,659
34.19,553
34.17,255
34.21,226
34.14,462
34.11,996
33.9,680
33.83,561
33.83,0
33.83,0
34.01,379
34.08,300
33.97,236
33.95,427
33.99,200
33.94,100
33.9,100
33.9,437
33.9,0
34,520
33.99,357
33.99,0
34.27,150
34.39,220
34.41,849
34.32,740
34.21,1192
34.15,2532
34.14,3531
34.08,5592
34.51,2200
34.65,2903
34.36,634
34.35,957
34.3,1683
34.35,1100
34.4,1711
34.5,1206
34.53,1427
34.51,3373
34.48,1369
34.54,1568
34.38,945
34.38,699
34.39,1144
34.23,3502
34.33,1801
34.28,2096
34.27,2999
34.37,2571
34.28,1393
34.27,2775
34.26,1104
34.21,756
34.21,0
34.24,797
34.27,1235
34.27,0
34.3,1500
34.22,1000
34.27,2040
34.28,1705
34.29,215
34.27,830
34.3,303
34.25,743
34.23,1362
34.32,1815
34.27,6521
34.32,100
34.37,700
34.19,350
34.16,625
34.12,1261
34.12,0
34.27,832
34.2,700
34.2,1497
34.38,3235
34.4,1480
34.39,980
34.51,711
34.51,2082
34.37,300
34.35,1625
34.41,651
34.41,400
34.43,200
34.43,651
34.47,2195
34.37,1401
34.39,100
34.41,300
34.51,403
34.57,282
34.52,100
34.5,700
34.59,1109
34.66,1100
34.66,0
34.69,388
34.72,1476
34.68,4084
34.7,627
34.66,1051
34.64,4966
34.75,1164
34.82,18229
34.8,805
34.86,261
34.85,100
34.84,325
34.79,257
34.83,100
34.79,1325
34.74,200
34.79,242
34.74,200
34.77,906
34.77,140
34.78,400
34.77,593
34.78,127
34.81,2312
34.92,1174
34.86,208
34.83,962
34.81,2236
34.81,19289
34.66,4528
34.7,800
34.7,200
34.7,1009
34.71,250
34.78,1954
34.84,1322
34.86,500
34.88,906
34.87,898
34.8,126
34.77,1474
34.79,1052
34.79,0
34.84,1757
34.84,200
34.78,1070
34.72,3249
35.08,1095
35.08,416
35.08,0
35.08,0
35.02,105
35.02,0
34.9,1684
34.94,512
34.99,503
34.92,379
34.94,1020
34.94,0
35.01,941
35.01,0
35.01,1039
34.95,600
34.93,100
34.91,1011
34.84,900
34.88,510
34.91,518
34.92,676
34.84,150
34.84,0
34.84,0
34.96,300
34.94,2262
35.01,1431
35.02,1200
35.03,1056
34.93,608
34.93,0
34.85,656
34.85,0
34.73,5544
34.89,408
34.89,262
34.82,5068
34.9,6794
35.08,1270
35.27,1003
34.9,2100
34.94,650
34.91,2067
34.9,1085
34.86,2600
34.86,0
34.86,100
34.87,1030
34.87,204
34.87,0
34.83,1325
34.85,207
34.84,1000
34.87,2422
34.87,719
34.9,1202
34.87,1774
34.84,204
34.84,0
34.85,435
34.86,265
34.83,940
34.81,1491
34.78,526
34.77,927
34.79,1183
34.84,723
34.77,200
34.73,4713
34.75,2349
34.86,6237
34.91,3318
34.92,3640
34.93,2800
34.91,4782
34.87,5277
34.79,13141
35.44,1116
35.19,909
35.21,1160
34.9,3802
35.07,2729
35.08,1643
34.93,500
34.83,414
34.69,1955
35,6830
35.06,7208
35.15,1310
35.31,4562
35.41,9213
35.3,3402
35.25,3170
35.37,1668
35.43,2101
35.54,7559
35.53,2592
35.51,1122
35.36,784
35.36,2470
35.61,2520
35.87,988
35.89,1784
35.93,16556
35.92,9574
35.89,2789
35.95,3105
36.02,3946
35.96,563
35.84,1444
35.75,2175
35.91,8754
35.79,4951
35.89,2827
35.91,2795
35.85,18292
35.85,0
36.02,400
35.94,302
35.94,0
36.15,435
36.1,473
35.87,315
35.96,200
35.96,0
35.96,0
35.81,150
35.75,625
35.72,1240
35.82,1713
35.75,799
35.82,1370
35.84,629
35.72,508
35.88,876
35.8,350
35.78,301
35.77,335
35.68,929
35.68,285
35.7,478
35.78,138
35.86,200
35.84,496
35.92,1514
35.82,307
35.81,1270
35.84,1070
35.8,760
35.81,1667
35.77,1513
35.77,1097
35.77,1268
35.74,1353
35.73,6882
35.57,1144
35.77,1000
35.9,411
35.8,829
36.12,2854
36.11,2151
36.06,3212
36.07,2800
36.01,500
36.01,1000
36.05,1167
36.15,5220
36.12,1695
36.13,2880
36.09,2388
36.09,7751
36.13,1256
36.1,2287
36.07,1443
36.11,1756
36.11,0
36.07,3052
35.97,2192
35.91,809
35.97,5130
36.07,4589
36.08,2194
36.06,916
36.04,369
36.02,3495
36.04,3069
36.03,8494
36.1,3260
36.01,4891
36.07,2285
36.08,2945
36.34,1475
36.25,1369
36.22,3979
36.47,201
36.43,714
36.43,306
36.27,1741
36.38,1219
36.22,600
36.2,636
36.08,774
36.04,336
36.13,2163
36.23,1093
36.27,853
36.27,0
36.08,213
36.05,813
36.13,100
36.13,0
36.19,834
36.17,451
36.15,100
36.08,800
36.08,1283
36.09,1198
36.15,600
36.14,603
36.19,100
36.18,2385
36.14,787
36.22,370
36.22,500
36.19,750
36.23,918
36.17,1717
36.21,1721
36.23,1450
36.26,1741
36.21,1752
36.27,1343
36.33,6003
36.28,743
36.26,942
36.36,1400
36.34,928
36.43,100
36.48,753
36.54,1822
36.52,1092
36.53,1904
36.47,800
36.49,3526
36.47,1242
36.43,2267
36.46,1071
36.38,3996
36.5,1375
36.48,1406
36.46,1037
36.41,450
36.34,700
36.38,2189
36.38,957
36.39,680
36.37,2177
36.4,2906
36.4,476
36.38,328
36.32,1314
36.41,440
36.45,200
36.48,2628
36.5,1221
36.57,3503
36.62,1727
36.53,1786
36.4,2409
36.33,1961
36.34,3260
36.42,3374
36.62,3850
36.51,1100
36.61,300
36.58,1262
36.57,627
36.32,200
36.28,765
36.28,0
36.09,962
35.99,400
36.02,200
36.09,1801
36.08,2425
36.16,500
36.31,854
36.5,1000
36.49,600
36.51,1729
36.63,1978
36.71,2559
36.74,757
36.71,1398
36.75,615
36.71,800
36.56,367
36.54,237
36.55,954
36.52,700
36.62,726
36.64,400
36.6,602
36.48,530
36.54,1222
36.5,2987
36.66,1324
36.6,2780
36.52,828
36.62,1355
36.54,4315
37.08,986
37.22,2933
37.34,782
37.26,886
37.27,1222
37.31,2110
37.11,116
37.09,2534
37.15,200
37.02,200
37.06,2784
37.1,4509
37.1,0
37.09,325
37.24,4831
37.31,3280
37.28,979
37.33,1059
37.32,1179
37.28,200
37.27,600
37.23,110
37.23,0
37.26,466
37.28,5907
37.42,648
37.44,520
37.39,900
37.37,900
37.33,887
37.33,1173
37.32,1868
37.43,2039
37.45,1626
37.41,1843
37.42,973
37.52,896
37.61,3673
37.59,8428
37.61,825
37.73,933
37.73,2447
37.77,4017
37.81,1220
37.85,1322
37.8,3939
37.86,5319
37.78,1589
37.8,5103
37.89,1436
37.89,1547
37.9,145
37.88,1184
37.94,240
38.02,897
37.98,692
37.94,2378
37.98,1055
37.98,924
37.9,475
37.91,2676
37.87,1060
37.86,3551
37.95,2777
38.05,1030
38.01,634
37.98,1335
38.05,550
38.1,1882
38.11,2635
38.16,1522
38.04,947
38.03,2642
38.05,2305
37.93,1485
37.95,878
37.97,3210
37.95,9822
38.19,550
38.01,885
37.99,1450
38.07,385
38.05,1046
38.09,887
38.08,669
38.08,0
38.21,1903
38.36,968
38.31,1011
38.3,913
38.45,1569
38.53,1029
38.49,661
38.59,3243
38.53,1210
38.53,281
38.52,1137
38.45,170
38.45,520
38.4,908
38.37,1123
38.37,0
38.38,370
38.39,500
38.36,195
38.34,2254
38.34,1276
38.4,1837
38.4,1123
38.41,2171
38.41,742
38.46,2189
38.46,1132
38.45,5520
38.41,6423
38.37,3160
38.38,11976
38.86,698
38.65,1963
38.43,3723
38.48,2261
38.38,2621
38.35,2211
38.36,3277
38.54,3045
38.74,3936
38.71,4965
38.66,2324
38.81,6932
38.9,2693
38.88,1332
38.8,1404
38.79,3799
38.93,3352
39.06,3269
39.2,2265
39.16,1557
39.2,2541
39.12,2355
39.18,811
39.11,1324
39.1,2373
39.09,1467
39.05,1950
39.05,4186
38.95,2869
38.93,4716
38.99,9092
38.91,1691
38.87,1801
38.97,700
38.86,1739
38.86,1444
38.8,2908
38.77,4094
38.78,8122
39.06,1156
39.2,728
39.16,616
39.07,1193
39.1,2576
38.95,1947
38.8,1185
38.68,1629
38.58,1457
38.56,1494
38.45,1876
38.48,1230
38.38,1436
38.42,425
38.27,1226
38.36,1801
38.38,1111
38.45,989
38.37,2172
38.34,949
38.3,1453
38.25,1377
38.37,1093
38.39,3198
38.4,808
38.5,1493
38.63,2191
38.61,588
38.57,1271
38.54,1908
38.49,1288
38.49,1360
38.47,535
38.47,1084
38.46,1098
38.41,1133
38.31,692
38.34,3030
38.23,9177
38.19,200
38.23,805
38.35,1204
38.43,1251
38.28,169
38.33,1962
38.31,1287
38.24,865
38.24,0
38.1,888
38.18,200
38.11,400
38.09,1814
38.09,0
38.15,300
38.19,113
38.27,200
38.31,346
38.21,909
38.2,2227
38.22,741
38.19,837
38.22,1231
38.2,1171
38.21,200
38.27,210
38.28,1130
38.26,1023
38.32,760
38.22,634
38.27,214
38.17,100
38.16,785
38.13,200
38.18,375
38.24,829
38.15,400
38.14,1222
38.26,6047
38.25,550
38.2,600
38.18,1629
38.16,3652
38.32,500
38.14,3816
37.96,6930
38.12,1416
38.12,847
38.11,1856
38.3,600
38.27,10794
38.29,1403
38.42,789
38.41,609
38.52,1335
38.4,902
38.37,2377
38.37,0
38.4,615
38.36,399
38.39,489
38.42,595
38.43,360
38.45,755
38.56,1021
38.54,1482
38.6,240
38.55,1650
38.55,110
38.53,490
38.5,971
38.49,1445
38.48,2984
38.47,3528
38.43,1361
38.4,1706
38.44,1221
38.35,5882
38.22,200
38.16,390
38.12,1013
38.01,515
37.89,1683
37.95,608
37.86,4340
37.86,0
37.86,1471
37.86,1302
37.87,1110
37.83,120
37.82,329
37.68,1820
37.81,2264
37.79,3853
37.89,710
37.89,0
37.76,505
37.77,1800
37.71,3066
37.8,1543
37.71,1734
37.79,920
37.86,100
37.88,1331
37.85,230
37.91,1180
37.92,3716
37.8,16659
37.86,7179
37.82,1405
37.82,3390
37.85,7950
37.84,3994
37.88,3937
37.86,4964
37.95,2620
37.95,3784
37.69,100
37.46,100
37.44,1100
37.37,600
37.24,292
37.42,2201
37.41,500
37.49,800
37.51,344
37.51,0
37.42,119
37.47,137
37.4,201
37.52,850
37.35,2490
37.43,400
37.45,600
37.48,1080
37.5,802
37.46,830
37.31,350
37.23,1172
37.32,500
37.31,550
37.31,0
37.46,994
37.55,621
37.52,218
37.47,1706
37.51,577
37.55,3176
37.45,1767
37.53,3686
37.38,3003
37.51,4759
37.53,1075
37.55,1661
37.58,816
37.63,18427
37.71,300
37.53,501
37.56,700
37.5,635
37.66,649
37.83,731
37.96,3736
37.83,4337
37.93,3065
38.14,4315
38.2,3257
38.24,1379
38.25,1665
38.29,1066
38.27,413
38.24,1571
38.18,100
38.14,3610
38.22,1908
38.29,2885
38.29,0
38.32,1259
38.24,1242
38.24,2087
38.23,969
38.29,160
38.3,100
38.29,837
38.29,2284
38.25,1113
38.26,533
38.23,668
38.2,1042
38.17,1201
38.22,5299
38.06,7104
38.22,2237
38.17,2661
38.14,8774
38.47,853
38.4,1527
38.31,1120
38.37,1142
38.27,1036
38.23,200
38.39,1700
38.43,907
38.36,1100
38.44,900
38.52,1846
38.56,693
38.61,1201
38.7,1310
38.68,2473
38.65,2287
38.52,2568
38.51,2769
38.61,3819
38.55,800
38.6,2329
38.72,1226
38.72,0
38.68,5382
38.55,1500
38.53,2576
38.5,1400
38.44,1850
38.39,1835
38.44,3839
38.34,144
38.32,1002
38.35,1844
38.46,4801
38.39,1260
38.3,1104
38.29,915
38.25,2984
38.3,10337
38.55,250
38.42,166
38.44,1351
38.6,100
38.63,1450
38.71,200
38.81,3643
38.78,1731
38.94,456
38.86,1825
38.87,10324
38.83,2227
38.76,3798
38.76,660
38.59,3233
38.65,3156
38.64,2519
38.63,2506
38.66,2211
38.73,2906
38.82,1191
38.83,3500
38.85,500
38.83,400
38.87,2487
38.94,500
38.89,746
38.93,2588
38.9,2319
39.01,4563
38.95,2735
38.87,402
38.82,776
38.8,3215
38.9,1153
38.94,2376
38.85,3594
38.75,1560
38.72,6163
38.87,880
38.64,2688
38.69,500
38.89,2502
38.96,2560
38.82,250
38.8,5849
38.84,2059
38.97,3994
38.99,2609
38.95,1400
39,1601
38.96,447
38.98,1949
39.06,2069
39.14,810
39.14,0
39.08,2795
39.06,669
39.02,348
39.04,749
39.05,761
39.08,1445
39.07,506
39.03,1621
39,100
39,2209
39,1209
38.92,489
38.94,1618
38.95,2004
39,677
39.05,1102
39.08,1183
39.07,4394
39.12,2372
39.15,1995
39.15,1012
39.06,7619
38.88,400
38.99,408
39.04,215
39.06,775
39.03,464
38.94,1762
39,2371
39.15,2312
39.15,1491
39.15,0
39.32,1391
39.37,4364
39.32,812
39.31,1517
39.25,1003
39.27,140
39.22,970
39.2,360
39.16,549
39.15,2725
39.13,2626
39.12,1575
39.14,601
39.23,627
39.32,6333
39.29,2106
39.33,1305
39.38,2971
39.37,1623
39.5,2154
39.47,4046
39.56,4090
39.52,4637
39.57,1536
39.59,6331
39.69,3025
39.66,2252
39.63,2444
39.63,6242
39.455,550
39.3,1550
39.04,2886
39.21,1000
39.15,2096
39.14,5116
39.125,2752
39.25,2133
39.14,1657
39.245,276
39.4,713
39.3,220
39.28,3601
39.21,205
39.23,2248
39.3,235
39.16,1693
39.2,1922
39.11,996
39.14,931
39.135,1276
39.02,1774
39.01,540
38.95,160
38.96,2312
38.955,650
38.97,3762
39.06,2945
39.01,4195
39.12,3402
38.89,2479
38.95,1632
38.84,1279
38.84,2512
39.15,1317
39.23,1712
39.27,4107
39,3956
38.93,11094
38.58,300
38.41,830
38.41,0
38.41,0
38.785,250
38.84,1000
38.96,798
39.16,12876
39.08,2795
39.04,2756
39.28,5114
39.27,5804
39.3,500
39.3,0
39.34,577
39.395,250
39.375,200
39.4,1089
39.42,650
39.415,5568
39.56,19994
39.665,4680
39.665,2500
39.625,1500
39.68,844
39.57,650
39.44,301
39.35,200
39.37,3291
39.55,1533
39.775,2395
40.04,1050
40.17,3980
40.25,4125
40.18,4500
40.25,3779
40.25,3440
39.73,4316
39.69,6184
39.69,0
38.74,832
38.74,0
38.615,1505
38.46,3285
38.55,450
38.84,4250
38.845,2107
38.75,1598
38.745,1978
38.97,1166
38.93,4921
38.83,2761
38.76,3133
38.83,2115
38.83,0
38.715,2381
38.755,5513
38.9,2671
39.01,3143
39.12,2329
38.965,720
38.975,1402
38.975,0
38.97,612
38.97,886
39.05,1753
38.95,220
38.92,2180
39.05,2031
39.06,3873
39.25,3802
39.29,1934
39.2,2665
39.38,9939
39.08,4534
39.11,1432
39.185,746
39.29,3159
39.33,301
39.26,2215
39.2,1354
39.06,512
39.1,700
39.15,629
39.38,1103
39.26,508
39.24,600
39.14,3200
39.11,2295
38.99,1847
39.015,4405
39.01,1301
38.99,700
38.955,816
38.965,1805
38.915,2304
39,3391
39.14,399
39.135,2151
38.985,600
38.84,1101
38.9,3308
38.99,600
39,100
39.09,1550
39.015,900
39,800
39.14,5461
39.27,2312
39.28,1802
39.435,4380
39.3,1000
39.245,1600
39.265,2053
39.25,5430
39.12,1633
39.065,5558
38.61,1612
38.4,2050
38.61,600
38.59,177
38.59,806
38.59,0
38.405,1400
38.32,100
38.34,101
38.36,200
38.21,850
38.19,926
38.345,296
38.36,1550
38.21,784
38.14,200
38.01,100
38.09,2123
38.07,600
38.09,710
37.99,1720
38,502
38.17,1600
38.075,310
38.125,2418
38.13,3056
38.13,0
37.96,1576
38,879
37.88,1215
37.89,250
37.89,0
37.92,344
37.97,8057
38,3448
37.98,16949
38.015,4701
37.915,7357
37.95,7200
37.18,575
37.21,248
37.37,557
37.34,100
37.45,792
37.6,817
37.7,3771
37.76,1321
37.7,3198
37.75,400
37.71,800
37.765,830
37.69,1533
37.775,1270
37.8,1350
37.69,1349
37.7,5830
37.725,1595
37.74,800
37.585,1224
37.58,500
37.66,600
37.84,600
37.83,600
37.83,0
37.815,325
37.72,800
37.65,537
37.71,251
37.59,200
37.66,100
37.665,268
37.64,569
37.54,202
37.53,556
37.5,619
37.53,1516
37.48,573
37.59,4234
37.59,0
36.97,3900
36.96,500
36.99,1354
36.91,2210
36.905,3827
36.91,1800
36.97,1747
36.97,1618
37.13,533
37.08,608
37.06,949
37.12,2382
37.06,1996
37.07,1720
37.06,4230
37.06,2208
36.91,772
37.03,355
37,1586
37.06,1402
37.12,699
36.98,500
36.93,400
36.89,2076
36.82,784
36.8,990
36.83,1900
36.855,300
36.85,204
36.83,3294
36.815,2410
36.875,6853
37.01,1078
37.07,2342
37.08,1793
37.015,4982
37.085,4143
37,7654
37.2,375
37.2,1800
37.255,2650
37.195,1700
37.15,1098
37.25,1100
37.23,5272
37.34,4756
37.595,1162
37.75,2465
37.59,3571
37.65,2515
37.8,1725
37.76,1939
37.845,2863
37.82,4786
37.81,610
37.79,500
37.81,2177
37.96,1227
37.98,4970
38.05,2677
38.07,2004
38.17,105
38.165,2895
38.1,3584
38.125,2599
38.045,840
38.04,1728
37.9,2375
37.9,2201
37.845,3794
37.895,7551
37.82,9236
37.82,3007
37.91,5255
37.81,2707
37.83,7134
37.87,6236
37.96,200
38.05,2705
38.02,892
38.19,2655
38.415,1635
38.335,1182
38.355,2532
38.535,920
38.605,2409
38.51,2333
38.43,3518
38.375,6195
38.365,1363
38.4,1103
38.34,1748
38.29,712
38.33,1482
38.375,1662
38.49,1650
38.43,727
38.35,2603
38.46,1242
38.44,907
38.39,1718
38.53,1646
38.49,481
38.66,1258
38.66,0
38.62,237
38.805,3519
38.73,1063
38.82,1605
38.905,4487
39.03,4733
39,6766
39.02,792
39.06,5761
38.915,2341
38.775,4633
38.395,1239
38.45,1938
38.37,4731
38.15,5095
38.39,2829
38.49,2476
38.39,2516
38.35,2162
38.35,5469
38.24,1591
38.17,1368
38.12,2709
38.135,1153
38.12,1980
38.11,1441
38.14,1356
38.05,1750
38.2,4161
38.02,4287
38.05,2316
37.96,5872
38.05,2317
38.105,5109
38.02,3745
38.05,10242
38.1,2687
38.11,2231
38.02,3024
38.02,3952
37.965,7428
37.95,2124
37.865,5614
37.84,1605
37.9,1820
37.89,2410
37.88,7025
37.9,8348
37.865,3549
37.83,17521
37.83,0
38.22,1725
38.21,405
38.22,300
38,1176
38,200
38.17,3300
38.04,975
37.965,1810
37.85,270
37.87,1109
37.85,1678
37.775,2943
37.65,1309
37.63,200
37.64,1000
37.8,3255
37.81,682
37.81,4317
37.83,783
37.825,306
37.78,772
37.78,1296
37.85,2714
37.805,524
37.8,497
37.65,125
37.675,505
37.59,433
37.57,489
37.68,2734
37.9,853
37.89,1265
37.82,1218
37.8,1089
37.85,1036
37.705,700
37.66,916
37.75,15294
38.25,206
38.38,550
38.3,2670
38.56,440
38.63,1281
38.64,1798
38.495,702
38.38,831
38.46,1125
38.61,341
38.59,1250
38.73,746
38.7,1465
38.67,102
38.47,1855
38.47,3075
38.47,2194
38.4,1914
38.43,832
38.45,2404
38.395,3046
38.25,1300
38.17,1580
38.11,810
38.16,747
38.115,4626
37.99,1932
38.08,4100
38.08,731
38,900
37.94,1892
37.93,1675
37.89,3452
38.01,1106
37.96,2737
37.825,3171
37.835,2936
37.99,1382
37.98,7131
38.24,1700
37.885,100
37.82,2554
37.83,682
37.89,2143
37.9,1888
37.8,932
37.76,1612
37.66,881
37.55,1782
37.445,1000
37.36,1608
37.37,977
37.32,580
37.32,0
37.54,6245
37.48,1001
37.55,7257
37.31,3549
37.18,1919
37.15,1731
37.06,2466
37.03,1803
37.02,3055
37.03,3341
37.05,8020
37.05,1438
36.99,1537
37.04,3388
37.015,1927
36.88,1380
36.94,793
36.93,1848
37.02,3970
36.82,3035
36.8,2428
36.7,3406
36.63,4421
36.63,22254
36.56,419
36.29,1781
36.19,2636
36.01,3237
36.12,3128
36.13,944
36.17,6145
36.17,2431
36.16,2154
36.105,943
36.11,3236
36.075,1626
36.05,2356
35.95,2245
35.95,855
35.99,781
35.99,3426
36.08,2406
36.06,1424
35.91,2013
35.905,1343
35.9,1938
35.89,165
35.93,1273
35.93,145
35.95,3006
35.77,733
35.79,2866
35.87,3607
35.8,2615
35.815,3210
35.81,5599
35.76,3488
35.74,2283
35.73,2389
35.67,3488
35.71,4128
35.75,3389
35.81,8322
35.51,3416
35.59,4512
35.84,2486
36.185,4865
36.19,7112
36.17,4614
36.115,7569
36.27,883
36.4,1901
36.45,4401
36.36,4522
36.39,8510
36.4,4830
36.32,3977
36.29,5931
36.245,5368
36.33,10669
36.21,15185
36.45,6879
36.39,3826
36.32,20675
36.34,5084
36.215,1237
36.33,2512
36.4,2097
36.17,2007
36.195,3632
36.13,3358
36.175,3511
36.24,4089
36.24,3340
36.27,4102
36.14,7800
36.2,11623
36.41,7566
36.38,6234
36.345,7360
36.29,12509
36.33,27526
36.675,3491
36.79,1311
36.69,200
36.46,11223
36.14,4917
36.14,2523
36.28,9036
36.31,4364
36.33,1280
36.41,3291
36.45,4700
36.47,116
36.64,608
36.69,7369
36.69,1303
36.67,2760
36.57,3287
36.69,4372
36.69,1672
36.675,1496
36.57,1731
36.67,882
36.73,191
36.72,1249
36.76,2388
36.66,1679
36.76,1118
36.8,1348
36.75,966
36.77,2427
36.79,5569
36.59,380
36.575,1894
36.6,1432
36.53,1776
36.39,1384
36.395,5508
36.36,6093
36.35,33266
36.98,2020
36.15,952
36.21,1170
36.32,3254
36.14,3589
36.22,3689
35.95,3931
36.15,5855
35.995,6831
36.02,8222
36.16,6227
36.19,2901
36.15,2925
36.1,2708
36,12739
35.89,3081
35.88,3113
35.81,2739
35.77,4103
35.83,4343
35.98,4666
35.825,3489
35.84,948
35.8,1610
35.9,7102
35.88,1968
35.81,2821
35.79,3699
35.72,6508
35.685,3458
35.76,2521
35.94,2975
35.9,2861
35.9,2985
35.82,2075
35.75,7441
35.6,11344
35.64,7285
35.56,16572
35.27,1400
35.21,1914
34.935,2125
35.25,4516
35.3,2960
35.33,10597
35.31,9242
35.29,3614
35.34,847
35.57,2836
35.5,3833
35.45,3700
35.36,3321
35.35,3250
35.54,2130
35.43,600
35.57,1712
35.53,1886
35.55,4130
35.45,1620
35.54,1510
35.57,7217
35.35,3486
35.36,4132
35.37,3349
35.31,3481
35.14,1245
35.25,1830
35.205,2036
35.27,3588
35.35,4877
35.45,2393
35.38,4155
35.41,2459
35.47,1998
35.5,1903
35.57,3341
35.61,6672
35.55,17364
35.8,625
35.57,3426
35.4,2519
35.4,1050
35.46,2324
35.5,1391
35.46,1566
35.45,4484
35.28,2726
35.26,1542
35.11,2829
35.085,1733
35.195,1029
35.195,1853
35.2,2842
35.24,3346
35.255,1239
35.195,1866
35.35,1936
35.41,253
35.43,1097
35.28,263
35.29,1030
35.31,725
35.35,626
35.455,640
35.45,853
35.45,0
35.36,1214
35.385,792
35.32,1035
35.34,1172
35.34,3096
35.33,1822
35.37,4839
35.465,1323
35.43,6843
35.46,3111
35.47,8920
35.245,100
35.315,100
35.42,390
35.42,0
35.42,0
35.51,403
35.565,896
35.41,2670
35.4,2149
35.3,2642
35.35,1772
35.4,1060
35.365,5873
35.3,1665
35.35,831
35.36,415
35.41,719
35.36,2281
35.38,1650
35.4,1641
35.41,1037
35.55,997
35.54,1061
35.55,1275
35.56,660
35.56,437
35.58,1340
35.635,437
35.63,912
35.66,796
35.675,1915
35.73,2577
35.72,2231
35.775,5882
35.84,3202
35.87,2047
35.84,4536
35.8,11612
35.66,10655
35.51,305
35.55,3856
35.52,3906
35.44,1339
35.35,1167
35.42,5401
35.29,1744
35.26,1358
35.31,5663
35.165,10208
35.21,2252
35.15,4684
35.18,1349
35.06,1593
35.16,3333
35.105,3892
35.075,1237
35.16,3936
35.22,2569
35.19,1730
35.13,925
34.925,1250
34.98,2277
34.94,1844
34.91,1857
34.95,1044
34.96,7214
35.02,6501
35.01,7367
34.965,6518
34.96,3239
34.87,4559
34.94,5051
34.91,1345
34.86,3410
34.88,2060
34.96,3136
34.82,5374
34.82,12845
35.32,1480
35.06,692
34.95,1311
35.04,1436
35.065,1297
35.12,1008
35.18,1260
35.23,1643
35.28,909
35.455,650
35.415,1489
35.46,564
35.5,647
35.495,2488
35.49,4218
35.585,3878
35.565,1594
35.605,1224
35.54,832
35.51,3980
35.575,247
35.56,1162
35.51,3102
35.435,1386
35.405,1843
35.445,4030
35.4,1474
35.4,0
35.27,4167
35.35,1303
35.23,2242
35.24,3326
35.165,2228
35.1,1195
34.97,1885
34.9,984
34.915,3626
34.96,3557
35.12,5217
35.38,2024
35.6,1000
35.7,786
35.69,4753
35.45,7717
35.61,1914
35.66,3633
35.68,4144
35.7,3523
35.67,1082
35.76,10201
35.795,6624
35.61,10260
35.65,2029
35.74,1485
35.73,1669
35.8,635
35.775,1347
35.68,16939
35.805,4446
35.91,639
35.94,4092
35.89,3294
36.07,5347
35.96,1980
35.93,1603
35.97,1953
35.96,4810
36.11,609
36.07,4664
36.02,4743
35.99,9776
36.045,4074
36.05,1578
36.15,600
36.255,2338
36.14,11483
36.21,14856
36.15,4269
36.235,5976
36.39,3626
36.27,1913
36.16,2209
36.09,821
36.11,314
36.185,1548
36.35,1122
36.34,936
36.38,3162
36.385,2004
36.46,4400
36.35,3418
36.385,1048
36.44,7092
36.42,3415
36.49,3014
36.4,605
36.39,1906
36.37,1806
36.355,710
36.42,4777
36.45,3334
36.48,869
36.44,811
36.36,400
36.35,1467
36.35,917
36.42,1438
36.33,850
36.335,516
36.35,1649
36.35,608
36.33,1589
36.43,4780
36.44,2523
36.4,5323
36.42,3993
36.42,12887
35.77,112
35.77,0
36.04,1200
36.1,1367
36,368
36.065,500
36.12,1091
36.355,1641
36.36,8850
36.36,0
36.39,114
36.4,314
36.4,2977
36.34,1412
36.25,1028
36.29,500
36.29,0
36.25,100
36.22,1200
36.325,1350
36.33,893
36.415,1015
36.44,367
36.46,2780
36.36,717
36.43,498
36.38,710
36.38,1407
36.34,1402
36.335,1400
36.3,911
36.37,938
36.43,3105
36.4,4107
36.36,3111
36.32,3422
36.35,12457
36.405,2494
36.47,3208
36.47,0
36.63,200
36.63,0
36.63,0
36.54,118
36.525,370
36.53,517
36.475,554
36.475,0
36.54,3984
36.545,2845
36.43,1942
36.35,650
36.345,1292
36.42,405
36.475,300
36.47,2058
36.465,1561
36.43,4162
36.42,870
36.42,723
36.445,1155
36.355,1790
36.32,499
36.375,1036
36.34,210
36.38,2637
36.41,1272
36.41,1500
36.48,2190
36.43,100
36.415,1370
36.375,2696
36.34,2781
36.22,3355
36.22,2533
36.2,4165
36.195,6595
36.14,13168
36.14,0
35.89,480
35.84,2511
35.71,2406
35.79,6021
35.82,338
35.85,956
35.92,2647
35.84,5558
35.79,3326
35.79,1512
35.91,3264
35.98,2747
35.94,6883
35.94,964
36,4594
36,1685
36,4062
35.965,100
35.91,481
35.9,199
35.9,1271
35.84,730
35.79,5180
35.84,1847
35.91,797
35.9,1459
35.9,0
35.93,2875
35.99,320
35.98,994
35.92,1899
35.86,338
35.84,732
35.87,8402
35.97,7412
35.98,7793
35.78,29077
35.8,24464
36.48,440
36.55,3319
36.62,1183
36.75,3325
36.74,874
36.685,4921
36.56,3266
36.6,1811
36.56,3586
36.69,594
36.66,4792
36.67,3569
36.7,2812
36.78,2938
36.72,2239
36.68,4444
36.62,5909
36.71,1954
36.72,3149
36.78,6234
36.85,306
36.82,1360
36.785,822
36.735,1240
36.695,1478
36.66,622
36.72,929
36.68,919
36.675,4038
36.695,1560
36.65,2852
36.595,1424
36.56,4085
36.52,1741
36.48,1206
36.515,2809
36.54,2322
36.685,1588
36.62,6606
36.49,1038
36.555,1500
36.68,1723
36.77,3227
36.65,1543
36.58,2107
36.47,1602
36.42,1276
36.37,4997
36.32,1296
36.28,2624
36.205,4553
35.995,3192
35.975,4199
35.95,3273
36.04,2291
36.17,1873
36.2,3210
36.14,2142
36.13,942
36.28,260
36.32,1761
36.33,1027
36.31,589
36.295,2016
36.42,2431
36.45,1301
36.5,1990
36.46,1120
36.46,3057
36.42,666
36.47,1549
36.545,104
36.55,1459
36.615,3128
36.6,1411
36.695,503
36.71,3407
36.66,14540
36.67,100
36.745,898
36.84,1623
36.88,2285
37,771
37,1498
37.07,393
37.02,4999
37.015,2482
37,100
36.97,320
37.06,400
37.06,563
37.04,142
37.06,1157
37.01,405
36.95,539
36.96,100
36.97,338
36.97,0
36.97,0
36.95,651
36.96,523
36.96,200
36.975,1075
36.88,1458
36.91,1040
36.96,2393
36.9,908
36.9,0
36.9,1288
36.87,533
36.85,1922
36.81,1619
36.77,1244
36.79,540
36.76,805
36.65,873
36.59,4127
36.45,121
36.45,433
36.53,100
36.53,0
36.405,1041
36.39,1581
36.5,2743
36.48,753
36.46,125
36.44,3550
36.41,1292
36.38,1159
36.31,2166
36.41,447
36.41,700
36.45,3139
36.51,2830
36.63,507
36.65,3671
36.71,1850
36.79,3690
36.71,2161
36.74,1049
36.84,810
36.76,320
36.65,391
36.69,215
36.72,200
36.67,2498
36.705,836
36.65,1145
36.735,664
36.72,5080
36.7,1450
36.69,612
36.695,2548
36.71,6209
36.71,6382
36.72,7770
36.75,100
36.75,0
36.845,458
36.89,557
37,381
37.125,398
37.05,915
37.11,875
37.105,454
37.065,143
37.15,1331
37.065,476
37.04,398
37.04,0
37.04,0
36.98,897
37.02,602
37,385
37.03,1195
37.1,432
37.18,774
37.13,1676
37.22,100
37.22,535
37.16,487
37.13,546
37.13,0
37.13,0
37.14,653
37.065,320
37.09,641
37.1,345
37.09,454
37.13,858
37.13,1869
37.2,1754
37.18,2858
37.19,2289
37.22,8024
37,129
37.13,138
37.18,1018
37.24,923
37.18,499
37.09,798
37.11,2293
37.1,2325
37.07,2079
37.07,8091
36.915,5347
36.99,3108
36.99,845
36.97,1994
37.01,1115
36.91,1209
36.955,730
36.95,3860
36.995,4727
36.995,1397
37.01,3122
37.02,911
37.07,2104
37.1,3335
37.02,2522
37.02,1311
37.03,2509
37.07,4065
37.185,4150
37.17,3650
37.145,2507
37.12,5627
37.1,4191
37.19,1730
37.2,1525
37.11,491
37.08,290
37.08,7035
37.1,5095
36.92,500
36.9,1000
36.81,1650
36.77,1007
36.635,1112
36.56,311
36.58,1072
36.51,983
36.63,2143
36.64,700
36.685,431
36.695,1107
36.625,1517
36.7,700
36.69,664
36.69,550
36.72,1805
36.79,2460
36.64,700
36.56,2091
36.54,800
36.5,290
36.545,300
36.46,1693
36.54,600
36.57,342
36.57,1978
36.51,1509
36.48,2656
36.51,160
36.455,1744
36.5,464
36.47,238
36.455,838
36.42,1344
36.385,1228
36.37,5772
36.32,6280
36.3,13307
36.3,0
36.3,0
36.395,494
36.405,996
36.42,3472
36.44,100
36.38,724
36.42,3980
36.36,700
36.415,440
36.46,1017
36.33,500
36.43,106
36.48,3637
36.48,1362
36.605,400
36.57,419
36.61,200
36.61,0
36.67,139
36.75,402
36.64,317
36.49,645
36.49,0
36.49,0
36.52,100
36.56,400
36.56,0
36.52,414
36.52,155
36.53,677
36.5,200
36.44,315
36.44,300
36.43,100
36.415,209
36.39,2825
36.47,966
36.415,5678
36.39,100
36.59,400
36.73,453
36.73,0
36.76,221
36.83,188
36.84,424
36.86,723
37.01,308
37.01,0
37.06,446
37.05,994
37.05,372
36.98,263
36.98,0
36.97,247
37.02,1292
37.02,0
36.92,325
36.89,512
36.88,466
36.89,1871
36.89,0
36.92,470
36.94,1960
37.03,1957
36.89,338
36.87,723
36.875,820
36.875,1675
36.88,2110
36.865,1734
36.86,1251
36.83,753
36.75,592
36.735,2759
36.74,3942
36.69,2455
36.69,8848
36.74,100
36.67,676
36.65,3276
36.72,110
36.71,781
36.77,242
36.78,751
36.72,701
36.68,951
36.63,867
36.64,1619
36.55,743
36.57,614
36.6,1446
36.59,454
36.53,1193
36.52,372
36.43,448
36.42,2654
36.3,2126
36.33,2146
36.21,729
36.22,584
36.2,1664
36.28,2080
36.35,972
36.28,2743
36.27,736
36.28,508
36.18,138
36.22,597
36.205,679
36.165,1236
36.24,1798
36.14,3276
36.21,7116
36.225,2590
36.1,3342
36.075,11685
36.075,0
36.075,0
36.075,0
36.075,0
36.49,200
36.49,0
36.49,0
36.275,612
36.275,0
36.37,740
36.34,1140
36.45,4649
36.43,504
36.34,639
36.37,1656
36.42,610
36.43,2481
36.33,3355
36.32,410
36.3,5246
36.315,844
36.23,578
36.23,0
36.23,229
36.275,138
36.25,103
36.26,438
36.23,540
36.22,748
36.175,683
36.22,1011
36.2,297
36.14,246
36.105,900
35.93,2270
35.92,1331
35.975,1387
35.98,3112
36.005,5269
36.155,300
36.155,0
36.155,0
36.155,0
36.085,100
36.07,100
36.07,0
35.995,158
36.045,300
35.98,201
36,220
35.97,418
35.97,0
35.93,200
35.93,0
35.93,0
35.93,0
35.88,300
35.875,1022
35.955,1618
36.035,217
36,861
36,0
35.87,745
35.85,1192
35.855,1271
35.83,1661
35.995,276
36.03,844
36.03,0
36.065,602
36.01,1976
36.02,201
35.93,604
35.99,1089
35.99,1708
35.98,1944
35.96,1671
35.89,8994
35.915,100
35.78,176
35.9,340
35.81,100
35.795,124
35.795,0
35.825,200
35.94,161
35.955,789
35.96,660
35.94,505
35.99,1387
35.95,2092
35.98,184
35.98,0
36.08,100
36.08,0
36.01,603
36.045,418
36.08,100
36.09,1306
36.24,1214
36.22,200
36.22,0
36.18,100
36.15,1065
36.225,128
36.21,2609
36.17,533
36.155,300
36.31,200
36.32,416
36.3,440
36.23,1240
36.325,3276
36.3,907
36.25,1438
36.25,2471
36.18,1478
36.335,200
36.35,100
36.35,0
36.18,657
36.26,988
36.395,1016
36.39,1149
36.38,1025
36.415,1483
36.335,1545
36.31,1110
36.315,1670
36.335,1240
36.335,382
36.35,158
36.365,1395
36.35,1028
36.26,237
36.275,916
36.275,0
36.15,156
36.19,1670
36.21,678
36.185,1820
36.23,1570
36.23,0
36.055,616
36.055,0
36.07,241
36.02,125
36.02,594
35.915,230
35.925,200
35.925,712
36,829
35.99,879
35.96,2361
36.03,701
36.02,2737
35.91,200
35.77,476
35.77,0
35.77,0
35.59,592
35.59,350
35.63,217
35.62,568
35.62,0
35.64,100
35.61,300
35.57,338
35.49,250
35.525,592
35.53,138
35.5,100
35.5,223
35.46,300
35.46,0
35.46,459
35.48,610
35.47,100
35.47,363
35.45,141
35.47,138
35.47,0
35.47,0
35.57,325
35.53,569
35.56,795
35.57,400
35.6,1149
35.54,1321
35.41,724
35.4,1240
35.4,1297
35.37,1537
35.41,982
35.375,5748
35.63,20343
35.69,2525
34.92,3148
34.55,21128
34.125,3884
34.03,9708
34.38,23236
34.33,6552
33.99,6769
34.27,11784
34.26,20588
33.79,7665
33.74,13396
33.6,23860
33.74,6353
34.245,3671
34.605,10674
34.73,24206
34.54,8691
34.36,17058
33.84,8714
34.03,9092
33.99,8618
33.92,20255
34.11,6497
34.45,10991
34.56,26254
34.49,4077
34.585,4327
34.4,2524
34.46,27092
34.28,16305
34.34,9203
34.49,10076
34.575,9959
34.47,11233
34.61,13350
34.53,11553
34.64,20182
35.47,629
35.65,1174
35.69,415
35.69,0
35.76,606
35.825,203
35.825,0
35.65,616
35.795,709
35.76,305
35.845,1055
35.85,772
35.85,0
35.95,3620
36.085,1177
36.055,992
36.165,1610
36.185,331
36.15,686
36.11,477
36.06,100
35.93,405
35.94,3163
35.895,983
35.99,1931
36.01,2466
35.87,603
35.92,210
35.94,270
35.94,0
35.95,1185
36,551
36,0
35.91,810
35.965,2144
35.87,916
35.865,538
35.93,1067
35.915,6423
35.77,800
35.46,501
35.46,0
35.695,500
35.62,203
35.61,851
35.69,286
35.75,6652
35.73,6658
35.69,739
35.82,626
35.88,1126
35.83,217
35.82,502
35.91,259
35.91,300
35.97,510
36.015,1009
36.04,2149
36.21,507
36.14,1239
36.215,306
36.25,1521
36.25,527
36.33,300
36.33,0
36.26,520
36.34,450
36.33,100
36.38,2276
36.26,323
36.17,215
36.17,1016
36.16,650
36.185,278
36.18,1091
36.21,400
36.27,601
36.34,3367
36.21,500
35.905,1487
35.93,1104
35.91,682
36,1438
36,0
35.9,495
35.875,556
35.76,777
35.81,354
35.4,644
35.395,1276
35.305,738
35.22,405
35.15,610
35.17,100
35.225,200
35.27,100
35.22,200
35.24,100
35.22,100
35.25,226
35.34,1108
35.28,1012
35.33,372
35.26,100
35.435,3030
35.55,300
35.61,358
35.65,500
35.64,100
35.66,591
35.55,319
35.55,301
35.51,5590
35.46,2183
35.59,7090
35.5,4014
35.61,9073
35.61,0
35.77,400
35.94,100
36,100
35.77,1166
35.82,523
35.96,238
36.01,672
36.01,0
36.11,200
36.06,338
36.17,1226
36.15,801
36.23,200
36.28,954
36.33,541
36.29,878
36.39,100
36.42,220
36.3,702
36.25,6936
36.18,1225
36.17,308
36.155,669
36.21,378
36.15,230
36.16,209
36.14,682
36.15,309
36.21,776
36.32,385
36.27,892
36.24,553
36.22,1492
36.32,800
36.34,406
36.35,2159
36.4,2146
36.47,6054
36.605,260
36.76,956
36.71,552
36.63,564
36.85,300
36.88,268
36.99,500
36.86,573
36.82,421
36.91,215
36.88,100
36.87,276
36.91,1275
37.06,1304
37.13,630
37.15,667
36.95,303
36.91,2497
36.86,5335
36.91,4244
36.82,1393
36.7,1243
36.7,0
36.75,300
36.685,2242
36.58,13339
36.61,2450
36.59,1030
36.64,2734
36.63,528
36.6,4061
36.575,3178
36.61,6182
36.7,5104
36.915,3547
36.96,1919
36.92,1612
36.98,12105
37.19,18515
37.135,454
37.135,0
37.135,0
37.04,100
37.04,0
37.16,100
37.23,174
37.23,0
37.23,242
37.25,100
37.25,324
37.435,4568
37.4,447
37.43,1051
37.44,228
37.4,514
37.495,3327
37.5,1887
37.43,1125
37.205,200
37.13,613
37.055,649
37.055,0
37.09,472
36.93,1388
37,2095
37,3914
36.915,5686
36.965,5808
36.935,4059
36.84,4879
36.875,2128
36.665,1499
36.87,4433
36.9,6690
36.89,3772
36.83,1649
36.81,2365
36.9,8842
36.975,330
36.87,638
36.805,2244
36.765,700
36.77,500
36.825,400
36.75,400
36.765,1038
36.9,572
36.91,3238
36.83,4253
36.755,900
36.78,2438
36.71,1412
36.65,100
36.65,0
36.56,302
36.56,100
36.55,535
36.4,224
36.37,243
36.35,609
36.43,916
36.54,5018
36.555,8338
36.51,783
36.51,0
36.49,615
36.56,1200
36.59,301
36.595,493
36.6,2443
36.56,5814
36.51,1139
36.62,984
36.63,6623
36.59,5174
36.74,3844
36.76,9014
37.03,1202
37.13,2400
37.2,841
37.155,1026
37.125,543
37.145,376
37.155,1336
37.29,1001
37.29,1956
37.21,2316
37.3,4370
37.42,931
37.45,1974
37.395,540
37.4,450
37.45,1725
37.5,808
37.485,1270
37.44,1075
37.35,1294
37.33,281
37.32,726
37.33,1630
37.46,1671
37.42,1851
37.44,2094
37.47,1408
37.48,776
37.5,3311
37.46,686
37.41,2003
37.36,847
37.41,1604
37.445,1268
37.4,3405
37.43,4709
37.41,5312
37.38,12714
37.42,8175
37.47,2985
37.475,530
37.64,1362
37.825,413
37.86,100
37.86,1029
37.865,100
37.865,0
37.785,644
37.785,0
37.86,200
37.885,812
37.72,200
37.73,739
37.8,410
37.82,1698
37.82,643
37.775,920
37.81,106
37.81,1111
37.885,801
38.02,1654
38.07,870
38.09,200
38.06,442
38.055,310
38.05,2782
38.025,2121
37.78,1568
37.885,575
37.94,550
37.975,154
37.955,220
38.05,1259
38.12,1851
38.13,1130
38.1,1755
38.085,3185
38.09,2313
37.93,105
37.97,826
38.14,300
38.22,3236
38.005,1415
38.01,3649
37.98,3659
37.96,1095
37.855,838
37.92,7055
37.91,333
37.93,409
37.83,1392
37.96,527
37.89,600
37.85,475
37.87,3264
37.92,1456
37.95,2035
38.11,979
38.185,565
38.25,1045
38.295,712
38.19,532
38.26,1223
38.315,880
38.23,1329
38.19,510
38.17,2744
38.17,3014
38.08,500
38.18,1385
38.315,3787
38.29,1845
38.29,2859
38.32,3986
38.325,4427
38.33,8202
38.355,10709