637.55,0
637.55,1437
637.55,0
640.29,555
640.01,586
643.03,746
642.97,456
642.14,100
643.56,277
643.56,0
644.37,551
644.64,623
647.01,245
647.61,802
648.41,331
648.95,246
647.16,131
647.18,674
647.82,759
647.82,0
648.01,414
647.23,1575
649.81,1299
648.94,548
648.82,614
648.51,415
648.33,468
649.68,427
651.25,2143
653.12,2185
652.97,960
652.7,1174
652.38,2379
652.7,2576
652.76,681
652.43,2114
652.89,1553
652.89,1881
652.25,3990
650.49,608
649.89,336
650.87,1380
649.83,825
649.64,4820
652.25,591
652.87,103
652.05,470
653.18,747
654.23,546
655.85,161
655.84,623
655.84,0
654.86,793
655,1793
654.91,674
654.96,328
655.49,143
656.41,239
655.85,414
656.13,489
656.98,1336
658.47,260
658.82,900
658.88,713
660.09,550
660.09,0
659.87,639
658.67,425
657.98,590
657.16,681
657.71,244
658.19,602
657.88,100
658.01,709
657.53,447
657.47,1263
656.19,1531
656.32,3652
650.02,243
651.87,1829
652.56,1487
654.18,804
653.1,1232
652.93,2004
652.69,401
652.69,0
651.16,621
652.77,1508
654.06,1174
652.73,746
652.31,1302
652.31,0
652.69,118
653.16,833
652.26,411
653.72,359
653.24,505
654.59,516
654.27,511
654.09,968
652.86,220
652.86,0
648.85,535
648.91,697
649.81,200
649.18,233
649.18,0
649.52,301
650.2,143
649.18,201
649.52,144
649.82,460
650.21,611
648.97,930
648.04,1016
648.66,3382
648.56,11407
648.66,786
643.97,389
642.69,520
644.32,203
644.31,1551
644.67,443
645.92,1530
644.59,611
646.51,151
646.19,456
647.07,273
647.53,501
648.05,212
647.68,273
648.47,500
649.85,643
651.26,567
651.26,0
653,471
652.87,200
652.87,0
651.2,107
651.89,572
652.7,481
653.09,102
653.85,370
653.97,346
654.22,104
653.8,512
653.8,0
653.54,412
653.66,516
653.45,775
653.6,345
653.81,536
655.35,1014
654.89,621
655.82,2297
652.45,2399
650.34,102
655.22,500
654.22,854
654.22,0
646.09,572
647.84,210
648.89,366
646.34,329
648.14,100
646.5,246
646.5,0
645.13,693
645.74,746
645.7,212
646.18,453
646.18,0
647.24,207
648.38,100
648.18,480
649.04,246
650.16,224
649.58,340
649.77,300
651.14,238
650.78,133
650.67,113
650.7,581
651.97,772
651.97,0
651.91,299
652.25,341
649.38,403
649.38,0
647.91,434
648.84,405
648.05,1011
648.58,304
649.67,981
650.64,5294
655.68,207
656.28,200
664.02,511
662.58,709
662.58,0
663.73,983
664.06,1248
663.87,243
665.56,133
665.77,919
664.74,344
663.88,200
663.88,0
665.73,530
665.73,0
665.73,0
666.44,443
667.7,141
666.67,323
665.63,303
665.63,0
665.63,0
665.63,0
664.31,315
664.33,174
664.27,117
665.6,212
664.3,100
664.13,738
664.44,100
664.46,787
665.93,784
666.42,740
666.08,876
665.59,1076
666.29,1873
666.47,1301
665.76,572
664.4,4340
659.8,893
658.21,513
659.99,100
660.96,1343
664.01,548
662.35,130
662.57,100
663.21,314
663.21,0
664.94,138
664.94,0
665.27,138
666.32,301
664.97,345
663.98,643
663.54,692
662.13,768
662.7,879
664.67,591
665.02,403
664.62,636
665.24,106
665.3,745
664.72,560
664.97,231
664.74,605
664.51,670
665.22,557
664.15,411
664.53,1081
664.26,1148
662.65,762
663.13,1429
662.7,890
662.5,1364
661.68,1903
662.21,1216
660.44,1208
660.96,5650
659.18,2145
661.05,108
659.33,306
660.6,1501
663.26,994
664.94,100
666.06,1089
665,243
665,0
664.89,3486
663.92,1542
662.4,900
663.57,1158
663.24,1122
663.13,911
663.27,1619
663.36,1099
663.18,300
662.99,1407
661.71,1126
661.36,900
662.05,414
662.56,212
662.23,893
661.95,318
662.33,1148
663.31,1436
662.97,546
663.13,681
663.11,736
662.09,354
662.73,964
662.73,0
662.9,578
662.26,696
661.36,1110
661.31,1947
661,4274
659.43,6635
660.92,143
656.56,100
659.39,264
661.12,735
661.99,482
663.32,813
665.31,386
666.9,974
665.53,709
666.71,521
668.8,115
669.47,633
670.49,334
668.02,665
668.7,138
669.16,181
669.7,524
670.46,107
670.73,223
670.89,371
670.54,421
669.03,481
669.51,426
669.51,0
669.51,0
669.51,0
669.51,559
669.79,829
670.65,552
670.61,557
670.74,710
670.55,338
670.75,497
670.71,1424
669.92,100
670.48,492
671.21,943
671.07,530
670.27,2988
672.18,622
674.92,101
674.92,0
674.92,0
674.92,0
675.73,139
675.53,356
675.35,1037
675.07,407
675.07,0
675.17,204
675.26,149
675.26,0
675.26,0
673.95,508
674.77,129
674.77,0
675.66,1008
674.12,340
674.19,774
672.15,372
672.28,465
671.42,840
669.98,527
669.52,749
668.98,568
668.75,754
667.95,13893
669.42,631
668.79,759
668.73,300
668.81,512
669.47,1910
669.44,1085
669.43,856
669.89,1435
668.29,2202
669.74,3724
669.77,4665
667.08,302
665.11,1444
662.95,161
663.64,366
664.5,688
665.49,521
666.51,507
667.9,435
668.7,337
667.81,614
667.66,200
667.56,299
667.81,422
667.06,100
666.87,844
666.93,904
666.47,532
667.59,108
669.52,243
669.52,0
669.53,474
669.53,0
670.31,411
670.29,338
669.83,554
669.2,695
669.52,639
668.81,101
668.81,0
668.17,100
668.64,100
668.43,381
669.36,235
669.34,368
669.76,572
668.51,572
668.55,427
667.86,1034
669.18,3678
674.54,431
678.52,245
678.52,0
676.96,203
677.53,241
678.05,647
676.4,1059
677.56,451
677.31,1275
676.08,392
675.91,326
675.74,657
675.49,101
675.8,539
674.6,108
673.98,944
674.33,512
674.97,105
674.86,888
673.88,645
672.63,347
672.63,0
671.15,332
671.75,543
673.12,400
672.59,657
672.59,0
672.59,0
673.56,301
673.43,329
672.92,356
673.19,177
673.13,210
674.52,592
674.24,695
673.53,459
673.28,781
673.04,723
672.17,6307
674.66,318
669.69,329
669.26,204
674.04,743
672.31,408
671.28,153
671.33,1219
670.04,1004
671.43,409
672.91,581
670.05,632
669.41,1184
669.69,480
669.69,0
670.81,552
670.74,1593
670.61,512
670.66,175
669.68,142
669.88,201
670.2,337
670.09,202
669.71,337
669.33,222
670.18,234
670.98,168
670.98,0
669.8,511
669.8,0
671.43,211
672.75,147
672.75,0
672.85,777
673.5,514
673.44,354
673.54,896
674.26,1612
672.31,2513
673.06,9038
677.46,550
677.58,917
679.44,1265
680.56,868
680.56,0
682.8,1366
683.08,1043
683.08,0
683.13,488
683.73,393
684.55,397
684.71,1067
684.62,1396
685.21,687
684.28,980
684.56,307
685.49,100
685.34,329
687.13,927
686.87,931
687.7,324
687.7,406
687.75,516
687.11,145
687.79,2226
689.39,2278
689.41,1220
689.46,1309
689.13,1263
688.29,1437
688.06,1503
687.81,596
687.61,335
687.27,247
687.15,408
686.94,817
687.9,1616
688.21,2880
691.21,8352
686.78,1984
688.4,2344
688.9,841
689.31,1508
692.3,1089
694.85,665
695.45,1964
693.58,472
697.2,710
699.66,658
699.95,674
700.07,764
700.52,2350
699.94,928
699.62,786
699.32,828
699.3,1068
699.49,1346
700.94,1658
700.99,2826
702.61,412
702.1,323
702.27,1157
703.32,623
702.98,1839
702.57,242
703.8,554
704.77,511
704.59,254
704.59,0
705.51,404
706.64,472
705.79,445
706.32,1422
705.52,1718
706.37,1448
707.85,2733
708.56,3103
709.24,7505
710.91,474
710.64,757
709.38,1300
708.75,1727
708.39,967
709.85,1331
710.47,1335
712.75,875
713.06,1155
713.64,1106
714.65,1076
715.62,652
716.39,2295
717.15,256
717.88,520
717.85,610
717.15,3771
715.63,665
714.27,538
712.99,660
712,658
712.31,403
712.42,2307
712.46,396
712.1,1201
712.13,1041
713.27,655
713.7,1248
713.93,1838
715.61,2252
716.23,1137
715.78,1223
715.6,1700
716.69,1340
714.03,1722
713.06,2590
714.59,2913
715.23,3046
717.21,9720
717.48,424
723.24,1085
724.67,1710
724.45,1256
726.75,1338
726.93,1936
729.31,1211
730.93,493
731.58,856
733.7,1002
733.09,1538
734.93,1182
732.07,779
728.61,1066
730.84,320
730.81,725
730.64,306
730.65,648
727.83,169
726.72,1291
725.38,928
724.01,1057
724.42,842
725.44,1437
723.13,1133
723.3,664
721.93,530
721.14,1726
723.6,1699
726.73,227
728.29,1040
728.29,0
728.29,0
725.28,1839
725.73,1916
725.69,1595
726.56,1681
726.39,2467
725.07,8458
728.96,1373
733.21,1362
736.89,1528
733.93,561
734.79,1168
737.11,705
734,778
732.84,307
733.28,478
733.53,1214
734.73,2021
733.29,221
731.32,315
734.88,100
735.28,1173
734.18,441
735.67,746
736.85,908
738.24,518
739.85,991
741.54,437
740.51,333
741.62,864
741.77,1193
740.35,752
740.73,1315
742.37,500
742.65,1162
743.05,2387
744.2,781
742.99,506
742.39,910
743.2,201
742.71,1025
742.46,1103
742.59,785
743.7,1447
742.63,412
743.79,3413
745.4,557
744.2,1089
744.45,650
743.44,435
740.85,332
740.58,1394
740.91,721
742.31,803
741.23,785
742.09,211
739.63,606
737.82,1123
737.55,859
739.24,1230
738.61,318
740,640
738.81,1155
739.72,822
738.34,785
740.37,990
740.37,0
742.05,470
742.31,356
742.6,1720
742.02,322
740.66,630
741.93,524
738.78,938
741.93,1414
740.44,335
740.66,210
740.9,1049
741.22,1157
741.29,350
741.92,365
741.75,504
742.31,399
739.83,1706
739.58,4131
737.15,1665
739.02,1667
741.77,659
739.93,601
744.08,300
745.04,1736
744.11,823
745,977
743.04,101
744.03,609
745.92,683
746.19,300
746.58,1652
747.6,910
749.22,900
749.15,587
749.15,0
750.86,300
750.87,1057
751.12,1313
752.73,307
752.73,0
752.86,404
752.51,400
750.96,870
752.51,720
753.32,500
753.4,1110
754.41,514
754.08,3131
754.13,768
752.95,838
752.54,634
752.25,335
751.25,1241
749.72,1101
749.02,1354
747.87,2366
749.63,8667
744.04,952
743.9,871
746.02,643
744.37,385
742.94,927
744.23,1522
742.4,851
741.19,4875
741.22,2073
741.81,2506
743.51,1009
741.92,1943
741.98,415
740.78,612
741.56,371
741.71,389
741.2,618
742.82,1633
742.98,823
741.98,415
742.38,625
741.39,1380
742.08,813
742.28,100
741.92,249
741.76,102
742.02,1213
742.01,1210
741.28,344
740.98,689
742.1,510
742.54,830
742.57,888
742.04,1112
742.04,0
741.95,245
742.15,459
743.23,210
743.69,6346
739.62,2696
743.1,1429
743.2,1503
743.27,258
745.2,1920
744.85,315
745.64,602
745.29,633
746.52,887
748.7,643
748.61,339
751.28,100
751.48,408
750.3,252
749.02,800
749.66,666
749.59,193
748.92,729
749.97,103
750.19,264
749.86,400
749.72,100
749.72,0
750.12,119
750.3,100
751.02,354
749.91,301
749.91,0
749.79,444
749.62,1010
748.53,809
748.92,338
749.1,438
748.77,553
748.82,1035
747.6,400
748.46,1655
749.05,2033
749.72,8299
746.68,700
745.75,1104
748.44,645
744.65,3143
741.98,622
745.03,287
745.59,1363
746.68,386
746.78,1012
745.34,1074
743.7,694
741.4,2231
741.9,586
741.88,494
743.39,366
742.57,651
742.5,667
740.12,349
740.6,120
741.08,201
740.32,566
740.9,100
740.57,363
740.76,300
740.04,905
739.89,477
740.23,959
737.02,1424
737.73,284
736.92,200
736.92,0
737.63,100
737.73,364
738.3,300
737.15,228
737.86,240
737.54,693
738.27,2313
737.14,2555
736.48,610
742.74,3445
739.66,500
739.95,973
739.23,1416
741.37,223
740.28,540
739.58,1828
739.58,0
741.31,826
740.78,1322
739.89,1066
739.61,297
740.61,470
741.1,1888
740.47,8608
742.32,199
741.44,846
742.82,1335
745.93,706
745.97,1699
745.05,1484
744.8,2598
744.08,2701
743.41,1075
742.82,784
741.89,1588
738.43,23813
739.81,1858
735.73,1517
736.66,844
736.02,791
737.38,1718
737.78,3254
738.68,2937
739.4,5963
740.93,8993
740.58,2397
737.85,6502
737.4,212
743.24,1674
739.21,417
737.6,1044
736.46,810
736.55,685
738.04,1526
739.94,1193
740.26,1019
741.37,903
740.91,3712
741.22,2284
742.14,3752
741.31,1472
742.59,1273
740.46,1297
741.11,267
740.11,507
739.23,798
739.48,1919
740.08,2171
740.23,1452
741.23,1945
740.67,2501
740.22,3699
737.74,472
736.13,813
735.49,1342
736.49,1371
737.33,1321
739.24,1483
740.46,1919
741.43,1169
740.91,2533
740.92,774
741.54,961
739.27,1544
738.92,1608
742.25,5637
738.5,3804
742.65,756
741.05,1160
743.37,602
739.66,5592
740.82,11113
738.45,622
740.83,1354
738.35,1879
736.95,553
736.06,835
737.38,394
738.33,668
738.28,957
739.56,695
741.77,4107
743.6,2440
743.25,1036
742.88,1084
744.68,1368
744.46,2151
744.38,460
746.35,1185
745.02,1840
744.82,905
744.02,594
742.89,1039
744.57,1575
743.67,774
744.11,3095
744.49,1275
744.73,365
743.5,1098
743.48,1112
744.47,780
744.72,728
745.47,2837
745.79,3727
742.05,15647
744.64,1866
731.7,719
735.57,2980
741.61,835
741.48,299
741.43,1983
741.62,589
743.48,891
744.37,522
746.82,1594
749.28,1565
748.04,2127
747.52,2384
746.99,1853
747.09,2063
748.44,977
748.87,1658
749.49,1218
749.21,2312
748.44,1833
748.93,1689
745.75,555
746.52,632
744.32,649
745.05,1665
746.7,2324
747.79,1188
747.83,1933
748.94,1901
749.93,1596
750.51,753
750.48,1004
751.96,2246
752.12,1883
752.43,472
750.25,920
750.53,1734
749.97,1445
748.56,7874
750.54,1554
746.47,529
743.4,574
743.82,630
744.95,104
744.72,774
743.37,1284
743.41,554
740.96,1017
740.98,830
740.19,695
740.48,2077
742.58,1384
743.65,2619
743.42,3643
742.96,3934
743.92,1098
744.88,100
744.75,424
745.73,101
745.31,1967
746.86,105
746.51,305
746.6,1802
746.64,1940
748.15,999
747.83,2047
747.24,3592
747.95,798
747.82,2587
747.39,2085
747.78,426
747.87,233
747.78,628
747.71,500
747.84,407
749.2,1862
749.88,1076
749.21,7222
744.98,123
747.91,2074
748.77,561
749.13,352
746.48,176
745.04,423
745.47,303
747.22,820
749.36,543
746.8,439
748.93,203
748.76,499
749.86,109
749.77,137
749.77,0
748.53,499
748.41,649
750.35,145
749.74,234
750.16,893
749.95,655
749.49,5836
727.35,7795
728.89,5238
727.65,426
728.59,3085
727.31,4452
725.55,1048
727.35,260
726.02,1221
728.19,5120
730.72,3485
728.34,896
726.99,1963
726.51,3880
728.62,2586
729.1,2641
732.04,5459
732.68,7291
729.6,6397
727.03,3852
728.79,1347
730.48,1145
730.07,785
727.35,2556
725.17,1648
722.92,269
721.5,1660
718.98,2003
715.43,1912
712.94,3005
709.64,1558
706.88,1638
707.5,689
709.54,1613
709.13,105
707.92,134
710.03,904
709.69,348
709.18,266
708.91,610
709.25,1415
708.09,521
707.82,296
705.59,655
705.46,549
705.05,1271
705.35,858
705.61,1732
705.69,206
705.44,329
705.44,0
705.81,408
705.91,985
705.81,943
708.15,1477
708.2,3877
709.44,13643
712.88,927
709.9,5344
707.68,6280
708.25,2295
708.62,323
709.1,1008
710,1343
710.36,2198
709.6,995
709.55,1398
710.75,1028
710.59,2526
712.6,985
711.02,139
711.52,1121
711.25,973
710.59,549
711.13,569
712.19,908
710.62,771
710.62,0
711.62,253
711.47,137
712.09,403
712.32,209
712.25,391
712.37,127
711.84,372
712.66,539
712.25,229
713.19,242
713.37,720
713.25,914
713.65,1617
712.89,1971
712.8,2889
713.19,2110
713.36,2623
712.92,5174
717.54,972
715.99,595
717.11,114
716.11,492
716.8,1004
720.32,900
721.75,997
721.47,439
720.28,1232
721.28,947
720.52,481
721.38,775
722.46,1037
722.46,0
723.25,439
721.4,809
723.17,1053
723.88,100
722.5,1413
720.94,1959
721.37,459
721.27,448
721.61,1112
722.39,655
723.28,395
722.93,3197
722.45,2328
722.34,6048
722.8,1326
723.43,702
723.89,745
723.31,5362
723.13,1605
723.16,1132
723.86,348
724.27,668
724.17,234
724.57,1449
724.51,5677
724.07,5519
723.8,1104
723.64,453
726.7,273
726.7,0
729.04,648
728.58,518
730.29,1362
730.04,681
728.25,103
728.08,622
725.63,463
726.44,427
728.08,601
728.07,563
726.53,203
727.46,804
728.69,211
728.69,0
730.45,714
731.1,994
729.81,403
729.77,327
729.49,791
730.53,725
728.4,406
727.15,746
728.41,637
728.65,1253
728.06,620
728.64,1568
728.74,1501
728.65,392
729.63,837
729.53,585
732.24,858
729.67,1097
729.53,2016
730.05,3290
731.39,3909
731.39,0
731.39,0
731.34,206
729.51,474
728.81,345
729.4,938
729.33,480
729.68,271
729.68,0
729.68,0
729.68,0
729.75,100
728.58,2030
730.01,101
727.45,655
727.45,0
727.45,0
728.34,886
728.18,925
728.68,913
731.25,1311
731.25,0
729.5,200
729.06,138
729.16,914
728.6,1104
730.18,1522
731.25,405
731.25,0
730.13,200
730.25,610
730.1,425
728.66,133
728.86,1344
732.03,868
729.8,1625
731.17,2345
728.85,13635
729.82,407
727.77,1366
731.45,106
731.45,0
729.74,490
729.88,1050
731.49,371
731.49,0
730.64,161
730.4,106
730.19,1033
730.58,241
729.93,238
731.45,666
732.78,549
733.45,442
731.66,324
731.5,765
733.54,734
733.54,0
735.19,547
736.32,2174
735.9,245
735.43,1011
734.7,762
734.55,953
732.78,441
732.86,200
732.66,303
732.01,632
731.43,1134
731.33,437
730.81,574
731.44,1251
731.32,1079
731.99,718
731.57,1203
730.59,1710
728.82,2904
730.48,643
729.74,1059
728.31,100
728.13,661
727.97,573
729.31,607
728.14,600
728.14,0
726.92,240
727.37,301
727.01,214
727.88,712
727.07,352
728.74,100
729.1,237
728.49,240
728.35,100
728.35,0
728.09,955
728.09,0
728.23,1555
726.55,141
726.53,647
726.53,0
727.32,244
728.59,339
728.21,102
728.21,0
728.33,603
728.7,344
728.73,105
728.59,145
728.66,682
728.69,252
728.08,774
726.83,4231
727.84,567
727.69,165
729.47,4784
731.87,860
733.09,633
732.89,210
732.89,0
737.47,1592
737.67,401
739.8,231
739.8,0
742.27,776
744.59,1501
744.91,144
744.36,250
743.94,914
741.52,745
741.52,0
741.97,504
741.69,439
743.66,347
744.66,305
743.22,233
743.22,0
743.2,299
744.12,417
742.69,400
740.47,390
740.72,551
741.64,106
741.25,107
740.53,233
740.44,639
740.75,984
740.97,576
741.33,300
740.28,140
740.28,0
740.53,136
741.91,806
743.51,215
745.19,5982
748.01,876
747.37,1719
748.16,513
749.32,1244
750.23,524
750.17,400
752.24,100
749.97,1214
749.97,0
749.97,0
752.8,414
752.57,1554
752.76,593
752.44,215
751.9,449
752.31,644
753.17,244
753.43,333
754.08,1036
753.83,369
753.84,1252
754.81,400
754.59,137
754.44,1213
753.83,433
752.83,426
752.68,1306
751.6,1113
751.85,1060
752.26,409
752.59,1455
753.04,1166
754.25,503
754.7,1195
754.38,1651
755.44,988
756.42,3432
755.71,5135
753.95,8912
752.03,766
757.6,2237
754.21,241
757.77,516
757.77,0
757.77,0
754.85,385
751.9,521
750.96,668
750.7,667
750.7,0
752.09,107
750.51,212
750.29,241
749.9,158
749.9,0
749.23,204
748.53,176
749.84,1846
748.13,784
747.68,304
748.81,100
748.65,503
749.71,681
750.88,100
751.9,760
751.74,370
751.29,856
751.24,1405
748.92,1121
747.94,1580
748.66,1213
749.38,717
750.31,616
749.75,768
751.82,1464
750.46,1544
751.41,2356
751.48,6067
754.63,276
748.82,111
748.87,880
749.61,308
750.22,131
751.32,533
750.87,112
750.81,1685
749.92,438
748.84,476
747.3,610
746.87,1604
745.55,368
744.26,758
744.26,0
744.26,0
745.96,351
745.55,307
745.36,457
744.19,127
744,553
743.61,100
743.61,0
743.61,0
741.14,431
742.49,233
743.91,381
743.44,650
744.17,650
743.97,778
743.7,684
744.46,520
744.29,863
746.44,308
746.09,320
745.24,319
745.18,2007
746.05,3221
747.22,7146
751.45,461
753.35,100
749.96,3613
744.88,544
753.17,415
754.03,230
754.75,188
754.75,0
755.29,202
755.72,610
755.19,700
754.98,918
753.31,534
753.51,1131
751.91,300
751.91,0
755.2,239
757.44,2518
758.95,319
757.41,272
756.98,1496
757.55,1184
758.23,524
758.66,912
757.12,117
757.12,235
754.41,742
754.42,832
755.25,574
755.81,201
757.04,127
756.6,537
756.44,277
755.77,486
755.53,100
756.76,874
754.27,349
754.1,1673
756.35,5716
753.97,1244
752.67,1135
756.46,636
758.11,200
758.11,0
758.11,0
758.11,802
760.44,861
757.05,200
756.35,560
755.23,620
755.83,994
758.04,281
755.63,201
755.63,0
755.79,1179
754.61,234
755.64,349
755.22,906
754.5,255
755.85,828
757.48,1556
753.35,195
752.77,528
751.37,468
751.37,0
752.34,101
750.28,849
751.48,335
751.48,0
750.51,200
750.2,158
750.63,372
750.96,425
750.96,0
749.49,140
750.4,210
750.56,758
751.54,2569
749.56,807
748.29,1294
749.44,100
752.19,200
750.51,100
751.15,133
751.65,1983
751.79,295
754.23,201
753.73,1613
754.44,401
752.4,626
752.4,0
754.39,200
754.39,0
754.23,133
756.95,301
757.23,244
756.59,137
756.79,620
756.59,290
755.54,442
755.47,687
755.47,0
756,475
756.34,614
756.12,804
757.94,380
757.94,0
759.71,1524
757.81,301
756.83,102
756.83,0
758.65,671
758.65,0
756.17,1299
756.17,0
757.29,644
759.18,1180
758.32,273
754.76,388
758.27,105
759.31,1281
758.78,200
757.02,780
759.35,264
757.35,766
754.25,237
754.27,275
754.96,302
754.96,0
754.53,113
753.96,410
753.73,349
751.8,200
752.74,200
752.74,0
752.74,0
753.61,1655
752.93,100
752.35,328
753.89,637
753.75,203
754.85,1012
755.16,201
755.24,200
754.12,658
754.32,367
755.36,411
755.1,302
755.38,411
756.39,200
756.26,2030
757.91,502
758.63,378
758.48,1048
759.27,1293
759.91,1071
759.92,434
759.23,1702
760.67,728
762.96,1411
764.94,421
763.87,416
763.74,1121
765.12,714
766.92,339
763.6,620
762.42,680
764.49,3082
766.13,4926
768.54,2292
767.78,905
769.04,400
768.03,300
769.19,240
769.27,203
769,100
768.8,618
769.16,302
768.63,1121
768.54,1998
768.17,200
767.31,1228
765.71,101
765.66,1138
765.01,1156
765.7,346
763.8,607
763.05,1559
760.57,427
763.53,845
763.14,1852
761.74,1118
760.55,831
760.57,3607
756.22,3930
754.37,267
758.79,660
761.96,313
759.81,1073
758.02,828
759.45,900
757.05,373
757.05,0
756.9,508
758.63,2317
760.04,964
759.7,101
760.75,1900
759.27,2657
759.27,0
756.59,1345
753.65,402
753.01,3302
752.91,937
751.15,535
751.87,464
752.09,468
752.47,919
754.25,491
751.98,2689
753.36,713
755.05,200
754.95,136
754.98,2306
757.35,1881
757.52,675
755.28,484
754.92,461
757.56,193
757.33,1377
757.4,569
755.94,1143
758.68,517
758.38,3592
763.25,100
763.12,1507
763.52,1328
764.35,213
761.85,337
761.85,0
760.72,501
759.86,2241
757.51,100
757.42,237
760.32,891
760,500
757.37,122
755.67,861
756.19,514
757.5,308
757.5,0
758.55,233
758.87,266
760.21,301
759.82,206
760.64,672
759.46,617
759.9,182
760.43,429
760.19,680
760.6,324
761.14,464
760.37,405
760.28,444
761.47,308
761.38,810
759.94,602
760.19,311
760.76,1574
761.29,702
758.56,415
759.75,2315
759.35,3445
749.64,863
746.89,839
744.75,393
744.53,265
745.04,1225
743.49,951
744.32,683
747.43,924
748.32,1995
747.27,3415
745.96,1214
743.34,617
745.31,959
744.92,200
744.46,200
744.16,163
744.6,1173
744.25,373
744.19,693
744.33,1506
744.21,1100
744.21,0
744.56,814
744.3,439
746.4,899
744.22,966
746.35,807
746.03,1737
747.9,895
749.33,101
749.69,100
749.92,1542
749.92,0
750.86,302
751.47,317
751.62,291
750.57,808
748.79,826
747.81,6817
748.97,123
744.68,100
749.38,201
750.08,309
750.08,0
750.08,0
750.08,0
751.46,433
751.66,256
752.21,302
752.21,0
752.1,336
750.8,100
750.8,0
750.8,0
749.41,695
749.37,906
748,596
748,0
746.99,633
747.82,200
747.82,0
747.93,1646
749.34,400
749.78,600
749.77,122
750.14,671
749.32,211
748.02,447
747.35,114
747.18,100
747.18,0
747.18,0
746.99,142
747.28,109
746.14,356
747.1,488
747.66,1036
748.05,1468
749.51,743
744.31,1215
750.35,617
749.58,429
751.94,200
749.49,100
749.55,220
749.4,744
751.74,100
751.47,115
752.94,2164
756,100
755.85,1152
754.3,562
754.59,1911
754.65,209
754.49,253
754.51,109
754.63,308
755.16,201
757.15,291
758.99,451
758.98,708
758.86,313
759.8,400
758.1,144
758.1,0
758.1,0
758.83,136
759.36,252
758.97,203
758.97,0
758.97,0
759.65,445
759.52,200
759.52,0
758.89,985
759.85,205
760.39,547
758.98,458
758.98,0
753.95,300
753.95,0
753.02,321
750.76,769
753.41,106
753.41,0
753.41,0
754.28,192
755.14,583
756.03,634
755.88,100
758.74,309
758.74,0
758.73,278
758.73,0
758.73,0
758.73,0
755.55,135
755.55,0
755.55,0
755.55,0
758.73,103
758.73,0
758.73,0
757.09,200
756.41,367
755.01,200
755.01,0
755.01,0
755.26,308
754.41,241
754.41,0
754.41,0
754.2,203
754.96,534
754.03,400
755.45,4847
753.61,317
756.08,206
756.08,0
756.08,0
760.11,618
757.94,236
757.94,0
757.94,0
757.94,0
757.94,0
761.89,112
764.1,200
762.08,197
762.8,454
762.92,404
762.55,909
762.6,401
763,874
763,0
762.85,238
764.21,241
763.61,409
765.2,102
764.05,201
763.67,201
763.81,626
763.53,402
763.95,513
763.95,0
763.95,0
766.66,689
764.83,338
765.36,784
765.61,1344
763.43,100
763.19,300
762.84,580
764.1,2618
765.58,2560
765.08,871
763.2,406
760.66,337
762.72,500
761.63,204
761.54,686
762.58,513
761.61,602
761.61,1283
761.97,400
762.05,1275
759.55,120
759.29,200
759.65,1645
759.42,305
760.4,105
759.58,300
759.57,1216
759.82,101
759.55,390
758.96,320
759.4,100
759.37,502
759.19,332
759.15,440
759.15,0
760.9,301
758.5,410
762.91,829
762.91,0
762.28,268
761.43,248
761.34,1007
762.11,607
761.23,212
762.08,1429
761.15,498
761.75,1419
762.92,2343
753.89,1126
757.15,3404
753.83,333
755,400
753.2,601
752.13,1685
745.77,250
745.3,122
741.67,268
741.67,0
741.14,1013
734.27,1460
730.15,1291
726.86,1618
724.73,2913
726.48,2515
729.72,1705
726.76,309
728.31,219
727.88,100
726.16,505
726.05,988
722.99,801
724.56,603
726.59,296
729.15,1580
728.09,606
727.86,1201
727.52,1334
726.87,772
726.97,974
726.97,0
727.14,1659
724.55,985
723.89,3127
721.54,3539
718.64,5089
717.12,4295
715.68,12291
726.82,785
736.88,656
737.63,1248
744.34,2041
747.68,1308
754.41,660
752.94,373
752.94,0
750.08,1659
750.55,1433
752.08,2470
750.56,1643
750.42,4283
751.38,1781
751.38,0
751.38,0
748.26,818
748.66,416
747.72,747
749.53,134
749.22,2859
749.48,1589
748.58,527
749.12,2327
749.12,0
749.58,329
749.92,204
750.73,437
749.61,440
749.61,227
748.14,491
746.35,1506
747.51,425
747.7,806
747.55,1054
749.53,337
753.12,720
749.91,377
748.48,1722
749.26,1058
743.31,530
743.31,0
745.19,712
748.58,188
746.68,635
746.42,1564
746.84,1358
748.45,1578
748.45,0
748.23,1305
748.23,0
747.78,330
746.66,717
746.17,752
746.17,0
746.52,109
744.75,101
744.75,0
744.94,303
743.59,400
744.19,105
745.25,419
745.66,746
745.66,0
746.49,334
745.86,114
746.68,441
746.14,300
746.01,205
747.57,400
747.26,332
748.21,815
750.1,234
747.11,469
747.21,636
746.47,1588
745.91,303
745.64,4189
746.75,731
757.2,512
758.32,939
754.39,100
749.02,100
747.96,117
746.54,654
746.54,0
748.77,349
747.29,204
747.29,0
745.89,712
745.89,0
750.24,1500
749.76,853
749.03,109
747.21,158
745.91,100
746.49,642
744.85,1438
748.56,5290
748.32,2846
749.08,1489
748.85,356
748.51,621
748.68,1168
747.19,593
747.07,292
748.83,1345
747.14,1272
747.57,880
748.26,1597
747.6,1279
747.89,213
747.49,535
747.12,1085
747.31,234
748.28,518
749,3935
748.44,889
748.44,0
755.98,2020
756.04,100
752.36,100
751.53,565
751.54,469
750.02,704
750.62,500
750.74,791
750.74,0
747.5,100
748.12,216
746.76,435
746.76,0
746.76,0
746.76,0
746.76,0
746.76,0
746.76,0
748.02,283
748.02,0
748.99,1417
751,800
750.82,1434
751.84,4437
753.83,1427
753.16,426
752.64,985
752.59,1201
751.74,537
752.24,1800
750.81,100
751.3,613
750.97,843
751.61,406
751.59,571
751.59,0
754.89,1049
756.43,306
757.58,313
759.38,854
757,221
756.01,100
757.62,766
756.83,300
754.73,356
755.05,206
753.71,301
752.71,576
752.71,0
752.09,2621
752.18,849
754.12,933
752.59,1123
751.48,1149
751.76,1013
751.07,100
750.96,100
751.4,215
750.84,216
749.84,300
749.82,336
750.79,202
750.29,1741
750.98,1116
754.3,553
755.71,650
756.84,800
754.83,202
754.92,818
754.85,481
754.65,11540
754.74,317
754.01,2775
755.04,633
754.48,904
755.13,2008
751.55,100
753.99,400
754.52,205
754.52,0
750.29,746
750.63,3142
750.63,0
753.58,337
753.29,100
753.29,0
752.36,397
752.36,0
753.81,137
753.5,1512
753.5,0
754.11,323
754.18,980
753.95,2877
754.34,313
754.34,0
750.46,100
750.49,685
752.4,542
752.04,691
752.04,0
753.48,663
753.48,0
753.48,0
753.48,0
753.48,0
753.48,0
753.48,0
753.48,0
749.7,696
748.74,618
748.7,1904
748.1,2521
746.62,155
746.51,3258
747.59,328
748.18,465
748.92,311
744.58,409
744.58,0
745.4,614
744.17,584
744.42,1318
745.08,207
743.52,105
742.54,365
744.65,102
744.29,406
747.04,562
746.09,402
746.22,205
746.22,0
746.02,203
746.35,1145
746.43,607
746.43,0
745.98,100
746.11,400
746.04,1309
745.92,713
745.25,3291
744.45,738
745.19,113
745.19,0
747.39,100
747.39,0
745.99,2476
744.89,1937
745.18,607
743.39,1118
743.11,566
743.66,902
744.13,2521
744.21,4311
744.21,0
742.41,100
743.29,582
741.81,307
739.72,672
738.7,100
737.28,100
737.19,884
735.03,140
732.33,240
733.39,430
732.53,241
732.55,376
733.11,168
734.77,101
736,1506
737.26,894
737.26,0
735.2,738
737.1,819
734.94,941
734.94,0
734.94,0
733.38,137
733.37,300
734.17,1169
733.8,482
733.8,0
732.39,668
732.4,909
732.43,124
731.68,102
731.16,200
731.14,432
729.23,1086
729.93,170
728.81,2339
727.63,3079
727.44,7594
730.5,828
730.53,758
728.7,302
731.08,819
732.74,100
731.76,2915
731.23,1865
730.02,107
730.91,1207
730.91,0
729.31,143
728.56,628
727.53,371
732.89,904
732.89,0
733.46,200
734.9,200
734.9,0
734.9,0
732.39,318
731.41,106
731.01,514
731.07,711
731,105
730.8,377
730.03,200
730.03,0
731.66,137
735.35,344
733.73,271
733.28,198
734.78,135
734.87,106
734.87,0
733.76,201
733.32,1231
734.32,1244
733.69,875
734.27,1151
737.46,108
737.46,0
736.45,127
736.45,0
738.71,191
737.58,1934
740.34,100
740.36,3732
741.26,2325
741.26,0
743.68,339
742.71,1455
744.1,1873
741.26,3842
740.59,1002
739.16,1268
739.42,1025
738.41,422
738.03,2855
738.05,505
738.05,0
736.97,200
737.16,5285
738.59,735
738.7,871
738.2,563
736.09,348
736.09,0
738.3,894
738.3,0
741.61,325
741.06,701
741.06,275
741.16,224
740.01,345
741.44,1740
739.61,449
739.91,122
739.41,1306
739.41,0
739.06,434
737.58,701
738.31,300
734.96,3926
734.12,1106
739.27,100
740.08,501
739.31,600
739.56,357
739.56,0
739.56,0
739.58,833
741.75,100
741.59,1954
743.49,901
743.59,101
743.03,2919
740.08,1532
739.44,652
738.48,100
738.48,0
738.59,2046
738.26,146
738.26,0
738.26,0
737.95,200
737.95,0
739.02,344
739.02,0
739.2,2920
739.33,668
738.93,1013
739.9,249
741.24,651
739.99,620
739.98,1141
739.75,1213
740.81,3031
741.49,133
748.71,402
747.98,952
748.69,399
748.69,0
748.69,0
748.31,110
748.66,120
747.44,302
748.28,469
748.96,100
747.65,100
749.23,100
749.23,0
749.23,0
749.23,0
748.64,163
748.64,0
748.64,0
748.64,0
748.64,0
746.66,200
745.46,106
746.14,202
746.14,0
745.75,202
745.75,0
745.75,0
749.75,467
749.75,0
749.75,0
749.75,0
749.75,0
746.72,110
747.52,101
747.52,0
748.69,569
749.65,122
749.23,898
749.23,0
748.53,398
749.88,205
751.91,284
751.91,0
753.55,214
754.02,543
754.02,0
756.02,105
755.43,187
756.87,200
756.87,0
756.87,0
757.15,104
757.15,0
754.51,205
754.51,0
754.51,0
754.51,0
754.61,609
754.61,0
755.28,333
755.28,0
751.13,294
753.18,100
754.86,100
755.03,1556
755.03,0
755.03,0
755.03,0
755.03,0
755.03,0
755.03,0
755.03,0
755.03,0
755.03,0
754.62,314
754.65,267
755.79,1068
751.59,754
752.27,1242
752.27,0
750.4,152
751.4,126
751.4,0
751.4,0
751.4,0
747.68,371
742.33,101
742.33,0
745.7,205
743.04,540
743.38,382
742.68,549
742.68,0
745.04,148
747.1,100
744.72,315
745.2,105
746.06,345
746.38,105
746.88,130
746.51,210
746.51,0
746.65,122
746.65,0
748.51,100
746.4,110
746.4,0
746.4,0
746.4,0
746.47,135
746.36,107
747.09,325
748.16,1058
746.52,125
747.18,353
746.39,2596
742.9,200
749.53,133
749.98,100
749.98,0
755.62,666
756.01,100
756.01,0
756.01,0
756.01,0
756.01,0
756.01,0
759.36,1118
760.08,130
761.5,404
760.24,201
760.96,113
759.32,367
757.66,100
757.66,0
757.66,0
757.66,0
757.66,0
757.66,0
757.93,204
758.08,100
758.08,0
758.5,607
759.08,590
759.08,0
757.29,431
759.06,200
759,2637
759,0
759,0
762.73,1007
762.73,0
762.73,0
761.66,247
761.54,1510
759.55,302
759.55,0
766.34,1035
768.89,101
769.47,201
769.47,104
766.99,297
766.49,1813
766.87,563
769.74,964
769.74,0
768.85,151
768.28,207
768.28,0
767.76,110
766.67,200
766.43,457
766.43,0
768.46,251
766.67,357
769.17,172
769.17,0
769.17,0
767.06,115
767.29,208
766.76,133
766.76,0
765.74,600
764.75,454
763.78,489
764.19,418
765.36,411
764.57,304
765.12,745
765.6,105
765.11,461
765.35,833
767.24,629
765.62,2875
761.96,1119
761.02,104
762.82,824
760.65,983
763.68,1862
765.19,1575
765.63,533
764.14,1316
767.08,777
766.44,310
767.26,221
767.26,0
766.42,405
767.58,319
764.79,768
764.79,0
765.41,269
765.3,204
765.3,0
766.09,1372
766.34,703
766.83,526
767.23,435
765.06,416
765.3,936
766.15,613
765.93,1290
763.71,100
763.68,629
763.89,280
764.35,756
764.62,539
764.62,0
764.62,0
763.18,698
763.8,1442
763.57,2050
763.88,2943
764.32,9620
760.49,304
755.39,317
752.17,100
752.67,856
753.66,717
755.96,302
754.31,563
752.84,238
755.98,719
754.69,100
756.01,181
755.92,1165
755.72,401
755.05,688
754.26,805
754.41,577
754.59,411
752.94,125
752.13,412
751.52,722
751.52,0
750.1,2045
749.51,2256
749.71,103
749.96,921
752.07,922
752.89,2300
753.39,1119
754.69,1412
754.62,944
754.09,1422
754.67,1607
755.58,3611
754.01,619
751.77,100
752.17,902
751.84,1386
751.26,425
750.49,7414
745.37,421
744.61,358
739.49,496
739.96,820
740.83,600
740.71,460
739.37,230
739.08,1106
739.53,200
741.15,203
741.15,0
738.69,127
738.82,613
738.82,0
738.3,210
735.11,406
734.97,1356
732.6,408
733.4,309
732.7,665
732.7,0
735.78,252
735.6,118
735.66,101
735.79,434
735.79,0
738.98,2202
740.15,438
740.15,0
739.47,300
738.41,1036
738.67,173
739.62,200
739.75,423
740.98,1143
740.98,749
740.53,511
741.1,287
739.36,1229
743.37,315
743.37,0
741.23,1205
741.35,3985
742.71,1021
743.31,1775
742.41,1366
742.46,2298
744.22,516
745.7,4765
748.88,2994
748.88,0
749.23,684
749.23,0
747.47,219
747.31,210
748.15,500
749.26,1044
748.61,100
747.81,415
747.91,434
748.26,1089
749.22,446
750.87,101
750.97,168
750.28,575
750.39,201
750.34,305
750.34,0
751.39,209
751.08,364
751.82,105
752.94,100
752.35,616
753.05,471
752.91,299
752.24,104
753.38,355
754.12,6343
754.95,400
751.73,1130
754.86,112
752.43,647
754.53,916
756.13,324
754.88,210
751.23,1005
751.65,819
752.28,311
751.87,812
751.44,630
751.29,740
751.48,1697
750.38,310
750.36,923
749.24,1942
751.44,270
749.76,1401
751.93,223
751.37,154
752.42,730
754.19,130
754.09,882
755.88,415
755.88,0
753.55,100
756.49,100
755.06,272
756.02,424
755.29,404
755.98,221
753.88,202
754.78,467
754.27,111
754.71,152
754.66,117
754.78,320
754.36,734
754.22,666
759.02,901
758.13,1213
758.13,0
758.13,0
758.13,0
758.13,0
766.48,104
766.61,100
765.8,958
765.8,0
767.69,3189
767.69,0
766.49,3434
766.49,0
766.49,0
761.67,334
761.67,0
760.66,1111
760.64,100
760.49,1100
760.27,402
760.21,6088
759.58,3123
760.37,257
761.61,2748
760.77,555
761.95,200
761.95,0
763.14,100
764.26,988
764.8,210
764.8,0
764.2,100
764.2,0
764.2,0
764.2,0
765.72,212
768.31,2872
765.69,1079
766.52,398
768.09,200
765.22,205
766.29,533
769.53,546
770.02,139
770.16,145
773.17,346
773.9,364
773.9,0
772.67,2528
771.52,3670
771.17,300
769.19,1296
767.24,1665
768.61,496
768.14,543
767.61,319
767.61,0
768.29,407
767.24,422
768.6,1110
769.99,1905
768.81,1652
768.89,1140
770.65,133
770.65,0
770,199
769.11,547
769.11,0
769.11,0
768.84,390
769.66,535
769.35,127
769.35,0
770.5,479
771.48,117
772.29,2081
765.9,1422
771.81,1143
771.81,0
775.8,101
777.84,484
778.16,300
776.83,200
779.41,1417
780.57,443
782.6,502
785.92,604
785.92,0
788.32,210
788.32,0
789.18,332
788.05,771
787.39,1042
786.17,300
786.67,643
788.85,486
789.9,101
789.26,110
790.22,333
790.47,457
790.47,0
792.19,315
792.99,669
791.85,630
791.32,205
791.27,200
791.47,699
791.82,1172
792.62,1217
792.31,1555
791.08,1187
791.91,1399
791.11,1431
794.6,2107
794.63,3210
792.29,688
794.23,673
793.85,320
789.29,837
788.62,976
786.62,691
783.67,1331
784.24,641
779.75,933
784.83,1736
781,1371
785.17,1040
785.59,687
785.73,1709
783.54,874
784.67,565
789.07,900
790.15,861
791.49,404
790.18,885
789.74,1032
791.32,1245
790.86,554
790.97,1319
788.96,225
788,125
788.79,597
790.82,606
790.82,0
793.47,281
793.26,100
793.26,0
793.26,0
796.24,547
795.88,136
796.05,104
796.56,1014
797.44,1120
800.07,3878
791.66,281
795.05,1342
793.38,508
798,100
796.22,182
796.22,0
797.7,466
799.05,248
800.51,536
799.27,592
799.27,0
804.28,769
804.82,106
805.45,437
805.45,0
807.25,429
807.55,101
807.55,0
807.37,555
807.43,500
806.32,200
804.77,402
804.77,0
805.29,984
806.11,526
806.95,647
807.84,945
808.07,645
806.6,312
807.84,816
807.14,1587
807.14,0
807.54,202
807.61,1111
809.16,223
807.5,400
806.25,1096
806.29,2223
808.35,2602
795.6,532
796.17,586
790.47,100
789.71,742
786.76,403
790.03,646
790.03,0
795.22,152
796.7,604
796.43,293
796.43,0
796.32,729
796.25,411
797.68,402
801.86,105
801.18,160
801.18,0
801.18,0
801.18,0
803.5,729
803.77,628
803.77,0
803.77,0
803.77,0
803.77,0
805.2,272
805.2,0
805.71,294
806.53,337
806.53,0
805.42,296
805.42,0
807.16,809
805.66,631
806.17,1078
805.57,111
804.58,339
805.46,805
804.56,5520
803.29,817
800.71,1030
800.58,1347
800.47,2100
801.55,425
802.16,1024
802.3,304
801.79,559
803.41,1938
803,510
802.69,745
802.1,1048
804.58,800
803.86,797
799.2,965
801.76,418
803.91,427
804.19,313
803.69,415
803.69,0
803.55,272
802.38,309
803.32,414
803.35,461
803.83,657
803.58,375
805.16,207
805.93,447
805.38,316
805.46,326
804.92,533
804.75,644
805.05,404
804.96,839
805.26,889
804.82,1059
805.32,1019
805.81,1810
806.4,4638
802.44,1534
795.96,1893
796.45,103
796.16,434
792.61,662
792.33,1832
791.36,511
789.7,562
791.66,2019
790.87,302
789.83,1326
792.28,1648
791.12,1712
791.59,100
791.26,233
791.43,291
792.01,389
792.01,0
791.86,544
791.86,0
790.67,127
792.3,110
792.49,549
790.22,452
786.29,420
788.04,444
787.61,256
786.81,811
785.65,608
785.65,0
784.85,112
784.43,584
784.43,0
786.7,496
787.45,460
786.11,279
785.18,344
782.99,595
784.67,4488
770.48,1739
769.22,2027
765.07,1852
763.7,1400
763.65,1591
766.75,1123
767.22,785
765.86,844
763.46,1161
767.39,592
773.76,275
774.4,326
773.81,906
770.95,800
771.02,1416
770.73,839
771.89,633
771.89,0
771.89,0
772.68,252
771.15,216
771.15,0
773.11,163
773.08,425
774.42,100
774.47,1235
775.29,728
773.13,329
774.54,211
775.45,108
775.45,0
775.45,0
777.29,490
777.05,545
777.07,1052
774.56,266
774.24,1327
771.32,566
771.59,2036
775.18,1251
773.66,300
772.39,364
773.42,448
775.04,609
770.85,556
770.89,1703
770.89,0
771.26,455
770.86,1004
770.9,158
770.16,893
770.78,462
770.85,473
774.58,242
771.81,1120
769.6,836
769.6,407
769.56,345
765.64,1192
767.3,500
767.3,0
765.52,219
766.74,1475
765.19,1441
765.1,2602
765.4,927
767.03,116
764.42,278
764.31,136
762.7,2541
762.82,2518
764.66,100
765.54,902
764.61,3748
766.01,2833
766.95,2083
768.12,2496
766.77,9670
773.29,1216
773.29,0
772.18,1019
775.09,1121
773.55,1332
775.15,371
778.05,1902
776.54,589
773.42,5121
773.14,2471
772.89,424
773.11,663
774.04,450
775.12,1025
774.18,716
773.63,214
773.63,0
772.41,929
772.1,660
771.27,405
771.01,815
770.62,794
770,305
768.41,495
767.42,502
766.44,206
767.03,100
766.5,765
767.03,1101
765.08,1795
764.51,1296
763.44,102
763.63,990
764.37,2015
766.39,4115
765.58,2223
765.56,2699
766.25,1799
765.27,7817
763.94,137
764.57,1510
762.35,1247
762.57,703
764.36,203
762.98,100
763.92,795
766.05,975
766.51,703
766.86,131
766.46,100
766.75,545
767.93,916
768.76,1442
767.66,633
768.27,452
768.25,100
769.21,500
769.95,528
772.8,605
774.28,425
774,265
775.88,200
775.88,0
775.88,0
775.88,0
773.53,234
773.87,306
772.54,217
772.77,1041
773.46,658
772.11,202
774.2,672
773.42,982
773.05,962
772.29,1443
772.22,316
771.8,1798
770.97,6606
767.02,845
771.62,585
769.89,1317
770.08,209
770.31,746
766.72,100
771.07,392
770.8,281
769.87,1498
771.6,4608
772.19,11593
771.65,2161
772.24,642
771.43,628
772.61,214
773.41,206
773.93,575
774.9,200
774.71,400
775.14,759
776.35,637
774.19,748
773.72,100
772.57,1083
773.36,641
772.58,1524
772.58,0
775.69,398
776.8,240
776.76,160
776.86,203
777.07,217
777.33,1377
779.14,405
779.52,466
778.67,2539
778.65,940
778.37,1631
779.66,5109
776,300
778.24,2438
772.56,3332
772.22,987
774.7,950
776.11,313
774.94,529
775.18,402
774.67,121
777.48,771
777.24,622
776.95,323
775.3,425
777.27,800
776.83,2073
779.14,577
781.25,651
783.12,205
782,1219
782.49,1705
783.26,1920
784.57,675
784.99,628
784.52,576
785.56,872
785.39,349
785.23,440
786.24,1294
786.04,440
787.76,533
785.99,205
786.98,2168
785.58,2693
785.86,1960
787.34,2227
787.2,1287
787.58,2512
788.92,5123
787.66,20005
786.72,1970
792.05,1253
782.35,1468
782.45,1946
782.12,2110
789.67,200
789.67,0
781.57,182
780.97,200
779.71,487
779.58,568
784.22,109
784.22,0
781.81,191
782.65,560
784,878
779.54,100
779.39,282
779.69,419
779.77,830
779.77,0
776.43,223
773.63,211
774.7,334
776.52,583
777.69,1568
777.69,0
776.63,539
774.33,233
773.46,105
773.03,400
774.01,516
773.2,484
773.2,0
772.3,907
770.71,1281
774.04,922
774.19,821
777.38,4668
775.27,3669
779.57,822
783.58,2142
779.84,1384
776.59,525
778.95,1634
777.86,1009
778.27,1093
778.27,0
780.37,724
780.78,222
784.06,406
783.72,233
786.14,930
786.46,147
785.83,638
785.58,623
786.7,220
782.82,117
782.82,0
782.82,0
779.7,889
779.7,0
779.85,102
779.09,358
778.48,1126
778.4,232
777.35,456
779.06,247
779.06,0
779.4,441
779.42,119
780.38,753
781.09,642
780.94,104
781.21,775
779.94,1140
780.8,1121
778.83,5265
773.87,404
775.87,858
770.43,510
775.9,204
775.9,0
781.59,501
783.15,502
780.23,623
778.83,578
778.87,101
779.43,200
780.13,201
778.83,600
779.7,384
780.8,315
783.68,458
784.21,460
782.94,200
783.33,115
783.08,301
782.58,230
782.86,943
783.19,763
783.19,0
785.55,562
786.62,169
786.68,100
786.62,1619
788.38,262
787.89,473
786.51,101
786.52,344
785.93,869
785.2,370
787.28,246
786.86,688
786.08,100
785.54,555
784.72,5938
784.19,409
791.75,1187
789.61,2583
786.97,4263
781.17,1068
781.15,492
775.02,477
772.22,1466
771.93,1234
768.82,535
768.71,618
765.89,1037
764.48,337
764.5,697
764.5,0
765.06,1121
765.95,600
766.76,1526
764.2,1042
765.66,1020
765.01,423
762.78,1358
765.48,115
767.35,346
768.39,218
769.05,709
772.3,765
771.89,1669
772.21,327
772.49,1002
773.93,587
774.38,430
776.93,1470
777.1,786
779.89,559
779.32,316
779.09,2890
778.48,1253
776.01,5931
773.74,242
768.63,1010
770.16,1519
764.41,1140
761.98,1870
762.19,1035
761.54,640
761,200
761.38,202
761.38,0
764.48,227
762.67,113
762.67,0
760.32,380
760.32,0
758.46,100
758.59,1485
759.58,842
760.38,3288
761.37,1231
760.51,602
760.4,1442
759.42,301
759.67,518
759.73,2117
760.62,588
760.8,348
761.45,122
761.45,0
763.89,366
764.11,2396
763.66,203
765.39,100
765.56,505
762.94,523
762.94,0
766.15,2877
766.15,0
764.58,2047
755.48,114
749.2,263
749.29,1189
746.75,2564
748.41,127
751.27,166
746.99,1210
745.99,915
742.42,716
741.23,3359
740.45,4528
742.48,1169
742.2,632
742.18,1156
742.09,983
742.09,0
743.92,209
746.06,401
745.23,414
743.74,404
743.77,925
743.77,0
741.71,200
742.64,837
742.64,0
741.24,786
741.95,110
742.69,104
743.02,2234
743.97,211
744.08,516
744.6,396
744.02,884
742.84,235
742.26,207
740.14,112
740.45,858
740.01,3599
739.48,8074
732.95,1426
723.21,3438
720.85,3565
727.47,1494
726.27,1064
727.29,632
729.28,566
730.96,629
726.12,422
727.58,3666
722.83,1385
722.95,344
723.09,1268
722.25,106
720.57,727
721.67,473
722.23,663
722.23,0
722.07,842
721.58,760
722.47,1272
722.6,257
723.38,100
723.72,307
725.18,406
725.51,511
725.68,792
724.09,414
726.07,100
725.92,384
725.88,568
728.39,104
729.41,336
729.48,421
730.9,1163
732.92,685
730.68,769
730.38,1310
728.66,2503
735.86,572
736.37,170
737.55,210
739.26,287
740.15,1263
738.01,1014
737.04,100
740.28,201
737.44,585
737.44,0
737.44,0
734.61,814
734.63,100
733.97,201
734,445
732.4,1968
731.69,403
732.84,1477
733.99,390
734.6,497
734.6,0
734.6,0
735.78,381
733.72,686
733.43,704
733.43,0
733.43,0
733.43,0
734.89,200
734.89,0
735.02,541
733.58,491
735.13,1774
734.98,310
735.03,100
735.03,0
734.96,310
733.47,1761
734.09,6993
739.05,101
739.72,806
740.22,710
737.69,205
733.67,234
735.98,395
737.56,1034
736.26,222
736.05,397
735.66,1220
734.36,335
731.73,545
732.24,100
729.46,583
728.03,240
726.94,520
726.94,0
728.16,511
728.64,1397
726.77,512
727.94,647
728.85,783
730.46,301
730.46,0
730.25,134
730.14,100
730.64,110
730.56,706
730.25,962
728.12,114
729.29,931
730.08,100
730.72,1478
728.05,773
727.31,463
726.99,1257
726.72,1449
725.51,960
721.76,1751
723.47,100
719.61,100
717.53,100
714.83,974
718.71,689
718.7,1124
717.83,1075
717.29,112
720.17,107
718.58,134
720.49,2145
720.42,552
720.42,0
720.42,0
720.42,0
726.04,529
723.83,317
723.89,267
722.02,200
721.95,333
721.95,0
721.95,0
721.95,0
721.95,0
720.98,300
721.28,403
720.89,100
720.89,0
720.89,0
722.85,429
722.85,0
722.3,334
726.11,352
726.11,0
727.84,430
725.89,117
722.91,208
721.73,100
720.72,705
726.39,684
723.98,402
715.33,129
717.85,304
713.16,327
717.85,700
717.17,100
717.26,398
722.75,1062
716.75,438
716.75,0
718.33,100
714.66,358
714.84,100
715,516
713.49,424
713.49,0
713.28,133
713.11,103
714.18,351
714.18,0
714.06,200
713.6,427
713.6,0
715.38,851
715.84,101
715.79,100
715.71,390
715.95,701
715.95,0
715.95,0
718.44,100
719.53,100
719.6,408
718.5,751
717.41,407
717.12,257
718.95,561
716.97,3083
705.54,1392
697.26,1590
692.17,2676
700.05,1535
698.39,626
699.47,537
699.92,2383
695.71,1928
695.56,222
697.68,651
697.81,1126
698.75,831
698.64,839
697.13,200
699.24,267
698.45,1245
699.66,564
700.16,1258
700.09,915
697.97,400
697.56,414
696.4,299
697.69,817
698.04,3726
697.72,2530
697.79,4246
698.36,1281
697.96,844
698.47,165
698.29,1772
698.41,600
698.41,1496
698.41,3264
698.42,880
696.61,419
695.41,405
696.58,649
697.26,733
696.02,6021
695.95,845
688.41,1374
688.41,0
687.3,1321
686.67,105
686.67,1777
687.79,173
687.58,1840
689.19,836
689.89,706
689.89,0
689.97,143
689.57,177
689.61,198
689.61,0
690.41,2624
689.98,2008
689.6,377
690.27,1415
690.27,0
689.23,798
689,328
689.02,681
688.33,322
690.05,1115
691.33,1470
691.22,638
690.94,343
694.56,111
695.52,1570
695.69,1156
695.79,311
695.56,943
695.17,103
693.14,620
693.71,759
693.98,5394
694.63,1859
697.89,9253
701.51,1901
698.17,1240
701.52,815
702.13,1114
706.96,983
704.64,418
701.68,100
702.13,519
700.54,240
703.6,350
703.6,0
701.45,1875
701.19,1328
702.21,881
702.97,638
705.9,716
705.53,300
705.79,592
705.13,105
705.62,436
704.27,122
705.35,206
705.35,0
703.89,645
705.74,416
707.11,1035
704.67,321
705.69,734
704.35,494
703.54,140
702.74,502
701.92,400
701.06,367
700.32,4193
699.8,2537
701.99,604
702.15,1228
701.29,1349
701.37,3811
695.23,312
692.02,1924
689.1,1600
687.5,3347
687.5,0
686.29,123
689.18,2035
686.98,345
687.26,983
686.44,1905
687.96,349
687.96,0
692.99,912
691.36,249
691.13,210
691.38,144
691.66,374
689.99,474
689.99,0
689.99,0
690.22,424
689.28,199
689.28,0
689.28,0
689.28,0
690.26,509
691.49,214
692.1,491
692.1,0
690.78,139
691.63,621
691.38,327
691.01,417
691.01,1769
692.33,1494
690.26,414
689.71,2274
687.12,485
686.39,2943
688.8,851
686.78,636
684.89,435
686.4,588
688.64,205
685.98,200
686.71,500
687.46,100
688.14,200
688.46,133
686.55,200
686.55,0
688.15,100
689.14,306
688.66,285
688.66,0
688.07,201
686.82,952
687.2,568
687.32,100
687,1776
687.02,210
687.4,201
686.67,100
685.66,792
685.18,135
685.26,101
685.07,103
685.81,101
685.29,201
685.21,215
685.21,0
684.88,475
685.09,458
685.66,346
685.53,422
685.9,423
685.29,205
685.06,3270
685.81,2081
689.03,200
686.86,523
689.26,2538
689.28,3698
691.24,200
691.28,422
690.35,100
690.35,0
690.35,0
691.75,100
692.38,279
692.12,200
689.52,100
689.83,456
691.87,100
692.39,100
692.39,0
692.39,0
692.39,0
692.39,0
692.39,0
691.84,238
691.84,0
692.76,100
691.44,307
692.01,1302
692.66,100
692.66,0
692.66,0
693.61,108
693.08,333
692.25,768
692.84,901
693.22,635
693.12,315
694.06,595
694.17,2448
692.89,4391
691.93,541
697.14,329
699.88,2523
693.97,997
695.69,281
694.92,306
694.62,840
694.62,0
696.1,508
694.74,110
693.83,1563
694.61,575
695.5,105
695.42,201
695.69,873
696.07,741
695.74,527
694.96,450
694.74,101
694.93,102
694.08,503
694.51,100
695.64,541
696.76,105
697.21,241
697.21,0
699.39,185
699.74,100
699.22,200
699.99,208
699.99,0
698.39,889
698.39,0
697.8,752
697.76,413
697.27,708
698.12,445
698.73,413
698.76,2601
702.94,1851
702.94,0
703.7,505
706.79,1690
704.11,141
703.28,102
701.86,979
701.78,200
701.08,202
701.08,0
703.9,100
702.86,457
702.97,401
701.35,200
701.05,872
704.15,120
705.53,413
705.95,454
705.01,323
706.1,123
706.26,634
705.82,500
706,321
707.01,240
706.96,760
707.68,110
708.12,100
708.12,0
708.39,100
707.41,178
706.93,135
707.15,140
706.81,264
706.81,0
706.5,878
706.5,0
703.49,238
703.2,133
702.72,1710
705.84,106
707.5,153
713.82,103
713.82,0
713.42,271
714.98,218
714.98,0
714.98,0
714.98,0
714.34,784
715.58,216
713.42,300
713.33,240
713.1,200
713.1,0
713.06,101
713.06,0
714.1,381
714.1,0
714.1,0
715.42,125
715.43,306
715.5,203
713.75,208
713.29,320
712.06,100
711.94,743
710.33,670
712.09,115
712.83,566
712.54,300
710.28,434
710.84,231
710.33,501
710.52,259
710.61,582
711.39,869
713.31,290
714.1,6184
714.19,633
711.14,205
710.73,620
707.93,100
707.94,539
708.56,403
706.42,207
708.18,171
709.23,547
710.29,827
709.41,202
709.13,513
709.35,104
711.35,101
711.47,121
711.51,267
710.65,377
711.12,100
711.85,200
711.77,249
711.68,3312
711.18,491
711.7,336
711.7,0
711.7,0
709.39,204
708.18,330
708.88,106
710.74,200
710.37,447
709.15,201
709.19,610
710.94,102
710.58,510
709.56,465
707.99,200
707.17,1506
703.82,4148
702.8,11312
709.16,3495
704.75,3673
705.18,885
704.68,594
709.71,138
709.69,287
708.77,657
710.65,1397
708.96,1402
706.44,111
707.63,166
707.91,599
706.81,1679
705.45,416
706.12,156
705.35,618
706.02,198
706.63,329
706.81,1488
708.02,100
707.84,1032
708.85,1399
709.4,584
711.1,1014
711.1,0
709.79,246
709.79,0
709.79,0
712.13,300
712.13,0
711.7,240
711.9,560
712.12,849
711.59,260
710.73,875
711.8,1470
711.59,336
711.59,0
710.13,1740
713.55,700
719.56,334
719.12,212
719,202
720.55,548
722.32,1478
723.99,427
723.97,455
723.71,687
722.04,187
720.65,220
721.01,2336
720.97,103
719.71,210
720.71,200
720.67,243
720.67,0
721.25,500
722.42,431
723.95,1314
724.16,808
725.14,301
724.86,125
724.55,1180
724.94,1716
725.39,502
725.72,304
726.03,205
726.16,300
725.25,305
725.47,501
725.86,937
725.82,100
726.36,409
727.15,379
724.15,632
724.75,759
724.5,1458
724.96,7776
726.97,637
726.71,100
730.65,2670
732.53,100
734.38,200
736.15,400
738.54,326
738.54,0
739.82,555
742.03,411
742.03,0
742.03,0
739.01,192
739.01,0
739.01,0
739.26,702
739.71,809
739.41,603
737.58,100
737.41,105
738.46,270
740.71,201
740.71,0
740.71,0
738.83,100
738.11,105
738.74,101
740.19,879
740.5,232
740.69,322
741.7,264
741.18,432
741.78,333
740.01,169
738.91,802
739.85,533
739.33,150
738.17,1210
737.57,2889
742.16,593
742.16,0
743.81,501
746.79,100
746.79,0
745.92,224
747.34,200
747.34,0
751.4,487
751.4,0
751.4,0
750.12,688
750.12,0
747.73,300
747.73,0
747.73,0
748.84,381
748.77,115
748.77,0
748.77,0
749.57,300
749.57,0
749.57,0
749.57,0
749.57,0
750.29,472
750.83,376
750.83,0
750.83,0
751.07,106
753.09,629
752.56,607
751.91,1079
750.27,102
748.59,107
748.59,0
749.8,501
751.37,989
751.74,470
751.74,0
748.31,463
748.31,0
752.26,218
751.5,132
752.2,214
756.57,1119
756.57,0
754.97,417
753.77,103
753.77,0
753.16,100
750.71,100
750.97,117
751.7,112
751.7,0
753.34,112
753.64,433
753.41,133
753.41,0
753.41,0
753.41,0
755.38,775
753.2,101
752.45,353
752.45,0
754.11,100
753.97,276
752.25,350
752.25,0
752.2,467
752.2,0
750.49,200
750.85,103
751.88,108
751.88,0
751.63,395
751.57,217
751.86,3085
756.71,280
758.04,706
754.95,100
754.48,206
754.91,798
755.35,790
757.35,1005
759.76,667
760.81,106
760.62,431
760.62,0
758.71,210
759.56,662
758.92,102
758.74,204
759.55,355
759.55,0
758.81,383
758.81,0
759.14,1138
759.28,202
758.69,205
757.85,4413
758.71,1639
759.05,221
757.71,234
758.01,112
758,106
758.07,1268
756.7,446
758.69,308
758.69,0
758.69,0
758.69,0
759.2,100
759.2,0
760.52,338
761.05,417
761.83,1691
772.36,1190
772.68,300
771.69,470
767.89,589
765.94,291
765.75,1209
765.7,201
768.78,728
769.02,209
766.26,555
766.73,488
764.24,503
765.79,113
764.23,260
764.23,0
763.73,300
763.63,338
763.63,0
760.69,105
761.24,304
761.8,101
761.96,143
762.37,615
762.37,0
762.23,300
761.86,306
760.35,200
760.35,0
762.07,706
761.11,107
761.11,0
759.49,357
758.98,580
759.18,667
757.05,500
754.64,816
754.64,0
754.4,326
755.47,1304
755.07,134
757.55,350
760.55,101
760.55,0
760.55,0
760.55,0
760.55,0
760.55,0
762.67,111
762.42,859
765.36,100
765.36,0
765.03,1050
765.03,0
766.83,1124
766.83,0
765.86,1051
767.44,100
768.23,200
768.23,0
766.12,273
766.12,0
766.12,0
767.68,100
770.36,442
771.4,750
773.27,336
773.27,0
773.03,101
773.03,100
772.66,652
772.07,327
772.07,0
771.59,121
770.62,740
770.23,320
769.85,200
770.48,717
772.35,2878
768.29,101
770.52,936
770.52,0
773.34,703
773.34,0
773.34,0
769.63,210
769.72,264
768.04,100
768.89,133
768.89,0
768.89,0
768.89,0
768.89,0
769.19,452
769.58,695
769.58,0
768.68,434
768.97,278
769.93,200
769.93,0
769.63,100
769.63,0
769.53,112
769.2,545
769.2,0
769.2,0
767.74,647
767.24,970
767.1,200
766.41,810
766.21,684
767.05,929
765.28,134
763.32,401
764.71,556
764.68,2905
764.08,888
766.97,6945
762.7,101
761.87,201
759.84,200
755.75,731
755.75,0
755.75,0
755.75,0
755.75,0
752.91,138
752.91,0
752.95,1306
752.95,0
755.84,205
755.56,409
755.56,0
755.56,0
753.08,1344
755.12,2143
757.44,302
757.48,111
757.97,220
755.91,493
755.64,2023
756.82,842
756.18,1453
754.73,646
755.02,677
754.56,278
754.56,0
753.8,661
753.8,0
755.21,243
755.6,614
755.45,100
757.59,364
757.59,0
758.56,129
758.21,908
759.07,2546
759.07,0
764.22,177
764.22,0
764.22,0
764.22,0
762.85,260
764.57,100
765.8,330
765.67,471
766.22,100
766.22,0
767.77,303
768.1,114
768.1,0
769.27,120
769.27,0
769.27,0
769.27,0
768.93,227
769.17,120
769.68,556
770.73,1392
771.82,161
771.4,545
771.4,0
769.71,443
768.86,130
768.86,0
767.69,105
767.78,406
767.78,0
765.86,433
766.48,571
766.43,290
764.72,634
763,1568
764.94,944
763.32,3023
764.95,2802
771.48,200
771.39,409
771.39,0
757.63,400
759.1,683
759.1,0
759.1,0
759.1,0
760.6,100
760.6,0
760.6,0
760.6,0
760.6,0
760.6,0
762.93,196
762.79,101
764.63,273
764.44,116
764.44,0
764.44,0
762.87,200
762.87,0
763.63,134
764,203
764.85,548
764.85,0
764.79,207
764.79,0
764.1,239
764.1,0
764.9,135
764.9,0
767.93,103
767.93,0
767.38,258
766.15,100
766.15,0
766.91,694
767.52,4854
739.22,9496
727.26,2607
733.22,1052
731.49,3699
728.48,355
726.25,1090
725.74,1612
722.44,419
720.24,540
723.77,400
728.98,898
732.31,220
730.59,699
738.96,251
738.29,1050
736.46,3644
732.25,227
731.37,701
729.44,400
730.45,344
728.32,118
729.81,333
731.07,816
731.46,680
729.41,333
729.41,0
732.72,261
732.64,235
733.39,321
731.97,974
733.21,213
733.21,0
733.22,685
732.79,568
733.5,719
736.01,456
735.36,1715
737.25,1615
737.3,3151
724.51,130
718.92,133
727.88,1450
727.38,1067
727.25,716
727.25,0
726.99,666
725.65,566
725.02,409
725.33,288
726.95,333
725.91,403
724.53,496
724.04,1135
723.91,1248
720.54,964
719.82,3090
718.56,1191
718.97,901
719.31,599
717.95,1787
717.12,753
714.62,200
715.75,635
714.92,424
716.5,1344
716.94,1366
717.81,744
718.55,2839
717.72,3159
716.89,1578
716.6,415
717.83,920
716.92,702
717.12,1357
714.32,1671
714.7,5537
716.36,3118
714.77,5032
715.23,893
704.66,1795
711.83,102
711.83,0
715.77,101
713.5,604
716.35,200
717.22,100
715.35,305
715.35,0
718.54,522
716.88,489
717.54,101
717.92,100
717.16,100
717.16,0
717.16,0
717.16,0
717.16,0
717.16,0
717.16,0
717.16,0
717.42,245
715.87,273
718.28,105
718.28,0
722.58,202
722.09,605
722.52,1587
722.71,3559
723.29,425
723.51,1669
723.14,471
721.31,200
720.87,593
718.26,209
717.78,891
718.6,1301
720.19,2884
723,1052
725.88,961
725.88,0
732.33,870
734.34,445
733.71,338
735.28,251
735.28,0
733.13,1045
731.36,373
730.76,520
729.94,715
731.5,983
732.21,1107
729.39,137
730.77,706
730.95,1401
730.95,0
732.47,471
731.16,405
731.16,0
731.07,321
730.41,268
731.28,299
731.28,0
732.85,331
731.36,655
731.36,0
731.36,0
731.36,0
729.25,141
729.25,0
728.84,116
729.61,304
729.61,0
728.35,103
728.13,110
728.31,709
728.24,1054
727.82,370
730.76,103
730.51,621
731.31,561
731.33,213
729.34,658
728.79,405
728.79,0
729.18,200
729.99,200
729.99,0
727.37,1047
727.37,0
724.57,510
724.69,1463
720.17,545
721.81,330
722.12,310
722.05,1953
720.96,1289
720.96,0
719.2,643
719.87,1234
720.12,803
718.98,2069
718.1,4898
717.08,12537
717.96,2450
717.03,1523
716.99,1791
716.39,1754
715.32,10524
713.92,4101
713.43,4301
714.1,1919
715.5,238
714.82,1016
713.56,1390
713.29,5511
712.11,101
709.76,617
712.23,312
710.19,1965
711.43,534
712.84,1383
712.15,1232
711.16,1761
710.94,1890
711.54,1724
708.6,612
707.2,711
706.77,1373
705.38,2146
705.87,2063
705.62,996
705.85,706
707.09,815
706.84,1329
706.28,2319
706.58,816
706.04,1818
706.09,2149
707.19,778
707.97,400
708.94,782
710.66,1010
712.95,129
713.07,219
712.67,199
712.59,100
713.16,371
713.97,610
710.79,594
711.08,611
710.12,229
710.74,760
709.87,2003
710.03,3716
712.48,401
712.22,301
712.22,0
709.76,131
710.91,103
710.02,223
709.82,368
710.03,354
709.88,316
711.67,514
712.06,662
710.89,374
710.71,313
709.81,502
709.66,626
709.66,0
709.56,100
709.59,614
711.03,206
710.9,200
710.89,642
711.21,517
711.35,901
712.12,3191
713.64,1671
713.65,434
713.67,1155
712.07,3733
712.61,204
712.15,301
712.23,237
712.25,331
711.07,100
710.63,2053
710.51,304
710.19,1760
709.14,959
708.78,564
709.45,4218
708.75,2754
725.9,1752
729.27,1821
726.24,632
726.66,1817
725.41,225
726.01,669
728.62,4559
728.71,2166
728.11,757
728.47,1934
727.94,728
728.49,2544
728.88,834
728.65,1768
730,501
729.03,235
729.8,110
729.32,1418
729.35,100
729.69,492
728.9,824
728.51,696
728.11,308
727.48,595
728.34,1017
727.97,543
728.26,1727
727.47,104
727.59,1000
727.61,417
727.22,814
727.43,304
727.53,1183
727.95,2727
728.45,1261
729.2,1266
727.81,4729
728.09,9026
730.2,1900
734.34,555
732.09,792
731.82,917
734.22,216
734.05,1687
733.95,811
733.44,105
732.62,314
733.47,455
733.87,566
733.31,1215
732.75,1543
732.86,927
732.64,438
732.56,113
732.56,0
732.74,107
733.07,200
733.49,225
732.78,112
733.85,574
733.53,650
734.03,253
734.03,0
733.78,526
733.24,797
733.24,0
732.04,461
732.04,0
732.03,868
732.03,216
732.11,340
732,224
731.67,400
731.18,460
730.27,745
730.58,1254
730.05,3602
732.04,1965
734.14,4722
730.92,583
731.4,4196
735.16,1375
731.3,309
732.7,747
732.65,1867
731.98,1361
731.11,723
732.68,780
733.76,1930
734.26,1589
734.05,200
732.88,965
732.88,1605
731.42,937
730.48,100
730.75,202
732.13,348
732.03,1115
732.84,2334
733.58,855
732.95,993
732.83,444
732.22,5012
732.56,4071
731.57,2492
731.28,1803
731.28,0
732.06,668
732.06,0
731.74,335
731.8,1145
732,427
732.03,1695
732.58,1149
733.39,1484
733.05,6860
729.78,748
732.61,1396
729.8,1180
728.02,402
728.79,206
729.33,216
728.49,300
729.17,244
729.28,538
726.9,100
726.45,100
728.03,203
728.45,502
729.16,102
729.28,227
729.03,2450
729.35,200
729.28,422
728.89,448
728.89,0
727.64,100
727.75,316
728.7,128
728.7,0
728.6,143
728.6,0
729.12,636
728.34,208
728.34,0
726.86,200
726.86,0
727.3,1812
727.3,0
727.3,0
727.3,0
727.12,416
727.69,340
726.79,100
727.66,1086
734.56,1488
731.19,104
731.65,4100
731.98,1562
731.78,119
730.61,100
730.61,0
730.84,472
729.77,102
729.77,229
729.41,719
728.47,827
728.05,100
724.34,108
722.94,179
722.85,2664
723.24,1694
723.41,949
722.92,1514
725.58,204
725.79,2676
727.02,208
727.95,201
727.48,1359
725.93,877
725.93,0
725.44,100
725.44,0
726.46,667
727.98,1253
726.75,2811
723.9,1978
723.9,0
725.11,206
724.23,2112
723.87,271
724.75,1285
723.85,1743
722.97,3467
723.42,205
714.05,571
716.7,1340
717.08,697
713.4,345
714.6,1423
714.68,504
714.28,1202
715.26,853
714.91,1001
714.09,607
714.49,989
714.89,1295
713.34,668
713.35,408
712.34,366
714.4,100
714.82,495
714.59,305
715.01,2741
714.7,311
714.4,103
713.24,100
712.15,206
712.15,0
712.15,0
712.86,463
712.86,0
714.59,118
714.73,208
714.9,200
714.43,1343
714.8,527
714.8,0
714.64,3169
716.2,5172
715.11,986
715.19,954
715.78,4002
713.03,852
710.83,5846
714.87,5212
714.05,3256
714.38,3034
715.52,1436
713.41,2356
714.13,200
715.66,2048
715.97,200
715.9,900
715.9,0
715.58,2667
715.81,792
715.58,3830
715.58,520
715.58,207
715.73,1760
714.93,2061
714.86,540
714.16,233
714.16,0
714.85,770
714.85,0
714.94,100
715.57,1233
714.98,1401
715.06,1487
715.55,300
715.52,1015
715.69,912
715.72,1700
715.72,3559
714.02,1630
714.93,2266
714.59,1718
714.84,3860
714.53,3927
714.5,8785
715.69,3005
716.56,868
714.99,210
708.87,842
709.79,567
709.08,200
713.78,223
714.31,1405
717.27,438
717.56,340
720.48,202
720.24,438
720.24,0
720.24,0
720.24,0
720.24,0
724.67,220
724.77,691
724.77,0
725.44,234
725.44,0
728.1,122
728.1,0
728.1,0
728.1,0
728.12,206
727.51,216
727.27,676
725.38,600
725.38,0
726.32,131
728.37,192
729.13,408
729.13,0
728.33,233
729.12,100
730.09,122
730.25,203
732.09,1137
731.11,2125
736.75,3167
745.26,834
741.69,1735
743.14,2150
744.4,387
742.49,2310
738.42,647
737.52,2822
737.52,0
732.97,130
732.97,0
734.56,1931
731.78,276
730.1,390
735.02,139
738.2,609
738.2,0
736.45,130
731.81,488
729.46,3869
729.46,0
729.46,0
729.46,0
729.46,0
729.46,0
729.46,0
729.89,342
732.28,750
735.8,1436
740.32,1254
746.44,737
744.73,846
745.56,242
744.5,689
746.59,899
746.47,1697
746.29,318
746.29,0
750.57,1245
745.79,303
742.6,104
744.56,934
746.11,733
747.86,350
749.15,1257
748.89,1676
751.94,708
751.94,0
751.94,0
752.44,501
752.9,321
752.88,445
752.89,628
752.77,520
752.71,214
752.86,239
752.37,423
752.56,302
752.06,562
751.91,1360
751.91,0
753.19,603
753.66,316
753.01,488
752.37,4374
747.77,384
750.03,1167
752.11,434
759.82,1635
763.68,1509
762.01,1517
761.18,1937
756.13,3616
757.5,306
757.5,0
754.93,1470
755.29,223
755.29,0
755.29,0
753.04,446
753.34,1022
752.02,727
751.98,113
751.91,510
753.31,982
752.49,212
751.15,998
752.32,918
752.17,624
751.42,957
751.5,1025
752.9,799
755.13,643
757.75,816
752.36,1434
752.22,1699
750.48,401
750.85,994
750.01,123
750.35,205
750.59,1170
748.32,1497
746.22,1364
743.97,5077
754.97,855
742.1,3522
746.53,809
746.21,830
749.28,613
750.48,103
748.51,2334
747.54,436
751.3,333
753.04,212
751.75,203
750.95,200
749.71,1067
749.65,342
750.97,300
748.95,403
749.24,709
749.24,0
747.87,864
749.43,294
748.54,428
748.74,670
748.74,0
748.74,0
748.74,0
745.1,514
745.67,232
746.17,535
744.37,611
744.84,1001
746.78,105
744.8,455
744.85,711
744.76,795
745.25,670
744.84,2012
742.04,892
743.71,2388
740.98,9631
736.05,219
731.04,100
733.73,436
731.11,1311
729.12,110
729.1,838
732.88,1992
729.3,1484
728.93,546
728.93,0
729.23,323
730.61,100
731.17,330
731.18,241
731.18,0
733.57,498
735.17,779
736.36,116
736.36,0
737.24,213
737.24,0
736.22,159
737.02,223
736.51,1050
736.51,0
736.51,0
736.51,0
736.51,0
733.83,314
734.72,437
736.89,100
736.89,0
734.94,332
734.51,776
733.12,300
731.88,493
732.24,704
732.42,1569
733.25,1589
737.44,786
736.23,150
733.16,240
726.14,309
725.27,373
724.87,325
725.97,866
725.5,331
721.85,447
721.95,459
721.9,215
721.9,0
721.95,242
722.51,106
723.52,238
723.55,207
724.63,104
724.63,0
727.58,227
726.79,906
726.79,0
727.04,784
729.51,302
730.6,100
728.29,187
729.12,331
726.41,661
725.27,670
724.25,200
725.26,634
723.71,102
722.7,1006
723.18,305
722.3,112
722.3,0
726.06,412
726.9,1868
725.22,646
725.62,2250
728.15,115
728.99,201
728.66,727
730.32,836
732.4,100
732.28,212
732,267
729.07,328
732.15,331
732.17,201
730.93,339
731.6,351
732.74,203
731.75,100
730.21,441
729.98,407
728.95,331
729.7,141
729.7,0
729.7,0
729.7,0
731.79,433
730.89,100
731.37,668
731.03,332
731.03,0
729.37,401
730.15,100
730.04,728
728.78,424
728.31,1213
728.17,555
726.12,601
726.22,523
725.32,318
726.27,208
727.08,855
728.27,209
731.57,1978
737.29,105
737.29,0
740.77,2623
745.45,361
745.5,690
741.16,292
741.16,0
745.97,1606
745.39,215
748.76,533
748.76,0
748.45,224
750.05,975
750.72,121
748.72,105
749.03,217
748.35,170
748.35,0
747.66,201
748.42,100
748.42,0
747.14,389
747.81,100
747.81,0
746,100
743.54,134
743.84,100
742.86,202
742.6,100
742.6,0
744.17,617
743.89,148
743.89,0
745.82,135
745.82,0
745.82,0
746.15,340
744.97,1107
744.91,2503
744.91,0
744.59,981
741.91,100
741.55,525
742.33,304
743.67,206
743.06,106
743.06,0
739.8,105
740.14,200
740,406
739.1,1445
736.25,110
738.01,498
738.01,0
738.01,0
738.01,0
739.33,428
740.64,101
739.92,122
740.38,103
740.16,134
740.16,0
740.16,0
740.16,0
742.32,490
744.34,100
744.98,382
745.32,313
745.1,117
746.12,453
746.15,212
745.37,342
745.37,0
745.43,447
746.18,220
745.44,386
745.59,1423
747.37,3463
739.72,100
737.62,582
738.76,388
734,300
733.87,100
733.87,0
732.4,107
732.4,0
731.2,108
728.06,133
728.06,0
729.03,104
732.52,100
732.52,0
731.44,400
731.62,233
731.71,100
731.71,0
731.71,0
733.89,1280
733.94,279
733.94,0
733.94,0
734,100
735.35,600
734.21,133
737.02,100
736.79,100
735.27,103
735.95,435
737.36,210
735.86,103
736.68,304
736.68,0
735.63,267
735.63,0
734.51,365
734.87,152
734.46,2861
735.49,1342
734.87,661
735.43,425
735.13,498
734.36,242
734.36,0
730.5,457
730.34,684
731.84,317
732.41,545
730.97,262
734.14,325
733.88,674
733.82,542
732.98,100
731.31,160
733.78,100
733.78,0
731.44,209
732.95,306
733.84,412
733.84,0
733.6,262
733.59,202
733.05,205
733.66,326
734,418
734.38,203
735.5,1022
735.13,501
734.95,200
734.7,107
732.26,817
730.85,918
729.77,408
729.84,974
729.94,729
730.71,248
729.97,1395
730.93,1688
732.81,106
732.81,0
743.51,220
743.05,420
744.21,419
742.86,200
740.7,808
743.15,550
744.26,809
746.39,500
748.22,508
751.37,200
749.46,195
750.83,100
751.81,501
751.09,762
751.09,0
750.16,300
750.9,200
749.8,100
752.4,419
750.83,100
750.89,107
752.41,100
751.76,335
750.01,230
751.57,823
751.21,616
751.26,176
749.69,347
750.11,705
750.15,408
750.04,119
748.32,465
747.67,203
750.7,378
751.32,573
750.35,4506
746.91,875
735.57,783
735.54,1147
734.4,254
735.31,862
734.77,204
734.27,492
733.22,480
734.47,1151
731.76,728
731.47,707
730.55,808
729.1,818
730.1,366
726.59,212
726.96,100
727.76,306
727.76,0
729.28,272
731.11,197
731.57,667
731.56,2082
731.16,618
734.67,102
734.65,120
734.65,0
736.22,1066
735.7,124
735.7,0
735.7,0
735.7,0
735.7,0
735.7,0
735.7,0
741.23,231
740.93,151
741.62,130
741.91,2092
740.49,7290
744.09,346
749.46,100
748.54,500
749.32,1045
749.32,0
753.33,100
753.33,0
750.33,236
749.83,363
749.83,0
750.81,470
746.93,100
746.93,0
742.55,117
742.55,0
743.24,400
743.59,884
742.12,658
741.87,181
741.87,0
743.77,214
743.61,113
743.61,0
743.61,0
743.77,105
743.8,332
745.12,1614
745.12,0
745.64,876
746.2,615
741.82,857
742.9,443
743.81,345
746.59,747
746.4,122
749.76,459
750.76,233
748.52,254
747.34,7503
752.18,924
752.47,981
752.47,0
755.88,420
758.08,511
757.48,441
759.61,343
759.64,106
760.71,108
758.92,1132
759.52,1341
758.43,605
758.43,0
757.77,135
757.68,413
757.68,0
757.77,458
756.65,910
756.65,0
757.75,233
757.75,0
756.06,308
756.38,202
757.3,216
757.3,0
755.86,100
755.86,0
755.52,251
752.1,435
752.78,348
751.93,760
755.53,2800
755.53,0
751.83,211
751.83,0
752.89,144
752.97,983
754.08,614
752.67,3572
753.09,522
756.44,264
761.57,1230
760.35,562
754.56,397
756.88,452
753.82,495
756.89,851
760.08,286
759.2,443
758.66,369
758.66,0
757.96,111
757.96,0
753.53,203
753.88,135
753.88,0
755.75,494
755.94,236
756.91,100
756.46,489
756.46,0
756.46,0
757.22,133
755.15,136
755.14,534
756.58,241
756.58,0
756.58,0
757.05,100
757.05,0
757.05,0
757.05,0
758.49,359
757.75,100
757.75,0
756.25,303
753.99,200
751.21,2654
749.56,217
756.06,265
756.06,0
751.83,232
748.65,205
748.65,0
749.66,314
750.09,592
746.35,647
751.54,202
751.76,464
751.76,0
751.76,0
751.76,0
751.76,0
753.88,217
753.49,637
752.64,589
752.64,0
750.98,1122
753.13,381
752.81,368
753.68,400
754.64,1016
754,220
753.29,200
752.76,548
751.86,1175
752.19,592
750.89,555
751.51,1169
751.53,1353
752.19,205
751.64,102
750.86,198
751.12,1970
751.03,1043
752.99,1672
754.34,2780
758.3,326
754.97,942
754.93,943
753.41,1001
748.5,512
749.8,654
750.1,100
747,100
746.76,494
743.71,1242
742.61,558
740.73,201
738.83,302
737.95,680
741.25,1105
744.51,384
745.55,558
743.86,913
743.52,306
743.11,100
743.18,104
742.45,481
741.77,1420
741.77,0
741.68,1186
741.68,0
743.93,456
743.18,545
740.66,552
738.97,297
738.76,805
735.91,400
735.69,2309
736.81,2547
736.62,1723
738.5,861
738.09,2775
734.62,1422
734.92,6651
746.52,692
740.56,206
743.15,679
744.28,101
742.77,439
742.98,760
743.34,232
744.96,212
747.98,267
749.38,343
747.68,103
746.83,527
746.04,580
746.2,201
745.87,220
746.51,255
746.8,204
744.87,905
745.71,109
745.71,0
745.79,121
747.95,101
747.56,209
747.56,0
747.56,0
748.46,201
748.46,0
748.46,0
748.28,100
748.85,200
748.91,800
748.82,811
748.82,0
748.82,0
748.86,448
748.09,425
748.54,880
749.67,1203
749.74,4465
749.74,0
749.28,995
750.64,107
752.1,672
751.68,1100
752.75,300
753.25,918
752.23,1751
752.75,2183
752.97,100
753.26,453
751.53,100
751.53,0
750.23,400
749.49,706
749.31,436
749.34,570
746.92,300
749.39,234
749.39,0
748.42,554
748.75,101
748.83,300
748.83,0
748.83,0
748.83,0
748.8,100
748.8,0
749.37,200
748.89,100
748.38,200
748.38,0
752.35,100
751.75,100
752.76,368
751.18,379
751.33,646
751.6,719
751.42,2560
751.42,0
751.42,0
753.42,231
754.42,484
758.16,1945
758.16,0
757.33,141
757.69,215
757.69,0
756.98,775
756.98,0
757.65,207
758.12,409
757.73,301
757.73,0
757.73,0
758.14,174
758.51,304
757.17,316
758.41,304
758.63,838
757.93,213
758.51,524
758.69,1778
758.34,390
758.68,355
759.29,497
760.7,829
760.07,102
761.12,594
761.12,0
761.04,255
760.81,1188
760.53,144
760.34,315
761.26,1865
763.81,1155
764.27,2319
765.61,7415
766.69,100
762.7,310
763.07,235
765.88,636
766.18,462
766.38,134
766.38,0
766.96,301
767.84,114
768.96,703
768.96,0
768.96,0
768.96,0
768.23,355
769.62,419
771.22,272
771.66,349
771.42,200
770.17,203
769.95,301
770.36,200
770.57,575
770.1,336
766.83,369
765.97,200
765.8,312
765.8,0
765.8,0
767.81,107
768.16,156
767.45,356
766.49,223
766.5,103
767.85,446
767.73,283
766.96,139
766.96,943
766.07,1022
766.39,1679
766.39,0
767.34,324
766.82,200
767.18,368
767.84,108
764.95,407
764.76,406
766.23,106
767.7,118
767.7,0
767.7,0
767.7,0
769.84,481
770.88,233
771.61,1154
769.8,689
769.86,400
770.21,200
770.5,214
770.56,638
770.35,478
771.12,105
771.45,214
771.95,450
771.8,111
771.43,569
771.88,458
772.36,489
773,531
774.01,114
774.01,0
774.01,0
773.17,294
772.3,622
772.63,366
773.44,348
773.08,879
772.08,274
772.61,2601
772.45,274
771.9,280
768.8,375
768.8,0
766.52,277
768.44,200
769.16,261
770.63,135
771.44,288
771.44,0
773.82,370
773.7,216
773.05,100
773.73,245
773.73,0
772.46,201
772.56,274
772.56,0
772.56,0
773.81,149
772.59,294
772.59,0
773.91,209
773.91,0
773.91,0
773.91,0
773.91,0
775.47,170
775.47,0
775.47,0
775.47,0
776.54,163
776.54,0
776.54,0
776.54,0
776.54,0
776.54,0
773.92,155
775.25,2922
775.25,0
776.11,745
777.96,449
778.15,434
778.15,0
781.2,1289
779.13,805
779.06,668
779.25,529
781.02,873
781.5,1128
781.46,725
780.5,403
780.6,321
780.6,0
780.72,150
780.72,0
780.72,0
780.72,0
780.72,0
780.7,391
779.87,982
779.87,0
781.85,346
782.05,100
780.8,293
781.71,313
781.08,369
781.08,0
780.77,103
780.77,0
780.77,0
780.77,0
779.59,534
779.59,0
779.82,144
779.21,424
780.41,500
777.41,6446
775.76,732
769.24,863
769.24,0
769.24,0
756.84,458
756.61,111
756.41,390
752.68,104
752.68,0
752.68,0
755.01,100
753.49,203
752.91,342
752.91,0
753.76,367
754.5,223
757.09,311
759.65,558
760.96,318
760.51,100
755.87,105
755.87,0
755.87,0
756.83,162
756.38,112
756.38,0
756.38,0
757.53,175
759.54,207
759.54,0
760.79,102
763.52,591
762.98,251
764.3,107
763.92,212
765.06,101
766.5,268
765.61,984
769.41,2072
767.25,275
762.08,566
759.5,750
765.67,583
759.79,1777
755.37,841
754.61,785
753.29,533
754.71,842
757.97,314
755.06,576
756.6,201
759.21,639
756.09,682
756.09,0
753.6,394
753.6,0
754.19,779
751.8,737
750.73,102
750.09,211
750.09,0
750.09,0
750.77,749
748.36,629
745.45,100
745.17,105
745.8,209
748.94,566
749.44,909
749.92,490
750.33,486
750.37,1072
748.54,484
747.21,370
748.27,1911
747.96,1343
747.86,878
749.06,5045
745.67,658
735.22,3950
727.93,1178
729.78,117
733.89,101
734.78,1315
734.7,427
735.96,202
734.04,499
734.68,335
733.02,537
734.7,200
736.55,471
734.37,203
736.25,728
735.81,103
736.23,206
735.29,205
735.44,657
735.44,0
735.52,301
735.52,0
733.37,100
732.17,603
732.98,315
733.87,300
732.87,505
733.3,628
729.81,201
729.68,758
731.06,100
728.03,1299
724.32,819
726.36,792
727.48,504
725.73,205
723.38,808
726.53,655
724.96,4705
713.78,1790
708.8,1307
699.98,910
700.56,598
703.17,1059
708.19,355
714.6,2015
718.94,1575
714.25,427
715.7,278
716.43,101
718.35,1169
713.98,425
714.85,200
715.56,169
715.31,399
717.19,740
718.89,353
718.23,201
717.18,729
716.19,211
716.01,100
716.16,927
713.68,134
713.68,0
713.68,0
713.8,109
712.8,430
713.98,287
715.14,176
715.51,1177
716.81,764
716.89,206
716.1,100
713.85,238
713.49,280
711.9,634
712.23,515
711.7,2195
703.26,1631
701.28,4383
701.28,0
704.6,170
704.32,372
704.43,133
704.22,693
703.8,442
706.11,377
705.95,575
708.08,281
708.08,0
710.5,238
709.32,301
709.32,0
709.32,0
709.39,137
709.39,0
711.06,100
714.15,207
713.53,323
714.05,479
715.02,792
716.59,650
715.85,1389
718.49,1404
717.04,233
716.23,271
716.23,0
717.72,210
717.72,0
717.72,0
716.8,239
716.8,0
714.39,361
713.76,104
713.76,0
712.74,812
712.3,343
693.96,309
690.13,1457
688.87,1438
686.32,2646
685.04,852
687.29,1832
690.06,934
689.15,708
690.02,1182
690.38,1028
690.53,313
690.28,1654
687.88,109
687.27,1572
684.7,1127
685.28,227
684.89,498
685.53,280
687.34,210
689.62,1140
691.22,381
691.81,1064
692.97,383
692.59,600
693.62,287
693.87,510
693.77,107
695.96,225
697.46,312
698.06,607
698.07,106
697.3,280
696.45,447
697.88,328
699.25,844
698.71,215
698.09,236
698.34,858
699.38,2039
699.38,0
689.3,154
689.59,722
694.03,420
690.48,1099
691.19,546
690.88,321
690.88,0
694.16,1032
693.79,309
695.58,242
695.58,0
695.58,0
695.64,109
695.64,0
694.12,110
698.02,500
698.02,0
698.02,0
696.84,151
698.09,484
699.18,596
700.92,100
701.93,103
701.78,293
701.78,0
701.84,211
701.84,0
701.84,0
698.95,270
698.95,0
700.33,389
700.31,355
700.31,204
702.27,424
702,245
703.57,501
702.65,417
702.66,1519
704.67,300
704.67,0
705.52,204
705.59,269
705.59,0
707.77,755
707.77,0
707.85,110
707.85,0
710,679
711.47,760
711.82,604
711.82,0
710.75,433
711.21,351
710.34,100
710.62,768
710.62,0
710.82,313
710.47,1142
710.47,0
710.47,0
708.31,642
708.31,0
704.26,110
702.79,280
701.2,621
700.93,340
699.2,219
699.43,740
699.43,319
701.1,255
701.64,119
700.88,100
701.97,204
701.97,0
699.04,225
700.25,476
702.83,2417
702.83,0
696.46,200
698.72,250
698.72,0
699.16,100
699.73,663
700.02,533
700.82,364
700.36,1573
700.36,0
697.27,206
697.08,2233
697.53,221
697.64,729
697.49,229
696.69,628
696.09,100
696.09,0
690.78,1097
693.1,192
691.69,243
691.14,918
690.8,495
690.59,925
690.27,1965
689.53,1158
687.56,1225
688.33,1091
688.77,100
687.56,115
687.53,200
688.59,108
689.08,300
688.34,100
687.7,611
687.77,1048
690.02,1499
688.27,1041
685.64,3609
678.12,2308
681.13,263
680.42,2930
679.41,243
679.44,2091
681.27,729
682.16,1685
681.19,1133
682.59,401
680.32,1541
673.52,1664
671.84,2174
670.62,1013
672.85,112
672.85,0
673.94,653
674.62,561
675.38,491
675.38,0
675.08,1215
674.92,489
672.77,299
675.32,913
675.32,0
672.99,131
672.97,647
672.87,662
673.26,425
673.67,925
675.01,653
678.02,308
678.43,308
680.52,302
679.96,1734
683.24,2834
686.38,656
686.44,3483
686.54,3672
686.13,5176
686.13,0
675.11,728
673.98,1187
674.51,3811
670.97,3223
670.34,838
670.34,0
675.66,558
675.53,1094
675.04,106
672.58,100
674.8,418
674.63,611
678.23,194
677.2,202
674.84,101
674.84,0
674.84,0
674.84,0
674.88,400
674.88,0
674.88,0
674.88,0
674.88,0
674.88,0
674.88,0
679.3,103
679.3,0
679.3,0
679.3,0
680.68,253
681.07,350
682.04,282
683.41,398
681.63,321
680.45,106
681.98,437
681.41,1111
683.43,1743
680.9,1690
688.09,1145
686.74,1157
687.75,989
685.44,230
682.08,191
682.03,995
678.63,2769
680.45,411
678.42,365
676.07,363
677.23,733
677.14,278
675.19,867
675.19,0
676.36,2938
677.26,272
678.84,208
677.38,390
677.38,0
677.16,421
677.16,0
677.84,160
676.5,278
676.5,0
675.36,251
675.36,0
674.77,344
674.77,0
674.3,152
675.54,105
676.26,297
676.26,0
675.52,2107
676.63,400
677.4,1504
675.26,1376
673.87,961
671.67,7315
672.19,296
677.79,796
682.02,1204
681.62,966
681.73,135
680.93,417
680.93,0
678.8,106
680.09,410
681.71,775
681.71,0
681.71,0
681.71,0
681.71,0
681.12,263
681.12,0
681.12,0
681.12,0
681.12,0
684.38,285
683.43,100
683.43,0
683.43,0
683.43,0
682.11,401
682.11,0
680.68,104
683,484
682.39,716
683.27,483
682.11,248
680.61,110
680.97,402
679.07,139
677.14,284
676.11,760
675.52,611
673.4,1083
672.97,5669
680.33,1646
679.55,1744
679.55,0
679.55,0
673.4,113
674.79,477
673.42,338
670.48,310
674.64,560
674.88,1006
673.91,147
674.35,746
673.45,933
672.48,718
672.48,0
672.36,134
672.86,245
672.17,300
670.86,100
671.11,723
670.09,706
670.04,100
670.83,1068
670.83,0
670.83,0
670.83,0
669.8,102
670,562
669.02,733
670.05,1176
669.07,570
669.02,363
666.48,116
665.97,876
664.49,1294
664.49,0
662.8,193
662.8,0
664.55,3755
656.51,152
654.54,716
657.3,785
654.1,1025
655.84,672
654.09,558
655.72,653
655.66,512
653.95,291
652.67,439
648.42,519
649.45,544
648.82,856
648.62,840
646.33,648
651.86,390
648.82,747
645,211
645.67,592
646.69,378
648.22,397
648.21,281
653.77,329
653.48,721
654.19,404
654.52,340
655.31,1401
658.55,1661
659.33,868
654.15,673
653.76,328
653.03,287
652.63,100
657.67,246
658.21,386
658.31,5453
659.1,3982
664.48,8414
667.65,4344
670.11,630
669.23,978
665.53,1493
661.84,116
661.84,0
661.85,835
662.31,638
661.87,530
664.16,831
661.19,466
656.74,506
659.27,534
659.59,247
658.87,202
659,664
659,0
659,0
661.14,101
659.06,129
658.4,110
656.47,993
656.88,827
657.73,420
659.44,411
661.14,964
661.9,992
660.56,707
662.45,1266
661.68,1205
664.21,517
664.16,756
663.88,2325
666.24,1598
666.08,954
664.79,1454
665.38,1389
661.39,1707
662.2,2555
660.15,11030
664.29,903
662.5,887
663.81,344
666.95,606
665.75,1982
663.35,1255
661.04,1938
658.77,641
658.23,452
658.25,217
658.87,1161
658.73,581
659.71,1096
659.83,1155
657.96,600
658.53,895
658.53,0
657.43,506
657.41,100
658.05,234
659.06,1320
658.36,503
659.06,809
656.71,309
657.07,1402
655.07,633
654.48,1627
657.15,2034
654.13,575
652.59,150
651.39,1162
651.88,2846
644.69,2912
640.57,604
640.92,2816
637.59,5444
638.13,4522
636.09,4569
637,7380
642.15,453
639.14,1434
639.68,1680
640.34,490
643.28,355
642.48,212
638.86,470
636.23,560
637.68,1421
641.76,2384
641.58,1335
639.52,205
639.38,800
640.13,1300
639,1364
640.25,117
640.14,821
635.72,300
634.79,627
632.51,165
633.69,246
633.56,949
629.33,718
627.55,374
630.97,300
630.83,228
630.83,0
633.46,859
632.3,213
629.05,204
629.05,0
628.54,599
629.01,533
628.5,198
626.37,477
626.26,319
629.08,174
630.41,769
628.44,4386
630.05,1459
621.97,1162
620.19,608
625.62,519
626.77,1363
627.2,2137
626.05,110
625.29,210
626.23,779
628.39,732
628.29,1643
627.38,836
629.14,304
630.5,485
630.91,263
632.92,434
632.39,353
631.63,433
632.39,103
631.96,200
631.96,0
631.96,0
633.22,101
632.89,227
633.38,297
631.99,222
632.69,372
634.83,935
634.83,0
635.07,411
637.62,801
638.22,2274
642.17,251
642.19,702
641.51,351
642.28,1356
641.51,3301
642.16,1104
647.11,5068
651.52,148
654.57,1927
656.58,944
656.58,0
656.58,0
656.7,1013
654.73,628
655.97,676
657.9,201
657.9,0
657.72,302
656.29,956
656.76,330
656.38,424
657.51,1128
658.04,546
657.25,1891
658.67,474
659.61,527
657.79,356
658.15,350
658.61,487
658.5,1813
659.04,703
658.26,100
659.01,1334
659.75,1821
660.15,516
660.61,1317
660.48,701
661.4,256
661.08,237
661.54,1422
661.03,1307
662.11,2486
663.13,761
662.07,870
663.46,2844
664.03,4903
661.64,373
658.34,908
661.78,943
659.37,2267
661.29,1677
660.2,1781
654.56,290
653.79,537
655.8,117
657.9,425
657.9,0
656.26,200
657.19,408
657.36,500
658.47,256
657.46,892
654.89,100
654.9,1077
651.12,203
649.87,605
651.6,482
652.87,234
652.87,0
654.82,504
654.82,0
657.1,236
656.65,233
656.65,0
656.95,263
654.99,572
657.15,745
656.72,487
656.3,482
657.77,445
657.96,240
658.43,102
658.74,2689
657.48,1537
657.34,5200
661.52,100
661.33,313
658.58,533
659.21,1615
660.4,383
661.16,241
661.16,0
660.29,198
660.29,0
658.9,112
658.9,0
658.9,0
659.2,100
658.21,495
658.21,0
661.15,101
660.69,436
660.03,791
659.41,350
660.57,244
660.84,175
660.65,443
661.6,201
660.56,100
660.56,0
660.43,180
660.43,0
661,208
659.88,205
660.08,404
659.21,245
659.21,0
659.21,0
658.12,101
658.05,159
657.49,310
658.65,723
658.65,0
658.32,2231
652,103
651.6,905
647.68,651
646.04,2564
651.49,1328
652.18,750
653.73,1639
653.73,0
651.72,821
651.72,617
652,1016
652,0
652.67,100
652.67,0
652.67,0
653.41,749
652.25,657
653.1,642
653.1,0
652.63,100
653.1,713
652.18,200
652.12,2051
657.22,1441
656.86,547
656.86,0
656.83,211
658.92,200
659.1,100
658.46,100
658.07,742
657.21,243
656.71,101
656.54,339
656.76,942
658.79,1218
658.24,1521
656.31,1132
655.78,3028
651.18,775
652.13,135
653.29,695
651.33,481
650.23,382
651.52,144
648.84,1529
645.97,100
647.23,103
647.73,100
649.41,484
649.41,0
649.41,0
649.41,0
649.41,0
649.41,0
648.8,134
648.8,0
649.56,192
649.47,1087
649.59,942
650.57,133
652.22,785
652.03,300
652.03,0
651.42,400
651.84,472
651.84,0
650.35,239
650.35,0
650.75,576
652.23,572
649.55,501
649.78,840
651.98,299
650.28,156
649.56,530
647.11,1457
646.1,5623
644.89,683
646.83,205
646.7,402
646.7,0
646.7,0
646.75,1661
643.95,333
643.97,228
643.1,144
643.1,0
643.53,100
642.58,246
642.58,0
642.58,0
642.58,0
642.58,0
642.58,0
642.05,214
642.05,0
639.56,114
641.24,101
642.55,103
643.89,200
643.06,216
643.3,294
644.32,227
641.56,729
641.25,734
640.22,1142
639.61,2149
638.49,502
640.18,369
640.71,663
640.76,108
640.76,0
643.3,211
639.13,112
639.07,151
638.57,3277
637.71,311
637.04,1074
636.43,838
637,608
636.47,907
638.71,304
637.45,615
639.4,1471
640.58,4731
642.05,1658
644.93,804
645.07,997
644.56,554
643.56,1043
643.47,237
642,1082
642.96,1038
642.19,753
638.08,508
639.13,518
638.04,473
636.03,518
634.99,200
633.88,214
634.03,702
633.89,705
633.9,628
635.37,749
637.11,897
636.18,274
635.53,104
635.35,1297
634.72,1300
634.07,1148
636.39,1095
636.94,1585
636.35,2531
636.68,2441
636.75,9997
650,1605
651.16,2361
653.69,907
651.36,100
652.43,440
652.09,170
653.81,325
652.04,840
651.21,805
651.16,159
651.16,0
651.16,0
651.22,405
650.81,149
651.38,195
650.97,101
650.99,1517
652.16,1189
652.11,508
652.39,885
652.39,0
655.43,221
654.16,947
652.56,200
653.88,111
652.1,100
652.37,571
654.63,880
656.43,408
657.1,118
657.92,883
657.11,1125
657.11,0
655.6,105
655.6,0
657.07,800
658.84,1020
658.02,1629
658.79,4131
642.78,924
646.37,103
648.61,731
646.33,494
645.93,897
645.93,0
647.29,409
649.39,840
648.5,939
645.75,880
647.52,200
644.92,1401
644.49,1354
643.45,2255
644.3,779
643.23,1254
643.88,753
643.61,604
642.4,101
642.4,0
639.63,100
639.63,0
640.52,380
636.99,502
635.3,272
636.93,655
637.57,317
638.15,165
636.37,596
635.69,106
637.68,127
637.67,288
637.67,0
637.67,0
635.26,104
634.79,271
633.48,550
630.46,904
629.97,2099
633.9,505
632.93,704
629.59,603
627.93,1370
629.51,3564
629.77,205
629.77,0
629.77,0
627.71,490
627.71,0
626.13,676
623.59,301
623.53,584
623.56,614
624.68,926
624.68,0
624.39,289
624.39,0
623.47,946
621.14,173
620.75,207
620.75,0
621.08,432
620.91,270
618.86,429
614.94,216
617.26,3064
617.79,194
618.28,176
617.85,496
617.7,1104
616.79,331
614.87,464
615.29,422
617.23,654
617.03,370
617.61,419
615.58,786
619.59,2378
612.2,100
616.09,463
616.09,0
611.81,642
611.81,0
610.69,125
609.68,307
609.38,805
613.1,712
611.37,532
610.41,769
612.89,307
612.77,417
612.67,200
612.58,201
613.24,200
614.66,580
614.6,110
616.37,386
616.5,789
615.68,243
615.24,100
615.04,329
613.78,201
612.34,471
613.27,371
611.2,578
609.82,490
609.57,306
610.68,3384
611.73,1349
612.78,662
614.19,630
613.29,757
614.12,688
613.78,1382
616.95,757
615.56,1155
615.15,2749
622.22,577
620.47,300
615.94,452
618.46,300
618.46,0
617.33,919
617.74,565
618.45,439
621.04,378
620.64,918
622.04,830
620.85,805
620.26,740
623.14,348
623.14,0
623.28,840
622.33,443
621.56,264
620.42,883
618.84,104
618.84,0
619.78,452
620.26,345
620.57,200
621.56,141
622.14,955
622.19,1063
621.45,228
620.65,612
621.26,608
620.92,721
620.39,875
619.9,264
619.32,498
619.66,772
619.79,1170
618.16,2779
617.53,3633
619.08,6043
617.11,129
616.61,646
616.96,515
616.67,515
615.13,1422
613.09,320
613.28,372
612.03,824
612.01,796
611.46,351
613.3,117
613.25,407
612.11,101
613.82,209
614.19,101
614.59,330
614.59,0
612.87,577
612.87,0
612.69,127
613.14,530
613.14,0
613.14,0
612.93,156
612.93,0
612.36,213
612.39,206
615.51,1705
614.61,693
616.02,777
617.88,834
617.85,909
617.15,103
619.17,475
619.48,814
618.37,491
618.37,0
618.84,1140
619,2146
648.8,4553
648.33,1138
641.35,666
640.79,3600
644.58,1156
645.01,2826
641.86,1828
640.44,1597
642,1786
641.34,1880
637.78,911
636.82,1331
638.54,1488
639.37,1075
643.54,853
644.61,864
644.68,112
645.61,2107
645.46,311
644.31,434
643.35,139
636.7,568
635.33,125
636.09,123
635.05,1315
635.05,0
636.72,235
635.57,312
635.66,100
634.59,439
634.32,1338
634.14,578
633.49,679
634.45,992
635.39,451
635.3,998
635.51,1123
637.05,2007
634.65,7524
631.33,568
639.82,1088
639.46,2971
640.48,942
639.28,1509
636.74,504
638.51,243
639.62,1450
639.79,620
642.15,414
639.42,344
643.85,461
643.85,0
643.85,0
641.46,1574
638.73,590
639.99,987
640.46,836
636.67,387
635.47,106
634.37,601
632.8,303
633.01,258
633.84,492
633.1,205
633.1,0
634.69,102
635.78,988
636.47,315
638.56,322
637.92,102
637.55,309
636.88,654
637.86,551
637.32,2180
637.32,1827
636.1,1746
634.94,1621
636.74,4673
627.39,1592
627.48,302
631.79,100
633.18,449
629.5,458
628.27,601
626.1,214
624.92,411
622.59,208
622.85,903
623.54,100
622.36,621
624.36,224
621.97,450
620.81,435
622.67,101
623.02,188
623.75,252
623.76,540
624.15,300
623.76,200
623.94,200
624.14,425
622.74,100
622.74,0
623.56,316
623.56,0
623.56,0
623.84,491
623.84,0
624.75,100
624.1,1559
630.6,1421
629.41,808
629.95,365
627.58,128
627.58,295
627.58,0
623.92,6898
628.43,1444
632.96,974
631.05,425
629.17,300
628.43,201
629.03,767
629,970
627.69,435
626.09,601
627.2,1001
627.36,605
627.19,720
625.92,653
628.33,337
627.02,308
626.88,389
626.72,1000
627.58,679
628.74,965
625.93,1457
625.63,334
623.09,134
622.36,878
622.36,0
623.31,103
623.82,201
623.86,550
625.16,241
623.44,517
622.91,1423
620.09,1357
618.58,1152
618.47,1929
616.8,990
617.2,1350
618.43,1081
620.31,828
618.62,827
618.59,6643
610.03,832
611.36,1343
611.86,1030
612.96,5559
612.52,788
615.56,828
613.23,1184
616.24,291
616.24,0
618.58,532
620.78,681
621.02,811
620.4,1270
617.98,106
620.01,220
620.83,235
619.66,298
619.48,149
619.88,641
622.15,237
623.41,2526
627,1694
628.3,1876
629.6,1474
631.43,1767
634.3,1025
636.62,4892
638.05,2458
636.01,784
636.01,0
638.57,1589
641.56,3131
641.55,4382
642.19,1133
642.45,1915
641.99,2194
641.75,1434
646.52,2559
647.67,6736
643.81,1327
650.39,565
643.41,110
636.38,514
635.86,576
641.18,466
642.23,285
642.23,0
644.07,1370
644.37,603
644.54,403
644.54,0
644.54,0
644.54,0
646.14,970
648.05,440
648.05,0
648.05,0
650.76,544
650.4,189
648.95,797
648.95,0
649.8,635
652.1,339
652.69,1350
655.23,390
655.25,384
652.33,274
653.34,312
652.88,641
653.88,1189
652.8,232
653.49,160
652.66,104
652.02,137
655.28,795
654.76,3381
655.85,3533
658.03,3315
645.91,565
646.08,235
646.08,0
642.56,114
642.7,114
642.7,0
643.41,440
643.84,251
644.26,823
644.57,318
645.09,200
648.5,266
651.44,301
648.44,100
649.33,391
650.17,200
647.67,463
649,506
646.54,120
646.54,0
646.54,0
646.54,0
643.86,100
643.86,0
643.36,110
644.96,106
646.15,671
646.18,1367
642.89,651
642.89,0
643.67,208
643.36,521
645.02,266
646.04,308
644.69,965
645.8,670
644.08,437
645.5,3469
649.97,9477
653.79,113
655.24,517
654.59,820
648.13,460
652.81,108
651.33,424
653.64,517
653.76,794
651.86,1273
652.5,344
654.17,1216
656.6,272
653.87,436
652.84,454
649.37,804
647.65,133
645.89,127
649.22,100
648.64,305
649.22,428
647.3,251
647.3,0
649.57,380
649.51,3715
652.02,524
650.79,504
650.37,271
652.17,385
651.43,483
651.43,0
653.55,957
652.57,330
651.09,430
650.49,1150
651.77,480
650.06,1283
649.62,1991
650.79,3212
648.03,8162
647.03,1322
646.31,1097
646.93,2425
645.75,321
645.8,1112
642.6,579
643.22,396
645.22,1120
647.6,886
647.33,203
645.37,200
646.54,1542
647.36,864
646.65,300
644.04,399
645.8,100
645.95,101
645.54,869
644.06,264
644.45,498
642.85,289
644.99,413
646.39,1766
647.19,1756
647.84,1002
647.89,1441
647.96,998
647.62,1669
648.56,1237
650.43,792
649.91,671
651.04,1120
650.5,100
650.71,845
650.52,1160
649.61,1789
650.55,318
650.6,1627
653.1,4548
652.13,850
657.1,869
652.95,645
653.44,442
652.02,1948
652.24,710
651.52,525
653.89,839
654.41,330
655.03,566
654.14,1045
655.95,500
656.24,975
656.89,301
657.28,208
657.28,0
657.57,312
658.79,402
658.79,0
659.53,300
660.31,105
660.76,100
661.73,845
662.7,387
663.37,1257
662.98,201
662.99,693
663.77,717
662.86,1034
663.59,320
664.2,113
664.31,837
661.41,204
660.88,237
660.84,929
661.95,1063
661.23,793
660.21,2340
660.5,5298
661.99,326
660.28,1086
664.57,736
666.47,249
664.45,231
664.45,0
666.24,545
666.59,343
666.82,337
666.13,302
664.06,197
664.15,708
666.77,381
667.94,312
665.92,402
665.56,439
667.74,106
667.29,115
666.05,266
664.71,453
663.67,158
664.99,253
661.64,103
661.69,223
661.33,502
661.27,205
660.99,396
659.89,400
660.15,409
660.19,1699
660.19,0
663.28,247
662.24,165
661.58,162
661.32,630
658.98,477
661.4,336
660.4,754
662.83,2609
661.57,315
661.57,0
657.97,1438
659.39,883
654.53,876
654.96,670
653.65,1744
654.23,500
653.54,731
653.54,0
649.83,351
650.83,346
648.85,200
648.85,0
650.71,417
649.61,182
649.21,200
650.17,100
651.27,1915
652.09,464
652.09,0
652.33,100
652.33,0
652.33,0
653.75,2038
655.13,601
653.01,218
653.01,0
653.01,0
650.07,100
650.07,0
649.35,203
647.93,395
647.28,233
647.24,644
648.04,1975
648.25,393
647.82,1995
647.92,2913
643,105
644.87,386
645.95,665
640.37,323
640.08,436
638.82,100
637.39,348
637.39,0
637.44,203
640.22,940
638.3,1443
635.84,1196
631.15,1122
629.78,1889
629.78,0
631.27,1837
630.34,5777
636.28,1305
638.72,1231
638.46,1051
637.8,535
637,1956
637.55,3057
638.05,412
637.01,949
637.21,1043
634.79,554
628.35,1951
629.04,313
629.78,651
631.13,304
636.44,3021
637.54,1659
635.46,1450
635.69,510
634.37,905
631.07,1889
630.2,3032
628.5,4719
642.56,1468
642.62,1032
643.86,984
649.42,238
650.68,2744
654.32,1306
652.54,3277
649.65,887
646.63,655
645.59,2539
648.07,731
648.07,0
648.29,400
650.8,1331
652.89,504
652.89,646
652.23,801
652.99,6058
652.83,791
655.8,516
655.33,421
654.97,719
656.81,898
656.81,0
656.54,301
655.66,200
653.89,315
655.52,1741
653.54,1253
651.25,809
651.17,790
651.43,318
651.27,506
652.92,237
654.27,765
653.57,915
654.77,1048
652.47,4121
653.3,4314
643.02,1196
638.51,219
634.15,376
635.3,1590
636.89,3697
640.57,1310
636.27,1094
635.18,266
635.18,0
635.3,213
636.58,379
635.92,630
638.77,1366
642.28,772
641.91,2207
643.45,260
642.11,836
643.79,550
642.12,233
642.16,200
642.16,0
641.97,227
641.85,2519
642.24,301
643.09,624
644.39,265
644.66,201
645.77,205
645.77,0
644.78,570
646.15,312
645.52,103
645.52,0
646.42,2170
646.54,1464
645.41,472
646.21,1479
648.44,3124
649.24,6175
651.03,316
651.03,0
649.34,212
649.75,651
649.35,511
646.88,544
646.47,275
648.5,3251
648.77,199
647.46,205
647.46,0
647.46,0
648.33,215
645.62,258
644.95,140
644.95,0
644.95,0
645.4,306
644.35,212
644.73,334
644.57,308
644.45,123
642.67,282
642.46,119
642.89,231
643.7,140
642.64,100
642.64,0
643.1,1982
647.03,150
647.03,0
647.21,300
644.02,100
644.02,0
643.55,825
643.26,434
642.67,140
642.28,648
641.96,3405
642.97,423
640.71,404
640.71,0
640.85,109
641.27,302
635.57,109
637.38,201
635.76,204
637.34,1352
637.34,0
635.04,704
635.04,0
635.04,0
633.85,307
634.06,446
634.06,0
630.49,954
626.03,538
626.75,964
626.75,0
623.86,257
623.98,233
624.24,1554
624.8,716
624.8,0
627.01,103
627.96,249
627.96,0
627.96,0
628.07,338
628.35,102
628.35,0
628.35,0
628.35,0
628.35,0
630.67,152
628.83,146
629.59,399
629.24,645
629.24,0
630.98,303
631.36,707
640.09,199
639.32,210
639.32,0
640.2,889
639.9,100
639.37,1144
639.37,0
639.29,864
639.29,0
640.95,121
640.84,190
641.06,712
639.45,728
640.45,114
640.45,0
640.59,100
639.46,208
639.01,435
640.54,900
640.54,506
641.37,400
642.57,612
642.23,933
642.31,293
643.03,235
642.65,135
641.31,413
641.22,302
643.98,707
646.14,653
646.46,1441
645.64,100
646.41,1233
646.06,3107
646.96,3822
647.65,3202
655.03,214
654.64,396
654.64,0
654.64,0
647.74,469
649.82,1841
645.41,4827
643.51,389
645.52,210
642.7,657
645.09,206
641.05,1008
644.59,105
645.17,179
645.17,0
645.17,0
646.66,611
650.09,359
650.47,1009
650.96,203
650.96,0
650.5,244
649.41,676
648.8,883
647.5,134
646.77,343
647.74,322
643.68,312
640.55,986
640.55,0
640.55,0
641.41,679
642.26,348
643.24,208
643.24,0
643.24,0
646.77,122
646.34,305
648.09,3256
653.01,235
652.05,200
653.46,100
655.99,341
657.23,286
656.53,458
657.94,100
657.78,209
657.62,162
657.62,0
657.62,0
654.95,372
654.95,0
657.21,406
657.21,0
657.21,0
657.21,0
656.59,134
658.11,470
658.11,0
659.61,102
657.05,161
657.05,0
657.2,100
657.2,0
657.2,0
657.2,0
657.2,0
657.17,100
655.79,208
655.79,0
657.9,580
658.75,607
658.57,202
658.25,1002
659.03,101
659.53,1260
660.09,813
660.96,2764
669.05,450
667.5,333
667.5,0
672.43,454
674.92,201
673.42,368
670.64,200
669.14,236
669.14,0
669.14,0
669.14,0
669.14,0
667.45,604
667.45,0
667.45,0
669.6,100
669.6,0
671.49,201
671.49,0
671.49,0
671.49,0
669.67,206
669.67,0
669.67,0
669.67,0
671.46,237
671.55,100
670.57,100
670.57,0
670.57,0
670.57,0
670.57,0
671.29,393
672.26,101
672.79,414
673.83,1600
676.07,2363
675.32,2524
675.46,6447
671.89,302
677.45,342
675.5,496
671.97,200
672.04,787
668.03,633
667.94,200
666.48,683
667.59,2876
667.91,1109
667.91,0
669.35,295
669.82,130
669.82,0
669.32,411
669.32,0
668.28,444
666.97,100
665.65,100
665.65,0
660.85,311
659.98,200
660.52,442
658.25,526
659.01,2772
659.68,600
658.79,1556
659.69,922
658.12,248
658.27,411
660.01,672
660.62,1557
661.38,404
659.33,707
660.97,405
661.04,410
661.04,0
660.77,899
660.6,1758
662.25,159
662.25,0
662.25,0
660.32,310
660.5,440
659.88,269
663.6,100
663.6,401
663.75,265
661.56,124
661.56,0
661.56,0
663.35,200
663.41,3828
663.93,568
663.5,519
661.71,233
661.71,0
661.71,0
661.71,0
661.71,0
663.31,2215
662.02,846
662.05,507
662.95,1138
662.95,0
662.95,0
661.98,350
661.98,0
661.98,0
661.98,0
661.95,315
662.59,152
662.42,533
662.61,1943
662.61,400
662.11,247
662.43,2794
661.85,4103
659.85,1281
659.85,0
653.01,773
651.03,1237
649.05,1447
650.27,550
653.24,443
653.24,0
653.33,281
657.43,1842
654.26,623
654.26,0
656.75,100
656.75,0
656.76,100
658.4,100
656.4,380
656.4,0
655.71,200
656.1,756
655.24,604
656.97,100
656.97,0
656.97,0
656.97,0
656.97,0
656.97,0
656.07,373
656.07,0
656.07,0
655.14,138
655.14,0
655.14,0
655.14,0
653.97,493
656.05,304
654.93,100
654.93,0
653.3,2421
651.04,473
651.04,0
649.95,340
650.08,420
648.79,199
648.76,148
648.79,405
649.93,2076
650.79,742
651.6,101
651.6,0
649.91,343
650.41,212
652.13,306
651.91,3616
651.93,359
651.93,0
649.49,363
648.72,853
648.12,1530
648.12,0
648.85,419
649.53,204
650.44,253
650.37,276
650.37,0
651.89,220
651.89,205
651.59,237
651.59,0
651.87,100
651.87,0
651.48,118
651.48,0
651.48,0
651.48,0
652.74,870
652.16,537
652.66,4814
658.04,300
658.04,0
656.98,100
656.98,0
650.69,100
650.69,0
652.8,200
652.8,0
651,112
650.43,106
647.05,391
647.59,240
647.89,323
649.11,552
649.38,1549
649.45,933
651.49,2912
650.73,1977
649.14,556
648.86,462
649.66,172
649.67,489
648.7,423
648.09,106
647.96,100
648.32,400
649.19,972
650.73,811
650.73,0
652.68,155
652.68,0
652.68,0
653.37,443
653.37,0
652.84,388
651.72,181
650.72,227
651.47,932
650.32,2131
652.37,653
657.23,2721
660.67,270
659.5,660
662.39,466
663.57,3541
664.77,514
665.64,1947
668.63,505
669.86,405
670.11,1071
670.61,1254
669.75,1083
668.4,369
668.6,1880
668.6,141
668.6,0
666.32,144
666.12,510
666.36,718
667.43,100
667.77,404
668.93,3406
668.93,0
671.97,934
673.15,2153
674.36,1673
674.36,0
671.62,269
672.32,242
672.32,525
671.33,209
671.33,0
671.03,795
673.02,3660
674.51,1037
675.24,3540
673.84,1428
673.71,1608
676.56,5715
680.5,1907
679.15,2191
679.22,767
677.9,882
676.22,606
678.98,1212
678.52,666
682.86,263
681.78,100
681.78,0
684.47,1950
687.25,175
687.08,106
687.08,0
687.08,0
687.08,0
689.08,189
688.59,355
691.1,701
691.75,959
692.51,447
692.95,814
694.02,474
693.57,645
691.61,671
691.4,401
692.04,125
694.07,682
693.07,179
694.9,430
695.34,913
697.9,1088
697.57,2115
700.76,216
700.34,1658
702.87,3579
703.41,3895
704.86,8022
698.13,1039
696.98,327
697.24,186
701.45,151
701.45,0
694.11,232
695.47,423
693.36,220
694.3,221
693.83,1094
692.02,253
691.81,139
689.22,526
689.18,2351
691.13,101
692.93,390
692.93,0
692.75,209
692.75,0
693.07,235
692.67,418
692.67,0
692.67,0
690.15,102
690.15,0
691.47,150
691.47,0
691.47,0
692.85,100
693.18,311
691.3,701
692.42,331
693.12,444
692.41,251
690.77,149
690.77,0
690.77,0
692.29,963
693.39,1728
699.21,405
695.37,1891
699.42,423
700.36,739
698.4,191
698.34,166
699.66,533
700.56,622
701.53,132
701.59,1915
702.76,1429
701.85,857
701.1,617
701.85,1125
701.85,0
701.85,0
701.85,0
699.92,100
699.67,418
698.75,881
698.91,648
696.52,100
695.84,384
695.38,135
696.07,911
695.72,262
694.61,642
693.23,552
692.45,676
693,133
692.64,333
693.25,200
693.85,350
691.34,312
691.34,0
690.29,266
690.27,360
689.35,753
687.54,8796
685.2,280
682.95,594
683.7,443
684.51,368
687.54,319
687.58,541
687.58,0
689.61,320
689.92,1126
690.41,351
690.41,0
690.56,452
691.25,624
690.53,200
691.91,960
691.91,0
691.91,0
692.13,143
692.79,204
692.79,0
695.77,252
695.93,298
695.93,0
696.32,113
696.32,0
697.06,200
697.01,702
697.11,411
698.1,323
698,521
698.41,333
699.02,443
698.89,1589
698.21,526
701,105
701,0
701,0
701,0
701.29,2857
705.56,701
705.56,0
705.99,309
705.53,101
701.84,206
705.21,110
706.06,111
704.98,310
706.26,875
704.77,100
706.01,100
706.01,0
706.03,185
705.07,100
704.21,100
705.44,205
707.46,278
707.59,717
707.1,301
706.04,190
705.93,100
705.93,0
704.28,133
706.18,1938
706.18,0
707.19,140
706.81,186
707.41,740
706.63,653
707.23,522
707.42,722
708.36,541
706.53,679
704.96,562
703.23,105
703.51,310
702.4,331
701.61,273
704.82,2785
697.97,811
704.68,305
708.49,1292
706.86,131
706.15,302
706.15,0
705.74,894
705.51,2379
705.51,0
705.51,0
711.37,305
712.07,391
711.31,202
709.02,103
709.45,172
708.32,535
709.5,301
710.88,2000
712.3,703
713.41,539
711.52,1253
709.82,2007
711.52,383
711.06,1091
708.99,301
709.06,813
707.37,876
705.21,504
705.52,648
706.27,931
706.56,311
705.92,678
705.51,879
705.71,100
704.63,411
705.04,1656
702.34,784
701.65,1860
700.3,4361
695.76,1860
696.28,5001
699.49,6056
702.38,4834
700.57,1539
700.46,1682
694.74,683
696.41,526
694.28,197
696.87,312
696.37,455
694.47,869
695.21,909
695.91,1820
697.98,674
697.98,0
694.91,100
693.57,1193
694.34,327
695.23,100
696.87,100
696.92,1924
698.23,371
699.06,557
699.6,915
701.45,422
702.67,3775
701.21,1971
700.37,1215
700.59,652
700.25,1348
701.82,100
702.95,1075
705.89,2505
704.04,545
701.4,110
701.62,471
702.53,588
706.22,2415
700.18,1170
700.17,567
700.99,255
703.99,883
704.61,2138
699.74,480
700.2,1705
698.09,629
699.79,339
698.97,201
697.71,439
699.09,440
699.09,770
699.16,314
699.81,210
698.72,652
700.17,306
699.35,401
697.6,419
698.94,783
695.99,580
698.05,436
698.62,435
698.53,307
698.94,450
698.7,352
697.05,756
698.84,313
698.12,582
698,686
697.97,420
699.1,465
699.55,783
700.74,873
701.34,325
700.55,426
700.08,1668
702.55,580
701.37,1231
696.78,384
697.45,119
698.36,226
698.89,2504
699.41,385
700.92,549
700.05,301
699.4,465
700.26,1146
701.14,211
701.57,201
703.08,608
703.97,413
704.15,2236
701.59,1296
704.63,460
704.26,321
704.55,899
704.55,0
703.02,100
702.26,906
702.49,341
703.36,468
704.64,100
704.42,400
705.97,493
705.29,537
705.39,320
706.36,1099
706.34,1087
705.11,616
703.86,731
705.2,1506
706.61,308
706.01,408
706.28,277
706.73,1397
707,1785
706.87,6388
706.7,864
711.01,726
711.44,1325
705.9,1421
703.73,606
703.54,900
702.3,1279
700.71,539
700.71,0
702.5,214
699.93,137
700.45,716
700.45,0
700.45,0
700.45,0
694.6,126
693.46,261
695.58,690
696.55,301
696.17,145
696.17,0
698.96,117
699.52,346
698.16,971
697.08,638
697.08,0
697.08,0
698.66,101
698.66,0
698.66,0
698.23,1614
699.64,205
700.36,356
699.03,349
698.57,620
694.48,643
692.57,105
692.81,1901
692.64,4457
689.68,404
686.08,435
691.46,200
689.97,107
689.97,0
687.6,122
687.65,1543
686.22,596
688.68,134
688.4,276
690.98,102
690.98,0
692.21,783
691.42,790
690.93,215
690.93,0
690.93,0
690.93,0
690.93,0
686.64,200
688.79,100
685.99,414
686.27,468
686.27,0
686.91,222
686.79,577
684.09,200
683.25,370
681.8,1041
681.8,0
682.78,383
682.78,0
684.08,453
685.2,249
682.72,518
682.55,511
682.12,1650
682.51,3090
683.91,5106
683.91,0
687,125
687,0
686.02,275
686.72,103
687.84,481
688.69,827
688.71,452
690.97,213
690.6,102
690.39,533
690.39,0
691.88,256
691.78,100
691.47,135
691.47,0
690.88,762
690.12,796
690.1,400
689.68,257
689.29,354
689.29,0
689.29,0
687.73,141
687.73,0
686.65,354
686.75,310
687.4,447
687.4,0
687.4,0
687.4,0
687.4,0
687.4,0
691.05,1517
693,900
693,0
691.7,742
693.19,192
692.67,2240
691.51,102
691.51,0
691.39,556
689.21,235
689.21,0
689.21,0
685.85,153
685.85,0
687.39,537
687.39,0
686.47,123
686.47,0
686.47,0
687.5,423
687.15,100
687.35,400
688.58,101
688.58,0
688.58,0
688.58,0
688.58,0
687.19,134
687.19,0
687.19,0
687.19,0
687.19,0
687.19,0
687.19,0
687.1,119
685.17,609
685.17,0
685.17,0
682.51,105
682.51,0
682.51,0
682.5,516
680.62,370
679.35,3987
678.46,3605
678.46,0
675.83,148
675.83,0
675.83,0
669.97,157
673.53,302
675.27,700
675.27,0
675.27,0
675.27,0
675.27,0
671.97,100
672.48,134
672.48,0
673.38,130
673.26,101
673.26,0
674.15,100
674.83,586
674.83,0
674.83,0
674.16,231
674.08,205
674.08,0
676.81,101
677.67,254
677.67,0
677.67,0
677.67,0
675.35,133
673.58,648
672.61,1110
672.56,201
672.04,117
670.94,201
671.03,103
670.15,436
669.65,1143
670.39,1929
676.82,200
678.2,2098
680.18,989
680.18,0
685.64,100
686.84,205
689.23,1521
688.95,168
688.95,0
689.68,507
689.68,0
688.21,1224
688.79,237
688.86,200
690.02,331
691.54,5687
692.29,1469
690.8,1527
689.06,1035
688.52,511
690.04,921
690.65,1559
688.84,1272
689.65,2218
689.17,3135
690.59,521
691.95,1846
691.48,1698
690.41,1311
691.34,1237
689.43,2631
690.42,1438
692.98,1155
691.68,1305
691.54,2133
695.6,650
695.73,937
696.39,2538
693.18,5703
697.64,901
697.92,1163
696.84,503
697.4,211
697.25,145
697.26,515
699.88,345
701.89,1015
701.23,230
702.35,160
700.94,100
700.94,0
703.5,100
703.38,413
704.4,913
704.11,439
704.44,597
704.28,852
706.28,420
707.15,437
707.15,0
708.87,479
710.26,312
709.89,916
710.64,571
709.69,736
710.77,898
709.89,218
710.16,1069
708.48,571
708.54,505
709.26,112
708.52,317
708.15,375
708.93,209
709.61,510
709.55,1008
709.41,2244
711.24,4512
708.48,542
709.09,925
712.43,280
712.29,424
713.32,1304
710.67,988
711.66,925
710.01,612
709.29,777
709.29,0
708.29,1247
705.48,113
705.48,0
705.48,0
705.89,200
704.03,100
704.03,0
704.03,0
707.63,100
708.21,705
702.93,200
703.93,200
701.17,100
703.11,650
703.11,0
704.89,213
704.89,0
704.89,0
704.89,0
701.95,497
701.11,2237
702.45,302
702.4,621
701.85,721
702.17,100
702.41,653
701.36,225
700.35,315
698.34,3146
696.69,101
691.76,107
691.8,356
691.8,0
695.09,359
691.55,107
690.48,409
691.23,211
690.24,104
689.66,100
691.77,453
694.1,386
694.4,372
693.16,215
690.43,205
693,201
693,0
690.25,100
690.25,0
690.25,0
690.25,0
690.25,0
690.25,0
690.25,0
692.07,419
691.61,608
692.11,545
692.1,100
690.82,311
692.41,133
690.76,212
690.76,0
687.68,116
687.68,0
689.96,892
693.94,800
693.43,113
693.72,1130
689.68,3141
685.67,3113
689.37,1696
690.55,3244
691.19,1874
687.38,463
689.25,3768
686.31,1715
685.93,1437
686.9,1450
685.91,709
685.91,0
685.91,0
686.02,412
683.57,253
681.72,255
682.76,104
682.76,0
682.76,0
682.76,0
682.76,0
682.76,0
683.02,340
685.87,300
685.87,0
685.27,100
686.95,255
687.77,110
687.77,0
688.17,201
689.23,204
691.95,322
691.95,0
690.47,115
690,370
690,0
690,0
693.65,1894
694.16,1061
694.38,3877
690.72,1171
693.62,390
693.9,2132
693.78,2253
692.04,2666
693.77,1453
689.74,1019
691.29,1363
687.88,2292
690.59,2550
690.42,752
689.48,589
688.63,788
687.31,2070
687.49,1067
687.37,342
685.56,103
685.03,1880
686.86,210
686.86,0
684.38,1341
684.23,723
684.51,1033
685.27,1671
683.11,763
687.58,2338
688.37,1214
686.85,2344
685.96,205
687.02,342
687.16,1346
686.35,551
687.62,1020
686.79,928
685.77,1402
683.51,1132
683.2,1234
682.88,1922
681.91,5869
679,370
676.78,2480
681.58,1118
682.41,856
681.96,2286
678.1,857
673.59,1245
676.5,504
676.6,325
674.4,998
668.68,116
675.43,252
677.05,336
676.62,500
675.22,215
674.02,1206
674.73,908
674.73,0
676.74,723
676.28,483
676.06,1435
674.76,1217
671.23,1107
672.24,712
670.62,1196
671.62,271
671.15,240
669.16,954
665.6,400
667.53,379
667.35,891
668.64,299
669.19,1412
668.55,704
664.76,205
664.76,0
664.41,654
664.41,0
662.92,1006
680.99,3158
680.76,793
681.9,491
680.12,579
681.91,1099
682.7,994
679.92,1298
681.69,464
681.68,845
681.35,766
684,424
681.82,1004
684.59,248
686.59,920
685.56,1171
682.86,100
682.86,0
685.77,872
686.22,201
686.14,309
687.55,243
692.68,205
696.48,407
695.58,416
696.9,150
697.33,999
698.16,765
698.57,1130
698.13,1965
696.56,1124
696.63,1667
696.51,1115
699.12,777
697.4,4210
698.55,916
698.01,1343
697.93,848
698.09,1325
696.13,7453
689.31,1120
692.99,150
692.19,440
689.55,1318
687.34,221
683.53,100
680.98,133
683.68,441
683.68,0
681.5,266
682.34,419
682.03,219
681.61,930
678.78,374
678.78,0
678.97,105
678.97,0
677.1,264
679.49,131
679.49,0
677.38,324
677.38,0
678.82,108
678.93,342
680.25,258
678.74,244
678.74,0
676.35,402
676.35,0
677.56,538
675.2,284
674.41,453
674.14,1422
676.07,1629
672.2,998
672.2,0
671.44,2292
673.4,1201
670.77,8204
657.81,900
658.67,1488
654.48,943
656.32,2377
654.03,1588
664.14,168
663.66,1329
662.86,328
657.87,532
655.54,924
650.56,988
648.69,768
647.29,321
648.04,402
648.97,1005
651.78,1367
646.67,311
648.69,627
647.86,106
646.42,105
644.33,2372
644.33,0
644.54,122
644.54,0
644.63,159
643.02,103
639.7,100
642.46,105
642.46,0
637.74,150
636.79,100
636.95,1281
636.78,574
633.37,1331
638.26,1525
642.1,622
645.73,1020
646.28,2596
647.79,2045
647.79,0
651.22,1133
650.96,641
655.2,110
655.2,0
656.79,845
658.11,650
658.22,1073
659.61,122
661.96,1028
663.66,1150
666.49,1615
667.45,623
667.99,520
666.23,201
666.65,146
666.65,0
664.27,324
666.15,114
666.32,208
666.32,0
667.29,123
666.99,447
668.4,201
667.87,340
667.73,107
666.08,314
667.02,461
668.03,1115
666.09,1165
666.06,753
663.88,384
666.07,623
666.05,257
666.93,583
663.45,324
664.09,776
662.75,709
663.32,2525
659.36,297
661.49,305
662.95,334
662.95,0
659.21,200
659.21,0
656.72,600
656.72,0
658.58,208
658.58,0
658.58,0
658.58,0
656.52,107
658.51,171
658.51,0
657.84,101
656.64,100
656.64,0
659.84,415
660.43,300
661.33,200
664.07,133
662.03,402
662.03,0
662.03,0
659.54,100
659.77,635
662.6,314
659.63,204
659.81,100
654.12,363
657.21,1033
664.6,345
668.83,1025
669.48,1092
669.28,936
673.47,438
673.26,1361
676.21,4846
677.79,3022
668.19,915
662.17,760
664.84,421
659.9,916
662.99,1645
661.54,593
660.77,1188
658.57,735
657.94,349
657.42,268
656.47,120
659.21,467
659.21,0
659.36,1036
654.44,402
658.41,106
658.43,219
658.48,304
656.67,306
657.63,347
662.06,1114
661.21,946
660.56,100
660.82,1286
659.65,942
658.35,500
658.42,657
658.11,1234
660.95,1123
655.67,603
656.31,442
659.56,679
658.02,1037
655.6,427
654.66,1214
656.88,374
655.66,2014
655.78,3782
653.02,1241
653.02,0
646.66,287
644.64,216
646.43,200
647.95,302
648.82,377
648.82,0
651.7,100
651.7,0
651.55,450
655.23,542
653.78,626
651.51,300
651.54,302
651.1,511
651.5,100
651.21,100
651.34,158
652.57,200
652.69,123
655.06,220
655.06,0
653.66,104
653.03,1227
655.35,1079
653.8,1301
654.49,925
652.46,202
652.15,101
652.15,0
651.06,506
651.66,727
651.07,543
649.75,211
650.98,701
652.39,1383
657.5,1430
658.87,4380
646.87,210
640.54,433
640.36,1556
642.33,1486
636.97,122
637.93,3348
636.78,1059
635.14,512
632.35,2002
628.84,104
628.84,0
629.71,242
628.08,300
630.62,124
630.81,314
628.56,258
628.56,0
628.56,0
629.51,120
625.89,112
625.5,103
625.5,0
624.26,289
624.26,0
624.39,498
625.56,334
621.39,1158
620.43,629
620.43,0
620.43,0
617.25,1016
618.07,954
614.3,740
615.98,1929
613.41,1230
613.88,3789
611.89,2435
608.84,2126
603.92,8949
612.77,769
612.77,0
601.33,216
604.94,182
601.23,253
598.07,1181
593.3,1386
587.14,1623
583.07,1491
580,216
578.59,318
581.06,118
577.77,469
578.92,577
574.46,590
576.85,461
575.99,418
575.23,733
576.8,100
577.44,1342
576.27,739
576.27,0
578.27,610
578.19,132
581.2,296
583.55,1100
590.38,418
587.05,1402
585.3,1097
586.47,236
586.47,0
588.15,496
586.59,216
585.05,599
583.95,716
582.96,2352
580.78,1127
579.41,430
579.36,4639
582.72,3785
584.88,2358
591.68,1967
589.41,1601
587.82,2627
589.08,2254
590.46,5543
590.38,1895
589.68,1426
585.32,574
584.97,853
583.99,2260
585.21,890
584.84,650
584.06,1552
583.8,952
584.11,1160
584.83,2148
582.21,930
584.06,547
582.96,612
580.89,409
581.56,890
581.15,2035
576.39,791
575.43,519
575.9,1293
575.35,214
576.47,547
579.55,1280
579.1,1459
580.44,1416
578.52,1370
577.47,1637
576.23,1834
577.28,2073
575.5,1252
575.62,2332
574.36,10279
575.03,536
573.35,865
575.11,824
575.75,610
577.65,1669
577.8,1601
577.62,1619
579.06,600
578.37,2044
580.3,553
581.71,1355
579.6,548
577.32,1191
579.34,1400
575.22,402
574.15,1198
578.01,1014
578.94,884
578.84,1320
578.36,2301
577.97,564
576.81,104
577.8,518
577.9,435
578.22,1035
577.37,122
576.35,558
577.32,527
578.07,217
578.3,811
578.58,506
575.54,1596
575.38,1161
576.62,816
575.52,1763
576.45,4515
576.02,1438
578.4,2376
578.76,5428
586.74,2755
590.45,3084
595.97,1448
599.05,791
599.63,655
599.06,1734
602.53,587
600.64,1737
602.53,307
602.18,1467
603.26,778
603.44,1051
605.18,289
606.07,1449
608.48,446
607.79,387
608.57,1247
605.8,312
607.5,226
607.36,101
606.09,310
606.62,946
606.01,104
605.47,1319
605.62,313
606.04,514
606.06,1314
605.98,2005
606.42,403
605.3,1154
606.08,172
606.21,204
606.28,344
606.27,524
606.29,512
608.16,986
610.16,260
607.65,505
606.77,2454
607.21,1725
606.77,442
603.78,519
603.73,1102
605.73,415
606.32,1057
606.46,592
604.9,1185
603.99,426
604.98,116
601.99,102
601.99,0
602.99,222
605.76,1805
607.5,921
604.86,360
604.86,0
604.86,0
604.86,0
602.44,103
602.44,0
602.44,0
603.08,200
603.08,0
605.11,138
605.11,0
605.82,106
604.31,582
604.1,1016
603.26,431
603.26,0
602.15,109
602.24,255
602.24,0
600.87,271
600.87,0
599.02,208
599.02,0
597.17,3683
597.5,1169
592.92,634
592.92,0
595.39,829
594.89,207
596.15,380
595.91,232
595.79,1481
595.18,139
594.51,200
593.99,207
595.09,120
595.83,114
598.02,453
596.39,105
596.22,398
596.22,0
596.58,362
596.18,201
595.67,425
595.67,0
595.18,251
597.6,430
596.53,412
596.53,0
594.83,247
595.48,534
595.01,1586
597.28,1692
595.68,699
595.65,328
595.65,0
595.65,0
597.04,1068
597.1,1123
598.02,823
597.55,115
596.6,732
597.62,1973
595.63,100
593.09,116
589.31,403
589.31,0
588.22,308
588.22,0
589.36,136
590.97,103
591.99,274
592.57,239
592.6,612
592.63,106
592.63,0
592.41,100
592.54,100
592.54,0
592.54,0
590.88,119
590.88,702
591.42,322
591.42,0
591.42,0
591.42,0
590.94,150
590.41,470
591.49,228
588.68,232
590.58,813
591.54,116
592.63,764
589.8,116
590.26,813
589.69,1032
589.69,0
589.3,775
587.72,1808
587.82,2390
588.9,1895
587.93,7928
591.03,859
593.99,362
592.17,862
594.75,790
595.85,1297
597.9,1462
595.06,851
595.11,1474
595.74,794
596.81,638
596.67,991
595.18,896
596.39,629
598.01,654
598.37,176
598.37,0
597.96,130
597.96,0
597.96,0
597.96,0
597.96,0
597.96,0
597.96,0
597.96,0
593.94,101
593.21,604
594.04,222
594.04,0
594.04,0
594.04,0
592.52,239
592.52,0
592.53,100
593.04,167
593.04,0
593.04,0
588.21,176
588.67,3936
591.19,8163
596.61,431
594.61,488
593.83,115
593.75,499
593.75,0
594.49,434
597.84,403
600.57,612
600.57,0
596.84,399
595.15,107
596.71,201
597.7,416
598.42,102
599.51,100
600.38,526
597.28,1386
599.89,131
600.84,101
600.7,2208
600.27,329
599.65,605
599.05,602
598.44,413
597.98,629
599.69,768
601.33,115
601.3,100
599.13,446
597.6,325
597.47,109
597.47,0
598.51,1257
596.65,100
597.27,109
598.93,231
599.02,832
602.82,1981
603.39,6262
607.65,315
606.01,100
606.44,200
606.44,0
601.68,1424
605.58,750
606.89,200
607.06,153
606.17,760
606.02,419
607.35,204
607.1,619
607.31,201
609.13,310
609.07,288
609.18,113
609.04,410
606.75,645
607.27,217
607.01,731
607.34,550
610.03,893
609.13,812
609.13,0
609.29,252
610.71,143
611.05,200
611.05,0
611.91,100
612.22,102
611.81,209
612.61,585
612.61,0
612.34,264
612.34,0
612.64,205
611.27,493
610.34,425
612.02,3041
613.26,471
607.23,2262
608.91,441
609.41,818
605.8,492
605.3,312
606.38,202
606.96,100
607.78,332
607.78,0
608.69,200
608.69,0
608.69,0
611.75,110
611.01,603
611.01,0
613.32,200
614.25,407
611.89,303
611.89,0
611.89,0
612.2,540
612.2,0
613.61,425
613.61,0
617.14,355
617.97,517
618.97,515
619.49,672
619.49,0
619.78,688
619.78,0
616.21,376
616.21,0
616.21,0
619.87,265
619.87,0
623.5,929
623.32,5695
624.29,266
623.27,718
626.31,530
624.7,873
623.05,1098
623.72,2117
626.58,1746
625.37,850
625.64,813
625.23,506
624.26,450
624.68,805
625.01,948
624.27,1172
625.63,707
625.26,539
625.52,300
623.86,963
623.77,682
624.86,428
624.66,617
624.97,933
625.41,309
625.33,628
625.48,1016
626.29,201
626.92,864
626.54,462
627.28,264
627.69,1020
629.44,979
628.86,1761
631.37,2156
632.87,1100
634.92,2028
635.32,1084
635.66,2333
635.23,2984
637.28,10903
637.42,120
637.57,1006
635.9,1389
637.79,1694
636.69,1650
639.71,101
639.66,819
640.57,435
641.1,622
640.67,650
640.05,628
639.13,100
638.37,1005
637.57,679
637.57,0
636.33,158
636.95,649
635.67,1228
634.86,903
633.68,104
633.68,263
634.13,395
634.13,0
633.03,310
634.16,877
634.16,0
630.46,135
631.04,101
631.04,0
631.04,0
631.04,0
626.92,466
626.94,752
626.68,765
627.4,1307
624.31,755
624.07,1885
624.99,2350
625.7,15937
628.39,2772
626.8,901
626.05,1202
627.04,2439
632.28,588
632.39,108
634.63,306
634.05,902
633.77,1228
632.06,647
631.87,814
631.87,0
631.54,459
632.21,673
634.23,1305
634.13,212
634.13,0
634,868
634.95,549
636.98,905
636.93,927
636.93,0
638.16,1256
637.9,1180
639.95,202
639.92,1534
640.22,618
640.22,0
639.89,658
638.82,222
638.89,1575
639.32,1487
639.14,550
639.41,1366
640.24,731
639.73,537
640.17,3222
640.29,5226
639.98,6960
640.17,2532
629.05,1117
630.39,459
631.63,839
633.19,105
632.27,526
632.45,1673
632.88,216
634.65,109
634.6,201
632.26,1120
632.09,322
632.96,431
633.79,1923
635.7,2030
638.7,862
637.31,1335
636.24,567
636.24,0
638.34,410
638.34,0
636.74,848
638.8,372
636.97,670
635.99,524
636.61,108
638.41,155
638.63,200
638.66,463
639.07,1194
638.47,118
637.96,743
636.45,1839
636.79,824
636.03,727
636.72,677
638.32,1732
639.35,1168
638.25,3475
632.02,201
634.6,960
634.6,0
634.6,0
634.6,0
629.59,601
629.17,473
629.08,1036
629.1,1631
629.11,308
627.88,311
627.88,0
626.57,211
626.45,524
626.34,109
626.34,0
626.34,0
628.2,2528
629.04,1214
629.05,762
628.22,2026
628.14,310
628.14,0
627.26,742
628.48,1634
628.48,0
627.47,1215
628.07,1251
628.07,0
628.19,712
629.45,100
629.45,0
629.45,0
629.45,0
629.08,143
629.08,0
628.35,268
629.64,1178
630.45,6812
623.61,537
623.61,0
618.76,120
620.64,1436
623.79,416
624.86,909
622.46,437
624.3,974
627.15,203
629.63,1043
631.39,300
630.39,325
631.76,110
631.76,0
632.68,204
632.68,0
635.19,105
635.48,452
635.48,0
637.78,2087
637.87,201
637.81,416
637.37,104
637.5,1333
638.89,113
638.51,301
641.01,861
638.39,116
638.39,0
638.39,0
638.39,0
640.69,470
640.37,1126
640.41,220
641.33,201
640.22,180
640.98,614
640.94,1762
642.38,4433
642.38,0
631.75,575
632.47,3193
633.35,1688
633.07,2324
633.79,1973
633.1,1422
633.38,960
634.64,339
635.66,1898
633.8,1398
633.22,1309
632.25,872
633.02,813
633.02,0
633.02,0
631.63,203
631.63,0
632.68,1025
632.63,245
632.63,0
632.63,0
633.71,227
632.69,283
631.37,334
632.28,1647
632.46,316
631.22,240
631.22,0
631.92,100
630.47,442
630.47,0
631.81,171
631.17,874
630.88,2145
631.07,1833
630.82,3400
629.27,1257
627.53,5794
636.37,701
631.68,572
632.49,300
630.94,729
633.96,401
633.55,429
633.55,0
633.55,0
637.41,149
637.42,1279
638.36,1924
636.35,436
638.34,1697
638.88,1221
639.57,576
640.53,936
637.69,400
635.77,363
634.31,407
634.01,300
634.36,677
635.55,654
637.08,297
636.78,100
636.78,0
638.41,249
638.41,0
638.86,358
639.22,226
638.22,100
638.35,1731
639.14,289
639.35,790
639.61,660
639.63,944
639.52,2157
639.04,2430
638.79,1945
639.73,10513
636.65,686
631.6,532
632.15,1466
629.41,307
631.32,233
630.61,510
631.35,890
631.24,1936
635.58,114
635.03,1003
634.25,571
631.64,207
630.85,735
630.44,1300
627.98,100
626.74,1264
624.04,2015
623.33,986
624.34,818
622.61,454
623.58,637
622.46,419
623.99,116
622.77,1552
624.01,778
624.72,122
625.2,551
626.63,359
626.63,0
630.22,333
633.03,927
633.31,387
633.31,0
635.15,131
634.07,343
635.52,932
635.79,914
637.92,831
639.2,5875
637.32,805
633.03,938
632.59,101
629.13,404
629.79,397
630.31,112
630.31,0
630.31,0
632.24,943
629.08,542
629.79,265
630.7,338
631.62,294
632.08,100
632.08,0
629.59,533
629.5,107
629.5,0
626.42,608
623.89,1144
625.38,203
623.14,615
622.93,313
622.26,355
620.43,521
620.24,1200
620.24,844
619.99,200
617.59,355
617.6,1588
616.3,872
616.98,2446
618.3,221
617.86,5313
616.4,534
620.53,1219
622.01,1115
620.37,2270
618.05,5325
619.52,1328
621.13,274
625.71,372
625.32,322
624.56,524
624.17,598
625.31,473
623.95,113
622.71,201
619.6,987
620.18,758
619.27,894
619.89,100
622.96,201
621.19,100
621.19,0
621.94,547
623.2,1366
623.63,476
623.63,0
625.1,111
625.1,0
624.52,341
624.52,0
623.26,102
623.47,104
623.95,315
623.95,0
623.95,0
622.1,150
622.1,0
621,100
620.72,204
619.59,524
616.63,492
616.63,0
615.98,681
614.97,708
612.97,4866
602.73,683
597.15,990
596.83,2209
593.6,732
592.72,680
592.44,2640
594.94,1856
596.67,3554
596.53,115
593.81,1502
596.96,1940
597.58,1152
596.81,110
599.14,1412
598.5,1889
599.58,1662
600.25,1853
599.21,710
602.59,1765
603.71,772
602.19,412
601.92,978
601.03,523
601.78,1030
602.33,320
603.07,829
604.24,944
602.99,899
604.19,311
605.26,2349
604.24,1036
603.01,791
604.58,2416
605.34,633
604.22,420
605.44,2465
606.1,229
605.8,797
602.24,9992
589.88,2758
584.85,738
585.3,1511
584.28,3994
583.81,235
580.48,792
579.45,432
578.36,1251
578.43,334
578.21,2043
573.03,1991
574.75,326
575.22,590
576.22,441
573.56,206
573.82,347
575.74,234
575.09,406
576.96,865
576.89,650
576.15,217
573.42,1268
574.83,114
574.8,237
575.36,234
574.68,908
577.77,463
574.47,829
573.84,2865
573.84,859
572.73,1222
576.02,1208
576.15,1375
575.02,218
573.96,2225
573.65,2053
571.31,2034
569.74,5164
570.96,14128
576.77,1116
571.07,909
567.14,1014
571.78,1196
568.07,576
567.36,114
562.74,2680
563.83,535
569.01,1460
567.86,1836
569.4,2800
569.8,206
572.21,2505
573.61,3174
574.59,441
573.76,644
575.14,1190
574.86,3963
572.94,1875
573.97,772
574.03,1080
576.96,825
577.21,1214
580,1731
578.59,508
575.41,436
574.86,100
575.58,112
574.84,100
572.43,362
573.17,544
571.65,1357
571.11,986
571.38,1038
571.43,551
571,1427
571,0
573.88,318
574.45,4076
578.87,3157
582.68,2152
587.73,2945
588.03,460
588.03,0
587.65,418
587.65,0
589.45,564
586.41,421
586.47,142
584.64,593
584.64,0
585.6,365
585.23,425
588.04,100
587.8,506
587.24,877
586.24,200
586.34,310
585.95,456
585.26,111
585.93,855
585.93,0
586.97,409
588.98,329
588.98,0
589.92,347
588.8,1120
586.6,623
589.3,874
586.64,1969
589.67,1604
596.59,194
594.06,300
593.24,407
595.65,587
598.84,5156
596.84,6469
595.74,7597
583.08,624
581.74,2038
582.45,1668
582.15,1739
580.54,479
582.95,817
583.06,994
580.69,922
576.95,1178
576.89,1385
578.19,1297
580.5,546
581.15,606
579.21,974
577.31,861
577.89,1125
575.9,1749
575.1,2014
577.1,2145
576.78,1215
576.54,524
577.28,1832
578.33,632
577.69,689
577.63,530
577.48,987
577.93,606
577.15,1976
576.92,847
576.09,1014
575.72,1283
577.08,1156
572.72,584
573.93,913
575.49,894
574.27,1775
575.27,1347
574.09,2745
570.51,10984
575.52,876
583.07,1190
588.31,1034
587.13,1486
587.89,430
584.59,2455
583.42,1017
583.23,1299
581.34,2223
582.21,1628
585.72,630
585.38,1617
588.24,882
586.83,2566
587.37,3483
587.04,505
587.04,0
587.36,154
587.15,607
587.62,1065
587.62,0
587.26,1230
591.68,1386
590.29,540
590.94,1004
588.3,214
586.3,161
586.27,102
587.94,172
587.77,105
587.77,0
589.41,105
589.41,0
588.55,490
586.73,863
588.48,1125
587.61,1077
586.4,2990
583.88,8820
587.08,1860
593.67,572
594.04,1037
597.99,478
593.88,257
592.96,109
592.66,378
593.32,350
593.62,566
594.64,358
595.47,596
595.13,1653
595.58,1735
595.17,1113
595.21,848
594.93,635
595.11,141
596.34,500
595.54,1040
595.54,0
598.3,286
595.98,1573
595.78,100
596.81,453
597.15,646
597.15,0
597.53,1308
597.53,0
597.53,0
595.37,290
595.14,1159
595.6,1859
595.6,0
595.79,1731
595.92,790
594.39,580
594.2,1133
593.33,1949
593.46,10920
593.46,0
593.89,142
593.89,0
598.11,812
598.7,773
600.1,1038
600.1,0
603.04,531
603.56,252
605.75,1434
605.49,467
606.51,629
606.8,503
606.35,5104
606.28,337
604.43,771
605.46,107
607.87,439
608.06,1126
609.8,138
609.38,1110
608.7,241
608.7,0
612.05,100
612.69,1187
614.94,866
615.29,2044
616.02,2008
616.61,100
614.68,716
614.18,406
614.18,0
612.61,421
613.11,105
612.8,348
611.7,453
609.99,1390
609.7,1227
608.5,7377
608.5,0
614.99,659
618.41,1437
620.07,1028
617.38,630
618.39,922
613.11,568
615.61,1751
615.67,837
616.1,113
617.05,651
618.81,1032
620.06,1060
618.85,140
619.17,1039
616.72,811
619.09,3308
619.87,221
619.27,634
619.91,1080
619.69,1550
620.24,1571
620.37,583
621.32,1132
622.18,249
621.42,318
622.54,1107
624.18,125
623.91,937
623.83,119
625.17,652
625.8,304
626.32,340
625.02,521
625.09,509
624.15,1446
626.22,2935
627.84,2572
628.87,8210
629.7,2004
629.88,1599
629.25,2322
628.63,762
630.88,115
632.82,2115
632.93,2415
630.37,1285
628.43,590
630.93,100
629.5,101
628.95,100
631.11,100
632.69,330
632.98,401
634.49,770
634.8,603
633.98,130
635.16,825
634.66,200
633.62,471
633.92,297
633.51,508
632.02,155
632.02,0
632.02,0
632.02,0
632.95,342
633.83,218
633.12,339
633.97,312
635.04,610
634.78,459
635.55,378
635.52,587
636.72,300
636.26,643
636.77,1010
637.25,8848
633.06,103
631.09,1584
631.49,613
631.4,989
634.61,720
632.61,548
634.92,406
634.92,0
634.58,413
634.58,0
636.26,104
637.86,2252
638.76,758
640.17,401
639.36,907
639.36,0
639.47,286
637.47,181
638.11,100
638.86,205
637.95,1664
637.02,1090
636.61,110
636.61,0
636.61,0
636.28,103
636.49,177
636.17,318
636.17,0
636.32,311
635.54,262
635.54,0
636.23,334
634.55,567
635.99,240
635.65,423
635.64,230
634.54,149
634.61,3490
638.89,111
638.32,2040
638.32,0
636.05,587
631.2,106
631.2,0
631.2,0
632.83,109
631.51,100
632.56,904
632.08,1084
629.64,224
629.59,667
627.34,127
627.34,0
625.29,107
627.51,207
628.76,545
628.76,0
628.76,0
629.36,156
629.36,0
627.33,210
626.98,612
626.84,172
627.09,201
628.04,150
628.04,0
625.77,108
625.77,0
625.77,0
620.75,307
622.19,561
621.23,133
621.23,0
622.52,800
621,750
620.87,1332
620.14,2852
602.16,4171
576.92,10514
574.41,7796
587.8,3535
590.71,4047
596.54,4893
605.01,10797
597.93,1789
602.14,3576
605.56,1175
602.01,2829
601.78,409
601.77,434
603.76,604
602.77,803
601,134
599.97,484
600.02,344
600.05,1573
598.55,884
595.41,479
594.1,398
593.9,453
591.43,1113
594.55,2683
596.12,213
595.13,727
595.39,857
594.13,816
595.79,431
595.81,1811
592.96,770
592.94,1100
591.44,572
592.45,700
594.74,1261
595.97,1476
596.83,1750
600.27,11628
613.53,1381
600.02,1335
604.46,1101
602.25,1181
600.1,1243
599.4,121
598.7,1120
601.06,1343
599.91,1064
602.75,954
602.05,655
597.86,762
598.98,1160
600.29,658
604.62,1273
604.8,268
603.28,565
606.16,1392
606.16,0
609.3,631
611.48,140
611.48,0
612.18,268
613.05,1836
615.49,517
614.94,678
614.05,100
614.05,0
613.98,139
613.61,127
613.34,345
613.34,0
609.8,1570
609.74,625
605.42,1478
603.16,1607
606.35,591
606.96,2316
606.4,7244
609.25,212
616.01,123
616.91,1693
619.96,458
619.96,0
619.96,0
618.83,220
618.83,0
618.83,1077
616.07,962
616.07,0
618.91,171
617.66,154
617.66,0
617.66,0
617.66,0
617.66,0
617.66,0
615.35,272
614.5,1139
613.61,659
612.79,780
611.03,488
611.03,0
614.21,917
615.07,1007
616.75,909
617.23,110
616.84,759
617.48,230
617.62,530
618.26,450
618.95,319
618.95,0
621.24,100
620.29,1062
621.87,204
623.32,1123
623.63,3154
613.11,1212
609.82,404
604.11,1009
604.75,593
604.63,668
604.63,0
605.01,124
605.01,0
604.41,197
600.83,207
600.48,2371
601.47,333
603.63,248
604.23,487
604.23,0
604.23,0
601.63,489
601.63,0
601.63,0
602.62,622
603.06,366
603.43,335
603.43,0
606.06,1562
604.39,110
604.39,0
604.39,0
610.44,111
611.09,2036
610.18,937
610.9,1789
614.31,100
614.96,385
614.55,321
615.47,490
615.65,205
617.09,905
616.42,2014
617.5,6477
622.99,646
615.96,1612
614.16,1638
616.1,650
621.47,1778
620.27,1139
619.9,222
620.73,572
618.48,303
618.48,0
620,412
620.93,1094
621.88,721
619.8,2401
616.79,104
617.59,122
617.59,0
617.59,0
619.39,116
619.39,0
619.39,0
620.51,110
619.88,555
619.88,0
618.37,186
618.42,301
618.42,0
619.33,208
617.45,1692
616.14,1162
618.57,952
617.85,1847
616.47,211
617.23,1374
615.73,1187
616.38,1146
617.12,1363
615.73,3955
614.48,6810
614.48,0
614.48,0
618.06,101
617.6,1014
617.6,0
617.6,0
618.33,206
618.33,0
620.72,208
621.46,204
620.6,303
619.65,1034
616.85,1198
616.08,837
615.78,941
617,1117
615.37,699
615.67,603
616.57,765
616.17,352
615.55,202
615.79,646
614.75,320
614.74,290
612.91,1871
612.14,722
611.29,1244
611.15,109
610.58,314
610.6,319
610.6,0
610.71,246
610.6,338
610.6,0
610.6,0
612.9,191
611.71,205
611.71,0
610.08,3280
610.08,0
606.23,688
604.45,1375
600.08,758
600.08,0
600.08,0
600.08,0
610.91,303
609.9,101
609.91,301
608.89,101
608.07,200
608.85,403
608.23,428
608.26,358
607.84,210
607.19,310
606.48,219
606.05,101
605.3,300
605.3,0
604.32,897
604.3,1061
602.8,434
604.69,559
603.57,100
602.5,100
602.89,102
601.93,541
601.93,0
601.93,0
604.66,202
605.54,373
604.91,119
604.63,504
604.63,0
602.89,247
602.78,414
601.88,1804
601.63,200
596.42,102
595.15,383
592.12,116
592.12,0
593.68,110
596.22,285
596.22,0
599.57,630
600.23,1030
600.23,0
601.65,353
599.71,530
599.71,0
599.55,300
599.48,478
600.27,120
600.34,337
600.34,0
600.34,0
600.34,0
603.11,109
603.11,0
604.03,118
603.82,211
605,100
604.73,192
604.38,200
602.77,133
602.77,0
602.81,502
602.81,0
601.45,258
601.45,0
599.63,461
598.41,523
598.35,624
597.55,620
597.1,2014
599.75,404
598.03,310
596.8,127
596.8,0
592.05,884
590.71,373
590.29,1108
591.13,1124
592.24,441
591.42,550
589.74,180
589.74,0
589.74,0
586.85,568
585.82,1079
587.67,622
586.82,1323
586.87,148
586.87,0
587.91,2189
587.93,698
587.29,686
585.62,813
585.62,0
585.62,0
585.62,0
585.93,302
584.66,973
584.46,1630
585.25,364
584,1534
584,0
581.14,995
578.77,126
580.95,228
580.27,275
580.27,0
577.69,723
580.4,3601
571.4,479
573.29,2093
575.45,1667
572.5,1496
574.33,502
571.96,606
576.16,714
579.87,1285
579.32,502
580.54,526
582.63,1686
581.78,995
579.01,713
580.59,1712
580.59,0
579.97,254
579.97,0
581.7,302
584.72,414
584.72,0
585.06,208
585.06,0
585.06,0
585.06,0
585.06,0
584.75,100
582.91,250
579.88,210
579.79,1403
581.13,100
581.13,0
581.13,0
581.46,819
582.57,105
582.02,1323
581.63,854
579.95,100
580.11,102
579.33,3287
568.33,182
569.15,404
571.64,106
570.81,365
570.81,0
571.68,106
571.22,105
571.06,491
571.06,0
571.06,0
571.06,0
573.81,308
573.5,1249
573.5,0
573.5,0
573.5,0
574.76,165
573.14,100
573.14,0
573.14,0
573.14,0
573.14,0
573.14,0
570.56,107
569.44,104
569.44,0
569.91,213
569.43,335
569.68,1447
570.52,1284
569.97,1482
570.28,240
568.8,647
568.98,653
568.78,507
568.78,0
567.98,762
566.64,1931
565.64,2950
572.46,103
568.92,100
570.22,1100
574.32,509
570.66,469
571.66,1104
573.53,741
575.19,382
575.87,813
577.65,359
579.08,850
578.38,449
578.54,1191
581.05,657
579.64,118
580.05,408
577.96,630
577.56,350
576.74,429
576.19,312
576.72,412
574.86,1661
573.53,552
571.81,1194
572.5,330
571.52,142
571.57,342
571.31,571
570.78,431
570.79,111
570.95,339
571.38,140
571.42,771
570.18,215
569.96,302
569.96,0
569.39,766
571.69,380
571.91,4617
576.6,113
574.08,278
575.48,346
571.75,153
571.75,0
571.94,186
571.94,0
570.74,734
568.85,225
568.52,1405
569.19,100
572.58,372
572.58,0
572.58,0
570.4,110
570.4,0
572.32,125
572.35,124
573.86,104
574.31,410
574.61,275
575.36,136
574.36,346
573.93,312
573.93,0
573.93,0
573.93,0
572.76,101
571.91,100
572.12,100
572.51,104
571.95,157
571.7,569
569.59,323
569.59,0
569.59,0
569.59,0
569.23,427
569.56,1233
569.56,0
577.38,617
579,200
576.52,376
575.96,1783
575.58,316
576.48,634
579.6,823
580.6,276
580.42,1000
582.13,145
582.13,0
583.3,309
583.41,1200
582.94,100
583.18,427
581.43,219
583.69,316
583.81,1605
583.59,349
583.2,174
584.24,100
584.24,297
584.24,0
583.56,301
583.56,0
585.11,302
587.83,321
589.13,100
588.12,100
587.71,107
587.71,0
587.71,0
587.71,0
586.94,605
588.06,162
588.06,211
588.88,958
589.93,3134
589.93,0
589.7,285
590.55,652
588.36,167
589.72,156
590.51,1498
597.67,3155
598.32,191
599.18,260
600.11,2228
597.14,2524
595.87,243
595.02,137
594.04,309
594.02,726
594.02,0
594.02,0
594.02,0
594.16,247
594.16,0
591.17,110
592.67,100
592.67,0
588.6,643
588.6,0
591.14,304
591.14,0
590.92,107
590.92,0
592.95,109
592.94,101
592.94,0
592.94,0
593.48,102
593.79,109
593.79,0
592.34,213
593.04,508
591.09,1892
591.81,992
596.19,289
596.97,685
596.97,0
593.31,307
593.31,0
593.31,0
595.04,426
595.04,0
596.19,578
596.87,285
599.86,115
600.55,357
600.85,602
600.85,0
599.66,502
599.66,0
600.77,1109
600.77,0
600.77,0
597.33,303
596.53,6787
596.4,200
596.1,100
594.87,508
597.19,101
597.19,0
597.39,315
597.6,635
597.6,0
597.65,141
597.97,431
596.96,100
597.13,797
597.29,495
596.89,412
597.63,655
597.04,1362
598.88,7460
606.03,198
605.64,1504
614.29,2116
612.66,1274
611.75,771
612.13,409
611.63,726
609.34,494
611.11,400
610.17,235
607.05,406
605.06,271
605.41,574
605.41,0
605.41,0
606.14,304
604.18,227
604.68,755
605.49,699
605.1,752
605.35,401
604.87,326
605.01,605
604.06,140
604.06,0
604.06,0
601.52,578
601.48,320
602.01,210
603.21,648
603.21,0
601.5,345
602.64,100
603.41,205
603.41,0
603.41,0
605.21,100
604.26,548
603.88,1180
603.53,1354
598.33,100
601.54,529
602.51,1311
602.51,0
604.5,840
604.5,0
602.97,721
603.79,303
603.56,1225
602.63,938
602.46,879
604.77,698
604.86,999
606.37,302
607.69,321
607.85,248
606.42,244
606.9,265
606.9,0
605.79,102
604.97,111
604.97,0
604.97,0
604.69,578
604.69,0
604.69,0
602.18,100
602.18,0
602.01,100
600.25,516
600.47,182
600.47,0
599.46,548
598.68,139
599.32,108
598.77,884
599.04,1743
599.52,1796
597.83,385
600.77,110
599.16,152
600.54,406
600.84,1170
601.67,359
601.67,0
595.37,2388
591.44,254
591.27,223
591.81,874
592.42,703
591.6,110
591.6,0
592.41,380
591.88,213
592.61,100
592.61,0
594.07,246
592.79,166
592.79,0
593.98,542
593.38,366
593.2,210
593.2,0
593.2,0
591.5,363
592.33,105
592.33,0
592.43,276
591.35,103
591.18,223
591.18,0
593.1,103
592.3,611
594.75,652
594.75,0
595.31,669
593.66,6113
594.55,1116
598.97,1060
602.5,1349
602.04,1077
600.6,787
600.62,1109
600.29,1548
599.41,870
599.16,1032
600.53,472
600.32,520
600.72,536
600.22,879
599.78,205
599.61,445
599.67,207
599.29,370
599.14,407
599.13,944
597.77,100
597.61,361
597.52,450
597.67,322
597.14,100
597.65,361
597.77,373
597.1,451
597.52,548
595.84,599
596.24,340
595.34,3285
599.93,454
599.63,1320
600.68,974
601,471
600.95,2623
603.98,1064
603.55,1706
604.06,3245
625.53,1960
630.72,977
636.49,5176
642.72,7136
642.05,4464
640.61,3219
634.49,2420
637.98,3724
638.27,4016
643.05,4311
652.4,2153
650.45,2975
649.66,583
653.75,1141
655,989
654.33,117
655.43,810
657.14,468
657.04,1427
658.1,234
658.07,2130
655.01,632
656.48,1073
655.55,927
655.77,960
658.22,679
657.69,1532
657.14,532
657.27,727
657.13,307
656.29,1109
655.37,1465
654.74,1031
654.26,1475
652.94,4524
652.34,1211
655.07,1247
654.72,843
657.28,6500
652.87,1719
649.36,2466
653.38,1715
653.8,1203
658.26,104
659.3,785
659.71,342
659.4,1246
657.19,654
654.65,553
654.65,0
655.99,408
654.12,127
656.42,878
656.94,377
656.93,164
656.58,807
656.58,0
657.26,431
657.51,914
658.25,747
658.72,1311
658.78,111
659.17,558
657.8,1705
659.35,611
658.33,542
656.89,1208
657.78,898
657.1,904
658.2,1161
657.17,891
655.35,309
655.21,508
655.24,244
655.38,876
655.19,1337
655.46,1553
653.8,5021
646.34,246
645.91,108
643.91,100
639.6,910
642.8,301
640.09,110
642.84,432
647.39,226
648.09,1170
644.92,785
647.09,1050
648.02,615
647.63,489
649.02,199
649.02,0
649.02,0
644.23,1171
644.86,1051
646.05,201
646.34,120
646.47,109
646.27,1054
644.85,100
644.85,0
641.92,217
641.06,195
641.06,0
641.06,0
643.12,859
643.12,0
643.12,0
643.12,0
642.6,572
643.39,257
643.4,523
642.56,961
642.48,355
642.81,839
643.24,3222
639.92,624
636.14,815
640.33,622
641.84,864
639.57,310
641.41,250
642.86,340
643.17,336
643.26,490
642.49,639
642.65,500
642.65,0
642.47,219
641.55,100
641.79,457
641.79,0
642.99,736
646.82,116
646.82,0
646.01,372
646.39,453
645.25,316
645.26,315
645.26,0
645.02,803
646.1,114
645.15,110
644.02,495
644.48,117
643.94,307
643.88,325
642.41,110
642.41,0
640.78,613
640.39,200
639.46,1016
639.46,0
639.94,560
639.41,4032
641.66,900
643.44,1366
644.8,201
643.98,897
646.16,743
645.62,750
645.62,1618
645.08,413
646.25,379
646.25,0
646.46,200
645.63,2856
645.63,0
647.53,118
647.27,888
647.41,300
647.14,102
644.77,300
646.9,315
645.89,557
645.8,294
646.65,307
646.65,115
645.8,291
645.8,0
645.24,887
643.7,519
643.37,1357
644.66,1086
643.43,974
643.43,0
643.61,1506
645.14,720
645.05,742
644.83,758
643.49,123
643.4,336
643.38,3256
644.6,8362
639.59,122
642.08,300
641.84,1184
641.82,1168
640.51,855
640.33,958
640.99,3093
641.16,850
645.23,443
644.53,214
644.18,318
644.65,338
643.3,104
640.88,340
642.73,257
642.57,204
642.57,0
642.68,479
643,1292
643.51,686
640.59,966
639.92,887
642.62,238
642.95,213
642.83,497
642.56,214
643.4,470
644.24,239
643.69,101
643.6,101
643.6,0
643.85,173
643.85,0
644.77,209
645.44,319
645.44,0
644.59,206
643.85,384
643.7,6245
642.48,472
638.66,966
637.01,1104
638.09,2108
637.71,780
637.86,770
637.86,0
639.42,101
639.42,0
639.42,0
639.42,0
638.26,1428
637.06,509
637.06,0
638.09,425
638.46,555
638.14,210
638.14,0
638.14,0
638.71,103
639.28,113
639.88,208
640.1,101
640.1,0
640.1,0
640.11,254
640.11,0
640.11,0
637.85,433
638.29,321
638.29,0
638.29,0
638.55,964
638.75,110
639.14,811
640.52,297
641.56,342
642.82,171
644.47,5952
655.81,1422
653.37,439
654.74,885
652.71,547
653.22,2930
652.08,2615
653.74,542
655.06,339
653.57,103
654.27,250
652.66,100
649.81,2385
650.31,257
649.49,387
648.89,283
648.89,0
648.89,0
646.85,202
646.13,257
646.13,0
646.13,0
647.1,184
647.41,125
648.2,200
646.63,384
647.87,206
648.45,178
647.73,343
647.73,0
647.73,0
647.73,0
645.48,400
646.46,574
646.93,1903
646.33,405
646.46,100
645.11,194
644.88,691
645.28,3710
644.37,100
643.46,300
645.24,103
643.44,200
643.31,426
643.34,563
645.45,320
643.7,667
642.29,233
642.87,100
642.87,0
645.73,401
645.73,0
645.73,0
646.98,392
646.98,0
646.76,400
646.76,0
645.74,802
644.65,845
645.11,1245
643.7,1183
643.7,0
643.7,0
644.59,313
644.59,0
644.59,0
646.22,920
644.42,229
644.18,572
643.42,100
644.12,123
644.23,710
643.8,200
643.85,1660
644.27,212
644.32,411
643.66,718
644.74,4223
654.79,317
648.45,958
653.05,872
657.04,756
657.27,350
656.39,630
656.62,512
657.17,1303
655.61,457
656.45,653
656.95,420
656.5,107
656.64,216
655.55,600
653.65,303
654.65,426
652.67,1087
651.13,123
650.43,249
650.38,481
650.1,421
652.85,100
652.03,134
652.74,775
652.74,0
653.27,892
653.64,1351
653.02,415
654.41,573
653.43,397
653.06,531
654.49,547
654.38,740
655.12,615
654.6,395
654.84,1861
655.51,2163
657.41,1146
656.72,2804
650.38,1592
647.82,2175
649.78,922
651.84,1000
651.42,820
652.05,779
651.36,707
652.63,2617
653.5,793
651.03,1936
648.17,329
648.1,261
648.38,437
648.9,101
648.9,0
646.43,100
645.7,500
645.52,318
645.52,0
645.52,0
646.79,427
647.06,700
646.35,372
645.7,200
645.38,319
643.47,200
643.47,0
642.84,112
642.6,417
642.58,492
641.92,345
639.22,2231
638.71,627
638.71,0
636.23,939
636.19,355
636.52,515
636.47,1243
637.16,840
641.69,112
641.88,252
642.6,501
642.6,0
642.69,640
644.08,567
644.7,202
643.43,379
643.89,100
643.89,0
643.89,0
644.37,312
645.39,102
645.39,0
643.28,669
643.28,0
643.74,304
643.96,108
643.77,400
645.09,414
644.73,100
644.29,100
644.29,0
644.29,0
643.87,105
643.87,0
643.87,0
644.52,371
644.49,521
644.49,0
645.56,106
647.01,100
648.14,129
648.17,201
648.17,0
649.31,229
649.31,0
649.58,1017
650.73,1699
652.73,100
653.39,1074
653.39,0
653.39,0
657.33,205
657.33,0
658.92,630
660.77,100
660.77,0
655.91,142
655.91,0
655.91,0
655.91,0
655.91,0
657.09,133
657.09,1077
657.74,607
657.74,0
658.01,359
658.37,364
660.02,399
659.97,211
659.97,0
662.36,347
661.72,100
661.71,144
660.65,140
662.15,119
662.15,0
662,124
662.51,272
663,288
663.05,928
663.8,763
663.74,838
663.9,101
663.89,1792
664.71,1989
664.26,3483
656.94,400
661.12,200
661.61,264
658.94,1209
661.6,1256
657.83,866
656.02,625
656.02,0
658.68,365
659.3,466
661.44,252
661.95,173
664.02,100
664.75,100
664.65,102
664.65,0
663.79,111
663.79,0
663.54,416
663.33,557
663.33,0
663.33,0
663.51,267
663.51,0
662.5,290
662.5,0
662.5,0
665.18,211
664.93,106
665.68,227
665.17,271
665.17,0
665.17,0
660.97,125
661.47,100
661.81,202
661.81,0
663.49,239
663.65,1794
655.66,318
655.45,372
655.45,0
655.45,0
655.45,0
655.9,214
655.9,0
655.9,0
655.9,0
655.9,0
655.9,0
657.82,414
657.82,0
657.82,0
655.81,240
655.81,0
657.01,309
657.35,896
657.35,0
657.35,0
657.35,0
657.62,347
657.62,0
658.41,209
658.41,0
658.55,205
658.55,0
658.97,232
660.89,386
660.89,0
660.78,105
660.78,0
660.95,260
660.95,0
659.05,120
658.62,361
658.69,168
658.96,323
658.06,1578
663.18,302
663.18,0
663.18,0
654.73,871
654.23,100
653.29,100
651.85,261
651.85,0
651.85,0
651.85,0
651.85,0
652.88,300
652.75,115
653.66,106
653.11,211
653.11,0
653.11,0
653.11,0
653.11,0
653.11,0
653.11,0
649.21,300
648.99,101
648.99,0
648.99,0
648.99,0
648.99,0
648.99,0
648.99,0
648.59,400
648.59,0
649.2,163
650.07,175
650.07,0
650.07,0
651.23,572
652.29,100
651.14,255
650.9,6022
651.72,879
650.89,408
651.86,1251
648.48,552
649.81,311
648.09,325
649.6,610
649.25,391
648.15,505
645.85,329
645.51,312
645.51,0
647.56,407
648.61,553
648.44,202
649.08,528
649.75,104
649.89,100
649.97,300
651.05,200
650.93,317
650.67,879
650.68,110
649.81,529
650.35,203
650.35,0
649.86,207
648.68,101
648.18,221
647.83,100
648.86,465
648,103
648.74,354
647.29,101
647.29,0
647.72,212
647.01,101
648.16,440
648.95,2489
643.37,1389
641.07,1001
640.77,401
641.58,966
639.45,1515
639.45,0
636.22,240
635.13,518
634.99,100
633.05,300
633.46,644
633.46,0
633.46,0
633.46,0
634.73,100
634.28,100
633.4,126
634.03,211
634.85,363
633.66,323
633.94,200
633.97,236
633.92,743
635.55,1914
634.84,2520
633.17,163
633.17,0
633.17,0
633.17,0
633.17,0
630.81,588
629.55,359
628.52,334
628.52,0
628.52,0
630.8,246
628.88,1433
628.78,1375
628.09,3363
623.59,857
620.08,1109
621.61,118
623.3,2769
623.97,214
623.28,123
621.07,2043
621.15,117
619.96,688
619.43,1045
618.34,404
621.47,529
620.77,153
620.17,1012
621.32,544
618.36,737
617.94,380
617.94,0
617.94,0
617.94,0
617.94,0
617.94,0
618.53,511
618.53,0
618.53,0
618.69,326
618.77,103
618.17,100
618.17,0
618.17,0
618.17,0
618.78,119
618.78,0
618.78,0
618.78,0
619,1367
621.48,727
621.66,1792
621.24,6299
620.29,201
621.77,322
622.96,318
624.91,748
624.91,0
624.91,0
624.91,0
624.9,107
626.24,297
626.46,105
626.31,307
628.83,686
628.83,0
628.89,100
629.39,100
628.49,1350
628.49,0
628.49,0
626.2,310
624.72,327
625.63,213
625.63,0
627.27,554
626.81,229
625.58,271
625.58,0
627.98,339
627.98,0
627.98,0
626.82,177
625.3,105
624.9,169
624.9,0
626.59,630
628.47,233
626.77,162
626.47,458
626.47,0
625.29,1505
626.99,201
626.99,0
626.99,0
631.34,625
632.05,1396
633.89,788
633.84,100
634.28,434
635.11,905
634.9,1151
633.57,255
632.56,761
633.92,100
634.15,568
634.43,2615
636.01,821
634.52,200
635.09,319
635.09,0
635.33,1201
635.67,183
635.67,0
634.92,183
635.48,121
635.88,138
635.88,0
636.05,413
637.33,1028
637.33,0
636.95,389
638.49,575
636.46,188
636.64,470
638.03,119
638.37,1003
638.37,0
638.96,670
639.1,1390
640.32,5575
640.32,0
640.81,551
640.06,585
640.54,1748
639.2,156
639.54,1346
632.74,1235
633.57,2029
632.13,302
630.88,172
631.06,100
631.06,0
631.06,0
631.06,0
630.22,484
630.3,261
630.3,0
630.3,0
630.3,0
630.3,0
629.56,398
631.29,1558
631.29,0
630.08,100
630.08,0
628.84,512
627.71,309
627.44,422
627.12,702
627.35,586
627.18,1191
627.18,0
624.72,409
624.38,672
624.53,886
625.58,1762
624.5,1010
625.73,2042
625.42,2807
617.12,207
617.27,163
617.16,104
616.4,469
618.12,201
618.98,190
618.98,0
618.98,0
618.98,0
615.55,200
616.9,332
616.9,0
616.9,0
617.29,100
617.29,0
617.29,0
617.29,0
619.27,233
619.27,0
619.27,0
619.27,0
620.89,102
620.89,0
620.89,0
619.53,306
620.14,100
620.14,0
620.14,0
616.85,606
616.85,0
617.51,109
618.19,100
618.19,0
618.82,200
618.37,340
617.77,578
617.31,484
616.9,323
615.6,2361
616.09,652
618.11,245
619.08,1011
617.46,459
618.44,907
618.44,0
614.31,350
611.14,343
610.39,303
613.07,269
611.71,202
614.13,224
613.35,104
613.99,652
614.01,174
614.01,0
614.01,0
614.36,126
612.86,579
613.48,102
613.58,610
613.58,0
611.13,339
611.13,0
610.36,259
610.3,501
610.14,365
610.28,458
610.92,547
610.07,100
609.68,576
609.83,261
609.36,1222
611.24,382
613.01,872
611.71,834
609.31,104
611.1,738
608.65,3523
621.42,1686
622.49,900
622.61,1016
621.33,1647
624.9,2065
620.97,275
621.08,745
619.95,209
620.18,584
619.61,561
616.97,1420
618.59,1344
618.91,3096
620.49,112
620.02,1138
618.37,373
617.32,474
616.35,458
616.35,0
616.66,1405
614.97,183
615.22,201
614.84,570
611.96,404
612.39,200
611.79,537
611.17,514
610.92,1082
612.04,560
612.04,0
612.04,0
611,209
611.59,874
612.07,746
613.02,789
614.55,1015
612.69,767
612.77,1077
613.85,2860
605,841
602.26,525
601.79,322
602.6,475
602.6,0
603.76,389
603.22,596
600.1,1570
598.25,769
597.72,100
601.04,100
598.79,203
598.91,376
598.91,0
599.22,103
599.22,0
601.36,100
601.36,0
600.91,102
600.91,0
600.59,411
600.69,114
600.69,0
600.69,0
600.69,0
602.22,100
602.51,122
602.48,589
602.24,692
604.56,100
604.56,0
604.56,0
604.56,0
604.25,1235
604.44,100
602.61,100
601.67,515
601.67,0
603.2,4382
608.04,756
600.12,100
602.82,327
596.25,663
599.57,255
599.45,556
602.16,463
604.17,216
604.17,0
601.99,126
602.47,101
600.72,136
600.7,101
600.7,0
600.7,0
600.7,0
600.7,0
598.06,132
597.99,107
596.32,457
595.93,100
591.16,102
591.16,0
591.07,208
589.71,113
590.19,111
590.19,0
587.84,277
588.26,107
588.68,221
588.68,0
589.35,193
589.18,313
589.18,0
589.61,204
590.13,313
588.42,846
586.08,866
587.18,961
587.38,646
584.82,1121
583.79,632
583.63,125
583.62,251
583.37,191
583.37,0
589.75,271
590.1,304
590.79,484
590.79,0
589.21,205
587.27,104
587.27,0
587.27,0
587.27,0
587.07,310
587.07,0
587.07,0
585.67,125
585.67,0
585.67,0
582.97,627
583.13,447
583.13,0
583.79,211
583.79,0
585.44,100
585.44,0
585.44,0
585.44,0
588.34,100
586.74,125
586.74,0
589.12,100
588.03,258
586.62,359
587.74,524
587.43,2091
587.43,0
590.25,330
590.24,1777
588.19,702
588.13,228
588.6,1302
590.15,525
589.86,641
590.87,1907
590.35,226
590.35,0
590.35,0
592.48,696
591.56,1087
592.73,191
593.38,880
592.48,147
592.48,0
594.05,143
594.05,0
595.75,111
596.87,302
596.87,0
596.87,0
596.87,0
596.87,0
598.43,1394
598.43,0
598.43,0
597.81,105
597.81,0
600.18,149
600.47,400
600.4,422
601.23,818
600.39,468
601.92,681
602.3,1406
602.39,2675
595.98,200
600.81,104
600.81,0
600.81,0
599.62,201
599.62,0
601.12,1304
603.58,205
604.61,355
605.66,898
605.66,0
605.57,154
605.25,463
603.69,403
604.92,166
603.23,213
598.75,425
598.61,201
598.61,0
601.09,200
602.16,100
601.34,301
600.84,202
602.15,618
602.15,0
603.98,100
603.24,503
603.24,0
603.41,309
603.03,400
603.03,0
603.1,217
603.06,429
603.06,0
603.06,0
603.06,0
603.91,428
602.89,288
604.19,1532
605.42,319
605.56,401
606.47,225
606.47,0
606.47,0
606.47,0
611.04,362
611.04,0
611.81,246
610.63,100
609.57,100
609.78,460
611.17,1150
611.17,0
611.58,101
611.49,255
609.48,302
609.48,0
610.16,100
610.16,0
610.16,0
610.81,101
611.27,559
611.27,101
611.27,0
611.48,425
611.48,0
610.58,100
611.78,100
611.76,100
612.21,505
612.21,0
611.89,487
613.02,235
613.72,303
613.72,0
612.54,452
613.56,890
612.48,3351
612.48,0
612.48,0
619.51,540
620.01,161
619.01,148
619.01,0
619.01,0
619.01,0
619.01,0
616.72,375
616.94,134
616.94,0
616.94,0
616.94,0
616.88,181
615.4,212
615,105
615,0
615,0
617.03,111
617.03,0
617.03,0
617.03,0
617.03,0
617.03,0
617.03,0
617.03,0
619.47,336
619.23,108
619.23,0
619.23,0
619.23,0
619.23,0
616.95,277
616.95,0
616.95,0
616.97,442
617.24,2021
618.76,7832
618.76,0
606.25,150
606.57,467
603.14,210
603.14,0
604.7,331
602.84,537
601.69,249
600.21,609
600.21,0
598.58,115
597.73,472
598.66,114
599.18,255
600.56,306
598.45,410
600.29,109
600.4,227
598.71,506
599.64,100
599.64,0
598.22,200
598.22,0
598.22,0
599.63,423
599.34,113
598.52,310
598.55,122
597.72,613
598,300
598.25,211
597.11,656
596.12,645
596.12,0
593.74,819
593.09,102
592.51,579
591.85,321
592.04,4198
592.04,0
587.08,314
587.08,0
589.7,207
589.7,0
589.11,101
588.78,209
588.78,0
589.61,209
590.63,106
590.49,100
589.66,101
589.66,0
586.07,200
586.07,0
584.44,300
584.44,0
579.74,1065
579.67,201
583.09,420
585.64,1184
585.14,1546
586.83,210
586.53,430
584.47,301
583.57,738
582.49,307
581.75,636
581.41,454
582.45,585
583.13,315
581.25,203
581.26,526
580.38,314
580.65,729
580.1,421
578.58,232
579.52,785
582.18,2020
580.9,189
580.9,0
582.11,709
582.11,0
581.95,100
579.98,100
576.99,126
576.52,531
572.6,101
571.57,100
572.2,200
574.55,111
573.22,100
572.45,100
572.45,0
571.16,338
569.76,565
569.78,112
572.9,112
572.9,0
572.76,204
572.76,0
576.26,401
576.26,0
576.26,0
575.51,432
574.79,317
574.79,0
571.79,201
573.36,491
573.65,100
573.82,573
573.21,679
573.29,637
572.76,667
571.78,799
572.64,937
572.98,1267
572.37,5443
574.14,311
573.26,968
570.86,411
569.3,1285
573.28,115
571.93,101
573.94,106
574.77,1316
574.21,351
574.21,0
575.3,100
574.91,993
575.12,892
575.12,0
573.44,239
574.78,227
574.78,0
573.49,200
572.22,292
572.22,0
572.22,0
573.14,452
573.7,127
572.79,111
575.13,300
574.8,3660
574.76,394
574.18,586
573.72,281
575.16,200
575.67,724
576.33,299
577.39,658
577.67,629
577.22,584
577.71,463
576.35,448
579.09,3113
578.32,10505
574.6,2588
572.96,2637
571.4,11343
572.63,13269
571.72,1386
571.72,0
573.29,100
573.43,190
572.78,254
572.96,400
571.81,778
573.47,213
572.69,7111
572.46,1425
573.36,310
574.46,820
574.65,1275
573.71,1825
574.61,787
575.18,123
575.18,202
574.68,987
574.59,832
575.05,444
574.69,2274
574.72,310
574.33,1545
574.42,813
574.84,884
575.27,1245
575.66,938
576.33,681
576.28,1262
577.55,1581
580.24,1274
580.72,741
580.79,2015
580.97,1125
581.65,4337
578.03,507
575.14,3715
574.51,1786
574.09,2560
574.88,2972
574.88,0
574.43,610
574.66,276
576.3,343
576.7,277
574.55,143
574.69,1347
575.53,771
575.53,0
575.91,119
575.91,0
577.35,100
576.6,485
576.37,599
576.46,1838
575.43,668
574.48,233
574.54,823
573.85,100
570.05,1159
568.77,720
568.06,2943
568.2,5066
575.55,1163
573.95,499
571.9,343
574.04,634
574.04,0
574.38,610
574.02,113
574.71,400
573.58,1461
573.96,1456
573.69,6416
578.67,101
578.83,108
581.31,436
582.03,584
585.98,675
586.95,100
585.67,102
583.33,613
582.09,349
580.52,108
581.48,1155
580.98,339
580.98,0
580.98,0
580.98,236
580.05,101
581.07,539
582.02,331
582.4,431
582.4,0
582.49,210
582.26,496
582.51,771
582.05,367
583.37,208
583.37,0
583.37,0
584.16,3067
577.54,5098
577.92,1170
577.71,470
587.91,360
584.86,487
586.93,466
582.08,815
581.24,1009
576.97,2515
576.03,5824
576.37,11952
571.9,307
572.34,1635
570.73,966
569.72,1167
570.79,106
571.2,434
570.72,1093
570.1,192
570.19,938
568.13,695
568.31,1061
570.46,729
568.65,1299
569.6,200
569.62,494
569.3,426
568.17,1498
568.16,849
567.92,1410
569.16,101
569.5,111
568.82,206
568.34,709
568.34,0
566.19,1303
566.28,293
566.55,208
567.72,210
568.04,100
566.36,140
567.04,1103
567.4,242
567.04,557
570.44,601
570.61,1704
568.83,1176
568.88,1627
568.92,1287
569.96,7984
555.11,1996
555.52,2368
549.44,815
550.87,3123
550.88,3192
551.02,1702
551.35,3055
550.6,1511
551.06,519
550.12,1904
551.54,200
551.77,701
551.01,751
551.37,2413
550.39,509
550.42,2689
549.38,1273
549.92,1726
549.88,1441
549.75,1853
549.75,0
550.64,349
551.97,310
551.97,0
552.58,545
552.56,410
552.79,103
553.16,213
551.89,2067
550.35,421
551.35,657
551.68,916
550.63,2222
549.68,1637
552.31,1282
551.5,793
552.51,2109
552.75,1067
551.96,5741
547.57,413
549.6,1040
551.7,1011
550.59,1005
549.46,784
549.46,0
549.97,209
549.49,1410
545.27,739
546.64,2226
543.91,761
543.77,306
543.88,1308
541.26,1349
541.36,156
540.6,772
539.76,1760
538.88,1103
538.11,1598
537.56,209
538.5,423
540.06,2352
539.46,1778
539.46,410
538,877
537.46,823
537.08,1851
537.87,773
538.83,463
539.67,1421
540.01,1148
540.01,0
542.32,554
541.75,315
542.47,339
542.79,696
541.28,385
542.93,231
543.38,3961
544.56,224
546.65,432
545.03,1855
543.69,1672
538.78,826
539.08,1123
540.37,704
539.5,1928
540.2,302
538.82,598
538.88,100
538.02,1643
535.76,403
535.84,308
535.84,0
533.63,472
532.94,200
532.94,0
533.84,321
533.95,314
533.98,527
533.84,1279
533.85,200
534.14,1415
532.2,948
532.53,570
532.53,0
530.99,106
530.19,656
529.52,948
530.3,848
532.41,1307
534.63,445
532.12,144
531.55,895
531.53,805
528.55,1098
528.33,1730
528.57,4636
528.92,605
528.82,2937
527.16,1827
526.87,838
528.28,1587
531.5,311
531.46,307
531.86,112
533.31,2134
533.04,978
531.63,100
532.67,647
533.53,203
531.77,111
532.46,101
534.57,455
533.83,847
535.04,112
534.52,201
534.81,213
535.71,332
535.18,297
537.22,642
535.69,113
535.69,0
535.44,102
534.51,368
534.51,0
534.51,0
533.04,255
533.9,587
533.71,340
533.76,1452
534.1,1779
535.39,1943
534.84,877
534.83,768
536.03,518
536.23,9187
530.28,262
529.95,1625
525.97,2480
525.08,3231
521.6,3301
522.43,428
522.32,324
521.6,484
523.21,483
523.21,0
526.73,100
526.7,529
526.96,117
525.54,118
525.81,224
525.81,0
524.11,202
524.11,0
524.11,0
524.05,384
525.52,1859
524.49,821
524.16,964
522.9,1704
522.63,740
522.49,609
521.48,1071
519.96,171
520.26,973
520.05,315
520.41,1102
520.98,698
519.55,100
520.88,389
520.82,715
521.38,1789
521.18,961
522.59,635
521.66,5676
528.07,1043
526.58,2445
527.71,1352
526.1,2169
526.51,2652
526.56,650
527.63,1204
527.82,612
527.47,201
526.81,898
529.1,919
532.02,405
532.6,100
529.86,935
529.02,539
529.97,1068
529.43,324
529.85,300
529.85,0
531.38,301
531.38,0
529.75,500
529.65,381
529.43,200
530.4,920
528.91,1143
527.15,894
528.51,1011
529.69,1339
531.9,604
531.9,0
531.17,102
531.67,533
530.15,579
530.87,2018
530.07,773
530.93,1972
530,1645
530.95,13585
534.49,2114
532.08,239
532.69,577
534.24,658
535.75,321
534.22,1038
533.34,898
534.03,2183
533.74,754
533.35,3007
535.34,854
535.27,1633
536.48,1442
534.48,1068
532.19,129
532.19,0
532.19,0
532.19,0
531.03,111
531.03,0
531.03,0
531.03,0
534.69,242
534.69,0
536.6,122
536.6,0
536.79,310
537.04,1179
538.65,121
539.36,2126
540.31,248
540.31,405
540.5,205
540.23,409
539.27,322
538.53,1200
538.9,981
538.37,4722
537.15,4627
543.58,1403
549.47,879
551.32,399
552.22,1419
553.88,2013
552.38,230
553.38,1590
553.1,881
553.38,2949
552.63,109
552.57,506
552.57,0
550.33,411
550.35,1639
548.67,1302
549.1,225
548.93,339
549.45,962
549.09,1617
549.09,0
547.5,643
547.45,1424
546.94,159
544.9,677
545.67,1151
544.2,656
544.57,1196
544.57,0
545.24,2201
544.88,2500
545.11,100
545.85,229
545.94,353
546.51,494
543.91,978
543.52,1655
544.11,1501
545.69,1531
546.35,9857
537.88,317
536.48,1135
536.21,309
536.13,2307
532.96,1987
531.18,100
531.83,1003
533.54,101
533.5,597
533.35,100
532.77,367
533.05,226
533.05,0
533.05,0
533.17,723
532.19,750
535.19,753
535.19,0
535.13,329
535.13,0
536.37,114
536.22,202
536.22,0
538.67,218
536.81,478
537.09,670
538.81,290
536.22,332
537.17,731
538.2,255
538.2,0
538.86,516
538.76,624
539.35,777
540.89,949
541.25,100
540.29,1157
539.15,2523
538.67,4681
539.05,1122
533.49,1696
532.16,1767
524.91,1877
522.87,4490
523.46,2618
522.01,1533
519.82,1038
521.56,1091
521.56,0
521.26,1107
524.1,1441
523.1,701
521.86,976
521.86,0
518.81,1102
518.62,314
520.81,304
521.43,304
521.5,1335
522.75,643
522.73,522
520.91,422
522.2,970
519.3,441
520.77,100
520.6,209
519.74,663
520.89,220
519.74,964
519.55,120
520.02,969
517.37,1583
517.87,1971
517.04,810
519.16,200
520.28,2515
518.74,2870
518.34,6386
514.36,1811
512.6,1649
511.03,3384
511,794
515.28,634
511.99,1372
510.82,1100
510.61,973
511.43,613
510.98,205
510.98,0
509.78,300
509.78,0
510.61,227
510.65,124
508.91,657
509.44,404
509.44,0
509.16,314
508.93,394
508.93,0
508.55,1089
508.88,374
510.21,742
510.04,1462
510.04,0
510.04,0
507.71,217
507.95,780
507.95,0
505.48,807
506.17,461
506.17,0
504.68,411
503.73,955
503.73,0
500.6,702
502.62,1768
503.07,3953
508.1,1290
506.43,1293
509.9,713
508.18,163
505.83,566
506.99,620
506.76,752
505.31,100
504.86,887
502.45,103
503.45,102
503.45,0
503.45,0
502.79,311
504.07,200
502.98,105
500.47,109
500,386
499.65,2707
498.06,916
496.75,2346
494.62,4737
495.08,1018
496.63,708
496.83,992
498.13,1055
498.25,278
496.73,383
495.51,214
494.64,1043
494.15,1254
494.68,1048
493.44,150
493.44,0
492.01,2229
493.05,1969
492.01,3688
492.76,2065
492.54,3173
490.42,3258
482.08,4506
478.9,2580
479.2,6636
478.63,1676
482.48,869
482.07,656
484.42,564
485.32,1071
485.84,493
487.24,406
486.34,465
486.86,637
486.73,561
488.53,188
487.77,501
487.14,463
488.32,100
488.54,100
489.32,205
490.09,102
489.39,100
488.92,904
487.86,300
487.78,100
487.78,0
487.78,0
490.87,305
490.58,107
491.02,358
492.37,203
490.8,158
488.39,209
485.1,395
484.99,1102
486.29,1465
486.44,734
485.45,555
486.23,7052
481.69,423
484.83,632
484.4,1870
482.6,1406
479.11,835
477.58,733
481.29,100
480.15,747
480.57,100
480.57,0
480.57,0
480.57,0
480.44,128
478.98,105
480.99,120
480.81,604
480.06,559
480.75,660
480.75,0
479.06,200
479.06,0
480.09,101
480.18,254
479.71,287
479.83,2495
478.31,409
478.11,300
478.61,964
478.28,565
478.28,0
478.28,0
479.46,715
477.9,689
477.71,263
477.41,100
477.75,839
476.72,998
477.58,1232
476.75,8027
462.65,2005
465.27,3103
468.15,2404
468.97,2941
473.32,1141
473.86,575
471.6,822
470.98,335
471.18,322
470.2,422
472.63,489
479.22,2495
480.62,1172
486.7,877
485.57,240
487.01,331
486.22,372
484.99,101
485.11,187
485.11,0
485.11,0
485.11,0
485.11,0
485.11,0
485.11,0
488.69,517
488.54,110
488.54,0
488.54,0
487.8,100
485.98,835
486.65,1435
487.42,1881
487.62,360
488.13,102
488.13,0
485.49,1526
484.86,1999
486.45,2963
494.84,729
486.92,127
488.83,722
485.06,325
482.93,537
480.93,219
480.69,106
481.05,414
479.45,100
479.45,0
478.79,225
476.35,113
475.52,209
474.06,120
473.9,1378
472.31,903
472.7,823
472.7,0
472.7,0
474.41,309
472.87,701
472.87,0
472.87,0
473.18,449
473.44,1373
473.51,1415
472.78,2992
474,1546
473.7,754
472.82,1115
471.87,2356
471.39,1621
471.23,500
470.97,1302
468.6,525
469.4,737
469.74,1178
468.45,1560
469.62,4191
482.75,457
485.47,447
488.81,1104
487.59,1303
489.01,1216
489.74,536
487.27,1240
489.51,1565
489.13,1803
490.43,430
489,588
487.42,169
488.3,643
488.3,0
489.96,108
489.96,0
489.96,0
487.98,223
488.02,320
485.83,105
485.83,0
486.21,100
486.01,446
485.8,509
486.58,364
486.84,501
486.6,649
487.55,100
487.55,0
487.55,0
487.55,0
486.84,100
486.6,373
487.52,716
485.97,210
486.37,331
487.64,525
487.63,1359
490.06,7351
504.43,1119
505.97,920
506.63,474
506.31,371
508.75,1001
508.82,1307
507.99,866
506.46,628
506.46,0
505,383
505,0
502.45,323
502.78,1904
503.11,675
503.11,0
505.38,205
505.71,347
505.84,200
505.84,0
505.84,0
505.23,309
501.92,100
501.92,0
502.66,115
503.79,349
504.92,800
504.92,0
504.21,276
503.4,104
503.41,204
501.16,666
500.05,1262
499.29,110
499.29,0
499.09,147
500.21,369
500.52,102
501.08,645
501.34,2638
491.21,703
490.41,1156
493.99,850
493.99,0
494.53,101
495.97,374
496.32,1076
496.32,0
495.65,808
496,841
494.13,208
494.6,111
492.55,653
494.45,100
494.45,0
494.65,300
493.62,592
493.29,537
491.94,100
491.43,351
491.7,450
491.74,1112
490.01,176
490.19,633
490.69,412
490.3,231
489.56,423
489.78,293
491.74,343
491.59,104
492.14,327
490.44,100
489.61,515
489.69,508
489.69,0
490.55,300
489.91,241
489.74,971
489.2,4939
488.44,100
485.63,110
490.04,127
490.52,2167
490.52,0
494.24,123
494.24,0
491.65,227
493.94,1061
495.38,524
492.9,1054
491.99,505
493.54,265
495.41,752
495.41,0
492.87,212
490.73,100
490.73,0
489.29,216
488.74,151
488.74,0
490.54,358
489.42,314
490.51,212
491.24,217
491.24,0
489.05,120
489.05,0
489.05,0
489.05,0
487.06,250
487.9,3107
489.68,100
488.92,100
489.43,381
487.76,103
487.66,207
488.83,614
489.49,3587
489.49,0
482.82,209
486.43,891
491.27,813
488.07,213
488.07,0
483.82,101
484.13,100
484.76,110
482.33,205
483.83,125
483.63,506
483.63,0
486.45,160
486.45,0
486.98,872
487.85,396
488.63,100
487.99,613
489.49,338
491.13,528
490.55,674
490.21,1167
491.06,2605
490.97,837
491,936
491.69,760
491.66,858
491.95,310
491.11,420
491.86,1150
492.48,954
493.12,858
493.67,411
494.31,212
495.29,342
495.82,2986
495.87,976
495.8,3380
502.71,317
502.71,0
502.71,0
496.66,740
492.04,210
490.57,438
490.57,0
493.36,205
494.16,838
494.16,0
494.78,536
494.33,813
494.84,207
495.46,533
497.02,100
497.02,0
495.97,422
495.97,0
495.97,0
496.81,682
496.84,754
495.89,141
495.89,0
495.89,0
495.89,0
495.89,0
492.41,111
492.41,0
495.02,127
493.8,208
493.8,0
493.8,0
493.8,0
493.8,0
496.91,105
495.74,311
495.5,565
494.09,690
493.13,3374
501.35,408
504.72,334
506.9,535
505.19,902
506.73,580
506.73,0
507.69,150
508.9,301
509.49,117
507.3,282
509.61,219
509.61,0
510.39,272
510.27,567
510.45,308
510.03,1230
510.62,267
512.27,447
512.98,1143
513.41,635
512.49,799
513,1016
514.46,577
513.85,477
513.85,0
513.85,0
513.73,317
514.36,461
514.68,581
514.46,452
514.46,919
514.18,951
513.85,370
513.66,1055
513.72,4908
513.64,1560
513.6,767
515.76,432
516.06,6043
516.63,370
518.14,203
513.51,304
511.96,3602
512.63,851
514.39,600
513.93,1227
516.42,202
516.68,317
515.32,1370
516.09,1486
516.09,0
516.09,0
516.09,0
516.09,0
519.33,1131
520.26,321
520.15,417
520.66,168
520.65,419
520.32,762
518.67,196
518.24,106
518.31,233
517.13,501
517.13,0
518.07,439
518.85,132
518.82,1018
518.68,512
517.97,289
518.13,506
516.57,327
516.39,1544
515.4,380
515.93,2430
515.93,0
517.53,655
517.84,4828
519.51,2679
515.58,1291
518.31,976
517.39,1667
518.22,1668
523.87,1475
524.34,861
522.71,1055
519.86,582
518.9,787
520.18,295
519.01,304
517.43,395
516.65,242
516.65,0
515.36,135
514.62,976
515.08,230
513.85,603
514.81,312
515.48,351
515.79,126
516.95,528
517.27,769
517.36,100
517.37,319
517.21,208
516.76,312
517.01,407
517.04,126
516.8,356
517.23,315
515.28,301
516.04,640
515.07,419
516.72,100
518.22,831
517.37,1590
516.93,9558
513.08,151
516.18,320
519.81,467
521.72,238
520.87,445
521.4,289
524.47,812
526.11,898
526.56,426
527.17,111
527.22,907
528.2,423
528.2,0
526.88,376
527.68,720
527.84,621
529.9,200
530.96,100
531.15,250
531.15,0
531.32,767
532.94,111
532.94,0
533.16,392
533.52,321
533.26,227
533.58,991
533.02,132
532.11,235
533.33,206
532.06,798
533.04,401
534.03,573
534.11,1997
533.4,924
531.73,1456
530.69,2160
530.32,1030
529.6,6911
518.65,105
522.53,206
521.87,101
522.36,201
526.32,691
526.12,2292
524.64,483
525.24,299
525.93,352
527.07,540
526.69,670
527.58,421
529.4,315
530,203
529.59,713
527.15,216
527.36,751
528.95,452
528.24,212
528.33,688
527.03,770
526.36,761
526.51,754
527.19,767
529.15,532
528.74,102
528.74,0
528.09,623
527.91,234
528.68,247
529.15,420
529.47,141
529.47,352
526.59,100
526.82,543
527.3,413
527.82,893
527.71,2399
527.08,4922
532.68,1176
533.87,371
527.22,369
524.88,1154
524.5,775
525.92,232
524.38,2104
523.2,300
521.84,830
521.13,570
521.66,492
520.67,1235
520.05,2055
518.01,2337
517.13,1025
518.46,448
519.41,100
518.9,887
518.03,885
516.76,217
517,1328
515.97,1289
516.35,1375
517.22,1080
516.02,673
516.38,953
515.43,553
516.28,1203
515.9,3314
516.63,657
516.62,1362
515.11,576
514.13,1234
515.27,1518
515.47,1755
515.84,1522
516.19,1272
515.87,1330
516.54,9793
509.14,903
512.26,857
510.65,256
510.05,634
511.1,300
510.68,912
511.74,582
513.38,851
515.47,745
515.58,1339
513.99,815
512.73,2360
513.77,711
516.73,102
518.52,417
518.88,502
518.88,0
518.14,200
517.9,102
517.97,1391
520.06,400
519.77,100
518.43,881
518.43,0
519.7,854
519.7,0
520.52,740
518.8,1306
526.36,1800
524.32,1082
526.38,486
520.88,432
514.65,1423
516.25,518
520.34,1730
513.23,573
511.61,2129
512.08,2670
511.79,4293
533.8,8903
554.52,7564
541.79,1257
544.27,1988
543.41,2814
545.25,2557
548.64,1704
546.39,2788
548.75,2136
548.7,1594
547.88,1342
547.14,1468
542.58,434
545.72,364
543.04,653
542.75,324
542.12,1309
542.07,803
543.28,678
544.29,105
544.61,687
545.96,834
545.47,539
543.39,248
544.75,444
543.45,537
543.26,662
543.65,552
542.78,1569
544.05,1740
547.35,2220
545.8,518
544.91,1601
545.22,644
543.69,1152
545.28,1083
544.68,2414
545.4,1931
544.63,7405
546.41,406
540.1,2797
543.98,2689
550.05,1456
550.99,1526
554.02,1188
555.4,1707
559.99,1100
560.21,647
562.57,1607
563.34,2669
566.31,2787
564.2,2619
559.13,217
557.94,1855
553.93,1362
555.15,802
558.3,1254
560.76,505
557.81,333
557.81,913
556.71,1255
558.23,1100
557.66,1216
557.13,1528
557.98,661
559.08,326
559.79,1158
560.06,1201
562.82,1201
564.05,781
563.49,1137
565.72,1085
567.43,1017
568.67,1537
567.12,1396
567.33,2417
568.63,3962
569.56,12452
569.56,625
567.37,1807
568.75,1026
570.2,103
572.93,1538
571.58,1573
568.94,1135
569.16,1104
569.78,1904
569.25,3863
569,1637
570.12,852
570.51,640
569.82,299
569.66,503
570.81,254
569.98,100
570.34,100
571.13,500
570.91,200
570.91,0
570.6,600
570.28,413
569.58,1021
569.48,2716
568.5,1352
568.8,598
570.38,615
571.31,2291
570.92,771
570.59,1062
571.22,200
571.56,1248
570.32,603
570.73,4544
569.22,845
568.37,1424
566.8,1568
566.5,4244
566.22,789
561.93,522
562.94,451
562.2,562
563.78,333
565.36,400
565.97,332
567.09,343
566.22,750
565.02,1260
564.36,1554
565.2,1251
565.03,881
567.15,521
564.89,1336
564.88,100
563.56,202
563.89,118
563.9,130
564.49,203
563.95,100
563.95,0
564.37,206
562.97,784
559.27,671
560.88,4658
558.89,305
558.29,205
555.74,387
552.82,536
551.93,564
555.32,210
555.36,263
555.27,769
556.03,509
556.66,659
557.98,691
558.66,374
555.5,5162
554.94,321
558.66,1166
560.49,627
557.7,2558
560.5,305
562.33,448
561.76,2606
561.76,623
562.7,1023
564.22,1195
563.72,924
564.08,499
564.08,0
564.83,204
564.83,0
564.27,308
564.45,1281
564.51,800
564.53,300
564.53,0
565.5,704
564.66,647
563.82,1450
564.82,303
564.4,804
561.93,761
560.04,283
561.33,363
562.43,102
562.52,483
560.56,1395
561.26,211
559.44,319
559.89,471
560.4,530
559.37,2447
558.42,943
555.98,773
555.29,5288
574.92,1679
576.05,411
580.89,2660
582.89,2444
580.52,628
581.56,1185
584.72,655
582.01,412
586.3,519
586.85,1091
590.02,422
590.55,569
592.61,332
593.14,530
595.14,1010
595.17,100
594.88,764
597.25,931
597.91,1296
596.57,419
594.79,512
595.26,1022
594.09,613
594.74,108
595.38,843
595.73,213
595.91,457
594.6,115
595.39,324
594.79,300
594.74,620
595.27,375
597.34,417
597.45,323
601.03,554
600.5,1298
600.46,3139
602.48,3707
604.81,10994
602.7,680
606.49,977
609.87,2020
609.37,5367
611.84,1826
612.47,2717
614.99,1137
612.42,650
613.86,759
612.34,298
609.87,1255
611.4,1416
610.88,828
611.52,494
613.69,939
612.36,665
612.36,0
612.95,345
612.95,0
611.55,313
612.59,759
612.59,0
612.01,1230
611.91,736
614.09,564
612.62,951
614,225
614.48,120
612.79,1474
612.85,364
613.2,442
613.15,112
613.82,1480
613.82,0
611.33,1160
611.3,2029
613.27,4649
612.6,1318
613.61,15909
605.81,1001
602.6,220
602.98,1966
601.63,682
604.09,617
602.82,618
601.54,304
603.42,296
603.46,635
603.46,0
601.5,803
601.11,1979
603.24,698
603.24,0
602.4,100
603.14,478
603.07,140
601.34,137
603.13,513
603.29,1300
604.4,204
605.33,145
604.97,200
605.48,243
605.71,624
605.71,0
605.71,0
605.25,463
602.3,200
602.29,336
602.88,428
602.88,0
599.53,414
599.49,219
599.49,0
596.69,476
595.57,289
596.63,706
594.47,2305
594.47,0
604.4,555
602.94,687
605.6,562
601.85,514
602.78,552
604.14,202
604.53,296
604.53,0
603.04,392
605.79,350
605.7,625
610.27,572
609.33,1157
609.02,401
610.15,819
608.11,206
608.37,305
608.46,653
609.7,122
608.99,895
610.29,572
611.06,477
609.7,954
607.27,1115
606.79,127
610.41,602
609.44,518
611.46,1553
611.01,1336
610.22,206
611.14,708
613.18,117
614.2,1730
612.88,1184
613.49,1596
612.02,2018
613.82,109
613.84,6012
608.83,536
613.18,718
611.65,100
608.09,947
611.83,824
611.08,328
610.94,1311
609.92,1119
609.32,915
609.32,0
609.32,0
610.45,101
610.08,494
611.51,423
610.35,512
610.01,692
611.26,620
611.53,874
610.66,100
612.64,644
613.69,299
613.23,1144
612.88,942
612.86,206
612.26,300
609.79,511
610.85,250
610.85,0
609.71,644
610.14,488
610.55,238
610.08,100
609.93,106
610.23,201
607.39,101
607.39,0
608.14,422
608.69,104
609.43,5956
600.05,857
598.19,401
598.04,519
598.06,207
598.6,1183
597.25,401
598.19,689
598.16,1353
597.9,991
597.71,408
596.78,888
597.66,560
597.94,711
598.01,197
597.62,455
600.04,460
599.1,843
599.12,771
598.97,331
598.83,727
600.07,417
599.37,301
599.14,811
598.96,613
599.49,236
599.82,203
599.82,0
599.13,343
598.13,353
596.58,102
596.26,504
596.26,0
595.38,519
594.7,108
592.3,463
591.57,416
591.69,789
591.69,0
595.78,2843
595.78,0
605.44,115
606.13,326
606.13,0
602.34,133
603.04,246
603.04,0
603.04,0
600.67,106
600.67,0
600.45,100
601.92,137
600.57,225
600.57,0
599.83,101
599.64,152
599.94,523
599.94,0
599.76,629
599.91,101
598.81,323
598.29,221
598.29,0
598.15,659
599.95,442
599.39,100
598.63,100
599.07,251
598.28,528
598.21,387
598.11,501
598.95,832
599.15,215
598.95,2222
600.52,419
600.31,211
600.91,650
603.38,861
605.58,10515
603.27,105
603.27,0
604.93,184
604.31,453
605.35,1227
605.39,3455
604.71,269
604.89,453
604.26,1408
604.81,1419
604.27,1363
603.56,1002
603.56,0
603.47,1171
604.5,210
603.79,1557
604.15,898
604.44,429
604.52,541
604.63,872
603.67,343
604.6,1567
604.88,359
604.42,301
604.96,615
604.49,511
604.76,759
605.65,565
606.91,754
607.63,1114
607.94,201
608.26,1707
609.43,657
608.7,1379
609.63,699
611.26,2037
611.84,1831
612.43,1964
612.67,10514
611.86,872
608.6,2924
610.13,1061
609.42,239
609.07,378
606.72,103
607.63,677
607.43,5101
608.24,2812
607.97,1268
608.8,2865
608.4,1944
608.76,1971
608.88,1257
608.45,1245
608.45,0
607.51,956
607.33,705
606.7,537
607.49,2091
607.65,717
607.78,926
608.83,418
608.83,0
608.71,204
608.5,101
609.34,100
610.1,303
609.38,123
609.38,0
608.73,756
609.04,201
609.01,109
610.59,1407
611.54,1161
611.85,433
612.8,304
611.93,865
612.62,3278
612.62,0
612.62,0
618.53,1225
620.16,526
621.85,1358
621.43,1621
624.11,614
624.59,857
624.7,434
624.81,1655
624.61,117
624.22,252
624.22,0
622.42,336
622.02,604
622,205
622.24,107
622.43,369
622.75,262
622.03,200
621.62,272
620.67,100
620.95,116
621.44,1583
622.53,406
622.68,1330
621.54,709
620.9,625
622.33,138
623.23,177
622.86,103
623.37,275
623.9,107
623.9,0
625.66,407
626.39,634
626.22,114
626.24,605
626.18,3052
626.28,131
627.44,452
629.64,449
627.35,476
629.32,421
628.29,522
629.37,104
628.8,315
628.8,0
629.69,112
628.53,111
629.49,131
628.92,104
628.92,0
629.29,165
627.8,273
627.63,117
627.73,132
626.95,1108
626.95,687
627.65,1537
627.65,0
627.65,0
627.65,0
625.01,200
625.01,0
621.76,287
622.65,734
625.48,1562
626.43,421
623.52,746
622.47,201
622.12,992
621.77,1802
623.33,750
623.41,1617
622.36,839
622.9,1440
624.03,540
623.18,3614
622.71,2315
623.55,2249
623.01,1245
622.52,775
620.76,319
620.25,361
620.81,434
621.46,1581
621.91,734
621.17,2407
621.23,962
620.77,977
620.46,1579
619.46,2029
617.98,913
619.81,1200
618.89,106
618,760
617.15,1750
618.11,2817
617.54,2271
617.43,3176
617.83,14473
617.82,1505
619.98,1987
621.26,436
622.69,110
623.04,1271
625.65,706
625.84,2477
625.94,1568
625.74,414
626.06,1939
625.13,1519
623.2,388
623.2,0
623.02,555
622.93,421
623.98,211
623.17,1738
622.65,804
623.16,257
623.16,0
624.06,1400
623.95,627
624.35,235
624.35,0
622.69,433
622.07,537
622.18,981
624.24,434
624.83,248
624.75,1698
622.61,941
622.39,105
623.15,513
623.4,411
623.92,881
624.22,1369
625.3,981
625.98,2494
627.18,5370
625.98,2828
623.69,633
625.65,866
625.79,594
627.12,618
625.58,301
624.88,592
625.65,1173
624.47,828
625.01,1137
625.82,165
625.48,613
627.07,2259
627.07,0
626.54,548
627.29,1257
626.83,1006
625.49,883
627.89,205
627.93,391
628.35,350
628.35,0
629.59,107
629.59,0
627.44,1653
633.22,704
632.52,100
634.44,208
635.54,424
637.1,391
636.96,3263
637.7,412
637.88,670
638.58,911
641.25,964
642.72,1328
644.21,2556
645.1,2151
645.87,7659
652.74,317
650.89,1285
653.43,2897
659.53,3896
658.7,3661
658.7,0
651.71,756
653.81,1033
655.01,688
656.21,457
654.84,124
653.87,129
654.95,3424
654.25,576
654.25,0
653.4,314
651.81,205
650.52,806
651.53,618
647.7,212
648.19,204
649.64,100
645.66,248
646.67,786
646.2,132
646.68,111
647.56,100
646.54,102
646.54,0
648.79,101
648.79,0
648.79,0
650.8,298
650.8,0
649.07,100
648.19,120
650.51,485
650.7,594
651.99,5494
639.5,103
638.04,1965
638.98,1137
638.09,207
640.1,297
640.29,414
637.55,453
635.77,1466
637.68,417
638.31,480
638.67,409
639.09,310
639.66,503
640.27,504
641.47,608
640.8,1035
641.97,992
641.36,133
641.6,1490
640.98,754
642.13,213
642.05,540
641.28,1319
641.61,1166
642.76,303
644.2,403
643.95,100
644.38,751
644.38,0
646.09,321
645.95,448
645.33,366
647.56,1647
646.42,966
647.43,365
647.85,1260
647.24,1208
645.55,1630
645.33,4589
641.21,397
641.15,342
641.57,515
641.41,156
643.33,456
642.96,227
642.75,829
646.28,1059
646.97,1374
646.97,0
651.36,104
651.36,0
651.36,0
648.89,806
648.83,591
646.34,101
646.25,421
646.64,206
646.53,623
645.57,695
644.31,508
642.82,408
642.87,219
643.84,268
643.38,484
642.94,121
642.94,0
639.85,218
639.14,833
639.36,579
638.56,538
639.62,811
640.14,981
639.19,715
638.64,956
638.68,732
638.66,1329
639.45,1005
639.01,3984
640.82,415
639.28,1935
638.19,884
633.77,818
632.56,842
635.89,418
635.15,435
634.61,533
635.75,480
634.63,1359
635.82,353
635.55,614
638.44,399
637.18,173
636.91,200
637.01,118
636.16,209
636.23,107
636.83,602
635.67,207
634.57,206
634.57,0
635.7,167
635.79,212
635.79,0
638.32,203
637.98,1537
638.19,712
636.19,1990
635.6,1206
635.34,873
636.86,516
636.97,1898
639.05,1512
639.97,1375
639.53,404
639.26,1017
641.03,1632
642.57,6224
642.41,392
646.17,785
646.07,2100
644.89,1979
644.89,0
645.34,426
645.34,0
642.71,393
647.22,259
649.85,302
649.23,102
647.91,317
644.55,715
643.59,1607
644.27,730
642.91,110
641.45,340
642.07,112
641.01,474
641.17,110
642.15,109
642.14,250
643.35,472
643.76,505
643.02,200
641.17,693
641.18,537
639.06,201
639.01,102
637.59,100
638.73,100
638.56,557
637.94,729
638.04,721
638.02,508
638.07,323
640.22,1221
640.38,604
639.88,2251
640.87,472
639.51,918
643.25,1923
642.99,2865
642.99,0
643.52,219
645.1,646
643.68,348
643.68,0
643.53,563
643.53,0
640.59,107
640.59,0
642.35,110
642.35,0
642.01,128
642.32,132
642.32,0
642.32,0
642.32,0
642.64,125
642.64,0
644.37,100
644.37,0
644.37,0
646.27,123
645.33,113
644.55,100
642.08,765
642.08,0
642.02,206
642.57,100
642.28,111
639.68,133
639.36,541
638.76,635
638.76,749
636.67,1360
635.11,4146
635.11,0
640.21,441
637.3,266
639.97,1277
641.1,855
641.1,0
642.83,384
643.32,129
642.92,100
642.92,0
643.38,345
643.38,0
643.38,0
641.23,210
641.23,0
641.23,0
641.83,100
640.01,789
641.81,101
641.85,101
641.09,383
641.09,0
641.09,0
640.11,229
640.11,0
640.44,246
640.44,0
641.91,109
642.13,536
642.57,301
640.75,371
640.3,1849
640.76,1216
638.28,118
637.86,655
636.66,1271
633.61,869
631.83,1955
631.05,7127
632,727
631.24,375
634.84,202
632.29,331
629.78,400
629.78,0
629.78,0
630.59,450
629.82,302
631.54,101
632.42,112
631.73,397
630.86,328
630.69,538
629.84,133
630.13,869
629.78,935
627.85,111
628.11,541
628.11,0
627.55,407
627.55,0
629.07,696
629.07,0
629.79,615
631.57,511
631.32,100
631,332
631,0
631.71,283
630.81,668
630.53,578
630.53,0
631.78,151
632.08,1680
632.24,549
633.73,544
633.89,1460
633.99,4228
654.76,1431
659.83,782
660.19,2053
658.54,508
663.1,794
664.75,324
659.11,801
659.74,1021
659.74,0
664.27,1233
664.06,400
664.09,461
667.4,200
662.93,807
662.34,364
660.58,716
661.94,877
661.32,1323
660.54,1451
659.65,467
656.52,1053
656.97,1006
658.12,1002
659.42,727
659.62,165
659.69,107
659.63,1143
660.66,1081
659.66,1030
659.96,623
659.43,1243
660.91,1026
660.5,587
656.64,418
657.83,1328
658.88,2010
659.56,829
659.25,2160
660.37,8375
660.6,2056
656.53,2962
660.1,5542
664.38,2457
667.84,1206
668.94,513
668.5,951
668.41,581
666.8,1142
667.73,1005
665.66,2421
666.3,317
666.92,120
666.92,660
666.14,854
669.16,333
669.04,645
668.17,1237
669.1,203
668.54,178
668.79,538
668.54,442
670.03,339
670.57,360
671.55,876
671.71,467
671.68,425
664.43,1213
662.66,1026
663.01,1420
661.54,560
660.55,1440
658.17,1263
658.79,894
663.83,2718
660.98,914
655.09,1678
654.84,2295
658.77,5449
653.67,706
653.95,948
657.71,594
655.71,3175
650.24,717
648.08,749
648.54,1769
648.54,0
648.54,0
642.81,225
643.07,212
643.24,384
645.02,829
646.34,248
646.58,172
647.21,1673
647.01,587
648.08,650
646.86,1286
645.72,2195
645.55,1585
643.73,1035
643.73,1959
645.05,1029
644.05,113
644.91,100
645.22,342
646.05,397
645.58,383
646.86,333
647.05,284
649.72,1052
649.67,706
651.27,303
651.27,0
651.27,0
649.23,635
645.97,2500
646.84,4222
639.06,2020
640.17,227
635.99,375
633.26,1253
629.19,1427
628.84,243
626.06,1001
623.79,2777
624.5,100
622.49,395
620.56,234
620.56,0
624.1,1437
626.38,918
624.95,379
625.16,401
624.33,334
625.57,720
626.21,345
624.08,343
624.08,0
623.91,1192
622.71,217
621.9,104
621.9,412
620.95,329
620.95,0
619.58,100
620.75,204
620.05,2101
619.49,1228
619.25,391
620.78,1362
623,1126
623.21,1608
623.51,907
628.42,1809
626.71,385
623.94,4880
617.62,601
614.27,197
614.27,0
617.86,117
622.39,119
620.76,235
620.76,0
621.26,140
621.1,111
621.1,0
621.3,550
621.78,219
618.17,442
619.95,224
621.21,314
621.68,381
623.05,212
623.05,0
621.07,1102
621.78,988
623.92,731
623.08,1695
623.38,432
622.92,101
622.92,0
619.59,602
620.3,211
617.63,683
617.2,120
617.2,0
617.2,0
614.75,100
615.16,314
613.56,109
614.63,473
613.55,105
613.97,129
613.49,150
614.15,1652
611.39,156
607.01,1098
605.63,746
611.36,206
612.49,1162
611.04,753
610.88,1627
610.88,0
611.3,1413
611.5,225
611.23,1175
610.45,1158
612.78,805
612.94,2311
613.51,3902
614.95,210
617.08,100
615.07,411
614.7,321
615.12,102
615.65,1191
615.65,0
613.75,221
613.75,0
613.48,104
613.87,100
612.46,241
613.4,678
614.17,126
612.71,244
612.55,100
612.14,105
612.12,120
610.52,280
611.57,1447
612.45,2050
613.44,829
612.79,1043
610.45,6033
613.45,1066
614.43,480
616.43,537
618.22,438
619.02,429
618.77,247
618.77,0
622.33,860
621,226
622.66,579
622.39,534
623.9,412
623.9,0
624.38,461
622.04,313
622.07,506
623.2,100
623.71,705
622.52,437
622.52,0
621.81,600
621.81,0
622.15,548
622.82,555
622.86,434
625.35,140
625.35,0
625.99,224
627.18,440
624.84,365
623.7,776
623.8,205
623.59,221
624.76,620
624.12,987
622.67,202
621.61,1297
620.21,1704
621.27,864
610.5,101
610.57,139
610.57,0
610.57,0
612.85,746
613.16,108
611.81,259
612.22,116
612.22,0
612.56,851
615.46,994
613.68,110
613.68,0
613.68,0
609.99,229
609.41,429
608.3,503
607.41,209
605.34,103
603.88,590
603.97,206
604.06,451
602.16,471
601.56,610
600.81,325
601.75,271
599.97,848
599.97,0
602.12,625
602.93,881
603.77,810
604.17,200
606.08,178
606.08,0
607.7,324
608.46,652
609.77,302
607.44,498
610.58,1708
607.49,200
602.57,700
602.09,1124
600.28,490
602.79,467
602.79,0
607.57,110
608.85,309
608.85,0
607.44,295
608.72,645
609.66,238
610.36,550
614.43,401
613.37,105
613.37,0
613.06,278
613.06,0
613.06,0
613.06,0
612.44,123
613.16,258
613.86,342
613.99,107
613.99,0
613.99,0
609.57,175
609.83,102
609.83,0
609.83,0
613.83,131
613.83,0
613.83,0
613.83,0
613.83,0
613.81,185
613.81,0
613.39,405
613.39,0
613.39,0
613.39,125
613.39,0
608.74,261
609.06,316
609.06,0
609.06,0
609.06,0
613.6,205
612.03,237
611.77,515
611.77,0
611.77,0
610.52,335
610.63,475
610.63,0
610.63,0
610.63,0
609.74,100
609.19,326
609.19,0
608.99,100
608.99,0
608.99,0
608.99,0
608.99,0
608.99,0
608.99,0
608,267
608.44,359
608.29,123
608.29,0
609.57,260
609.57,0
611.39,748
611.47,101
611.51,549
612.6,720
610.77,2289
610.77,0
617.41,624
614.12,102
613.21,111
612.91,318
611.97,100
611.97,0
611.43,605
614.15,200
613.86,624
613.86,0
614.07,129
614.07,0
613.84,102
614.2,386
614.2,0
612.43,220
611.43,105
611.19,200
611.24,289
612.25,240
611.59,500
611.59,0
611.54,602
611.54,0
609.58,405
608.25,288
608.25,0
607.02,161
608.31,415
608.12,634
611.3,100
610.23,100
608.84,103
608.31,326
608.65,420
608.44,225
608,574
608.89,5294
608.89,0
608.89,0
608.89,0
608.89,0
619.46,631
620.15,1013
623.85,200
624.22,810
624.22,0
624.08,882
622.67,321
623.11,640
623.11,0
623.11,0
623.37,651
623.37,0
625.92,546
625.64,312
625.28,447
625.28,0
624.39,462
622.74,537
621.96,124
622.18,117
622.18,0
622.18,0
621.28,122
621.22,558
621.22,0
620.51,589
620.1,564
620,862
620.58,397
619.81,458
621.56,260
621.23,304
621.46,771
622.16,531
622.28,2383
618.62,123
621.36,567
619.67,349
619.67,0
619.67,0
618.25,100
616.36,101
615.83,470
615.83,0
615.83,0
615.83,0
611.94,249
612.9,277
612.9,0
611.61,100
611.61,0
611.5,377
611.53,209
611.33,473
611.33,0
611.92,324
611.92,0
611.33,100
610.1,461
609.94,107
609.87,302
608.82,400
608.95,239
607.75,320
606.45,110
606.45,0
606.45,0
607.22,348
607.82,244
607.44,142
607.44,0
609.41,539
610.11,672
612.19,2109
622.75,1024
623.47,258
624.05,701
619.39,230
618.32,632
615.39,1187
615.39,0
616.19,1485
616.19,0
618.99,207
613.94,347
614.14,208
614.14,0
612.73,944
614.48,1039
613.64,1031
614.55,812
615,967
615.94,101
615.91,872
613.52,493
612.05,160
612.05,0
612.4,1245
612.4,0
612.4,0
612.4,0
614.55,196
614.85,105
613.45,105
611.45,288
612.23,653
614.27,236
616.31,223
617.11,119
617.33,1153
620.08,107
619.98,1193
618.93,1683
622.7,2080
629.63,1763
633.81,1051
632.13,1041
631.18,3357
630.92,1210
629.72,3824
632.16,922
637.17,629
636.38,467
637.69,1625
635.26,1359
637.52,534
639.76,106
642.85,584
643.02,501
643.23,208
642.88,200
642.66,1137
642.41,317
642.54,110
641.58,113
641.61,941
641.72,401
641.08,737
640.78,365
639,221
636.96,911
635.47,356
637.17,408
635.08,345
635.57,253
634.33,505
637.73,413
637.38,1005
636.94,731
634.04,559
630.95,1183
633.17,2849
629.06,1204
624.79,797
620.71,100
620.71,0
622.3,216
619.72,605
619.37,1358
618.73,371
618.57,895
617.43,188
619.07,102
619.07,0
619.07,0
619.07,0
619.53,101
618.44,463
618.44,0
618.44,0
617.74,314
617.74,0
617.74,0
618.15,537
618.15,0
618.8,101
622.52,128
622.52,0
622.31,244
621.5,220
619.07,312
619.18,307
619.18,0
622.97,100
622.9,257
622.9,0
622.9,0
618.58,110
618.27,173
617.69,275
617.9,929
617.9,1544
614.84,100
612.32,884
613.08,1319
620.41,201
619.49,609
618.53,253
624.22,729
623.83,242
624.61,727
624.55,303
624.55,0
625.06,688
623.76,300
624.77,458
624.73,738
624.91,849
625.22,346
624.73,128
623.99,100
623.58,1403
624.51,493
624.51,0
625.47,482
626.96,376
628.99,1333
628.96,928
629.49,481
629.56,913
629.76,1163
628.07,1370
628.09,139
629.22,451
629.6,903
629.02,1350
628.79,1153
629.6,307
629.81,1151
628.42,2694
628.86,100
630.56,394
635.57,1812
638.12,1752
638.4,651
637.24,295
640.68,245
640.68,0
638.49,145
638.55,1860
638.78,432
641.15,881
642.53,1552
642.53,0
641.14,241
640.52,457
640.03,205
639.93,169
639.65,552
640.26,618
639.93,700
638.86,120
638.09,807
638.3,201
637.09,749
637.09,0
637.09,0
637.59,1663
637.59,0
639.36,630
638.47,345
637.82,963
637.44,876
635.48,313
637.1,683
637.65,221
637.65,0
636.33,100
637.98,3483
632.95,491
640.03,899
639.29,1491
643.04,1389
646.79,1351
646.06,2090
641.03,1436
643.21,2149
643.66,2070
642.57,1355
644.64,323
644.48,747
642.96,347
642,741
642.68,913
644.08,1759
645.96,1120
644.7,404
642.85,316
644.18,1282
644.32,590
645.16,533
644.83,1473
644.8,876
643.68,400
645.22,201
643.99,617
644.52,609
644.9,625
646.15,213
646.12,1035
646.18,773
647.12,1451
646.02,755
645.86,239
645.35,132
645.63,233
645.63,0
649.8,2070
652.95,768
661.36,129
661.67,612
659.21,425
661.59,1463
663.36,1578
665.68,1087
668.69,432
669.74,740
670.75,654
672.31,1750
672.35,445
673.27,302
673.27,0
669.74,301
668.31,503
668.31,1154
668.31,0
668.31,0
669.67,108
669.67,0
669.9,100
669.9,0
669.9,0
670.54,435
670.15,320
668.44,401
668.44,0
668.44,0
668.44,0
668.44,0
668.44,0
668.73,303
668.73,0
666.11,861
666.76,324
666.22,680
665.18,1828
665.08,4088
665.78,239
665.78,0
665.78,0
662.48,216
666.67,116
666.67,0
667.04,929
667.97,557
666.07,1295
665.19,220
665.19,0
667.99,305
667.84,527
667.81,302
668.08,103
668.08,0
668.08,0
672.99,222
673.19,206
673.19,0
673.66,1750
673.75,764
674.48,405
673.61,1440
671.09,459
671.14,1008
671.14,0
674.41,313
674.85,917
674.85,0
672.36,225
673.36,324
671.78,308
672.86,421
671.76,1016
672.89,221
673.83,345
673.83,0
675.02,2783
673.36,516
672.06,912
671.55,100
671.25,375
673.46,314
677.24,513
678.46,527
675.63,407
674.62,941
673.35,1216
671.61,393
671.05,108
670.01,154
670.08,2185
671.33,201
670.8,522
670.8,0
672.92,215
673.36,438
672.34,303
674.16,228
674.78,379
674.22,484
674.22,0
674.22,0
674.22,0
675.19,117
673.89,100
673.89,0
674.4,1108
674.4,0
676.3,437
676.3,0
675.85,102
675.59,106
675.93,770
676.34,110
676.34,0
674.53,933
674.11,1621
670.76,2532
674.45,1127
671.63,521
670.25,1215
668.91,400
670.37,100
669.15,543
669.09,729
668.99,158
667.64,361
668.13,100
668.92,612
667.9,219
667.72,548
667.72,0
667.72,0
668.73,339
668.8,314
668.8,0
670.76,576
672.04,400
672.68,100
672.65,590
672.18,400
673.68,930
675.78,234
676.08,209
676.06,450
674.14,311
675.99,100
675.53,1120
673.7,113
673.34,376
672.34,1301
672.21,295
671.59,373
671.53,652
670.52,3897
670.83,425
669.33,475
663.85,1548
663.66,854
666.85,309
668.8,200
668.8,0
664.02,325
664.02,106
663.25,645
663.25,0
658.35,500
656.75,112
656.75,0
655.55,251
655.15,288
655.15,0
655.15,0
655.3,177
655.3,0
656.31,177
655.68,483
654.8,516
656.55,414
656.55,0
656.55,0
656.55,0
656.55,0
656.55,0
656.55,0
656.55,0
656.55,0
658.27,130
658.27,0
659.62,667
657.38,1125
656.42,288
656.23,801
655.96,6517
656.1,1326
659.45,1222
660.51,207
662.9,264
662.34,347
662.62,539
660.43,182
660.32,220
657.81,1098
659.72,264
661.07,623
661.07,0
661.07,0
658.07,420
656.19,200
656.19,0
656.52,122
656.2,638
656.2,0
655.69,357
655.69,0
656.95,802
656.65,453
656.68,479
657.36,200
657.78,206
657.46,105
655.95,565
656.86,245
658.64,106
657.58,330
657.77,512
657.5,200
657.5,0
659.62,740
659.63,360
657.53,768
659.6,813
657.01,2406
657.01,0
649.43,711
655.63,209
652.6,300
652.91,812
652.37,487
652.37,0
653.73,207
654.85,100
658.02,133
658.02,0
658.02,0
659.23,100
659.23,0
656.67,209
657.59,100
657.59,0
659.71,100
659.78,175
660.09,355
659.21,310
659.04,100
658.47,840
658.8,303
660.63,106
661.06,364
661.06,0
662.78,104
662.78,0
662.78,0
666.07,540
667.17,794
668.22,564
669.85,747
671.74,534
672.25,377
667.8,227
667.47,119
669.63,4510
668.92,300
668.1,448
667.75,209
669.97,588
668.22,612
668.22,0
671.8,111
672.17,1835
672.11,860
672.87,224
674.45,534
675.8,452
675.8,0
675.8,0
674.41,163
674.41,0
674.95,103
674.43,107
674.62,770
674.18,107
674.03,762
674.54,447
674.28,311
674.88,457
674.88,0
674.88,0
674.88,0
674.88,0
673.18,1072
673.14,105
672.02,152
669.63,132
667.57,110
666.4,213
668.22,112
668.05,363
668.12,110
667.01,429
668.43,2513
668.43,0
670.68,144
672.67,1396
671.6,550
676.6,1018
675.56,644
675.56,0
675.56,0
679.2,1088
680.87,300
681.28,225
680.33,200
679.9,101
679.14,403
679.14,0
675.49,270
674.07,348
674.29,410
674.18,911
674.34,995
673.14,153
671.98,510
671.98,0
672.05,100
672.05,0
672.05,0
672.05,0
672.05,0
672.01,104
672.01,0
672.03,210
672.8,204
672.8,0
673.65,106
675.88,517
675.88,0
672.82,521
670.48,100
670.68,1709
661.35,448
662.48,828
663.27,361
663.89,1594
662.98,332
661.8,560
665.47,200
664.37,703
665.11,509
666.52,214
666.96,1022
669.22,354
669.97,1090
668.24,255
669.9,221
668.94,1148
668.59,427
668.42,248
667.12,212
667.12,0
667.41,388
667.69,560
667.69,0
667.69,0
669.61,786
669.92,301
670.25,1030
670.25,0
671.76,478
673.35,863
672.45,1560
672.07,1188
672.7,241
672.64,521
672.64,0
671.62,249
672.46,252
672.86,2435
671.3,3714
671.3,0
671.3,0
671.3,0
674.49,133
673.98,507
673.98,0
673.98,0
674.59,100
676.23,206
674.1,205
674.1,0
675.27,100
675.27,0
675.27,0
676.79,1086
679.19,308
680.46,200
680.46,0
680.84,205
680.84,0
680.06,205
680,200
680.79,105
680.71,106
680.71,0
682.47,404
681.27,379
680.38,100
682.01,100
681.58,100
681.58,0
681.58,0
679.02,110
679.02,0
679.02,0
679.68,521
680.31,324
679.65,2589
679.29,2250
679.29,0
680.57,367
680.57,0
684.09,135
682.62,611
682.62,0
682.62,0
682.62,0
682.62,0
682.62,0
680.39,283
680.72,150
680.72,0
680.72,0
680.72,0
682.62,414
682.62,0
682.62,0
681.73,146
682.09,100
682.09,0
682.09,0
682.09,0
681.21,200
681.44,310
681.44,0
681.44,0
682.21,323
683.2,200
684.53,493
684.68,987
684.93,676
683.5,203
685.15,678
685.33,453
684.44,566
684.25,1159
685.48,536
685.16,4438
675.45,202
687.32,987
688.76,776
686.09,100
685.1,362
683.81,662
679.64,100
679.64,0
678.7,336
678.27,101
680.84,376
680.3,320
681.16,1373
681.03,522
680.29,551
680.29,0
680.29,0
680.29,0
680.29,0
680.29,0
680.29,0
680.29,0
677.79,317
677.79,0
678.03,417
678.03,0
678.03,0
678.6,239
678.65,100
678.55,120
678.55,0
678.55,0
678.86,116
679.93,137
679.93,0
680.09,186
680.45,104
679.73,237
676.53,1470
678.43,321
678.78,200
684.89,363
684.89,0
684.89,0
684.89,0
684.89,0
684.89,0
686.8,310
687.56,346
685.16,300
683.69,102
684.45,588
683.65,1243
686.65,1148
686.84,1062
686.84,0
685.62,309
685.66,814
688.07,208
686.65,200
687.52,103
688.14,120
687.9,374
688.17,300
688.17,0
690.01,112
690.01,0
690.82,596
689.47,201
688.74,378
688.4,100
688.39,501
688.39,0
688.93,225
686.65,107
688.42,1027
690.53,1411
693.37,7820
686.18,1649
688.42,1476
684.17,907
682.11,1248
682.4,1055
682.3,1038
680.27,1234
678.62,200
678.4,1126
678.58,2647
679.59,991
678.64,989
679.49,415
681.46,1626
682.1,314
681.1,218
680.82,210
680.82,0
680.68,639
680.95,717
680.4,100
679.69,300
680.61,208
679.4,215
681.04,300
678.25,100
678.1,403
676.31,508
676.31,0
678.56,352
675.96,1197
683.44,100
685.69,363
684.42,1559
688.14,315
688.62,719
690.35,840
690.58,713
689.06,3243
697.86,607
699.84,1480
704.88,362
704.71,187
701.15,3832
705.71,502
705.71,0
705.71,0
706.65,5655
706.18,1025
706.4,648
706.4,0
707.6,1367
707.36,1059
706.3,430
706.76,330
707.59,468
707.59,0
708.93,206
709.2,200
709.26,1134
711.97,641
710.41,1624
709.63,2298
708.13,653
707.53,322
706.68,651
707,765
705.09,924
702.48,607
702.5,757
701.61,403
702.33,607
700.13,583
700.13,673
698.95,871
698.53,1442
700.45,1974
700.86,4979
690.97,301
692.17,401
685.77,184
685.45,328
684.15,678
684.7,100
685.92,106
685.81,524
682.68,1337
683.73,394
686.22,222
686.22,0
684.52,302
682.72,110
680.94,100
680.22,218
681.92,689
684.41,744
685.01,507
685.22,1296
684.7,497
682.86,473
680.47,100
680.73,195
680.09,128
680.11,206
681.13,211
681.13,0
681.29,299
682.58,403
683.91,100
683.91,0
683.91,0
680.61,401
680.11,596
681.39,432
680.81,1020
680.31,1923
681.68,3510
675.22,1007
669.94,401
671.71,758
674.19,473
671.19,129
671.81,224
674.85,632
674.85,0
676.56,704
679.59,880
677.96,310
677.96,0
680.12,1211
679.21,171
678.18,843
677.23,915
675.7,130
674.32,555
674.59,684
674.89,213
674.65,414
672.91,967
673.32,103
673.31,617
671.93,938
672,530
674.07,364
675.15,300
675.85,306
675.75,577
675.92,643
678.09,617
676.42,1230
677.85,330
678.45,1121
677.11,149
676.56,285
676.36,944
675.78,3849
673.61,321
673.18,415
673.18,0
670.66,1066
671.82,642
671.96,203
672.64,228
672.4,334
670.78,203
670.52,410
671.37,303
669.52,103
669.52,827
670.13,1335
670.13,0
671.2,107
670.82,201
670.98,114
671.06,101
673.26,224
678.15,217
679.35,403
679.71,210
677.7,544
670.66,203
670.66,0
671.97,200
671.97,0
676.4,311
676.4,0
676.4,218
678.96,332
678.57,107
678.5,428
677.89,200
678.71,106
679.26,504
680.34,483
681.11,4275
681.11,0
679.06,100
679.06,0
679.06,0
679.06,0
682.53,189
680.35,301
680.35,0
683.24,442
682.96,300
681.77,208
681.77,0
680.69,102
681.11,200
679.6,301
679.4,105
679.4,0
679.94,190
678.95,750
678.95,0
678.95,0
681.02,506
681.02,0
680.67,260
680.67,0
681.3,403
681.08,418
680.91,101
683.38,100
683.78,529
682.95,761
682.95,0
684.64,100
684.64,0
682.25,475
682.67,406
681.36,324
682.75,215
681.98,3492
694.02,362
695.33,2272
695.37,3876
695.41,3903
696.19,1062
693.77,1296
690.49,304
690.49,0
690.49,0
692.2,360
693.21,100
692.85,454
692.85,0
693.42,602
692.05,120
692.85,200
694.59,433
694.59,0
694.4,101
693.33,725
691.43,311
690.59,424
688.06,201
688.65,251
688.65,0
688.81,116
689.07,682
690.32,391
688.44,151
689.53,599
689.53,0
690.41,106
691.32,417
691.32,0
687.59,176
688.24,811
685.66,1163
684.03,613
685.7,573
679.2,1371
679.4,694
681.61,100
676.55,209
677.35,118
680.61,869
680.61,0
679,359
680.07,519
680.07,0
680.25,806
681.28,108
680.18,663
680.58,359
679.06,200
678.51,663
677.52,564
678.3,423
678.11,326
679.03,100
679.03,0
679.03,0
680.29,440
682.46,100
681.03,200
681.03,0
679,114
678.97,116
679.26,207
679.56,101
680.07,242
680.18,405
680.31,312
681.6,305
682.25,806
682.1,1288
681.41,1215
681.18,246
681.58,2208
689.51,634
689.3,470
688.57,210
689.47,432
690.49,307
690.49,0
689.81,221
690.15,200
690.64,405
690.08,100
689.81,305
689.68,200
688.78,100
690.51,100
690.14,334
690.35,130
690.35,0
690.81,104
690.81,0
690.81,0
690.81,0
692.66,273
691.2,123
691.2,0
691.2,0
691.2,0
689.99,104
689.99,0
690.19,449
690.19,0
688.19,465
687.56,700
688.12,591
686.74,520
686.74,0
687.68,289
687.86,115
687.86,0
687.99,4129
682.79,310
684.63,310
687.28,212
687.28,0
687.28,0
689.53,552
689.53,0
681.8,203
679.59,114
679.59,0
682.31,100
680.34,113
678.4,343
676.17,322
676.18,584
676.64,978
673.66,130
674.4,315
675,341
674.39,200
674.65,436
675.79,718
678.48,381
678.67,300
678.34,436
677.84,300
676.83,106
676.83,0
675.7,227
676.91,515
676.95,544
678.74,146
678.71,739
678.71,0
678.88,1370
678.88,0
679.58,724
679.5,1127
679.2,2112
674.72,391
669.63,661
669.97,198
670.77,601
670.62,200
670.7,505
671.35,724
670.16,196
669.45,526
670.05,362
670.84,457
671.05,407
671.72,297
673.77,525
674.28,300
674.1,100
670.32,100
671.27,100
671.13,500
671.13,0
672.44,214
672.99,101
672.99,0
673.99,200
674.59,202
675.56,134
675.56,0
675.06,105
675.24,411
675.24,0
676.09,200
676.22,1559
676.58,482
675.29,361
676.48,324
676.72,482
678.08,1168
678,910
678.09,6956
664.18,7541
643.56,11117
657.38,2702
662.44,3651
663.22,100
666.49,367
666.43,1262
667.88,2038
673.45,1140
667.7,1316
666.69,767
670.32,1277
669.34,630
670.43,636
672.69,2699
674.38,1282
674.65,1334
675.22,300
676.36,750
677.63,709
677.6,885
676.82,894
678.38,735
676.78,2271
678,716
676.4,103
676,439
675.85,100
678.88,335
678.49,942
678.49,0
678.49,0
676.23,238
676.43,971
676.33,568
675.76,1921
676.51,5384
674.35,1125
673.58,4741
668.59,834
668.68,987
665.99,2011
667.96,207
666.54,1470
669.36,482
667.17,889
664.22,356
663.87,347
662.93,558
662.93,0
661.76,122
661.37,384
662.69,162
662.69,0
661.77,119
661.95,741
662.64,116
662.64,0
662.81,202
661.23,118
661.65,378
661.65,0
661.65,0
662.64,257
662.64,0
662.64,0
662.64,0
662.64,0
664.4,335
664.4,0
664.4,0
666.11,100
665.78,120
666.44,101
666.44,0
665.45,472
668.26,354
669.42,5955
665.15,301
656.88,1499
656.44,1245
653.98,832
655.3,1138
655.27,297
656.88,100
657.02,300
656.93,302
656.57,233
655.84,100
655.82,458
657.22,321
658.14,510
658.14,0
658.14,0
659.27,100
659.24,1125
658.09,1020
659.07,1623
661.44,129
661.46,619
658.99,642
656.99,110
656.02,318
656.43,1127
655.79,200
654.53,468
652.99,993
654.17,247
655.83,711
655.5,145
655.02,454
655.55,1900
655.55,0
655.55,0
655.42,322
655.99,320
656.55,4094
656.29,587
657.56,100
659.12,280
657.1,249
657.1,0
656.92,625
657.99,1280
657.22,311
657.4,487
656.84,1019
656.97,949
656.34,445
656.34,0
655.68,104
655.68,0
655.68,0
655.68,0
658.64,100
657.96,459
657.96,0
658.37,390
658.37,0
659.02,100
659.15,146
659.43,413
659.18,468
656.99,118
656.99,0
656.99,0
653.6,528
653.1,100
652.21,105
651.28,103
650.64,207
651.35,506
651.24,405
651.24,0
649.29,708
648.68,3229
658.77,378
659.68,204
659.68,0
658.89,121
657.16,413
659.34,200
657.93,698
660.5,439
660.5,0
660.11,516
658.39,655
656.72,230
656.46,880
655.55,381
654.94,803
655.86,221
655.86,0
655.99,116
656.32,922
655.74,855
656.07,406
655.47,656
654.88,787
654.36,203
654.69,201
655.53,176
655.53,0
655.53,0
656.04,827
658.8,100
659.74,572
658.9,337
658.83,492
658.42,561
658.42,0
658.11,696
659.37,1722
657.82,727
657.54,3665
653.28,200
648.63,100
650.07,254
650.8,131
650.18,100
650.18,0
650.18,0
650.18,0
648.84,208
648.84,0
648.84,0
647.93,301
647.8,104
647.8,0
646.79,110
644.4,100
643.62,1067
643.84,952
642.26,200
641.43,333
640.83,105
640.34,302
640.57,201
640.46,295
639.95,289
641.54,200
642.66,102
642.1,107
641.66,307
642.31,100
641.93,502
643.06,352
643.06,0
645.39,105
645.39,0
643.6,428
642.63,1182
640.35,483
638.71,6722
650.5,228
649.4,122
652.24,305
652.68,202
651.1,406
650.87,518
651.41,415
647.49,647
646.94,1235
647.68,202
648.97,378
647.4,304
646.64,759
644.8,202
644.8,0
644.8,0
642.95,115
642.53,757
644.84,100
645.04,212
644.49,547
645.34,427
646.09,386
646.21,530
646.1,216
646.69,238
646.69,0
648.23,394
646.78,110
646.55,516
646.21,527
645.97,393
646.56,133
646.8,201
647.29,679
646.48,421
646.37,1323
646.68,2712
649.47,4891
649.47,0
652.5,556
653.25,1008
653.25,0
653.25,0
653.25,0
653.09,190
653.09,0
653.09,0
653.09,0
653.96,213
653.96,0
653.96,0
653.96,0
651.94,1240
651.94,0
651.94,0
653.34,102
651.7,100
651.7,0
651.69,351
651.64,420
651.64,0
651.64,0
653.01,269
652.3,122
652.01,494
652.01,0
652.01,0
650.16,210
648.99,180
648.99,0
648.94,112
649.99,100
649.99,0
648.61,120
648.83,466
648.84,149
646.86,6480
638.83,125
638.84,243
634.15,105
634.15,0
630.37,172
630.37,0
631.76,214
631.76,0
634.99,251
634.41,100
632.28,152
632.28,0
632.25,218
632.56,117
632.56,0
633.14,200
633.14,0
634.79,220
634.98,1014
634.98,0
632.79,216
630.59,531
630.59,0
630.59,0
630.67,301
630.56,325
630.86,150
630.31,374
630.31,0
630.31,0
627.53,260
627.53,0
627.58,326
629.45,601
630.86,1156
629.34,244
630.23,649
632.64,935
631.82,4448
622.87,2562
622.87,0
627.25,657
625.33,1249
627.13,460
626.92,541
627.99,563
627.99,0
627.97,109
627.97,0
628.79,696
629.21,100
629.21,0
629.21,0
629.21,0
629.06,131
628.65,302
628.76,804
631.19,521
629.58,118
629.39,274
629.47,514
629.47,0
630.29,274
630.64,881
634.1,118
634.72,427
637.79,379
636.8,623
637.4,585
638.24,112
637.41,360
637.7,462
639.3,290
640.14,256
640.43,205
640.76,1657
642.5,1513
640.97,2013
647.9,1033
649.34,517
653.79,333
655.48,786
654.91,917
656.08,698
658.63,600
658.62,403
656.99,442
655.72,244
655.72,0
654.65,100
654.65,0
652.95,101
652.95,0
654.49,341
654.7,747
654.95,467
655.5,121
656.77,247
656.33,471
656.33,0
655.38,333
655.38,0
655.38,0
655.14,236
655.51,190
655.72,120
655.72,0
656.83,200
657.34,155
657.9,220
657.97,1093
659.03,519
659.03,0
660.07,431
659.09,314
658.41,1965
658.16,1117
658.16,0
658.16,0
658.16,0
662.56,408
662.56,0
662.56,0
662.56,0
663.02,100
663.27,204
663.07,407
663.8,401
663.12,200
663.59,357
662.16,201
661.31,208
661.52,111
662.43,172
662.43,0
661.54,100
661.54,0
660.11,100
659.76,759
659.76,0
660.21,116
660.21,0
659.47,411
657.2,221
656.99,100
656.99,0
656.99,0
656.99,0
657.38,200
657.38,0
657.38,0
656.43,100
656.43,0
655.77,320
656.91,252
656.69,2348
657.29,200
657.97,128
659.07,415
659.07,0
650.74,952
652.26,310
651.79,819
650.27,203
649.44,101
651.39,200
650.81,647
647.75,315
647.9,817
647.55,101
647.62,442
645.67,300
644.95,672
647.06,497
647.06,105
647.06,0
647.06,0
647.06,0
642.64,100
642.82,329
642.82,0
643.34,297
642.81,872
643.34,422
643.29,304
642.56,100
642.82,387
643.24,309
642.98,108
643.15,106
644.43,100
644.56,468
644.56,0
644.83,321
643.07,4134
643.07,0
643.07,0
643.07,0
651.36,211
651.36,0
652.62,119
652.43,406
654.08,105
653.86,142
657.3,624
657.33,1036
659.21,560
659.21,0
659.21,0
659.21,0
659.81,105
656.53,1082
655.76,1411
651.94,107
653.49,135
653.49,0
653.49,0
653.49,0
653.49,0
653.49,0
653.49,0
651.54,259
651.54,0
651.54,0
651.54,0
649.67,105
649.67,0
649.67,0
649.96,460
649.96,0
649.4,173
651.13,211
651.1,401
650.19,1741
647.13,765
650.58,420
652.23,625
652.74,370
650.99,200
650.99,0
651.39,918
651.42,432
649.95,200
649.33,119
648.73,250
648.73,0
648.73,0
648.73,0
648.86,1063
648.86,0
648.86,0
649.04,118
649.47,110
649.47,0
649.47,0
647.63,208
647.01,201
647.01,0
647.01,0
647.01,0
647.01,0
644.27,203
643.92,211
644.32,150
643.32,101
643.55,145
643.15,306
640.53,562
640.66,613
639.34,206
639.77,401
642.18,220
644.25,2615
644.25,0
641.72,1469
639.23,510
639.57,632
635.64,102
635.64,0
636.52,913
638.73,302
637.8,1024
638.78,776
640.2,254
638.15,423
640.09,596
639.27,200
636.99,245
635.03,111
635.15,135
634.92,596
636.65,103
636.65,0
634.5,152
633.55,222
631.1,237
628.23,250
627.9,343
627.9,0
625.7,340
626.34,709
626.23,244
626.57,102
627.32,140
627.32,0
630.79,318
628.24,432
629.37,767
626.68,473
626.29,617
624.04,887
624.5,4697
624.5,0
628.55,712
637.09,2375
643.68,991
647.45,2945
643.41,534
641.9,556
642.26,1081
644.87,1007
649.86,1123
650.59,418
647.3,399
650.69,522
646.76,352
646.23,212
646.11,282
643.33,1818
643.71,870
643.79,429
642.79,206
642.03,257
642.17,353
642.88,530
642.88,0
643.04,202
645.92,391
645.92,0
643.98,910
644.3,1763
644.29,236
644.29,0
642.96,505
645.81,653
646.2,409
646.01,248
642.1,100
640.93,686
642.31,859
641.2,3213
650.19,1254
645.16,1015
645.34,881
647.06,1688
650.47,1018
649.67,1670
652.08,246
649.87,313
651.01,267
651.37,251
652.65,243
652.91,211
653.49,250
651.01,113
650.66,206
649.62,226
650.1,172
649.24,494
650.14,328
649.8,363
649.24,291
646.03,102
645.11,658
643.12,450
643.26,557
641.67,568
641.99,252
642.05,255
641.79,444
640.52,460
642.51,555
643.34,536
644.42,150
644.06,561
642.07,912
642.84,730
645.43,542
646.86,1000
648.01,2026
650.43,201
650.75,1502
651.46,860
645.77,102
652.23,203
652.64,200
653.25,115
649.03,110
647.61,283
647.61,0
647.61,0
646.44,202
646.36,212
646.38,328
644.71,125
644.71,256
647.06,115
647.97,228
648.98,549
647.42,234
647.16,230
645.31,429
647.84,113
648.32,100
650.64,362
648.34,317
648.73,221
650.33,226
651.07,128
652.99,201
653.82,100
652.18,110
651.67,121
652.71,242
651.17,160
651.04,313
649.51,386
648.68,246
649.43,3922
649.32,100
651.08,778
652.88,2336
652.86,1256
646.48,1195
647.94,766
651.31,566
652.96,300
654.51,625
658.53,1568
659.49,518
659.75,1536
661,408
660.63,478
662.1,318
660.91,1068
658.58,601
659.21,460
658.07,575
657.56,809
658.18,304
659.28,1841
659.25,220
661.02,588
659.18,2132
659.81,281
659.94,837
658.74,855
659.29,1770
656.83,100
656.67,206
657.89,894
657.22,869
656.04,200
654.08,544
658.14,2263
659.23,312
658.85,1244
660.21,4357
654.61,300
660,100
657.98,237
661.84,251
654.62,1181
653.69,983
652.9,116
653.06,816
654.61,115
657,210
659.28,285
659.68,548
660.36,1447
656.97,925
656,978
653.61,446
654.81,505
656.18,100
656.18,0
657,320
656.23,524
655.13,465
654.05,210
653.2,150
653,1001
653.79,410
656.15,998
656.05,904
654.35,528
652.67,380
650.93,1342
651.22,644
651.47,564
652.33,248
652.83,548
653.18,938
653.27,492
651.59,1825
650.66,6007
649.41,678
649.53,1255
645.82,1925
644.72,941
644.28,203
643.91,621
642.24,319
642.89,312
644.15,344
647.29,1146
648.98,643
649.01,518
649.99,711
649.37,1040
648.96,200
648.08,100
645.55,682
645.64,1232
646.61,110
647.3,205
646.97,872
648.58,1115
650.62,362
650.47,2037
650.29,739
649.21,931
648.49,1139
647.41,119
645.39,657
646.08,313
646.33,2824
645.94,600
645.95,410
646.09,2117
645.81,1365
645.88,1046
646.64,1473
647.81,1767
647.57,6467
647.57,0
648.58,1919
647.8,524
643.67,2781
639.59,2184
640.82,2804
640.79,101
640.87,498
642.63,278
645.14,455
646.27,569
646.31,315
645.91,1144
645.2,550
642.01,361
641.33,508
644.06,101
641.79,736
641.7,223
640.86,211
641.45,610
638.6,732
639.13,795
638.42,698
637.99,492
638.17,303
637.52,326
636.35,248
635.52,114
635.08,527
636.81,1597
638.16,1550
640,1399
641.7,954
641.57,2447
643.29,619
642.06,231
642.06,0
645.11,2948
640.75,315
630.72,1892
631.83,400
632,200
630.56,202
631.17,280
633.86,333
631.28,471
629.82,210
629.88,240
629.88,0
629.35,821
628.59,460
627.6,263
627.83,355
627.9,944
629.15,433
629.3,425
630.82,692
630.82,0
630.41,117
629.86,339
629.86,0
629.03,230
629.44,966
628.2,627
632.87,200
633.8,580
634.61,419
634.53,211
631.4,163
638.66,119
637.82,938
633.82,560
635.67,411
636.31,933
635.49,729
630.47,1003
626.8,2464
624.32,454
622.83,887
629.03,300
631.49,988
631.46,522
630.95,586
631.46,521
634.25,126
634.25,0
636.95,325
637.43,381
636.27,324
636.51,666
638.08,573
638.18,365
637.79,777
640.36,429
637.78,659
639.29,422
636.72,1346
635.48,302
635.48,0
632.4,209
632.27,122
632.73,589
631.73,100
630.73,202
631.58,415
631.58,0
631.46,200
628.2,335
628.2,0
628.2,0
630.01,100
630.01,0
625.61,135
625.61,0
625.56,420
628.81,1971
622.92,1515
624.29,658
623.6,1062
627.36,426
623.22,249
623.11,625
623.11,0
624.03,255
625,272
626.78,353
623.63,274
623.63,0
623.63,0
626.82,307
630.57,100
630.57,0
630.13,307
630.47,129
630.47,0
629.82,738
632.97,300
633.34,114
633.34,0
633.34,0
630.91,303
631.7,420
631.7,0
631.7,0
629.95,703
630.58,100
630.58,0
634.02,665
632.74,233
634.83,129
635,257
635,0
638.41,430
637.08,100
637.07,2962
646.18,735
648.09,842
650.64,489
646.39,505
646.39,0
645.05,623
645.05,0
645.05,0
645.05,0
645.05,105
644.7,201
644.94,100
644.94,0
644.94,0
646.99,200
646.34,120
646.89,261
646.89,0
646.88,109
646.88,0
647.38,123
647.38,0
646.98,710
646.98,0
646.98,0
646.98,0
646.67,549
646.78,100
646.54,126
648.24,154
647.44,406
647.43,150
647.43,0
646.72,211
646.09,173
646.52,287
646.98,534
646.38,866
645.89,2099
645.89,0
644.93,100
644.93,0
644.97,154
645.02,515
645.52,533
643.9,483
641.24,100
639.25,200
639.25,0
641.25,100
641.25,0
641.25,0
644.1,300
645.07,240
645.08,334
645.08,0
644.81,225
643.25,100
642.71,100
642.71,0
642.71,0
642.71,0
641.68,200
641.68,0
641.59,117
641.52,330
640.39,137
640.39,0
640.39,0
640.25,100
641.44,200
640.87,100
640.97,515
640.97,0
638.55,300
637.27,459
637.27,0
640.01,946
640.01,0
640.01,0
653.34,468
651.83,250
649.23,101
649.83,399
648.6,200
648.6,0
646.92,219
646.92,0
647.17,180
647.17,0
646.9,534
647.79,715
649.12,103
650.14,903
649.39,303
649.39,0
649.39,0
649.39,0
649.39,0
647.51,112
647.51,0
647.51,0
647.51,0
645.76,140
646.01,222
645.99,235
645.99,0
646.98,592
647.45,501
647.08,260
647.19,100
647.66,1108
647.5,443
649.5,118
649.54,174
649.23,789
650.09,7231
657.74,1039
656.46,1010
657.36,452
657.29,110
658.56,135
658.56,0
658.62,1024
656.64,389
657.29,509
657.53,200
658.36,310
658.36,0
657.15,535
657.6,305
657.6,0
657.6,0
658.02,768
655.52,101
655.16,730
655.55,200
655.73,176
656.71,204
656.92,225
656.92,0
654.64,330
654.64,0
654.64,0
654.64,0
655.12,105
655.87,457
656.51,1437
655,404
654.85,1044
654.99,1681
655.44,505
655.05,759
655.53,131
656.69,388
657.27,4781
657.27,0
669.79,310
665.61,306
667.88,366
666.43,881
667.81,524
665.55,115
665.67,100
665.21,224
666.07,107
669.23,410
669.3,267
668.79,102
668.78,214
668.78,0
668.78,0
668.78,0
666.86,340
666.22,101
666.22,0
666.22,0
666.22,0
666.22,0
664.76,205
664.76,0
664.76,0
668.38,469
669.7,101
670.55,351
670.27,368
670.68,433
670.68,0
671.9,300
671.9,0
670.16,228
672.34,384
672.64,1659
671.08,237
671.35,5398
673.45,2064
669.72,3805
672.39,635
670.29,528
670.75,1474
672.06,4117
669.08,2848
669.08,0
664.33,325
665.03,250
663.79,407
663.79,0
665.5,817
666.19,657
668.25,403
669.42,872
669.42,0
667.13,1066
667.32,149
666.78,101
666.78,0
666.24,100
668.51,527
668.85,471
666.58,110
666.25,453
665.09,376
665.65,251
664.52,110
664.14,532
664.65,195
665.66,641
666.15,223
664.2,303
663.43,317
662.66,116
662.66,0
664.59,862
664.03,4476
659.64,641
663.5,351
664.39,304
665.68,653
670.71,382
669.85,407
670.36,201
670.36,0
668.43,117
668.43,0
668.64,105
668.64,0
668.64,0
669.04,130
669.02,236
667.49,110
667.6,1347
666.45,571
666.57,365
667.52,2618
665.39,126
665.39,0
665.39,0
664.87,100
666.17,283
666.17,0
664.52,471
663.67,105
665.51,110
664.01,101
663.68,1151
663.68,0
664.62,106
664.18,200
665.18,100
666.27,102
664.36,465
664.79,490
664.41,1701
669.1,100
670.46,2877
672.89,2856
670.94,2019
671.77,2495
672.43,412
671.98,1444
671.26,1917
670.21,986
668.81,1505
670.3,1970
670.27,1668
669.95,990
670.71,1278
670.65,708
670.92,688
669.54,1111
670.83,996
669.75,659
669.37,1776
667.38,1687
668.38,740
668.28,314
668.65,594
668.96,959
667.33,539
667.33,0
667.67,550
665.73,924
665.74,626
665.42,400
665.42,0
665.02,304
662.53,1085
662.51,1360
661.37,831
662.8,837
661.27,544
661.07,4597
662.18,1115
662.18,0
656.23,151
656.23,0
658.83,653
658.4,604
658.4,0
659.44,1272
658.03,101
658.03,0
659.01,286
659.05,843
659.05,0
659.05,0
660.45,303
660.45,0
660.45,0
661.39,807
661.39,0
661.39,0
661.39,0
663.59,301
663.59,0
663.88,267
663.87,836
663.87,0
663,465
662.25,1060
663.08,419
663.08,0
663.08,0
663.08,0
663.08,0
663.08,0
664.52,529
664.42,315
666.3,354
666.3,0
667.22,631
658.18,1647
656.62,1221
654.26,1463
651.5,927
653,221
652.85,568
651.08,735
651.08,0
651.08,0
653.31,166
653.31,0
653.14,181
652.57,700
652.57,480
652.57,0
652.57,0
652.57,0
652.57,0
652.57,0
656.55,203
656.55,0
657.41,430
657.41,0
658.62,372
658.46,263
658.43,176
658.43,0
658.43,0
657.32,484
658.17,102
658.17,0
658.17,0
657.65,535
657.65,0
659.74,289
660.38,241
660.38,0
660.71,2551
661.24,1721
659.97,1592
660.88,1142
662.87,894
663.77,2013
664.89,154
665.3,100
665.3,0
665.3,0
664.75,344
664.75,0
664.75,0
664.75,0
664.75,0
661.61,100
661.33,311
661.33,0
663.48,133
664.11,1413
664.72,1891
665.65,1259
663.98,234
664.49,100
666.95,204
666.91,322
666.91,0
666.52,468
667.2,611
668.38,330
666.98,454
667.07,313
668.1,1164
668.12,278
670.45,1348
667.39,514
666.46,100
666.12,601
665.98,1892
665.75,989
663.39,5668
668.5,643
668.5,0
667.5,531
668.93,648
672.24,714
671.73,1004
670.19,319
669.12,125
668.37,248
667.87,891
667.76,467
669.45,717
669.67,231
669.68,139
669.75,477
671.3,100
671.3,960
671.41,507
671.93,230
671.59,353
671.39,455
672.35,943
672.31,104
672.31,0
674.13,540
674.12,162
674.12,0
674.45,1326
674.39,300
673.92,1312
669.9,1310
669.63,302
667.41,421
668.63,202
667.63,207
666.67,451
666.67,0
666.83,806
666.67,5477
667.06,500
670.42,355
669.48,400
668.24,1439
668.39,406
671.13,4328
670.26,1318
667.97,480
667.23,2100
664.09,1098
663.29,558
660.53,5555
660.9,1448
661.21,311
661.21,0
661.21,0
661.21,0
662.66,162
663.12,210
663.12,0
662.32,530
662.47,835
661.34,107
661.34,0
662.47,354
662.46,103
662.59,588
662.59,0
662.59,0
666.07,209
666.07,0
666.07,0
666.07,0
667.65,359
666.42,359
666.42,0
665.3,107
665.1,892
665.02,593
665.27,321
666.88,205
663.97,360
658.97,178
657.55,460
657.31,363
660.04,153
658.9,379
658.45,382
656.95,513
656.15,1708
655.91,110
655.91,0
656.08,403
655.28,702
655.68,968
654.57,440
654.71,411
653.07,100
652.5,100
651.54,109
652.83,100
653.39,357
652.41,124
651.93,448
651.25,119
651.25,0
651.25,0
648.83,112
648.14,436
647.71,475
647.71,0
647.47,616
646.72,1154
643.64,101
643.08,873
645.71,502
647.13,1012
647.8,2550
643.76,411
654.75,652
656.3,3708
656.06,616
655.08,200
654.22,292
654.22,0
654.22,0
658.8,116
658.77,1344
659.6,741
659.51,314
658.62,995
657.77,338
657.85,895
656,100
655.86,200
655.16,422
656.05,559
656.11,364
656.76,100
656.56,325
656.23,202
656.67,101
657.53,168
657.52,573
657.53,633
656.76,334
656.76,0
657.3,211
657.77,864
660.36,1326
662.7,1348
663.49,677
664.09,2747
664.65,1871
663.89,658
664.49,2082
663.37,3641
663.82,1685
662.25,1882
661.24,1616
661.07,3007
662.39,772
661.45,3180
660.45,500
660.53,2828
660.47,1047
659.39,869
659.17,327
658.63,943
660.43,1718
657.93,963
659.64,823
659.79,831
660.21,841
659.26,493
659.92,885
660.73,679
661.06,1380
660.21,1142
659.89,894
659.58,1474
660.04,1955
661.1,1079
661.88,332
661.99,344
661.89,530
662.42,1120
661.78,1097
661.78,0
660.38,511
661.73,310
662.37,306
662.71,1447
662.04,2344
662.14,3368
662.32,6357
660.7,878
659.72,536
656.54,2153
658.23,1713
660.36,192
660.49,746
660.47,696
660.47,0
660.47,0
663.67,102
663.67,0
663.67,0
663.67,0
665.43,100
665.43,0
665.43,0
665.43,0
665.65,2011
664.86,2427
664.97,1794
664.97,0
666.08,305
664.6,177
664.6,0
664.6,0
664.6,0
665.73,100
665.73,0
665.73,0
665.73,0
665.73,0
665.73,0
665.03,301
665.03,0
664.29,748
663.68,309
663.68,0
663.68,0
663.11,397
658.53,100
658.14,470
658.14,0
658.7,483
659.68,108
661.06,383
660.54,486
661.58,821
663.81,130
664.38,886
664.74,1492
663.05,240
662.1,213
662.1,0
660.98,111
662.07,213
661.1,210
661.93,723
662.73,268
662.73,0
662.73,0
665.15,541
664.49,430
664.81,771
665.19,743
665.19,0
665.19,0
664.29,233
664.27,279
664.17,640
662.1,309
661.28,410
662.38,565
662.22,111
661.39,910
660.14,836
659.39,312
659.68,1411
660.54,4712
666.08,200
665.37,106
662.48,800
662.3,1287
662.28,546
662.35,163
663.32,432
663.32,0
663.32,0
663.32,0
663.72,800
663.72,0
666.04,127
666.04,0
665.51,103
665.51,0
665.51,0
666.65,200
666.65,0
666.65,0
666.65,0
666.65,0
666.65,0
666.65,0
666.43,156
666.43,0
669.1,514
669.62,300
670.24,107
670.24,236
670.24,0
670.35,841
670.82,125
671.73,624
671.73,0
670.93,336
670.93,0
668.56,259
667.9,544
668.43,402
668.2,300
666.96,417
668.55,360
668.6,212
669.48,119
668.55,642
669.66,101
669.48,445
667.05,203
667.05,0
666.34,103
665.14,601
664.44,101
665.22,824
665.36,1947
664.55,848
664.78,1579
666.28,130
666.32,919
666.32,0
666.32,0
666.32,0
666.96,334
668.01,632
668.01,0
669.63,311
669.05,100
667.81,100
667.81,0
667.81,0
667.81,0
665.82,122
665.82,0
667.27,184
666.33,111
667.33,115
668.11,415
669.8,1057
664.9,179
665.85,1352
663.68,800
666.04,3306
663.6,596
663.6,0
663.6,0
663.6,0
663.1,209
663.1,0
663.1,0
662.53,194
661.48,804
661.84,389
662.98,172
663.78,107
665.7,151
666.69,211
665.83,174
665.83,0
665.57,110
666.43,200
666.03,307
666.03,0
662.67,142
661.37,107
661,455
661.48,102
661.68,619
662.69,100
664.64,160
664.6,1085
663.67,228
665.95,540
666.47,818
668.03,1412
668.76,1684
668.94,5456
667.6,2991
666.66,1904
666.66,0
666.1,518
667.07,885
668.23,886
670.31,671
670.1,827
669.8,304
669.36,353
673.17,466
672.02,667
673.38,367
674.04,817
674.33,610
675.1,847
671.96,781
673.07,191
672.86,710
672.11,110
673.74,100
674,438
673.09,567
672.8,695
672.8,0
671.06,229
669.22,1218
668.28,526
666.75,503
666.11,1248
666.75,1948
666.73,629
666.28,860
666.11,615
666.11,0
665.09,455
664.82,262
664.43,1514
662.79,2134
663.08,2837
664.81,1199
667.75,1427
667.25,1365
667.25,0
668.47,212
666.28,318
666.28,0
667.15,445
667.28,842
666.61,917
667.65,1725
667.46,156
670.2,951
670.61,738
671.5,883
671.5,0
673.92,434
673.66,768
673.46,125
672.37,2781
673.16,1123
673.16,0
671.46,440
672.3,328
673.16,1101
673.82,216
674.59,122
674.29,746
674.06,619
674.98,497
675.5,1159
675.55,885
674.76,483
676.24,636
675.49,1758
674.9,937
674.21,300
674.13,1541
675.03,2175
672.28,971
669.88,856
671.87,1182
670.88,634
669.95,1260
670.68,1949
670.68,0
672.46,105
673.95,193
673.95,0
672.77,235
673.74,227
674.88,137
674.88,0
674.88,0
676.33,202
677,595
676.46,341
677.84,248
677.84,0
677.84,0
679.26,304
678.41,100
677.88,112
678.66,1029
677.59,478
677.59,0
676.44,632
676.44,0
674.94,326
674.94,0
675.23,508
675.11,402
676.01,871
676.71,648
677.17,100
677.17,0
678.12,558
679.41,3584
679.41,0
679.68,120
678.33,636
673.66,389
675.63,559
674.67,235
674.3,251
674.3,0
677.29,302
678.02,211
676.89,3830
677.02,259
677.02,0
677.98,200
678.22,1246
678.63,189
678.63,0
678.58,440
679.18,100
678.77,202
678.33,100
678.37,308
677.96,519
677.96,0
677.12,142
677.89,3714
677.84,100
677.51,564
677.34,669
677.01,333
677.54,492
677.3,874
678.27,1473
677.9,5165
678.26,527
677.28,608
676.81,1677
676.03,1561
677.77,3560
675.57,287
670.74,313
671.34,857
670.87,298
669.77,763
668.2,669
668.2,0
664.68,108
664.83,1266
662.31,1059
663.03,1048
663.36,350
662.55,561
663.33,313
663.33,0
663.14,200
662.67,305
662.67,0
663.43,2158
661.78,322
660.52,100
660.67,222
660.82,154
660.82,0
662.97,379
663.36,551
663.57,200
664.18,802
662.74,100
663.08,854
663.6,183
664.23,1874
664.23,0
664.49,1005
664.58,725
662.56,172
662.19,451
662.15,953
661.68,1376
661.68,0
661.96,910
658.59,725
659.64,435
659.33,1395
660.42,340
659.26,2003
658.21,822
659.34,537
659.6,684
659.6,0
659.6,0
665.44,300
664.9,1340
664.82,341
664.84,479
664.21,266
662.46,455
663.52,642
662.67,102
662.02,484
661.44,399
661.33,1273
663.89,1897
663.07,738
663.99,546
661.98,733
664.13,1159
660.84,647
660.88,845
660.72,1044
662.85,502
660.21,355
659.37,421
656.24,336
654.29,544
654,520
653.47,1628
655.57,1784
658.12,2303
671.05,1191
672.93,2592
675.98,965
677.49,3157
678.93,1206
679.33,1484
678.81,2997
682.13,1264
684.69,2020
684.75,3781
684.8,2262
683.99,900
682.68,1263
680.56,550
682.66,314
682.33,505
683.77,220
683.42,151
683.95,1381
684.85,879
684.41,1230
684.48,837
684.36,208
684.26,314
684.45,1097
686.28,1118
685.59,100
686.24,941
686.58,2463
685.68,570
683.42,1230
681.79,1018
681.84,3375
682.12,2377
682.08,730
683.81,3238
685.48,3552
684.01,8283
690.81,401
687.34,702
689.75,1719
689.85,927
689.61,101
689.01,2568
690.43,569
690.64,196
689.47,127
689.53,1354
690.61,200
690.61,300
691.14,408
690.8,400
691.01,1499
690.96,3094
691.05,2322
689.91,4497
687.81,436
686.29,3192
687.09,139
689.68,102
689.68,0
689.98,401
690.41,221
689.96,263
690.88,303
690.93,200
690.8,1288
691.86,894
692.85,467
694.04,413
695.15,516
695.67,432
695.67,0
693.56,629
693.75,1940
692.86,322
694.07,1773
690.21,263
698.45,106
697.44,474
697.66,345
695.89,1114
693.5,634
693.5,0
693.5,0
693.5,0
693.5,0
693.5,0
693.23,100
694.1,102
694.1,0
694.52,399
694.52,0
693.76,103
693.64,100
693.76,497
693.67,1422
694.12,100
693.08,399
693.9,200
693.92,500
692.12,341
692.98,111
691.92,303
693.06,775
693.06,0
695.02,509
695.02,0
692.55,103
692.55,0
693.98,479
693.54,249
693.4,124
693.3,350
693.17,1257
694.49,11694
685.57,1869
682.51,556
682.14,260
683.8,1195
684.81,1101
689.55,1538
689.55,0
689.87,142
689.87,0
685.41,100
687.34,323
686.43,812
686.39,411
686.38,971
685.89,500
684.89,1422
684.85,100
685.02,101
685.16,100
685.35,110
685.8,800
685.5,497
685.5,0
685.02,346
684.52,246
684.52,0
685.25,441
684.65,164
684.66,484
684.66,0
684.39,100
684.9,102
685.15,129
684.7,154
685.52,1241
683.85,1541
684.39,1747
683.91,1523
684.34,3352
690.05,787
690.97,857
692.72,202
694.38,632
694,3322
694.83,1727
694.01,294
692.39,109
691.42,100
691.42,0
695.93,644
696.97,201
696.89,100
697.4,300
697.77,261
697.77,0
697.41,211
697.75,420
697.75,0
697.75,0
696.23,200
696.23,0
696.23,0
696.62,1922
696.52,125
697.77,325
698.62,698
700.57,314
700.59,285
700.94,696
699.81,140
700.84,200
701.79,278
702.25,609
703.06,559
702.92,1303
703.88,633
706.19,264
704.36,2119
699.59,300
700.81,4992
698.04,2611
696.89,481
698.9,1142
700.98,2526
702.3,287
703.91,733
702.87,100
703.54,1006
703.54,0
700.59,378
700.63,292
700.85,643
700.24,216
699.7,629
698.93,429
699.9,413
699.9,0
699.44,102
699.31,423
699.67,222
699.08,383
697.88,100
697.52,470
697.61,544
697.61,0
696.77,152
697.06,202
695.2,211
695.65,258
695.65,0
695.65,0
697.9,692
696.4,306
696.58,313
696.77,546
695.67,565
696.52,4602
698.06,501
699.85,1502
699.37,300
696.78,503
698.46,245
697.59,912
694.37,364
694.64,288
694.29,1205
695.15,200
695.15,0
692.53,712
692.53,0
693.81,100
694.17,623
693.82,412
693.82,0
693.82,0
692.13,200
690.28,105
690.7,100
690.08,100
689.62,100
689.31,219
689.31,0
689.31,0
690.64,118
690.64,0
691.41,108
691.41,0
692.7,733
692.71,100
693.64,444
693.64,0
693.64,0
692.34,111
693.74,546
693,2234
692.72,1278
696.15,275
695.84,480
690.78,530
690.78,0
692.12,100
692.56,609
692.56,0
694.21,102
693.36,210
693.36,0
693.36,0
693.19,498
693.19,0
692.22,100
692.22,0
692.06,253
691.12,100
691.47,803
692.76,100
693.68,100
693.9,100
695.36,300
697.11,696
697.54,1408
696.83,638
696.99,401
696.05,528
697.74,230
697.39,1302
696.2,300
695.41,378
695.08,705
696.53,706
695.09,819
694.84,295
694.02,1957
692.07,1583
692.56,4248
693.04,6389
691.35,141
687.93,626
688.86,774
688.59,1880
688.65,949
686.74,160
685.08,107
683.82,622
682.21,306
682.63,115
680.01,491
680.33,428
680.86,446
678.83,199
680.98,105
681.04,513
678.41,337
678.41,0
677.43,328
676.96,339
677.6,595
677.6,0
678.98,334
677.95,226
678.55,592
678.55,0
678.42,202
678.38,223
678.79,111
678.04,110
677.85,1082
677.74,502
677.03,459
677.94,121
678.94,597
677.77,235
677.33,1736
676.46,615
672.08,4364
672.08,0
677.05,311
672.68,382
675.8,100
677.19,566
676.22,365
676.82,716
675.49,464
676.27,716
675.95,920
676.29,106
675.96,472
675.96,0
675.17,352
676.59,133
677.04,112
678.1,858
677.85,200
677.85,0
680.19,427
681.87,100
682.21,145
682.88,301
683.66,172
683.66,0
684.21,407
684.21,0
682.27,132
681.72,444
681.86,424
683.7,577
682.39,101
682.05,200
682.48,929
684.13,340
684.24,771
683.5,1091
682.92,203
683.77,4054
679.76,102
677.47,102
676.4,255
677.98,253
677.91,757
679.89,510
680.72,200
679.21,210
679.21,0
678.89,225
678.02,160
678.02,0
678.02,0
678.02,0
680.15,370
680.15,0
677.51,1490
677.51,0
677.51,0
673.61,222
674.82,200
674.82,0
674.82,0
674.99,492
674.49,101
674.49,0
672.96,100
673.49,1827
673.17,764
675.09,100
674.62,700
674.62,0
674.8,106
674.02,400
675.18,290
674.42,840
674.96,3313
675.52,1402
677.23,1639
677.23,0
677.23,0
681.08,835
681.14,501
682.54,131
684.24,2179
682.51,761
680.35,100
682.01,776
682.7,530
679.68,102
680.67,714
678.41,320
678.41,0
678.52,1052
679.5,320
679.77,638
679.96,893
676.71,100
676.71,0
676.71,0
680.01,941
679.15,202
678.23,569
678.23,0
678.33,1062
677.49,204
677.44,210
677.5,418
678.18,437
677.52,1053
679.48,315
679.81,366
680.61,424
682.76,1338
681.33,684
680.11,1065
680.51,1231
679.43,2446
677.9,430
680.2,577
677.98,1212
678.19,310
677.04,457
681.09,1006
681.67,265
681.67,0
681.94,229
681.94,0
681.94,0
684.09,516
684.05,554
683.62,200
684.05,571
685.92,811
688.05,236
688.05,0
688.05,0
689.64,490
689.64,0
689.64,0
689.64,0
688.37,200
689,103
690.1,1740
689.2,120
689.2,0
689.07,794
689.07,0
688.9,611
688.9,0
689.39,227
688.26,296
687.35,643
686.28,1591
686.89,357
685.3,495
683.35,2386
679.07,300
682.95,471
682.58,512
682.99,303
681.22,706
676.59,738
673.63,1129
674.18,887
674.95,901
674.12,422
672.93,227
671.77,100
670.82,643
670.33,399
669.17,1792
669,2187
664.52,1055
662.2,811
659.21,989
657.85,1568
661.13,209
659.59,1839
659.56,864
659.4,1294
654.35,524
654.06,1101
657.34,386
654.9,1972
656.81,926
657.69,1996
656.42,879
656.68,100
656.16,303
655.14,451
654.11,657
653.42,1867
654.52,1306
656.12,3687
656.67,8603
651.4,611
651.63,100
653.43,530
653.68,601
652.62,643
652.62,0
651.61,121
651.1,421
650.02,512
649.52,334
647.62,468
646.46,502
645.73,200
642.94,110
642.56,100
642.8,843
639.89,209
639.18,100
640.4,108
641.41,206
641.41,0
638.48,212
637.5,101
637.5,0
637.22,811
638.33,297
638.49,480
638.55,1226
638.58,573
638,491
637.35,1245
638.4,951
637.96,1065
635.98,671
635.41,1235
636.45,2323
636.43,2722
636.53,2487
638.54,9534
644.75,5595
648.73,2393
650.98,4217
650.1,828
654.95,1274
654.52,2187
654.23,1489
658.62,111
657.75,534
655.79,2679
655.2,4372
658.4,2027
655.74,663
657.73,101
658.12,201
658.7,458
659.86,1395
662.88,1192
661.79,722
660.08,482
659.25,104
658.89,735
661.86,460
661.86,0
666.6,100
666.65,432
665.64,153
667.94,928
665.51,1292
664.18,836
663.7,812
665.92,329
666.76,571
667.77,455
669.71,534
669.3,770
671.06,1423
669.94,300
669.05,6437
672.77,2909
680.15,2198
678.63,2637
685.08,2537
684.88,2581
683.22,1552
686.25,1383
686.84,1776
687.7,2148
689.25,958
689.24,3786
689.16,2296
689.88,1287
691.02,1393
693.43,2836
694.87,303
693.29,713
687.3,433
688.73,713
688.85,110
687.75,203
690.09,501
690.8,474
690.18,669
689.38,1430
688.85,1164
687.54,702
687.62,561
686.57,793
686.07,1239
686.85,795
689.24,481
688.89,103
688.91,217
689.43,725
688.69,265
687.32,669
688.02,489
687.02,3293
695.95,4181
707.04,952
705.3,4259
700.7,1702
695.2,1506
697.72,2821
697.79,902
694.77,1736
694.4,1108
693.67,1564
693.09,1238
695.76,831
695.93,302
695.93,0
694.6,910
693.46,296
692.27,219
692.9,930
691.33,735
690.74,505
691.13,218
690.17,689
690.33,130
691.39,226
693.66,951
693.58,865
691.88,881
690.77,1039
692.28,542
693.58,167
694.29,487
696.17,745
695.29,919
693.58,317
693.32,875
693.21,717
692.69,1360
694.19,1849
696.36,6142
697.75,1516
697.21,324
696.29,125
692.87,476
690.79,475
690.79,0
693.37,292
696.35,141
697.01,763
698.88,2227
698.69,1369
699.45,552
697.48,1350
698.61,631
698.38,1398
697.98,480
698.08,672
697.13,323
696.64,978
697.82,495
698.16,245
696.99,112
698,439
698.91,420
700.36,1096
700.13,4495
700.03,1319
699.78,506
701.2,4673
701.17,448
702.4,940
702.37,1356
702.59,672
703.02,105
702.83,873
703.02,1329
702.85,517
702.74,1522
703.39,4511
704.99,132
705.31,540
703.73,281
704.9,636
707.65,295
707.34,390
708.59,484
708.4,3560
705.23,1043
706.91,314
706.26,2337
707.86,1104
707.52,532
709.62,479
709.29,1079
710.19,1012
708.8,1060
709.67,202
710.31,669
710.02,338
709.72,607
709.72,746
707.24,1537
707.38,1792
708.22,983
709.5,580
707.92,918
709.11,661
710.49,2324
710.42,580
710.89,684
710.8,740
710.99,514
711.06,955
711.27,1044
712.56,1856
711.19,3431
710.1,6591
709.15,10368
713.35,311
707.4,162
703.29,2004
698.98,1614
702.41,200
704.73,311
703.58,453
702.51,544
704.84,232
704.84,0
708.65,224
708.65,0
713.77,106
714.1,259
714.1,0
716.25,151
716.04,1239
715.77,679
715.77,0
716.23,414
716.23,0
719.11,792
716.79,1272
716.79,0
718.68,1217
718.49,527
716.7,100
715.46,100
715.03,403
715.71,443
717.14,519
717.2,768
716.58,475
716.12,2328
716.24,843
717.94,570
716.01,657
715.79,1043
714.96,560
715.01,213
715.32,289
713.17,285
716.42,793
714.29,994
713.41,757
713.15,1331
712.78,405
712.49,864
712.49,0
713.09,112
713.09,0
713.09,0
711.65,101
711.93,617
711.85,101
714.75,223
716.01,400
715,404
715.13,312
714.82,442
712.58,100
712.58,0
712.06,319
712.06,0
712.06,0
712.06,0
712.06,0
709.98,230
709.37,494
708.72,210
707.59,118
707.12,287
708.3,828
707.58,2518
708.33,819
708,2142
708.34,447
709.55,2361
709.55,0
708.05,1528
704.69,168
708.39,401
709.84,426
708.71,1104
708.39,211
706.15,531
706.4,201
703.95,118
706.53,105
705.8,119
704.71,556
706.4,220
706.4,0
705.5,343
705.5,0
704.18,1192
704.18,0
704.18,0
704.18,0
704.18,0
701.87,662
700.99,1267
699.98,1186
703.21,1270
702.1,2088
700.74,273
699.29,2918
699.96,200
700.33,200
701.58,231
700.36,293
700.36,0
700.67,459
701.54,633
702.18,119
702.18,0
702.28,3852
692.52,2730
697.58,1684
697.58,0
694.88,106
693.27,546
692.78,131
692.63,336
691.5,412
690.97,235
693.54,602
693.78,100
693.78,0
693.78,0
691.23,324
689.97,111
690.09,407
692.43,152
692.43,0
694.15,207
694.15,0
695.37,100
695.37,0
695.37,0
695.37,0
695.37,0
694.13,100
694.13,0
694.13,0
693.51,456
693.51,0
693.3,1108
693.3,0
692.79,300
692.86,108
692.86,0
693.8,121
695.28,537
696.62,425
696.98,792
695.71,818
697.91,831
697.81,105
700.28,659
702.82,998
702.38,455
702.38,0
704.32,444
704.88,966
706.52,1310
706.32,698
705.75,116
705.8,285
706.74,125
707.54,723
707.33,311
707.33,0
705.94,127
706.47,101
706.04,200
706.18,102
706.18,0
704.72,205
705.47,156
704.57,228
704.57,0
702.81,104
702.81,0
702.81,0
702.81,0
705.54,234
705.54,0
705.09,449
705.09,0
705.07,321
705.65,300
706.75,100
706.44,139
707.05,1539
708.31,102
708.31,0
711.25,100
712.83,716
709.7,384
707.46,440
708.99,2360
706.82,557
707.17,494
707.79,453
707.79,0
704.02,313
704.36,366
705.09,239
704.67,204
703.51,602
704.98,637
704.98,0
704.98,0
702.93,238
703.69,205
703.69,0
704.07,140
702.55,367
702.4,152
701.53,295
701.86,431
702.23,843
702.23,0
702.16,578
702.75,133
702.36,528
702.92,163
703.29,589
703.46,406
703.82,130
703.78,338
702.54,349
702.22,1625
701.57,750
708.51,606
705.87,115
704.02,202
700.77,107
701.25,594
702.69,101
702.15,241
704.19,428
705.57,107
705.57,0
707.66,183
707.76,1137
707.09,899
707.09,0
705.47,900
705.38,203
704.97,496
706.46,226
706.56,200
707.27,200
706.68,101
706.21,328
706.6,265
705.88,200
706.41,298
705.91,322
706.43,100
706.43,0
705.73,281
705.06,277
706.09,752
706.86,1736
707.45,889
708.11,1064
707.58,718
709.34,227
710.09,925
710.12,1130
710.45,319
707.68,4750
708.98,1711
709.96,1231
712.17,522
710.53,468
712.13,1059
713.75,1515
714.72,1080
713.27,255
712.79,256
712.37,354
713.03,104
712.83,775
714.29,1082
714.25,1237
715.79,499
715.48,546
715.53,306
715.33,255
715.95,541
716.02,511
714.91,513
715.98,234
715.94,1344
715.46,1015
714.77,200
713.93,246
711.59,322
713.01,1009
711.97,1067
712.74,1163
713.82,100
713.82,0
713.82,0
713.14,958
712.72,2691
713.47,514
712.74,2554
712.74,0
715.76,956
717.28,105
716.75,716
718.79,222
718.04,870
720.3,1900
722.75,377
724.81,126
724.72,1712
725.84,1262
725.84,1086
726.18,100
726.93,105
727.23,364
727.05,1250
727.84,364
726.96,105
727.42,452
728.14,280
728.14,0
727.44,873
727.4,352
728.01,544
728.01,408
728.47,301
728.87,363
728.01,1128
728.01,0
722.73,183
725.7,287
725.49,941
726.39,674
729.75,669
730.99,2037
731.46,472
731.99,638
733.75,799
731.99,1490
725.27,467
725.27,0
727.61,1832
727.61,0
729.62,110
729.62,0
729.62,0
729.09,200
729.09,0
729.52,662
729.63,389
730.15,164
730.7,102
731.03,100
730.04,200
730.04,0
730.04,0
730.02,100
730.02,0
729.67,136
729.79,203
729.78,170
730.61,354
730.01,100
731.1,325
731.31,159
732.29,202
733.09,560
733.96,237
733.61,491
733.61,0
737.03,307
737.26,1243
738.83,420
738.74,985
737.6,305
737.55,1357
736.89,616
736.96,1697
737.9,518
741.78,2090
743.37,107
744.13,1346
743.61,1689
744.25,3222
744.25,1846
744.92,1314
745.8,414
746.34,1140
746.93,1442
745.13,833
743.99,639
741.7,640
740.83,397
742.02,2007
740.89,2596
741.31,532
741.38,101
742.54,143
742.65,101
742.65,924
742.67,1413
742.62,550
740.61,385
740.77,402
740.77,0
740.9,178
741.26,110
741.76,110
741.76,0
742.35,1028
739.44,823
737.64,466
736.52,324
736.87,674
735.37,826
736.72,414
734.42,1451
733.95,1427
732.15,2884
727.13,2716
725.19,2048
726.63,200
727.42,1228
729.76,2218
730.34,1006
730.2,6235
733.37,2452
732.18,548
733.15,537
732.99,1854
729.58,420
729.59,1131
730.91,4029
730.03,1129
731.77,231
732.7,686
734.14,1136
735.14,330
734.99,2640
734.57,331
734.34,100
734.85,109
734.95,1186
735.47,1322
734.51,171
734.61,1869
736.29,1939
736.76,4651
735.78,1395
732.62,355
732.23,1283
731.45,1406
732.28,729
731.68,2051
732.16,1115
734.19,8381
733.1,1894
733.2,2641
731.94,4287
732.75,1845
726.74,1217
727.49,901
727.47,300
727.47,0
727.65,600
730.08,2014
729.32,362
730.21,715
729.61,972
731.74,405
731.07,607
732.35,519
732.35,0
732.96,1841
733.5,1199
732.46,997
732.12,660
730.92,837
730.92,0
730.92,0
732.04,1050
731.98,521
733.23,100
733.43,613
733.8,222
735.08,611
735.4,200
736.67,500
736.3,616
735.5,741
734.87,3638
736.35,3452
723.29,12644
716.32,8969
719.4,3144
714.63,2373
705.03,2649
699.99,2536
700.17,604
703.32,783
708.07,1027
708.92,1446
708.92,0
704.61,847
701.69,776
703.33,1992
704.01,965
703.67,136
705.56,1670
709.09,1801
708.47,2855
707.79,840
704.85,1062
706.16,651
705.32,137
705.04,1203
704.17,1210
704.2,803
704.27,512
705.37,215
706.29,433
706.29,0
706.29,0
706.68,186
706.32,449
708.62,346
708.08,320
707.16,530
707.16,0
707.22,683
707.22,0
705.64,389
706.78,1019
706.59,4799
704.5,2676
704.19,1028
705.85,604
708.9,3026
709.1,1045
708.48,1294
707.47,292
709.28,218
709.28,0
702.22,289
703.19,222
703.6,244
703.22,197
703.14,318
702.22,318
702.22,0
702.86,226
701.69,347
701.75,319
703.39,112
703.39,0
703.39,0
705.32,586
705.5,571
705.36,317
706.03,962
707.39,616
706.03,518
706.03,370
706.03,1296
706.34,206
705.65,346
706.35,220
704.16,119
706.06,466
705.26,490
705.26,0
704.35,935
704.28,5625
705.87,1120
709.41,522
711.42,704
712.74,1104
711.51,483
712.13,113
713.66,920
713.49,206
713.49,0
715.77,523
716.69,442
716.57,360
717.06,100
716.9,400
717.11,312
717.61,905
717.61,0
717.86,710
718.08,402
717.45,510
717.73,644
718.68,200
718.68,0
717.89,283
717.37,202
717.48,200
716.5,418
717.1,329
716.5,184
716.66,632
717.55,249
718.44,120
718.44,0
716.85,631
716.9,292
716.9,0
715.78,219
717.18,104
716.02,1226
713.67,1032
717.47,390
716.72,109
716.72,0
714.74,307
715.8,100
715.5,739
715.5,0
717.49,225
717.39,200
718.59,210
718.59,0
720.48,102
721.84,100
721.61,711
721.67,322
721.15,229
722.15,449
721.7,125
721.96,200
720.47,105
720.47,0
720.65,100
720.65,0
720.65,0
721.03,126
721.03,0
721.94,475
722.65,323
722.35,837
720.6,629
720.6,0
720.79,110
720.79,0
720.79,0
719.42,234
721.05,453
722.12,1124
722.91,1853
722.32,127
722.96,124
725.5,320
726.78,114
726.78,0
726.8,530
726.56,398
726.56,0
725.18,1110
725.18,0
724.64,1052
724.64,0
725.35,1081
723.41,301
723.74,532
724.75,357
726.31,436
727.4,517
728.98,905
726.44,694
724.52,101
724.52,0
723.89,205
724.2,402
723.29,162
723.22,200
724.41,586
724.72,236
725.84,628
725.84,0
724.03,963
723.29,365
721.64,490
721.64,0
722.63,711
723.31,105
724,979
723.79,746
724.21,3723
719.14,959
723.72,889
721.92,379
722.6,436
722.2,534
723.25,577
723.25,0
723.37,218
723.95,719
723.95,0
723.95,0
724.71,1747
725.69,583
725.69,0
725.69,0
725.69,0
726.65,100
728.29,320
728.67,109
728.67,0
729.71,433
728.72,200
729.9,113
729.9,0
730.28,114
730.13,454
729.5,977
729.5,0
728.13,420
728.13,0
726.92,250
726.92,0
728.3,205
729.38,101
729.38,0
728.79,265
730.97,471
730.95,1228
731.27,6253
737.4,938
739.17,1002
740.01,920
739.31,1947
738.47,2439
737.27,5301
737.27,0
737.27,0
739.24,940
736.6,1253
735.35,621
731.09,572
732.61,136
734.74,106
734.38,505
735.49,593
733.95,1236
733.79,331
732.21,1463
732.21,707
733.22,390
733.08,210
733.08,0
733.08,0
733.03,245
732.09,191
733.58,605
734.6,1166
733.75,274
733.28,382
731.96,152
731.91,201
731.25,537
730.31,1132
729.28,1023
728.91,1322
729.46,1018
732.32,576
733.71,4905
728.7,725
732.41,200
732.41,0
742.1,170
742.1,0
741.11,345
742.61,302
743.17,411
742.86,470
742.5,221
742.04,107
742.31,122
742.28,2970
740.46,431
740.92,134
740.46,430
740.01,310
740.02,1620
739.94,101
738.69,1517
737.7,4256
737.7,0
737.7,0
741.52,378
740.23,873
742.1,826
742.1,0
743,100
742.13,301
743.34,463
744.47,1314
746.55,346
746.07,1530
746.07,0
743.19,668
744.06,104
744.33,223
743.82,101
743.88,152
744.75,342
744.54,345
743.7,222
744.18,420
744.35,301
743.85,110
743.85,0
744.04,359
743.66,542
743.75,152
743.75,0
743.75,0
745.64,203
745.64,0
744.87,341
744.92,110
745.4,322
746.31,110
747.44,103
747.44,0
747.69,304
746.1,279
746.09,3019
729.6,1054
734.25,1875
733.61,225
732.6,381
732.36,112
734.04,233
735.87,1362
735.87,0
734.53,354
734.53,0
735.63,580
735,695
736.9,684
736.34,158
737.27,658
737.59,501
737.59,0
737.59,0
740.43,100
740.65,308
740.02,1173
738.96,109
738.96,0
738.33,307
738.59,548
737.99,634
737.24,412
737.22,571
735.7,1211
734.6,780
732.66,101
732.36,514
733.51,836
733.51,0
732.28,1196
731.91,1631
732.34,716
735.17,1138
736.21,3281
733.47,112
730.33,2575
731.84,1207
732.01,228
732.01,0
731.48,100
732.24,205
732.24,0
732.24,0
732.24,0
732.24,0
730.88,531
733.17,740
733.17,0
733.08,313
733.08,0
732.28,105
732.12,560
732.52,400
732.52,0
732.52,0
735.64,270
735.64,0
736.66,304
736.71,1084
736.71,0
736.71,0
736.71,0
736.61,1314
736.61,0
733.95,613
733.97,451
733.62,850
733.27,305
731.12,513
730.41,109
730.32,2150
731.07,953
730.17,3358
730.17,0
730.17,0
734.88,402
734.78,691
733.11,341
735.58,680
733.1,349
732.57,400
731.96,860
729.62,291
729.97,610
730,200
732.12,205
732.12,0
733.47,100
733.47,0
733.47,0
734.2,293
734.2,0
734.92,402
734.49,281
733.96,100
734.36,312
733.97,275
733.97,0
733.97,0
733.97,0
733.97,0
733.97,0
733.97,0
733.97,0
733.97,0
737.08,130
737.24,100
736.55,506
736.55,0
736.18,100
736.72,438
736.2,3991
741.73,100
742.95,417
740.09,325
740.65,955
738.77,258
739.52,727
739.58,105
739.7,504
739.54,1408
740.93,205
740.07,206
740.75,526
740.02,299
741.41,526
740.56,267
742.2,857
741.1,150
740.46,1235
739.43,200
739.75,366
741.37,502
740.96,1016
739.31,203
738.56,417
738.56,0
738.84,138
739.08,200
739.08,0
739.08,0
737.62,1023
736.58,406
737.68,200
738.27,100
738.75,310
738.1,100
738.87,388
737.9,781
737.61,2050
740.79,5032
745.17,787
741.44,222
743,390
747.01,378
744.76,972
744.05,101
744.05,0
742.78,228
741.08,100
739.96,228
739.42,1260
736.47,655
738.48,530
740.68,791
737.74,101
737.74,0
741.29,100
743.34,200
745.18,535
744.36,869
745.18,842
746.91,100
748.06,382
749.26,204
749.26,0
748.11,106
748.11,0
749.17,428
749.17,0
749.17,0
749.36,200
749.36,0
749.36,0
750.12,278
750.12,0
748.86,167
748.11,331
748.11,0
746.25,1758
746.25,0
746.25,0
741.42,615
740.7,100
742.35,618
740.76,204
741.98,1176
741.98,0
741.1,1988
742.51,1336
743.79,1104
746.38,528
746.38,0
749.3,100
749.29,293
749.43,988
748.85,206
748.24,250
749.87,645
749.95,1391
749.9,670
749.9,0
749.38,148
749.38,0
749.38,0
749.64,100
750.3,235
750.49,217
750.53,110
750.53,0
750.53,0
751.75,300
750.66,364
750.66,0
751.98,864
753.06,101
754.14,1997
754.47,2232
755.09,1645
755.7,328
755.22,1119
755.22,0
756.49,1758
755.89,502
754.56,700
754.04,551
753.65,204
754.12,100
754.56,644
755.76,1309
756.64,2848
755.22,204
755.28,253
755.98,403
755.18,418
755,303
754.89,1562
755.55,822
756.23,803
756.23,0
756.23,0
756.5,100
756.92,215
756.31,100
756.31,0
755.37,206
757.24,411
757.45,400
757.66,120
757.66,0
758.22,935
758.45,805
759.31,403
759.19,224
759.75,602
759.94,662
759.97,336
760.16,3991
757.78,829
758.06,2039
758.06,0
758.06,0
760.29,1888
760.38,210
758.66,659
758.73,993
758.37,639
759.22,1111
757.94,396
757.94,0
758.68,1138
758.68,0
758.47,210
759.52,392
759.52,0
760.96,100
761.84,100
762,200
761.39,360
760.52,630
760.82,301
760.75,737
760.74,952
760.59,1253
761.09,734
761.01,976
760.3,1075
760.46,926
760.4,1276
761.23,2330
761.23,0
762.64,997
763.54,784
764.66,1398
764.71,1557
764.87,2780
763.9,3092
759.95,703
752.14,1543
752.11,1122
750.99,687
753.73,634
753.73,0
755.01,2001
755.14,800
756.11,672
754.21,358
754.21,0
753.21,227
752.26,111
752.55,439
753.41,116
752.41,100
752.41,0
751.55,361
751.55,0
750.86,818
751.7,220
751.53,100
750.45,438
748.44,402
748.29,575
749.73,107
750.84,200
751.7,741
751.54,387
752.33,408
753.6,115
751.39,200
751.39,0
751.08,325
751.08,0
751.08,0
750.45,1119
747.83,187
752.37,5211
752.37,0
763.88,444
760.72,586
761.1,110
763.38,271
764.83,466
764.83,0
762.82,279
762.82,0
763.03,206
762.36,303
760.63,129
762.05,989
763.98,785
763.98,0
765.94,200
766.34,502
767.94,204
763.91,100
763.87,128
763.87,0
764.7,549
765.6,254
765.66,808
765.66,0
766.84,485
767.87,313
766.72,1059
765.75,1595
764.92,1907
766.36,1429
768.13,614
768.13,0
768.3,390
768.7,1244
768.45,356
769.61,727
766.87,427
766.58,3180
766.58,0
758.34,148
756.6,2543
756.6,0
756.6,0
755.52,857
757.39,200
754.14,112
754.66,879
753.3,612
753.3,0
752.78,3260
751.8,835
751.8,0
751.8,0
758.36,1543
760.33,1136
760.79,710
761.77,432
763.59,839
763.59,0
763.95,105
763.1,105
763.1,0
762.3,392
763.79,440
763.93,280
763.16,233
761.23,589
760.62,267
760.33,636
760,227
760.63,266
760.63,0
762.52,504
762.85,331
760.99,569
763.82,122
763.29,3445
764.61,448
766.28,104
766.01,859
764.21,1057
768.38,1815
765.87,490
767.69,246
765.83,288
764.36,103
763.95,101
765.73,737
764.24,314
764.24,0
762.19,201
761.83,367
762.32,875
762.04,155
760.43,432
760.89,285
761.35,151
760.92,102
761.37,478
761.71,119
761.71,0
762.55,333
763.38,201
763.38,0
762.32,205
763.39,110
764.12,101
764,313
764.36,129
763.97,254
763.71,304
762.59,377
762.58,646
762.03,1652
761.2,986
762,4595
758.68,648
762.88,692
765.45,566
763.1,310
765.1,391
763.24,102
764.58,523
764.58,0
767.74,911
767.74,0
767.6,111
767.91,119
767.91,0
767.91,0
768.3,1213
770.63,257
770.92,100
771.52,245
771.4,314
770.51,245
770.84,100
769.84,3318
769.14,515
769.02,582
769.4,305
769.2,382
769.99,741
771.66,1523
770.32,434
771.42,294
771.31,889
770.89,586
770.39,678
770.05,422
770.62,782
771.13,503
768.67,2859
767.45,1155
770.22,5161
770.22,0
770.03,1660
772.09,1410
770.58,1305
769.86,486
768.11,726
767.71,1459
768.45,3751
769.19,305
767.9,914
768.38,465
769.26,1744
771.12,316
770.75,619
770.27,800
770.1,917
768.78,314
769.48,415
770.31,510
769.89,119
769.15,1013
769.11,369
768.33,231
769.23,116
769.23,0
770.24,108
770.24,410
769.54,357
770.8,121
770.8,0
771.91,144
771.87,102
771.44,231
771.44,0
771.19,149
770.79,472
769.59,485
770.56,933
770.6,3533
770.6,0
770.6,0
765.35,100
765.69,201
763.94,707
765.64,269
765.57,100
765.57,0
765.57,0
766.48,386
765.82,400
765.35,316
765.35,0
765.35,0
765.35,0
765.35,0
765.35,0
767.85,239
767.3,311
767.3,0
766.09,692
765,191
765.5,210
765.02,339
764.98,100
765.33,100
765.49,110
764.6,434
765.08,624
764.44,308
763.06,1009
764.8,698
765.35,540
765.26,803
762.21,720
762.64,466
763.47,408
764.51,871
764.65,2436
771.72,110
772.09,2311
772.87,207
773.55,205
771.06,425
768.09,300
767.2,1747
767.7,1095
765.81,210
761.58,830
761.64,801
758.95,239
759.18,205
759.18,0
759.3,911
761.36,100
761.31,501
760.96,100
760.05,458
760.05,0
758.48,204
758.48,0
758.51,100
758.41,103
757.93,103
756.82,160
756.95,555
756.95,0
755.9,323
755.9,0
751.73,100
752.58,2632
752.3,2961
752.75,1747
753.27,1539
754.46,2966
755.24,1999
754.41,2820
752.17,4174
761.79,237
764.45,490
766.65,824
764.44,1646
767.6,1219
766.77,994
764.21,818
763.95,1759
759.9,380
761.11,294
761.11,0
759.28,181
759.55,110
759.03,100
759.03,0
757.7,590
756.98,254
755.91,100
755.91,0
755.91,0
755.91,0
757.19,285
757.2,435
757.2,0
754.23,302
754.23,0
754.07,351
755.43,744
755.43,0
753.39,173
754.6,150
754.6,0
754.6,0
753.76,120
754.47,310
753.26,209
752.73,1189
754.07,662
753.23,3670
755.64,472
754.45,630
754.45,0
752.23,1832
754.14,205
759.41,317
761.54,135
759.41,169
760.98,156
757.35,471
758.59,305
758.59,0
759.06,419
759.6,311
759.87,106
759.87,0
759.87,0
759.87,0
762.22,1031
762.88,2596
760.32,804
760.05,165
760.9,245
760.9,0
759.86,100
759.86,0
762.2,336
761.95,1284
761.94,1367
761.15,544
761.18,826
762.54,418
761.64,715
761.64,0
762.07,332
761.43,807
762.82,615
760.81,744
762.7,2773
760.03,243
760.03,0
759.15,247
758.73,935
762.34,118
761.29,101
761.29,0
758.98,100
760.98,714
760.55,110
760.55,0
759.89,400
760.01,217
760.19,108
760.34,200
760.34,0
759.18,100
759.18,0
761.56,411
762.29,105
762.29,0
762.21,200
762.21,0
762.21,0
762.21,0
762.21,0
761.21,189
761.37,110
761.37,0
762.98,100
762.7,510
762.7,0
763.04,216
761.4,719
761.4,0
760.92,415
761.2,126
761.74,138
761.89,1679
754.61,122
761.13,365
764.04,405
763.22,1369
763.34,548
762.72,205
765.3,101
765.8,204
765.81,756
764.01,334
764.01,0
761.94,293
760.55,100
760.55,0
762.94,103
762.94,0
761.31,135
761.31,0
761.31,0
763.25,101
763.25,0
763.25,0
761.53,132
761.53,0
761.53,0
760.51,100
760.51,0
759.56,100
758.8,100
758.8,0
758.8,0
758.94,148
758.94,0
758.72,542
758.33,400
760.7,1136
760.82,706
761.02,727
762.4,3374
704.01,13081
719.71,5346
711.89,4089
711.29,3856
712.96,324
713.17,1685
709.31,3807
707.35,1060
707.91,1527
710.12,3455
717.29,1433
715.94,1444
710.31,115
711.02,1507
711.53,609
709.17,966
709.79,744
709.79,0
712.28,955
716.12,200
715.82,878
713.75,1081
712.94,340
713.82,1294
713.23,2022
713.23,0
713.23,0
711.54,121
711.97,100
711.97,0
711.76,599
714.05,532
715.86,111
716.18,654
716.23,847
716.99,1353
716.37,1129
717.42,4425
715.1,9574
714.08,709
724.98,356
724.98,0
724.98,0
727.26,1777
725.36,865
723.2,1037
725.47,214
725.47,0
725.47,0
728.77,422
728.77,0
728.77,0
728.28,334
728.62,201
728.62,0
728.62,0
728.38,100
727.07,765
730.04,201
730.05,1038
729.71,1099
729.71,0
728.82,673
727.94,203
725.79,726
725.59,200
724.11,100
724.11,0
720.99,110
719.16,103
717.06,259
718.72,334
717.89,206
717.89,0
717.89,0
717.89,0
717.89,0
715.12,1022
715.12,0
719.21,321
718.53,1402
717.63,1239
717.26,583
721.97,366
724.8,484
727.86,861
727.87,1125
728.11,838
729.59,331
729.38,316
729.81,240
731.62,266
731.62,0
730.06,103
730.62,138
730.84,304
729.58,102
729.58,0
727,213
728.23,518
729.6,213
729.14,150
729.14,0
729.14,0
728.3,102
728.3,0
728.36,102
728.36,0
728.36,0
730.95,100
731.39,412
731.75,137
731.75,0
731.25,389
730.67,380
730.67,0
730.63,2707
727.65,227
727.65,0
727.65,0
727.65,0
724.53,222
725.29,252
725.06,752
726.3,585
726.3,0
726.3,0
726.3,0
724.55,113
724.37,200
724.37,0
727.05,222
727.05,0
725.37,100
725.21,156
725.21,0
725.51,308
725.89,236
724.02,114
724.14,201
724.84,424
725.31,100
725.31,0
725.31,0
725.31,0
725.31,0
725.31,0
725.31,0
725.31,0
725.31,0
727.71,122
727.71,0
727.71,0
730.1,365
730.53,1129
730.53,4260
730.53,0
728.01,100
728.01,548
728.58,106
728.04,176
728.04,0
726.68,635
726.68,0
726.68,0
725.77,100
725.77,0
725.77,0
725.77,0
725.77,0
725.84,439
725.84,0
724.62,580
724.7,308
725.34,864
726.69,200
727.59,440
727.59,0
727.59,0
730.48,110
730.48,0
730.48,0
730.48,0
730.95,105
732.15,160
732.15,0
732.15,0
730.76,302
730.39,461
730.18,400
729.74,311
729.74,0
729.74,0
729.74,0
729.07,1297
735.25,839
735.25,0
735.25,0
738.52,200
740.89,502
741.29,306
741.29,0
739.43,100
739.72,100
740.71,401
740.71,0
740.1,101
740.1,0
739,100
739,0
739,0
734.92,110
734.92,0
734.92,0
733,311
732.99,211
732.04,201
732.9,100
731.31,238
731.31,0
731.31,0
729.79,203
729.79,0
731.61,236
731.61,0
731.16,101
730.23,103
730.23,0
730.23,0
730.23,0
731.12,201
731.12,0
731.12,0
731.06,100
718.49,565
723.72,100
723.72,0
723.72,0
723.72,0
728.61,100
728.61,0
728.61,0
728.61,0
725.27,241
724.26,101
723.49,100
723.27,100
723.17,100
724.39,109
724.39,0
725.63,231
725.69,925
723.97,237
723.97,0
723.97,0
724.32,100
724.32,0
727.01,107
727.13,225
726.7,445
726.7,0
726.7,0
726.7,0
726.7,0
726.7,0
730.2,805
731.23,173
731.23,0
730.51,224
730.51,300
729.81,100
729.29,787
728.6,2485
728.6,0
730.64,387
731.32,360
732.96,634
732.96,0
730.58,1056
733,109
732.9,640
732.9,0
734.56,109
733.47,460
731.02,105
731.29,400
731.62,535
731.62,0
731.22,212
731.22,0
731.22,0
731.22,0
731.22,0
730.75,112
728.54,129
728.54,0
728.54,0
728.54,0
727.53,104
727.53,0
727.53,0
725.41,155
725.41,0
725.41,0
725.41,0
724.88,353
724.88,0
726.1,725
725.13,202
725.82,300
725.94,760
724.3,5340
721.24,579
724.5,859
722.79,641
721.93,100
721.24,499
721.05,103
719.14,934
719.33,359
721.25,476
721.94,417
721.94,0
723.19,914
723.19,0
725.11,219
725.11,0
725.11,0
723.07,754
723.07,0
721.96,101
720.51,500
720.51,0
720.08,447
720.12,1038
720.12,0
720.12,0
719.98,107
719.98,0
717.12,416
717.12,0
717.91,118
719.1,281
719.1,0
719.76,285
719.55,749
719.78,156
719.78,0
717.25,379
717.1,735
718.41,1504
718.7,203
718.7,0
718.7,0
719.09,621
718.08,376
718.08,0
718.08,0
718.08,0
718.08,0
719.44,100
719.32,633
719.32,0
718.77,375
718.76,238
718.42,200
717.51,100
716.49,101
716.66,365
714.82,375
714.82,0
714.82,0
714.82,0
715.34,300
715.93,354
715.93,0
715.93,0
715.93,0
715.83,300
715.34,400
715.46,1110
717.23,574
717.32,303
714.57,300
714.28,412
714.28,0
712.92,454
712.49,111
712.24,1169
710.95,3771
710.95,0
713.82,255
713.07,135
713.07,0
713.07,0
713.07,0
713.77,171
714.37,460
714.91,300
716.63,205
717.16,109
715.99,896
716.6,606
716.08,100
715.85,219
715.85,0
712.92,109
713.61,277
715.11,133
714.04,335
714.04,0
714.95,520
714.95,0
714.92,141
714.98,522
714.98,0
714.17,338
714.17,0
716.04,601
715.92,200
715.87,513
716.15,525
716.12,637
714.09,632
714.22,627
713.94,1004
715.87,1327
715.43,3404
711.83,5359
705.27,2029
705.27,0
711.94,201
711.94,0
711.38,227
711.38,0
708.59,377
708.04,111
708.04,0
708.04,0
706.96,416
706.92,418
707.19,100
707.66,100
707.4,113
707.4,0
707.4,0
707.4,0
707.31,300
707.28,130
707.46,100
707.46,0
707.46,0
705.14,111
705.34,750
705.34,0
708.7,310
708.83,234
707.49,100
708.21,224
708.21,0
708.83,300
707.82,102
707.52,247
707.76,413
707.74,218
708.01,612
708.73,1390
708.69,1837
705.02,272
705.02,0
707.05,102
707.67,321
707.67,0
706.68,211
703.74,295
702.65,116
703.87,115
703.83,120
703.83,0
701.05,100
700.46,100
700.04,200
698.14,100
698.14,0
698.18,100
698.18,0
698.18,0
700.29,311
699.8,301
699.8,0
701.39,100
701.39,0
702.68,310
702.68,0
702.27,100
702.27,0
702.58,200
701.67,231
701.67,0
703.17,100
704.11,422
702.97,310
704.2,332
703.84,500
704.99,326
705.69,847
704.5,4429
704.5,0
704.5,0
708.73,101
708.73,0
708.73,0
712.42,200
713.44,200
713.21,186
713.21,0
713.21,0
711.75,403
713.57,102
713.57,0
713.57,0
712.98,301
711.7,100
711.7,0
711.62,116
711.62,0
711.62,0
714.42,695
714.09,1011
714.09,0
714.09,0
714.39,492
714.39,0
714.39,0
714.39,0
714.5,476
714.22,426
715.26,140
715.26,0
715.26,0
715.53,310
716.1,343
715.48,126
714.91,245
714.91,0
714.33,1448
717.85,400
719.08,312
723.22,100
723.22,0
723.04,201
722.34,250
719.69,310
720.85,338
722.98,128
722.75,448
722.75,0
722.75,0
722.3,100
722.3,0
722.3,0
722.77,326
722.77,0
722.44,107
723.38,143
722.98,100
722.98,0
722.98,0
721.9,102
721.9,0
722.91,150
722.91,0
722.91,0
722.91,0
721.49,109
721.49,0
721.49,0
721.05,113
721.05,0
721.05,0
721.05,0
721.05,0
722.03,219
722.56,282
720.55,830
733.67,1571
739.16,1001
740.31,860
741.87,1231
740.58,1187
737.33,4896
738.04,388
735.99,492
734.45,440
733.43,429
730.44,1146
727.04,800
726.24,1155
726.24,0
726.06,342
725.51,366
725.51,0
727.28,100
727.33,100
727.33,0
727.33,0
725.86,200
726.5,608
726.5,0
726.5,0
724.47,138
723.51,101
723.51,0
723.97,1436
723.05,210
722.88,1444
726.12,201
728.51,106
728.51,0
728.51,0
729.16,200
728.36,943
726.5,808
726.92,1258
725.58,237
728.87,102
728.05,123
729.14,1246
729.66,814
730.69,205
730.5,101
725.98,427
725.98,0
725.95,402
729.68,647
729.68,0
729.68,0
731.25,418
731.25,0
731.25,0
731.25,0
731.25,0
731.61,100
731.76,102
732.09,281
733.41,109
733.41,0
733.41,0
728.72,157
728.72,0
728.72,0
728.72,0
728.72,0
728.72,0
728.72,0
728.72,0
728.72,0
728.72,0
728.72,0
728.72,0
731.85,192
731.85,0
731.25,512
737.69,100
737.69,0
736.1,154
736.02,201
737.61,100
738.25,202
739.26,161
739.33,717
738.67,334
738.74,2030
739.14,405
739.45,487
739.01,100
739.23,340
739.23,0
742.1,451
742.1,0
743.1,145
743.61,4102
742.6,1284
743.29,100
744.2,120
744.51,242
744.21,321
744.92,416
744.92,0
744.92,0
744.92,0
744.92,0
740.95,195
741.49,272
741.49,0
741.49,0
742.64,210
742.93,1272
741.1,100
739.36,335
739.24,1038
737.74,555
736.18,320
736.39,1005
738.19,118
738.97,1166
742.2,1204
744.43,1205
743.35,1383
743.35,0
743.35,0
742.18,672
742.23,1471
743.89,241
745.74,772
745.74,0
744.99,245
745.11,494
744.07,549
744.07,0
744.07,0
743.96,605
745.23,228
746.36,314
746.36,0
746.36,0
745.98,100
745.98,0
745.98,226
745.98,0
745.35,678
744.42,101
744.39,110
744.44,544
744.61,493
744.69,623
745.15,102
746.35,142
746.1,1009
746.3,940
747.24,1749
751.74,104
751.86,683
751.86,0
755.23,1143
755.52,535
753.13,637
753.13,304
753.13,0
753.13,0
753.13,0
750.83,101
750.1,132
748.66,203
748.66,0
749.99,100
749.41,158
749.41,0
749.41,0
749.41,0
748.3,147
748.25,305
748.25,0
748.25,0
748.25,0
749.22,210
749.22,0
748.27,1019
748.74,409
748.74,0
749.32,100
749.32,0
750.22,139
750.22,0
751.14,391
751.21,208
751.21,0
750.74,1058
750.23,1428
749.54,1222
748.54,2191
749.08,125
746.68,185
746.68,0
743.72,366
743.8,712
743.64,102
742.66,743
742.96,225
743.12,739
742.92,3139
743.42,801
742.07,428
742.03,227
742.85,1139
742.92,300
743.79,105
742.92,200
743.19,1064
742.21,613
742.14,409
742.17,510
742.66,718
742.28,257
742.57,406
742.74,101
742.62,534
742.62,0
743.54,278
743.54,0
743.08,1501
741.63,999
741.01,983
741.01,0
741.21,607
741.25,613
741.66,582
740.62,1291
740.56,1306
746.2,951
746.29,393
746.29,0
748.96,100
748.96,0
749.42,761
746.52,100
746.98,136
746.98,0
744.6,101
744.6,0
744.6,0
744.6,0
744.09,448
744.09,0
742.66,103
743.65,209
742.81,501
742.87,309
741.59,141
741.59,0
740.97,242
740.97,0
740.97,0
740.97,0
740.97,0
740.97,0
737.76,151
737.76,0
737.95,407
737.95,0
735.93,585
735.53,708
735.52,252
736.12,349
735.91,309
736.08,802
736.08,0
736.08,3076
728.54,2092
724.04,105
724.17,315
725.11,526
728.72,110
726.81,300
726.7,780
727.12,325
728.47,333
727.52,229
728.85,332
728.41,400
727.92,965
726.88,2301
726.88,0
725.06,213
726,100
726.81,494
726.81,0
728.42,254
727.35,668
726.41,234
726.05,629
726.05,0
725.12,125
725.12,0
725.75,504
724.87,926
725.39,224
727.06,215
727.12,284
727.12,0
727.12,0
728.81,662
728.04,114
727.75,152
729.41,243
729.02,442
728.12,2589
728.12,0
726.9,200
726.9,0
727.59,104
727.59,0
728.45,109
728.45,0
728.45,0
727.02,412
727.14,323
725.48,335
725.08,100
724.39,100
725.13,404
725.2,352
725.2,0
724.57,100
725.18,236
723.03,100
723.03,0
722.74,265
722.74,0
723.66,102
723.66,0
723.49,100
723.49,0
723.45,1899
722.8,200
722.59,755
722.42,672
722.99,605
723.44,463
725.18,333
725.94,229
724.24,102
724.5,302
725.1,1388
725.1,0
727.51,1783
727.51,0
729.63,245
729.63,0
730.62,539
734.39,207
732.65,172
730.1,722
730.1,0
732.08,248
732.07,554
732.03,512
732.03,400
733.22,693
733.22,0
735.18,500
735.74,448
736.5,1452
736.77,110
736.77,0
736.07,621
736.07,0
734.05,216
734.05,0
735.17,101
735.43,326
736.07,201
736.13,601
736.13,0
736.12,336
735.6,101
735.6,0
735.27,205
735.18,1015
735.18,0
735.87,304
736.27,210
736.46,494
735.49,912
735.89,990
734.11,537
734.4,406
734.4,0
735.93,121
736,1452
736,0
734.66,262
735.96,324
737.14,100
736.44,477
735.77,204
735.85,862
734.28,102
734.1,538
734.1,0
730.34,532
730.34,0
730.34,0
730.34,0
730.07,793
730.41,604
730.23,152
730.23,0
729.57,603
729.57,0
729.57,0
729.97,100
730.88,300
730.88,0
729.45,545
730.19,1337
730.98,213
730.68,813
731.55,414
732.14,663
732.25,1317
733.48,400
733.19,652
730.84,619
735.53,309
734.21,616
733.9,131
730.59,240
731.16,622
733.42,339
734.28,1261
734.47,110
734.47,0
733.48,441
732.4,128
731.02,477
731.53,118
732.63,148
732.63,0
732.63,0
732.63,0
734.63,229
734.71,115
734.71,0
734.71,0
735.07,210
735.49,106
735.49,0
735.85,301
735.27,436
735.27,0
734.09,100
734.09,0
734.09,0
734.21,205
733,210
733.13,285
733.13,0
732.86,100
733.43,412
734.25,739
731.68,1109
733.41,4752
731.37,598
731.37,0
730.58,976
729.75,784
730.78,330
730.78,0
730.78,0
730.78,0
732.5,100
732.5,0
732.5,0
733.41,125
733.38,527
733.38,0
735.08,116
735.08,0
735.08,0
735.57,219
735.04,102
735.34,633
735.52,455
735.52,0
735.52,0
735.35,126
735.35,0
735.35,0
735.35,0
734.29,106
734.44,100
734.44,0
734.44,0
733.36,102
733.36,0
732.78,2807
732.95,1235
732.67,2132
732.67,0
733.04,1270
732.27,4564
732.27,0
732.27,0
731.07,507
732.17,418
730.6,453
731.02,105
731.16,110
731.16,0
730.55,100
730.55,0
730.98,100
730.1,290
730.41,438
729.45,108
727.88,410
727.86,211
727.86,0
726.48,103
726.77,253
726.7,253
726.92,433
727.13,107
727.46,100
727.46,0
727.46,0
727.46,0
727.46,0
727.46,0
727.04,395
726.39,160
726.39,0
728.18,882
728.18,0
727.32,306
726.58,100
726.84,401
728.14,350
727.74,521
728.51,1754
735.12,125
735.12,0
735.12,0
738.73,659
738.73,0
738.73,0
738.73,0
738.73,0
739.33,166
739.33,0
740.24,123
740.24,0
740.1,324
739.91,100
740.36,174
740.36,0
740.81,315
740.54,100
740.54,0
740.54,0
741.64,200
741.98,808
741.98,0
741.98,0
741.98,0
742.9,1003
742.38,119
742.82,100
742.82,0
743.06,200
743.17,100
743.92,244
743.92,0
743.92,0
744.95,270
744.86,818
743.99,316
743.62,1082
742.63,3438
733.19,312
735.25,106
734.73,145
738.06,122
737.67,286
736.44,103
736.7,107
736.99,603
737,200
737.03,200
737.03,0
735.91,954
735.73,105
735.73,0
735.73,0
736.47,300
736.47,0
737.89,157
737.89,0
739.82,130
740.16,100
740.16,0
737.71,100
737.71,0
737.71,0
737.71,0
737.71,0
738.43,100
738.43,100
738.43,0
740.54,240
740.54,0
740.4,325
740.4,0
740.4,0
739.26,165
739.26,0
737.17,122
736.37,5229
731.77,304
731.77,0
730.6,115
730.6,0
731.95,266
732.22,100
733.38,157
734.43,103
735.3,436
735.3,0
735.3,0
735.3,0
736.35,127
736.35,0
736.35,0
733.54,297
733.54,371
733.69,310
734.08,110
734.07,179
734.07,0
734.07,0
735.1,1092
735.1,0
735.1,0
735.42,105
735.04,784
733.22,306
733.22,0
732.45,340
732.7,217
731.59,100
731.76,114
730.6,465
730.02,1016
729.1,1257
728.33,399
728.59,1880
728.93,2257
726.74,102
728.15,967
728.15,0
728.15,0
727.2,205
727.2,0
726.16,332
726.16,0
726.16,0
726.16,0
721.67,238
721.67,0
721.67,0
721.67,0
717.71,200
716.1,127
715.82,210
715.92,305
715.92,0
715.92,0
717.78,120
717.48,202
717.87,528
718.84,479
719.38,375
720.06,100
719.73,601
719.73,0
718.99,136
718.99,0
718.76,1013
718.76,0
720.16,514
720.16,0
720.33,1254
718.86,839
718.19,305
718.47,2473
716.58,6987
727.39,183
727.39,0
727.39,0
725.01,1106
723.57,101
724.19,234
723,107
723,0
723,0
722.88,217
722.7,671
722.7,0
722.7,0
721.74,798
723.93,125
723.93,0
723.93,0
723.93,0
724.72,464
726.59,207
726.59,0
726.59,0
724.03,111
723.35,307
723.61,701
723.61,0
723.61,0
720.07,101
720.07,0
720.07,0
723.2,108
721.7,108
721.51,112
721.36,100
721.37,1026
718.34,2362
718.66,2194
718.24,776
717.72,1678
717.72,0
711.12,222
707.26,498
704.74,347
704.69,282
704.47,227
704.52,206
705.56,222
705.01,686
705.01,0
705.01,0
703.52,200
703.52,0
704.17,100
704.17,0
702.5,123
702.15,369
702.65,138
702.98,387
702.98,0
701.73,565
697.79,663
699.76,484
701.88,300
701.88,0
701.88,0
701.47,100
701.47,0
701.47,0
701.47,0
700.11,130
700.46,897
699.21,1140
698.52,291
698.22,563
698.22,0
696.83,100
696.12,813
695.54,1521
698.94,790
699.11,224
698,528
695.65,532
694.89,1299
695.06,344
695.06,0
696.48,578
698.38,516
698.83,753
699.04,224
700.26,146
702.63,150
702.68,217
699.32,100
699.32,0
699.32,0
699.32,0
701.76,504
701.76,0
701.85,202
701.85,0
701.85,0
701.85,0
701.85,0
701.85,0
698.2,323
696.94,106
696.94,0
695.35,369
695.35,0
695.35,0
694.16,111
694.16,0
695.76,1295
695.61,432
695.88,122
695.82,858
694.63,3659
690.77,442
690.88,1256
693.62,100
693.33,688
692.25,411
692.39,1024
690.96,127
691.54,435
691.25,549
691.17,105
694.29,110
693.91,105
694.61,371
695.95,111
695.22,158
695.86,100
695.86,0
696.16,100
697.25,374
697.25,0
696.72,100
698.33,100
698.77,118
697.46,100
697.52,202
697.52,0
697.52,0
697.22,860
696.56,225
696.47,322
695.94,381
695.76,712
695.56,1538
695.56,0
693.84,501
694.34,547
694.62,1541
694.16,679
693.71,3232
689.7,110
689.7,0
689.36,483
689.36,0
686.87,302
684.02,100
682.99,399
683.07,230
681.86,386
681.86,0
681.86,0
678.07,202
677.52,686
676.42,125
676.38,222
676.38,0
676.38,0
672.63,168
672.65,317
674.03,510
674.85,733
674.85,0
675.08,100
675.08,0
675.08,0
675.08,0
675.19,442
675.19,0
673.93,110
673.93,0
675.22,255
675.22,0
675.22,0
673.27,389
674.33,903
672.26,130
672.78,521
673.36,782
673.26,2547
675.26,1721
677.03,1603
678.85,4381
678.7,100
678.7,0
677.14,650
675.04,234
673.29,556
671.81,392
671.21,701
671.27,5801
672.11,401
670.05,100
668.87,5342
668.87,1534
668.49,2016
668.49,0
667.79,409
668.49,2168
668.51,458
668.51,0
667.11,140
665.5,110
664.44,100
664.47,342
664.81,100
666,455
665.87,3384
665.35,511
665.35,549
667.66,1597
669.8,1776
669.72,2277
669.06,2370
671.06,5688
671.44,4062
670.85,424
667.33,1215
669.23,3845
671.84,2909
672.34,906
673.45,258
675.46,701
678.46,343
678.46,0
675.23,616
677.78,310
678.1,492
679.12,225
677.6,227
677.7,463
680.2,275
681.65,586
680.13,312
679.71,100
679.71,0
679.71,0
681.2,277
681.46,773
681.46,0
681.46,0
681.32,200
682.35,500
681.32,100
682.74,240
682.74,0
682.74,376
683.27,100
683.27,0
682.41,140
681.82,101
681.82,0
681.74,112
681.8,983
684.42,266
684.42,0
681.38,930
683.49,6110
695.12,941
693.78,377
693.78,0
693.78,0
693.78,0
693.96,219
692.26,203
693.82,234
695.35,103
692.63,499
692.63,0
692.52,668
691.64,623
691.64,0
691.64,0
690.35,100
690.18,463
690.18,0
690.44,423
691.04,1782
691.04,0
685.27,100
686.04,500
686.04,0
687.05,101
687.32,335
687.32,0
686.46,225
687.36,328
687.74,222
685.44,415
685.44,0
687.12,412
687.12,0
689.33,100
689.08,725
689.08,0
687.73,125
689.85,3429
686.36,303
685.19,100
689.69,200
689.69,0
688.52,832
688.39,753
685.97,509
685.7,270
685.7,0
685.85,201
683.75,303
683.75,0
683.75,0
683.75,0
683.75,0
676.38,100
676.38,0
675.77,103
675.77,0
674.6,100
673.96,230
674.48,302
674.28,957
673.07,844
673.13,1002
670.48,1376
670.43,372
669.26,2039
668.98,1083
668.98,0
668.98,0
668.98,0
668.98,0
668.98,0
673.12,104
673.96,209
673.23,1235
673.87,467
672.5,4741
672.5,0
672.5,0
678.74,215
673.66,137
671.16,387
670.73,101
670.73,0
670.73,0
670.73,0
670.73,0
666.85,209
666.85,0
666.85,0
664.62,104
664.79,100
664.79,0
666.52,100
665.52,105
665.52,0
665.52,0
665.56,201
665.65,111
665.41,117
665.41,0
665.4,672
663.5,156
663.83,404
663.83,0
663.3,430
661.74,100
662.09,100
662.09,0
663.21,568
663.41,440
663.78,1676
663.41,2517
663.32,510
666.13,966
663.32,4200
667.41,699
668.19,179
668.7,652
668.31,608
667.77,228
667.73,223
666.84,305
666.84,0
666.05,1056
666.05,0
667.78,602
667.78,0
667.78,0
670.08,316
670.08,0
672.7,400
671.81,100
671.81,0
674.33,507
674.69,320
673.55,117
673.96,325
673.96,0
674.3,111
673.74,335
673.74,357
673.74,0
673.98,118
674.57,200
675.23,100
673.64,135
673.64,0
675.14,465
676.1,206
678.29,209
677.26,205
677.36,888
677.88,1898
677.7,3691
677.7,0
677.92,101
679.33,215
680.42,594
680.42,0
680.42,0
677.4,200
677.4,0
677.4,0
674.21,100
674.21,0
674.21,0
675.82,240
676,122
675.77,956
676.18,476
676.18,0
679.72,105
679.44,907
679.45,1310
678.08,622
677.65,337
677.65,0
677.65,0
677.65,944
680.93,408
680.85,678
680.85,0
680.85,0
680.85,0
683.88,100
683.88,0
683.88,0
683.88,0
683.88,0
683.88,0
683.88,0
681.41,421
681.41,0
676.99,356
674.12,200
673.35,1170
673.63,120
672.67,225
677.66,147
677.66,0
681.22,398
679.44,1910
677.76,140
677.76,0
677.76,0
677.76,0
686.19,320
686.19,0
688.05,100
687.82,202
686.35,119
686.4,220
686.4,0
686.4,0
686.4,0
686.4,0
689.31,152
690.12,131
690.05,118
690.05,0
690.05,0
690.05,0
688.57,558
687.45,100
689.07,597
688.76,316
686.73,377
686.44,100
686.57,100
686.75,210
686.75,993
686.68,2148
686.68,0
685.31,201
685.75,100
682.88,250
682.88,0
684.23,100
684.15,214
682.6,220
682.6,0
683.15,103
683.28,100
685.54,100
685.54,0
687.64,496
687.64,0
687.55,100
687.55,0
687.55,0
687.55,0
687.55,0
687.55,0
687.55,330
687.55,0
687.03,200
687.03,0
691.45,1801
690.83,701
690.83,0
692.84,504
692.84,0
692.46,204
692.46,0
693.75,100
693.55,1566
693.59,850
693.44,1873
693.26,106
692.93,3007
692.1,1501
692.1,0
692.1,0
692.1,0
693.43,642
693.43,0
693.43,0
696.92,221
697.56,371
697.56,0
697.56,0
697.56,0
697.56,0
697.56,0
697.56,0
697.56,0
704.44,204
704.49,480
704.57,257
705.8,329
705.8,0
705.01,575
705.63,858
703.49,1020
703.49,0
703.49,0
699.37,288
699.37,0
699.37,0
699.33,183
698.84,260
698.93,105
698.93,0
698.93,0
698.93,0
698.77,206
698.77,0
697.62,235
698.65,420
699.57,703
708.96,424
708.48,210
707.88,974
710.29,1215
709.35,1136
710.15,936
710.7,1814
707.57,120
707.57,0
708.83,494
709.24,480
709.24,0
709.24,0
708.01,699
708.01,0
708.01,0
708.01,0
707.85,100
707.85,0
708,111
708,0
708,0
705.65,115
705.65,0
705.65,0
705.65,0
706.61,100
706.61,0
706.61,0
706.61,0
706.61,0
709.18,181
710.43,1510
711.15,1688
712.57,1618
713.57,1359
713.58,600
712.82,881
713.71,2618
713.71,0
716.12,679
714.8,1091
711.86,100
709.44,111
706.7,154
706.7,0
703.77,100
706.32,143
706.32,0
706.32,0
706.32,0
706.32,0
712.18,260
712.18,0
712.18,0
712.18,0
713.47,100
713.47,0
713.47,0
713.47,0
712.75,266
712.75,0
707.4,100
705.06,341
705.06,0
702.82,562
702.79,211
701.61,122
700.86,201
702.4,1315
704.6,1302
705.6,223
704.96,1205
705.58,1207
706.32,1935
707.12,919
707.86,1526
706.29,2062
705.33,105
703.51,366
703.51,0
703.51,0
703.51,0
703.51,0
708.67,314
706.72,638
705.36,673
703.45,285
703.44,100
703.68,224
704.04,101
704.04,0
703.28,169
703.28,0
703,1214
703,0
704.81,138
704.81,0
703.69,175
703.12,365
703.12,0
704.19,343
702.89,716
704.4,217
704.4,0
704.03,704
706.25,101
706.52,136
706.52,0
706.52,0
706.52,0
703.62,114
704.46,100
703.48,100
703.48,0
702.53,100
704.38,378
704.97,325
705.46,610
705.44,873
704.39,203
705.12,421
706.66,319
708.66,206
707.99,648
709.27,468
709.25,206
709.25,0
709.25,0
709.25,0
709.25,0
709.25,0
709.25,0
709.25,0
709.25,0
709.25,0
709.25,0
709.34,258
711.3,110
711.3,0
711.3,0
711.3,0
711.99,200
711.99,0
711.99,0
711.85,179
711.85,0
711.85,0
711.85,0
712.38,123
712.96,518
712.96,0
713.47,100
713.65,406
712.61,345
711.62,898
711.62,0
705.98,396
707.63,336
706.56,926
706.56,0
706.17,558
706.17,0
706.4,200
706.4,0
706.4,0
706.41,111
706.2,138
706.2,0
706.2,0
706.2,0
706.2,0
708.48,110
708.93,100
708.93,0
708.93,0
704.7,100
702.45,173
702.45,0
700.71,474
700.14,101
699.58,340
698.41,213
697.35,220
698.85,111
698.85,0
698.85,0
698.85,0
698.85,0
698.85,0
699.69,100
700.85,151
701.07,100
701.1,461
701.68,775
699.56,203
698.85,149
698.85,0
698.82,281
699.26,150
699.18,100
699.18,0
699.18,0
699.18,0
695.83,240
695.83,0
695.83,0
695.83,0
695.83,0
695.83,0
695.83,0
695.83,0
695.83,0
695.83,0
691.6,206
691.6,0
696.38,208
696.38,0
696.38,0
693.64,212
694.08,100
695.42,307
698.73,103
698.73,0
698.73,0
698.73,0
698.73,0
695.9,204
696.38,1039
696.07,100
696.86,100
698.04,407
694.75,537
695.45,1228
694.94,260
692.45,235
695.08,255
695.08,0
695.08,0
689.06,366
686.2,294
685.88,154
685.88,0
683.23,508
686.84,220
686,469
686.7,225
686.7,0
686.7,0
685.28,202
686.74,100
686.97,367
686.97,0
679.7,200
679.7,0
684.76,100
684.76,0
684.76,0
684.76,0
684.76,0
676.35,253
676.35,0
676.35,0
676.35,0
675.04,369
675.04,0
673.17,100
673.17,0
671.75,126
670.5,617
669.95,100
669.05,1631
669.04,2551
674.09,457
680.39,384
673.05,369
673.45,474
671.97,139
670.16,108
670.16,0
671.89,147
671.89,0
671.71,505
671.71,0
670.16,232
670.16,0
669.02,547
672.15,209
672.15,0
669.56,344
669.56,0
674.18,451
673.18,100
673.22,301
673.22,0
675.84,338
675.84,0
674.53,100
673.95,112
672.76,100
672.37,313
672.37,0
671.5,201
671.19,112
671.19,0
672.25,506
672.25,0
671.15,160
672.24,407
672.96,222
672.96,0
669.94,2036
663.31,132
662.57,699
667.1,100
668.14,359
667.18,361
667,486
665.89,397
664.58,298
664.58,0
665.34,100
665.26,565
666.83,113
665.93,131
667.42,294
667.42,0
667.46,199
667.46,0
667.73,278
667.73,0
667.73,0
673.48,227
672.82,112
672.82,0
671.27,949
671.27,0
671.42,300
669.33,100
668.8,100
668.61,202
668.61,0
668.61,0
667.36,100
667.36,0
667.36,0
667.36,0
663.32,519
661.51,246
663.33,632
662.94,1768
666.58,600
671.44,620
671.46,219
672.11,1969
670.31,140
670.31,0
670.31,0
670.31,0
671.71,365
669.31,125
668.51,366
667.77,213
666.38,100
666.38,0
666.38,0
666.38,0
666.38,0
665.94,100
665.31,536
666.03,229
665.33,198
665.42,100
665.42,0
665.61,100
666.64,302
666.31,756
666.93,676
666.59,509
667.42,311
666.14,124
667.78,109
666.33,401
667.56,300
667.99,206
667.25,320
667.25,0
667.36,200
667.45,532
667.36,1979
660.5,160
654.53,330
655.87,300
653.18,200
651.61,976
651.01,126
652.16,818
652.24,499
651.26,1000
651.27,1789
653.63,801
651.93,200
651.23,219
651.82,505
651.23,100
649.46,992
649.46,0
646.52,946
646.52,0
645.46,332
643.95,1137
643.02,445
644.68,284
645.05,237
645.05,0
643.01,2212
645.07,235
646.43,937
648.64,1868
648.64,0
648.64,0
645.47,736
644.24,610
643.56,1012
643.56,0
645.53,527
645.67,724
645.78,1469
647.1,2970
657.83,5225
658.98,1106
659.86,447
662.09,1776
665.32,1310
663.56,905
668.65,994
666.62,1719
670.56,2798
673.94,566
672.28,299
672.24,259
674.4,1367
677.49,933
674.84,611
674.05,481
671.5,345
671.45,100
673.59,1029
676.1,208
677.55,1244
676.38,602
676.38,0
675.1,1177
674.4,100
677.62,687
680.29,578
678.55,605
679.32,400
679.66,800
680.78,202
684.08,453
684.11,483
688.06,1065
688.8,1710
684.96,326
684.98,1244
683.69,2425
682.75,7712
678.78,114
678.47,210
671.9,100
671.44,522
671.44,0
673.63,729
672.56,419
673.86,802
673.57,200
676.09,486
675.05,404
676.5,200
674.09,100
674.82,300
676.14,100
676.35,400
675.83,211
676.57,738
676.57,0
676.57,0
674.6,100
673.14,200
671.44,103
672.09,500
672.09,0
671.25,104
671.25,0
671.25,0
674.15,100
674.15,0
672.62,418
674.04,300
671.58,100
671.58,0
672.32,335
672.74,173
674.95,522
672.34,176
673.56,1198
683.21,149
682.66,879
681.3,340
682.45,491
686.18,174
685.36,764
686.03,475
684.3,102
684.81,577
685.79,411
684.72,302
678.8,537
679.02,515
675.71,146
673.44,970
673.08,249
671.3,412
673.05,513
672.83,131
672.83,0
672.83,0
672.83,0
672.83,0
672.79,938
673.85,2025
673.85,0
677.53,211
676.96,727
677.49,365
677.45,2823
676.99,442
676.87,576
675.69,325
674.92,1036
677.3,373
677.28,879
676.77,355
677.6,3039
678.33,5909
683.63,402
685.22,1177
685.22,0
679.54,1084
678.32,325
678.32,0
676.66,100
677.62,141
682.83,754
683.07,476
682.04,202
682.42,446
682.42,0
682.42,0
682.42,0
684.89,156
684.89,0
684.89,0
684.89,0
684.89,0
684.89,0
684.89,0
684.89,0
684.89,0
684.89,0
689.08,402
689.08,0
689.08,0
688.93,105
688.71,123
689.54,200
689.54,0
689.92,214
689.92,0
689.92,0
689.92,0
689.92,0
690.97,141
691.32,1881
691.32,0
691.32,0
692.33,315
692.33,0
692.33,0
692.33,0
695.23,1351
694.59,480
695.09,1050
695.47,2448
696.74,3145
695.05,1374
696.51,107
696.51,0
696.51,0
698.34,272
698.34,0
698.34,0
700.1,1148
695.99,501
696.52,201
697.69,472
697.69,0
697.69,0
694.79,266
694.79,0
694.79,0
696.57,490
696.57,0
696.57,0
699.85,1635
695.21,185
696.56,401
700.99,919
701.55,631
699.43,781
700.61,385
699.4,201
699.81,1334
709.7,2850
717.52,3331
711.19,667
711.19,0
716.02,824
716.35,866
718.31,736
720.79,339
719.94,210
720.65,301
721.65,212
722,138
725.15,200
725.37,148
726.36,945
725.29,438
725.29,0
725.29,0
726.06,146
727.63,200
729.38,484
728.84,140
727.84,206
728.87,100
729.34,627
728.36,102
727.37,200
725.28,100
725.28,0
725.28,0
726.19,100
726.19,0
726.19,0
724.95,412
723.18,521
724.66,270
725.02,966
725.02,0
723.68,884
729.34,1604
742.55,405
741.02,754
739.96,655
739.19,1423
739.19,0
735.08,1181
735.31,112
733.43,571
733.43,0
733.43,0
733.43,0
737.23,100
737.23,0
737.23,0
737.23,0
738.47,333
738.87,974
739.7,251
740.13,102
740.13,0
736.71,101
736.71,0
735.87,102
735.26,138
735.94,135
735.94,0
735.94,0
735.6,103
736.86,553
736.86,0
736.64,899
734.75,355
733.41,888
732.4,150
732.4,0
732.46,216
731.56,438
730.57,4538
730.57,0
722.72,2427
722.72,0
722.72,0
723.31,356
722.2,433
721.89,220
720.95,616
720.51,1369
723.59,331
723.59,0
723.59,0
719.63,105
720.22,100
720.22,0
720.26,760
718.29,515
718.33,110
718.33,0
718.33,0
718.33,0
718.77,128
718.77,0
717.95,227
715.93,120
715.93,0
717.3,203
717.3,0
715.95,267
715.72,461
717.02,102
717.02,0
719.03,200
719.03,0
718.46,222
718.46,0
718.46,0
718.38,633
721.78,1947
721.78,0
717.86,627
718.91,337
720.72,596
720.72,0
720.18,668
720.18,0
719.35,100
719.35,0
722.33,1288
721.58,1906
721.5,589
721.37,1916
721.39,1218
721.66,702
721.11,641
720.82,440
720.38,200
719.83,252
719.83,0
719.83,0
720.89,984
720.89,0
720.09,212
719.93,640
720.37,105
719.96,508
720,723
720,0
719.68,753
719.43,651
718.35,216
719.34,814
719.29,101
719.18,328
718.56,317
718.76,1004
719.3,503
717.14,3219
724.9,1007
724.9,0
719.46,512
717.54,1270
718.51,200
718.61,1729
718.61,0
718.61,0
719.45,627
719.51,1587
718.97,527
718.97,0
720.09,100
720.17,657
718.53,354
717.37,225
717.79,100
719.09,371
719.09,0
719.09,0
717.99,109
717.52,535
716.64,103
716.09,100
716.09,0
716.77,602
717.26,511
716.91,113
716.79,397
717.49,616
718.66,854
718.66,0
718.87,212
718.87,0
720.17,102
720.26,410
720.17,674
721.05,4604
720.87,6128
720.87,0
722.81,187
723.63,1472
723.21,1009
718.05,938
721.22,219
722.34,536
720.89,118
720.89,0
721.25,338
721.25,0
723.4,1274
723.76,204
723.11,213
723.11,0
723.11,0
723.03,224
722.87,101
722.89,876
723.17,100
723.17,0
719.96,2526
721.23,203
720.04,414
720.04,0
720.04,0
720.17,100
717.61,1060
719.11,419
719.11,0
718.26,559
717.98,524
717.42,728
717.45,424
717.45,0
715.73,994
716.5,898
716.5,0
717.09,540
716.26,220
716.28,226
718.31,1454
718.31,0
715.19,967
717.12,165
717.12,0
717.12,0
716.25,566
717.93,463
720.23,201
719.63,200
719.17,372
719.06,1546
719.06,0
718.8,512
718.8,0
718.8,0
718.8,0
722.23,409
721.94,105
721.71,200
721.57,204
723.51,182
723.74,446
723.74,0
723.71,168
723.71,0
723.71,0
723.71,0
724.92,503
725.11,745
726.21,489
725.42,109
725.42,0
726.11,556
726.04,710
726.71,304
726.97,1907
721.46,908
721.46,0
718.55,132
717.7,231
717.65,100
717.65,0
717.65,0
717.65,0
717.65,0
723.54,380
723.54,0
725.1,399
725.01,257
724.57,184
724.57,0
724.57,0
724.57,0
724.57,0
724.57,0
724.57,0
724.57,0
720.27,199
720.27,0
720.27,0
720.27,0
720.27,0
720.27,0
720.27,0
720.6,579
720.6,0
720.6,0
722.49,715
722.63,600
722.63,0
722.63,0
722.61,335
722.61,0
724.54,1449
723,4259
743.47,529
742.36,211
742.67,191
743.05,2752
742.18,908
741.1,990
743.6,1592
744.49,257
745.41,847
746.62,1305
747.41,2107
747.78,121
748.27,122
748.27,0
748.27,0
748.27,0
744.66,130
744.53,100
744.53,0
744.53,0
744.53,0
742.46,313
742.46,0
741.08,203
740.49,1012
741.72,118
742.79,100
743.86,331
743.83,206
745.92,100
745.92,0
745.92,0
745.92,0
748.78,304
748.78,0
748.78,0
750.24,519
749.58,1069
748.02,718
748.02,0
747.41,928
747.41,0
745.46,150
746.4,375
746.09,885
744.88,672
746.54,603
746.54,0
745.73,138
745.73,0
745.73,0
744.54,108
742.16,303
742.63,216
742.28,788
741.3,118
740.8,828
740.8,0
742.46,130
742.46,0
742.32,952
742.3,1103
742.3,0
741.51,357
742.23,380
741.82,359
741.45,481
742.43,458
742.34,395
745.12,329
744.05,125
742.94,410
743.12,365
742.55,450
743.73,364
744.41,246
744.22,453
744.2,2267
738.84,427
741.62,1414
743.37,231
744.65,1176
743.89,222
745.03,639
745.63,269
743.65,330
741.07,1030
742.83,220
745.25,576
743.93,3536
743.79,662
744.43,314
743.23,210
744.55,232
745.6,215
745.6,0
745.01,320
745.92,416
745.64,100
744.69,465
744.99,100
744.66,141
744.98,293
744.7,116
744.7,0
744.7,0
744.7,0
744.15,116
744.57,620
745.67,101
745.67,0
745.67,0
744.27,337
745.14,127
744.76,100
744.63,739
741.46,2266
745.01,201
740.95,1387
740.95,0
742.23,100
741.01,538
741.01,0
740.89,316
740.89,0
740.89,0
740.82,329
740.4,145
741.03,514
741.05,474
741.05,0
739.21,227
740.14,100
740.14,0
740.14,0
739.48,108
739.48,0
739.48,0
739.33,137
739.33,0
739.33,0
738.2,111
737.36,556
737.31,110
737.31,0
738.05,233
738.05,0
737.63,1004
737.63,0
738.24,305
738.24,0
738.31,145
738.31,0
740,136
738.94,286
739.61,2372
738.7,117
738.7,0
738.7,0
738.7,0
740.68,107
740.68,0
740.68,0
740.68,0
742.79,113
742.79,0
742.79,0
742.79,0
742.78,105
743.24,323
743.65,249
743.89,463
741.83,403
742.88,263
742.88,0
742.88,0
742.75,384
742.75,0
742.82,295
743.61,223
743.28,273
744.03,100
743.53,103
744.06,327
744.06,0
745.17,101
746.13,125
746.14,100
746.77,387
746.77,0
746.77,0
747.1,642
747.64,499
747.58,630
746.88,2847
747.33,402
754.22,3044
754.22,0
754.22,0
754.22,0
753.51,104
752.54,248
751.14,441
751.76,622
751.76,0
751.76,0
749.28,176
748.79,218
748.79,0
748.98,274
748.98,0
748.98,0
748.98,0
748.98,0
750.38,104
750.46,220
750.46,0
750.11,100
750.11,0
750.75,109
750.89,200
750.89,0
750.89,0
750.89,0
750.89,0
748.06,108
748.06,0
748.06,0
748.06,0
750.09,222
749.35,142
749.84,301
750.37,388
751.2,1215
757.58,101
759.07,636
756.81,109
753.88,312
755.39,421
758.04,101
758.13,103
758.13,0
757.48,110
756.95,554
756.95,0
757.22,316
757.22,0
757.22,0
758.71,500
758.71,0
758.74,154
758.66,102
756.42,101
756.04,166
756.04,0
757.09,227
757.09,0
757.09,0
756.48,406
756.48,0
756.19,585
756.57,103
756.83,101
756.83,0
756.83,0
756.83,0
756.83,0
756.83,0
756.83,0
756.15,607
757.46,423
757.2,366
757.34,1786
752.5,103
754.7,431
754.7,0
753.52,204
753.36,311
753.49,131
753.34,202
752.89,103
753.17,108
753.17,0
753.54,293
754.01,127
754.11,330
754.11,0
754.11,0
754.11,0
755.76,100
755.76,0
754.92,202
755.34,100
756.73,124
756.73,0
756.73,0
755.67,158
756.85,285
756.38,316
756.18,260
754.97,309
754.91,246
754.81,464
754.83,234
754.83,0
755.86,248
756.91,156
757.82,366
758.09,200
757.9,204
757.9,0
758.9,270
759.62,475
759.35,125
759.25,466
759.25,0
758.99,230
759.23,100
758.97,178
759.38,209
759.38,0
761.2,579
761.6,533
760.41,250
760.52,645
761.12,100
759.62,103
759.76,443
759.62,100
758.7,501
759.13,321
759.13,0
760.91,412
758.98,3113
756.51,150
758.67,200
757.56,610
757.11,399
756.06,403
756.03,102
757.73,129
757.93,114
758.82,407
758.73,101
759.04,801
759.53,877
756.28,102
756.28,0
756.28,0
759.31,300
759.31,0
759.31,0
759.31,0
759.31,0
761.46,208
761.46,0
760.51,100
760.16,209
761.3,103
761.3,0
761.3,0
761.3,0
761.3,0
761.3,0
758.69,617
759.48,109
759.6,421
759.06,101
759.06,0
758.83,229
757.81,183
758.24,806
758.71,2605
763.93,504
763.93,0
766.01,243
762.82,2132
763.86,119
763.86,0
765.67,522
764.38,1031
766.03,174
764.8,202
763.68,100
763.68,0
764.82,173
764.82,0
764.91,160
765.59,201
765.59,0
767.09,2355
767.09,0
768.5,126
770.04,1187
771,869
772.23,896
771.82,1028
771.8,1841
771.47,1385
771.53,1084
771.24,1686
770.35,1482
769.98,1035
769.86,716
769.58,526
768.68,627
770.42,2279
770.78,960
769.85,820
769.41,1390
768.79,2808
769.09,9713
771.08,187
770.45,1161
771.17,101
770.65,244
769.57,317
770.69,224
770.69,0
770.69,0
770.69,0
776.78,1165
775.7,347
775.33,320
774.63,220
773.56,252
773.56,0
773.56,0
773.56,0
769.38,423
770.28,216
770.28,0
770.28,0
770.28,0
770.28,0
770.28,0
773.25,602
774.25,587
774.25,0
773.24,429
773.58,350
773.22,508
773.42,100
774.38,603
774.45,761
774.63,621
773.75,149
773.75,0
772.99,1016
774.91,832
774.76,1807
776.57,401
776.57,0
773.97,116
776.85,648
775.06,1180
777.2,847
777.2,0
777.2,0
776.63,833
776.63,1545
776.63,0
779.2,833
779.2,0
781.29,102
781.29,0
780.46,239
782.21,123
782.21,0
782.01,487
782.01,0
784.45,135
784.45,0
784.65,171
785.26,489
784.25,297
784.25,0
784.25,0
784.25,0
784.25,0
784.25,0
785.18,178
783.84,102
784.76,121
784.44,1691
784.36,304
783.99,1385
784.13,698
784.49,2657
785.19,4889
781.82,360
782.99,203
782.94,435
783.43,201
783.75,278
782.04,2481
777.07,406
778.55,602
779.11,114
779.32,413
780.27,354
780.8,1843
778.4,944
779.02,1753
779.99,880
780.37,1068
779.83,514
780.44,305
780.52,409
779.96,408
780.44,210
780.44,1317
780.28,1184
780.9,687
779.71,518
779.64,793
779.64,0
779.52,312
779.52,0
779.52,0
780.57,480
781.18,106
781.18,0
779.91,100
779.47,201
779.41,242
779.92,531
781.37,134
781.7,2930
779.95,694
778.46,206
778.46,0
776.68,2242
779,1770
779.97,1042
779.3,1047
779.37,326
779.37,0
779.43,478
779.43,0
776.96,534
776.96,0
776.82,2218
776.67,649
776.34,559
777.66,212
777.16,536
775.49,797
775.19,537
775.19,0
775.19,0
776.89,576
776.66,978
777.64,509
777.36,669
777.49,302
778.37,635
778.37,0
780.72,211
780.72,0
780.72,0
780.55,1149
780.61,422
780.61,0
780.72,133
780.72,0
781.13,140
782.63,1724
780.2,181
782.05,3616
783.53,1668
783.51,664
781.69,404
781.69,0
779.15,548
779.25,129
778.52,378
776.76,100
776.81,841
776.81,0
774.9,100
773.77,273
774.59,111
775.27,222
774.68,508
774.68,0
774.68,0
774.68,0
774.68,0
774.2,267
775.17,149
774.94,101
774.2,261
774.23,243
775.33,298
773.77,394
773.62,264
773.62,0
771.64,923
772.13,145
772.13,0
771.46,687
771.46,0
770.4,102
770.38,1483
771.96,373
770.7,1378
771.08,546
771.49,1770
771.49,0
768.05,4084
769.37,240
769.37,1340
771.82,176
771.43,221
772.28,253
772.39,1011
774.17,2301
771.97,706
771.78,302
772.45,588
773.73,628
773.39,4315
772.65,7251
773.68,7268
774.49,402
773.84,6387
772.31,105
772.31,0
772.41,441
771.87,1308
771.87,777
772.36,407
773.46,260
772.78,487
772.95,253
773.28,100
773.28,0
772.83,582
772.83,0
772.83,308
772.48,1189
773.65,130
772.62,101
771.59,148
771.15,2498
767.48,1536
769,3654
767.87,153
767.81,310
769.79,2066
768.9,100
768.9,0
761.98,303
761.98,0
763.99,367
763.35,169
759.8,518
760.12,866
759.61,100
759.61,0
759.61,0
762.93,2340
763.48,7579
762.93,1675
763.9,1487
763.76,795
762.14,100
762.14,0
762.14,0
761.96,335
761.96,0
763.11,154
763.11,0
763.27,829
764,175
764,0
764,0
766.37,100
766.37,0
765.32,100
765.32,0
763.77,265
763.77,0
765.81,9016
754.74,1799
757.68,263
756.39,1100
756.2,596
755.22,389
755.22,0
755.22,0
755.22,0
755.91,346
755.91,0
755.91,0
760.17,367
760.92,339
761.91,531
761.3,478
761.84,349
761.5,1362
761.9,1387
760.29,382
759.26,126
759.43,274
759.47,106
758.32,353
759.1,100
759.15,734
759.65,249
759.7,1081
759.7,0
759.7,0
759.7,0
759.14,349
758.95,106
759.22,104
759.16,1253
758.92,999
757.73,417
757.54,328
757.77,774
759.24,2650
759.06,1838
759.35,419
759.35,0
760.55,100
760.83,584
760.58,519
762.09,1281
767.01,237
767.01,0
766.98,114
766.98,0
766.98,0
766.98,0
766.98,0
766.98,0
765.58,100
766.22,298
766.22,0
767.46,339
767.65,220
767.65,0
767.67,653
767.67,0
767.08,1161
767.08,0
767.08,0
766.41,238
766.41,0
765.88,210
765.88,0
766.06,110
765.72,100
765.72,0
765.27,242
765.09,100
765.83,172
766.26,196
765.72,278
765.2,1583
766.13,100
760.73,180
759.84,1003
762.25,923
762,603
764.85,169
765.78,186
765.02,276
764.71,341
764.55,300
765.03,624
764.44,100
763.79,144
763.57,429
763.57,0
763.57,0
763.57,0
763.57,0
762.73,148
762.73,0
762.91,402
762.69,200
762.69,0
762.69,0
760.17,370
760.17,0
761.71,119
761.98,2930
767.25,206
768.26,1705
768.22,2870
768.23,4308
769.34,2928
770.89,5039
769.93,4015
769.41,1495
770.17,857
770.44,4345
770.06,17476
776.82,1507
776.22,341
774.61,921
772.94,698
774.73,479
773.7,848
773.77,405
769.72,1992
770.63,398
770.89,692
767.97,312
768.84,571
769.24,1064
769.02,1853
769.96,102
769.78,117
771.49,1526
771.76,131
770.98,332
771.09,100
771.24,553
769.33,126
769.62,113
769.89,110
769.61,887
769.61,0
768.75,1250
769.67,1384
770.35,300
769.07,116
768.55,174
767.85,320
768.31,232
768.31,0
765.01,849
765.4,657
764.14,2642
762.74,997
764.01,8115
759.86,278
765.13,2628
765.29,509
766.86,582
768.49,105
768.11,108
767.04,432
767.03,308
767.74,1039
769.87,481
767.47,457
767.47,0
765.89,120
764.61,112
762.97,117
762.97,0
762.97,0
762.97,0
763.92,120
763.94,364
763.94,0
761.88,456
761.25,100
760.93,675
761.27,667
760.48,351
760.67,376
758.75,302
758.96,438
759.76,113
759.76,0
759.82,100
759.97,614
759.67,144
759.38,1532
760.42,907
762.6,231
761.42,4527
764.27,13360
771.34,826
770.95,387
765.5,722
763.71,794
764.18,572
762.82,1092
763.72,700
762.87,1331
761.18,136
760.91,1688
761.48,504
759.89,211
759.44,296
759.62,1737
761.29,802
762.92,487
761.75,985
762.18,274
760.83,258
760.83,0
760.83,0
761.12,100
761.12,0
761.12,0
761.12,0
761.12,0
761.25,425
761.18,1380
763.9,789
765.47,820
767.66,1192
770.08,103
769.33,103
768.73,737
768.59,1034
769.25,2162
770.19,2977
769.03,1493
768.23,2737
770.63,747
770.2,2447
769.24,499
769.66,1956
770.67,1840
770.31,641
767.87,408
769.36,520
768.79,148
767.41,292
768.29,1482
768.17,2940
768.52,633
768.23,873
769.39,100
769.13,402
770.57,119
771.15,400
771.07,101
770.2,573
770.2,0
770.2,0
770.2,0
766.92,100
766.54,651
766.54,0
766.54,0
768.12,111
767.9,201
768.47,112
771.28,133
771.28,0
771.28,0
771.28,0
771.28,0
770.86,399
770.8,500
770.8,889
770.64,3683
767.95,219
767.53,642
768.79,220
767.37,249
768.88,761
767.33,100
767.33,0
767.33,0
767.33,0
764.84,227
765.09,221
765.1,201
765.1,0
765.12,1435
764.17,321
764.01,602
764.28,1285
764.28,0
764.65,1759
765.31,649
765.31,0
765.31,0
767.72,698
769.37,412
768.59,111
767.7,151
767.7,0
767.78,206
768.27,200
768.81,215
769.05,557
766.64,296
764.46,2084
761.64,552
760,1054
761.01,1379
759.44,3491
759.78,671
759.76,2173
761.94,363
761.94,0
762.54,141
760.35,100
762.6,142
760.19,101
760.19,0
759.48,331
758.45,443
756.44,100
755.41,301
756.45,351
757.35,715
757.07,577
756.44,693
756.16,464
756.37,225
756.37,0
756.07,101
756.11,1068
756.86,100
756.69,233
756.69,0
756.47,110
756.27,332
757.1,223
757.54,374
757.53,305
756.26,183
755.91,129
756.56,388
756.56,0
756.63,145
757.61,150
757.12,1744
757.12,1333
758.84,1605
760.09,1090
761.11,4934
761.11,0
767.53,117
768.32,219
768.86,413
769.31,570
767.61,941
769.54,786
770.19,942
770.88,623
769.88,253
769.88,0
769.88,0
767.1,106
767.1,0
766.21,158
766.21,0
766.21,0
763.27,103
763.63,321
763.45,408
762.8,429
761.74,280
761.74,0
761.97,129
761.97,0
760.76,240
760.26,135
760.26,0
759.68,381
758.42,157
758.42,0
760.31,154
760.65,214
760.65,0
760.89,404
760.35,158
760.71,249
760.27,451
761.26,3407
761.26,0
761.26,0
761.26,0
761.26,0
763.31,251
763.31,0
763.31,0
763.31,315
763.31,0
763.31,0
763.16,204
763.16,0
763.16,0
763.16,0
763.16,0
763.16,0
763.16,0
763.16,0
763.16,0
764.02,352
764.02,0
762.94,100
762.94,0
762.94,0
762.94,0
762.94,0
762.94,0
762.94,0
762.94,0
762.94,0
762.94,0
762.94,0
762.94,0
762.94,0
762.94,0
766.89,588
767.75,205
767.75,0
767.75,0
766.92,201
766.92,0
768.4,1915
769.5,467
769.5,0
768.76,418
768.76,0
768.76,0
767.32,225
767.34,398
768.34,100
769.26,205
768.58,560
769.17,125
769.17,0
769.17,0
769.17,0
769.17,0
769.17,0
767.61,100
767.61,0
768.11,907
768.11,0
768.11,0
768.11,0
768.11,0
766.85,100
765.53,141
765.88,325
767.88,103
767.88,0
767.88,0
767.88,0
767.88,0
767.88,0
767.88,0
767.88,0
767.58,219
766.67,2491
771.04,135
771.04,0
770.28,750
770.28,0
771.65,301
771.65,0
774.53,100
773.48,624
772.24,142
772.24,0
771.88,862
772.46,619
772.46,0
772.73,338
771.51,117
771.46,106
771.46,0
771.4,101
770.77,199
771.54,272
771.8,221
772.35,197
772.35,0
772.35,0
772.35,0
772.35,0
772.3,546
772.57,300
772.57,0
772.57,0
772.57,0
772.57,0
772.57,0
772.57,0
772.57,0
772.57,0
774.76,350
774.52,649
774.89,2659
771.8,753
771.8,0
771.05,100
771.42,351
771.03,202
770.95,103
770.95,0
770.95,0
770.95,0
770.95,0
771.89,454
771.89,0
769.62,110
769.62,0
769.62,0
769.62,0
766.96,185
767.04,128
767.04,0
767.04,0
767.04,0
767.04,0
772.22,100
771.3,416
771.3,0
771.32,157
772.29,126
772.29,0
771.22,122
771.22,0
771.22,0
771.22,0
771.22,0
771.22,0
771.29,313
771.29,0
771.29,0
769.86,302
767.2,3537
766.19,690
766.05,188
766.05,0
770.54,305
771.39,780
771.05,143
770.33,100
770.33,0
773.96,100
773.91,283
773.14,252
774.13,2600
771.9,540
771.9,0
771.9,0
772.78,258
772.78,0
772.78,0
773.41,101
773.41,0
771.36,126
771.36,0
772.4,263
772.4,0
771.8,774
772.58,301
771.83,101
771.83,0
772.18,100
772.18,0
771.16,583
771.44,1419
770.94,1035
770.45,2358
770.8,1800
770.93,1413
770.99,1263
771.36,2586
772.86,2572
769.98,674
767.03,731
765.39,467
763.02,1262
763.01,773
762.83,1177
762.39,108
760.72,217
760.72,0
762.74,100
762.74,0
765.82,338
765.34,421
766.35,214
765.54,231
765.54,0
765.27,435
764.13,100
764.25,265
764.57,117
764.57,0
764.57,0
764.57,0
764.88,508
764.88,0
761.72,1145
761.56,210
761.77,483
759.28,427
758.53,425
759.81,383
758.97,221
759.05,101
758.38,945
756.37,1437
757.54,951
757,963
757.33,1283
756.03,2423
761.1,395
761.55,453
760.23,560
760.23,0
762.14,480
762.14,0
762.46,522
762.46,0
762.46,0
762.43,113
761.59,100
761.59,0
761.07,125
761.07,0
761.07,0
757.49,358
757.49,0
757.49,0
757.49,0
754.19,206
756.6,104
756.6,0
757.04,101
756.72,351
756.72,0
757.21,300
757.21,0
757.21,0
757.21,0
758.5,400
758.5,0
758.5,0
758.5,0
758.5,0
758.5,0
758.5,0
761.39,104
761.39,0
758.98,13716
758.31,329
758.31,0
757.65,1248
756.8,301
756.8,0
759.68,233
760.77,481
760.77,0
758.97,312
757.63,101
757.63,0
756.39,250
755.98,643
754.75,680
754.75,0
752.98,323
751.71,255
752.25,534
751.53,200
751.53,0
751.53,0
750.14,327
749.85,101
750.32,411
753.56,126
753.56,0
753.56,0
753.67,101
753.76,205
753.27,101
752.58,101
753.02,100
752.4,361
751.65,448
751.25,5494
751.04,406
750.78,1806
752.4,2254
751.79,5134
751.79,0
758.98,1055
757.05,698
757.05,0
759.3,107
757.31,215
758.5,119
759.03,878
759.03,0
759.03,0
760.41,215
761.13,521
760.35,303
760.35,0
760.28,238
760.28,0
761.75,209
761.75,0
761.75,0
762.19,300
762.24,262
762.24,0
762.24,0
762.24,0
759.85,381
759.85,0
759.24,151
759.96,182
759.96,0
761,214
763.66,1302
763.42,1030
763.85,407
763.18,655
762.54,757
763.35,553
763.51,663
763.99,682
762.46,3345
760.43,135
758.17,360
760.49,1406
761.47,1355
764.16,575
764.53,823
764.08,1177
764.08,0
762.99,101
763.19,987
763.35,200
763.48,301
763.37,441
763.37,0
763.97,100
764.06,276
764.26,109
763.87,120
762.67,370
763.2,263
763.56,423
763.47,120
763.47,0
763.47,0
763.47,0
763.47,0
761.49,100
761.49,0
761.5,497
761.5,0
761.5,0
761.5,0
759.81,445
760.48,325
760.07,218
760.67,231
760.67,0
759.71,121
758.82,2794
758.82,0
761.98,303
762.37,100
762.37,0
761.34,353
761.34,0
761.02,238
763.91,100
763.91,0
763.91,0
763.91,0
764.75,350
765.68,231
766.69,152
766.69,0
765.71,105
765.24,100
765.24,0
765.24,0
766.2,100
766.02,104
766.02,0
766.12,101
766.05,200
766.05,0
767.26,100
767.26,0
767.26,0
767.13,533
767.13,0
767.35,361
768.62,101
768.8,100
769.81,100
770.05,333
768.33,125
768.38,242
767.29,634
765.04,270
765.04,0
767.88,778
765.27,375
765.03,446
763.19,100
766.15,133
766.15,3802
766.15,0
765.25,473
765.25,0
765.25,0
765.25,0
763.33,152
762.56,101
762.56,0
762.56,0
762.56,0
762.56,0
764,227
764.22,310
765.38,215
764.74,400
764.45,100
764.51,445
763.59,551
763.71,101
763.6,601
765.6,100
766,203
765.59,416
765.78,308
765.74,115
767.5,102
767.5,0
764.32,388
764.29,311
764.04,1140
762.76,886
762.86,1615
770.09,589
771.46,834
773.87,101
772.06,379
771.67,128
771.67,0
770.58,475
770.58,0
770.09,206
770.09,0
770.15,139
770.15,0
771.96,332
771.96,0
771.96,0
771.96,0
771.96,0
771.96,0
771.69,309
771.23,156
770.68,259
770.82,680
770.82,0
771.77,243
772.23,1538
772.23,0
773.58,200
773.58,0
773.58,0
776.57,1032
776.36,526
775.06,1358
775.78,305
775.78,0
775.77,188
775.77,0
776.33,548
775.85,726
777.09,1918
781.66,1497
783,639
783,0
783,0
781.51,149
781.51,0
781.51,0
781.51,0
781.51,0
781.51,0
781.51,0
780.46,125
781.85,107
781.85,0
781.85,0
779.78,316
778.51,119
780,499
777.82,537
778.46,102
778.79,221
778.79,0
778.79,0
777.3,120
777.3,0
778,321
778.55,226
779.14,301
778.22,100
777.75,577
777.75,0
780.14,125
780.14,0
780.14,0
779.76,215
779.76,0
779.76,0
778.86,424
779.43,3002
768.86,1347
769.41,118
771.19,1705
773.09,988
774.68,1331
771.81,1133
771.63,2315
771.17,1818
768.28,697
767.46,1000
764.71,122
762.93,118
757.58,256
757.58,0
759.37,200
759.37,0
756.76,200
756.92,448
756.81,341
758.36,196
758.27,724
758.37,507
757.54,792
757.54,0
754.53,100
753.6,908
755.49,327
756.41,305
756.41,0
756.41,0
758.95,396
758.03,110
757.7,336
758.59,511
758.19,410
758.19,0
758.19,0
758.19,0
761.6,1513
762.35,117
761.99,529
763.42,329
759.22,2563
757.42,1393
756.76,4619
757.64,1065
758.52,1026
758.76,338
756.83,269
757.13,1091
757.22,554
756.41,657
755.17,261
755.07,940
754.21,100
753.61,369
755.05,528
755.05,0
754.52,250
752.16,242
751.84,411
752.33,424
752.13,100
752.06,1221
753.37,2803
755.1,426
755.09,176
756.53,430
757.66,1391
755.81,2528
757.51,143
757.35,1829
757.06,212
757.23,379
755.63,2885
755.38,1552
754.72,1549
757.48,3248
754.71,516
755.12,1286
759.7,1058
758.94,230
756.8,1408
756.84,106
757.07,628
756.67,1518
756.64,516
756.66,315
756.73,1528
756.96,300
756.89,100
756.2,100
756.83,517
757.85,940
758.95,848
756.86,715
756.86,0
759.99,418
759.99,0
759.55,246
762.48,592
761.58,476
763.5,522
762.98,2140
762.85,295
764.52,124
766.06,112
765.78,600
764.64,209
763.55,100
763.55,0
763.55,0
763.53,441
763.68,579
764.08,541
763.49,793
762.16,5339
768.78,2323
774.42,2000
776.56,852
774.71,756
771.79,200
772.06,1899
770.94,180
770.89,201
771.64,119
770.27,809
770.26,216
769.29,429
768.68,259
768.68,0
767.47,201
766.87,439
765.26,105
765.26,0
765.26,0
765.26,0
766.15,101
766.37,281
766.37,0
766.05,1137
765.37,101
765.39,661
765.39,0
766.64,105
766.77,565
766.13,400
766.13,0
768.19,752
767.75,1444
768.35,1678
769.56,461
770.08,722
770.89,2834
768.67,800
765.42,3086
765.42,0
765.42,0
769.13,200
767.78,955
766.6,245
766.94,227
762.34,602
762.93,201
763.47,466
763.47,0
761.87,107
761.67,307
761.38,3159
761.35,578
761.92,129
761.92,0
759.82,172
760.47,200
760.47,0
760.35,348
761.38,338
761,236
761.45,308
761.45,0
760.46,367
759.18,145
760.8,208
760.8,0
760.8,0
760.8,0
760.6,122
761.57,496
761.57,0
761.57,0
762.79,315
762.15,232
761.41,205
761.4,759
762.55,1867
766.33,432
767.83,343
764.79,609
762.43,1331
760.73,100
757.85,483
757.85,0
758.35,587
760.66,348
760.66,0
760.64,108
761.45,507
761.4,220
760.62,491
760.62,0
760.2,591
760.65,101
760.37,213
760.2,511
760.36,615
760.87,486
760.26,959
759.48,515
759.43,746
760.2,1154
760.2,0
757.64,719
757.47,204
757.88,524
757.21,259
757.21,0
757.21,0
758.34,146
759.65,342
759.01,110
756.66,253
757.41,629
758.63,758
758.61,1945
769.91,404
769.91,0
769.91,0
774.38,795
775.68,3357
778.89,165
778.89,0
779.29,117
782.52,107
782.11,819
782.11,0
782.11,0
783.71,310
783.71,0
783.71,0
781.97,200
780.4,603
779.36,507
779.36,0
775.52,638
775.52,0
778.98,124
778.98,0
778.71,332
779.21,148
778.58,207
778.58,0
778.18,636
778.89,105
779.45,102
778.08,158
778.08,0
777.26,288
777.26,0
777,320
776.19,280
777.09,452
775.85,498
776.04,1021
779.67,100
778.73,301
772.84,1002
772.64,4968
773.8,1333
771.8,1523
772.02,460
773.44,2758
773.55,1790
773.13,1411
772.82,1210
770.97,687
771.13,1269
769.42,622
769.42,0
773.23,947
773.23,0
771.97,1100
771.61,155
771.01,265
771.9,506
771.77,312
771.91,122
771.91,0
771.89,110
771.89,0
770.07,111
770.07,0
770.07,0
770.07,0
770.08,452
771.55,111
772.56,111
772.48,743
772.48,0
772.2,160
772.2,0
772.4,628
772.36,4183
773.06,794
777.66,1111
776.81,1038
778.12,2141
779.9,1248
781.13,297
781.68,1250
783.3,1401
785.21,2718
784.83,1207
785.65,1516
784.39,381
784.55,740
783.96,420
786.16,889
785.88,269
785.18,151
785.88,204
787.44,350
787.44,0
786.59,451
786.59,0
786.59,0
789.92,552
789.31,1048
787.65,206
788.05,365
786.94,737
786.94,0
786.36,245
785.79,411
785.6,208
785.14,301
785.21,341
787.37,388
789.05,1051
792.51,1449
792.12,1019
791.94,2948
789.55,1173
796.9,714
799.22,1089
798.83,3114
798.06,885
798.76,1293
799.91,2969
799.83,1987
804.52,1723
802.45,458
801.65,400
800.03,225
800.03,0
797.61,322
798.71,464
796.36,192
796.03,410
797.2,965
797.45,348
797.86,305
798.53,303
799.68,182
801.55,749
801.47,322
801.26,103
802.76,674
802.76,0
803.37,462
805.77,347
805.86,111
806.17,412
806.41,272
806.42,321
806.42,0
806.42,0
801.2,296
801.2,0
799.22,294
801.45,2955
803.59,267
797.72,167
798.67,204
799.8,327
800.13,441
803.37,1350
805.63,325
806.51,843
804.88,792
805.01,522
803.98,226
805.42,522
804.88,483
804.88,0
804.88,0
804.88,0
804.88,0
803.32,830
802.97,677
801.41,105
801.81,201
802.32,602
802.32,0
802.41,1711
801.87,443
801.71,962
803.46,506
803.26,709
801.64,574
799.74,108
796.76,1075
800.95,501
797.7,273
795.62,1274
793.62,1282
794.9,692
794.9,0
791.92,248
792.2,2770
785.96,622
790.29,1173
791.95,143
793.44,101
793.61,407
791.23,356
794.6,381
794.25,134
791.78,123
791.8,185
792.78,385
792.78,0
792.78,0
795.45,238
795.95,330
798.34,1308
798.52,812
799.12,1384
798.07,1164
798.17,483
802.09,1083
801.48,606
799.18,1172
798.9,354
799.9,881
800.22,200
800.59,1198
802.86,145
802.86,0
803.16,1050
802.75,693
804.58,506
804.46,446
805,317
805.72,101
806.27,187
806.94,5561
806.08,935
805.05,8542
804.12,466
799.25,499
797,229
794.87,1356
794.87,0
791.93,103
798.72,420
798.62,1181
798.62,0
798.23,120
799.05,368
798.5,1176
801.62,101
803.28,931
801.56,508
799.94,117
800.19,212
800.41,113
803.37,152
802.06,314
802.06,0
800.66,110
800.8,101
800.8,0
800.8,0
800.8,0
800.8,0
802.74,446
803.49,1285
803.49,0
803.58,230
805.79,200
805.59,105
805.3,103
806.09,242
805.62,459
806.8,668
805.07,1035
804.27,1935
804.27,0
804.27,0
804.27,0
796.55,520
797.71,253
795.89,100
795.25,279
795.25,0
796.64,166
796.64,0
796.64,0
796.64,0
797.65,100
797.65,0
797.65,0
797.65,0
797.65,0
797.65,0
797.65,0
797.65,0
800.37,100
799.53,100
800.49,402
800.49,0
800.49,0
800.49,0
800.49,0
801.66,239
801.66,0
798.65,129
798.83,278
801.78,200
800.8,202
799.01,100
798.75,480
798.75,0
798.75,0
798.32,786
799.4,1437
798.62,1396
798.24,1032
796.29,2015
799.88,101
799.88,0
804.24,100
804.24,0
800.14,724
798.98,449
799.94,490
802.46,355
802.91,952
800.84,526
799.24,420
797.55,379
796.54,1052
796.54,0
796.65,232
796.65,0
796.58,101
796.9,351
796.9,0
798.99,855
798.26,167
797.91,255
799.7,105
799.21,327
798.46,647
798.18,1290
800.03,668
799.59,765
798.52,155
799.13,539
799.46,664
799.77,817
799.47,1225
799.62,104
800.98,237
799.48,5226
799.48,0
798.43,120
798.43,0
798.43,0
799.48,246
799.48,0
799.48,0
801.76,258
801.76,103
801.76,0
801.2,100
801.2,0
801.2,0
801.2,0
801.85,505
801.85,0
801.85,0
801.85,0
801.72,178
801.72,0
801.72,0
801.72,0
803.49,100
803.49,0
803.49,0
803.53,195
803.53,395
804.3,193
806.93,543
806.93,0
806.93,0
806.93,0
806.93,0
807.39,1215
807.74,739
806.9,403
806.9,0
807.58,1615
806.8,7462
803.35,751
806.22,484
809.02,372
809.44,251
812.24,520
811,319
811.12,1376
807.5,134
807.5,0
810.14,250
810.32,476
810.05,419
810.12,559
810.36,518
811.94,105
811.94,0
814.05,168
814.35,120
815.54,103
816.49,910
815.62,641
814.92,571
814.92,0
817.41,788
817.31,566
817.31,0
818.7,448
818.42,433
816.94,308
817.81,102
817.34,106
817.34,0
818.18,315
818.18,0
816.61,324
817.73,254
817.73,0
816.02,856
816.74,1262
815.56,1740
811.38,502
810.26,373
811.36,112
809.89,161
808.37,692
809.14,319
809.14,0
809.86,104
809.86,0
809.56,415
807.71,1505
807.68,656
807.94,204
807.56,724
807.37,620
808.34,712
807.93,221
807.93,0
810.26,309
810.26,0
811.34,304
811.21,150
811.21,0
811.63,121
810.92,100
810.92,0
810.92,0
813.66,506
813.47,367
813.94,336
814.38,102
814.51,203
814.48,148
815.47,152
815.68,264
815.21,232
815.21,0
814.51,2232
817.38,639
813.99,407
813.89,684
812.81,656
816.25,461
812.62,1607
811.89,1053
807.7,101
807.33,281
808.58,778
811.81,859
811.81,0
814.31,340
812.73,371
810.56,414
811.82,100
813.24,268
813.56,243
812.29,102
812.29,0
812.7,400
810.73,108
810.3,123
810.3,0
810.3,0
810.03,152
810.03,0
810.03,0
810.03,0
807.27,451
807.38,410
807.54,556
807,809
807.48,808
808.96,221
808.11,1768
807.12,932
808.29,467
810.09,2351
797.15,868
793.46,220
792.27,468
793.43,613
794.86,401
792.17,507
792,613
791.23,132
791.23,0
793.91,358
793.91,0
793.91,0
796.64,101
796.64,0
796.28,201
796.28,0
796.28,0
794.68,235
794.17,235
794.85,102
794.75,201
793.67,527
790.96,306
790.96,0
793.62,112
793.5,272
794.53,298
794.85,211
794.85,0
794.85,0
791.1,919
791.1,0
787.63,263
787.63,0
789.01,231
789.05,234
789.75,301
791.94,1906
791.93,1305
791.93,0
794,1651
789.3,599
788.83,429
789.36,316
792.82,140
792.82,0
794.47,323
793.16,201
791.51,110
791.51,0
792.14,290
791.68,101
791.46,338
791.46,0
788.29,125
791.59,2181
792.34,1057
792.67,1202
792.67,0
792.48,100
791.89,348
791.89,0
791.89,0
794.8,201
796.18,216
795.77,106
793.21,478
793.21,0
793.99,757
794.77,2615
795.71,601
792.15,2320
792.93,1620
794.12,1860
794.6,1222
796.7,3407
796.99,536
794,2819
802.98,2282
816.94,5884
834.94,3543
832.12,2292
832.17,736
835.27,1812
835.86,1102
830.86,2133
831.1,1193
834.25,378
834.13,2463
834.13,0
829.37,537
829.37,0
829.37,0
831.63,341
833.64,1139
833.17,100
833.07,1107
834.69,510
834.69,0
834.97,290
835.93,817
836.19,770
838,105
836.95,406
836.95,0
838.28,547
838.17,706
838.16,374
838.68,439
836.99,640
834.25,1335
835.08,306
833.88,556
834.2,710
833.05,429
833.62,1992
833.55,5545
825.4,5315
824.25,3099
819.64,939
817.33,123
820.07,972
821.26,1568
821.91,2808
823.14,1720
825.68,1437
826.39,1015
826.76,628
825.94,1044
827.38,1761
827.06,1795
829.33,2397
829.43,1489
829.1,1291
829.93,789
829.63,706
830.19,327
828.83,438
826.54,1876
824.93,698
825.23,1218
823.88,785
823.69,250
823.56,1148
820.61,1412
820.99,526
822.42,303
820.62,798
816.1,2245
811.6,293
815.6,1874
814.19,113
814.57,445
815.36,428
813.45,3132
813.56,7090
814.17,1172
816.74,2458
819.4,1795
818.99,1466
820.09,857
819.51,602
821.13,223
822.69,595
821.83,1348
822.16,2716
819.13,2526
817.19,759
814.83,601
814.27,767
814.48,762
814.41,1507
811.91,619
811.29,1963
811.51,1421
811.51,0
814.06,316
813.74,714
813.74,0
813.86,901
813.86,0
813.75,203
813.72,349
811.42,315
811.39,638
811.39,0
814.23,1984
814.87,660
815.14,1330
813.08,1059
811.74,127
811.06,1663
810.94,3813
810.74,1378
810.94,6061
814.68,241
813.16,2022
813.16,0
812.17,243
811.72,101
810,206
808.62,169
808.52,206
807.52,735
809.69,318
811.79,2667
813.14,221
817.66,774
819.41,130
819.41,0
819.41,0
819.94,200
819.94,0
819.55,110
819.99,105
821.42,237
820.2,498
820.2,0
820.27,100
820.27,0
820.27,0
820.27,0
820.94,278
820.51,100
818.65,366
818.65,0
820,186
820,0
820,0
820.95,262
820.73,152
821.42,402
822.6,399
822.6,0
830.24,1153
834.21,1666
835.85,550
838.22,516
837.25,5096
838.15,308
837.08,539
833.91,787
831.19,302
833.71,100
833.71,0
833.43,532
834.23,110
834.23,0
834.23,0
832.86,1021
831.89,104
833.3,320
833.68,217
833.68,0
833.68,0
833.98,200
833.76,218
837.26,702
836.76,2062
833.08,227
833.82,502
834.71,535
832.08,867
832.72,521
833.34,301
833.38,200
833.03,245
834.97,101
838.32,717
838.66,268
839.37,1116
840.1,1176
839.05,3972
843.09,950
840.98,101
841.43,105
841.21,1083
842.61,1069
842.34,241
842.73,200
842.81,430
842.64,827
842.19,734
842.19,0
841.79,100
842.12,200
842.79,100
841.94,212
841.66,111
843.04,116
843.79,158
842.37,102
843.07,502
841.98,178
841.98,0
842.49,222
843.05,309
842.75,635
842.91,144
842.91,0
842.31,213
842.31,0
839.86,101
840.07,201
839.83,469
839.7,147
839.73,459
840.13,704
841.64,174
841.94,110
842.26,809
841.81,1335
843.04,404
844.93,202
844.37,451
849.01,1544
847.56,443
845.9,835
845.9,0
848.81,652
847.05,100
845.42,775
842.85,227
844.06,260
842.85,261
842.85,0
842.85,0
846.48,101
847.71,929
845.9,703
845.9,0
845.76,1160
844.42,593
844.42,0
845.25,257
844.55,376
844.23,687
842.68,315
840.99,120
840.99,0
840.99,0
840.99,0
840.99,0
840.99,0
841.23,106
841.23,0
843,994
840.13,649
838.72,639
838.24,825
838.82,821
840.6,555
839.27,525
839.7,233
839.76,1200
836.13,332
837.96,240
837.14,101
836.37,1124
837.05,100
837.85,100
837.88,100
837.22,479
838.9,397
837.95,725
837.95,0
840.72,462
841.63,823
841.63,0
842.84,243
841.75,151
842.02,236
842.46,210
841.15,297
840.41,283
840.68,533
839.87,1042
839.29,1450
838.06,391
836.33,1463
834.6,2645
834.58,2928
834.12,1756
833.76,1571
835.79,265
833.85,372
833.46,2659
834.71,2353
833.39,4985
836.6,2575
836.6,0
836.11,694
835.08,329
835.08,0
835.74,680
836.75,801
838.58,1168
837.68,2223
837.68,0
842.78,100
843.8,100
843.8,0
843.8,0
845.63,204
845.63,0
846.05,267
847.45,182
847.96,948
847.45,434
849.35,1002
850.25,1734
850.23,100
850.23,0
850.77,909
851.57,105
853.65,818
853.65,0
853.65,0
851.65,403
851.6,316
850.07,455
850.93,755
852.24,2107
854.66,442
852.39,755
852.85,958
851.96,765
853.44,124
851.12,3149
855.58,256
855.35,113
855.35,0
854.87,341
855.26,583
855.57,124
855.46,348
855.99,105
853.63,288
853.11,538
854.65,391
852.93,583
852.1,521
849.74,120
849.99,220
849.99,0
849.83,640
850.54,176
850.2,237
851.55,525
851.64,633
851.64,0
851.64,0
853.1,407
852.78,502
853.69,179
853.69,0
854.25,165
855,317
855.5,619
856.15,759
852.47,1038
850.54,1201
850.72,1105
852.12,467
851.1,1311
850.8,942
852.46,1015
853.77,3450
844.8,665
846.26,784
848.98,1362
853.2,816
856.1,600
854.34,1108
854.14,922
854.54,200
853.29,298
855.09,3004
856.56,2350
857.22,853
856.08,1052
857.32,394
856.18,164
856.19,223
856.18,685
856.38,345
856.38,0
857.53,250
857.53,0
859.03,463
858.24,108
858.24,0
857.58,233
857.58,0
857.58,0
859.19,101
859.19,0
859.19,0
859.28,305
859.8,401
859.57,1785
860.38,1712
860.38,0
860.73,100
861.84,804
861.09,480
860.41,1835
860.48,984
852.34,334
858.01,966
859.04,1544
857.59,1231
859.09,557
858.21,858
858.71,528
858.92,510
856.7,723
857.79,628
860.05,700
860.05,0
859.5,726
860.08,753
861.19,1739
862.74,683
862.51,1241
864.15,834
863.46,974
862.93,413
862.96,984
864.08,706
863.66,501
863.7,568
865.71,109
866.05,1691
866.05,0
870.96,200
870.96,0
871.66,343
874.82,1009
874.67,918
872.26,211
873.49,497
873.75,226
873.84,689
873.43,1418
874.23,3307
870.84,613
871.89,792
872.87,1595
875.3,711
874.62,237
874.54,130
874.54,0
868.95,159
868.62,107
868.65,1992
868.99,717
869.36,308
869.89,1978
869.89,0
866.95,410
867.44,608
867.24,303
864.88,625
864.54,841
864.54,0
865.87,315
865.75,982
864.52,340
863.27,784
862.28,305
862.28,0
861.53,519
859.04,588
859.01,220
857.84,603
857.52,231
855.15,252
855.4,443
855.79,204
854.95,414
855.29,570
856.31,230
854.23,1374
856.17,4591
864.16,409
860.23,359
862.57,854
862.75,257
859.89,100
861.98,300
861.8,1061
865.76,401
865.24,695
865.24,0
866.84,214
866.84,0
866.64,889
866.64,0
868.89,200
868.34,1359
869.66,1570
868.6,521
869.07,266
869.07,0
869.09,1040
868.67,156
868.37,432
868.59,816
868.38,1016
868.38,0
868.38,0
868.38,0
866.02,165
866.02,0
866.28,235
866.28,0
865.19,347
865.19,0
863.81,112
863.81,0
867.29,175
867.25,942
867.76,2127
872.01,463
867.11,104
867.11,0
864.48,200
864.82,242
864.68,1456
864.68,0
866.17,240
867.11,226
864.82,100
864.02,146
863.14,231
861.3,100
862.45,310
862.78,163
862.78,0
862.57,305
861.09,100
861.12,100
860.97,489
861.99,128
862.68,115
861.37,220
861.37,0
861.37,0
864.44,100
864.44,0
864.44,0
864.44,0
862.79,113
861.88,1120
861.88,0
863.13,124
863.23,326
861.86,536
864.73,258
864.64,110
864.2,117
866.94,660
866.94,0
866.94,0
866.94,0
873.73,134
871.22,100
871.22,0
871.01,100
870.62,128
870.71,165
869.99,203
869.99,0
869.99,0
868.3,468
869.51,557
869.51,0
871.48,135
870.8,165
869.19,122
870.73,100
870.7,476
870.34,1300
870.41,319
870.86,235
870.86,0
870.5,100
868.32,100
868.32,0
868.32,0
868.32,0
870.64,110
871.75,447
870.43,592
871.26,615
871.64,474
870.32,392
870.22,319
870.22,0
869.31,849
870.78,1791
866.6,287
863.21,200
858.83,2852
849.55,903
849.11,1012
851.82,961
847.35,1005
849.99,919
850.79,318
850.79,0
849.6,399
850.46,437
850.46,0
850.45,390
850.55,129
852.91,200
854.07,134
854.07,0
852.29,129
852.29,0
852.34,211
852.86,115
852.86,0
852.86,0
854.11,734
852.65,129
852.62,215
852.69,1149
853.86,100
853.86,0
852.15,312
852.15,0
854.32,111
854.32,0
853.3,1035
852.39,595
852.39,0
853.77,537
852.41,2231
858.23,526
856.12,110
856.12,0
860.7,322
858.68,708
858.68,0
860.84,200
860.84,0
860.99,119
860.99,0
859.94,128
860.49,230
860.49,0
856.97,121
857.58,206
857.58,0
857.58,0
856.05,230
856.05,0
856.05,0
856.05,0
856.05,0
856.05,0
853.51,429
853.67,301
853.61,959
855.08,200
854.83,1017
854.76,584
855.16,926
857.47,636
855.09,632
855.83,753
856.74,101
856.9,648
856.9,0
855.49,421
854.66,675
854.26,3373
845.45,1551
836.65,1914
840.31,593
840.79,1198
840.98,1339
838.86,1500
838.77,256
838.24,543
837.36,437
840.16,867
840.48,763
842.18,1156
840.71,872
843.94,412
843.94,0
842.4,474
841.56,396
839.62,807
839.96,712
839.02,803
838.95,150
839.31,770
837.95,120
837.95,0
837.87,353
837.87,0
838.62,1064
838.62,0
839.4,139
839.3,184
838.83,291
835.13,466
833.3,1438
834.58,903
834.29,1352
833.71,1947
833.33,788
832.7,1837
830.96,6450
831.05,449
830.36,879
824.39,818
821.83,4352
822.72,411
820.64,1379
821.18,789
820.86,650
819.82,2966
820.51,1182
821.2,356
819.55,264
819.3,614
820.97,416
820.97,0
821.12,327
821.12,0
821.12,0
821.12,0
818.72,100
819.17,383
819.17,0
819.17,0
819.17,0
815.55,206
814.71,414
814.71,0
817.69,1377
817.36,746
817.29,734
817.29,0
819.37,253
820.96,1057
822.5,2272
822.98,101
823.17,2399
823.44,2884
822.59,2142
825.23,8217
826.97,4240
824.76,121
821.04,901
820.64,800
820.92,791
820.67,2774
821.99,119
821.98,754
824.13,100
823.55,353
822.55,203
820.91,1825
820.91,0
817.76,493
816.69,3103
816.7,4428
814.85,877
815,1654
814.89,1275
815.87,1318
815.35,159
815.5,867
816.99,128
817.92,901
816.5,239
816.94,200
817.84,161
818.1,105
816.04,669
816.29,326
814.93,1015
816.17,1594
815.95,1820
817.57,1816
817.84,3568
816.34,764
815.31,282
814.81,301
814.07,3622
822.63,300
824.48,105
822.37,631
820.15,102
819.9,489
819.88,2416
818.68,507
818.69,417
820.78,111
821.13,962
823.06,1071
823.06,0
823.06,0
823.52,1288
823.53,1281
823.13,523
823.51,2394
823.51,332
823.08,100
822.54,304
822.72,100
823.45,1613
823.85,1270
823.22,894
823.47,362
823.47,0
823.47,0
823.43,716
823.32,501
823.67,1952
823.43,1971
823.67,1073
823.53,683
824.54,983
824.92,3668
825.01,4128
824.47,1425
823.53,648
823.35,3494
821.32,288
816.82,1692
811.1,1217
812.25,1663
809.88,439
809.83,260
809.59,100
809.59,0
809.45,412
810.34,163
809.46,100
808.17,335
808.89,109
809.16,295
808.98,201
808.98,0
808.44,623
810.06,221
810.2,601
810.27,1810
810.81,259
811.09,1247
810.58,235
807.49,449
808.6,101
808.6,0
808.86,454
808.68,201
808.34,388
808.34,0
809.59,780
809.59,0
809.1,420
808.4,411
808.62,674
808.43,215
809.12,213
808.34,560
808.28,6664
770.14,16790
783,15413
782.96,3611
782.02,5411
780.83,2534
781.11,4261
775.01,2245
772.46,2866
773.73,2966
771.06,1793
770.64,2684
772.38,2551
770.01,2617
772.23,2326
769.47,2012
769.6,968
769.76,2856
770.63,4197
773.88,3052
771.49,2085
771.64,1233
769.46,1562
768.85,1579
770.46,1395
774.04,614
773.14,105
774.7,536
773.3,7640
783.06,2690
785.74,3150
787.35,7497
784.84,3400
789.93,1954
788.69,1462
788.5,2296
791,590
791.41,908
787.61,1749
786.82,5443
789.25,3429
777.08,2671
775.86,1561
774.24,5648
771.72,2892
771.93,4686
771.45,2608
780.74,3294
780.29,571
780.29,0
778.62,765
776.61,116
776.57,140
778.5,368
777.59,100
776.87,407
776.87,0
775.56,367
775.83,893
776.52,689
776.87,157
777.29,1566
778.7,581
776.46,107
774.56,920
774.65,999
775.58,550
776.68,2523
776.94,2344
773.74,1836
777.05,641
778.55,479
777.18,616
777.15,351
776.78,242
777.17,1234
775.89,1610
776.4,3468
775.75,7914
770.85,562
772.87,683
772.16,1227
773.62,1720
773.27,586
773.15,874
772.26,904
771.77,938
769.7,1237
770.12,1255
768.91,3870
767.58,2029
766.42,1643
766.32,730
765.58,500
766.62,1448
767.58,1870
770.32,903
768.53,1125
767.7,2513
767.86,650
770.89,1251
770.14,2050
769.45,3688
769.02,1388
770.67,980
772.84,1046
771.43,1311
769.51,722
768.85,971
769.14,1018
768.84,2097
768.36,4886
770.23,1626
770.68,2442
767.86,1876
767.7,2393
767.66,3257
767.8,8970
752.04,4462
756.33,4345
758.47,1871
757.04,2647
758.42,1957
756.29,1108
755.72,2320
758.97,2961
760.66,1560
760.52,2215
761.15,1280
760.06,837
760.84,1041
759.8,102
760.17,446
759.4,140
763.33,1966
769.82,719
769.9,782
770.25,1931
767.03,327
765.32,110
764.5,313
765.4,473
764.44,158
765.1,373
762.72,693
761.34,1167
759.98,259
759.93,1813
760.76,533
762.24,165
761.43,519
759.28,879
758.61,492
757.05,1009
756.72,1917
755.83,2463
756.55,6925
762.02,325
767.09,1600
767.43,910
761.99,2211
764.14,941
763.98,339
763.19,572
766.53,539
766.8,621
764.58,100
764.58,0
763.55,311
764.68,218
763.16,100
763.19,260
763.23,200
763.03,726
764.04,200
765.1,314
765.1,0
762.24,850
762.75,552
764.24,375
764.14,100
764.14,0
765.08,100
765.17,613
765.17,0
766.75,648
767.06,514
766.93,466
766.65,680
768.5,746
769.94,981
769.94,0
770.21,543
768.15,1224
768.51,1909
767.88,6156
772.97,287
772.97,0
769.01,474
772.99,399
777.79,169
777.96,3193
779.59,1433
776.5,701
775.3,1261
773.91,413
776.2,100
775.44,104
775.44,884
773.89,341
774.97,126
774.97,0
774.97,0
774.97,0
776.58,446
776.29,107
776.29,0
774.96,374
774.74,388
775.78,433
775.78,0
775.49,255
775.04,706
774.2,2916
775.55,115
776.67,904
777.79,1819
777.35,1435
775.9,1683
778.32,197
777.71,1437
778.4,878
778.24,798
779.35,1506
780.72,8052
780.02,239
782.39,100
781.43,789
783.75,138
781.1,377
780.69,1023
785.23,507
783.47,1419
785.91,406
786.05,1178
786.05,0
786.84,671
786.97,1201
788.5,202
788.02,1041
788.28,1202
788.42,1683
788.19,639
787.21,112
786.92,301
787.13,139
786.74,541
790.32,245
788.79,277
788.79,0
787.78,258
787.59,434
787.02,830
788.12,387
789.51,2597
789.8,1414
789.84,1558
789.68,1303
790.47,495
789.93,845
790.67,699
790.45,583
788.78,992
789.89,2663
791.41,410
791.41,0
783.95,797
781.07,1173
773.82,160
772.1,611
772.21,3082
773.3,577
772.78,986
773.21,601
774.1,459
773.75,123
773.01,100
773.01,0
771.2,200
770.31,522
771.36,1119
770.65,825
771.72,421
771.85,266
772.45,529
771.17,405
770.4,136
767.71,398
767.53,176
767.12,2658
767.88,341
768.44,444
766.75,1437
766.51,155
766.19,734
766.19,1908
768.26,1232
768.95,2092
769.41,388
768.62,463
766.08,141
765.94,2055
764.01,7083
762.18,545
763.42,200
761.72,542
760.94,410
757.3,1685
757.3,0
756.37,637
758.37,395
757.68,383
758.12,488
758.12,0
759.66,102
759.66,0
759.66,0
759.3,309
759.3,0
760.27,350
760.27,0
760.27,0
759.65,361
759.96,100
759.65,752
759.65,0
758.9,468
757.8,242
757.8,0
757.99,134
757.77,126
757.99,146
757.99,0
757.99,0
758.01,560
757.02,135
757.02,0
757.02,0
757.17,205
758.08,152
758.08,0
758.18,1603
757.91,376
757.98,319
757.2,342
762.49,357
762.24,385
762.99,594
763.07,431
760.11,638
759.81,106
760.16,388
760.04,397
760.04,0
760.04,0
760.04,0
760.7,780
760.7,0
760.7,0
760.7,0
760.7,0
758.08,508
758.08,0
758.08,0
758.08,0
759.85,105
758.95,256
757.15,159
757.15,0
757.96,106
757.72,1052
757.9,100
757.9,0
757.64,261
756.68,1080
756.28,496
753.2,406
752.45,346
752.73,127
754.91,539
755.95,2185
757.46,825
758.32,200
758.32,0
760.25,880
760.62,159
761.07,211
760.97,1153
760.32,1225
759.45,712
759.45,0
757.05,822
757.78,460
758.21,275
757.72,392
757.24,100
757.45,673
757.69,434
757.39,372
756.27,125
756.2,375
756.11,309
756.11,0
756.28,100
756.51,413
756.62,110
756.62,0
756.62,0
754.17,244
752.63,200
752.62,676
750.78,1279
750.93,251
750.93,1303
749.83,1147
750.52,825
749.77,1626
748.19,3451
745.88,2641
749.31,3408
748.53,420
749.88,1306
749.31,1331
749.98,919
749.8,299
749.21,889
748.01,437
750.45,1422
751.28,438
751.28,0
751.28,0
750.74,989
750.74,0
750.58,4601
751.08,1718
751.03,100
753.61,104
753.61,0
754.26,298
755.18,214
755.85,794
753.91,416
753.63,880
753.22,980
752.99,727
752.67,377
752.67,0
750.78,646
751.91,530
751.76,362
751.76,0
751.21,111
749.95,450
749.82,309
750.32,994
749.87,761
749.96,1282
750.75,1128
751.16,4483
750.24,1356
750.86,311
753.61,257
753.78,3534
752.86,1171
753.73,1162
753.95,1114
753.95,0
753.53,917
753.25,103
753.37,568
754.21,533
753.37,156
752.74,646
752.87,351
753.62,1251
753.63,656
753.4,4539
754.72,3042
754.18,569
754.28,2064
755.29,560
754.74,311
754.57,313
754.63,1043
754.76,1319
754.45,1501
755.33,100
755.14,2397
754.58,1283
754.05,200
754.05,0
752.39,597
752.39,0
753.35,1044
753.77,986
753.67,217
755.1,1821
754.64,5390
761.15,221
760.19,522
758.07,1013
756.11,1303
757.7,1283
758.14,960
755.02,109
755.27,491
753.75,1391
754.58,689
755.86,572
759.3,100
757.9,1261
757.84,2772
757.36,627
756.99,293
756.5,289
756.54,361
758.59,587
759.97,331
759.97,0
759.97,0
761.38,112
761.38,0
761.38,0
761.38,0
761.3,233
762.71,968
761.38,307
762.84,368
762.84,0
763.38,768
763.11,129
762.35,737
761.03,112
762.4,226
763.98,868
763.46,1012
763.95,3342
752.2,322
747.67,441
746.53,1121
748.36,877
746.31,824
745.14,1356
746.21,700
745.18,980
742.59,244
742.69,528
741.45,5424
743.07,557
744,734
742.32,643
742.32,0
742.28,828
741.26,1640
743.46,472
743.46,0
741.25,415
741.41,1981
740.98,300
740.33,711
740.33,0
741.42,516
739.9,200
743.67,100
741.84,231
741.95,510
741.87,946
741.47,1059
741.92,630
742.6,314
740.96,1427
742.82,855
743.15,1305
743.18,2545
742.5,693
741.98,3005
745.93,213
740.8,266
741.41,1619
739.72,960
738.67,213
739.11,748
739.2,1575
739.97,1200
739.53,124
737.83,1737
737.83,0
738.67,183
739.62,410
740.16,102
741.44,105
740.02,970
740.02,0
739.12,600
739.12,0
739.24,101
739.64,160
739.64,0
742.19,446
742.49,315
742.07,256
740.88,300
741.55,102
741.55,0
741.55,0
742.06,199
742.06,0
743.29,309
741.88,533
741.76,1647
740.29,189
739.98,980
739.36,135
740.18,725
740.09,3223
733.91,1533
734.62,765
734.71,1190
731.78,418
733.07,303
735.02,115
735.02,0
735.02,0
733.28,159
735.42,134
735.42,0
733.37,230
733.84,110
733.26,102
732.19,308
731.26,1339
731.62,481
729.77,476
728.26,347
729.27,449
729.27,0
729.27,0
728.93,796
728.61,421
728.3,415
728.6,103
730.45,200
729.3,521
730.74,108
728.53,431
728.7,1082
728.12,400
728.12,0
727.82,524
727.82,0
727.82,0
729.29,459
729.4,1079
729.41,7899
733.35,130
734.56,1075
730.67,902
728.75,100
725.08,900
723.72,632
722.98,441
722.77,158
722.77,0
718.64,174
719.95,115
719.41,1025
719.41,0
722.61,105
721.97,315
722.65,831
721.91,404
718.69,585
718.29,630
718.29,0
719.44,1451
719.69,100
719.26,202
716.43,812
715.27,609
714.17,138
714.17,200
715.85,647
715.32,1143
713.15,1365
714.01,532
714.01,0
712.39,1215
712.2,332
711.47,1690
710.7,503
712.4,1850
710.94,811
712.15,3369
713.11,573
713.11,0
705.13,201
705.11,1113
708.6,103
707.65,652
707.09,320
706.16,990
705.72,546
704.93,1112
705.73,458
706.21,2216
706.15,595
706.69,812
707.19,522
706.88,269
706.88,0
708.8,113
709.33,382
708.23,217
708.49,728
708.51,209
706.9,800
706.36,126
703.67,250
705.5,106
705.25,400
707.93,100
707.85,2239
704.93,1497
706.04,408
707.83,347
709.71,1058
710.94,282
709.6,404
710.74,1354
711.01,1745
709.2,2142
708.98,6398
708.98,0
708.98,0
713.79,563
713.79,0
713.79,0
713.1,100
709.45,500
709.12,100
710.67,100
710.67,0
710.67,0
710.67,0
710.67,0
710.67,0
710.67,0
710.67,0
709.76,200
709.14,490
708.37,706
708.28,302
708.28,0
707.83,374
709.84,232
710.33,1398
710.45,249
710.45,0
710.45,0
710.45,0
710.45,0
710.45,0
708.64,1025
707.45,1321
708.97,823
705.19,507
704.68,903
705.6,489
705.17,777
706.25,1984
704.79,7912
702.16,363
704.45,310
703.72,443
703.72,0
703.72,0
707.98,622
708.1,792
709.88,375
711.41,682
714.52,469
714.52,0
714.52,0
711.41,102
711.41,0
712.61,100
712.61,0
712.61,0
712.19,206
712.19,0
712.19,0
712.19,0
709.9,440
709.9,0
709.9,0
708.93,602
709.26,372
709.26,0
707.98,209
707.32,222
708.67,724
707.83,280
707.95,301
706.89,200
707.23,109
707.7,226
707.18,100
708.04,824
708.56,547
708.51,3129
708.51,0
709.79,116
709.43,543
709.24,101
709.56,204
710.09,100
710.4,407
710.4,0
710.4,0
711.09,424
711.89,549
710.47,601
711.34,100
711.34,0
710.37,100
710.13,338
708.4,132
708.4,0
707.65,200
705.89,636
705.89,0
705.89,0
708.5,847
707.73,275
707.73,0
709.03,356
709.56,100
709.09,708
709.1,300
709.96,932
710.06,157
710.02,1127
711.72,127
711.44,1128
712.35,497
712.74,669
713.96,1597
714.05,1448
715.15,3562
721.36,260
717.3,360
717.3,0
717.61,636
718.64,520
718.29,579
718.7,567
720.52,352
718.04,261
718.14,430
717.5,108
716.82,103
714.97,100
715.72,413
717.12,584
717.12,0
716.39,626
716.39,0
716.74,558
716.74,0
716.74,0
717.8,375
719.21,200
719.3,657
719.53,664
719.53,0
721.86,1718
720.03,1188
721.99,322
722.56,390
722.9,449
722.9,0
722.9,0
721.69,554
721.58,1161
721.24,1684
721.97,1226
722.62,1231
722.85,3098
727.21,601
719.58,150
722,2922
723.08,1520
725.83,1523
726.96,209
726.97,663
726.14,761
726.79,125
727.25,388
728.84,667
729.08,201
726.65,993
726.33,772
727.2,998
725.67,1289
725.45,1285
724.83,640
724.39,495
723.77,429
725.7,116
724.4,369
723.75,246
723.75,0
725.33,252
725.33,0
725.33,0
726.24,563
725.96,2058
726.31,1199
725.57,344
725.42,670
724.69,1364
724.92,1510
726.33,1214
726.92,986
728.36,2076
730.38,869
731.81,1554
727.09,920
728.01,1268
729.29,2572
730.52,1030
734.91,709
734.96,254
733.39,1323
730.77,955
730.65,258
730.9,1241
729.21,184
729.21,0
729.7,1777
731.86,741
731.4,210
732.25,956
730.88,2095
724.57,738
725.85,542
723.87,404
724.6,1401
723.8,200
723.11,1491
723.23,250
724.22,654
725.15,519
724.89,500
723.84,290
724.51,568
724.4,164
725.01,212
725.01,0
724.54,449
725.58,266
725.77,932
725,1982
724.75,633
724.75,0
727.03,276
714.74,365
711.13,965
705.78,1090
705.32,678
705.82,489
706.07,203
706.89,208
706.26,487
706.07,432
706.45,362
706.97,209
707.22,957
706.59,457
706.61,210
704.38,808
704.88,750
707.11,1182
707.17,1340
708.01,843
708.77,100
706.57,284
705.82,827
706.14,255
704.48,922
705.29,504
705.29,0
707.27,425
706.97,530
706.93,200
706.75,519
705.65,528
705.65,0
704.94,502
706.6,268
706.71,526
707.1,1456
707.52,1280
706.88,1104
707.28,3703
703.81,1163
709.09,366
711.17,932
708.96,2235
709.03,335
709.88,2339
709.86,515
707.67,748
707.55,312
707.48,655
707.04,627
705.88,121
705.79,197
705.92,1563
705.54,462
705.44,539
705.25,762
705.25,755
705.67,1675
705.98,287
705.21,2023
705.33,1126
705.33,0
704.08,1939
704.08,0
703.81,1808
703.89,479
703.89,0
702.63,224
702.56,106
702.66,262
703.25,424
703.04,652
702.76,101
702.35,143
702.41,1067
701.68,1275
701.18,1156
699.82,4312
704.6,202
704.36,1795
701.25,1167
701.45,714
697.93,942
698.44,1095
698.44,0
699.81,706
699.81,0
699.81,0
698.73,100
698.73,0
699,260
698.72,279
697.91,639
697.27,1187
697,1391
696.27,749
695.87,311
695.87,0
696.57,764
695.92,883
695.8,468
695.83,1277
694.72,400
694.77,653
694.77,0
694.77,0
694.05,306
693.02,444
692.49,1950
690.67,1980
691.32,950
690.88,1416
689.69,1456
690.38,3680
689.22,7010
690.36,5512
690.6,13955
686.42,1236
684.43,1584
684.57,3009
687.83,1445
688.38,2803
687.38,1856
681.42,2539
682.07,1913
681.96,1716
681.05,1374
682.7,637
680.76,1467
680.9,589
680.04,1191
677.86,583
679.14,861
679.85,634
680.41,476
679.77,1448
677.43,705
677.44,982
677.45,1154
678.09,2147
678.09,0
680.05,260
681.13,999
682.35,1928
682.17,1335
683.14,2720
682.76,1240
682.24,2140
681.67,314
681.26,1197
681.9,103
681.59,1178
680,1738
677.76,3143
680.23,4808
681.22,6244
679.73,462
678.04,1328
673.75,1420
674.81,5248
672.44,3162
672.2,4957
674.63,2735
673.39,1006
676.71,1394
676.39,447
678.88,240
678.88,0
678.88,0
676.39,240
676.14,150
678.28,237
679.32,1684
679.27,100
677.3,155
677.33,100
676.77,138
676.77,0
676.77,0
676.77,0
677.25,529
677.28,1133
676.37,854
675.27,1943
673.05,908
673.18,630
674.27,3894
677.24,6387
680.04,1170
680.6,1235
680.07,995
678.16,201
676.53,2912
671.25,2151
669.29,8356
673.21,450
670.14,1131
668.22,1690
667.53,130
667.35,2307
667.03,1258
669.35,660
664.43,103
666.41,682
666.93,200
667.75,118
667.79,1277
666.93,201
667.43,920
667.9,11701
669.56,5422
669.38,2675
669.43,3222
668.79,3435
668.35,3118
668.48,2678
668.17,1484
667.56,3305
669.43,5341
670.8,1291
669.6,963
669.14,3246
670.01,1348
669.94,298
670.1,328
670.04,3562
670.56,4233
670.46,3081
672.61,893
671.31,599
670.84,1586
669,1181
669.53,2242
668.91,5455
690.24,851
685.07,1946
682.93,1651
682.93,0
675.08,674
675.42,6284
677.08,769
677.08,0
674.8,379
674.8,0
673.39,942
672.36,590
672.7,119
670.71,100
670.03,307
670.31,214
669.39,815
669.8,164
669.8,0
669.8,0
671.09,124
670.05,350
670.05,0
670.05,0
669.59,324
670.94,359
671.01,1034
670.61,619
670.61,0
671.49,350
670.87,421
670.85,939
670.61,619
669.76,205
669.76,0
668.58,1592
668.93,2530
670.66,1241
670.62,3052
673.11,243
671.13,200
669.09,1201
664.91,2504
664.91,0
670.02,246
669.06,400
669.16,159
667.54,433
667.23,316
665.66,1444
661.78,250
661.78,0
662.97,668
662.25,643
661.77,681
661.17,526
660.58,412
664.81,101
664.7,807
664.09,791
663.62,105
663.89,100
664.34,100
664.15,922
664.46,563
664.46,0
664.46,0
664.46,0
664.46,0
664.48,1339
664.23,409
664.53,260
662.61,374
660.09,865
659.37,105
659.39,1311
661.55,1586
662.43,7388
669.9,604
666.04,200
669.05,615
670.37,698
672.86,227
670.72,867
669.89,105
670.52,110
670.05,560
671.27,104
671.92,232
671.92,0
674.93,149
674.93,0
675,1579
679.49,884
681.39,801
682.16,1174
682.11,755
681.34,1076
683.13,258
683.98,112
683.74,348
682.94,407
682,637
680.09,809
678.07,111
679.2,113
678.19,110
677.53,111
678.79,391
679.44,110
679.96,530
678.95,292
677.58,100
677.8,217
678.97,271
678.97,514
679.01,5589
669.09,267
668.15,285
671.53,1643
670.48,1086
665.52,842
664.7,4579
658.62,450
659.28,609
663.13,606
665.69,1607
664.95,1253
664.41,139
664.38,783
663.18,206
662.63,239
662.21,4001
662.64,624
662.64,0
661.58,114
662.58,400
666.14,295
665.11,105
665.11,0
665.47,543
662.15,426
663.2,672
663.16,100
663.16,0
664.18,100
664.39,1053
665.6,211
664.59,137
664.01,420
664.55,1231
662.77,3116
662.6,736
662.6,890
662.09,2129
662.51,7578
747.1,24429
746.51,15575
738.32,5609
738.57,4053
746.33,983
750.27,4219
746,3829
746.75,1945
743.91,2182
736.62,2957
741.13,1189
742.15,2062
735.41,603
734.47,1457
732.77,2249
736.84,1183
739.55,461
740.69,2209
743.31,212
742.71,231
743.14,190
742.85,151
739.48,310
739.63,5530
729.67,1558
735.29,115
735.18,507
738.05,402
737.31,720
735.6,988
738.66,740
738.67,310
741.97,682
741.05,110
741.81,1732
739.84,1198
741.49,801
742.46,1737
742.12,4715
728.45,3723
739.3,1827
743.88,3435
744.27,2708
740.44,738
742.73,1473
738.55,441
737.61,473
736.46,661
734.05,325
736.03,253
735.6,320
736.29,219
735.16,639
731.27,1814
730.19,1004
729.21,1509
727.38,3453
727.45,403
727.57,1854
729.01,700
727.45,986
726.6,1393
725.64,761
725.3,233
726.35,472
724.91,131
724.1,1376
724.29,834
723.41,1913
721.29,641
721.84,682
723.44,1560
725.84,995
723.44,1141
725.57,1379
724.2,4054
728.53,4589
729.95,3585
729.95,0
735.87,525
734.14,240
732.45,2262
726.5,211
726.84,358
726.45,108
724.87,106
724.87,0
724.3,438
724.64,457
724.64,0
724.64,0
724.01,102
724.18,126
725.1,475
726.91,265
728.18,301
729.95,315
731.34,200
732.1,322
734.9,434
735.41,354
737.37,302
737.38,263
735.48,210
734,435
736.19,200
735.93,436
737.58,136
739.43,794
739.67,150
740.28,692
741.7,1011
742.62,632
743.46,1004
742.77,1422
743.47,619
743.32,3038
743.32,0
743.32,0
747.23,955
754.11,1225
757.15,884
761.99,489
758.6,466
755.42,648
753.28,1038
751.53,1062
752.63,812
752.63,0
754.86,200
754.57,1665
754.02,665
754.11,1580
754.27,943
752.05,686
752.53,596
752,100
752.17,407
751.21,1231
751.21,0
751.21,0
751.37,727
752.51,720
751.3,125
751.48,111
752.81,880
752.91,867
753.18,1410
752.53,101
752.86,100
752.12,1397
752.79,1265
753.13,2342
754.32,5123
754.79,3384
756.11,6646
770.25,635
765.82,459
762.98,1549
764.83,1664
769.19,1716
769.02,1920
770.58,1915
771.19,724
773.03,354
771.54,100
770.83,608
771.04,228
771.49,2493
772.58,419
772.35,1283
771.66,1225
771.41,603
772.93,573
773.9,803
773.75,205
773.96,837
773.62,2038
773.57,910
774.6,647
775.31,100
775.55,948
775.55,0
771.34,2671
772.39,160
772.63,221
774.92,263
774.37,497
774.16,248
775.86,108
775.55,734
776.21,1085
775.98,1597
776.8,1405
776.3,3726
769.07,200
769.07,0
769.58,2949
763.3,2112
766.52,662
765.78,3202
767.04,857
768.2,1584
770.62,1624
770.43,542
770.37,803
769.1,641
771.34,1161
771.34,0
771.34,0
771.34,0
768.05,497
767.11,507
764.6,444
764.6,0
764.6,0
765.65,224
765.92,107
765.09,462
766.12,100
766.12,0
766.06,1591
767.35,113
766.5,251
767.24,103
766.56,210
766.25,312
766.1,418
765.4,202
766.24,810
764.96,498
763.19,252
763.25,1115
765.07,1348
766.1,128
764.5,311
765.72,549
767.1,407
767.47,750
766.14,270
769.14,462
770.91,316
770.2,102
770.81,220
769.34,162
767.34,726
768.07,103
768.52,111
769.58,297
770.01,110
770.01,0
770.82,198
770.55,1742
769.28,368
769.28,0
768.92,111
768.92,0
768.48,235
767.98,103
766.46,334
766.06,328
765.16,524
766.07,223
766.07,0
765.17,336
765.17,253
765.45,496
765.27,903
765.1,1667
765.43,575
764.82,692
765.22,1227
766.23,1596
759.54,211
759.94,431
766.06,107
766.16,612
765.37,455
766.44,114
766.4,100
766.4,0
766.33,115
766.33,0
767.54,208
766.79,304
766.94,133
766.94,0
766.83,282
767.41,200
767.41,0
767.41,0
766.13,214
766.46,626
767.13,106
766.99,654
767.44,100
767.74,429
766.78,559
766.75,200
765.63,103
765.63,0
765.09,100
765.09,0
765.1,292
765.1,0
764.87,158
764.87,0
765.54,183
765.1,990
765.05,514
765.04,2391
764.37,4306
760.55,1027
761.74,504
759.95,855
761.26,1359
762.14,720
763.28,213
763.75,602
763.75,0
762.86,1501
762.86,0
763.16,206
762.6,379
761.53,331
761.99,105
761.31,102
761.15,444
761.15,0
759.84,303
759.84,0
760.1,204
760.61,206
760.61,0
760.02,317
759.25,457
759.49,200
761.27,104
761.27,0
761.01,460
761.01,0
764.94,306
764.94,0
764.3,359
765.14,136
764.79,275
765.03,1197
766.27,260
765.82,489
765.85,806
765.47,2732
763.37,100
764.52,417
761.5,660
759.25,322
758.58,135
758.42,514
759.12,307
756.16,248
756.25,923
758.08,110
758.34,100
756.75,101
757.16,321
756.21,748
756.34,110
757.3,100
757.3,0
757.48,370
757.48,0
757.97,200
758.39,250
758.45,225
757.69,1286
757.95,425
757.95,0
755.74,100
755.74,0
755.45,320
755.45,0
755.3,105
752.83,606
752.83,0
752.39,462
751.48,438
752.14,1164
751.45,2920
753.65,487
750.19,299
750.85,5429
754.84,649
754.55,562
756.17,1416
752.08,713
753.08,567
755.71,780
757.99,742
757.99,0
754.81,278
753.66,119
754.29,423
755.18,248
755.88,101
755.88,0
757.05,100
757.05,0
755.37,100
755.37,0
756.98,100
756.98,0
756.98,0
756.98,0
751.41,400
751.48,126
751.48,0
748.47,114
748.47,0
747.81,367
745.78,143
746.07,316
746.07,0
745.92,554
745.92,0
743.41,505
741.27,100
741.25,1463
741.14,993
740.45,746
739.32,2182
743.36,223
743.36,0
740.82,200
740.82,0
743.54,228
743.54,0
740.42,211
740.42,0
740.42,0
740.92,521
740.92,0
740.92,0
740.92,0
740.92,0
740.92,0
740.92,0
739.62,1033
741.2,100
741.2,0
740.91,100
740.91,0
740.91,0
741.18,795
740.94,385
740.94,0
740.94,0
740.94,0
740.94,0
740.94,0
740.66,825
740.66,0
740.66,0
740.24,264
740.24,0
738.36,100
738.36,0
738.36,0
738.36,0
737.68,573
744.12,741
741.38,121
745.42,100
744.6,572
744.6,0
744.6,0
744.84,400
744.84,0
744.06,221
744.06,0
744.06,0
744.06,0
745.14,101
745.14,0
745.14,0
745.14,0
745.14,0
745.14,0
745.14,0
746.17,423
746.17,0
745.31,100
745.31,0
745.09,100
743.63,249
743.63,0
742.18,600
742.36,102
742.36,0
742.36,0
738.54,200
738.54,0
738.54,0
738.54,0
742.55,100
742.55,0
742.55,0
741.42,319
741.57,2906
741.57,0
737.16,606
736.84,440
737.45,942
737.45,0
737.45,0
737.18,1055
737.18,0
739.31,397
739.31,0
739.31,0
740.05,476
741.31,1069
740.22,856
743.21,807
743.24,1455
739.94,100
739.94,0
739.48,340
737.86,409
738.1,200
738.1,0
738.1,0
738.1,0
735.99,100
735.99,0
735.99,0
735.99,0
735.99,0
734.91,109
735.37,248
735.37,0
735.37,0
735.37,0
733.47,228
733.47,0
733.47,0
735.68,701
734.14,1659
738.76,258
737.22,170
739,105
738.86,109
737.02,100
737.02,0
737.02,0
733.34,125
733.34,0
733.34,0
733.34,0
736.38,431
734.22,343
734.22,0
734.61,264
734.61,0
736.77,577
737.62,593
736.83,180
735.34,100
735.34,0
735.34,0
735.34,0
735.34,320
735.34,0
735.34,0
734.69,105
734.69,0
734.42,147
734.42,0
734.42,0
735.41,477
733.61,760
733.61,0
733.8,210
733.8,0
734.65,320
732.54,486
732.83,1736
732.83,0
732.94,223
732.94,0
732.94,0
732.94,0
734.7,384
734.43,400
733.69,2500
732.78,345
732.78,0
734.04,409
734.04,0
734.04,0
734.04,0
732.32,115
732.32,0
732.32,0
729.44,154
728.68,602
729.93,341
730.12,333
731.62,326
732.21,138
732.21,0
732.21,0
731.47,418
731.47,0
731.47,0
731.47,0
733.42,112
732.15,140
732.51,345
734.4,153
734.56,268
735.4,200
735.32,682
732.79,516
732.88,1638
734.69,2906
738.32,168
736.62,550
738.61,326
734.36,305
733.4,548
734.57,321
735.66,358
734.14,761
734.14,100
732.94,285
732.94,0
732.94,0
732.94,0
730.06,388
730.06,0
729.27,833
729.27,0
727.39,805
727.39,0
727.42,100
727.42,0
727.42,0
727.42,0
727.42,0
727.42,0
727.42,0
727.42,0
726.9,185
726.9,0
726.8,112
725.44,146
726.35,103
726.23,313
725.87,200
724.8,323
724.8,0
724.52,361
723.86,1055
724.37,3215
721.91,200
722.63,344
722.63,0
722.63,0
728.2,250
732.37,400
732.37,0
736.93,308
735.52,586
734.27,372
734.27,0
736.44,2447
736.44,0
735.57,645
736.7,101
736.47,304
736.47,0
736.47,0
736.47,0
736.47,0
736.47,0
736.47,0
737.74,100
737.74,0
739.42,103
739.03,103
739.17,404
739.17,0
739.17,0
738.91,300
738.91,0
739.32,493
739.04,151
739.04,0
737.09,206
736.4,455
736.4,0
738.37,591
739.27,1762
737.38,162
736.3,729
736.31,300
735.92,464
735.92,0
737.16,118
738.49,784
738.94,514
737.15,140
735.65,105
734.61,426
734.61,0
733.02,300
733.02,0
735.25,168
735.25,0
736.33,225
736.33,0
733.88,100
733.88,0
733.88,0
734.77,108
735.22,151
735.22,0
733.7,111
734.1,290
733.38,302
733.2,112
733.01,358
733.37,100
734.31,463
734.21,136
732.31,314
732.31,0
732.02,418
732.59,319
731.56,1257
732.45,529
731.74,3953
730.33,433
730.33,0
728.19,380
728.13,638
726.28,230
725.26,290
725.26,0
723.98,1648
724.75,538
722.58,601
722.61,1916
724.58,1393
724.52,101
724.52,0
722.05,982
722.05,0
722.43,1091
722.05,253
722.9,547
725.65,101
725.82,152
725.82,0
725.82,0
725.82,0
723.51,828
724.37,1442
725.9,458
726.44,497
726.44,0
726.44,0
726.44,0
729.26,438
730.62,122
730.35,725
730.31,150
730.76,101
731.12,408
732.49,853
733.04,2592
727.72,440
725.49,457
723.1,241
724.15,144
724.27,450
721.58,263
721.63,762
726.12,106
725.65,305
725.29,162
725.29,0
726.97,120
727.31,300
727.34,205
728.3,210
727.03,100
728.38,122
728.38,0
728.11,122
725.48,837
724.92,413
727.57,100
727.57,0
727.24,217
727.24,0
726.07,100
726.07,0
726.07,0
726.07,0
724.08,107
724.08,0
724.08,0
724.08,0
725.41,191
724.64,133
724.89,100
725.67,360
725.67,0
723.75,5232
721.81,431
724.17,582
724.17,0
725.89,347
728.1,206
727.28,3823
728.47,100
728.49,129
727.34,130
727.34,0
727.34,0
731.16,102
730.34,108
730.34,0
730.34,0
729.69,157
730.83,111
732.43,535
732.43,0
732.75,120
731.65,431
731.38,100
731.67,781
734.4,147
734.6,200
735.78,209
735.93,223
734.19,117
734.19,0
734.19,0
734.19,0
734.91,131
736.74,100
735.47,386
734.94,458
734.94,0
734.94,0
734.21,821
735.35,1045
735.35,0
735.35,0
735.35,0
729.22,302
728.07,979
729.5,333
729.5,0
730.64,200
730.64,0
730.64,0
730.64,0
730.68,495
731.45,262
731.45,0
731.27,100
731.43,290
731.65,375
731.65,0
731.65,0
734.56,413
734.56,331
734.25,145
734.96,133
734.96,0
733.03,655
734.51,101
734.51,0
734.51,0
734.51,0
734.74,809
734.74,0
734.74,0
735.19,321
735.45,1127
735.45,0
735.98,616
736.77,1118
733.43,206
732.9,2060
732.9,0
741.87,351
741.64,684
742.8,2354
742.74,455
744.12,110
745.31,341
745.31,0
745.14,131
745.14,0
745.07,427
744.2,680
744.73,109
743.39,302
741.42,612
743.63,272
743.21,117
739.6,200
740.27,204
740.13,124
741.27,604
743.18,115
741.63,661
739.33,232
738.92,201
738.92,0
740.7,343
739.16,750
739.16,0
739.16,0
736.59,504
736.59,0
732.14,989
733.53,3067
733.97,894
735.95,310
733.35,201
734.16,457
733.2,2687
736.15,792
742.71,504
743.77,203
743.49,222
742.33,100
741.6,230
739.97,201
740.76,219
744.34,920
744.34,0
739.52,435
739.52,0
739.52,0
743.81,100
741.6,240
740.97,182
741.5,100
741.51,413
741.51,0
741.51,0
741.51,0
741.51,0
741.51,0
741.51,0
740.33,261
740.8,200
740.8,0
740.8,0
741.18,227
741.18,0
741.11,100
741.58,303
741.58,0
741.58,0
740.79,155
739.24,102
739.24,0
738.67,255
737.93,1760
740.7,238
741.71,145
741.71,0
738.65,259
734.09,701
736.34,168
736.34,0
734.89,248
737.41,121
736.21,104
736.75,908
736.14,260
736.14,0
736.14,0
736.14,0
736.14,0
736.14,0
736.14,0
736.14,0
736.12,101
736.12,0
735.99,663
737.83,729
737.83,0
737.83,0
737.83,0
737.83,0
737.83,0
737.83,0
737.83,0
736.71,173
737.25,311
737.18,103
736.63,238
736.63,0
737.72,100
737.34,201
737.13,251
737.3,1897
733.45,486
734.37,399
733.53,707
733.36,107
736.39,123
736.39,0
736.39,0
736.39,0
737.85,375
737.85,0
737.85,0
737.85,0
737.85,0
736.56,371
737.69,176
737.69,0
737.69,0
739.26,116
739.12,125
739.12,0
739.12,0
739.12,0
738.39,210
738.39,0
739.09,144
739.09,0
739.09,0
739.09,0
740.39,211
740.39,0
740.39,0
740.39,0
736.88,140
736.07,211
737.07,272
736.33,179
737.56,279
734.29,112
734.05,845
734.05,0
734.05,0
739.09,219
740.22,218
739.19,110
735.27,200
735.27,0
735.27,0
737.73,111
737.73,0
740.88,245
740.44,223
740.44,0
740.44,0
740.44,0
742.53,476
742.53,0
742.53,0
740.73,100
740.73,0
740.71,100
740.71,0
740.71,0
739.94,209
739.94,0
742.41,102
742.49,222
742.49,0
742.38,778
742.6,887
743.11,316
743.11,0
741.9,107
741.9,0
741.9,0
740.17,330
741.03,364
741.73,726
743.41,4358
743.36,564
742.83,158
742.83,0
744.79,101
744.67,1319
744.23,3223
744.67,329
743.95,206
743.36,426
742.56,311
742.61,500
740.51,657
740.51,0
741.82,491
742.1,506
742.29,1417
742.29,0
742.29,0
742.29,0
743.72,151
742.22,122
741.78,325
741.78,0
741.78,0
741.78,0
740.68,137
740.68,0
740.68,0
740.68,0
739.35,110
738.39,305
736.5,161
736.5,0
736.5,0
735.18,277
735.18,0
735.85,540
735.85,0
735.43,814
733.81,712
733.63,407
733.37,308
732.64,146
732.64,0
732.83,102
732.83,0
730.31,100
730.18,101
730.14,269
730.14,0
731.52,429
734.02,247
733.62,270
733.62,0
731.99,100
731.99,0
732.78,200
732.78,0
732.21,103
732.83,222
732.83,0
732.83,0
734.96,393
734.96,0
734.96,0
735.79,216
734.92,200
734.92,0
734.92,0
734.92,0
734.92,0
735.4,661
736.16,525
736.16,0
736.49,320
735.57,450
735.57,0
736.86,983
737.77,592
736.53,201
736.84,231
736.84,0
736.84,0
740.14,702
740.31,310
739.76,1623
737.83,1362
737.46,975
737.46,0
737.25,737
734.21,114
732.27,557
730.33,200
730.71,387
730.13,491
730.19,1421
730.19,0
733.47,578
734,838
732.41,365
731.63,3308
731.59,1433
730.74,453
729.11,203
728.44,200
728.63,240
729.82,427
729.28,746
729.28,0
729.28,0
731.51,1248
728.06,1467
725.36,307
725.4,1085
724.95,1916
724.83,1545
726.47,10178
722.54,220
721.09,411
721.45,158
721.61,300
722.05,1655
720.07,989
720.44,549
720.44,0
720.44,0
714.57,874
712.31,266
711.36,992
711.21,256
711.21,0
709.87,525
709.45,132
711.07,235
709.99,444
709.38,611
709.98,885
709.87,629
708.98,1913
708.98,0
708.98,0
713.6,192
713.83,190
713.37,100
714.07,218
714.66,100
715.12,298
715.12,0
716.18,101
715.45,200
713.98,100
714.08,110
713.98,903
713.98,0
712.38,1085
713.74,4715
710.1,996
711.66,300
712.62,2032
712.71,933
711.36,1891
709.95,859
711.46,1691
711.42,756
713.76,121
713.76,0
714.4,529
714.4,0
714.4,0
715.77,234
715.78,1381
716.27,585
716.27,0
716.27,368
716.27,0
716.38,1097
716.38,0
718.14,496
716.55,223
716.55,0
714.86,100
714.86,0
713.6,304
713.6,0
715.72,1180
715.59,1561
713.99,100
713.91,100
713.91,0
713.91,0
712.76,123
712.76,0
712.76,0
711.28,126
711.95,4864
714.27,410
714.27,0
718.43,112
719.78,104
719.13,250
719.39,249
720.39,460
722.92,500
723.55,264
723.13,158
720.92,640
720.92,0
722.17,385
721.05,101
721.93,202
721.93,0
721.76,156
721.76,0
721.76,0
718.43,211
718.39,105
718.03,717
718.03,0
720.01,106
720.01,0
719.03,110
718.83,308
718.83,0
718.83,0
718.44,145
718.44,0
718.44,0
718.01,223
717.89,439
717.68,100
717.34,285
717.15,225
719.09,369
721.24,4315
725.93,822
728.43,563
727,619
727.28,970
728.39,100
728,718
728,0
728,0
727.36,532
729.55,1071
728.87,345
728.87,0
730.71,677
733.03,407
730.67,405
731.28,419
731.14,405
731.29,215
731.55,515
730.39,142
730.39,0
730.39,0
730.39,0
729.57,120
727.73,132
727.29,112
727.29,0
727.75,809
728.12,233
726.3,466
726.3,0
727.61,142
727.39,477
726.77,506
726.99,112
727.37,103
727.4,698
727.39,3206
729.38,5861
729.38,0
726.56,101
727.64,3910
728.82,1110
730.72,1385
725.02,384
726.53,378
725.96,3032
725.32,1498
725.15,340
725.52,3186
724.35,611
724.35,0
725.05,201
725.87,566
725.87,0
725.87,0
725.87,0
730.89,306
730.95,106
730.84,200
731.44,178
731.55,174
731.96,131
731.57,603
731.57,0
732.08,134
731.67,553
732.91,476
732.91,0
731.51,726
733.15,405
732.45,160
731.94,176
731.35,464
731.35,0
729.51,342
729.51,0
731.72,4001
738.53,110
735.85,110
735.85,0
733.07,460
734.22,1140
733.4,107
733.35,581
732.53,1017
731.59,100
731.59,0
729.99,100
729.41,732
729.69,988
729.69,0
728.51,109
728.51,0
728.07,210
726.9,612
726.64,557
726.64,0
726.64,0
725.53,743
726.34,155
726.34,0
726.34,0
726.34,0
726.34,0
726.34,0
726.34,0
728.51,440
728.51,0
728.51,0
726.75,100
726.49,1044
726.49,0
727.41,347
726.69,330
727.05,246
726.43,5505
726.02,134
723.84,605
725.34,1378
724.2,413
725.57,521
724.35,899
723.9,1207
720.14,463
725.02,1013
724.06,1048
723.92,100
722.73,761
722.43,105
722.43,0
722.43,0
722.43,0
722.21,173
722.29,767
721.07,221
722.17,518
720.84,1496
720.84,0
722.49,828
721.14,221
722.08,302
721.17,835
721.17,0
721.17,0
721.01,337
721.01,0
721.71,180
721.02,141
721.6,200
721.31,100
720.57,505
721.15,1097
723.07,209
722.73,100
722.73,0
722.05,110
721.57,101
721.57,0
721.26,400
720.99,547
721,462
720.99,304
721.35,506
721.29,776
721.2,407
721.23,1232
720.98,321
720.98,0
720.98,0
721.15,115
721.21,217
721.01,325
720.77,216
720.92,1021
721.31,306
721.13,665
725.93,761
725.82,453
722.5,305
725.38,550
725.9,815
725.7,453
724.92,786
725.05,1473
725.6,246
726.05,853
725.64,226
726.39,412
726.05,706
725.94,113
725.92,410
725.6,326
725.33,228
725.33,0
725.54,206
725.54,0
725.54,0
727.51,101
727.51,0
727.51,0
727.49,100
727.49,0
727.49,0
727.49,0
727.49,0
729.88,188
729.88,0
730.31,319
730.35,224
729.69,179
729.66,104
729.72,253
728.82,345
728.51,458
728.51,0
729.28,1307
729.48,100
729.48,0
728.84,415
727.76,1013
726.58,527
725.67,315
725.48,3262
725.48,0
725.48,0
728.22,311
731.01,809
731.01,0
732.92,119
732.92,0
735.53,361
734.91,107
735.74,100
736.61,240
738.65,1205
739.24,584
739.41,844
739.48,214
740.39,105
740.39,0
739.87,335
739.87,0
735.68,105
735.68,0
735.68,0
735.68,0
734.43,329
734.54,345
732.17,151
732.26,405
732.26,0
732.26,0
734.79,203
737.06,359
738.08,3182
739.29,100
736.6,308
736.6,0
736.29,502
735.53,384
735.07,100
735.07,0
735.07,0
739.57,121
739.57,0
739.57,0
738.6,277
738.6,0
738.6,0
738.6,0
738.6,0
738.6,0
739.58,140
740.11,500
741.33,495
741.33,0
741.01,103
742.2,101
742.2,0
742.2,0
742.2,0
742.2,0
744.33,239
746.84,306
747.61,1076
745.26,365
745.03,675
745.81,109
745.81,0
748.13,188
748.13,0
748.6,243
748.78,842
749.11,1691
757.18,2151
759.82,316
763.23,112
763.03,944
767.12,1001
767.91,474
769.62,695
769.23,264
769.08,685
772.51,2142
772,1211
767.34,2283
769.1,376
769.3,359
769.42,109
768.41,229
768.41,0
765.87,615
768.33,100
767.92,105
767.47,773
767.89,359
765.62,113
763.87,707
765,100
765.51,365
767.33,330
767.33,0
766.94,459
766.94,0
765.53,166
765.53,0
765.53,0
765.53,0
764.68,104
765.58,110
767.51,1198
767.89,112
768.77,3700
773.57,2155
778.08,2672
773.12,536
771,425
773.06,197
773.96,343
773.09,886
772.49,284
774.98,1348
773.61,290
773.61,0
774.41,201
774.66,236
776.66,600
777.31,905
777.11,363
773.93,601
775.93,269
777.88,300
778.35,859
778.35,0
778.69,200
779.1,494
781.46,667
781.63,1190
781.56,500
781.52,927
779.8,1164
779.8,0
779.8,100
779.8,0
780.68,103
778.53,117
778.25,1595
778.25,0
780.55,212
779.77,117
780.09,555
777.32,3639
778.46,423
774.85,200
775.8,223
774.03,1489
773.32,747
770.62,300
770.39,403
770.46,100
769.82,400
771.97,211
772.83,316
772.83,0
774.03,601
774.46,104
774.46,0
773.01,100
773.01,0
772.59,100
771.31,101
770.83,365
769.2,439
766.99,211
767.3,824
768.5,413
767.06,129
766.42,484
767.83,733
767.83,0
768.48,100
769.72,515
770.11,677
772.05,311
772.05,0
774.95,513
774.81,1200
775.92,1698
775.65,2282
775.94,1186
773.3,1878
773.3,0
778.49,802
779.12,1741
778.65,414
773.02,522
773.32,1364
771.02,1063
770.09,517
768.95,655
771.09,686
772.54,502
774.99,356
775.97,204
775.97,0
775.97,0
777.46,199
778.02,812
778.02,0
777.71,200
777.6,300
777.6,0
777.55,313
777.55,0
775.49,227
775.39,253
777.19,301
778.56,207
778.68,112
779,200
776.75,100
778.24,303
778.53,863
779.1,2227
781,303
781,201
781.59,100
781.59,0
781.94,483
781.43,2235
781.43,0
784.67,629
784.89,824
788.17,636
786.15,1608
784.05,101
783.77,2774
785.22,3534
785.59,1105
781.71,252
783.19,100
783.56,1156
780.17,1110
778.87,1841
777.78,604
775.87,2656
775.13,1175
773.09,100
772.5,225
772.52,526
772.47,765
771.78,419
769.38,109
770.22,471
771.67,311
771.67,0
771.67,0
772.26,1669
773.42,392
773.24,492
773.24,122
774.21,2107
775.12,600
775.17,659
775.17,0
776.48,1163
775.95,2658
776.58,2841
774.92,3844
774.92,0
774.92,0
774.92,0
774.92,0
778.98,100
779.39,211
779.39,0
773.39,175
773.39,205
773.39,0
771.66,588
771.66,0
772.84,583
771.4,215
768.73,129
769.35,354
769.38,200
768.48,189
768.48,0
769.29,200
768.93,507
768.93,0
767.55,334
767.55,0
767.55,0
767.55,0
767.55,0
767.52,217
767.52,0
767.41,240
766.94,508
766.13,100
766.13,0
767.37,103
764.76,301
764.76,0
765.95,100
765.95,0
766.63,752
765.59,110
765.59,0
765.59,0
765.74,100
764.9,115
759.9,427
759.9,0
759.9,0
759.54,208
759.54,0
760.91,466
760.35,137
760.35,0
760.35,0
760.35,0
761.53,288
762.3,330
762.3,0
762.3,0
762.3,0
762.3,0
762.3,0
762.3,0
762.3,0
756.97,843
756.97,0
756.97,0
756.97,0
756.97,0
756.97,0
756.97,0
755.74,310
756.1,112
756.1,0
757.61,510
757.61,0
757.61,0
755.74,393
755.58,2498
759.9,516
758.12,113
758.12,0
758.12,0
758.12,0
758.12,0
757.84,543
760.56,1534
766.27,406
765.85,293
764.45,419
765.23,208
764.87,668
764.36,313
764.36,0
765.64,339
765.19,297
765.19,0
765.19,0
765.16,100
765.24,944
765.46,200
767.86,141
767.29,266
767.29,0
766.45,210
764.57,148
764.57,0
764.57,0
764.57,0
765.92,214
767.89,153
769.46,256
767.54,825
767.54,0
767.54,0
765.81,203
765.1,217
766.41,2020
775.15,526
774.17,100
774.17,0
775.89,605
775.89,0
780.84,613
780.84,0
778.79,368
778.79,0
775.21,400
775.64,1171
778.49,105
778.49,0
778.49,0
778.49,0
780.69,340
780.47,761
780.15,531
780.15,0
780.15,0
777.62,100
778.73,276
779.41,200
779.41,0
777.64,622
775.9,428
778.03,303
777.94,600
777.04,352
773.18,445
772.94,300
776.06,554
775.86,100
773.76,112
774.76,102
776.89,1310
774.36,200
774.51,101
771.18,389
769.05,593
776.05,1082
774.6,570
772.34,167
772.34,0
772.41,100
771.47,724
773.41,761
773.84,763
772.37,332
772.37,0
770.72,628
770.77,222
770.24,1267
770.85,100
770.85,0
770.85,0
775.58,221
774.19,713
772.4,964
769.85,100
770.34,227
770.4,603
770.4,0
773.51,122
773.55,1279
771.86,107
771.64,621
771.02,200
769.93,450
770.37,473
769.66,100
766.89,502
766.81,137
765.68,454
766.51,939
765.23,500
764.36,619
762.25,2568
767.44,101
766.3,1724
768.93,1430
769.38,1334
767.87,923
771.28,928
766.06,103
762.04,215
761.3,149
761.3,0
759.69,350
758.72,751
756.16,1145
758.62,640
758.62,0
756.64,103
754.91,229
755.71,103
755.95,300
755.95,0
753.15,212
752.85,206
752.69,103
752.69,0
747.45,1278
749.27,353
749.55,222
747.91,1358
745.73,1500
743.01,2934
744.17,1665
745.25,1484
743.19,3467
743.07,2513
741.68,1868
742.4,1231
743.34,1185
741.9,1731
745.32,5766
741.3,1079
747.81,921
747.81,0
742.58,533
743.01,859
742.71,869
745.13,291
744.93,726
742.26,4122
741.8,1856
739.48,377
738.69,431
740.13,100
741.38,501
741.38,0
746,410
744.2,1004
744.2,0
743.41,303
743.41,0
743.95,552
746.2,411
746.7,335
746.7,0
749.18,718
749.18,0
749.18,0
747.45,139
747.45,0
747.13,410
747.13,0
747.13,0
747.1,411
747.1,0
749.99,102
749.68,859
747.48,1342
745.23,1628
745.36,4665
741.98,303
741.98,0
741.98,0
749.21,1058
749.21,0
749.21,0
749.21,0
743.74,105
743.9,724
745.33,223
745.33,0
746.03,315
747.09,511
747.37,231
748.04,648
749.15,1192
751.49,1046
751.49,0
750.46,104
750.46,0
750.46,0
749.41,218
750.3,311
750.3,0
750.3,0
749.54,100
749.54,401
749.54,0
748.11,351
749.29,284
750.06,113
750.18,235
750.18,0
750.03,451
750.66,632
750.07,100
751.22,1009
752.93,931
752.61,4942
748.62,110
747.86,287
747.15,100
746.55,241
746.89,410
746.24,855
746.24,0
746.24,0
745.69,172
745.72,208
744.46,352
746.13,362
746.13,0
745.75,200
744.44,301
743.9,424
742.6,132
741.85,100
742.1,603
741.57,349
741.17,103
741.17,0
742.4,100
743.56,638
741.48,220
741.8,214
741.8,0
741.8,0
741.8,0
741.4,130
741.4,0
741.4,0
741.47,120
741.47,0
741.33,207
741.15,460
741.35,1108
740.86,2381
743,4235
746.03,951
744.74,1969
750.08,563
749.43,1428
754.99,1321
755.45,1251
757.07,1651
760.61,300
760.57,1597
760.22,1094
759.22,1134
760.15,592
764.39,729
764.16,118
763.45,700
764.25,263
763.96,769
763.96,0
763.96,0
769.37,207
767.75,112
767.7,1019
767.7,0
766.68,763
766.82,1051
766.04,602
766.04,0
764.44,469
764.44,0
764.44,0
765.39,283
765.44,354
765.44,0
766.94,755
766.94,0
764.86,200
760.51,961
763.11,1171
761.58,2744
761.58,0
777.03,139
775.93,110
779.22,161
780.17,1476
779.81,325
777.85,2542
780.34,688
780.35,378
778.59,1342
781.32,230
781.32,0
775.65,100
775.65,0
777.12,303
777.12,0
778.61,221
778.61,0
781.63,506
782.18,389
782.83,128
783.05,1287
781.29,117
781.86,128
780.46,515
781.51,384
781.74,234
781.74,0
781,961
779.22,928
775.4,216
771.64,572
771.53,1473
771.29,474
770.18,1008
769.27,4139
771.51,2483
775.69,871
777.76,8594
780.25,965
776.86,1370
777.64,912
779.37,835
779.13,534
771.72,791
774.23,856
774.23,0
774.23,0
774.23,0
774.23,0
770.41,321
770.62,213
770.62,0
775.1,253
775.41,687
775.41,0
776.64,210
776.64,0
777.8,250
777.5,459
774.45,100
775.61,166
774.47,203
772.88,747
773.32,100
773.41,328
773.94,341
774.93,101
777.34,317
777.09,166
776.07,843
776.07,0
774.42,507
774.35,1116
775.08,640
774.79,306
775.78,510
775.72,1246
764.77,1168
754.43,621
758.64,610
758.64,0
760.26,1896
755.31,1096
755.44,1270
759.09,513
760.27,922
761.13,661
762.43,1190
762.43,0
767.36,354
764.27,100
762.54,200
760.79,100
760.79,0
760.06,160
758.98,482
758.09,763
756.08,653
756.08,0
756.08,0
753.92,392
752.03,407
752.96,138
752.96,0
748.98,101
748.98,0
750.25,150
748.32,100
748.46,501
748.34,425
746.72,1110
743.76,1099
744.65,2008
743.12,433
743.65,2744
741.9,7411
741.9,0
746.94,235
751.63,103
752.85,175
754.2,1034
756.63,360
756.67,108
756.99,521
757.18,636
756.16,209
753.85,756
751.04,210
750.07,226
751.07,123
754.23,400
754.37,594
752.73,1299
751.88,198
751.88,0
751.88,0
751.62,713
753.01,788
755.62,306
756.18,176
756.54,424
756.54,0
756.54,0
756.54,0
756.54,0
757.01,343
757.01,0
757.01,0
757.01,0
757.01,0
758.85,220
760.91,406
760.91,0
760.91,0
755.62,679
751.64,1953
757.67,1342
759.64,263
762.45,1493
761.02,2647
760.58,549
759.48,461
761.34,713
764.71,544
766.64,1482
768.07,2177
766.98,361
767.99,360
767.58,1125
767.86,973
763.24,100
764.05,301
767.19,1576
769.53,225
767.03,527
766.12,444
766.8,1191
763.95,967
762.83,796
764.84,600
763.89,797
761.2,205
760.92,944
755.75,281
754.83,810
756.43,1834
757.76,3166
756.42,459
758.03,398
761.58,1769
757.17,902
758.4,101
758.07,6455
758.09,4410
753.59,1288
756.73,1357
745.76,5354
746.7,7293
757.19,2252
759.32,3288
755.88,1010
758,1655
759.11,1200
760.33,1557
759.49,1270
756.67,941
758.63,1089
759.48,4504
766.51,946
767.84,1417
771.65,2244
773.53,1010
767.32,384
767.01,872
770.84,935
769.16,812
770.21,1548
772.36,999
774.43,1005
774.38,2347
779.65,1130
777.01,376
776.81,1640
777.76,2594
776.16,1201
774.36,578
773.59,790
773.83,2886
773.26,978
775.66,288
774.46,1459
776.41,4486
778.23,9071
778.23,0
774.7,100
774.7,0
774.7,0
786.45,992
786.45,0
789.58,444
789.47,740
792.16,1272
792.16,0
790.38,344
790.38,0
790.38,0
788.05,117
787.22,194
786,217
786,0
783.64,103
785.12,263
785.12,0
786.15,110
788.23,368
788.23,0
788.23,0
788.23,0
789.78,201
789.89,464
789.51,188
788.65,292
787.78,256
787.73,344
788.47,100
786.88,100
786.88,0
786.88,0
787.14,139
787.14,0
788.52,347
788.86,1998
780.17,303
776.55,1466
776.14,347
781.73,375
781.73,0
781.73,0
787.18,721
786.95,394
786.95,0
786.95,0
786,100
786,0
786,0
785.13,205
785.13,0
787.09,533
785.79,173
785.79,0
783.78,159
784.28,121
785.22,113
784.21,100
784.21,0
785.9,426
785.9,0
785.9,0
782.42,639
782.42,0
784.81,203
784.81,0
787.95,669
789.01,386
788.98,855
787.9,126
788.15,370
788.79,413
787.55,1750
784.93,2039
785.95,5122
792.25,363
792.62,826
793.79,614
793.47,925
792.05,311
792.04,387
792.44,1001
794.26,2011
796.07,253
796.07,0
794.9,288
794.9,0
795.2,633
794.71,1621
795.93,419
794.63,123
795.3,434
796,353
795.96,648
795.96,0
797.65,1228
796.68,861
796.48,101
796.55,1380
796.66,120
796.57,228
797.42,103
797.93,1167
797.32,587
797.53,1142
797.24,1860
797.95,1280
798.18,1251
798.05,2414
797.58,411
798.66,1447
799.06,1913
797.16,2828
798.65,13079
798.65,0
798.65,0
798.65,0
799.91,667
800.05,548
800.05,0
801.07,678
804.77,964
805.7,194
805.65,537
805.65,0
805.65,0
805.65,0
807.91,219
807.98,663
807.98,0
810.38,1482
809.59,678
808.59,115
806.22,454
807.8,370
808.62,321
807.51,662
808.71,176
808.07,1062
808.17,526
808.17,0
807.18,100
806.96,100
807.77,156
808.16,100
808.16,0
807.85,238
808.31,565
808.45,399
809.83,1210
808.14,236
808.62,1413
808.4,3822
807.06,103
800.13,123
800.42,110
805.67,494
805.27,834
805.8,795
805.8,288
805.74,200
804.74,1557
805.26,462
806.53,102
806.4,139
804.88,467
802.47,279
802.52,225
802.52,0
802.52,0
802.52,0
803.01,429
803.01,0
800.65,400
800.65,0
800.27,101
801.37,200
800.81,102
800.81,369
800.5,412
800.74,510
799.92,201
800.22,516
799.64,122
799.68,364
797.97,465
797.97,0
799.54,174
799.54,0
801.92,394
803.53,743
802.8,2395
796.66,300
795.88,698
795.56,119
795.56,0
795.56,0
796.95,118
796.53,817
796.39,128
796.39,0
795.59,381
795.59,0
794.57,312
793.82,261
794.44,1068
794.24,101
792.29,100
794.13,294
792.65,100
792.34,100
792.34,0
794.26,946
794.26,0
794.37,221
794.37,0
794.31,250
794.31,0
793.56,259
793.56,0
794.37,489
793.79,421
794.4,1226
795.79,1060
794.36,290
794.85,850
793.89,516
794.04,937
794.5,104
795.13,451
793.95,4477
793.95,0
792.49,212
798.32,351
798.26,218
798.6,1418
801.08,106
801.08,0
803.2,109
803.2,0
802.7,533
801.37,109
801,146
800.83,311
800.83,0
800.83,0
801.18,928
801.21,112
801.21,0
799.53,205
799.53,0
799.95,100
800.47,961
798.73,171
799.83,341
799.17,392
799.17,0
799.17,697
799.03,405
799.35,243
799.35,0
799.35,0
799.79,607
799.03,418
799.03,0
798.71,173
798.37,491
798.64,610
797.97,368
798.26,4661
798.26,0
798.26,0
798.8,168
798.83,211
798.02,2830
797.32,740
797.76,128
796.96,432
796.87,401
796.56,210
796.56,0
794.81,582
797.22,308
795.97,200
795.84,150
795.76,251
795.76,0
795.76,0
796.51,100
796.51,0
797.23,100
797.85,207
797.85,318
797.85,0
797.85,0
797.85,0
797.85,0
797.85,0
797.85,0
797.75,454
797.75,0
797.62,360
797.62,0
797.22,150
797.22,0
797.64,141
797.73,101
798.35,1493
799.58,3605
799.58,0
799.58,0
796.41,281
794.18,120
793.92,200
793.53,449
793.67,702
793.67,0
790.85,503
792.24,551
792.13,530
792.13,0
792.75,906
794.19,141
794.19,0
794.19,0
793.86,565
794.5,411
793.92,110
793.92,0
793.91,100
793.91,0
793.69,563
794.77,103
793.56,1256
794.81,412
794.63,622
794.61,2082
794.6,1419
794.23,1197
794.48,2866
794.48,0
794,203
793.53,143
792.97,166
791.99,304
791.97,151
792.16,1030
793.52,5037
791.56,566
788.63,153
788.63,0
790.34,127
791.4,764
792.76,246
792.08,357
792.25,277
792.04,1344
792.86,508
792.39,380
788.97,252
788.92,2860
788.92,0
791.82,150
792.45,121
792.87,100
793.25,211
792.91,100
792.91,0
791.7,302
791.7,0
792.04,578
792.41,255
791.4,481
790.98,214
790.98,0
790.98,0
790.43,177
790.66,111
790.66,0
789.26,177
789.64,113
790.05,123
790.05,0
790.05,0
790.26,147
790.07,521
789.99,6581
801.39,1054
792.54,102
793.74,477
796.48,1495
799.26,543
797.79,961
798.21,558
796.03,243
799.44,400
798.88,710
799.1,803
801.23,2187
800.17,521
801.53,419
801.53,0
797.44,450
798.11,203
796.8,210
796.8,0
796.8,0
796.8,0
796.39,110
796.43,1398
797.45,107
797.71,204
797.57,403
797.57,0
798.69,259
798.31,1168
800.15,2491
800.15,0
800.53,394
799.41,402
800.27,554
800.99,724
800.94,113
800.9,446
799.71,1257
798.9,5042
802.44,282
800.94,209
800.94,0
800.94,0
800.94,0
800.94,0
800.73,546
800.83,236
800.25,254
800.25,0
800.25,0
800.44,837
800.44,0
797.89,432
800.37,402
799.32,100
799.32,0
799.03,334
798.14,111
798.14,0
797.45,106
797.45,0
797.45,0
797.45,0
797.45,0
797.45,0
790.82,659
791.69,211
790.5,301
793.18,117
792.33,150
793.19,301
793.19,0
793.95,1800
795.53,983
793.84,221
793.62,1063
794.67,1131
793.34,7518
793.34,0
789.14,310
790.73,242
790.68,101
790.09,518
789.4,375
789.63,358
789.78,124
789.78,0
789.78,0
789.3,111
789.3,0
789.3,0
789.3,0
789.54,428
789.88,207
789.88,0
789.88,0
789.88,0
788.73,100
790.04,548
790.19,200
790.19,0
791.48,218
791.83,647
791.87,530
791.87,0
791.87,0
792.47,322
792.65,229
793.02,190
793.52,100
793.04,601
793.04,0
792.45,568
793.07,101
792.4,479
792.95,413
792.72,4614
792.72,0
790.8,100
790.8,0
788.13,300
788.26,129
789.02,173
789.02,0
790.45,591
790.45,0
790.45,0
790.45,0
789.24,100
788.2,113
788.2,0
787.58,190
789.38,130
789.38,0
789.48,444
789.48,0
789.51,100
789.51,0
789.51,0
789.51,0
789.51,0
790.13,155
790.13,0
790.13,0
786.11,357
786.11,0
786.11,0
784.27,200
784.27,0
786.23,104
786.23,0
785.73,104
785.73,234
785.92,357
785.56,1095
787.08,1442
786.59,256
788.81,102
789.31,236
792.85,1888
788.86,1462
790.13,201
790.92,662
791.42,707
790.46,642
790.46,0
790.47,715
790.15,110
791.07,101
790.27,136
789.67,204
789.67,0
789.67,0
789.67,0
791.64,502
792.49,100
792.57,101
791.82,1114
791.96,1156
793.3,424
793.63,1251
793.63,0
793.63,0
792.61,1084
792.61,0
792.89,800
792.08,638
792.53,150
792.53,0
791.35,113
793.71,289
793.71,0
793.43,467
792.52,2258
789.39,1890
803.98,261
802.95,105
798.14,640
796.02,284
796.02,0
796.02,0
796.02,0
796.02,0
796.02,0
791.18,224
792.73,100
792.73,0
791.07,756
793.5,103
793.5,0
794.15,297
795.37,142
794.59,142
793.83,677
793.83,0
795.38,200
796.39,329
796.39,0
796.39,0
796.39,0
796.39,0
797.9,122
797.9,0
797.9,0
797.9,0
797.9,0
797.9,0
800.53,226
800.53,0
801.81,903
802.34,490
803.08,1176
803.73,1339
805.72,6706
805.72,0
803.82,640
801.85,534
803.99,986
801.76,528
800.68,280
802.82,1420
803.74,317
803.82,261
803.85,1188
803.43,200
805.65,195
805.94,100
805.94,0
805.94,0
806.98,855
805.91,104
805.91,0
805.91,0
805.91,0
801.81,507
802.41,314
803.06,200
804.17,355
804.17,0
804.04,201
804.15,101
803.63,114
806.53,457
807.41,254
807.17,144
806.71,200
806.71,0
806.83,219
807.03,178
805.85,544
805.44,1038
802.24,920
801.25,3203
798.88,3116
801.04,2630
801,2896
800.58,2445
798.91,2906
795.99,3795
796.43,3974
796.41,4326
793.53,1054
793.07,1738
792.89,1569
793.12,1269
792.08,2510
791.15,1720
793.19,2352
793.53,2221
789.77,702
792.66,268
793.99,661
793,740
792.91,1462
792.37,355
791.88,2826
791.65,2766
791.41,892
791.12,826
790.73,321
790.56,868
791.8,969
791.45,661
791.78,1631
791.7,1042
792.22,814
793.72,416
796.29,778
800.38,300
800.76,1012
800.07,3515
801.85,5656
795.72,1101
798.79,303
794.5,1730
797.98,829
798.96,130
799.32,546
802.24,1085
798.75,100
798.75,0
795.61,1183
796.26,235
796,316
795.48,222
795.32,1514
793.32,475
793.32,0
792.53,300
792.53,0
793.06,1828
790.68,564
793.51,141
793.51,0
791.8,254
791.8,0
793.51,211
793.51,0
793.51,0
795.14,378
795.14,0
795.14,0
794.5,1204
794.5,0
794.5,0
794.5,0
793.4,236
791.32,318
794.56,351
794.01,536
793.5,4964
795.57,200
796.35,425
793.61,421
792.44,301
790.85,487
790.85,0
790.85,0
788.61,446
784.95,326
790.14,1309
786.93,928
788,1601
788.42,2266
788.45,550
787.8,1022
788.14,144
787.39,200
786.33,110
786.33,0
786.33,0
786.33,0
785.47,105
785.61,401
786.15,277
785.6,266
786.47,629
786.36,1352
786.27,2517
786.15,1094
784.66,448
784.19,3449
785.3,1598
787.71,150
787.69,821
789.24,1250
791.25,520
791.8,869
789.51,2182
791.42,3012
796.81,200
796.81,0
796.06,705
795.74,811
796.21,737
795.3,117
795.85,957
800.37,916
800.46,276
799.79,948
799.79,0
799.69,200
800.95,787
802.09,204
802.09,0
804.55,226
804.71,865
804.98,1749
805.82,220
805.82,0
805.82,0
806.17,374
804.97,284
804.32,225
804.09,117
802.63,100
802.42,352
802.22,493
801.51,301
801.51,0
801.47,228
801.47,0
801.64,200
799.93,346
799.93,0
799.93,0
805.84,732
805.84,0
805.86,1973
810.3,563
815.67,304
819.29,2811
819.63,3259
828.74,1316
822.47,618
828.02,935
829.76,517
831.18,3719
831.2,676
829.31,733
833.48,983
835.28,894
835.74,1601
833.39,729
831.69,537
832.56,1285
831.26,2407
831.48,1294
828.13,356
830.03,100
831.03,368
831.48,137
831.61,411
831.65,212
830.97,686
830.97,0
830.84,140
831.23,637
833.44,424
832.75,139
832.75,0
836.37,1337
835.51,1135
836.5,483
836.1,1481
834,631
833.26,678
835.81,4823
830.35,1339
830.35,0
824.05,634
823.13,1064
821.49,358
820.74,1033
821.05,103
820.53,838
822.24,550
823.82,1459
824.2,323
822.95,254
824.01,1082
825.73,817
823.01,1103
823.05,919
823.42,1131
823.75,777
823.71,1782
825.62,294
827.07,1687
827.77,4220
830.51,2356
830.51,0
832.34,1123
832.78,100
832.81,710
833.65,1076
834.07,100
834.67,682
835.96,555
835.64,357
834.34,347
832.93,524
834.33,832
834.8,1227
836.61,2603
837.95,2255
839.76,4396
839.76,0
838.18,441
841.67,931
841.15,404
838.89,411
838.67,691
835.85,826
835.13,3695
831.84,259
830.51,524
831.82,320
831.88,121
831.88,0
833.35,392
833.35,0
829.83,100
827.84,229
828.85,113
828.85,0
830.92,100
830.92,0
830.92,0
830.92,0
830.92,0
836.69,155
836.69,0
839.67,312
839.32,318
839.29,148
840.33,102
840.33,486
840.43,1348
839.17,880
837.05,226
838.41,243
840.54,1372
840.73,300
840.73,3414
840.39,6197
845.46,741
843.03,1553
844.24,152
844.24,0
844.24,0
844.24,0
844.83,151
846.37,100
844.34,344
844.34,0
844.34,0
844.34,0
842.75,118
843.75,313
843.75,0
844.85,302
844.85,0
844.85,0
844.05,204
843.53,132
843.53,0
843.53,0
843.53,0
843.53,0
844.91,690
845.86,202
844.7,214
844.37,222
845.62,282
843.72,205
842.6,100
842.6,0
842.6,0
842.6,0
842.6,0
843.78,135
843.06,339
844.47,703
843.5,809
847.59,138
847.59,0
848.66,546
848.92,202
848.92,0
850.42,353
848.18,309
848.18,0
848.18,0
848.18,0
848.18,0
848.18,0
848.18,0
848.18,0
848.76,150
849.07,321
849.07,0
848.49,160
848.47,101
848.47,0
849.54,301
850.56,139
850.56,0
850.56,0
849.42,449
849.42,0
850.16,196
851.76,557
850.45,559
851.03,200
851.25,210
851.09,531
849.45,202
849.34,101
850.36,229
850.36,0
849.02,453
850.01,331
847.95,1729
851.06,917
850.11,896
846.78,2654
848.63,1124
851.63,1038
851.92,1361
851.72,305
851.36,200
849.49,260
847.57,1314
847.57,0
849.44,605
846.73,1017
846.76,100
846.76,0
846.4,836
845.76,1988
845.94,3480
845.94,0
846.35,869
843.64,428
841.91,200
842.07,348
842.07,0
841.78,225
840.94,659
842.33,100
842.22,783
842.59,154
842.59,0
842.59,0
843.18,809
843.18,0
840.12,945
839.71,690
839.71,0
839.71,0
838.26,262
837.69,1928
835.54,1434
836.05,200
836.11,772
840.93,364
841.8,101
840.24,259
838.7,553
840.73,577
840.73,0
840.73,0
839.21,208
838.69,204
838.69,0
840.7,300
839.73,200
840.25,330
838.5,100
839.14,317
840.23,978
838.65,400
838.65,0
838.77,100
838.06,475
837.83,117
838.18,436
838.18,0
834.19,200
833.37,1592
837.73,1046
838.7,228
838.92,948
837.96,105
839.32,100
837.22,185
838.98,114
838.98,0
833.98,321
834.01,212
834.25,1564
845.99,2093
846.73,2283
844.65,2657
848.92,1021
844.8,857
844.18,1161
844.27,245
845.81,110
844.6,173
843.27,487
843.42,178
845.38,181
845.76,2791
846.75,657
844.31,202
845.73,109
846.49,323
847.45,573
847.79,105
847.79,0
847.79,0
843.9,348
847.55,100
847.55,0
847.56,200
847.79,605
847.65,772
847.34,449
848.51,885
849.44,858
849.36,713
849.03,479
847.78,103
847.78,0
850.26,992
849.51,320
846.65,808
847.67,701
847.56,5110
838.67,440
840.86,345
841.54,225
840.65,1202
841.88,508
842.07,402
841.66,703
843.97,481
843.78,361
844.86,102
846.66,315
845.26,229
845.26,0
845.54,460
844.02,189
843.65,263
843.65,0
844,104
845.64,269
845.64,0
845.64,0
845.81,216
845.81,0
846.73,100
846.06,200
846.09,1519
847.43,239
848.29,3416
847.74,1133
847.56,302
847.96,578
848.3,130
848.67,1039
848.43,285
848.26,242
850.56,126
852.92,4277
856.34,1809
856.55,23468
850.65,100
852.51,3248
854.89,823
856.4,1599
856.85,429
856.57,100
856.57,0
858.78,208
857.26,105
857.27,1455
857.27,0
857.27,0
861.29,287
861.29,0
857.37,104
858.63,110
858.61,280
858.61,0
858.02,216
856.73,1095
857.26,947
855.56,610
854.23,125
853.06,100
853.06,0
851.12,217
851.02,565
850.91,1155
850.35,134
850.9,100
851.65,306
851.65,0
851.65,0
850.75,100
848.72,122
849.67,184
849.67,0
850.51,151
850.34,590
850.34,0
852.89,2514
857.97,1047
857.97,0
857.97,0
857.97,0
857.97,0
859.56,110
859.27,202
859.43,195
859.43,0
859.43,0
859.43,0
859.43,0
857.49,100
855.9,129
855.9,0
855.9,0
855.9,0
855.9,0
860.35,103
860.35,0
862.06,101
862.06,0
862.22,507
862.39,101
862.24,107
862.24,188
861.7,1241
861.7,0
860.17,322
860.17,0
860.17,0
859.91,291
860.09,100
860.09,0
858.33,100
858.67,101
858.44,1752
861.29,358
863.44,401
863.46,2229
863.96,251
863.37,105
866.05,131
866.05,0
863.57,356
862.75,1141
862.75,0
865.12,348
865.12,0
865.12,0
866.5,1116
866.5,0
866.04,162
864.58,100
864.43,168
863.61,373
863.61,0
863.61,0
863.61,0
865.85,668
863.55,100
863.38,422
863.38,0
863.98,290
863.98,0
863.45,155
864.23,293
864.11,343
863.71,888
863.6,235
863.64,1360
863.95,201
863.68,161
862.15,322
861.04,3588
860.24,1780
863.15,883
863.23,969
864.62,532
862.52,2858
863.88,1007
863.5,209
863.15,523
863.72,440
860.88,429
861.81,493
859.64,1697
857.27,368
857.27,0
856.03,104
856.56,615
853.84,254
852.97,367
853.47,2321
851.43,998
850.56,202
850.9,300
850.82,1958
850.82,0
850.82,0
849.66,400
851.7,100
851.68,731
851.57,102
850.61,200
852.69,200
851.79,307
851.79,0
850.77,200
850.77,0
850.52,218
850.77,543
850.77,0
850.77,0
852.15,3240
855.04,103
854.45,2310
852.75,311
854.9,312
855.46,104
855.46,0
859.5,2199
858.49,509
857.84,329
857.06,510
857.06,0
856.82,309
856.45,517
856.45,0
855.13,213
855.15,119
855.15,0
855.15,0
855.15,0
855.15,0
855.84,240
855.31,313
855.31,0
854.69,144
854.72,236
854.82,252
854.63,311
855.31,211
854.1,292
854.1,0
852.78,164
853.77,100
853.58,1040
854.22,156
852.76,372
853.26,203
853.57,562
851.52,2127
853.7,5242
854.8,301
853.16,227
853.66,181
856.4,653
856.4,0
858.39,332
859.55,122
858.61,244
858.61,0
857.2,132
856.74,100
856.74,0
856.88,100
856.88,0
859.59,104
860.44,323
860.44,0
860.44,0
860.26,200
860.26,0
858.73,100
858.73,0
858.73,0
858.73,0
858.73,0
859.67,169
859.67,0
859.67,0
855.8,223
854.3,200
855.28,2733
853,960
853,0
853,0
852.12,255
852.76,201
855.08,335
857.36,332
857.15,4391
853.91,100
850.25,472
850.93,3503
850.11,1536
848.71,550
851.46,657
851.46,0
855.33,1235
854.78,284
853.25,224
850.83,225
852.74,187
854.62,208
854.61,340
854.46,377
852,300
853.1,144
853.29,217
853.29,0
852.25,247
853.5,271
853.5,0
852.47,200
852.47,0
852.47,0
854.77,230
853.24,115
854.25,103
854.25,0
854.01,135
854.01,0
854.01,0
854.01,0
857.56,488
856.49,307
858.74,394
858.02,1277
857.7,351
856.39,2679
856.39,0
848.87,262
854.45,945
853.21,301
852.76,107
852.76,0
851.4,250
851.4,0
851.4,0
851.4,0
851.95,716
850.83,1054
850.29,306
850.45,103
850.45,0
848.3,384
848.79,470
848.79,0
848.79,0
848.79,0
848.79,0
848.79,0
852.23,504
852.26,100
852.26,0
853.03,200
853.16,383
853.29,460
853.23,202
852.92,368
851.64,377
852.74,271
852.74,0
854.91,363
855.15,324
854.7,400
855.36,320
856.65,709
857.84,1243
857.84,0
850.44,436
850.41,201
850.36,115
850,430
850,0
850,0
849.07,565
847.92,100
847.92,0
847.92,0
847.65,101
847.65,0
850.37,302
850.04,683
850.23,367
850.23,0
853.08,243
852.71,600
851.92,314
851.92,0
851.92,0
847.28,145
846.93,1115
846.06,110
846.06,0
847.22,236
846.33,216
846.33,0
846.33,0
846.33,0
846.33,0
848.54,577
848.54,0
848.54,0
848.54,0
848.54,0
848.54,0
846.96,1107
852.29,574
854.63,1258
849.38,655
849.29,518
848.02,617
846.55,598
845.77,1185
845.77,0
843.41,469
843.41,0
844.62,516
843.69,232
841.45,346
841.16,100
841.16,0
842.94,718
843.08,209
843.08,0
839.86,722
842.56,102
842.56,0
842.56,0
842.56,0
842.56,0
842.56,0
843.87,101
843.87,0
843.87,0
843.87,0
841.91,525
841.91,0
846.19,176
846.19,0
846.2,114
846.2,0
848.18,101
848.18,0
849.8,946
848.48,2286
839.96,1251
836.33,953
836.33,0
836.33,0
836.33,0
836.33,0
836.33,0
842.68,174
841.32,1052
841.68,431
841.68,0
841.68,0
841.68,0
838.09,100
838.09,0
838.04,100
838.04,0
838.04,0
838.04,0
838.04,0
838.04,0
840.45,200
840.45,0
841.45,355
841.45,0
842.41,103
842.41,0
842.41,0
842.41,0
842.41,0
842.41,0
842.41,0
842.41,0
842.41,0
842,226
842.58,168
843.14,150
843.14,0
843.35,1864
843.35,0
843.35,0
847.19,100
847.71,420
847.03,101
847.03,0
847.62,415
845.84,1499
846.04,482
846.04,0
846.04,0
846.04,0
846.12,205
845.91,106
846.6,101
847.65,233
847.46,202
848.63,159
848.76,100
848.64,839
848.64,0
848.64,0
848.64,0
845.09,121
845.09,0
845.09,0
845.09,0
848.23,417
847.26,260
847.25,278
847.25,0
847.44,155
847.71,714
846.06,496
846.06,0
847.39,100
847.47,1257
847.64,100
847.89,2419
843.73,386
842.44,547
842.44,0
845.25,227
843.09,719
843.09,0
843.09,788
844.14,637
844.69,300
845.23,110
845.23,0
846.09,101
845.32,210
845.32,0
847.92,100
847.92,0
847.92,0
845.05,121
845.09,159
844.67,200
843.3,113
843.5,100
843.5,0
846.14,100
847.3,100
847.3,0
846.12,100
846.38,200
846.38,0
844.08,209
843.74,315
844.08,100
844.08,0
844.34,418
844.57,191
846.04,325
846.53,610
847.7,1325
847.55,3114
848.76,128
850.55,845
858.34,318
853.98,104
851.93,294
846.9,125
846.56,603
845.34,584
845.34,0
847.45,108
847.45,0
848.01,389
846.61,238
846.61,0
846.61,0
846.61,0
846.61,0
849.13,169
849.13,0
847.25,223
847.05,221
846.11,133
846.28,105
847.14,592
847.14,0
845.8,132
846.52,424
846.52,0
846.87,387
846.87,0
846.87,0
846.87,0
844.14,132
843.93,215
843.93,0
844.02,496
844.02,0
843.75,308
844,4104
844,0
843.1,1396
843.76,886
844.59,1006
843.95,535
843.46,715
839.21,231
840.19,1463
841.7,622
840.02,834
840.08,2206
838.99,670
838.72,965
841.35,316
841.35,0
838.03,101
837.83,100
837.83,0
837.12,536
837.18,1064
838.91,174
839.7,315
838.01,430
840.13,320
840.13,0
838.46,896
839.74,198
840.89,401
839.28,136
839.53,206
839.37,102
839.29,1510
839.78,1893
841.53,273
841.64,1066
842.45,154
842.41,822
840.33,1597
842.39,9168
841.45,402
840.57,301
840.92,200
840.54,100
841.11,732
843.22,379
841.9,1033
841.9,0
841.59,110
841.59,0
843.05,616
843.05,0
843.88,328
844.26,100
842.71,312
841.73,731
841.8,100
841.8,0
841.8,0
842.12,100
842.24,949
841.07,337
841.07,0
840.47,3034
840.47,0
839.41,562
838.68,411
837.67,2076
838.89,915
838.18,196
838.29,2303
839.77,208
839.77,0
839.99,125
839.99,0
838.11,1082
839.02,1468
839.09,2360
838.93,10189
844.32,568
846.12,1184
843.99,100
845.15,666
842.9,2089
845.76,4259
846.39,2541
846.6,3735
845.53,445
845.62,1584
846.73,4522
846.73,0
848.05,292
847.32,863
846.98,1638
848.07,602
848.11,100
847.38,814
847.93,100
847.93,0
848.76,379
848.76,0
848.76,0
851.22,101
850.11,101
849.85,346
849.73,1580
851.04,251
850.7,394
850.7,0
852.56,212
852.07,606
851.4,1406
853.27,363
851.43,1096
851.43,0
851.5,400
851.4,1423
850.68,7259
847.36,233
849.04,279
849.04,0
849.04,0
849.59,103
849.59,0
849.59,0
849.59,0
846.8,202
846.8,0
846.8,0
850.34,279
850.34,0
850.34,0
851.49,289
852.35,306
852.35,0
852.35,0
852.54,590
852.54,0
850.87,611
850.87,0
850.87,0
852.73,691
852.73,0
852.26,135
851.61,237
852.19,237
852.95,627
852.95,0
852.95,0
854,496
852.77,311
852.77,0
853.27,252
852.59,676
851.86,589
851.86,0
853.15,800
852.28,102
852.28,0
849.3,100
852.29,620
850.81,287
852.12,402
853.45,678
854.47,710
853.83,757
853.83,0
858.82,312
858.36,200
858.44,223
858.44,0
858.44,0
857.94,625
857.94,0
857.34,517
857.34,0
857.34,0
857.34,0
857.34,0
859.19,300
859.19,0
859.19,0
859.47,150
859.47,0
859.47,0
859.47,0
859.32,292
856.63,249
856.63,0
858,512
858.46,523
859.89,114
860.75,467
860.75,0
858.75,286
858.04,1562
858.54,100
858.54,0
860.36,1113
858.35,276
859.24,818
859.24,0
859.24,0
859.61,360
859.61,0
859.61,0
859.61,0
859.61,0
859.61,0
859.95,261
859.95,104
859.95,0
859.95,0
859.95,0
859.95,0
858.84,101
858.84,0
858.84,0
860.61,175
861.63,120
861.93,376
862.34,210
862.43,401
862.47,269
862.61,323
862.61,0
862.61,0
862.61,0
863.26,484
862.68,1000
862.25,262
862.25,0
862.25,0
863.49,723
864.77,2585
864.77,0
861.25,233
861.75,458
862.67,100
859.74,102
859.58,102
859.33,119
857.65,100
857.65,0
857.65,0
857.65,0
851.34,420
849.16,100
849.16,0
851.11,257
851.11,0
851.38,338
852.69,100
852.68,100
852.68,0
852.68,0
852.42,110
852.42,0
852.42,0
852.42,0
852.42,0
852.42,0
852.42,0
854.68,256
854.95,201
853.35,231
854.07,200
854.07,0
855.28,110
855.28,0
853.24,502
853.24,0
854.32,107
853.62,1593
851.53,1193
849.6,217
851.31,100
852.28,202
852.74,1381
852.74,0
852.74,0
852.74,0
851.87,202
852.98,110
852.69,499
851.17,108
851.8,200
851.38,100
851.43,200
850.93,184
850.93,0
851.46,109
851.46,0
851.46,0
851.46,0
851.46,0
851.46,0
851.46,0
851.46,0
851.46,0
851.46,0
849.85,400
850.75,497
849.85,212
849.85,0
849.85,0
849.85,0
849.85,0
849.85,0
849.85,0
853.17,100
852.81,613
851.68,2921
845.91,657
856.53,472
856.12,661
856.12,0
856.74,100
856.74,0
856.85,100
856.88,111
855.99,726
855.99,0
855.92,418
855.53,214
854.4,129
854.4,0
855.78,178
855.78,0
856.21,444
856.21,0
856.21,0
855.13,100
855.13,0
855.13,0
855.13,0
855.13,0
854.92,1346
854.61,654
854.61,0
857.52,511
857.52,0
856.8,452
859.32,200
859.32,0
859.26,100
859.67,1578
859.16,331
860.06,563
861.23,2434
862.4,1251
861.85,4393
861.85,0
863.37,758
864.53,296
865.53,695
864.51,522
864.61,414
864.53,154
864.53,0
866.1,137
865.95,300
865.95,0
865.95,0
867.03,567
864.96,223
864.96,0
864.72,758
863.14,150
864.07,272
864.44,101
866.13,155
866.13,0
866.13,0
866.13,0
865.66,150
865.87,150
866.24,201
866.55,282
865.49,123
867.01,102
866.87,719
866.74,780
866.21,726
867.23,204
866.84,914
866.9,1215
866.34,1075
866.34,0
866.09,370
866.32,2807
883.51,5436
901.82,4687
906.79,2488
909.15,1106
907.83,2803
907.83,0
908.2,1503
908.12,1375
908.12,0
908.54,1683
909.14,2443
907.67,1218
907.13,1745
906.41,1744
905.69,2102
905.05,1686
904.5,322
904.3,132
904.3,0
900.66,1225
896.54,536
898.61,106
899.25,1384
896.61,168
897.55,578
893.52,522
894.32,522
894.04,1264
891.9,725
891.39,1181
894.01,1167
893.39,3179
894.26,301
892.66,746
889.74,594
890.06,1066
889.72,3425
889.47,1417
888.87,4689
896.2,846
896.25,1601
895.2,1602
895.12,200
895.2,848
896.09,463
895.58,913
894.72,204
895.94,214
893.78,1059
893.55,361
893.55,0
894.98,315
891.07,772
892.32,202
892.52,426
892.78,756
892.44,230
891.33,1244
887.44,560
886.92,229
886.92,0
887.79,753
889.03,220
888.29,321
888.98,170
888.98,0
885.75,236
887.15,100
887.15,0
887.15,0
885.54,651
886.17,672
886.17,0
884.65,715
885.05,698
885.48,476
885.48,0
885.86,1614
881.94,100
884.89,993
884.46,100
884.22,150
887.46,535
887.64,675
886.79,390
887.92,1065
888.3,948
887.71,934
884.92,100
883.73,400
881.94,270
882.89,1329
881.16,116
881.16,0
883.44,183
882.63,316
881.26,663
881.19,146
883.15,120
883.15,0
883.15,0
880.93,200
880.93,492
879.21,300
881.08,312
881.14,100
880.03,390
880.57,107
880.18,300
881.16,638
879.69,1283
878.5,670
878.84,1388
876.41,1019
876.03,1456
876.62,4763
877.1,3366
879.67,1199
881.91,334
881.92,917
882.29,656
882.54,1064
880.41,414
879.52,583
882.48,469
882.1,704
881.72,528
880.62,103
879.66,159
880.52,1478
881.71,296
881.96,1199
883.32,103
884.07,100
884,500
886.16,1077
885.49,200
886.55,307
885.86,1207
885.86,0
887.43,987
887.43,0
884.26,611
883.02,577
883.38,520
883.53,545
882.62,1808
882.61,5197
883.81,306
884.01,603
885.98,1421
886.82,3811
886.17,1906
884.46,1317
885.09,1420
885.1,10993
866.4,1687
876.35,3261
870.94,2183
876.53,1699
879.89,2376
877.98,980
878.73,874
882.03,1222
882.37,102
881.57,2273
880.12,510
882.68,502
879.63,210
882.91,723
884.4,100
888.19,583
890.79,109
890.79,0
890.79,0
893.5,1041
889.99,101
889.99,0
886.69,269
886.65,232
886.42,1013
887.26,5162
890.32,1015
890.56,979
888.86,1445
886.82,1047
884.95,1163
883.95,411
884.02,643
882.49,2390
882.4,585
880.89,1336
882.79,2618
881.54,1973
883.92,8220
884.47,2632
880.05,200
880.45,491
884.53,627
885.52,301
884.92,389
881.84,305
883,246
883.08,467
884.6,258
885.63,1076
881.41,112
879.35,113
876.08,1057
876.08,0
871.53,1557
867.98,504
867.79,123
867.64,598
868.67,150
868.67,0
865.56,1464
862.99,798
862.79,273
861.05,522
862.59,100
863.93,315
863.6,500
863.6,0
865.4,211
864.73,627
865.09,360
862.89,100
861.78,527
863.44,311
864.04,448
863.45,1322
863.26,334
861.21,2066
858.49,1236
863.94,743
863.94,0
866.75,1468
864.58,200
866.31,385
867.93,735
867.93,0
867.93,0
869.11,981
868.08,773
866.59,518
866.59,0
864.16,1206
864.16,0
861.97,1506
860.22,1725
862.91,157
864.06,100
863.79,121
863.79,0
864.03,562
864,100
864.37,891
864.37,0
864.37,0
864.37,0
866.13,157
865.6,606
865.6,0
864.43,201
864.2,436
864.2,0
863.54,670
864.65,100
865.39,881
863.85,893
863.83,1824
863.64,3234
865.55,210
867.75,692
867.88,2036
868.35,101
871.52,200
872.24,249
872.24,0
872.24,0
872.69,403
872.11,200
872.11,0
872.11,0
872.11,0
873.24,106
873.24,0
872.12,134
872.33,400
872.33,0
872.33,0
872.73,340
872.73,0
872.73,0
872.73,0
872.73,0
872.73,0
875.25,168
874.19,259
874.19,0
875.79,100
875.79,0
875.79,0
875.79,0
876.25,128
876.25,0
877.65,293
877.5,387
877.5,0
877.26,268
879.49,507
864.68,3246
860.89,2817
856.28,1762
854.26,2649
857.38,1399
857.38,1169
850.9,100
847.7,328
842.38,323
845.77,1065
847.22,826
846.1,2567
847.53,788
848.79,567
851.42,1107
855.73,2045
852.67,2127
853.35,162
854.49,3214
853.51,3639
854.3,4522
853.64,7260
854.71,1110
859.97,2680
858.31,2100
857.53,1406
860.48,4368
861.48,350
862.47,3509
863.67,1765
863.02,103
864.27,591
861.21,857
862.15,380
863.17,601
861.57,1999
863.16,562
862.36,1830
864.31,3358
869.62,269
870.34,265
874.26,301
876.01,307
873.46,622
870.86,411
875.03,1361
873.58,823
873.58,0
873.58,0
871.63,568
872.03,418
872.08,896
873.72,100
875.51,791
875.51,0
876.49,533
876.49,0
876.49,0
877.79,100
878.86,272
878.58,104
876.11,398
876.11,0
875.01,387
875.19,495
875.19,0
875.19,0
872.87,247
872.63,100
872.65,104
872.86,1058
876.48,105
876.95,337
876.62,428
877.05,1194
879.47,121
880.04,101
879.27,2090
885.88,1063
883.46,682
886.43,1302
885.13,609
885.06,100
885.77,625
887.26,250
888.83,332
888.56,3296
888.23,897
889.1,11055
890.99,8194
892.32,2362
895.88,10363
896.3,1598
895.12,228
893.43,623
892.17,197
892.17,0
893.9,446
894.8,1658
894.1,560
894.98,505
894.05,312
893.34,439
893.79,101
894.44,510
894.11,1135
893.33,716
893.91,100
894.44,110
895.13,565
893.72,468
893.72,0
893.46,201
892.03,1491
893.54,429
893.36,658
890.07,1940
892.18,223
892.18,0
893.23,426
894.82,100
891.4,110
891.8,545
893.24,373
893.64,268
893.64,0
895.98,109
895.98,0
895.05,189
895.94,168
895.94,0
895.94,0
895.94,0
895.94,0
895.94,0
895.94,0
895.94,0
889.37,184
887.65,547
887.65,0
888.94,570
888.94,0
888.94,0
888.94,0
888.94,0
888.94,0
887.13,273
886.18,110
886.18,0
886.66,100
886.66,0
886.39,110
885.45,429
885.57,101
883.85,744
884.35,1059
886.65,1374
882.24,228
878.52,515
881.09,570
876.18,226
879.43,200
877.99,1301
876.73,1074
873.54,690
874.11,803
876.34,106
876.34,0
875.84,1067
876.46,407
875.09,400
876.67,215
876.67,0
878.93,1811
878.67,568
876.74,863
874.06,300
874.24,384
874.24,0
876.52,306
876.52,0
878.18,437
878.84,237
878.84,0
878.84,0
879.12,814
879.36,100
881.28,436
879.63,1038
880.79,2016
879.94,179
878.39,402
875.46,477
875.22,120
874.94,1553
878.68,639
881.86,228
884.01,1580
882.01,685
883,1398
880.88,2605
883.43,1011
883.43,0
883.31,336
883.11,541
880.66,100
880.66,0
880.46,1244
880.07,613
879.4,524
879.28,351
879.28,0
879.07,301
878.58,206
878.58,0
878.58,0
878.58,0
877.68,232
877.97,100
877.97,0
877.69,100
877.69,0
878.37,106
878.37,0
878.52,201
877.64,495
877.21,472
878.86,100
878.98,198
879.55,435
878.87,222
879.26,615
877.77,195
877.22,2070
880.42,726
878.25,162
878.72,616
876.77,421
874.87,398
871.76,383
871.76,0
871.76,0
871.97,423
872.02,197
870.28,100
870.75,595
873.54,1110
875.46,257
873.55,159
873.55,0
872.03,508
872.03,0
872.03,0
873.96,318
873.96,0
875.97,100
875.97,0
876.25,494
873.76,100
873.76,0
873.81,1041
874.09,141
876.11,202
875,166
876.5,300
875.07,258
876.51,140
876.27,175
874.15,210
874.22,120
872.2,200
872.18,1393
871.65,2506
867.39,317
867.8,337
867.28,200
864.75,306
865.22,1083
868.38,873
869,2602
872.35,647
875.69,733
875.08,430
876.26,487
876.26,0
876.26,0
873.33,410
874.73,354
874.07,100
873.15,554
873.8,205
873.8,0
873.8,0
873.8,0
876.18,102
875.69,652
875.82,115
874.69,253
874.69,0
874.74,338
871.99,200
871.99,0
872.85,474
873.07,205
872.64,100
872.64,0
872.85,682
874.24,106
875.28,373
872.11,101
872.65,1177
872.46,1669
870.05,961
871.4,1197
871.4,0
872.05,244
872.05,0
871.17,538
871.4,445
871.4,0
871.4,0
871.4,0
871.4,0
871.4,0
871.4,0
877.87,202
879.39,100
879.39,0
879.49,318
879.49,145
881.51,107
881.64,1068
881.64,0
879.47,100
879.48,115
878.84,406
879.66,134
879.82,336
878.82,160
878.82,0
879.36,675
878.5,398
879.09,656
878.95,202
879.31,1183
878.89,203
879.04,265
878.16,642
879.49,1037
879.86,1086
881.24,4166
881.24,0
882.3,104
882.3,0
883.76,100
883.88,185
883.35,453
883.35,0
886.09,211
888.86,599
890.46,794
890.84,310
891.09,720
890.24,301
891.56,125
890.33,508
892.34,100
894.5,659
894.5,0
895.99,692
895.99,0
896.81,312
896.81,0
896.11,2239
898.1,200
897.8,201
899.04,144
900.19,100
900.09,729
900.09,0
897.81,202
898.25,1110
900.24,317
900.38,519
900.95,202
900.95,0
900.71,171
899.55,1387
899.2,1051
898.39,3917
893.98,159
892.94,200
895.77,300
895.77,0
895.77,0
895.37,223
894.64,200
893.51,1245
890.79,202
891.38,242
889.62,684
891.36,100
891.36,0
892.15,133
891.77,392
891.77,0
891.4,454
890.35,2329
890.37,502
890.37,0
893.32,210
893.32,0
893.32,0
891.17,706
890.68,100
890.7,342
890.7,0
890.7,0
890.7,0
890.7,0
891.38,119
891.38,0
890.8,802
891.88,200
891.48,228
892.05,989
894.08,943
894.07,714
894.39,5749
889.95,688
891.34,493
896.43,634
896.91,100
897.27,2606
896.48,440
896.98,676
897.42,461
901.79,368
900.97,450
900.97,0
903.98,779
903.25,720
903.25,0
902.45,750
902.45,0
900.82,122
900.9,193
901,178
901.91,406
901.91,0
901.91,0
901.29,129
901.29,0
901.29,0
901.29,0
901.29,0
899.75,363
899.99,554
899.99,0
899.14,161
899.36,614
899.57,169
899.57,0
898.15,285
899.53,341
899.75,692
899.26,931
899.85,6117
899.85,0
899.85,0
902.31,891
899.45,635
901.22,382
901.22,0
900.87,500
900.85,255
900.85,0
903.6,113
903.6,0
904.61,291
904.61,0
904.7,282
904.7,0
905.87,476
909.04,155
909.04,0
906.2,204
905.5,1452
909.71,471
909.71,0
909.71,0
909.71,0
909.71,0
909.19,223
909.75,442
908.91,120
909.05,226
908.74,100
908.74,0
908.74,0
909.64,472
909.64,0
908.82,465
908.82,0
908.1,1019
907,4050
907.55,2981
917.2,274
917.2,0
913.98,230
919.22,210
919.04,101
921.94,158
922.26,134
922.26,0
922.26,0
921.89,801
921.23,1103
921.17,100
919.67,127
919.11,1751
919.01,100
918.39,166
918.39,0
918.39,0
918.39,0
919.21,430
920.92,389
920.92,0
922.19,203
924.62,135
924.62,0
924.62,0
927.56,457
927.37,618
926.57,386
925.71,286
925.71,0
925.71,0
929.92,1801
929.18,1041
929.65,983
930.38,1131
932.5,1487
934.88,3976
939.36,15245
947.7,2117
939.9,2867
944.48,1402
942.04,5066
942.04,0
939.21,863
938.08,831
943.06,360
945.77,493
946.55,772
947.01,788
948.45,159
949.25,715
949.37,313
949.31,426
947.27,100
946.96,104
946.86,200
946.11,396
946.11,0
946.11,0
945.8,577
948.88,402
948.33,303
948.33,0
948.33,462
952.75,368
952.92,317
952.39,1584
952.91,614
952.91,0
954.29,1008
952.77,305
953.33,546
953.95,828
953.91,1251
952.38,356
952.02,1855
951.56,6437
958,2459
959.71,5551
961.12,1277
962.79,1939
963.96,977
962.2,363
958.87,100
961.33,178
961.74,1075
960.22,780
958.33,569
958.12,319
958.19,1872
959.02,388
954.81,111
955.46,872
953.85,272
954.45,231
953.84,240
952.77,100
953.87,244
952.52,459
952.19,430
952.19,0
953.27,190
953.15,344
952.79,233
951.82,102
951.73,1043
952.11,107
951.71,181
952.44,672
952.44,0
953.83,207
954.11,213
954.61,215
953.88,103
952.63,955
953.55,7703
957.37,204
961.02,103
963.13,894
961.82,211
960.91,396
962.34,401
962.34,0
960.05,104
961.06,361
962.51,348
960.18,653
960.18,0
960.18,0
959.58,100
959.28,202
961.47,679
959.86,100
960.69,101
961.42,230
961.42,0
957.95,3550
957.95,0
957.95,0
939.15,2533
938.26,821
939.94,2313
934.01,1731
932.83,1772
932.67,183
934.69,1457
933.7,1075
933.96,1012
933.02,406
933.08,661
933.73,804
931.52,141
931.31,317
931.37,100
931.37,240
931.91,767
932.14,895
933.24,217
933.24,0
934.46,259
933.78,497
933.78,0
933.05,350
933.05,0
933.05,0
933.05,0
933.05,0
931.95,858
931.22,249
932.41,398
932.04,763
933.29,872
933.29,0
934.88,210
934.55,500
935.35,1099
934.86,541
934.5,8456
938.83,400
935.95,202
937.66,1246
937.08,790
938.36,297
935.84,150
933.14,564
933.91,591
933.01,333
933.49,389
933.99,394
936.79,200
937.28,766
936.22,100
936.22,0
936.22,0
936.22,0
936.22,0
936.22,0
937.52,410
936.92,597
937.83,100
938.41,100
937.89,214
937.89,0
937.55,357
936.62,445
936.52,319
936.52,105
938.6,466
938.6,0
937.27,353
939.58,515
939.58,0
938.93,166
939.01,955
938.15,606
936.7,996
937.94,3315
933.78,103
935.67,100
933.55,803
933.67,586
933.67,0
932.93,101
935.04,481
935.33,144
935.33,578
935.69,228
935.69,0
937.1,220
937.52,100
937.64,207
938.02,478
939.26,661
939.47,306
939.47,467
937.95,100
939.28,136
939.92,759
939.92,0
941.54,273
941.56,747
940.74,640
940.52,641
941.88,563
942.33,699
941.48,424
941.48,0
941.48,0
937.01,143
937.01,0
936.8,100
936.8,0
937.18,100
937.37,332
938.08,420
938.91,1055
932.74,1363
932.74,0
932.74,0
936.8,927
939.93,100
939.51,471
940.68,522
939.91,102
938.78,330
938.78,0
937.84,178
936.24,202
936.24,0
936.83,100
938.08,183
938.08,0
938.96,1105
939.72,980
940.29,515
940.29,1889
940.29,0
940.29,0
940.29,845
941.49,200
941.63,644
940.29,672
940.29,0
940.29,0
941.68,218
942.26,1043
942.26,0
942.26,0
943.57,4378
942.38,4995
942.38,0
942.38,0
944.79,1581
944.68,2286
946.58,2137
951.34,1295
948.06,370
946.99,260
946.99,0
945.34,388
945.34,0
945.34,0
946.68,392
948.22,337
948.89,584
949.68,901
947.93,1206
947.93,0
948.04,100
948.04,0
948.04,0
948.04,0
948.04,0
948.04,0
948.04,0
947.96,545
947.96,0
947.96,0
949.43,609
949.43,0
949.43,0
949.43,0
948.59,471
948.59,0
948.82,323
948.85,554
948.72,511
948.86,782
948.86,0
949.22,2717
949.22,0
949.22,0
952.76,100
955.01,3793
959.75,200
959.96,767
959.96,0
957.7,2231
957.7,825
954.23,349
954.23,0
954.23,0
948.33,782
948.33,0
946.49,200
943.4,643
943.4,0
943.5,272
943.5,0
943.5,0
941.58,558
941.58,0
941.58,0
939.51,181
939.51,0
937.63,103
937.63,0
937.5,509
938.32,362
938.32,0
938.32,0
938.32,0
938.81,154
938.81,0
936.31,105
936.31,954
938.61,141
937.01,330
936.78,866
936.97,323
937.37,731
937.37,0
941.07,2379
940.62,139
940.62,0
934.32,329
938.83,286
936.83,1840
937.94,1141
939.03,670
938.7,774
935.69,111
935.69,0
932.71,349
932.63,107
932.02,564
930.66,970
930.66,0
930.66,0
935.41,287
939.11,642
939.6,745
939.86,500
940.71,100
940.71,0
940.71,0
940.71,0
940.71,0
936.42,415
936.5,107
936.45,212
935.47,709
936.13,345
936.39,786
936.39,0
936.39,0
934.54,2156
934.54,0
934.54,0
928.95,1335
925.71,671
925.29,8541
943.09,600
945.4,1220
945.4,0
941.26,256
938.35,790
938.09,256
939.61,100
940.87,375
940.87,0
940.75,432
941.55,111
941.59,106
939.18,100
939.18,0
939.18,0
944.23,175
944.23,0
947.11,800
946.54,201
946.54,0
946.54,0
947.38,310
947.38,0
945.71,389
948.4,291
946.27,221
946.21,100
947.08,556
947.08,0
946.44,253
945.71,506
946.36,362
945.05,477
945.81,437
945.37,282
943.61,134
943.21,240
944.82,634
945.43,424
945.43,0
947.28,287
951.12,226
949.92,492
950.12,151
953.41,219
957.5,387
958.15,703
957.62,435
958.29,124
958.29,0
955.73,251
955.73,0
955.73,0
954.19,486
954.19,0
954.19,0
954.19,0
954.19,0
948.5,275
949.03,100
947.84,256
947.84,0
949.07,600
949.07,0
949.07,0
949.07,0
949.07,0
949.07,0
949.07,0
949.97,174
949.97,0
949.97,0
949.97,0
949.97,0
949.74,128
949.19,177
949.19,0
949.83,1237
950.88,230
952.67,336
952.67,0
950.22,190
951.1,266
951.41,342
951.41,0
951.41,0
951.41,0
951.82,1017
951.82,0
951.82,0
951.02,170
951.02,0
949.87,112
949.96,527
948.99,347
948.99,0
945.87,100
945.87,0
945.87,0
943.11,318
943.48,270
943.53,210
942.96,121
941.15,221
940.89,241
941.17,473
940.68,731
941.48,849
939.47,1783
940.2,100
939.03,102
939.48,100
939.48,0
937.92,329
937.92,0
937.6,143
937.49,1762
940.96,247
940.96,0
940.36,1091
937.29,100
936.04,493
935.71,215
935.52,241
934.26,462
934,173
933.98,1534
933.98,408
933.04,263
935.12,114
935.16,927
936.88,439
936.9,130
936.9,0
936.9,0
935.33,100
934.7,147
934.7,0
935.38,1254
934.65,206
934.65,0
937.53,494
937.76,201
937.76,0
937.76,0
935.2,480
936.28,262
936.3,275
936.3,0
936.3,0
934.96,185
934.96,0
931.45,139
930.37,524
930.55,1237
929.41,5265
924.31,100
928.39,203
928.39,0
929.87,211
928.61,440
930.51,175
930.58,350
930.58,0
935.19,156
933.77,536
933.77,0
935.95,937
935.95,0
942.14,438
941.99,710
944.27,200
941.62,646
941.62,0
941.62,0
939.32,100
937.8,163
940.72,234
939.74,284
940.87,491
939.98,201
938.85,153
938.11,130
937.74,305
937.74,0
937.74,0
937.74,0
937.74,0
937.74,0
935.46,372
935.46,0
934.94,676
934.6,458
936.19,591
935.58,1762
935.58,0
928.59,949
934.91,335
934.07,1095
932.75,111
934.92,100
933.58,305
933.58,0
935.34,100
934.5,432
933.33,890
934.73,205
933.91,765
933.99,759
935.21,384
934.47,2050
933.05,470
932.25,652
930.1,176
931.12,395
931.12,0
931.2,604
930.72,456
930.06,442
930.06,0
931.53,790
931.25,434
928.45,350
923.63,652
923.42,261
919.78,503
921.21,1766
913.18,692
913.18,0
911.92,707
909.95,458
906.8,1891
902.78,1035
902.24,5035
901.12,1591
908.11,420
908.36,426
907.29,863
904.5,1015
901.94,1693
901.22,2848
901.22,0
901.22,0
902.29,437
900.93,381
905,106
905,0
904.35,497
905.33,840
905.33,0
905.19,517
905.19,0
906.24,138
906.24,0
906.24,0
905.71,1111
903.28,2156
903.58,1245
906.29,106
907.21,100
910.25,105
909.37,325
906.08,718
904.74,398
904.89,487
904.89,0
904.47,510
904.59,569
903.81,100
904.8,1163
903.82,735
902.76,1606
899.76,6690
898.07,3016
899.19,3467
897.56,405
897.94,3387
895.96,273
895.57,518
896.44,2732
901.14,777
899.37,1962
900.33,1893
900.6,1785
900.6,0
904.62,1212
908.2,593
906.54,491
906.04,649
906.12,227
906.41,853
906.49,343
906.8,1062
906.8,0
907.45,565
908.27,199
907.14,1265
908.5,457
907.68,530
907.68,0
907.78,200
907.78,0
908.8,566
909.1,235
907.14,451
907.14,576
907.14,0
907.14,0
906.97,114
906.2,933
905.53,1194
902.53,11165
902.5,453
902.14,615
901.67,215
901.67,0
901.67,0
901.62,100
915.68,168
914.81,661
914.81,218
914.81,0
913.97,220
913.97,0
913.97,0
913.97,0
913.97,0
913.97,0
915.89,844
918.22,477
918.37,133
917.82,657
917.82,0
917.82,0
920.23,568
921.52,1955
920.61,714
920.54,2034
920.54,0
920.54,0
920.54,0
920.54,0
920.54,0
920.54,0
924.29,167
924.53,378
922.88,203
922.81,100
922.51,256
921.92,100
921.92,0
921.35,100
921.35,0
921.35,0
921.97,104
923.58,120
924.22,233
924.22,0
924.22,0
924.22,573
923.4,201
922.9,100
922.9,0
922.9,0
922.9,0
922.9,0
922.9,0
922.39,146
922.39,0
922.39,0
922.39,0
922.39,0
922.39,0
922.39,0
922.39,0
922.39,0
922.39,0
922.39,0
922.99,303
922.98,211
923.95,1709
916.99,588
921.43,126
920.22,843
920.22,0
921.18,163
921.18,0
921.18,0
921.18,0
921.18,0
917.48,482
917.48,0
916.41,107
916.41,0
916.41,0
916.41,0
916.41,0
916.41,0
916.41,0
913.94,219
913.94,0
913.94,0
913.94,0
913.94,0
913.94,0
913.94,0
913.94,0
913.94,0
917.29,164
917.29,0
918.38,317
917.84,200
917.84,0
919.78,108
918.37,305
918.58,203
918.58,0
915.6,144
914.15,1008
917.16,1794
917.16,0
917.16,0
904.15,478
903.62,354
903.62,0
903.62,0
903.62,0
903.62,0
903.62,0
903.62,0
903.62,0
907.62,159
907.62,0
907.62,0
907.62,0
907.62,0
910.06,100
908.96,1516
909.07,3594
907.63,351
908.52,514
908.52,0
911.03,131
911.03,0
909.75,336
910.5,104
910.5,0
910.5,0
910.5,0
908.62,255
910.23,100
911.09,226
911.09,0
911.09,0
911.07,222
911.57,677
910.37,202
911.46,852
911.78,3460
918.69,1014
918.69,0
915.87,190
920.95,210
922.14,110
922.57,1035
918.83,330
920.02,242
920.02,0
920.02,0
918.28,503
918.28,0
918.28,0
918.28,0
915.87,155
914.74,382
914.84,2185
915.77,3591
915.77,0
913.72,614
914.3,3309
914.3,0
914.27,3525
911.31,774
909.4,3296
909.4,0
909.4,0
909.4,0
909.4,0
909.4,0
910.72,102
910.76,145
910.76,0
914.4,1022
913.37,114
913.37,0
914.97,118
914.97,0
915.38,1884
916.45,752
916.45,0
921.6,326
921.67,866
921.67,0
924.33,307
924.33,0
924.33,0
924,215
920.45,872
920.45,0
923.47,116
925.48,587
926.65,603
923.87,572
923.87,0
921.08,233
918.12,218
916.26,873
917.2,491
919.28,194
919.25,100
918.59,270
917.69,123
917.69,0
914.77,123
914.47,533
916.8,413
916.8,0
916.8,0
918.76,317
919.81,404
920.13,217
920.13,0
920.13,0
921.07,147
919.15,175
919.15,0
918.22,1572
918.22,0
918.22,0
918.22,0
924.58,113
926.29,1094
925.9,1086
926.72,185
926.72,0
928.24,106
928.07,200
928.07,0
928.07,0
931.75,123
931.75,0
932.03,105
932.28,100
933.39,664
933.88,100
933.88,0
934.2,100
933.59,1285
933.59,0
931.9,197
931.9,0
932.22,397
932.22,0
932.22,0
933.02,201
933.02,0
935.48,111
937.03,1025
934.99,207
935.05,798
932.75,161
933.2,153
933.2,0
932.79,520
932.17,200
932.64,2669
924.34,207
924.34,0
924.34,0
924.34,0
934.54,139
935.3,625
934.02,402
934.02,0
934.02,0
934.02,0
934.02,0
934.02,0
927.17,361
927.09,128
925.51,1212
925.51,0
925.51,0
925.51,0
926.11,370
926.5,390
926.5,0
924.56,207
922.41,105
922.7,219
922.7,0
920.72,458
919.71,1192
920.16,357
921.68,247
923.03,321
923.12,100
922.31,417
922.38,224
921.24,1203
921.23,127
920.09,1214
920.22,675
918.86,643
914.91,4539
915.34,1617
911.87,3170
904.09,1677
907.14,1458
902.36,1138
902.36,0
901.03,802
901.03,0
907.63,2030
909.77,1206
911.77,329
911.77,0
919.97,383
915.63,385
915.63,0
914.74,1329
913.8,423
912.97,785
916.23,257
915.78,592
915.78,0
915.7,440
915.7,0
916.45,101
916.7,197
914.11,213
914.11,0
915.16,423
915.16,0
915.16,0
915.67,169
915.67,0
914.78,114
914.78,0
913.35,758
911.67,698
912.51,1552
911.66,600
912.81,5007
916.13,1477
915.21,101
915.85,202
915.46,288
915.46,0
915.21,303
915.18,820
915.18,0
918.96,1627
924.35,596
921.56,167
921.47,290
920.36,2163
924.14,100
924.14,0
920.49,120
920.49,0
920.49,0
917.36,114
915.96,128
915.96,0
915.96,0
915.96,0
915.96,0
915.96,0
921.27,100
921.27,0
921.27,0
918.58,107
918.58,0
919.42,258
919.42,0
919.42,0
919.42,0
919.42,0
919.42,0
919.42,0
919.42,0
924.33,2458
902.54,1268
896.67,2974
898.91,1656
890.26,1807
890.02,3246
890.46,1555
894.03,2022
892.38,2581
897.18,805
896.5,984
895.86,250
895.64,205
895.04,781
895.75,701
894.21,1106
894.21,0
890.59,344
891.49,2025
885.62,441
884.53,308
884.78,1817
881.52,359
881.52,0
881.52,0
887.18,188
887.18,0
887.18,0
885.88,1307
884.59,1612
883.46,1432
884.15,477
883.36,757
880.9,2386
880.68,100
878.55,421
877.18,745
877.56,524
876.61,822
876.5,6836
872.8,413
872.8,0
868.85,1059
870.59,634
870.59,0
870.25,2216
867.56,457
867.56,0
867.94,140
867.68,1572
866.57,447
866.57,0
865.21,240
866.22,428
865.84,1541
865.81,601
868.15,168
868.15,0
868.21,962
866.61,304
866.64,403
867.66,245
869,349
869.22,159
870.18,312
870.18,0
872.02,202
872.02,0
870.01,100
870.01,0
870.11,105
870.04,280
870.04,0
871.04,443
871.04,0
871.04,0
870.85,250
870.86,419
871.96,2066
878.83,2130
879.02,803
875.05,595
875.05,0
874.52,361
875.05,112
874.85,174
876.03,376
876.03,0
874.08,328
874.28,100
874.28,0
875.05,1044
874.01,327
870.72,250
869.85,637
871.31,200
871.36,822
870.78,249
871.52,294
871.74,101
871.74,0
872.28,155
871.88,327
871.88,0
871.88,0
875.48,112
875.05,115
875.05,0
875.27,586
875.27,0
874.31,537
872.88,475
872.2,1003
871.93,471
872.44,1373
874.24,2420
875.57,2083
875.35,7881
896.73,3483
894.1,1770
890.86,432
887.33,168
883.53,1573
877.76,267
877.38,848
875.39,1363
873.75,323
873.06,1095
870.58,1168
871.28,1088
870.58,1301
873.07,264
870.58,866
871.46,454
872.15,1470
870.64,762
869.18,546
869.18,0
869.95,1058
872.57,300
872.57,0
870.6,209
870.59,100
871.44,125
869.89,709
869.89,0
871.29,431
871.27,619
873.88,576
873.13,129
875.16,256
875.16,0
876.09,570
877.09,179
875.24,1640
874.23,1026
875.07,2615
875.07,0
875.07,0
877.9,384
875.51,301
882.92,101
883.31,213
883.31,0
882.82,250
888.03,125
888.03,0
888.03,0
891.19,100
891.19,0
889.79,100
889.79,0
889.79,0
890.82,320
890.82,0
890.82,0
890.82,0
893.75,141
895.63,493
893.58,158
893.32,161
893.32,0
893.32,0
893.32,0
893.32,0
891.02,200
890.59,693
891.42,145
891.42,0
891.42,0
891.42,0
891.85,101
891.85,0
891.98,1202
894.48,428
893.95,1696
895.68,366
898.83,1028
898.83,0
898.39,2078
898.39,0
898.39,0
898.39,0
897.52,104
897.52,0
897.52,0
899.48,561
898.79,103
897.33,312
897.01,357
897.55,103
897.55,0
899.04,300
898.54,123
898.54,0
899.58,220
899.58,0
898.51,768
897.4,114
897.06,100
897.06,0
896.58,200
895.07,338
896.5,345
896.5,0
895.1,103
895.55,579
893.58,154
892.55,254
892.55,0
891.98,100
893.43,435
893.28,744
892.18,330
891.85,2963
902.22,100
902.66,541
906.39,630
908.95,103
908.95,0
908.95,0
908.95,0
906.3,395
906.3,0
906.3,0
906.3,0
905.99,535
904.81,763
904.81,0
904.81,0
900.61,348
900.61,0
902.49,391
901.27,401
901.27,0
901.27,0
900.77,892
900.77,0
902.59,496
902.59,0
902.59,0
902.59,0
906.79,100
906.79,0
905.87,1029
907.06,281
905.66,100
906.06,1070
906.06,0
906.8,1339
906.32,534
904.13,216
903.94,1568
904.18,4119
911.94,546
919.63,220
915.15,302
912.89,722
912.89,0
911.94,424
912.45,721
910.45,606
911.09,423
911.09,0
911.09,0
911.82,262
912.11,201
912.11,0
912.27,792
912.27,0
909.92,160
909.92,0
909.92,0
907.61,232
907.61,0
904.12,630
903.35,127
903.35,0
902.66,113
902.66,0
901.6,100
901.6,0
901.6,0
900.92,410
900.66,239
903.37,288
903.17,157
903.17,0
904,486
904,0
902.33,1094
902.33,0
899.18,1610
904.3,161
896.36,793
896.36,0
894.38,497
894.67,274
894.24,372
894.24,0
894.24,0
903.84,588
903.84,0
910.75,200
909.77,456
911.33,100
912.65,100
912.16,101
912.16,0
911.96,304
911.96,0
909.13,300
909.9,100
910.53,425
909.36,100
909.75,100
909.14,511
909.25,187
909.25,0
910.01,369
910.01,0
910.13,100
910.13,0
911.8,375
910.61,154
909.96,102
909.96,0
909.26,413
910,100
911.01,1178
912.27,113
912.62,2224
910.83,147
915.96,522
915.96,0
915.45,610
916.1,1086
916.1,0
914.33,100
914.33,0
918.47,714
919.11,400
919.11,0
919.11,0
919.11,0
922.33,392
922.33,0
919.99,301
920.42,200
920.42,0
920.22,487
921.02,322
919.41,496
918.89,292
918.89,0
917.96,762
917.96,0
917.72,308
917.72,0
913.97,100
913.97,0
915.36,100
915.36,0
914.3,208
914.7,159
915.59,100
915.1,102
914.55,100
913.01,345
913.01,0
913.3,1289
880.76,3647
858.4,3261
844.39,1302
849.66,1493
849.74,1168
856.13,1176
856.22,696
855.29,739
852.54,2915
851.4,543
853.17,1107
847.96,969
844.41,380
847.57,354
845.52,600
845.52,0
853.61,100
855.27,994
861.58,1113
861.46,288
861.17,156
860.87,127
857.27,703
858.79,436
863.74,123
863.74,0
865.47,530
862.88,458
867.82,455
867.82,0
867.82,0
868.49,1273
870.77,2170
870.77,0
870.89,223
870.89,0
870.75,360
872.11,967
873.42,5565
873.48,1338
870.17,1765
869.86,2276
868.09,750
868.05,1020
867.95,479
869.87,533
873.12,1345
870.92,586
871.26,687
869.52,543
866.73,1266
864.38,373
864.75,1063
866.13,203
867.51,337
872.45,427
873.24,205
872.82,100
872.48,480
873.94,511
878,479
878.78,100
879.08,1396
878.64,780
875.32,429
876.6,164
876.6,0
876.6,0
876.06,850
878.15,891
879.59,953
880.6,1033
880.43,431
882.66,215
883.83,863
884.53,379
881.43,1113
882.01,2668
882.79,1653
884.68,133
886.54,369
886.49,1139
889.33,102
886.44,140
886.44,0
885.68,656
882.46,453
882.47,222
882.96,226
883.64,462
881.67,265
882.6,586
882.6,0
882.6,0
881.68,200
881.68,0
882.19,110
882.19,0
881.02,100
881.29,885
882.1,223
882.77,262
883.4,298
883.46,256
883.46,0
880.79,327
880.79,0
875.79,244
878.08,109
881.13,601
882.91,412
881.88,278
881.34,101
886.09,431
886.09,0
884.31,247
883.46,3050
891.75,363
895.58,1113
895.58,0
902.91,297
904.34,138
904.34,0
907.21,266
907.21,0
909.17,516
909.17,0
910.66,1219
901.01,521
902.33,872
902.96,209
901.69,254
901.74,428
900.4,237
899.47,505
897.93,1560
899.74,477
899.74,1001
898.07,952
898.98,219
897.29,200
898.91,1276
898.52,286
898.49,845
895.57,125
896.75,209
897,707
895.8,577
896.76,200
896.76,550
897.23,1579
896.96,1260
897.06,1335
898,532
890.49,5501
896.66,10811
897.43,969
903.95,322
903.95,0
903.95,0
908.83,212
908.83,0
911.46,204
911.78,248
911.5,589
909.07,729
910.85,109
910.85,0
908.89,144
908.02,110
905.33,490
905.33,0
903.59,574
904.78,1264
904.78,0
906.61,1069
905.26,200
905.26,0
903.24,1196
903.24,0
897.39,144
897.39,0
896.82,329
896.66,289
896.8,100
896.04,118
896.76,122
895.06,101
896.36,106
894.11,210
894.11,0
892.62,243
892.76,205
892.63,2681
892.63,3454
884.2,304
880.64,400
879.53,100
878.77,3615
877.56,724
885.1,206
888.28,596
888.06,1676
888.84,571
887.47,648
887.47,0
887.47,0
891.11,161
890.95,433
887.93,306
887.93,0
887.93,0
888.07,214
888.07,0
885.96,102
886.62,100
886.62,0
886.62,0
886.62,0
886.62,0
886.62,0
886.62,0
886.62,0
886.62,0
890.72,325
891.06,102
891.06,0
890.72,141
890.72,0
890.72,0
889.73,210
889.73,0
889.73,0
888.04,2488
880.54,510
886.69,279
884.19,354
887.96,285
890.83,179
892.51,606
889.12,110
889.94,100
890.79,780
890.79,0
893.77,100
893.76,100
893.76,0
893.76,0
896.23,137
896.33,314
898.16,884
898.16,0
893.79,110
893.79,0
893.79,0
893.79,0
893.79,0
893.79,0
892.12,646
890.67,158
890.67,0
890.67,0
890.67,0
892.83,124
898.85,1036
899.1,656
899.98,351
900.33,307
899.31,457
897.04,309
897.94,401
899.03,299
899.55,1242
909.31,312
902,183
902,0
902.67,1188
903.92,445
901.67,640
901.67,0
901.67,0
901.67,0
899.76,216
899.76,0
899.56,1087
903.56,139
905.11,262
905.11,0
905.11,0
909.15,343
908.79,125
907.76,183
907.76,0
907.15,149
907.15,0
907.15,0
907.15,0
905.47,643
908.92,405
907.06,310
906.49,100
907.1,700
907.21,674
908.45,100
907.86,100
907.86,0
907.72,105
907.72,0
907.06,384
908.77,365
908.62,821
909.79,1826
909.79,0
912.86,126
912.97,271
912.97,0
913,108
913,0
909.51,112
906.3,326
906.3,0
907.59,560
907.59,0
912.91,224
913.13,203
913.13,0
909.79,107
909.79,0
909.59,813
909.59,0
909.59,0
909.59,0
909.59,0
909.59,0
909.59,0
909.59,0
909.59,0
911.32,110
911.32,0
912.29,103
911.14,100
909.89,100
908.63,499
908.63,0
908.63,0
910.88,160
911.02,900
911.01,569
910.39,607
907.31,1440
909.57,1335
909.57,0
909.57,0
915.38,790
909.66,494
907.29,853
908.15,1239
909.95,157
909.95,0
908.63,1317
905.56,147
904.95,147
905.81,289
904.8,768
906.97,128
907.86,629
906.72,707
906.53,100
906.53,0
906.63,605
906.75,1289
906.75,0
908.47,1517
908.48,636
908.48,0
908.48,0
908.48,0
907.46,293
906.86,490
906.86,0
906.93,442
904.93,1191
905.63,1235
905.63,0
905.5,200
904.92,407
905.48,900
905.17,334
904.35,784
904.24,6092
913.46,380
907.03,1113
905.23,320
907.52,209
908.3,1105
907.35,209
908.27,701
910.35,549
914.24,353
911.9,666
910.43,293
910.43,0
910.43,0
907.96,403
908.83,253
908.83,0
908.83,0
908.83,0
908.83,0
908.83,0
907.74,503
908.73,102
907.46,134
907.55,150
908.19,291
908.93,125
910.08,100
910.2,352
910.2,0
910.2,0
910.2,0
910.11,128
910.11,0
909.9,401
909.9,0
912.55,530
913.35,155
912.68,570
913.39,2965
910.41,1091
906.7,1018
906.7,0
913.21,1076
909.78,298
912.59,201
912.59,0
912.68,143
917.61,345
916.27,465
916.87,254
916.87,0
912.98,166
911.87,273
908.76,112
910,764
908.65,737
908.65,0
908.65,0
908.65,0
909.43,110
909.36,319
912.09,100
912.67,229
912.67,0
913.71,801
912.74,172
912.41,155
911.86,259
911.6,781
912.21,251
911.76,3138
911.62,1407
911.1,1108
911.09,332
911.06,815
913.72,203
912.01,399
913.76,1069
900.78,1130
903.34,767
907.54,1194
904.61,792
903.35,712
906.25,266
909.11,307
907.59,280
905.19,292
905.19,0
904.9,100
903.6,222
905.2,148
905.2,0
906.17,398
908.86,884
911.03,717
913.84,410
913.88,765
913.88,0
913.88,0
915.54,123
913.35,100
912.72,102
912.23,301
911.1,545
910.53,301
910.53,0
910.06,100
912.15,173
912.73,562
911.99,207
912.33,228
911.8,103
911.8,0
911.8,982
911.39,141
909.47,825
910.65,3134
874.07,6877
878.84,4467
889.13,1832
887.25,1566
891.16,987
894.55,992
893.89,574
894.63,1886
894.63,0
894.73,1211
894.46,125
895.41,2416
891.02,4129
892.84,369
893.53,928
892.52,307
892.08,320
892.5,643
895.96,1543
895.96,0
895.96,0
892.38,1018
892.38,0
891.76,702
890.76,694
888.67,895
890.42,101
885.94,1180
885.94,0
885.94,0
886.87,1218
887.88,750
889.64,141
889.64,0
892.22,596
893.36,722
893.36,0
895.5,1663
896.83,3160
896.83,0
906.89,956
911.07,1058
911.04,508
916,311
917.62,748
916.46,219
922.84,600
922.84,0
924.44,522
924.85,166
923.1,144
923.1,0
918.63,950
920.12,967
919.92,496
919.92,0
912.03,555
912.16,200
913.1,579
911.93,219
911.41,877
911.41,0
914.2,411
914.26,221
915.2,216
914.62,136
914.62,0
913.58,394
914.29,227
911.69,686
911.69,0
911.87,210
911.94,1121
912.29,433
910.28,200
909.4,593
908.58,576
908.05,2238
887.26,1045
906.46,203
903.31,1243
906.01,115
906.01,0
907.6,210
910.15,1624
911.11,126
912.13,157
912.13,0
912.13,0
905.08,674
905.16,204
907.65,455
907.65,0
904.82,100
904.82,0
904.46,357
903.12,189
902.33,377
902.33,0
902.33,0
898.92,1079
898.74,100
899.44,351
900.52,275
903.83,274
903.09,435
903.09,0
903.09,0
903.09,0
905.61,105
905.85,425
905.5,219
905.44,278
904.79,274
904.92,220
903.83,423
904.71,1536
901.69,455
903.65,397
906.28,629
905.97,1190
900.29,994
900.3,103
901.04,101
899.83,300
899.83,0
899.83,0
899.83,0
899.83,0
899.83,0
910.94,212
910.94,0
912.26,357
911.66,174
908.33,724
907.89,117
907.89,0
907.89,0
908.3,283
907.33,515
909.27,353
909.27,0
908.06,101
908.07,200
908.04,140
908.92,204
908.92,0
909.57,100
909.5,140
909.57,220
911.27,111
911.27,0
911.27,0
912.16,501
911.37,542
911.75,1705
911.75,0
911.75,0
911.75,0
902.5,857
902.74,110
902.74,0
905.24,642
905.24,0
902.97,172
901.78,202
904.77,299
902.9,333
902.78,101
905.36,586
905.09,521
903.89,226
904.76,230
904.76,0
907.06,327
907.06,0
907.06,0
907.06,0
907.06,0
904.82,115
904.82,0
904.82,0
907.5,1513
911.27,691
912.6,101
911.91,376
911.91,0
911.21,142
911.21,0
911.5,1021
910.7,183
910.6,1230
910.58,569
910.3,117
913.24,282
909.19,484
905.01,157
902.28,405
904.48,294
904.48,0
904.72,1202
904.51,789
906.34,852
905.2,500
905.2,0
905.2,0
906.67,661
908.27,166
908.27,0
905.72,156
905.72,0
906.73,176
905.75,108
902.53,115
902.57,100
902.57,0
902.57,0
902.57,0
902.57,0
898.01,591
898.46,129
898.46,0
895.68,166
895.68,0
895.75,294
895.75,0
892.38,527
892.38,0
892.38,0
892.79,509
893.3,679
897.49,337
897.49,0
898.86,3883
889.15,770
888.75,1444
888.66,3021
881.69,2883
876.42,1634
879.82,2273
875.08,2425
874.89,1827
875.33,2265
883.19,418
882.59,740
890.32,198
889.16,1076
889.68,485
889.68,0
889.28,166
889.93,393
892.18,299
891.85,100
891.58,577
891.58,0
890.2,164
890.2,0
890.2,0
890.89,103
889.64,646
888.66,141
888.66,0
888.66,0
888.66,0
887.93,458
887.88,780
888.95,1020
888.24,1845
888.57,1618
888.45,1474
889.1,1785
888.01,2281
887.86,5170
883.31,415
887.7,100
885.57,588
884.69,1080
884.69,0
883.59,3251
880.32,290
883.97,425
884.64,477
883.3,957
886.4,1253
886.68,422
885.06,2094
885.37,147
886.16,204
884.68,1400
882.92,922
881.65,110
881.25,249
883.1,247
882.23,788
881.7,351
882.24,173
883.38,1039
883.25,691
884.09,904
885.4,357
883.05,538
883,304
881.86,208
882.35,202
885.75,260
884.78,234
884.73,403
884.5,860
886.35,1081
884.02,468
880.45,3548
882.03,5585
890.22,314
891.77,190
891.77,0
891.77,0
890.87,480
890.87,0
894.26,425
892.99,214
892.99,0
892.67,290
894.26,108
892.71,674
892.36,298
892.33,122
892.33,0
892.33,0
890.33,156
890.16,110
890.16,0
888.66,210
888.42,100
888.22,206
888.31,2176
887.91,1662
888.78,1007
888.65,1377
887.19,467
887.19,255
887.42,136
887.63,4117
888.95,1196
888.96,790
889.37,215
888.04,1040
888.93,1109
888.28,6037
889.21,2213
889.62,1504
890.6,6736
891.66,11512
894.53,4388
895.49,747
895.09,3813
892.2,1894
895.5,4884
897.44,3655
895.58,8254
897.46,1020
897.11,1582
895.98,1015
896.21,1032
896.15,1091
896.15,0
894.41,625
891.78,115
891.01,496
891.08,963
893.32,825
892.36,183
892.97,610
893.39,761
893.39,0
893.4,612
893.58,1047
894.3,618
894.09,651
893.58,1050
893.23,709
891.83,788
889.42,1149
888.06,2326
888.53,2458
888.35,2014
886.43,5875
887.14,5932
888.03,1837
888.07,10305
889.25,8869
890.35,897
890.75,524
890.42,301
892.34,3750
888.46,403
887.61,100
887.61,0
887.61,0
886.83,441
887.11,1110
887.85,186
887.42,492
887.42,0
888.79,222
888.79,0
888.79,0
886.95,1413
889.35,1063
889.39,366
887.8,311
887.8,0
885.6,409
883.54,100
882.88,1987
882.29,1481
882.81,728
882.81,0
879.21,263
879.21,0
878.64,213
878.74,872
878.74,0
884.19,251
884.24,242
884.24,0
883.73,860
883.28,1034
884.08,183
885.11,12362
885.11,0
889.38,577
891.14,579
892.55,219
890.1,205
894.96,473
895.6,252
897.29,100
896.96,131
893.06,184
893.06,0
893.06,0
897.43,497
897.43,0
897.43,0
897.43,0
897.43,0
899.54,458
899.54,0
899.54,0
899.39,1219
899.39,0
894.78,524
893.01,122
892.5,101
892.5,0
891.86,230
891.66,103
891.66,0
891.66,0
891.67,162
892.6,431
892.6,0
885.78,597
885.23,377
884.99,393
883.8,762
884.73,1401
887.76,6805
889.11,3313
889.62,3404
889.37,1787
887.19,1361
877.46,1155
880.32,506
883.82,200
882.89,782
882.89,0
880.79,1042
880.22,401
880.11,224
880.6,595
881.47,130
882.88,632
883.09,484
883.09,0
884.11,1311
884.42,1208
885.05,676
884.38,1678
886.41,736
888.01,1000
888.01,0
886.92,1182
887.41,462
887.41,0
891.29,393
891.29,0
891.29,0
892.34,219
892.99,169
894.29,215
894.4,1139
894.4,0
895.38,301
894,2007
889.41,1161
888.26,13413
887.85,134
887.85,0
890.94,144
891.82,1149
891.82,0
891.82,0
892.24,100
894.26,508
892.35,203
892.35,0
890.13,108
889.46,425
888.94,187
888.94,0
890.39,384
893.46,205
893.26,477
893.26,0
897.61,210
897.49,100
897.49,0
898.17,377
895.34,103
895.34,0
895.24,684
895.24,0
895.24,0
900.06,206
900.06,0
900.06,0
900.06,0
905.11,139
905.11,0
905.11,0
905.11,0
901.74,372
901.69,404
902.41,1389
900.8,7444
887.15,266
879.73,786
881.95,3088
878.15,909
878.15,0
878.97,729
880.8,124
882.94,434
880.36,481
880.02,223
880.42,411
880.42,0
880.42,0
869.83,671
869.45,432
865.7,232
864.86,1473
865.8,437
866.89,444
866.73,473
865.72,451
863.49,2595
863.2,508
862.28,263
860.8,2278
860.6,529
861.34,130
861.34,0
858.83,1281
856.7,467
855.11,3137
860.08,758
865.19,412
862.07,1277
860.83,1301
861.3,718
862.07,221
857.56,906
855.24,7769
855.52,482
849.86,415
850.56,1390
844.77,806
845.23,1042
846.48,1032
847.38,1916
845.77,2052
845.19,2841
843.03,2629
838.8,424
838.83,2176
835.64,3666
833.21,1692
831.33,4498
832.7,708
830.78,790
831.81,126
831.81,1581
833.07,1413
835.66,2540
834.95,2472
840.53,428
838.74,290
835.97,506
838.42,806
838.88,649
838.78,979
841.19,339
843.28,1439
842.81,818
843.73,847
838.96,778
841.56,1209
841.77,103
838.92,778
838.87,383
835.06,3268
837.69,2598
811.81,1317
811.81,0
823.79,1224
822.53,957
818.74,656
817,270
817.28,1867
817.82,282
814.92,695
812.65,2384
817.93,747
818.25,3122
816.7,1620
820.86,1394
820.65,238
816.77,170
815.83,586
814.44,509
814.25,127
816.01,159
813.21,249
813.44,1329
811.82,2756
812.05,103
812.05,895
813.46,368
813.99,177
813.29,4979
816.13,108
817.63,3200
816.11,1308
817.78,1646
820.49,1291
821.41,505
821.05,317
818.64,1507
822.08,1678
817.62,3965
819.89,15745
832.56,443
829.73,201
825.9,757
824.69,728
827.73,844
828.55,255
829.76,3106
829.55,1162
832.09,994
832.09,0
830.79,435
828.67,456
830.07,100
830.07,0
830.07,0
829.44,554
831.36,101
832.61,219
834.49,398
833.14,705
833.26,918
831.72,197
832.75,480
835.96,511
835.53,200
835.84,389
834.67,676
834.67,0
830.59,258
833.09,395
832.69,640
834.88,351
834.41,580
832.89,280
832.51,1526
832.64,1408
831.36,1947
832.17,2223
833,10905
829.08,100
830.33,1294
825.29,1729
824.21,535
828.86,348
828.86,0
829.57,221
827.38,340
827.29,593
828.81,1360
825.6,950
825.6,0
820.09,147
820.09,424
816.46,636
816.46,0
814.87,293
816.76,107
816.15,946
819.15,191
818.75,303
819.33,198
819.33,0
815.38,622
815.38,0
814.44,502
814.2,661
814.2,0
812.79,531
813.66,103
813.72,958
813.72,0
814.61,1089
814.61,0
814.61,0
812.39,499
812.43,937
811.78,443
812.42,5544
823.56,568
818.17,348
815.83,255
815.79,819
815.27,226
815.27,0
812.26,573
812.02,188
812.96,218
818.21,201
819.44,363
821.44,1377
821.44,0
822.23,591
820.56,478
820.56,0
818.59,677
816.82,701
815.75,1392
817.53,2076
818.95,752
819.94,571
819.59,258
819.59,0
820.25,384
820.25,0
820.25,0
818.25,2490
817.05,356
817.53,476
817.78,828
817.96,2774
817.1,2475
817.41,546
817.18,1069
816.23,100
815.33,3006
815.83,582
815.93,11143
815.93,0
827.52,110
826.68,205
826.68,0
829.65,431
832.59,580
831.14,185
830.87,147
830.58,384
830.58,0
830.58,0
830.58,0
830.58,0
830.58,0
832.25,200
832.35,219
832.35,0
832.35,0
832.35,0
829.41,175
831.5,233
831.5,0
831.5,0
831.5,0
831.5,0
836.45,203
835.66,205
835.66,0
839.04,442
839.04,0
837.26,320
837.26,0
837.26,0
837.83,226
837.83,0
837.83,0
837.83,0
839.64,247
839.06,2093
839.06,0
839.06,0
839.06,0
833.48,228
833.96,114
835.63,101
835.63,0
836.77,431
837.24,673
835.18,311
835.18,0
828.94,210
826.69,841
826.69,0
821.09,138
820.76,1580
820.23,743
820.14,777
822.21,422
818.33,413
817.93,1939
821.2,675
822.31,481
822.31,0
822.31,0
822.31,0
823.66,552
821.55,648
820.67,459
821.18,253
821.76,1102
821.49,1160
820.81,281
820.81,0
820.02,447
822.75,683
823.69,1472
821.31,1360
821.29,6186
828.08,752
824.76,234
826.35,1651
828.01,1826
829.5,487
832.27,1604
830.96,1447
828.04,1818
827.37,588
827.41,128
827.07,778
827.79,1368
829.64,302
830.33,1168
833.52,966
835.18,1044
835.27,1964
835.27,0
833.96,787
834.06,381
834.04,114
833.24,364
833.25,1079
832.53,795
831.77,1472
835.61,1206
832.93,526
830.89,412
834.86,1207
835.88,1531
836.21,3221
838.27,675
838.3,1665
841.28,1598
843.03,170
842.18,1152
840.43,2250
841.56,1691
840.15,4864
832,768
832,0
833.58,585
832.35,190
833.61,104
833.61,0
834.64,200
833.46,302
833.25,100
833.24,649
834.03,474
832.29,1342
832.29,0
832.96,811
832.8,585
833.71,416
833.71,0
831.68,201
831.68,0
831.68,0
830.04,324
831.14,389
831.14,0
830.92,188
829.11,399
830.44,415
831.3,201
831.3,0
832.2,244
829.83,236
829.09,701
827.51,448
830.4,104
830.4,0
830.4,0
830.41,100
828.24,957
828.24,0
831.68,4846
824.61,200
824.44,348
824.44,0
824.44,0
824.44,0
817.38,423
817.38,0
818.05,134
818.62,727
823.29,463
824.07,306
822.6,200
822.35,1479
819.96,635
820.27,117
820.1,284
820.1,0
824.99,462
824.99,0
824.24,696
824.24,0
824.24,0
825.63,368
825.63,0
822.36,152
822.36,0
822.36,0
822.36,0
824.29,444
824.29,0
821.76,1112
823.39,475
821.86,189
821.68,508
821.68,0
820.25,461
821.3,1054
822.04,390
818.52,14240
828.22,277
836.2,1063
834.15,104
837.18,154
837.25,878
837.28,101
835.25,203
833.05,509
834.45,101
833.87,200
834.26,310
834.26,0
834.26,0
834.26,0
834.51,165
835.52,642
835.49,207
834.78,102
835.07,225
835.07,0
835.07,0
834.13,296
834.13,0
834.13,0
835.12,1248
835.7,100
834.35,233
834.35,0
831.12,625
831.12,0
829.94,1516
830.23,211
829.78,551
829.78,0
831.07,812
831.62,1721
832.08,321
832.95,2002
832.72,4806
832.72,0
827.94,306
827.94,0
827.94,0
828.78,271
828.78,0
829.03,766
829.03,0
836.5,318
834.84,381
833.68,502
828.75,218
828.75,0
828.75,0
828.75,0
828.75,0
824.6,400
824.6,0
825.49,210
825.49,0
825.49,0
825.49,0
825.49,0
825.49,0
825.49,0
825.49,0
825.49,0
825.49,0
826.83,205
826.17,492
826.17,0
826.17,0
822.06,1574
822.85,1178
822.85,0
822.85,0
822,576
823.32,638
821.69,4743
821.69,0
829.02,305
824.61,519
824.19,721
824.31,467
821.29,163
821.29,0
821.29,0
821.45,702
821.28,5840
820.65,970
817.01,2738
817.01,0
817.01,0
812.92,265
811.02,1371
811.78,3116
808.64,4055
810.38,537
810.58,100
810.58,0
810.85,402
810.7,3935
808.84,7266
808.48,1101
808.5,4538
809.72,335
810.79,103
811.03,300
811.77,115
811.06,235
811.06,0
809.5,300
809.24,202
808.24,152
809.77,1094
808.57,1393
808.65,692
810.92,7444
806.29,1486
806.37,273
807.55,1757
809.29,2159
809.29,0
812.04,243
811.88,765
813.02,3481
811.95,583
813.23,718
811.05,176
811.05,0
811.05,0
806.54,686
805.09,251
805.9,1488
805.11,936
806.42,470
805.86,746
805.86,0
804.06,1492
803.63,279
805.56,689
805.26,112
804.8,691
803.11,454
803.37,251
803.28,825
804.88,133
805.59,622
805.59,0
805.72,179
805.5,307
806.65,200
807.18,200
810.32,869
810.88,3271
808.44,1616
807.79,7790
804.35,240
800.37,243
801.93,434
799.23,340
797.6,248
797.6,0
795.68,1172
795.79,108
794.85,3221
792.57,256
791.64,733
792.62,269
792.76,453
792.76,0
790.6,102
790.6,0
790.6,0
789.26,134
788.87,311
788.29,816
788.85,609
788.56,1637
788.74,608
788.56,2971
787.54,311
787.54,0
786.37,1069
785.65,168
783.75,102
781.11,783
781.11,0
780.02,124
780,893
782.2,903
782.36,1050
782.4,1949
781.75,1624
781.96,1664
783.79,5195
787.03,643
779.98,1360
781.52,771
783.7,1553
784.93,100
785.09,1011
786.36,1027
790.54,140
791.77,276
792.68,561
791.58,100
791.62,2293
793.96,512
794.96,412
793.08,899
789.39,308
789.39,0
792.63,2102
793.17,4560
794.1,100
793.34,747
792.42,298
793.17,1464
790.67,204
791.66,948
791.8,1627
790.82,728
792.69,2769
794.96,2096
793.91,103
794.53,3229
795.15,1002
795.48,1190
795.34,1420
798.41,353
798.21,1100
795.61,5763
797.01,3526
798.01,19614
797.83,512
797.83,0
797.99,732
792.74,312
788.88,685
787.03,250
785.74,868
788.43,2281
789.15,1481
792.33,1314
793.82,304
795.09,820
793.79,535
794.29,206
795.11,761
795.2,1883
796.17,552
795.2,844
790.81,755
789.79,731
791.97,322
791.97,0
793.19,226
792.53,100
791.93,1156
791.93,0
791.93,0
791.93,0
791.93,0
789.9,222
790.9,317
790.85,231
791.14,667
793.71,1782
793.33,1723
793.88,207
793.7,616
794.56,3438
796.61,6601
789.82,250
795.55,100
798.13,100
800.6,791
800.6,0
804.34,216
804.34,0
803.34,400
804.23,510
804.4,347
804.27,425
806.14,438
809.44,104
809.06,624
805.3,395
805.3,0
805.3,0
807.84,109
807.84,0
807.84,0
807.84,0
807.84,0
807.84,0
807.84,0
808.16,166
807.17,232
807.17,0
807.17,0
807.17,0
807.17,0
804.63,382
808.14,105
805.15,223
807.38,100
807.29,132
809.32,159
808.47,1684
813.52,1791
812.24,3342
792.18,1213
781.38,1776
780.43,1074
775.31,2316
771.1,2328
776.38,1129
781.34,299
781.34,0
775.3,741
775.3,0
774.21,1306
778.65,1043
784.56,3009
786.06,1089
785.91,330
788.19,110
787.16,1426
789.94,586
787.63,2264
790.49,1041
787.81,170
786.75,1497
788.2,796
785.9,970
782.96,102
783.68,715
783.66,206
782.2,1427
779.93,1000
779.04,605
779.14,201
782.9,103
782.74,904
783.56,757
784.08,4852
783.06,1144
781.87,2833
783.58,2253
783.35,7974
768.64,987
764.4,853
762.33,1000
767.09,1679
763.36,403
763.36,0
759.89,347
758.61,400
752.17,981
761.11,927
771.53,346
771.53,0
764.91,798
765.86,412
767.87,408
765.56,1479
767.99,727
762.34,412
760.86,101
763.95,624
760.6,321
759.41,1032
757.14,212
761.6,655
758.17,1954
764.51,161
764.51,0
767.74,141
761.92,231
755.5,856
754.5,523
754.5,0
754.01,737
752.08,189
754.57,390
755.61,689
758.57,823
758.6,2066
753.16,9529
733.02,1218
712.27,1036
715.93,631
722.53,2510
747.22,722
731.25,235
738.95,313
726.01,682
726.01,0
738.59,813
726.29,1034
722.31,791
720.29,535
727.38,100
723.24,363
725.09,332
721.47,416
717.72,305
723.97,100
718.65,524
718.33,263
718.51,780
729.31,114
727.04,565
732.68,371
734.73,510
736.63,322
736.54,743
737.46,242
736.26,181
732.89,325
733.75,2918
728.53,279
730.46,206
726.02,484
726.75,252
731.62,604
726.85,454
726.98,3442
748.89,487
750.61,3587
757.26,302
758.12,3030
757.8,537
754.9,412
755.27,634
755.09,2099
752.26,2069
751.01,183
747.05,864
744.7,952
747.79,221
749.35,507
747.8,342
748.5,313
747.21,290
742.51,520
745.58,1343
740.23,754
737.77,238
738.41,302
734.83,1431
733.57,525
731.91,835
733.96,850
734.79,929
734.79,0
735.01,164
736.59,216
736.87,226
730.7,1060
732.84,227
728.07,1043
721.68,203
727.48,110
727.48,0
717.99,1506
715.08,5003
711.44,2129
711.44,0
711.44,0
720.92,462
718,894
715.59,258
720,118
720,0
713.46,110
707.27,262
714.03,509
717.25,1261
717.49,601
714.36,551
713.32,100
712.82,479
719.74,339
720.42,425
719.28,120
719.99,667
720.39,409
727.08,223
723.55,1000
737.95,900
756.27,163
758.18,215
760.5,338
772.22,804
769.57,164
769.08,103
769.08,0
773.17,1198
765.05,200
765.21,201
769.55,298
770.71,169
774.2,651
774.09,295
776.25,5592
755.48,490
754.19,877
760.12,1369
758.87,1521
755.29,1653
757.67,494
759.49,712
755.86,112
755.86,0
753.36,757
755.68,391
751,253
747.73,943
744.51,140
742.64,412
738.12,417
739.65,202
736.53,100
742.93,233
743.33,449
745.65,567
748.78,1444
737.91,100
737.97,479
744.42,767
747.04,200
749.1,512
754.86,121
754.86,0
756.17,280
757.03,206
756.99,477
755.64,517
755,1242
752.97,609
752.96,331
749.55,1592
743.93,1120
747.71,4884
740.39,566
740.39,0
747.22,872
743.32,1736
743.57,376
739.72,532
739.66,201
746.06,301
746.06,0
743.03,1133
739.64,265
740.65,321
742.75,371
743.7,127
743.7,0
747.86,223
747.86,0
747.02,223
749.98,118
752.77,701
752.77,0
752.66,500
753.02,450
750.73,182
751.07,355
751.07,0
759.05,122
757.75,232
757.9,210
756.22,1013
756.24,203
756.46,105
756.46,0
754.32,102
756.59,101
757.39,280
756.2,423
757.56,226
758.02,3728
764.56,100
764.56,0
764.56,0
767.73,320
767.84,320
767.92,3107
768.93,386
768.31,100
768.31,0
768.31,0
768.31,0
766.77,430
766.77,0
766.77,0
760.09,1051
760.62,424
758.34,601
766.3,120
766.3,0
766.3,0
768.38,158
768.38,0
768.38,0
768.38,0
768.38,0
768.38,0
768.27,1796
769.39,1426
768.11,2028
768.11,0
767.32,780
767.32,0
768.64,648
768.64,0
768.78,4537
768.83,758
767.54,100
766.17,491
765.72,1451
769.57,104
771.86,103
771.5,200
771.5,0
770.53,201
772.83,100
772.81,104
772.81,0
775.07,114
775.07,0
775.75,154
775.75,0
775.75,0
776.91,471
774.35,220
776.26,300
774.56,117
774.1,302
774.1,0
774.64,115
774.03,104
774.26,129
774.26,0
772.08,101
771.78,100
772.64,100
772.13,114
772.13,0
772.13,0
772.13,0
771.37,101
770.84,200
771.95,403
772.02,100
772.02,111
773.7,104
772.45,100
770.45,377
770.2,442
763.26,325
763.26,0
764.9,520
764.99,317
764.56,518
762.24,562
763.6,115
763.74,724
764.66,100
765.24,132
766.98,630
766.98,0
766.98,0
766.98,0
766.98,0
766.98,0
765.95,101
765.19,359
765.19,0
765.21,110
765.21,0
765.21,0
766.4,269
766.4,0
767.19,611
763.21,152
759.97,101
759.5,707
759.5,0
759.5,0
759.5,0
759.5,0
759.5,0
759.5,0
759.5,0
756.55,152
759.02,126
759.02,555
758.51,986
772.83,100
772.83,0
772.83,0
772.83,0
773.99,100
773.99,0
769.97,100
769.97,0
769.97,0
769.97,0
769.97,0
775.92,172
777.1,212
776.35,223
777.34,131
777.34,0
775.35,226
779.97,200
781.36,204
780.87,601
783.01,101
781.92,355
780.79,378
780.79,0
777.98,148
777.98,0
779.12,236
779.12,0
779.12,0
779.33,188
779.33,0
779.33,0
777.84,527
776.56,795
774.31,106
774.54,358
776.81,617
775.96,445
771.65,1231
771.65,0
766.66,200
766.66,0
766.66,0
766.66,0
766.66,0
762.46,125
763.03,100
760.9,166
760.9,0
760.9,0
760.07,102
759.27,245
756.65,709
754.05,100
754.05,0
754.13,302
755.7,119
755.7,0
755.7,0
755.7,0
752.87,408
749.59,954
748.12,113
747.9,200
745.07,216
742.27,102
742.66,784
743.48,1481
744.44,1155
745.81,463
747.28,938
747.94,211
747.52,101
747.5,311
750,1090
750.17,1782
752.91,1427
753.81,5074
766.23,100
771.68,708
771.41,429
771.41,0
771.41,0
771.41,0
771.65,300
771.65,0
771.65,0
774.4,101
773.45,100
773.15,211
772.28,696
770.26,269
770.05,186
770.05,0
770.05,0
776.39,100
776.39,0
776.39,0
776.39,0
776.39,0
776.39,0
776.39,0
776.39,0
776.39,0
776.39,0
765.62,106
765.62,0
765.62,0
765.62,0
765.62,0
773.27,100
773.71,186
772.04,124
772.04,0
772.68,347
772.68,0
773,1320
789.67,1087
800.82,241
801.48,214
801.48,0
804.05,724
804.05,0
801.52,299
801.52,0
797.75,358
796.86,205
797.38,1416
795.99,498
792.25,641
793.19,561
790.59,396
790.59,0
788.08,100
786.54,168
786.54,0
786.54,0
788.11,273
788.11,0
791.98,107
793.46,337
789.93,122
787.33,100
788.21,107
788.21,0
790.06,731
790.28,564
790.28,0
787.73,289
788.03,219
788.15,776
787.63,201
787.33,456
788.59,102
788.57,330
789.19,1873
793.41,100
788.76,100
788.41,395
785.39,226
785.39,0
785.39,0
793.76,100
793.76,0
790.82,108
794.92,448
794.92,0
797.11,200
797.11,0
797.54,306
798.06,113
798.06,0
796.63,101
796.63,0
800.43,126
800.43,0
801.24,100
800.88,200
801.7,233
799.47,201
799.47,0
799.92,391
800.36,141
800.98,658
800.58,416
801.22,229
802.45,1032
803.34,866
803.34,0
801.21,239
798.26,600
798.26,0
799.61,469
801.85,1002
798.6,5154
812.01,2127
819.24,686
814.37,545
818.56,451
818.56,0
811.59,1172
811.3,295
811.27,443
812.96,182
816.38,567
816.38,0
816.38,0
816.38,0
816.38,0
816.92,522
815.52,575
818.21,329
818.21,0
818.21,0
818.21,0
818.21,0
818.21,0
818.21,0
820.58,100
821.12,245
821.14,104
819.22,457
821.09,435
821.09,0
823.4,100
823.4,0
823.4,0
822.19,673
822.19,0
821.91,330
822.02,590
823.91,313
823.3,280
821.84,1489
821.84,0
818.06,203
818.06,0
819.42,154
819.42,0
822.08,201
822.08,0
822.08,0
822.08,0
821.43,309
818.74,100
816.32,211
816.44,206
819.47,100
819.47,0
814.57,100
814.57,0
815.83,132
817.71,184
819,106
819.65,2082
817.18,731
815.58,951
816.01,100
814.72,100
816.34,100
816.34,0
820.01,1191
819.9,749
819.9,0
822.28,203
822.28,0
822.26,100
822.29,181
823.89,100
824.28,146
824.28,0
824.28,0
825.64,1853
828.3,384
833.16,361
833.96,1562
832.47,319
828.97,210
828.97,0
828.97,0
828.97,0
828.38,254
830.94,368
832.29,325
830.68,240
829.76,299
829.76,0
832.46,550
832.46,0
832.46,0
835.16,173
836.51,213
833.84,200
834.53,124
834.53,0
833.73,103
836.12,317
836.12,0
837.8,1009
839.25,325
840.88,503
839.04,105
839.04,0
839.03,150
837.71,107
837.71,0
835.18,685
834.74,780
835.54,377
833.45,662
832.81,1107
834.89,2167
820.54,716
820.54,0
820.54,0
826.93,111
826.93,0
829.58,283
829.19,121
829.19,0
826.95,656
828.06,316
831.76,403
833.15,617
831.76,100
832.33,117
832.33,0
832.33,0
830.94,100
830.33,100
830.33,0
830.33,0
830.33,0
832.12,109
832.12,0
831,277
833.81,751
832.03,115
832.03,0
832.65,662
833.06,215
832.5,133
832.09,365
830.74,122
832.07,397
832.07,0
830.74,103
833.38,821
832.13,550
837.2,183
840.48,2635
848.33,2010
859.49,731
855.71,554
853.58,391
853.17,388
855.58,839
851.64,1455
854.82,125
855.16,1030
859.04,1572
858.59,1152
857.15,1797
850.45,580
842.87,529
842.87,0
844.78,272
844.5,673
844.5,0
844.5,0
841.28,407
841.28,0
841.67,200
843.38,400
842.44,135
842.75,296
841.07,2866
842.18,677
841.46,125
843.18,200
843.28,513
841.59,109
843.49,100
843.49,0
844.5,225
844.5,0
844.5,0
846.06,174
848.22,401
848.16,541
853.92,345
853.19,534
851.69,126
851.69,0
855.88,291
855.88,0
855.88,0
855.88,0
855.88,0
856.66,613
856.66,0
855.23,626
855.23,0
855.23,0
856.63,256
856.63,0
856.63,0
856.63,0
856.76,233
855.7,104
855.58,115
855.58,0
853.46,100
853.46,0
853.46,0
853.76,489
854.48,135
854.48,0
854.48,0
854.48,0
854.48,0
854.48,0
854.48,0
854.48,0
857,101
857.48,336
858.13,425
858.13,0
855.11,1458
855.11,0
855.53,249
855.53,0
860.4,377
860.4,0
860.4,0
860.4,0
860.4,0
860.4,0
865.13,113
864.85,463
864.59,348
865.99,539
864.75,516
864.73,598
866.71,108
866.71,0
866.71,0
866.71,0
866.71,0
865.55,100
863.95,104
864.29,125
864.29,0
864.29,0
864.49,128
864.49,0
863.91,166
863.91,0
865.53,391
865.53,0
865.53,0
864.94,149
863.97,111
863.97,0
863.97,205
863.97,0
864.89,333
864.24,1883
864.24,0
856.58,246
856.58,0
856.58,0
856.58,0
859.19,371
860.12,452
862.09,316
862.22,783
862.22,0
863.27,200
865.48,508
864.77,281
863.44,101
863.39,435
862.35,1142
862.44,394
862.26,215
862.26,0
862.26,0
860.84,324
860.47,715
860.47,0
860.9,2853
860.9,0
860.9,0
858.97,419
858.97,0
858.97,0
860.09,663
860.97,201
859.61,1685
857.29,240
857.29,0
856.68,266
856.67,939
859.16,250
859.24,1667
858.1,4453
854.58,404
858.97,816
858.97,0
858.06,1224
858.06,0
858.06,0
858.56,460
858.56,0
858.62,226
858.62,0
859.72,447
859.72,0
859.72,0
859.72,0
858.03,107
858.03,0
858.03,0
858.15,186
857.38,228
857.38,0
860.36,689
860.36,0
860.87,100
860.87,0
860.87,0
857.94,738
855.34,563
852.51,200
851.97,100
853.46,301
855.02,244
855.02,0
855.02,0
855.71,288
855.22,741
854.89,1757
851.69,1380
851.79,2185
850.35,4762
858.01,2440
858.01,0
857.2,248
855.69,308
852.5,420
856.45,529
852.4,110
852.4,0
852.28,489
852.28,0
851.94,204
851.94,0
851.94,0
851.94,0
851.94,0
851.94,0
854.43,160
854.43,0
854.43,0
851.59,2357
851.59,0
851.59,0
851.59,0
848.96,161
849.22,124
849.2,100
848.58,101
848.58,0
849.2,100
849.2,0
849.2,238
849.99,247
849.43,1089
847.66,221
846.26,285
848.99,100
848.35,108
846.73,541
844.35,1379
836.06,228
836.06,0
845.53,206
845.53,0
844.82,202
841.68,144
841.68,0
845.44,353
846.16,505
848.02,286
848.02,0
848.02,0
848.02,0
848.02,0
848.02,0
848.02,0
848.02,0
846.97,539
846.97,0
846.97,0
843.75,314
843.75,0
843.75,0
843.75,0
843.75,0
848.07,138
848.07,0
848.07,0
848.07,0
846.15,102
846.15,0
847.39,100
847.39,0
847.39,0
848.09,135
848.09,0
848.09,0
848.09,0
843.98,1281
853.86,105
852.41,144
851.28,158
849.53,254
849.53,0
844.94,164
844.94,0
844.94,0
844.94,0
844.94,0
844.94,0
844.94,0
846.82,465
846.82,0
845.89,154
845.89,0
845.89,0
850.95,434
850.95,0
850.95,0
853.28,101
853.28,0
854.56,424
854.56,0
854.56,0
854.56,0
850.59,145
850.59,0
850.98,115
850.98,0
850.98,0
850.98,0
850.09,100
850.09,0
850.57,126
850.57,0
850.57,0
848.72,345
850.25,2586
850.25,0
852.3,430
847.72,555
848.16,890
846.29,1195
846.39,279
846.27,1029
846.27,0
844.41,514
845.93,581
849.15,124
849.15,0
849.92,289
848.48,107
848.48,0
848.48,0
848.48,0
848.48,0
848.48,0
846.28,463
846.33,108
847.91,195
847.91,0
849.21,751
851.44,207
850.81,203
850.81,0
850.81,0
850.9,122
850.08,308
850.08,0
850.71,642
852.57,126
852.55,270
852.55,0
851.53,727
851.66,308
852.21,445
850.33,2211
846.2,105
847.09,382
847.09,0
847.09,0
847.09,0
847.09,0
846.26,660
845.61,342
844.94,363
844.94,0
843.52,633
844.22,1111
846.14,295
845.88,754
845.88,0
846.22,867
846.96,210
844.78,100
844.94,200
844.94,0
843.31,354
842.62,363
841.31,165
841.31,100
842.07,267
842.33,127
842.18,100
842.36,786
841.29,228
841.14,406
842.17,727
842.35,149
842.22,101
842.22,0
842.54,139
842.54,0
839.68,480
838.64,1138
838.8,757
838.8,0
842.73,999
843.15,2945
846.55,155
846.55,0
846.55,0
846.55,0
846.55,0
843.03,185
843.03,0
843.03,0
843.03,0
843.27,376
843.27,0
843.56,280
843.56,0
842.76,260
842,390
842,0
842,0
842,0
843.86,103
843.86,0
843.86,0
843.52,137
843.52,0
843.52,0
843.52,0
843.52,0
843.52,0
847.52,317
847.52,0
847.52,0
847.52,0
845.88,314
845.88,0
845.88,0
845.88,0
848.26,1043
848.26,0
848.26,0
847.49,387
847.26,575
847.26,0
849.04,300
849.04,0
850.68,170
850.68,0
850.68,0
850.68,0
850.68,0
851.43,769
851.48,116
851.48,0
851.48,0
851.48,0
853.44,100
853.44,0
852.82,102
850.35,246
850.2,744
850.2,0
850.2,0
848.72,671
848.72,0
848.67,552
848.67,0
848.67,0
848.67,0
848.67,0
848.67,0
848.67,0
848.67,0
852.29,758
852.29,0
852.52,100
853.71,614
853.69,1915
853.69,0
850.5,333
850.5,0
855.46,641
856.52,510
857.6,130
855.57,129
855.59,419
854.19,237
854.42,298
854.42,0
855.84,101
855.16,215
855.16,0
855.75,408
855.75,0
856.18,100
856.18,0
856.18,0
856.18,0
858.88,263
858.88,0
859.31,432
859.31,0
859.31,0
859.45,241
859.45,0
859.45,0
859.45,0
856.4,660
857.37,105
857.79,658
858.14,2809
857.96,891
857.45,827
857.45,0
857.45,0
856.98,469
857.17,1500
852.18,540
852.18,0
851.78,100
849.2,136
849.2,0
846.61,514
846.34,333
846.34,0
846.34,0
846.34,0
851.11,400
851.11,0
851.11,0
851.11,0
851.11,0
848.73,110
848.59,116
848.59,0
847.38,120
847.38,0
847.38,0
847.38,0
847.38,0
847.38,0
847.38,0
847.38,0
852.03,298
852.32,171
852.13,706
850.06,133
850.71,421
850.71,0
850.71,0
850.87,196
851.42,636
852.81,621
854.53,392
854.65,278
854.12,993
854.12,0
850.68,625
851.02,100
851.02,0
852.42,542
852.42,0
849.28,115
850.02,520
850.65,487
850.65,0
850.65,0
850.65,0
854.71,351
854.71,0
854.05,273
854.05,0
854.05,0
853.28,155
853.28,0
853.39,596
854.05,201
854.05,0
849.86,333
849.86,0
846.47,978
849.21,1105
849.21,0
849.21,0
849.21,0
843.14,100
843.07,359
844.28,153
842.2,243
842.49,1222
842.29,200
841.72,1997
843.36,878
845.47,1145
844.66,1306
846.89,294
846.89,0
846.89,0
848.49,174
847.78,120
847.78,0
844.42,128
844.42,0
844.42,0
844.42,0
844.42,0
848.41,110
848.41,0
848.41,0
849.07,100
849.07,0
849.07,0
849.87,120
849.87,0
849.87,0
849.87,0
849.87,0
849.87,0
849.87,0
851.36,110
851.36,0
851.36,0
851.36,0
851.36,0
851.36,0
853.28,139
853.28,0
853.28,0
852.75,304
852.84,108
853.55,666
854.09,340
854.71,449
854.28,2550
849.36,300
844.95,768
844.95,0
844.23,1398
850.72,723
848.73,105
850.85,810
849.67,530
849.67,0
847.56,240
846.37,363
846.37,0
848.03,121
848.03,0
848.03,0
847.42,114
845.53,262
847.48,150
846.56,499
847.75,144
848.19,362
847.76,362
848.15,580
849.22,459
848.32,754
848.32,0
848.46,255
848.46,0
848.63,320
847.6,457
848.3,388
848.74,234
848.74,0
848.12,408
848.23,127
848.21,363
847.64,1281
849.37,1040
847.85,2977
847.85,0
847.85,0
856.34,268
859.03,1025
859.24,102
861.81,210
863.36,171
863.36,0
862.9,111
861.54,915
861.54,0
861.82,202
861.59,102
860.81,121
860.81,0
860.81,0
860.81,0
860.81,0
860.81,0
860.81,0
863.49,200
863.7,303
863.7,0
865.88,493
865.8,111
866.08,815
866.64,112
865.88,414
865.69,105
865.65,589
865.52,608
865.55,395
865.75,1014
865.75,0
866.3,355
866.02,1305
866.02,0
864.34,881
863.01,3701
864.31,101
864.31,0
862.58,200
862.58,0
860.89,296
860.89,0
859.67,103
859.67,0
859.67,0
859.67,0
859.67,0
859.67,0
859.67,0
859.67,0
859.67,0
858.3,201
858.3,0
858.3,0
858.3,0
858.3,0
860.48,420
860.48,0
862.16,107
862.35,550
861.3,563
861.3,0
863.29,501
863.29,0
863.29,0
863.89,451
864.58,204
864.58,0
860.94,200
862.48,101
862.48,0
863.68,996
864.09,819
866.28,1315
865.63,1644
871.04,685
878.73,671
878.73,0
877.17,467
877.17,0
877.17,0
877.17,0
877.17,0
872.29,212
872.29,0
869.71,115
870.72,468
869.09,887
868.1,113
864.54,418
864.54,0
870.9,103
870.9,0
870.9,0
870.6,244
870.6,0
870.42,193
870.42,0
870.42,0
870.42,0
870.42,0
870.16,117
870.16,0
870.16,0
870.16,0
870.16,0
870.16,0
870.16,0
870.16,0
870.16,0
872.21,134
872.21,0
872.16,429
873.76,1232
873.76,0
873.76,0
873.76,0
868.21,100
868.21,0
869.14,110
868.67,100
868.67,0
868.67,0
868.67,0
868.67,0
868.67,0
872.1,1108
873.06,252
873.06,0
873.06,0
873.06,0
870.42,257
870.42,0
870.42,0
868.11,106
869.3,106
871.49,265
870.44,137
871.29,127
871.29,0
871.29,0
871.29,0
871.29,0
871.29,0
871.29,0
874.26,381
874.23,500
874.23,0
874.23,0
874.23,0
875.9,116
876.42,110
875.29,1595
869.35,794
868.58,264
861.05,266
860.68,390
865.3,728
868.04,260
866.75,210
868.81,212
868.81,0
868.81,0
869.04,176
866.46,383
867.24,220
868.02,100
868.02,0
869.23,323
869.23,0
869.23,0
869.23,0
867.31,170
868.15,306
868.15,0
868.15,0
865.74,100
865.28,257
867.57,101
867.46,226
867.46,0
867.46,0
867.46,0
867.46,0
867.46,0
870.54,231
870.54,0
870.54,0
870.54,0
872.46,136
872.18,370
872.43,1407
871.98,358
866.85,276
866.85,0
867.27,256
867.93,200
868.71,1149
871.06,650
869.86,195
872.7,273
871.81,553
870.4,223
870.4,0
870.7,315
871.72,174
872.03,942
873.17,528
874.39,340
873.94,581
873.91,207
875.94,102
875.32,235
877.09,101
877.6,521
878.71,376
878.71,0
878.71,0
878.71,0
875.86,100
875.86,0
875.86,0
875.54,519
876.42,417
874.99,826
875.58,102
875.06,399
874.38,255
874.65,354
875.28,225
875.63,5657
875.63,0
875.63,0
882.58,1413
884.03,275
879.35,304
882.38,739
883.32,2147
883.69,203
883.69,0
886.65,101
887.69,368
890.44,417
890.44,0
890.44,0
890.2,100
890.2,141
889.39,150
890.27,777
891.26,117
891.26,0
891.26,0
891.26,0
893.2,416
893.07,510
893.83,124
893.32,262
893.32,0
893.92,355
893.92,446
893.92,0
894.24,115
893.61,1309
893.27,231
893.27,0
894.27,232
896.3,721
897.37,107
897.37,0
896.44,2455
898.01,2111
896.14,307
896.14,0
899.28,188
898.97,352
901.56,198
901.56,0
900.77,135
904.73,628
904.26,743
904.26,0
906.8,444
906.8,0
908.16,756
908.28,348
907.4,1550
904.38,585
904.38,0
906.64,1133
904.75,4914
901.46,542
901.61,516
900.82,1813
902.46,398
900.82,141
897.69,233
897.69,0
896.9,232
896.23,1575
896.23,0
896.23,0
895.34,195
895.41,1704
897.05,100
891.15,460
892.16,416
894.12,145
896.93,126
894.59,3429
897.47,338
899.2,249
899.2,0
896.82,619
898.04,414
898.52,507
897.76,415
897.8,245
897.8,0
896.79,549
894.97,142
894.27,489
895.2,566
895.2,0
895.2,0
895.2,0
895.2,0
895.2,0
895.2,0
896.8,105
896.8,0
896.8,0
896.8,0
897.55,142
897.55,0
897.55,0
897.55,0
897.55,0
897.55,0
897.55,0
897.55,0
897.55,0
897.55,0
900.58,151
900.58,0
899.23,131
900.35,347
900.63,307
900.43,835
897.56,4381
893.24,516
895.8,239
891.59,619
891.59,0
894.14,545
894.14,0
894.14,0
894.14,0
894.14,0
894.14,0
894.39,136
894.39,0
894.39,0
894.39,0
894.39,0
894.39,0
894.39,0
894.39,0
894.39,0
894.39,0
894.39,0
898.47,260
898.4,137
898.4,0
897.53,438
897.53,0
897.53,0
897.53,0
898.36,100
897.65,100
897.65,0
897.65,0
893.46,152
893.64,205
894.62,487
894.51,318
894.2,1159
894.65,1432
892.13,1304
892.57,4520
890.05,3096
883.87,280
887.63,511
887.79,804
886.21,459
886.21,0
886.21,0
889.62,235
889.62,0
889.62,0
884.39,100
883.25,400
883.25,0
882.82,130
881.44,285
881.88,100
883.36,200
883.36,0
883.91,216
881.55,100
881.55,0
884.5,140
884.5,0
885.64,140
885.64,0
885.64,0
883.71,124
883.71,0
886.64,210
885.98,105
886.34,111
886.34,0
886.34,0
889.82,567
890.09,101
890,372
891.06,1046
891.06,0
893.93,116
893.85,323
890.05,388
890.05,0
890.05,0
892.42,474
892.42,0
892.42,0
892.42,0
892.42,0
887.87,213
890.18,169
890.18,0
890.18,0
884.01,349
886.15,966
884.39,136
885.99,371
885.99,0
884.66,370
885.55,521
885.55,0
883.11,1810
883.11,0
883.36,1180
884.93,113
884.93,0
883.2,200
879.31,3044
879.45,617
880.23,517
880.23,0
880.86,116
881.41,486
881.29,746
879.43,266
878.96,608
877.59,5683
880.95,129
880.43,544
880.43,0
880.43,0
883.05,279
883.3,628
882.55,117
882.55,0
881.8,124
881.8,0
881.8,0
880.39,151
881.94,779
882.54,488
882.54,0
882.54,0
885.7,175
885.7,0
884.81,220
884.81,0
885.22,237
885.22,0
885.22,0
885.22,0
885.22,0
885.43,637
883.33,286
883.46,1822
883.12,135
882.89,319
880.89,734
881.19,1234
879.39,227
879.39,0
879.76,323
878.73,553
879.14,1435
878.44,1615
880.6,4547
877.1,424
876.35,494
875.18,366
876.05,720
874.56,307
875.06,500
872.67,200
872.88,200
874.03,1565
874.12,326
874.12,0
874.12,0
878.32,192
877.24,390
877.64,100
877.51,112
877.51,0
877.51,0
877.51,0
877.51,0
877.51,0
877.51,0
874.9,100
873.52,100
873.52,0
872.14,120
872.14,0
872.59,502
872.71,100
872.71,0
868.67,100
868.67,0
868.67,0
870.46,206
871.29,346
870.34,945
873.66,251
873.09,953
874.35,3629
878.19,1337
878.19,0
878.19,0
879.72,166
879.63,103
879.63,0
883.06,106
883.51,200
883.51,0
883.51,0
883.51,0
880.83,170
880.5,283
880.5,0
880.5,0
880.5,0
882.39,776
882.41,431
882.33,632
880.78,257
880.78,0
880.78,0
877.45,188
877.4,110
879,703
878.29,100
878.29,0
874.99,115
874.84,118
874.84,0
874.37,171
874.31,356
875.09,709
875.09,0
873.2,227
873.03,526
873.96,296
873.84,321
873.5,1411
874.84,3981
872.03,2167
873.75,561
876.94,5703
876.94,0
876.94,0
876.94,0
876.94,0
881.02,581
881.02,0
881.07,665
877.56,522
879.22,251
879.77,1012
878.13,590
879.76,581
878.36,100
878.36,0
876.79,232
875.61,344
875.1,103
875.1,0
875.71,665
874.53,101
873.9,329
872.75,117
871.92,302
871.35,232
871.65,532
871.26,542
871.26,2837
870.17,860
869.48,935
869.48,0
869.56,2380
868.63,3761
869.05,1661
871.44,2374
870.3,3189
869.77,104
871.54,320
871.52,402
866.74,351
870.16,653
872.2,959
874.32,1131
874.2,266
874.22,519
875.99,210
876.42,460
871.83,148
872.95,162
872.95,0
872.28,638
871.63,251
872.6,179
872.85,255
872.67,1066
874.06,905
875.92,522
875.92,0
873.87,256
873.97,100
873.97,0
872.55,832
873.29,200
873.05,389
874.56,200
874.01,181
874.62,736
876.15,291
873.88,755
870.07,660
870.44,901
872.48,663
871.24,456
872.89,1098
872.72,5902
872.94,328
875.49,209
875.8,501
875.94,601
877.66,195
877.84,806
876.63,211
876.63,0
875.94,113
875.76,407
875.84,303
877.95,260
877.95,0
878.77,371
875.22,376
871.71,114
871.71,0
871.71,0
871.71,0
870.22,125
870.22,0
870.22,0
870.86,129
870.73,101
870.73,0
869.55,227
870.98,232
870.34,104
871.85,186
871.85,0
871.85,0
871.07,301
869.89,107
869.54,477
869.6,426
869.97,396
868.33,630
868.13,1996
868.27,4179
872.75,300
875.8,236
875.8,0
878.59,119
877.87,553
876.3,100
876.43,495
877.33,665
877.58,5700
879.07,391
879.07,0
879.57,107
878.19,334
877.94,690
876.16,508
874.45,114
874.39,156
874.39,0
874.39,0
874.39,0
874.39,0
871.25,100
871.25,0
875.78,372
875.78,0
875.78,0
875.78,0
877.16,100
877.16,0
877.16,0
877.17,706
875.85,309
875.89,101
877.69,156
876.62,495
876.62,0
876.06,385
875.25,1193
874.87,3177
878,1201
874.71,1050
878.26,2236
879.26,427
880.14,1790
880.14,0
880.14,0
884.95,195
884.95,0
887.47,260
887.85,191
887.85,0
887.85,0
886.7,101
886.7,0
886.7,0
886.7,0
886.7,0
886.7,0
886.7,0
887.92,120
887.87,318
888.9,789
890.01,200
890.53,1052
890.53,0
891.83,255
891.83,0
890.76,348
890.7,106
891.3,124
891.3,0
891.3,0
893.32,875
893.32,0
893.32,0
891.68,504
892.05,866
892.55,826
889.25,2236
880.73,300
886.16,838
885.17,159
885.17,0
882.27,223
882.27,0
879.82,186
877.69,256
875.58,334
875.58,0
875.58,0
875.58,0
875.58,0
875.58,0
877.68,241
877.68,0
879.35,101
879.35,0
877.9,163
877.84,472
879.29,1161
879.29,0
879.29,0
879.12,642
879.12,0
878.79,101
878.79,0
879.38,114
879.26,128
878.69,447
878.69,254
878.85,932
878.85,2026
875.39,666
874.54,16423
827.85,17032
815.18,6213
818.67,11791
776.89,21391
731.29,18653
719.17,10590
706.35,13700
709.8,9855
734.97,8669
734.06,7259
743.44,4555
753.98,6802
746.55,8903
741.01,2973
742.45,2109
734.89,5583
727.54,6032
725.83,1982
728.85,2078
736.5,8166
738.28,2742
737.92,2919
735.63,1497
740.49,1060
746.38,3094
749.06,246
750.83,1988
754.77,4603
753.66,2363
753.4,7883
742.74,4844
745,4019
743.77,1558
747.66,1327
748.32,6848
745.12,4342
740.34,8624
738.12,9266
738.32,4920
745.98,5492
744.3,7894
741.82,33555
749.23,6387
745.7,925
749.89,1633
751.78,3443
757.89,1916
757.58,2816
761.83,1394
760.99,4181
764.02,4160
763.88,1580
765.07,413
765.62,487
765.95,1939
770.14,7132
770.53,736
769.47,1466
770.58,352
772.2,406
773.32,1118
769.07,1985
765.53,297
766.33,2131
766.72,3882
766.72,0
767.54,1722
768.37,674
770.89,1002
771.61,1387
769.71,1470
770.15,2566
770.28,2519
769.19,3128
770.74,3179
771.06,2117
771.63,3082
772.15,3612
773.58,3806
775.62,9846
771.46,11266
779.23,1518
771.27,846
769.11,1180
767.6,131
770.67,1009
769.1,149
770.03,738
767.34,519
767.44,840
768.77,679
767.03,715
765.41,1343
771.34,248
771.34,0
770.8,114
771.37,872
771.37,0
770.76,474
771.37,1161
771.37,0
774.9,645
774.9,0
774.9,0
775.11,183
772.71,130
772.58,175
772.57,592
772.57,0
772.57,0
775.08,516
775.08,0
776.94,3084
774.27,102
777.07,308
775.28,423
775.43,250
776.26,574
776.94,900
778.62,4865
781.8,1085
779,1162
780.99,4057
773.03,1915
773.57,552
772.19,1924
771.59,1682
775.73,1595
771.89,1419
772.05,2029
774.7,1904
776.22,2894
778.95,2269
779.4,2368
780.23,561
778.68,251
781.17,2500
781.06,189
779.17,1047
779.17,0
782.88,158
782.02,322
783.48,306
782.38,462
782.38,0
779.93,566
779.87,215
778.9,577
778.9,0
780.29,838
779.41,313
780.71,945
780.86,3072
779.08,300
782,880
784.15,1323
784.11,1073
782.92,1180
786.17,4272
780.82,4191
781.65,2807
780.34,4971
780.34,0
778.11,1173
777.8,310
778.29,2145
777.35,525
776.82,356
772.79,631
774.91,101
774.91,0
776.92,523
776.92,0
774.66,817
776.21,1523
775.69,211
774.87,1077
775.34,230
775.35,1030
773.3,353
773.14,200
772.1,182
772.73,134
772.73,0
774,140
774,0
774,0
774,0
775.2,394
775.69,481
775.69,0
775.7,826
775.7,0
775.7,0
778.21,1416
778.21,0
779.7,2226
779.5,5930
783.13,2086
780.06,971
774.43,983
774.7,1151
774.84,1511
772.08,2922
773.33,490
772.35,975
774.47,2704
773.57,1635
772.85,1707
772.77,1276
772.89,500
775.31,445
776.07,377
777.05,293
775.88,392
773.24,555
773.46,1618
774.31,1529
773.49,7740
773.49,0
773.49,0
773.49,0
773.49,0
773.49,0
773.49,0
776.28,1155
779.11,433
773.06,663
773.15,168
773.59,337
772.47,170
772.47,0
769.85,627
768.5,1074
768.86,1019
767.8,2379
768.46,371
767.51,111
767.61,369
766.36,140
768.14,189
767.25,100
763.49,2966
764.17,738
765.11,716
763.75,1484
763.27,1039
762.79,1856
762.79,0
762.79,0
762.79,0
763.22,462
763.22,0
763.03,495
760.69,1105
760.46,965
762.25,546
762.25,0
764.39,144
763.66,126
762.73,788
762.25,686
760.97,1715
762.1,5356
762.1,0
762.65,121
762.65,0
756.56,393
756.12,222
756.12,0
757.11,645
757.11,0
754.47,334
755.66,1045
751.97,426
751.08,631
750.75,495
751.8,645
756.22,110
755.09,463
753.14,217
753.11,585
753.11,0
753.11,0
753.11,0
755.06,387
754.36,372
751.79,962
751.79,0
750.67,122
750.86,827
750.86,0
750.86,0
753.32,668
753.32,0
753.24,663
753.58,149
754.04,671
753.79,838
756.21,345
755.73,742
755.4,2381
755.5,4469
751.6,694
751.68,243
751.68,0
749.82,495
752.13,123
750.7,438
750.7,0
749.19,744
749.19,0
750.76,398
750.73,372
751.51,373
751.51,0
751.51,0
754.33,227
755.72,355
755.72,0
754.53,106
754.44,749
754.44,0
754.44,0
753.5,101
753.5,0
753.5,0
753.5,0
754.39,411
755.91,307
756.98,107
755.49,100
755.22,1109
755.45,312
754.7,524
754.78,524
754.54,712
754.24,446
754.5,469
754.96,445
754.12,655
752.35,1382
759.44,2147
743.39,1005
744.25,400
745.2,616
744.02,675
743.5,2143
743.19,1712
744.28,912
746.29,261
746.29,0
746.04,1053
744.29,2990
744.49,1682
748.36,707
749.95,664
749.95,0
747.39,898
745.83,882
747.99,1919
746.67,2423
746.67,0
746.67,0
750.31,706
749.66,480
750.59,322
750.59,0
750.59,0
751.69,120
750.91,265
752,514
750.49,1026
750.25,200
751.93,362
751.93,0
750.47,820
749.14,443
749.14,0
748.66,240
746.44,2493
734.11,3015
736.73,1976
736.73,0
740.77,678
739.27,288
739.64,918
741.93,500
742.81,108
741.43,442
741.43,0
741.04,499
738.16,454
737.84,228
737.82,292
737.5,266
737,142
737,0
738.09,886
738.88,231
739.47,669
739.47,0
740.9,674
742.72,397
742.72,0
742.72,0
742.5,528
742.5,0
742.5,0
742.89,1076
741.91,202
741.05,102
741.05,0
741.05,0
741.58,1162
741.26,203
743.1,221
743.1,0
745.84,1449
743.64,3826
746.64,774
746.64,0
748.59,1127
749.34,677
749.98,174
750.02,278
750.02,0
750.02,0
746.75,746
746.75,0
746.05,655
745.58,114
745.58,0
744.8,343
744.8,0
744.8,0
744.8,0
744.92,101
744.92,0
744.92,0
744.92,0
744.92,0
744.92,0
744.92,0
744.92,0
744.92,0
745.49,100
745.49,0
745.49,0
745.49,0
746.55,111
746.28,101
746.28,0
746.75,131
747.19,106
745.38,112
745.72,209
745.72,0
745.84,2184
745.84,0
745.84,0
750.94,597
752.12,547
750.36,200
748.94,275
747.98,752
748.09,299
746.74,100
746.43,156
745.22,100
745.48,172
745.48,0
745.14,134
745.14,0
745.83,209
745.83,0
745.56,124
744.85,156
744.85,0
744.85,0
744.44,408
744.44,0
743.7,102
743.7,0
746.59,188
746.59,0
746.59,0
746.62,1844
747.05,114
747.29,122
747.29,0
748.53,376
749.04,312
748.78,171
747.91,462
747.99,988
748.52,770
747.53,1388
749.13,138
749.13,0
754.75,1932
754.75,0
751.36,133
751.36,0
746.01,100
746.54,217
748.37,239
747.2,100
748.49,453
748.49,0
745.92,560
743.98,105
746.19,315
746.19,0
746.19,0
745.64,106
745.64,0
745.64,0
748.47,100
748.47,0
748.47,0
748.07,358
748.07,0
748.07,0
747.73,218
747.73,0
747.89,289
747.89,0
747.89,0
748.96,150
748.96,0
749.49,367
749.53,153
749.3,1118
749.44,750
749.44,0
750.18,3180
750.18,0
750.18,0
754.28,856
756.78,701
756.78,0
757.95,261
757.95,0
757.95,0
757.95,0
757.95,0
760.28,1033
757.14,272
757.01,100
757.01,0
757.14,166
756.85,491
757.46,121
757.46,0
757.15,134
757.15,0
757.15,0
757.15,0
758.48,100
758.48,0
758.48,0
758.48,0
758.48,0
757.5,603
757.17,489
757.17,0
759.41,844
759.41,0
759.41,0
759.41,0
761.02,112
761.57,405
761.57,0
760.81,273
761.63,962
765.15,959
765.62,428
765.46,247
765.46,0
765.46,0
765.91,180
765.91,0
765.91,0
765.9,528
766.44,1864
766.44,0
766.23,534
766.43,124
766.43,318
766.43,0
766.97,3044
766.97,0
763.73,1201
763.07,1261
761.35,302
761.81,515
761.81,0
761.81,0
761.81,0
761.81,0
760.59,433
760.59,0
760.59,0
760.59,0
760.59,0
760.59,0
760.59,0
760.59,0
760.59,0
760.52,134
760.85,282
760.75,665
761.14,356
760.97,6549
778.86,3978
782.3,2760
778.47,502
779.53,1230
781.66,2254
781.59,2579
782.33,843
784.36,101
784.59,101
784.46,1059
786.28,1436
784.63,588
783.88,1535
781.32,499
779.98,1875
779.98,0
781.79,177
778.87,165
779.93,546
779.94,807
779.94,0
779.94,0
779.59,442
779.76,106
779.76,0
779.76,0
781,332
781,0
781.15,743
781.43,301
780.75,794
779.54,407
778.85,122
777.01,610
776.53,219
776.88,555
776.91,281
777,636
775.25,6064
777.87,489
786.15,841
787.18,428
787.73,2572
787.45,1615
786.19,574
787.42,1495
786.32,912
785.65,2676
784.85,1219
781.54,2004
781.54,0
782.3,1089
782.3,0
779.49,1844
781.98,813
781.98,0
780.66,557
781.34,453
782.47,289
782.47,0
782.47,0
782.6,507
782.6,0
783.21,110
783.21,0
783.21,0
782.26,182
782.15,468
781.8,671
781.8,0
782.89,248
783.39,633
783.39,0
783.86,101
783.86,0
784.85,435
784.85,0
786.84,2251
784.11,586
781.43,210
782.76,263
783.28,292
783.28,100
784.23,343
784.11,301
784.11,0
784.11,0
784.11,0
782.25,278
782.25,0
780.94,101
781.82,131
783.35,407
783.35,0
783.35,0
783.35,0
783.35,0
783.35,0
783.35,0
783.35,0
783.35,0
783.35,0
783.35,0
780.69,400
780.69,0
782.29,126
782.34,337
781.74,139
781.74,0
784.22,385
783.87,414
783.45,985
783.09,225
784.2,1714
783.42,1022
783.34,815
782.72,4648
780.34,215
778.23,432
778.1,200
776.9,749
776.9,0
776.9,0
776.02,345
773.91,2006
774.44,437
774.75,610
774.5,696
775.02,1131
775.1,1818
776.39,132
776.39,269
777.02,278
776.57,150
777.04,586
776.78,265
776.81,451
776.76,537
776.08,404
776.6,155
776.6,0
777.95,290
777.59,1076
777.43,449
777.43,0
778.31,2088
778.16,480
779.95,630
780.16,105
779.18,256
778.62,480
779.45,834
779.62,1414
778.37,462
778.15,3249
778.24,3209
778.7,4779
777.78,881
777.85,1064
775.1,2994
773.23,1383
777.78,421
775.58,1872
777.54,1501
781.21,1342
781.17,3722
781.17,0
784.6,212
784.6,0
784.74,399
784.13,897
782.8,222
783.23,472
785.19,411
785.19,0
785.19,0
785.19,0
786.65,768
787.82,309
787.82,0
787.82,0
786.79,324
786.79,0
785.39,278
784.87,100
783.57,758
784.03,174
784.3,376
783.86,250
785.2,117
786.89,120
786.89,0
787.22,361
788.42,144
788.86,3860
788.86,0
788.86,0
788.86,0
788.01,304
788.01,0
787.35,100
788.12,349
787.83,110
789.95,587
789.34,556
790.26,520
789.4,445
788.15,110
788.15,0
788.15,0
789.15,1307
789.15,0
786.72,672
786.72,0
787.66,204
787.66,0
788.94,100
788.85,372
788.85,0
787.3,200
787.3,0
787.62,803
785.05,543
785.36,123
785.04,619
785.04,0
786.12,1235
786.15,773
785.02,543
784.44,527
784.83,542
784.53,857
784.65,486
783.66,4302
785.33,427
783.87,571
786.17,856
788.53,2346
792.17,688
793.45,1134
793.46,949
793.46,0
795.1,339
795.91,847
795.91,0
794.67,778
793.23,1012
793.7,435
795.97,437
794.57,508
795.88,290
796.78,1496
796.78,0
796.51,1282
797.49,748
797.52,440
797.84,135
798.12,710
797.74,759
794.67,867
794.67,0
795.88,408
795.4,128
796.31,360
796.31,0
796.25,545
796.25,0
796.25,0
798.14,998
797.25,709
797.06,675
796.87,652
797.96,2817
796.39,236
796.65,170
796.65,0
793.42,895
791.3,100
793.32,374
793.3,100
793.46,200
792.26,100
792.54,582
792.54,0
792.54,0
792.54,0
792.54,0
791.15,319
792.22,743
792.18,1499
792.18,0
792.18,0
792.39,673
792.09,784
792.16,1021
787.1,545
787.1,0
787.1,0
787.1,0
787.1,0
787.1,0
789.03,1119
790.81,393
788.74,619
788.19,892
785.1,333
782.64,760
782.83,3553
780.95,726
780.92,481
778.03,1426
783.35,2287
788.54,1850
778.28,844
783.31,2434
788.89,2849
786.99,2282
788.99,316
790.9,300
794.31,631
792.61,637
792.61,0
791.72,160
790.38,266
791.43,1051
792.25,1120
790.69,379
789.6,1138
789.71,355
791.22,101
791.22,100
791.22,0
785.54,287
785.39,185
785.39,0
777.14,787
776.82,2391
775.72,2394
776.87,783
775.41,896
774.29,1894
775.25,994
777.44,829
777.44,0
777.44,0
777.44,0
774.93,531
776.29,279
776.33,1923
774.93,1045
775.57,4315
770.85,1190
770.16,324
763.13,1396
759.88,110
759.74,541
762.13,445
762.84,1158
757.59,305
754.27,483
754.19,172
752.62,476
754.28,605
755.86,847
755.86,0
755.86,0
762.51,221
762.51,0
763.69,222
763.69,0
763.69,0
756.68,649
756.68,0
756.98,111
755.07,189
756.79,520
756.79,0
757.57,583
757.57,0
757.57,0
755.46,859
757,227
757,0
755.64,955
755.81,606
757.48,155
757.3,121
757.04,285
757.96,763
757.23,3063
755.62,258
761.3,132
761.51,219
761.01,271
761.01,0
762.36,181
762.36,0
762.82,118
762.74,401
762.74,0
762.74,0
762.74,0
762.74,0
765.13,101
765.07,207
765.07,0
765.1,121
765.5,100
765.5,0
765.5,0
766.36,230
766.93,422
766.56,110
763.98,139
763.98,0
764.22,142
764.22,0
764.22,0
764.22,0
763.35,100
763.68,814
763.68,0
763.68,0
764.41,293
765.56,100
765.65,283
765.65,0
764.59,1364
763.69,851
763.69,0
763.44,726
764.77,100
762.16,1966
762.16,0
761.9,100
761.9,0
761.9,0
761.9,0
765.18,139
764.18,535
764.18,0
763.17,672
763.17,0
763.17,0
763.17,0
762.73,238
763.33,100
764.68,100
763.31,319
763.31,0
763.31,0
763.31,0
763.31,0
766.06,116
766.06,0
766.06,0
766.38,127
765.59,289
765.59,0
765.59,0
765.35,363
765.09,627
765.09,0
765.28,157
764.85,240
764.74,775
765.38,964
765.7,8737
764.57,1713
766.48,148
766.76,404
766.11,100
764.69,113
763.99,307
763.99,0
762.86,132
764.58,243
765.19,1472
765.17,892
767.89,801
768.93,427
768.93,0
768.93,0
769.06,280
767.58,533
768.57,477
768.57,0
768.48,1574
768.48,0
768.48,0
764.41,105
764.41,0
764.41,0
764.41,0
764.41,0
764.41,0
764.41,0
764.41,0
764.41,0
764.41,0
764.41,0
759.86,296
759.86,0
761.56,370
760.99,281
761.01,862
759.87,3132
762.52,208
766.97,638
761.35,200
762.72,289
761.95,788
757.86,926
757.12,175
756.87,1340
756.74,278
755.9,480
755.34,102
756.7,644
756.7,0
755.64,298
755.64,0
755.64,0
756.1,111
756.1,0
756.1,0
756.1,0
756.1,0
758.09,244
758.09,0
758.09,0
758.09,0
758.89,259
758.89,0
758.89,0
758.89,0
758.89,0
759.69,101
759.69,0
761.11,359
762.83,608
762.83,0
763.17,237
763.81,518
764.27,1022
763.92,1281
763.92,0
762.74,1870
762.36,424
762.13,1200
765.04,255
765.04,0
765.04,0
765.04,0
765.04,0
762.79,300
761.96,205
761.96,0
761.96,0
761.16,106
761.16,0
761.16,0
761.16,0
761.16,0
761.16,0
761.16,0
763.93,418
763.93,0
763.93,0
763.93,0
763.93,0
763.93,0
763.93,0
763.38,100
763.44,100
762.22,117
762.34,536
762.88,101
762.88,0
762.88,0
762.93,121
762.58,215
762.41,100
762.41,0
761.89,1459
761.89,0
759.85,129
759.85,0
762.53,257
763.72,520
763.72,0
763.72,0
763.72,0
767.76,300
768.01,100
768.01,0
768.01,0
766.2,197
765.29,305
766.56,110
766.56,0
767.64,314
767.64,0
767.25,133
767.25,0
766.86,100
766.84,101
766.84,0
766.84,0
766.84,0
766.84,0
766.84,0
765.68,265
765.93,103
765.81,271
766.16,228
764.64,125
765.66,105
765.66,0
765.66,0
765.91,112
765.75,242
765.48,1442
765.17,3395
766.46,101
764.97,108
763,734
766.55,297
765.62,201
765.48,375
763.96,751
763.96,0
765.72,761
766.8,1279
761.56,302
763.43,172
763.43,0
762.9,200
762.9,0
762.9,0
762.9,0
762.9,0
762.9,0
762.9,0
762.9,0
764.75,200
764.75,0
764.75,0
767.32,524
767.32,0
768.62,327
768.17,106
769.58,110
770.09,183
770.25,255
770.89,137
770.81,160
770.81,0
770.7,249
770.91,712
770.91,0
770.11,672
770.77,6556
770.77,0
770.77,0
775.97,220
774.99,117
776.23,110
776.82,487
776.69,169
775.51,136
776.04,677
776.04,0
776.22,102
777.1,587
775.68,453
775.68,0
772.17,296
772.17,0
770.83,318
770.83,0
772.34,105
772.34,0
772.34,0
772.34,0
769.37,100
770.46,115
771.46,236
770.63,213
770.6,529
770.17,100
770.17,0
771.97,653
773.22,137
773.22,0
773.22,0
773.09,100
772.46,474
771.55,1262
770.15,376
770.37,419
770.7,2436
770.7,0
770.7,0
770.7,0
770.7,0
759.34,210
759.34,0
759.34,0
759.34,0
758.5,504
758.86,117
758.86,0
754.91,445
754.47,247
752.58,221
754.08,117
754.08,0
752.96,414
752.96,0
752.96,0
754.76,122
754.76,0
756.95,276
758.19,1128
758.19,0
758.19,0
758.19,0
756.7,103
756.7,0
757.66,753
757.66,0
757.19,100
756.39,323
756.39,0
756.66,321
757.8,2142
758.64,1459
758.56,1955
762.45,483
763.08,4153
761.1,100
763.93,566
768.78,618
768.75,223
766.85,466
764.49,454
766.54,865
767.93,455
768.17,135
767.75,101
769.81,200
769.66,279
769.16,454
769.16,0
770.56,175
770.56,0
771.72,100
771.72,236
769.52,100
770.36,102
770.36,0
770.36,0
770.55,641
770.55,0
770.55,0
771.3,211
770.59,120
770.59,0
768.84,100
769.44,731
769.54,108
769.32,209
771.04,590
772.28,394
771.79,682
770.94,256
770.61,238
769.09,1263
769.88,4041
769.88,0
769.88,0
769.88,0
769.88,0
769.88,0
769.88,0
769.88,0
767.74,362
766.45,102
766.45,0
764.93,525
765.72,161
762.84,120
762.84,0
762.84,0
762.55,300
762.55,0
762,107
762,0
762,0
762.12,440
762.12,0
762.12,0
762.56,227
763.83,234
763.83,0
764.54,141
764.54,0
763.64,122
762.69,487
762.24,228
761.88,192
761.1,187
761.26,226
761.48,844
761.48,0
760.34,420
759.35,732
757.51,6740
757.51,0
760.33,682
762.35,601
764.25,281
764.25,0
764.25,0
762.26,240
761.71,139
761.71,0
760.22,607
760.46,312
760.46,0
760.46,0
760.46,0
757.15,752
757.15,0
758.92,165
758.92,0
757.11,140
757.11,0
757.11,0
757.11,0
757.11,0
757.11,0
757.11,0
757.11,0
757.11,0
757.11,0
757.11,0
757.11,0
755.71,100
754.96,1279
755.49,224
755.49,0
756.07,103
756.19,150
757.41,132
757.41,0
758.59,194
762.91,105
762.91,0
772.14,574
773.7,638
771.13,746
769.51,200
766.01,836
766.01,0
767.75,936
766.99,163
769.35,1283
771.05,1060
770.32,187
768.9,171
768.8,154
767.45,215
767.54,211
767.54,0
767.54,0
767.54,0
766.16,324
766.33,103
766.16,532
766.39,510
766.14,563
766.59,799
765.31,202
765.08,1353
765.08,0
762.44,1179
762.91,477
763.35,725
764.04,355
764.04,0
765.33,153
766.27,638
766.38,314
766.85,488
767.34,5292
764.18,611
759.94,221
760.21,361
760.21,0
760.21,0
760.21,0
759.72,775
759.72,0
759.72,0
759.72,0
759.72,0
760.59,197
760.59,0
760.59,0
757.9,415
758.37,100
758.37,0
760.15,656
759.9,272
760.93,352
761.09,134
761.09,0
761.09,0
761.09,0
761.09,0
761.09,0
761.09,0
761.09,0
761.09,0
760.02,477
759.76,246
760.54,826
759.62,336
759.62,0
759.62,0
759.62,0
759.62,0
762.4,307
763.74,1263
763.74,0
770.57,1044
769.61,1670
769.61,1098
769.61,0
769.61,0
777.19,207
777.96,129
777.96,0
777.96,0
777.96,0
781.46,261
782.82,177
783.3,232
783.3,0
783.3,0
782.27,1291
782.27,0
782.27,0
782.27,0
782.27,0
782.27,0
782.27,0
782.27,0
782.27,0
780.62,490
779.38,205
779.38,0
779.13,320
779.13,0
779.13,0
779.13,0
779.13,0
779.13,0
778.12,226
778.12,0
777.69,176
777.69,0
776.62,571
776.62,0
780,202
780,0
780,877
777.44,243
777.44,0
777.44,0
777.44,0
777.44,0
773.43,129
773.43,0
773.43,0
773.43,0
773.43,0
773.43,0
774.9,374
774.9,0
774.9,0
774.49,311
774.5,222
774.5,0
775.42,105
775.51,402
775.51,0
775.51,0
775.06,100
775.06,0
775.06,0
775.06,0
775.8,316
775.8,0
776.08,475
776.08,0
776.08,0
775.05,513
775.01,565
774.58,1722
774.4,387
774.49,6240
777.94,685
778.08,195
778.08,0
778.08,0
778.02,119
778.02,0
774.93,100
774.93,0
774.93,0
774.93,0
772.17,229
772.87,119
772.87,0
772.87,0
769.13,100
769.13,0
768.86,120
767.96,1223
767.96,0
767.96,0
767.96,0
767.96,0
767.96,0
768.43,291
768.43,0
770.48,325
770.87,199
770.87,0
770.04,179
770.04,0
770.04,0
770.04,0
770.54,161
770.54,0
771.36,619
770.74,265
771.21,391
770.88,513
770.84,2221
770.84,0
770.84,0
779.12,203
779.12,0
779.64,191
779.64,0
779.64,0
779.64,0
779.64,0
779.64,0
782.65,200
782.65,0
782.65,0
783.71,167
783.15,320
783.15,0
782.85,207
782.85,0
782.85,0
779.67,1142
780.15,200
780.47,123
780.47,0
780.47,0
780.49,613
780.28,742
780.28,0
780.65,365
780.59,330
780.69,303
780.6,240
781.82,125
781.68,704
780.66,206
781.43,755
781.24,541
781.24,0
781.19,679
783.03,1796
779.02,655
779.02,0
779.02,0
779.51,100
779.51,0
779.51,0
779.51,0
779.51,0
776.15,254
776.15,0
776.15,0
775.49,182
775.49,0
775.49,0
775.49,0
775.49,0
775.69,105
775.69,0
776.37,518
776.37,0
776.37,0
777.56,178
776.2,241
776.2,0
774.95,200
774.95,0
774.78,105
773.77,231
773.9,320
773.91,320
774.82,261
774.82,0
774.82,0
774.82,0
774.82,0
775.45,349
775.45,0
775.89,238
776.81,1606
776.81,0
778.09,119
778.09,0
778.09,0
778.09,0
778.09,0
778.09,0
778.09,0
778.09,0
780.08,174
780.08,0
780.08,0
780.58,269
780.58,0
780.58,0
780.58,0
780.58,0
780.58,0
780.58,0
780.58,0
780.58,0
777.65,880
775.49,109
775.49,0
775.78,101
775.78,0
775.37,201
775.37,0
775.37,0
775.37,0
775.37,0
775.37,0
775.49,133
775.06,157
775.06,0
776.27,517
776.99,368
776.99,0
776.36,2086
766.75,205
766.34,102
766.34,0
768.18,221
765.11,889
765.11,0
765.7,101
763.93,217
763.76,302
763.76,0
762.72,822
763.1,271
763.1,0
763.1,0
761.5,982
761.5,0
762.1,718
761.91,617
761.61,120
761.61,0
761.77,107
761.77,0
763.07,314
763.07,0
763.07,0
764.13,562
764.13,0
764.13,0
762.76,375
762.2,785
762.2,0
761.36,110
761.36,0
761.36,0
762.32,1272
762.32,0
762.32,0
763.09,1065
763.94,3947
763.94,0
756.92,1306
755.12,953
752.83,1246
756.45,426
756.13,702
752.04,1432
753.08,1025
756.13,471
756.48,837
755.94,1611
753.34,326
752.17,946
753.39,247
754.17,1374
753.72,1444
753.72,0
753.14,899
753.91,100
752.79,894
752.86,196
752.86,0
749.76,210
747.85,116
747.54,877
744.27,1143
746.17,415
747.81,424
748.44,207
750.28,355
751.13,330
750.11,154
750.66,100
749.59,173
750.89,251
751.01,200
751.52,119
751.52,0
752.53,5145
752.53,0
755.87,122
753.53,403
753.53,0
752.12,109
752.89,202
753.49,366
754.48,174
754.48,0
754.48,0
754.48,0
754.48,0
754.48,0
754.48,0
756.8,122
756.8,0
756.8,0
756.8,0
754.45,694
751.52,2652
751.52,0
752.89,110
752.87,100
752.87,0
752.87,0
753.3,201
753.3,0
752.49,240
752.49,0
752.49,0
752.49,0
752.97,369
752.97,0
754.02,130
754.02,0
757.41,324
757.67,101
758.27,171
758.07,2333
758.07,0
767.25,113
767.25,0
767.25,0
764.08,784
764.08,0
764.08,0
764.08,0
764.08,0
764.08,0
764.08,0
764.08,0
764.08,0
764.08,0
764.08,0
764.08,0
764.08,0
764.08,0
764.08,0
764.08,0
764.08,0
764.08,0
764.08,0
764.08,0
764.08,0
764.08,0
764.08,0
764.08,0
764.08,0
764.08,0
764.08,0
764.08,0
764.08,0
764.08,0
764.08,0
764.08,0
764.08,0
765.93,336
765.33,1385
765.33,0
765.33,0
765.33,0
753.62,233
753.71,313
753.7,358
754.98,102
754.04,257
754.31,110
753.74,516
751.66,759
752.93,1412
753.64,407
753.64,0
753.64,0
753.64,0
756.53,107
757.45,134
757.45,0
757.45,0
757.45,0
757.45,0
757.45,0
757.45,0
757.45,0
757.45,0
756.22,182
755.03,444
753.85,354
753.85,0
753.45,620
753.46,742
752.04,647
752.19,104
752.54,116
754.86,1982
754.86,0
757.41,387
756.99,4378
753.84,100
754.4,259
754.2,100
755.28,938
758.2,373
757.92,111
757.88,107
757.88,0
756.95,177
756.95,0
756.95,0
756.95,0
756.95,0
759.59,163
759.59,0
759.59,0
759.59,0
759.59,0
759.59,0
759.59,0
759.59,0
761.2,179
761.2,0
761.2,0
761.2,0
762.63,478
762.63,0
762.63,0
764.27,405
764.27,0
764.27,0
764.27,0
764.27,0
764.27,0
766.64,521
766.64,0
766.86,108
767.13,360
770.63,838
779.51,410
789.52,481
789.52,0
788.85,625
788.85,0
790.02,618
792.08,544
792.08,0
790.37,531
790.68,671
787.12,132
783.9,238
783.9,0
783.9,0
783.9,0
783.9,0
783.9,0
780.17,111
780.62,127
780.62,0
779.45,187
779.45,0
779.45,0
779.45,0
779.45,0
779.3,120
778.62,105
778.62,0
778.62,0
775.91,101
774.8,262
774.8,0
774.8,0
774.91,300
775.54,171
775.01,276
773.44,119
773.44,0
773.29,1612
776.05,249
776.59,201
777.93,307
779.91,773
779.24,316
782.18,586
782,201
783.04,504
782.81,663
782.81,0
782.81,0
782.81,0
784.78,360
784.78,0
784.78,0
787.08,180
787.08,0
786.92,631
786.92,0
784.27,309
782.75,188
782.75,0
784.22,508
784.22,0
786.6,217
785.91,243
785.8,457
785.8,0
786.38,300
786.38,0
786.38,0
787.98,106
788.29,307
788.29,0
788.29,0
788.54,146
788.54,0
789.73,177
789.73,4905
788.42,165
787.35,118
789.58,215
789.61,246
789.23,132
789.23,0
787.73,693
787.73,0
787.73,0
787.73,0
786.8,160
784.98,283
784.98,0
784.98,0
784.98,0
784.98,0
784.98,0
784.98,0
783.23,310
783.23,0
781.87,301
781.87,0
781.87,0
781.87,0
782.29,200
781.56,356
781.47,101
781.47,0
781.47,0
781.35,391
781.77,376
780.96,558
780.5,258
780.5,0
781.18,1234
781.7,409
781.9,529
781.72,1457
781.75,6034
784.9,766
783.51,1359
788.15,1596
788.15,0
783.96,583
786.43,327
785.93,1681
786.25,558
787.79,261
787.79,0
787.79,0
787.79,0
787.79,0
782.58,305
783.45,230
783.45,0
783.91,112
783.52,102
783.52,0
784.28,215
784.8,172
783.79,369
785,101
785,0
785,0
785,0
784.94,670
785.2,478
784.13,131
784.13,0
783.26,155
783.35,250
784.99,795
787.72,314
786.6,141
786.88,283
785.93,130
786.92,2734
785.5,4821
781.39,100
778.31,588
777.84,120
777.84,0
776.65,100
776.65,0
774.3,473
774.3,0
774.3,0
774.3,0
772.4,467
770.15,109
770.15,0
767.85,102
769.75,1155
769.75,0
765.23,115
764.72,135
764.79,100
765.26,124
765.74,107
764.36,202
763.45,100
767.28,109
766.8,400
766.72,300
766.82,100
766.82,0
768.68,404
768.68,0
767.64,153
767.64,0
767.64,0
767.64,0
767.64,0
767.64,0
769.35,214
769.53,317
771.74,1388
777.99,100
777.99,0
777.58,327
777.58,0
777.58,0
777.58,0
777.58,0
777.58,0
779.84,608
779.84,0
779.84,0
779.84,0
779.84,0
780.41,220
780.41,0
779.28,101
779.28,0
778.58,101
778.58,0
778.58,0
778.58,0
778.58,0
779.16,167
779.16,0
779.16,0
777.64,325
777.64,0
777.64,0
777.64,0
784.16,737
781.34,623
778.45,529
773.55,366
775.35,600
775.07,575
775.28,201
774.76,808
774.41,181
770.85,3423
774.91,121
772.75,628
772.75,0
772.75,0
772.75,0
779.88,399
779.88,0
779.88,0
779.88,0
779.88,0
776.24,1358
774.71,419
773.48,1849
775.02,105
774.99,218
774.99,0
774.99,0
774.59,436
776.32,189
776.32,0
776.32,0
776.32,0
776.32,0
776.32,0
776.32,0
776.32,0
776.32,0
776.32,0
776.32,0
776.32,0
771.84,4489
771.46,543
771.46,0
771.46,0
772.09,192
771.73,3912
771.11,1501
771.95,619
775.5,3235
782.8,786
782.51,370
781.65,599
781.65,0
781.21,205
781.21,0
782,526
782.32,275
781.28,694
775.49,534
776.21,880
776.21,0
775.2,615
779.56,211
779.56,0
780.27,110
780.43,202
781.27,220
781.27,0
781.27,0
778.56,123
778.56,0
778.56,0
778.56,0
778.56,0
780.87,181
780.87,0
780.87,0
780.77,121
779.38,121
779.38,0
779.25,481
777.47,190
780.19,345
780.41,128
779.06,169
780,332
779.76,161
781.15,11752
774.87,106
774.87,0
782.64,295
781,266
781,0
781.4,112
781.15,524
781.15,0
783.5,426
783.5,0
785.02,209
785.02,0
784.39,672
782.63,618
782.43,167
782.43,0
784.23,787
784.23,0
784.23,0
785.22,511
787.41,588
788.83,515
788.83,0
788.83,0
790.6,254
790.6,0
789.75,183
788.9,406
787.81,3229
785.71,349
783.79,847
783.79,0
785.8,485
786.94,120
787.61,107
787.61,0
788.53,537
789.63,2556
790.41,4925
787.91,215
787.91,0
787.91,0
791.37,112
791.3,118
791.3,0
794.37,145
794.03,512
794.03,0
795.84,1018
795.84,0
795.84,0
796.17,486
795.91,448
791.53,1165
794.05,272
792.99,350
792.92,453
792.8,625
792.8,0
793.29,245
793.9,115
793.9,0
794.6,545
792.97,922
793.37,196
791.66,576
791.66,0
792.15,445
791.52,114
793.43,877
793.37,752
791.88,163
792.28,282
792.28,0
793.47,100
793.57,690
793.59,612
793.75,2938
786.92,1118
786.92,0
790.29,792
792.28,1091
791.34,843
787.91,417
788.07,100
788.07,0
789.85,120
789.85,0
789.85,0
793.2,725
793.2,0
793.2,0
793.2,0
788.12,145
788.12,0
788.12,0
788.12,0
789.65,110
789.65,0
789.65,0
789.65,0
789.65,0
789.65,0
789.65,0
789.65,0
789.65,0
789.65,0
789.65,0
789.65,0
783.02,316
781.45,108
780.4,104
779.51,331
781.18,693
781.83,1251
783.9,966
783.07,5515
782.97,308
782.97,0
779.2,196
776.85,100
776.85,0
776.85,0
776.85,0
776.85,0
776.85,0
776.85,0
776.85,0
776.85,0
778.08,389
778.08,0
778.08,0
777.05,107
777.33,117
779.31,100
779.31,0
779.31,0
779.31,0
778.04,398
778.04,0
778.04,0
778.04,0
778.04,0
778.04,0
776.49,106
776.49,0
776.49,0
776.49,0
776.49,0
776.49,0
778.04,161
775.92,140
775.92,0
775.27,105
775.27,0
775.03,1498
776.07,520
776.07,0
776.19,404
776.19,0
777.88,218
777.55,588
777.55,0
777.55,0
777.3,277
777.3,0
777.3,0
775.97,274
775.97,0
775.97,0
775.97,0
775.97,0
773.64,269
775.08,106
775.08,0
775.08,0
775.08,0
777.07,100
777.07,0
777.34,201
777.34,0
777.34,0
777.34,0
779.44,485
780.15,124
780.15,0
780.99,415
781.65,301
780.64,225
780.93,501
780.6,124
779.48,260
779.56,560
781.32,144
781.73,2492
780.51,266
780.74,708
779.81,533
780.11,221
780.13,454
778.44,1060
781.44,501
779.42,103
780.58,663
780.23,697
777.44,365
777.44,0
777.44,0
770.36,490
772.65,740
772.65,0
774.76,109
774.66,218
772.66,100
772.66,0
772.55,223
774.02,125
774.07,370
774.1,151
773.99,2976
773.12,901
773.12,0
773.12,0
772.99,258
772.99,0
772.99,0
774.07,480
774.11,438
774.11,0
774.11,0
772.95,356
774.77,492
773.86,1452
773.32,5103
771.96,100
770.29,1391
770.74,375
774.26,153
774.48,144
774.48,0
773.09,937
771.73,322
771.73,0
771.73,0
768.43,225
768.43,0
768.4,100
768.4,0
768.4,0
768.4,0
769.27,661
768.81,932
767.68,206
767.9,349
767.9,0
767.16,404
767.16,0
767.09,1647
766.48,1151
766.48,0
766.48,0
765.98,1632
766.36,2058
768.67,693
769.35,878
768.77,434
768.25,742
772.51,395
772.29,1490
771.43,119
771.02,356
771.88,998
774.8,5205
772.53,2030
772.02,1757
766.98,781
767.76,766
767.76,0
768.66,757
770.05,1017
770.05,0
773.37,2061
772.6,2779
775.74,432
775.35,186
775.35,0
774.59,100
774.59,0
774.59,0
771.79,111
771.7,584
771.7,0
768.36,331
766.6,141
766.12,914
766.2,162
766.2,0
765.22,100
765.22,0
764.61,413
764.66,899
764.89,973
766.2,477
766.2,0
766.2,0
767.73,124
767.73,0
766.53,174
765.71,360
765.71,0
768.29,130
767.93,3555
766.18,100
766.32,586
764.59,605
764.59,0
759.79,1123
762.52,150
760.86,389
759.93,953
759.91,181
759.91,0
759.91,0
763.45,234
760.68,203
760.85,343
760.85,0
762.32,327
760.56,156
762.42,169
761.6,211
763.41,216
763.41,0
764.32,420
764.32,0
764.32,0
761.81,120
762.02,116
762.02,0
762.02,0
764.15,240
764.15,0
763.04,1017
763.04,0
762.48,593
762.48,0
761.08,221
761.08,0
761.33,142
761.97,509
762.17,2177
762.17,0
762.17,0
769.62,1505
768.9,201
768.9,0
768.07,114
768.07,0
768.07,0
768.07,0
768.07,0
768.07,0
768.07,0
766.69,201
766.16,1737
767.57,138
766.7,545
766.7,0
766.7,0
766.7,0
766.7,0
766.25,141
766.25,0
766.25,0
766.25,0
765.58,220
765.58,0
765.58,0
765.58,0
766.75,448
766.75,0
766.75,0
766.75,0
768.39,263
768.4,351
768.4,0
769.3,144
769.89,1278
771.54,312
770.43,2647
769.62,662
769.62,0
769.62,0
765.5,170
768.02,167
770.44,189
769.74,250
764.98,101
766.1,535
766.92,690
768.37,892
768.74,202
768.18,242
768.88,341
768.07,217
768.19,109
768.16,923
767.94,763
767.94,0
769.57,225
769.57,0
769.57,0
772.18,106
772.47,234
772.47,0
775.12,1805
777.16,101
777.16,0
780.51,346
781.53,1123
781.69,673
781.71,1348
782.09,261
780.77,747
781.01,1430
780.63,419
780.6,2258
779.53,2015
780.29,9859
781.3,156
781.3,0
781.3,0
781.3,0
773.11,531
773.11,0
772.76,1361
770.62,473
770.62,0
770.62,0
770.62,0
775.37,252
775.37,0
775.37,0
775.37,0
775.37,0
775.37,0
775.37,0
775.37,0
774.57,260
774.57,0
774.57,0
774.57,0
774.57,0
777.98,388
777.98,0
777.98,0
776.87,182
776.87,0
777.48,129
777.48,0
778.18,194
778.18,0
778.18,0
778.18,0
776.41,350
776.42,213
776.98,995
776.59,1086
776.59,0
781.48,200
779.92,180
779.92,0
779.92,0
779.92,0
784.73,169
786.96,423
783.25,110
783.25,0
786.12,474
786.12,0
786.12,0
786.12,0
789.19,199
792.05,208
792.66,2112
794.46,654
792.61,121
793.57,300
793.57,0
797.07,112
797.07,0
796.96,136
798.19,140
798.19,0
798.19,0
798.19,0
798.19,0
797.69,481
797.51,217
797.51,0
797.51,0
794.16,134
794.57,107
794.91,1021
794.87,1321
794.03,346
794.56,5006
797.3,541
797.3,0
796.19,194
793.77,180
793.1,1215
792.98,400
792.98,0
793.01,166
793.01,0
797.54,290
798.21,532
796.09,120
796,405
796,0
797.21,495
797.74,262
797.17,483
797.08,353
796.32,432
796.32,0
795.71,100
794.7,142
795.54,100
794.51,121
795.22,246
795.21,421
796.66,146
797.02,495
797.02,0
794.36,321
793.33,826
793.13,611
793.13,0
793.26,101
793.16,337
793.16,0
795.75,154
796.86,322
798.7,2079
801.67,200
799.77,939
794.76,863
793.89,1312
792.18,224
790.25,562
790.16,100
790.92,376
790.94,282
787.11,100
791.53,374
788.44,170
788.44,0
788.44,0
789.06,277
789.27,110
791.18,384
791.61,101
791.61,0
791.61,0
791.61,0
788.88,402
788.88,0
788.88,0
788.86,439
789.65,100
789.65,0
789.65,0
789.65,0
792.87,304
790.19,209
789.93,311
790.21,155
789.84,146
790.47,214
790.47,0
789.39,1292
791.01,115
792.08,2503
791.86,367
795.13,864
794.93,1043
792,272
792.83,2057
792.83,0
791.3,346
791.36,216
790.65,964
788.48,596
791.46,236
793.78,778
793.78,0
797.33,567
797.33,0
797.33,0
797.33,0
797.33,0
797.33,0
797.33,0
797.33,0
800.16,312
800.16,0
800.16,0
800.16,0
799.23,209
798.27,129
799.17,352
799.17,0
799.51,110
800.51,1690
799.71,1984
798.08,247
798.08,0
797.44,177
797.44,0
797.44,0
798.37,1727
797.71,7449
797.71,0
797.71,0
796.67,100
803.12,101
803.12,0
803.12,0
803.12,0
803.12,0
803.12,0
803.12,0
803.12,0
800.52,146
800.52,0
800.52,0
803.54,150
803.54,0
803.54,0
803.54,0
803.54,0
803.54,0
803.54,0
803.54,0
803.54,0
808.73,334
809.23,1787
811.28,781
811.28,0
810.71,151
810.71,0
810.71,0
812.53,394
812.17,807
810.41,825
810.41,0
810.41,0
810.41,0
808.98,635
805.35,890
809.85,4164
809.85,0
813.46,1666
820.16,311
817.96,268
813.84,346
812.46,1818
814.64,108
814.47,157
815.77,718
817.32,399
817.32,0
816.09,438
809.1,499
809.1,0
808.37,847
808.37,0
809.86,147
809.86,0
809.86,0
811.28,112
811.28,0
808.93,239
807.56,201
808.84,123
808.84,0
808.84,0
808.84,0
808.84,0
808.84,0
814.08,445
814.08,0
814.08,0
814.08,0
814.08,0
814.08,0
814.08,0
814.08,0
814.08,538
811.21,1836
811.64,527
817.64,267
820.53,173
817.47,322
817.47,0
818.28,275
819.06,205
819.06,0
821.11,2221
819.54,1242
817.1,1155
816.58,1650
813.6,360
811.34,774
810.27,449
810.27,0
810.27,0
814.34,190
813.15,374
809.48,512
811.04,373
811.04,0
811.47,100
813.94,151
813.94,0
813.85,720
813.85,0
811.26,202
811.26,0
809.09,1004
810.2,1024
811.62,822
810.25,724
810.67,1116
810.67,0
810.67,0
805.61,1480
806.87,136
806.07,928
806.07,0
806.07,0
806.07,0
800.58,247
800.58,0
805.05,396
803.94,158
803.94,0
803.94,0
805.86,193
805.32,300
805.32,0
805.11,111
805.11,0
805.9,375
805.9,0
805.9,0
805.9,0
802.31,127
802.31,0
802.31,0
802.31,0
802.31,0
802.31,0
801.62,401
801.33,275
800.78,462
804.39,102
803.56,106
803.56,0
804.61,287
804.61,0
804.3,109
804.3,0
804.3,0
804.52,292
806.21,181
806.52,592
805.15,3430
805.15,0
805.15,0
805.15,0
811.9,264
811.9,0
811.9,0
811.9,0
811.9,0
811.9,0
811.9,0
811.9,0
811.9,0
811.9,0
811.9,0
813.41,196
813.41,0
813.41,0
813.41,0
813.41,0
813.41,0
813.41,0
815.79,102
815.76,441
815.76,532
815.56,1174
815.05,301
813.99,1360
813.99,0
813.99,0
817.04,250
817.04,0
817.04,0
818.13,100
817.38,516
817.6,100
817.6,0
815.74,243
815.57,286
815.74,1570
811.16,127
810.47,1073
803.9,1988
793.01,1261
799.59,651
800.68,552
800.1,315
801.16,538
804.61,4017
804.61,0
804.61,0
804.61,0
804.61,0
804.61,0
804.61,0
804.61,0
804.61,0
804.61,0
810.32,408
810.87,246
810.87,239
810.87,0
810.87,0
809.09,602
809.09,0
809.09,0
811.76,116
811.76,0
811.94,222
811.9,406
813.21,320
813.83,302
813.88,498
813.88,0
813.21,2230
813.2,549
813.23,997
813.23,0
812.43,2469
815.72,216
815.72,0
815.72,0
815.72,0
814.19,693
814.19,0
814.63,251
814.88,400
814.88,0
816.06,157
815.73,100
815.73,0
815.73,0
813.6,301
813.6,0
813.06,241
813.06,0
813.06,0
812.03,2026
812.03,0
812.03,0
815.17,272
815.17,0
814.42,340
813.96,227
812.91,155
812.91,0
812.91,0
812.91,0
815.25,107
816.57,1548
817.19,110
817.21,546
817.16,193
817.16,0
817.16,0
818.25,616
819.06,368
819.66,4564
819.66,0
820.1,211
817.39,147
815.48,205
819.58,168
817.98,998
817.73,409
817.73,0
817.73,0
812.78,162
810.78,101
813.67,364
813.3,386
812.07,187
810.96,177
810.96,0
811.88,150
811.88,0
811.88,0
814.02,201
814.68,101
814.64,145
815.27,119
815.27,0
816,223
816,0
818.79,259
818.79,0
820.5,100
820.36,106
820.43,533
820.43,0
820.54,160
820.54,0
823.23,266
823.08,1007
822.7,1340
823.95,797
822.11,5274
832.31,520
832.31,0
832.31,0
835.66,209
835.66,0
832.5,501
833.38,240
833.38,0
833.38,0
830.89,683
829.72,518
831.7,810
832.45,407
832.45,0
832.45,0
832.45,0
834.87,161
834.87,0
834.87,0
834.87,0
836.32,130
836.32,0
836.32,0
836.32,0
836.32,0
836.32,0
836.32,0
836.32,0
836.32,0
833.08,433
833.08,0
833.08,0
833.08,0
833.08,0
832.56,126
832.56,0
834.11,396
834.34,165
832.91,2074
830.91,292
830.91,0
830.91,0
830.57,121
828.65,100
828.94,315
827.51,170
829.74,327
831.93,497
829.71,220
829.71,0
829.71,0
829.71,0
829.71,0
838.16,141
838.16,0
838.16,0
838.2,247
838.2,0
839.02,135
839.02,0
839.02,0
838.76,100
838.76,0
839.57,731
841.3,212
841.3,0
840.18,104
839.68,1182
840.2,558
840.2,0
839.53,129
839.53,0
838.6,1318
838.6,0
840.61,101
840.02,223
840.91,208
840.26,2856
824.83,314
826.9,428
822.09,637
819.2,350
821.77,225
824.9,201
824.3,300
819.69,200
819.69,0
824.08,665
822.45,146
822.45,0
822.9,125
822.9,0
822.9,0
822.9,0
820.87,114
818.59,396
818.83,415
816.64,526
813.91,287
813.73,135
812.69,667
812.76,583
813.18,590
813.18,0
816.03,100
815.31,158
815.31,0
815.69,165
815.69,0
813.73,401
813.37,100
813.37,0
813.28,223
815.65,114
815.65,0
815.65,0
812.18,5078
812.18,0
797.83,178
797.83,0
800.49,230
796.9,476
796.9,0
799.27,100
799.27,0
794.92,336
794.92,0
794.92,0
794.92,0
794.28,398
795.85,554
795.56,551
797.47,236
796.85,1446
796.85,0
795.3,845
795.85,109
795.01,343
795.01,0
794.16,346
795.38,266
795.7,604
794.9,233
795.5,323
796.21,286
796.21,0
794.54,193
795.97,118
788.61,384
791.37,888
791.81,239
792.32,1125
791.02,1257
788.72,100
787.55,1224
788.55,7203
800.51,629
812.31,1093
818.36,526
825.62,1941
832.28,878
829.2,614
833.41,543
838.58,120
843.68,2081
840.64,851
832.3,999
836.32,1483
836.74,392
837.97,774
835.42,551
832.61,264
831.72,537
831.72,0
831.12,143
831.12,0
829.92,1411
837.68,1617
836.31,252
834.54,528
832.19,412
832.14,1144
830.59,772
830.42,1951
829.11,1531
828.86,551
829.4,1319
829.58,3378
828.34,1415
824.66,333
826.49,810
825.65,3033
823.82,3470
820.87,2380
823.75,6842
824.26,1134
823.89,999
823.89,0
823.89,0
821.56,503
827.95,338
828.6,1122
827.6,620
825.78,409
829.64,158
828.57,110
828.39,423
832.3,518
831.81,115
832.79,334
829.11,115
823.68,233
822.32,287
822.32,0
822.32,0
822.32,0
822.32,0
826.68,557
826.68,0
826.68,0
826.68,0
831.93,102
831.52,194
831.52,0
831.52,0
834.24,208
834.24,0
834.24,0
836.76,100
836.76,0
836.76,0
837.04,1409
839.98,2104
840.77,5583
832.18,827
834.17,1038
823.01,260
820.18,123
820.59,713
820.92,246
817.52,1047
812.68,296
815.34,217
819.36,877
818.36,579
820.28,434
821.69,451
823.35,347
824.88,477
827.1,168
826.87,629
831.23,512
831.29,444
832.88,1587
833.11,928
833.11,0
832.32,333
832.37,523
831.99,41
831.99,0
826.93,160
825.92,266
827.12,337
828.96,284
828.23,225
828.3,427
828.3,0
825.83,273
825.58,966
825.9,776
826.88,1252
824.84,1091
822.49,3928
825.47,228
826.75,688
826.75,0
829.06,384
825.16,121
826.72,80
825.83,405
823.48,323
821.64,449
822.26,139
823.2,267
825.38,687
824.46,1540
823.97,864
822.5,836
822.37,3467
820.99,382
819.82,171
819.03,1299
818.49,612
816.91,40
816.83,249
818.24,209
820.12,418
822.29,779
822.6,251
822.6,0
823.56,121
823.27,115
822.72,98
822.41,65
822.8,351
823.77,115
823.77,0
822.31,392
822.28,193
821.74,838
820.15,1091
819.03,3046
814.39,1361
811.62,430
813.05,469
817.63,1198
814.85,1648
807.25,1049
801.78,993
807.62,2042
805.37,540
812.05,91
814.4,295
811.83,104
812.05,120
812.67,182
810.8,340
810.8,0
810.8,0
807.38,128
807.38,0
810.4,151
810.4,0
810.57,162
812.63,276
812.85,194
815.28,100
815.28,0
815.57,567
815.6,176
815.51,649
814.59,62
814.59,0
816.74,658
815.7,396
815.7,0
814.79,408
815.17,130
813.23,359
812.3,1231
812.48,3681
809.27,520
807.33,483
807.33,0
803,266
801.9,258
802.09,514
803.65,283
803.65,0
802.68,55
802.68,0
802.68,0
802.68,0
803.71,100
806.21,118
806.21,0
806.21,0
806.21,0
806.21,0
807.68,261
807.68,0
807.13,201
806.2,58
806.2,0
811.08,66
811.08,0
813.42,40
813.42,0
813.42,0
814.51,530
815.74,68
817.01,359
816.76,274
817.85,62
817.23,131
817.23,0
816.43,124
816.44,652
812.16,130
812.16,1773
813.24,491
813.24,0
810.09,120
807.49,533
806.96,171
810.35,105
812.07,349
810.38,145
810.38,0
808.65,133
809.13,42
809.4,511
810.08,407
808.47,190
809.38,115
806.7,257
806.7,0
807.7,45
806.67,41
806.89,130
805.47,130
807.23,192
806.85,100
806.38,83
808.86,88
808.86,0
807.78,118
808.2,192
808.2,0
808.93,92
808.87,238
808.87,0
811.2,91
812.62,127
812.5,326
811.64,262
812.22,216
812.3,752
814.52,3482
814.52,0
814.08,262
814.78,440
817.58,207
818.96,301
815.89,40
815.09,324
814.14,186
813.55,98
813.79,191
811.91,557
809.43,75
809.23,204
807.74,201
810.25,359
812.73,83
811.1,148
811.1,0
814.33,302
816.49,85
816.49,0
816.49,0
818.42,60
819.04,293
821.9,504
822.45,377
819.74,140
818.8,88
818.8,0
818.8,0
819.14,283
819.14,0
821.36,341
820.76,266
820.7,487
821.88,165
823.12,225
823.97,913
822.95,4540
816.8,80
820.51,122
820.69,205
821.89,949
819.27,777
817.34,1090
818.48,440
814.59,215
813.4,258
812.62,1020
813.23,217
815.05,605
813.99,235
815.33,110
814.85,252
814.75,311
814.92,140
815.86,167
815.86,0
815.15,45
814.56,78
813.1,131
813.56,119
814.06,41
815.7,96
815.7,0
815.7,0
815.7,0
813.12,148
815.06,105
815.06,0
813.47,109
813.34,427
813.49,238
814.53,124
813.19,344
812.99,903
811.57,2165
811.66,4955
810.99,160
811.02,214
807.26,185
808.54,80
808.54,0
807.89,156
807.2,221
815.68,61
813.67,221
813.83,245
816.08,91
814.58,174
812.24,47
808.38,73
809.71,127
809.71,0
806.76,43
807.03,165
807.03,0
808.81,123
808.62,499
808.16,348
808.16,0
808.16,0
810.57,238
807.09,165
807.08,324
805.98,258
805.9,149
807.72,216
807.54,203
809.04,593
808.93,360
808.93,0
812.26,72
810.85,171
810.72,98
808.08,409
808.7,3163
799.97,218
795.72,1051
794.9,2167
796.6,964
793.21,1779
795.72,452
791.04,262
790.45,175
792.69,715
791.52,719
791.02,976
789.69,1205
788.28,1015
783.3,146
786.08,493
787.37,450
787.37,0
787.9,558
789.25,252
788.87,350
787.06,230
785.16,838
786.05,235
784.88,933
783.6,235
783.35,623
782.27,1203
781.67,896
779.45,385
778.74,360
778.5,151
779.11,572
779.13,484
780.44,284
778.99,1137
775.85,4586
773.35,1840
773.9,1298
774.36,4014
775.55,2270
774.13,982
774.21,226
769.92,320
770.97,627
773.97,301
776.52,901
774.32,561
774.65,749
773.11,102
773.9,444
772.7,720
771.81,280
771.87,566
773.58,144
774.15,299
774.71,628
775,499
775.09,50
776.59,193
776.68,539
775.5,580
774.39,295
774.39,0
774.46,555
773.83,274
773.83,0
773.33,375
775.28,233
775.28,0
775.28,0
776.75,276
774.67,1617
773.32,252
772.74,786
771.57,139
770.56,548
775.87,1589
777.4,5027
777.39,417
775.45,216
773.23,530
771.72,291
771.72,0
770.65,357
770.49,190
769.66,574
773.69,170
772.33,830
769.76,703
771.35,651
773.08,1184
773.38,564
773.38,0
773.38,0
774.42,89
773.9,333
773.4,171
773.12,64
771.21,40
771.21,0
770.07,149
768.57,129
767.16,54
767.85,40
767.25,182
764.89,316
767.35,40
766.36,270
766.64,90
766.07,604
766.16,573
766.16,0
765.56,466
765.29,75
764.83,1788
762.66,634
766.19,2253
766.15,291
770,266
770,0
768.01,224
768.01,0
766.39,379
765.8,533
765.39,375
765.39,0
761.64,115
765.18,1064
765.93,173
765.75,330
766.81,378
765.88,142
765.92,57
765.3,80
763.26,121
761.95,270
764.09,570
766.71,125
767.58,197
768.1,1157
771.62,40
771.53,50
771.74,90
771.26,124
770.49,219
769.66,1042
769.21,442
769.11,405
768.27,130
768.96,751
769.28,1826
769.19,83
768.63,217
767.5,65
767.77,365
768.82,3619
767.36,427
765.75,391
764.77,99
762.65,564
764.98,233
760.64,53
758.91,266
752.29,1398
757.54,636
760.69,90
760.66,1283
761.68,663
761.13,862
760.85,253
762.56,42
763.36,58
763.06,303
762.94,372
764.83,446
762.85,50
763.32,80
763.69,425
763.8,711
764.83,685
762.08,165
762.08,121
761.22,476
762.32,299
761.57,181
760.98,78
762.07,43
762.45,260
762.87,118
764.56,1058
764.2,468
764.14,50
764.94,301
764.66,484
763.13,2297
769.26,2233
774.37,1616
770.38,542
766.67,1253
768.34,1563
769.63,2638
770.16,936
766.49,1814
766.66,912
767.93,632
766.86,1276
763.83,1271
763,1157
762.14,545
762.29,1873
761.23,349
760.31,931
758.28,842
757.93,836
755.5,360
753.53,403
756.22,158
761.24,254
761.85,831
758.69,473
755.63,1126
754.14,1058
755.36,362
757.56,1131
756.62,1242
756.41,682
754.73,1477
755.94,2094
757.23,897
756.5,1832
758.43,1118
756.8,2125
754.96,1193
753.73,7728
749.29,235
749.05,190
749.42,731
748.08,427
745.22,151
746.84,473
750.99,851
747.71,768
744.92,460
747.47,347
742.43,602
740.48,445
743.87,150
743.73,832
747.48,480
750.87,548
750.87,0
749.93,656
749.93,0
753.1,248
751.68,310
752.21,239
750.23,643
750.87,207
750.87,0
754.39,725
753.77,166
753.42,811
753.05,265
752.21,159
753.9,650
751.58,363
751.07,277
751.06,587
750.7,775
750.6,992
749.15,1157
752,533
752.64,2529
748.42,162
743.35,1039
740.79,791
746.54,613
748.8,305
747.54,292
750.42,232
748.47,94
750.58,86
750.15,172
749.67,349
746.75,156
746.75,0
745.65,305
745.85,72
748.42,89
749.04,283
749.04,0
750.71,383
750.88,626
750.88,0
751.66,390
752.57,129
752.65,113
752.65,0
752.65,0
751.63,348
751.93,546
751.93,0
751.93,0
751.93,0
751.16,247
749.36,394
750.29,199
751.06,688
750.78,445
750.85,124
750.67,2032
750.79,5451
758.83,80
758.52,395
755.58,120
754.81,230
757.31,115
753.38,407
753.38,0
755.95,348
754.14,72
753.9,65
752.65,113
753.5,436
752.91,192
754.04,201
754.79,128
753.7,355
750.97,260
750.97,0
752.65,201
751.49,191
751.61,200
752.2,190
752.2,0
751.95,51
752.52,137
752.52,0
750.33,146
750.33,0
750.31,355
749.74,97
750.69,298
750.5,357
751.95,433
751.59,584
749.02,251
748.99,933
749.18,1807
746.83,2119
744.91,3157
745.44,433
752.01,347
751.12,173
748.54,971
746.23,310
748.63,371
749.99,243
750.31,608
749.2,241
748.63,346
748.86,246
749.17,472
748.35,681
750.43,125
749.92,306
749.84,335
750.38,600
750.41,211
750.56,398
750.26,621
751.43,90
751.66,745
751.66,0
752.28,158
750.91,69
751.43,158
751.43,0
751.3,603
751.59,101
751.64,385
751.88,364
751.95,318
751.98,305
751.51,625
751.45,209
751.5,329
751.51,633
751.27,592
748.75,4235
744.75,105
744.41,85
747.91,298
748.68,586
751.41,44
751.91,145
753.76,425
753.18,159
752.82,532
752.55,761
753.16,1055
752.33,269
752.62,188
752.65,232
753.61,351
753.44,916
752.97,70
753.39,892
752.65,301
752.76,894
752.45,2785
752.45,0
752.45,0
752.45,0
752.45,0
752.45,0
737.93,585
738.24,909
739.45,1177
741.46,462
739.41,104
736.6,945
733.43,404
733.04,255
732.84,140
734.13,621
734.16,1360
733.55,206
735.08,1690
736.78,582
735.94,623
736.66,74
734.37,329
733.31,288
732.67,823
733.06,527
733.32,416
732.4,95
732.4,0
734.86,232
734.86,0
734.86,0
734.87,130
733.25,92
733.74,94
733.58,196
733.48,110
732.2,718
731.86,138
732.15,179
732.56,81
731.97,328
731.81,852
730.58,436
729.88,3182
731.58,1021
726.04,428
726.18,162
725.87,1346
725.87,524
727.81,605
726.58,694
728.25,504
729.5,835
728.03,878
729.02,693
728.74,293
726.68,81
726.2,418
726.51,420
725.63,204
725.41,955
725.41,0
726.58,682
726.74,531
725.11,743
724.55,1060
724.14,579
724.35,488
724.16,413
723.71,407
723.4,170
723.12,1206
721.6,725
720.88,1225
720.88,0
722.84,600
723.25,1067
723.42,312
722.9,785
723.28,1361
725.33,283
725.18,730
723.87,5940
724.11,288
724.21,196
724.65,800
726.52,667
726.6,209
725.9,443
724.43,445
722.93,765
722.17,768
724.32,293
722.61,1411
723.36,171
724.02,798
725.44,47
724.8,102
723.83,267
723.94,799
723.5,798
724.29,408
724.27,156
723.66,245
723.84,60
723.26,282
723.2,97
723.47,394
723.46,283
725.74,377
725.94,924
726.13,831
727.47,417
727.35,1243
727.64,373
728.19,400
729.43,593
729.84,489
730.53,280
730.18,1699
729.12,3033
728.31,4968
718.42,778
729.67,611
730.11,1824
729.08,1620
726.52,1319
724.62,73
724.06,445
726.95,434
724.65,338
723.18,107
721.74,1471
723.58,544
721.9,227
721.49,512
723.21,110
722.58,140
721,174
721.49,362
720.27,130
719.89,248
719.68,627
719.08,408
717.32,557
718.78,778
719.38,426
719.85,348
719.08,377
719.84,651
721.29,283
719.6,589
721.14,403
720.99,271
720.34,136
720.39,499
720.72,1533
723.68,786
723.3,1174
724.92,2009
724.8,4536
723.69,167
723.5,216
724,412
727.21,388
727.53,538
735.03,921
739.44,1024
738.17,527
739.69,537
741.32,455
740.22,212
740.98,430
743.44,1269
740.93,40
740.06,247
739.39,267
739.41,154
738.07,224
737.7,437
736.93,940
741.56,542
741.46,262
741.72,1425
741.36,91
742.14,432
742.49,423
739.95,324
739.72,365
739.99,967
739.69,359
739.3,705
739.52,243
737.72,696
738.42,581
738.43,308
738.79,395
738.57,1669
739.43,1753
738.8,5052
738.8,0
736.09,607
735.75,281
737.14,902
739.47,715
741.56,904
741.98,785
741.3,837
739.23,172
737.19,518
736.86,223
737.07,162
737.65,50
737.02,339
735.11,109
735.71,492
737.65,1277
738.42,141
738.14,752
735.59,615
738.91,89
738.91,0
738.89,296
738.42,188
739.71,555
740.29,116
739.13,387
739.09,212
739.09,0
738.51,62
738.85,447
740.62,41
741.43,1009
742.01,208
742.21,326
742.7,2520
740.1,575
740.38,339
739.69,4294
735.12,702
739.34,780
736.11,1141
734.75,81
735.95,535
739.53,320
739.81,528
739.54,328
738.88,214
739.03,685
739.36,394
741.25,998
740.09,274
739.97,667
739.66,1096
739.3,789
737.94,446
737.86,529
736.32,484
736.81,597
736.54,93
737.51,324
737.67,509
739.31,115
739.45,274
737.81,336
737.89,237
738.27,690
737.69,155
737.55,348
736.37,137
736.76,280
737.43,504
737.8,155
737.65,376
738.47,116
738.26,405
738.26,1035
737.65,4066
739.74,258
739.74,0
733,141
734.01,1101
729.81,162
729.84,168
730.94,166
731.53,60
733.85,394
733.42,418
733.42,0
735.61,44
735.6,224
736.34,88
736.15,119
736.15,0
734.57,587
734.31,583
734.45,213
732.36,97
732.86,129
732.48,132
733.06,517
733.77,114
733.88,47
733.66,193
732.85,252
732.54,271
735.02,339
735.05,245
735.06,780
737.53,376
736.08,298
735.25,264
736.26,409
737.09,291
736.87,473
737.08,964
733.55,5029
728.95,238
734.77,252
733.18,598
730.26,141
733.41,166
735.32,98
736.96,199
737.29,524
736.27,251
739.68,888
736.54,570
736.86,314
737.46,176
741.01,171
741.98,307
741.38,240
741.31,392
742.86,142
742.95,605
742.43,81
741.97,80
741.97,0
742.93,223
743.17,88
745.46,102
746.1,143
745.86,585
745.86,0
747.89,363
747.93,521
748.81,50
749.12,557
751.48,973
749.57,1171
752.3,941
750.83,854
750.38,467
749.27,1862
749.93,2757
752.6,720
758.26,262
758.15,275
756.92,365
754.4,578
755.91,827
753.92,807
753.38,618
754.78,1107
750.1,438
743.95,1277
738.96,1016
737.69,2210
731.94,2075
728.09,1835
730.64,161
732.9,160
734.99,699
734.53,508
737.37,384
739.52,574
739.37,1208
743.43,1335
744.84,40
745.05,375
742.9,550
743.4,141
743.99,337
743.77,82
744.22,2780
744.09,202
745.29,279
746.27,221
746.86,338
745.58,1405
745,616
744.78,689
743.69,1986
746.03,4374
750.41,520
748.38,376
749.01,603
748.02,587
746.25,486
749.22,973
749.91,316
748.27,630
751.09,1175
749.18,314
749.24,120
751.19,62
751.1,931
748.03,41
749.19,174
749.14,285
751.37,99
749.27,161
751.99,464
750.79,175
747.85,641
750.75,40
750.59,423
750.02,868
751.85,541
753.41,73
753.25,210
753.22,151
753.22,93
752.91,476
752.97,398
753.17,462
753.68,344
755.55,1532
755.8,711
754.97,543
755.69,729
754.71,986
754.99,4994
755.43,40
751.51,265
751.96,832
750.05,586
748.45,212
746.95,955
746.87,2025
748.77,572
748.89,352
750.29,218
749.66,520
747.8,382
748.25,509
748.73,991
749.62,670
748.68,831
748.72,335
751.75,924
751.82,348
750.94,1181
750.94,0
751.44,333
749.9,581
750.1,628
753.36,588
753.69,1075
753.51,309
753.42,1681
753.51,1386
751.93,1451
752.38,675
752.78,481
754.17,682
753.29,641
754.34,726
754.85,1464
755.91,1876
756.73,2664
756.95,6190
755.08,41
756.25,40
757.15,478
755.69,311
756.11,104
757.84,948
757.51,867
757.7,683
757.61,487
755.8,246
755.4,3054
745.55,313
748.37,91
747.45,395
746.03,585
746.03,0
747.23,223
745.96,40
744.98,40
743.85,634
742.14,87
742.9,575
741.47,2020
740.78,540
739.28,682
739.1,2923
739.91,1481
739.86,1214
737.74,793
738.05,231
737.82,939
736.82,2358
741.16,2043
742.8,1701
744.13,1080
745.58,1470
744.55,1290
743.25,2852
743.26,7380
751.48,841
749.11,534
748.24,212
748.22,737
741.05,768
741.21,614
743.04,1352
744.43,1203
745.67,279
744.94,290
746.15,299
744.54,542
744.5,266
743.06,368
741.73,498
740.02,802
738.46,364
739.34,1087
739.75,546
742.25,46
741.48,120
743.19,845
743.83,378
742.16,339
741.91,1484
743.12,507
743.55,1125
738.2,276
738.34,997
737.37,940
741.34,837
742.75,507
742.38,1065
741.66,418
743.4,300
744.1,715
744.05,1141
746.01,3663
745.03,7100
736.32,376
743.33,40
744.25,101
744.64,204
745.81,700
745.22,247
745.22,0
744.84,623
746.12,1580
747.37,145
751.61,602
752.39,276
754.28,242
754.58,404
755.08,980
753.69,410
754.46,508
753.79,130
754.54,541
754.52,488
753.88,347
754.24,1099
754.24,0
757.38,250
758.2,145
755.85,506
755.85,0
755.85,0
755.85,0
756.32,194
757.19,54
757.19,0
756.86,658
754.25,60
753.62,343
753,900
754.59,134
754.68,1144
755.65,11221
749.69,174
750.63,559
749.02,340
748.29,688
751.17,1960
751.17,0
756.43,338
756.43,0
753.22,119
754.72,109
756.5,408
756.5,0
756,230
754.38,59
753.59,267
754.25,50
753.62,146
753.62,0
753.62,0
752.35,59
752.35,0
753.12,209
753.81,157
755.63,193
755.75,40
755.75,0
754.23,40
754.37,132
753.9,154
753.4,249
754.33,177
754.51,222
754.57,596
754.89,871
754.37,970
753.99,333
753.65,1325
753.84,641
752.92,1262
752.92,0
752.74,134
751.37,123
751.37,0
751.71,91
750.38,81
751.8,551
750.18,40
750.29,287
750.29,0
751.16,594
751.6,224
751.74,503
753.63,196
753.63,0
753.63,0
753.63,0
752.18,246
753.02,170
753.02,0
752.88,276
754.01,200
753.24,130
753.23,247
752.97,40
752.97,0
752.97,0
752.97,0
753.13,134
753.13,0
753.24,173
752.95,141
753.14,390
753.44,243
753.25,300
753.23,729
753.44,253
754.15,1813
754.16,9690
754.04,170
755.04,260
755.19,701
753.39,172
753.39,0
753.93,40
753.93,0
754.21,909
752.33,452
753.89,287
754.57,43
755.2,73
755.13,82
755.32,301
755.29,178
755.94,94
755.94,0
755.94,0
755.61,121
755.61,0
755.11,180
755.11,0
754.83,58
755.58,88
755.54,193
757.66,144
757.66,0
757.66,0
754.95,211
755.99,124
755.99,0
755.99,0
756.53,165
755.65,123
755.65,0
755.7,187
755.91,81
755.91,0
757.53,45
756.9,174
756.9,0
756.9,0
757.66,91
757.66,0
757.66,0
757.66,0
757.66,0
757.32,40
757.32,0
757.38,142
756.73,109
755.92,100
755.55,134
755.55,0
755.55,0
755.55,0
755.55,0
755.55,0
757.78,255
758.79,583
758.07,1564
762.91,293
761.97,465
764.53,238
763.8,808
762.23,554
762.23,0
761.86,41
761.52,334
759.01,79
760.68,232
761.05,422
761.46,129
761.89,223
761.89,0
762.12,334
761.7,313
761.29,104
761.24,683
761.24,0
761.24,0
760.58,146
760.94,564
760.88,755
760.98,162
760.94,263
761.97,221
761.16,642
761.16,0
760.36,262
761.17,198
760.88,185
761.67,280
761.31,176
761.31,0
760.9,281
761.22,1049
760.87,593
760.92,413
760.76,2733
760.76,0
760.43,99
761.78,59
761.78,0
761.78,0
760.13,169
760.59,73
760.66,439
760.66,0
760.47,68
760.75,181
760.86,528
760.85,409
760.85,0
760.85,0
759.94,81
759.85,281
760.17,475
760.17,84
760.17,0
760.17,0
759.31,40
759.96,647
760.19,148
760.41,446
760.08,58
759.68,240
760.01,824
760.07,180
760.07,0
762.01,203
762.01,0
761.52,123
761.28,233
761.97,195
763.76,220
765.27,193
766.11,614
767.51,1266
763.66,106
765.74,249
764,272
763.04,68
762.58,302
761.29,40
761.72,47
761.91,56
760.66,104
761.84,73
761.84,0
761.84,0
761.84,0
761.84,0
762.59,142
764.32,63
763.74,40
763.31,172
764.37,208
763.92,51
763.87,151
763.87,0
764.26,349
764.26,0
764.5,533
764.2,40
764.69,150
764.69,0
764.7,148
763.28,284
762.74,70
762.74,0
763.36,43
763.34,40
762.85,80
762.41,530
763.43,222
763.23,262
763.1,2018
755.04,149
756.34,454
760.7,158
761.49,273
761.68,82
761.68,0
758.65,255
761.32,363
761.14,480
759.9,124
759.9,0
760.79,355
760.01,45
760.18,40
760.18,0
759.2,137
758.79,40
758.79,0
759.57,40
759.57,0
759.05,97
759.49,639
761.1,206
760.53,200
760.8,501
760.99,111
760.32,106
761.1,1544
760.88,617
760.88,303
760.97,50
760.87,1001
760.78,406
760.86,168
760.1,90
759.85,160
759.39,195
758.09,265
757.55,2718
755.13,118
753.08,59
753.33,312
755.95,905
752.47,133
754.81,1032
754.81,0
758.44,100
758.96,788
758,772
758.02,68
759.85,907
756.38,53
756.02,128
756.74,152
756.74,0
756.74,0
760.31,122
762.21,177
762.21,0
762.21,0
763.17,263
767.26,113
767.46,600
765.96,580
766.11,381
766.58,790
766.68,282
766.43,100
765.94,249
766.66,405
765.96,185
765.78,485
765.78,0
765.76,2321
769.9,259
770.7,193
769.9,178
769.45,3324
768.65,419
776.09,1116
776.33,180
780.75,857
782.12,117
780.85,246
780.85,0
781.25,238
781.01,269
782.08,195
780.76,334
781.57,113
779.86,367
779.41,627
780.53,627
782.68,863
784.43,614
784.01,285
784.4,223
784.7,90
784.68,737
784.85,309
783.59,392
784.8,351
785.13,552
784.18,270
783.08,385
782.99,384
782.98,251
783.88,130
784.24,152
782.96,454
783.87,113
783.05,725
781.5,144
782.4,404
782.31,4231
783.7,483
784.73,5176
790.93,57
786.58,306
784.14,47
783.54,324
782.02,185
783.46,181
781.39,736
781.81,871
780.59,757
781.32,446
781.69,531
780.93,804
779.85,100
779.33,721
779.86,909
780.78,40
780.83,484
778.1,587
777.46,854
776.12,88
775.94,1750
774.96,1574
774.22,144
773.86,103
774.51,505
774.48,141
775.08,471
775.12,279
775.8,161
776.32,1104
778.37,181
777.54,40
778.19,204
778.64,440
776.58,976
774.91,1354
774.81,1100
774.88,2069
772.75,7973
765.81,342
768.35,657
770.78,81
770.61,216
770.61,0
772.99,92
772.99,0
775.77,157
775.16,242
775.16,0
775.16,0
776.02,202
775.24,93
775.72,88
775.72,0
775.72,0
776.22,83
776.1,87
776.1,0
776.1,0
777.33,134
777.33,0
778,451
776.12,66
776.12,364
776.12,0
776.05,93
776.23,540
777.59,395
777.59,0
777.75,83
777.55,101
777.65,496
776.13,118
776.11,401
776.11,0
778.01,1143
777.2,817
777.18,1991
777.18,0
789.27,312
790.61,780
791.73,794
792.38,775
793.9,282
796.37,936
797.8,2446
797.03,682
796.1,791
796.1,0
792.44,54
792.61,615
794.03,352
793.46,788
793.68,63
793.68,0
793.7,279
794.84,1338
794.84,0
794.84,0
796.81,472
797.15,170
796.33,113
795.8,140
795.8,0
797.04,170
795.8,58
796.38,265
795.29,97
797.31,133
795.58,411
796.15,308
794.57,418
794.72,381
796.24,111
797.39,476
798.14,651
798.19,3812
797.3,1780
796.67,2394
791.64,618
791.26,2573
783.18,2609
774.34,3123
769.45,3349
768.28,2042
767.61,4069
760.01,1535
761.5,2116
761.75,3773
755.66,2242
757.75,1139
759.81,1956
758.65,1577
763.79,1751
761.44,772
764.73,391
764.87,2711
767.77,614
769.12,1746
770.86,1094
769.21,732
770.93,806
772.95,989
772.98,1033
771.07,683
771.72,1894
775.91,1180
774.35,743
771.95,608
774.09,1518
774.59,1223
775.37,1546
775.68,1272
779.24,1545
776.83,2221
778.27,6076
782.42,81
784.09,981
786.68,1824
789.84,915
788.17,50
788.27,351
788.94,926
788.95,818
788.95,0
789.97,410
785.72,571
785.72,1200
784.73,995
784.89,669
786.57,248
788.18,932
785.93,40
785.93,261
785.75,195
785.88,568
785.88,0
786.61,397
787.36,368
788.71,262
789.66,150
790.77,104
790.35,1517
793.66,407
795.21,816
796.22,2234
798.98,491
798.85,849
797.22,198
798.61,1058
801.7,1118
801.94,1200
796.88,888
799.48,2898
799.68,3975
794.89,87
794.89,0
787.28,258
785.35,350
789.56,254
788.84,42
789.31,64
789.32,123
789.32,0
790.68,159
789.15,236
788.45,311
787.14,938
786.92,500
784.63,259
784.63,0
786.43,53
786.42,127
785.5,367
786.22,95
786.48,61
786.74,761
786.2,234
786.2,0
782.71,62
783.02,297
785.11,252
785.97,1125
786.38,288
786.67,384
788.59,235
789.91,111
789.91,0
789.36,208
789.47,496
790.38,697
791.99,233
791.42,768
790.51,4076
796.15,1095
806.02,191
802.94,80
802.99,618
801.01,433
801.52,42
802.48,448
801.4,236
800.73,309
800.66,80
800.57,257
801.09,485
804.39,255
800.27,85
800.75,160
800.39,239
801.96,302
801.87,229
801.54,1126
801.11,607
800.38,540
799.7,272
799.64,181
799.3,1186
799.61,606
799.61,0
801.12,48
801.2,516
801.2,0
803.56,585
802.89,1322
802.46,418
801.62,121
800.11,158
800.25,146
797.54,330
796.63,198
796.06,1439
794.25,3739
798.34,470
798.84,968
798.63,263
792.73,811
800.3,459
800.54,292
801.53,416
801.44,948
800.26,121
799.9,562
801.29,294
802.16,609
802.41,741
802.61,185
801.74,284
801.33,335
800.21,362
800.1,62
799.96,40
800.27,247
799.64,46
800.27,355
799.57,788
799.57,0
802.04,111
801.3,43
801.6,59
802.17,188
803.06,196
800.19,591
801.32,499
804.06,123
804.06,160
804.06,0
802.46,182
799.95,223
799.74,88
800.69,627
799.16,3413
789.82,646
788.88,508
788.88,0
782.35,897
783.23,382
783.43,122
788.8,296
787.71,323
786.53,568
785.62,40
785.6,62
784.97,207
786.87,532
787.54,151
787.82,364
788.35,92
786.67,40
786.28,309
785.11,87
785.11,0
785.11,0
783.24,314
783.78,204
783.25,48
782.38,486
782.17,198
782.25,508
782.31,40
782.27,361
781.78,491
781.81,421
781.03,333
780.59,379
780.1,432
778.78,1646
779.16,567
779.12,1460
779.07,1943
780.28,3892
787.71,2638
793.28,1777
796.73,1594
797.31,596
799.16,836
797.43,289
797.01,435
799.57,173
798.58,423
800.71,513
804.22,830
800.18,234
798.65,467
795.66,1275
789.7,50
787.8,201
787.8,0
787.8,0
787.8,0
787.8,0
787.8,0
783.75,191
786.13,121
786.07,254
786.07,0
786.82,214
786.2,209
783.71,99
783.52,69
783.24,192
783.24,0
790.28,291
788.91,214
790.36,184
791.51,555
789.45,233
790.18,911
793.14,823
791.39,4283
794.67,785
793.08,793
789.32,741
786.41,732
789.11,145
794.2,40
795.72,867
797.51,123
796.72,1585
792.6,365
792.65,85
791.9,138
792.22,405
793.13,40
792.41,205
792.59,337
793.11,161
793.63,137
793.96,82
794.93,173
794.53,182
794.3,254
793.46,253
793.5,292
794.3,75
795.11,85
794.4,192
794.81,535
795.03,536
792.72,378
792.01,460
790.53,168
790.6,726
789.52,265
791.16,678
792.08,850
791.11,1066
791.99,1420
789.8,3461
789.8,0
781.46,154
782.31,146
781.83,45
782.91,340
782.13,143
780.93,84
782.08,40
782.08,0
782.08,0
785.68,297
785.99,1061
787.7,194
789.85,361
789.98,211
790.9,593
791.41,80
791.01,462
791.01,0
792.03,452
793.23,689
791.58,173
791.25,281
792.59,216
792.59,0
791.83,120
791.91,314
792.41,40
794.6,90
794.98,399
795.12,595
795.59,131
795.97,279
795.01,595
790.55,706
789.76,254
788.96,161
787.92,407
787.15,1323
793.1,67
790.08,160
792.65,92
791.73,507
789.15,267
792.03,160
793.53,222
792.43,81
792.43,0
794.53,420
794.53,0
796.07,620
796.44,398
796.44,0
795.45,41
795.45,0
795.45,0
797.57,40
799.62,146
801.15,294
800.65,116
801.02,40
803.06,82
803.06,0
804.41,50
804.56,591
804.25,193
802.16,153
802.86,80
803.29,161
803.44,832
800.87,287
802.19,516
803.77,65
803.86,339
803.74,267
804.31,1196
803.63,1239
805.56,2272
802.88,1029
794.1,1469
793.61,1193
803.6,1121
803.9,1721
808.02,891
803.36,1112
799.68,290
798.42,590
796.68,1329
796.54,1661
800.13,131
799.26,810
799.65,898
798.8,944
800.7,667
800.23,1382
801.93,509
800.15,536
800.88,327
802.68,1126
804.09,328
800.65,231
805.14,624
804.95,1961
806.1,909
804.21,182
804.35,308
805.02,294
803.84,614
803.75,426
804.55,246
804.86,384
805.8,446
804.94,351
805.4,836
805.2,1739
805.82,1212
806.14,4371
804.49,264
807.31,67
806.46,144
807.01,402
807.13,488
807.22,1123
806.38,160
804.87,40
804.87,0
804.18,298
805.52,320
805.8,444
808.47,131
812.51,485
809.7,248
809.78,689
810.5,506
810.72,366
810.63,122
811.4,388
812.2,280
811.29,277
810.02,268
810.33,41
810.54,521
812.29,740
817.06,347
818.37,238
820.16,584
820.07,920
822.17,1583
824.45,175
824.59,547
825.26,507
826.61,1372
823.03,361
821.35,688
817.53,1153
807.76,6312
817.75,292
815.41,973
811.66,320
811.07,726
811.07,0
813.95,522
812.53,474
814.08,732
814.22,274
815.91,2143
817.04,541
815.89,292
818.43,556
819.09,457
818.53,390
822.01,713
820.88,512
817.26,646
817.03,45
816.15,80
814.4,96
814.43,539
815.16,206
815.15,292
815.98,387
817.57,307
817.92,40
815.83,647
818.04,386
819.94,525
820.75,347
818.34,98
816.67,608
818.05,730
819.61,805
819.41,1912
817.54,1422
817.49,215
817.06,5468
818.71,316
809.94,110
813.47,593
815.43,54
815.65,110
816.59,92
815.96,74
816.27,387
816.12,956
816.08,154
815.4,843
814.56,577
811.26,1063
811.37,182
810.64,200
810.27,572
807.57,1248
806.6,502
809.52,722
811.32,651
810.41,188
809.33,439
810.53,2219
808.99,537
810.16,277
811.34,566
812,196
815.16,299
815.2,537
816.13,723
811.81,395
811.45,312
812.3,172
811.57,365
811.78,122
810.07,615
811.54,446
811.31,642
812.67,3158
812.57,778
817.3,415
817.41,324
815.59,849
818.94,400
817.06,112
816.6,80
815.53,398
815.96,564
813.48,246
812.25,563
813.5,322
812.86,488
813.89,132
813.85,657
815.98,1552
816.02,88
815.75,443
814.92,117
814.55,334
814.26,1473
812.58,249
811.21,99
810.47,374
810.47,301
809.17,502
809.52,293
809.52,0
808.72,762
810.5,104
810.38,367
809.92,995
809.44,308
808.24,498
806.06,495
806.1,1125
807.7,278
808.19,1860
807.83,8909
807.83,0
808.73,40
808.2,810
805.98,376
803.44,95
804.61,246
804.73,709
806.43,231
804.32,211
802.12,166
802.39,198
801.48,149
801.48,0
798.25,429
799.04,265
799.04,0
795.37,194
795.37,0
794.63,261
796.6,42
797.28,600
797.57,65
796.76,573
793.21,608
792.4,218
789.62,743
789.56,587
787.89,123
787.91,516
789.94,566
791.5,616
790.49,81
790.41,271
789.02,444
789.45,762
791.56,650
791.44,839
793.85,2395
798.75,4216
802.01,455
802.44,701
804.12,926
807.85,271
806.2,153
808.45,239
810.16,48
808.38,549
806.17,637
803.77,352
806.73,562
807.15,546
807.51,120
808.09,1368
807.5,555
809.48,270
807.29,255
804.96,371
803.95,780
804.72,1269
805.44,1231
805.36,668
805.36,0
803.5,359
803.61,2294
803.08,303
804.16,259
805.43,254
805.83,468
805.36,60
804.6,511
804.6,1109
805.19,1002
802.02,689
802.04,1040
800.89,1185
799.62,1521
800.85,340
800.79,3546
799.14,731
798.91,1723
794.35,109
791.99,566
792.86,239
795.6,140
793.54,110
789.57,110
792.91,197
792.68,162
792.68,0
793.72,390
794.67,2950
802.48,198
807.07,428
806.62,151
805.89,242
805.89,0
805.58,166
808.24,446
806.67,100
806.48,104
806.48,0
807.35,779
804.54,417
804.66,793
806.03,40
806.03,0
806.46,538
807.45,107
806.96,886
806.96,0
806.04,609
804.26,69
804.26,0
804.26,0
803.07,229
803.96,459
804.43,3713
815.98,1316
821.52,600
824.26,176
825.17,690
827.24,986
826.36,445
825.44,191
829.78,600
828.24,476
830.52,195
832.45,551
832.94,1243
833.37,967
830.42,359
831.53,200
833.42,434
832.94,173
831.85,205
831.23,382
831.16,1478
833.24,1333
834.14,625
835.69,624
836.31,41
836.7,549
836.29,1048
837.43,288
839.48,588
837.1,545
837.4,367
837.4,0
838.2,245
838.56,241
841.53,247
841.04,1607
839.3,546
843.95,490
841.28,1076
841.54,5018
842.18,70
837.39,40
839.82,206
839.82,0
846.59,1432
848.58,168
849.37,423
852.36,81
854.54,159
852.66,175
850.39,313
849.28,348
849.3,572
851.36,88
851.16,298
849.78,283
849.29,541
849.27,50
848.24,95
849.11,40
849.11,170
847.81,544
847.76,50
847.76,0
848.58,230
849.89,80
850.08,732
848.32,377
851.33,420
853.55,160
854.04,247
853.36,592
853.36,0
853.64,114
852.84,174
852.03,448
852.22,366
852.73,348
852.08,2469
848.58,640
845.34,164
845.34,0
849.29,285
850.24,634
849.52,521
846.99,3427
848.24,389
850.2,375
852.51,86
854.44,372
856.18,252
858.08,81
857.53,783
856.13,123
853.28,448
853.28,0
852.24,75
854.41,266
856.26,100
857.05,291
857.23,212
857.64,550
857.23,300
856.34,427
856.34,0
856.24,304
857.84,276
859.09,200
857.04,247
857,562
857,355
858.3,266
858.33,64
858.92,628
856.85,834
857.29,1079
854.87,1269
854.09,2233
855.51,170
852.9,530
853.11,207
850.22,46
850.14,182
850.89,904
849.07,147
848.47,178
848.47,0
849.02,1180
849.33,589
851.05,374
852.2,800
856.92,187
856.92,0
856.92,0
856.84,302
857.43,272
857.71,1054
857.9,656
857.49,1845
857.43,881
856.82,775
855.9,1060
857.95,2114
858.34,1153
857.33,634
856.12,1923
855.45,777
855.87,1124
856.77,864
856.02,1029
858.15,769
858.51,1502
859.71,1282
860.67,621
858.69,1568
856.34,1618
855.83,8848
952.81,22907
983.64,18395
985.72,3233
973.37,7289
964.65,9974
968.72,2712
962.82,8656
962.1,3066
953.64,2329
952.23,1575
963.27,968
960.34,1066
954.66,4283
960.63,3513
964.29,818
959.57,2086
960.32,1547
963.01,2626
965.22,1979
966.3,853
967.81,1384
966.79,2556
968.22,3950
965.95,2037
970.36,651
973.98,2166
973.98,2188
973.98,3828
965.43,1539
952.8,1772
959.87,7349
962.5,3822
965.77,6286
971.52,11853
972.37,3973
972.35,6125
963,1329
965.03,3043
963.59,14482
951.59,4438
953.9,3267
949.04,2317
942.47,3805
946.5,2549
949.21,1994
951.43,1794
957.75,1971
956.49,740
958.58,1745
957.41,1259
955.18,939
957.26,695
955.02,902
955.71,1169
954.8,465
954.8,992
955.49,1098
955.41,1767
958.43,983
960.48,301
952.38,223
953.37,1416
951.37,458
948.9,1189
949.59,1017
950.58,334
948.11,293
949.37,778
950.9,1426
948.69,1248
949.24,546
949.95,794
949.62,1642
948.61,357
949.55,1042
949.05,1428
948.85,2843
947.83,3470
946.84,921
945.94,461
945.63,1066
946.45,559
946.87,626
950.75,357
940.76,911
941.06,612
941.06,0
945.15,819
946.84,252
949.26,476
947.17,476
947.69,208
947.69,0
946.09,272
946.27,371
945.1,172
945.99,345
946.31,472
946.7,161
944.95,720
945.01,1330
944.46,395
945.92,964
944.86,2097
945.83,1028
946.94,708
946.84,2125
945.71,880
948.71,735
946.51,743
945.93,820
946.34,443
946.07,602
946.63,877
945.19,793
943.7,4719
944.13,8955
936.03,898
937.44,767
937.45,402
934.04,653
929.07,1900
926.52,1321
922.04,1631
923.47,1927
924.47,1038
926.63,202
923.99,1011
920.75,116
920.78,724
923.89,57
924.79,981
926.35,457
925.82,335
925.82,0
924.86,292
923.9,147
923.23,432
921.95,127
920.93,147
919.48,287
919.48,0
918.23,525
919.3,43
920.22,184
918.4,250
917.62,157
919.99,125
918.22,209
916.39,53
917.55,428
915.38,113
914.56,730
914.29,720
916.98,1043
916.58,10583
917.31,1015
921.17,2552
918.31,321
916.65,151
916.83,184
916.83,0
916.01,456
914.48,103
915.08,46
915.54,40
914.42,346
914.42,0
914.42,0
913.67,126
912.08,1305
913.13,218
912.68,823
912.67,365
911.78,513
913.16,2284
913.5,170
912.75,671
912.92,102
913.64,49
913.12,191
913.69,447
914.24,66
913.19,768
914.02,1489
915.63,482
915.63,0
911.19,219
912.1,470
912,351
912.43,198
911.95,470
911.66,482
913.25,1259
912.38,4601
910.41,215
915.63,905
916.81,1060
917,1125
907.77,1941
911.8,516
912.28,1121
915.26,585
917.97,647
916.96,268
917.41,375
917.75,368
917.92,1199
917.89,3355
922.34,1714
921.82,556
919.68,308
916.67,164
915.08,182
915.21,204
914.98,729
915.38,442
914.67,91
914.53,522
915.46,263
917.29,611
918.05,190
917.52,429
918.47,1164
917.61,404
919.85,1114
919.09,110
919.17,529
919.74,392
918.74,283
917.22,1002
919.73,1054
918.39,1082
917.78,12692
919.44,1529
929.16,872
930.07,1690
937.34,1505
939.32,560
936.91,1945
937.53,3677
939.02,2339
937.51,899
937.35,685
938.88,572
938.57,124
938.33,2011
937.99,773
936.81,1098
936.7,1217
935.42,501
936.37,875
933.36,184
933.53,580
934.35,170
934.14,646
935.81,782
937.21,898
938.75,1644
937.77,123
936.47,359
937.79,330
938.64,144
938.42,808
938.37,337
938.11,1223
942.35,580
944.43,257
942.02,105
942.02,0
944.21,1126
942.34,1526
939.83,2650
939.09,189
946.7,93
946.98,522
942.42,522
946.62,297
944.64,163
944.39,210
943.79,703
943.16,678
943.06,608
944.62,261
942.75,345
941.04,395
941.04,0
941.01,183
937.68,271
939.73,246
940.17,233
939,114
937.47,364
938.56,181
939.26,68
938.82,247
938.57,1328
937.71,87
938.26,522
937.37,365
937.64,691
936.41,543
940.03,486
940.09,206
941.76,256
943.22,149
943.97,683
944.76,678
944.91,60
944.4,339
944.79,1737
946.72,1395
948.99,751
952.82,795
955.54,564
951.42,193
953.23,489
951.76,401
956.46,424
954.365,491
955.885,397
956.87,747
959,2369
960.77,595
961.665,1059
958.555,1603
960,912
959.455,1173
959.51,280
957.715,184
957.98,41
958.77,813
960.12,586
958.48,87
957.37,334
958.11,363
958.83,62
957.06,351
956.67,1274
957.51,865
957.4,576
954.62,555
955.385,473
957.495,81
957.03,413
958.49,397
959.4,1976
958.495,1203
959.54,1063
960.04,313
961.595,3187
961.01,860
959.025,777
953.6,948
951.55,119
951.89,251
947.71,107
947.365,377
954.615,131
954.755,641
950.1,428
947.02,342
948,478
949.52,546
946.09,202
946.265,342
948.46,698
947.41,169
947.39,1724
944.69,243
944.69,0
943.07,339
942.98,417
942.91,407
944.065,675
944.48,372
944.79,207
944.46,93
943.07,713
944.965,1180
946.16,337
946.9,292
946.81,307
948.365,967
948.57,970
947.33,102
947.15,620
945.51,897
946.155,886
943.37,6237
946.28,562
951.825,2505
957.49,764
958.935,710
958.4,1486
967.3,3238
965.65,1829
964.98,2122
965.53,3203
971.84,1821
971.845,609
971.69,554
971.62,621
972.27,236
969.47,335
966.57,283
967.33,591
969.3,476
969.06,256
969.06,0
967.65,609
966.97,171
966.83,1953
970.5,1418
965.08,712
969.715,1527
969.12,202
967.56,899
968.32,1312
970.03,903
967.85,1146
967.85,339
966.235,1212
969.55,263
968.86,933
967.91,849
968.87,788
970.12,1732
966.97,4901
958.5,528
965.67,609
962.68,203
966.12,672
963.995,134
961.52,185
960.76,194
960.76,268
960.57,486
961.79,41
961.16,267
959.27,98
958.76,723
957.25,1292
959.53,203
959.21,40
959.73,424
960.855,490
960.82,118
961.37,133
961.23,75
960.94,49
960.88,83
960.88,0
959.8,719
962.11,364
963.19,97
963.08,42
964.98,87
966.12,634
966.51,673
968.16,568
969.17,299
970.12,814
965.47,133
964.555,193
964.28,485
964.5,321
967.5,2676
950,1132
951.58,2443
959.095,3567
956.905,1505
955.915,1447
956.65,757
953.13,2177
957.085,1890
954.765,1898
958.365,1513
960.165,1417
959.785,2166
958.51,832
958.35,1279
958.535,764
960.155,1325
961.245,975
963.04,730
963.65,949
962.37,2534
968.38,485
972.1,95
973.64,156
972.87,394
972.85,271
974.38,211
974.38,0
974.82,895
974.05,204
973.47,244
973.14,359
971.62,743
972.93,933
975.6,480
976.14,1947
975.99,581
973.32,481
975.72,1475
976.1,11866
970.505,348
969.125,115
961.83,815
960.79,727
964.2,784
959.83,2577
961.3,1519
962.17,931
964.32,881
962.655,614
961.37,863
959.48,430
959.36,1166
959.61,100
960.26,784
962.68,162
961,453
962.1,219
960.97,560
960.84,279
960.025,699
961.36,246
960.78,133
960.22,753
962.185,205
962.44,1023
963.21,507
963.92,316
964.86,302
963.89,210
965.43,649
965.43,0
963.82,560
965.12,609
967.145,143
966.085,698
967.81,471
967.85,1530
968.22,3005
955.625,1066
952.275,984
949.855,2089
954.8,1015
958.59,302
953.67,584
951.33,3817
951.175,411
951.315,343
950.96,1521
949,3078
956.48,385
957.33,1452
957.255,486
956.81,702
959.61,1389
957.13,424
958.33,3182
956.86,762
954.54,824
953.595,2429
953.785,577
953.015,731
951.585,9107
951.44,3106
955.46,2165
956.25,1210
954.16,563
953.045,262
952.315,320
951.05,317
954.01,465
951.945,2227
953.72,352
952.94,1383
950.875,791
952.32,738
952.9,1106
950.245,4317
947.57,2459
952.24,992
950.02,599
949.795,3475
947.49,5644
946.27,4568
945.745,2638
944.88,326
943,356
945.9,1384
944.53,774
944.505,1640
942.16,265
943.3,821
943.09,782
941.695,950
939.75,586
939.99,2626
939.815,859
937.02,480
940.21,2117
942.13,2090
943.41,2347
944.315,810
944.99,1658
941.64,374
940.215,603
939.505,800
941.25,659
941.51,644
942.89,253
943.455,466
942.57,1738
943.59,667
939.12,389
938.91,2016
937.58,3218
935.77,2318
936.605,6745
925,1082
925.53,1057
926.46,1520
924.68,410
921.61,1353
926.125,1469
927.605,3584
927.38,1004
930.25,519
929.025,2524
927.045,3273
925.52,743
927.28,878
926.75,155
927.53,609
929.47,80
933.615,1020
933.485,433
933.485,0
935.07,515
937.43,297
935.73,160
936.12,631
934.49,453
933.24,110
935.57,847
935.57,0
939.41,512
938.865,442
939.48,100
940.58,210
940.99,348
942.25,266
936.82,999
936.58,125
940.47,64
940.47,0
946.445,1204
945.52,5463
944,1134
948.405,2132
946.91,2058
950.71,1119
949.415,1345
950.555,665
952.13,1754
952.615,789
955.135,4082
958.54,1565
958.65,471
959.73,829
960.28,1282
962.5,2079
961.54,300
963.58,537
961.255,1272
963.505,1083
960.005,423
960.485,488
958.9,439
961.24,432
963.05,142
962.93,337
963.93,208
962.44,1340
964.01,824
962.97,607
960.2,958
959.455,1590
959.22,430
957.55,679
956.41,1075
956.55,1070
957.79,718
958.18,1942
957.5,939
956.32,1300
956.645,4960
956.1,453
958.65,2018
959.43,896
967.565,2578
971.125,3759
965.195,723
967.57,492
969.63,478
972.18,547
974.47,324
974.245,515
973.555,1179
973.29,838
974.11,923
969.755,427
971.615,1154
970.92,1226
976.42,2949
980.55,1208
981.07,1639
979.315,452
980.3,856
978.165,1124
979.38,415
978.52,872
974.37,593
976.28,470
975.24,409
972.94,275
975.6,426
974.72,393
974.69,212
974.25,522
975.67,682
973.43,828
969.735,888
969.57,2011
969.78,1650
970.36,7399
961.36,4955
962.645,1252
962.755,965
967.465,1463
969.515,1511
967.935,2197
968.26,2691
967.28,1515
967.265,1293
970.14,609
971.83,1730
973.275,1570
978.64,752
978.76,436
978.695,975
978.51,726
978.41,987
980.495,1191
976.71,855
978.88,495
978.3,415
979,430
979.93,679
977.35,320
978.79,155
976.99,622
976.49,224
977.485,423
977.65,510
975.18,661
975.54,485
975.615,2013
977.815,1364
974.85,399
974.28,1599
974.98,1396
974.365,1648
970.245,3766
972.83,6768
977.8,1304
980.67,1294
978.97,625
981,603
981.575,2101
977.46,100
976.49,160
973.44,391
971.73,268
964,461
966.865,1070
967.46,762
966.605,711
969.73,318
969.57,293
967.47,662
968.41,156
968.7,360
968.63,1208
971.9,873
970.56,365
972.395,386
971.965,1673
973.4,612
971.5,1420
973.44,567
971.045,454
974.29,1552
974.28,1647
974.2,1037
973.99,40
976.21,384
975.27,276
974.73,409
972.42,393
973.3,278
969.335,688
968.81,1388
969.78,3280
979.99,590
980.28,1637
980,495
983.345,1366
987.23,2153
985.95,488
986.62,182
985.68,781
985.68,0
988.5,863
988.67,691
985.355,236
986.36,331
985.985,610
985.225,400
986.585,316
986.14,808
983.76,493
982.32,1613
984.12,281
984.275,825
982.65,920
985.18,355
985.18,0
987.07,313
987.07,0
985.86,637
988.35,741
987.51,242
986.91,72
987.615,100
987.26,661
985.585,396
985.48,541
985.97,155
986.58,665
985.055,593
984.89,657
984.04,3370
986.27,827
982.06,546
981.925,460
982.74,1329
986.38,432
986.79,320
985.7,405
987.64,844
987.78,247
987.78,0
985.16,247
986.36,64
985.46,315
985.46,0
984.47,84
983.72,173
983.02,126
983.02,0
986.85,268
986.07,306
987.995,720
989.18,52
988.45,738
987.92,1406
988,991
987.91,62
985.36,174
985.98,476
987.5,125
984.51,213
984.51,0
983.825,615
982.87,116
981.225,1227
977.95,578
979.55,259
978.34,330
975.79,219
975.935,2347
980.525,1337
980.785,1905
976.775,203
978.36,619
978.395,257
978.395,0
978.395,0
973.91,107
973.5,150
975.23,524
975.67,243
975.5,70
975.5,0
975.5,0
975.425,364
975.635,101
977.61,377
978.61,217
979.64,377
980.35,809
980.55,209
980.55,0
980.55,0
981.03,40
981.16,401
981.91,626
981.095,174
982.67,321
983.46,297
981.71,491
982.27,181
980.89,410
980.81,180
980.87,72
980.16,40
979.23,361
978.59,438
977.12,1097
974.12,3997
963.75,2441
964.495,1062
968.43,275
970.5,335
967.225,155
966.615,584
966.91,1008
969.655,1275
969.84,119
968.15,501
968.325,95
966.07,520
964.97,2317
965.26,1042
964.74,1068
965.84,504
966.575,371
966.53,1115
967.475,309
969.3,1627
966.82,264
967.94,341
968.03,1198
969.01,1418
968.22,226
966.31,239
967.59,166
968.425,134
969.04,404
969.3,189
967.87,288
968.285,530
970.19,635
971.27,544
974.09,478
973.6,362
972.97,1202
973.61,1711
975.82,5714
971.99,1423
973.48,1154
976.32,1580
974.04,2274
977.34,2581
975.48,968
976.615,1148
976.855,815
976.13,456
974.13,369
969.38,2073
962.395,590
964.79,1240
966.805,1437
969.03,1083
967.19,837
969.065,5142
970.49,1413
970.11,5360
970.73,192
972.96,190
973.48,399
975.5,331
976.08,481
976.03,437
974.55,570
970.525,300
972.97,740
973.235,4422
973.88,867
973.08,176
970.72,301
969.31,168
970.17,1418
970.605,1466
970.37,2661
967.63,939
963.13,2572
958.92,8685
963.5,1432
969.53,995
971.99,690
967.135,975
962.495,2349
963.145,892
963.895,1367
963.45,827
965.84,527
963.33,1214
966.67,754
964.035,1500
963.99,861
959.16,2633
955.31,3719
955.2,1192
958.85,421
956.59,1196
953.395,643
955.58,261
955.715,641
954.965,665
956.91,916
956.945,1223
959.85,915
962.95,308
961.025,603
960.73,1186
960.52,205
960.385,5489
961.27,970
963.505,853
964.645,830
968.09,740
966.68,1147
967.08,1624
968.67,1014
968.21,1865
968.31,4129
963.72,534
967.36,1126
959.99,158
964.62,559
971,204
970.945,138
972.025,383
970.22,198
970.97,237
970.98,69
971.67,325
972.44,336
972.45,645
973.03,319
972.355,402
971.15,288
972.385,44
972.27,222
973.265,354
972.22,377
972.92,919
970.8,41
971.62,451
972.31,818
973.2,382
972.945,709
971.4,847
971.925,639
968.385,1143
970.905,1884
971.81,640
973.75,1227
973.33,445
973.625,301
974.24,1598
972.92,392
971.13,613
971.45,2550
969.685,3647
969.685,0
968.7,104
967,607
965.57,132
968.18,50
969.46,830
973.325,860
973.325,0
976.71,314
976.33,628
972.97,663
972.97,0
974.82,69
974.38,818
972.555,1835
972.555,0
970.67,228
972.32,126
972.85,64
974.06,117
972.31,73
972.31,0
971.17,55
971.92,44
971.92,0
974.73,155
974.13,96
970.92,466
972.9,244
972.9,0
970.95,335
970.02,578
968.61,106
968.42,1054
968.41,464
968.13,112
968.11,589
967.22,704
967.13,1476
955.64,242
962.91,828
964.94,779
964.75,203
970.12,82
968.21,65
968.21,41
967.38,487
967.415,234
967.88,280
969.02,706
968.07,821
969.22,305
970.125,939
969.85,1130
969.22,351
968.83,687
969.44,1263
967.91,739
965.85,930
965.5,331
966.97,565
965.01,100
966,265
966,0
964.88,76
965.43,346
965.57,231
966.17,259
965.76,313
965.76,0
969.28,228
970.17,482
968.82,728
967.19,100
968.41,442
965.82,820
964.41,1011
964.63,5268
958.265,339
963.55,158
964.58,783
963.925,118
965.99,961
963.77,461
962.935,169
962.86,95
963.84,40
965.85,419
966.765,113
966,411
967.96,221
965.86,68
965.12,99
965.115,786
965.91,506
964.7,467
964.82,190
965.14,226
965.14,0
962.08,41
961.78,152
962.525,111
962.53,126
963.295,199
962.63,319
960.54,571
959.7,585
959.745,95
959.745,0
960.165,281
960.63,129
960.71,754
960.14,485
960.86,457
958.98,735
961.165,1884
961.04,2926
973.14,1652
971.74,958
969.18,645
967.48,1155
967.61,1126
966.5,1155
966.935,822
968.865,1485
969.91,43
971.565,1189
972.425,819
971.36,301
970.83,1269
971.09,1179
970.21,429
970.4,116
972.285,496
972.865,244
971.75,52
973.01,4509
977.075,1932
976.6,431
975.475,464
970.79,3376
967.48,1256
968.1,738
967.72,596
967.57,1653
964.75,795
966.935,1022
965.705,575
966.795,1290
963.715,1888
963.835,559
963.1,1193
961.16,1168
960.235,1639
962.16,1410
961.62,8756
967.86,626
973.01,817
971.35,744
973.98,2367
974.74,898
973.68,580
975.93,1485
971.92,2340
966.39,615
965,1703
968.435,1330
971.75,688
971.645,1000
973.5,260
975.71,398
976.695,274
977.425,553
977.48,398
977.66,551
981.53,2220
983.845,937
982.98,687
981.35,598
981.35,255
982.51,204
981.71,445
983.26,202
981.74,609
978.34,51
980.31,50
979.64,149
979.64,259
980.81,163
979.96,317
981.4,81
981.94,114
982.7,1006
983.39,812
977.55,6689
984.62,560
984.14,554
983.24,883
982.57,810
981.44,485
985.64,1465
991.76,175
991.55,1276
988.35,342
988.725,1475
987.28,893
989.5,758
987.14,407
991.46,840
990.535,4648
988.72,3276
985.96,416
987.245,559
989.21,168
992.505,1220
993.89,260
993.89,0
994.495,651
994.59,554
994.645,535
994.955,171
994.835,438
992.53,231
992.62,673
990.115,384
990.075,250
990.95,411
992.95,772
993.02,215
994.46,443
994.46,0
997.375,1065
998.33,950
998.34,2685
989.98,487
994.46,1486
994.36,756
995.5,866
1001.84,799
998.21,720
1001.18,1750
1001.68,156
1005.405,711
1004.23,400
1001.65,166
1003.68,319
1003.525,58
1001.605,252
999.965,788
999.965,0
996.97,1412
996.63,121
997.17,156
997.3,341
998.45,43
997.75,80
999.8,45
1000.55,86
1000.09,553
1001.54,401
1001.37,381
1002.775,1469
1005.78,937
1004.5,335
1003.77,426
1003.39,723
1003.31,199
1004.36,263
1002.72,253
1002.69,516
1001.94,4017
1001.415,903
1002.655,3995
1001.505,130
1000.385,130
1000.14,783
1005.665,1174
1008.72,820
1008.54,836
1008.435,432
1009.47,336
1007.91,468
1009.55,81
1009.285,261
1009.04,421
1008.86,385
1008.98,373
1010.41,1280
1012.7,182
1012.45,191
1013.39,260
1012.52,371
1012.62,150
1013.34,202
1013.19,467
1012.3,255
1013.16,86
1013.74,241
1012.89,45
1012.89,0
1014.25,125
1013.95,99
1014.95,148
1014.95,141
1015.54,492
1015.16,414
1015.07,330
1014.94,307
1014.38,550
1013.3,345
1012.94,620
1013.62,2257
1004.655,1196
996.1,418
997.79,271
995.67,639
993.7,685
998.03,302
1000,790
1000.75,279
1000.96,658
997.79,137
995.755,772
996.08,576
999.16,402
998.7,750
1000.86,205
1001.29,463
1002.24,200
1002.93,114
1005.27,155
1005.09,111
1004.65,316
1004.17,217
1004.7,170
1003.83,205
1004.06,80
1006.79,68
1006.08,129
1006.08,0
1005.9,163
1005.14,116
1003.485,293
1003.3,210
1001.42,254
1000.01,502
1000.16,1256
1002.47,391
1001.44,610
1001.14,2282
1001.78,2983
1018.055,532
1014.64,634
1002.52,573
1011.875,471
1018.595,891
1016.74,521
1013.77,438
1013.485,1404
1013.485,705
1014.935,570
1017.84,785
1017.06,2895
1015.53,1426
1017.19,431
1021.935,814
1020.245,134
1019.53,306
1019.39,999
1019.73,162
1021.52,298
1021.23,101
1022.25,133
1022.62,447
1020.91,379
1019.88,326
1020.305,563
1021.54,121
1020.29,565
1019.445,1936
1016.21,1231
1016.41,221
1016.67,771
1016.86,1091
1015.22,319
1018.61,704
1019.05,319
1017.665,214
1016.85,593
1016.49,2498
1018.67,248
1023.01,433
1024.82,305
1028.15,397
1029.68,705
1026.44,188
1026.1,511
1026.61,406
1029.25,1199
1030.06,286
1030.49,451
1030.56,1127
1031.81,1138
1034.96,325
1036.95,514
1038.88,724
1038.3,1708
1037.69,573
1038.705,386
1037.47,540
1038.6,559
1038.2,388
1037.63,357
1038.205,282
1035.59,281
1035.15,251
1034.965,656
1032.5,519
1031.215,155
1033,301
1032.555,349
1034.12,474
1035.16,124
1035.9,560
1036.55,669
1035.165,764
1034.615,797
1034.12,1037
1034.33,3665
1033.06,48
1030.54,456
1030.63,447
1032.495,765
1030.17,356
1031.12,197
1032.19,1221
1030.19,308
1030.41,182
1028.39,221
1027.93,209
1027.19,71
1027.495,385
1029.77,467
1030.13,115
1029.285,304
1029.49,780
1027.29,183
1027.8,264
1027.34,61
1027.31,292
1027.185,231
1025.315,134
1025.995,40
1025.16,109
1025.16,0
1025.59,46
1025.605,83
1025.975,352
1028.1,497
1028.1,0
1027.95,55
1028.23,184
1028.6,202
1027.23,338
1027.2,375
1025.46,950
1025.19,1172
1027.535,2417
1027.5,232
1029.09,1123
1034.92,496
1034.185,539
1035.4,311
1038.25,65
1039.94,220
1040.99,465
1044.62,622
1045.99,1264
1041.61,398
1041.61,0
1041.19,145
1041.19,0
1047.27,132
1047.97,120
1047.645,1413
1050.505,582
1050.44,287
1050.36,220
1050.36,0
1051.76,266
1051.625,212
1050.285,221
1049.96,165
1049.96,0
1049.96,0
1050.31,346
1050.31,0
1051.695,182
1051.695,0
1051.945,263
1051.05,87
1051.05,0
1050.14,306
1051.59,1384
1052,1345
1053.49,2312
1051.93,6345
1056.53,599
1053.49,1645
1048.15,1082
1049.43,1084
1050.85,854
1053.88,2004
1056.23,1166
1056.66,1200
1056.925,1030
1055.785,1310
1053.48,589
1055.03,471
1054.665,1306
1051.74,305
1052.02,561
1052.945,183
1052.76,5558
1051.92,1055
1051.815,235
1052.23,153
1052.175,196
1053.29,656
1054.8,1006
1054.32,1835
1056.045,686
1057.5,828
1054.19,796
1052.65,736
1054.19,884
1053.185,1256
1054.59,456
1055.03,1072
1054.41,513
1053.26,391
1054.87,1065
1055.69,997
1055.165,1070
1056.28,1149
1056.68,3576
1057.575,411
1053.99,332
1045.03,948
1049.27,508
1045.395,575
1045.915,1757
1048.99,2223
1047.01,303
1047.01,0
1046.07,286
1046.33,106
1044.33,314
1044.33,0
1047.04,159
1047.93,113
1046.76,986
1049.19,451
1049.5,475
1048.405,517
1049.36,629
1048.96,618
1047.52,413
1048.14,129
1047.385,52
1046.81,314
1046.705,190
1048.3,2040
1047.17,456
1047.17,0
1045.635,595
1044.085,48
1044.72,544
1046.74,174
1045.93,202
1047.84,704
1049.63,1056
1050.9,472
1049.135,952
1050.355,6754
1052.5,1495
1057.27,749
1057.155,1031
1057.69,792
1058.73,213
1057.79,324
1057.78,1023
1058.345,255
1058.895,836
1058.69,3035
1062,288
1062.11,420
1062.075,434
1061.88,402
1061.9,931
1064.57,150
1064.22,496
1062.04,271
1062.49,543
1061.51,146
1061.51,0
1062.24,181
1061.6,296
1061.6,0
1063.195,1568
1064.415,635
1066.015,915
1065.49,697
1066.035,628
1066.035,0
1067.085,439
1068.33,84
1069.635,257
1069.37,473
1069.15,927
1070.69,913
1072.475,1780
1071.77,1326
1071.26,4037
1080.965,1097
1078.09,536
1078.49,273
1081.83,838
1078.67,222
1079.88,328
1080.53,854
1083.63,649
1085.85,911
1087.875,534
1087.675,613
1086.925,208
1085.35,863
1084.745,572
1088.87,474
1088.93,298
1089.52,1040
1091.41,467
1088.84,133
1086.99,105
1085.51,537
1083.36,44
1083.91,861
1080.785,207
1083.32,808
1082.325,249
1085.675,239
1086.14,173
1086.14,0
1088.06,66
1087.29,178
1086.73,267
1086.66,199
1086.66,0
1085.985,122
1087.36,368
1089.405,1159
1090.435,576
1090.585,2240
1092.955,104
1089.435,312
1093.86,295
1095.02,170
1095.36,109
1093.89,64
1093.99,52
1093.87,476
1094.43,40
1094.975,99
1095.99,287
1096.29,549
1097.42,166
1097.55,111
1096.825,447
1095.38,104
1096.3,628
1093,110
1093.84,118
1092.39,192
1094.185,125
1094.19,295
1094.19,0
1094.135,63
1094.86,68
1094.845,87
1094.59,375
1094.51,262
1094.51,0
1096.29,499
1097.2,664
1097.57,725
1101.705,364
1101.81,526
1100.63,429
1098.135,88
1097.46,1081
1099.92,1508
1100.61,4479
1105,838
1103.93,564
1102.49,1468
1100.69,1256
1099.06,427
1096.99,584
1094.63,684
1091.72,959
1092.585,1004
1091.55,1661
1090.66,1481
1089.54,994
1089.78,693
1091.17,1057
1092.445,278
1095.365,1987
1096.21,1210
1096.78,743
1099.75,1275
1099.95,1877
1102.75,859
1100.835,522
1100.84,532
1099.25,426
1099.41,436
1103.64,336
1105,1891
1107.255,478
1107.05,1106
1104.16,743
1105.85,365
1104.13,233
1105.93,453
1105.93,0
1102.67,257
1104.185,2004
1103.695,549
1100.73,559
1099.575,3385
1100.065,1012
1105,516
1105,629
1103.36,471
1099.94,456
1101.34,1597
1101.67,864
1101.32,82
1101.68,1318
1102.53,523
1102.165,129
1100.66,751
1100.04,672
1099.25,105
1099.71,324
1100.39,362
1100.795,177
1101.25,734
1104.41,476
1102.175,103
1102.13,140
1101.04,154
1101.33,238
1100.7,232
1100.7,0
1102.27,315
1101.63,748
1102.18,168
1101.68,132
1101,190
1101,0
1101.02,87
1100.91,500
1100.035,522
1099.41,455
1099.33,537
1098.985,1335
1100.28,2235
1104.355,7079
1099.07,148
1111.455,272
1116.8,1454
1120.905,911
1121.085,1466
1119.62,935
1118.49,828
1116.33,732
1117.735,970
1118.115,1817
1116.785,1726
1115.46,281
1116.58,1194
1116.62,393
1117.22,562
1116.555,762
1118.135,1177
1119.705,1919
1118.275,120
1118.21,40
1117.365,326
1114.07,470
1112.55,793
1109.12,1235
1108.62,681
1107.24,635
1105.19,1354
1109.25,212
1108.39,903
1109.95,821
1110.75,730
1109.01,80
1108.845,157
1107.255,249
1107.26,876
1110.56,727
1109.72,1325
1110.12,1606
1110.825,5318
1121.65,865
1123.67,1123
1117.005,1936
1122.08,1369
1124.86,1192
1125.08,1007
1122.56,1206
1125.36,354
1124.86,338
1123.9,1720
1120.94,1291
1121.52,1276
1120.4,785
1119.165,1009
1118.45,1028
1116.83,158
1117.98,892
1117.68,669
1116.85,667
1114.565,465
1113.67,1717
1112.05,636
1112.02,1642
1106.26,617
1112.99,422
1111.04,969
1113.81,544
1111.9,729
1114.8,1389
1114.87,742
1113.44,763
1112.06,864
1110.74,667
1110.08,129
1110.665,482
1109.16,1292
1108.57,1321
1105.27,1511
1109.05,5504
1108.47,2070
1095.94,2501
1089.09,1645
1097.56,913
1097.06,2295
1094.92,744
1095.69,1132
1095.825,364
1093.57,1076
1092.705,405
1093.65,251
1092.12,1042
1093.38,649
1090.85,287
1089.11,318
1090.53,192
1094.8,532
1093.66,122
1092.73,1493
1092.05,1626
1091.965,347
1092.29,229
1090.51,545
1090.67,215
1091.05,532
1092.78,54
1093.17,490
1093.53,170
1094.65,333
1095,152
1096.44,332
1096.2,1612
1097.84,422
1095.81,287
1095.4,452
1092.97,1168
1089.7,2494
1091.325,1186
1091.82,6211
1092.005,1109
1080.01,512
1076.24,362
1077.62,1326
1075.74,448
1078,871
1078.06,449
1077.84,533
1083.53,841
1081.61,319
1078.88,317
1076.66,1072
1070.925,1091
1071.785,1121
1071.27,1626
1070.84,1388
1069.63,2411
1066.67,1535
1068.54,161
1064.87,1407
1065.65,524
1065.52,1168
1067.24,362
1067.79,852
1064.205,833
1065.475,1150
1064.69,166
1069,397
1068.49,1058
1069.425,674
1066.33,821
1069.44,138
1071.02,1719
1072.19,1194
1071.9,1329
1070.21,1049
1069.28,2228
1070.33,3012
1076.43,6388
1073.745,585
1073.89,794
1078.76,598
1082.89,866
1083.95,113
1083.95,375
1083.055,290
1084.84,418
1083.12,1479
1078.69,234
1077.51,330
1077.19,464
1077.325,650
1076.105,582
1078.74,904
1083.88,701
1085.13,121
1087.96,1065
1085.42,959
1088.045,104
1087.11,364
1085.29,1206
1083.05,2764
1081.04,1787
1082.01,502
1084.01,973
1084.57,308
1083.53,616
1083.68,1185
1087.2,435
1087.17,1173
1085.94,2320
1082.81,520
1083.74,1338
1084.92,936
1086.8,1211
1082.14,2612
1089.3,1245
1091.67,10437
1050,5663
1057.135,5422
1063.4,2545
1057.29,3796
1057.16,1422
1052.36,2138
1051.97,2227
1069.07,3347
1069.605,1904
1076.32,3527
1073.93,3114
1073.295,1446
1069.7,1195
1071.9,1066
1069.29,1023
1069.16,722
1068.15,1552
1065.1,987
1070.41,937
1067.83,552
1070.78,373
1071.38,1048
1072.68,376
1073.65,970
1075.53,892
1074.36,2260
1078.32,5173
1072.28,910
1077.54,422
1076.41,771
1077.29,1084
1077.685,1051
1080.9,1589
1079.27,1035
1077.04,965
1078.965,1991
1078.54,3214
1080,3103
1081.94,10023
1084.2,457
1079.105,599
1080.955,196
1081.81,213
1080.405,421
1083.29,1434
1085.5,718
1083.32,406
1082.93,1005
1086.02,1139
1090.48,419
1090.26,728
1088.67,451
1085.27,670
1086.7,769
1089.43,903
1088.08,514
1088.29,1374
1084.425,423
1084.345,502
1085.86,196
1085.26,315
1085.75,129
1083.395,959
1082.935,240
1079.81,214
1080.285,172
1078.82,391
1077.95,84
1077.95,0
1074.84,949
1073.205,1677
1071.93,1466
1074.28,848
1073.81,1218
1073.575,1933
1076.98,1312
1079.75,2029
1086.075,12354
1088.33,554
1083.29,365
1088.615,100
1088.75,917
1084.26,725
1077.47,336
1080.54,521
1082.13,627
1083.05,366
1082.69,554
1081.535,242
1080.97,484
1083.71,387
1084.46,601
1082.69,748
1082.63,1217
1080.3,788
1082.35,80
1080.24,331
1079.125,104
1079.03,526
1077.68,459
1076.675,875
1076.675,0
1079.07,288
1078.97,112
1078.97,0
1078.13,868
1079.54,55
1078.96,867
1078.97,333
1078.62,1926
1077.75,1804
1076.955,832
1076.91,122
1077.58,748
1079.75,1812
1083.25,1682
1082.65,5363
1087.17,436
1083.23,368
1078.53,533
1076.055,416
1078.96,696
1074.44,44
1072.895,166
1072.64,154
1070.88,1194
1072.77,91
1072.44,277
1070.37,56
1069.3,625
1068.85,338
1068.36,668
1068.37,582
1074.52,932
1073.82,907
1073.07,70
1071.66,471
1073.6,52
1073.99,229
1074.73,367
1074.73,0
1077.42,129
1077.02,169
1075.415,99
1074.365,144
1075.53,326
1075.75,116
1077.805,93
1076.91,40
1076.62,202
1075.595,756
1076.45,93
1076.75,316
1076.48,461
1078.21,582
1077.18,5307
1084.99,192
1088.45,295
1083.61,673
1082.75,441
1085.63,355
1089.455,191
1089.63,205
1091.2,356
1090.355,310
1093.315,200
1093.455,100
1092.3,266
1093.24,242
1093.3,298
1093.81,290
1094.685,154
1095.67,120
1096.515,453
1096.005,615
1094.01,163
1091.685,46
1090.96,463
1088.57,218
1087,858
1089.91,858
1087.19,260
1086.06,429
1086.36,529
1085,550
1084.69,1035
1083.34,359
1083.34,0
1082.925,373
1085.03,1488
1086.045,382
1087.635,899
1088.97,596
1086.77,266
1086.75,5175
1084.09,592
1076.62,351
1072.94,721
1075.32,601
1069.84,399
1069.97,839
1072.895,515
1075.76,801
1078.63,315
1078.02,783
1076.53,158
1077.265,344
1078.62,348
1077.81,1477
1069.41,681
1068.47,1799
1069.77,397
1068.33,175
1068.565,474
1067.31,227
1066.59,63
1066.7,161
1068.36,45
1063.825,1266
1065.02,129
1065.57,247
1062.53,584
1066.29,125
1067.3,126
1067.87,420
1069.23,843
1068.55,502
1067.12,92
1068.3,491
1068.95,519
1068.75,668
1070.38,999
1071.72,586
1069.88,3299
1073.505,991
1079.805,1784
1077.9,1131
1082.62,830
1073.925,1406
1079.835,831
1071,831
1071,0
1073.66,321
1071.485,303
1071.42,144
1073.53,483
1074.42,257
1073.73,42
1070.175,278
1068.94,588
1067.285,563
1068.18,295
1071.34,542
1071.03,358
1071.08,113
1072.245,142
1072.23,251
1075.21,179
1075.605,262
1074.64,485
1074.9,168
1074.51,134
1075.1,230
1075.61,829
1075.81,485
1075.49,544
1074.39,582
1074.39,370
1074.06,736
1074.72,1656
1073.55,1155
1072.34,1211
1071.22,8073
1072.64,85
1076.43,42
1083.7,557
1086.745,187
1086.745,0
1084.005,210
1084.69,896
1088.97,177
1090.94,334
1093.02,288
1092.3,412
1092.95,956
1093.81,961
1092.68,386
1093.41,569
1092.33,262
1094.4,487
1093.745,177
1094.215,342
1093.38,479
1092.7,763
1092.95,583
1091.87,121
1091.96,498
1092.16,170
1091.52,571
1090.51,220
1091.415,121
1090.895,507
1090.24,279
1088.56,742
1089.075,402
1090.67,550
1088.43,599
1087.64,40
1086.1,866
1086.075,56
1086.32,830
1086.98,4848
1083.87,275
1078.06,847
1075.78,878
1072.655,1116
1071.515,778
1073.65,176
1074.31,650
1074.945,640
1075.42,782
1078.55,269
1079.245,582
1076.09,612
1077.07,80
1077.1,537
1073.67,311
1073.675,81
1075.245,121
1075.24,450
1072.775,217
1073.315,121
1073.065,91
1073.235,415
1075.86,344
1079.14,335
1078.555,289
1078.165,626
1080.66,430
1081.84,403
1080.4,177
1081.86,275
1081.295,247
1082.11,741
1080.1,1138
1080.76,2361
1080.4,516
1080.555,153
1080.59,482
1081.5,1539
1083.17,5232
1077.86,838
1070.93,203
1074.585,249
1072.53,377
1074.03,1574
1062.22,1112
1063,1123
1067.955,640
1072.61,459
1072.82,462
1074.23,40
1077.52,657
1080.89,203
1082.71,1253
1082.37,1109
1082.12,546
1083.59,541
1083.46,1037
1082.23,789
1084.35,827
1083.05,843
1082.855,687
1083.62,1273
1083.7,353
1079.86,147
1082.49,112
1080.87,460
1083.01,254
1082.23,406
1082.53,712
1082.7,544
1083.26,647
1085.73,676
1083.805,212
1085.33,457
1084.295,274
1084.25,997
1081.45,1474
1078.89,6542