12.42846223036323,33196000
12.218910023219712,48021000
11.857621798076398,37914800
11.778138384721112,36949300
11.698652369881266,38288700
11.640845569866592,34517800
11.611941557282318,42774000
11.922655977668445,60368200
11.900976439593629,42228900
11.792590419214736,44824900
11.966010704412374,27221200
11.9515598624425,30926000
11.525228860902548,44608200
11.583040232385391,59403400
11.351810484889297,42847700
11.033876553228373,42485200
11.37348541230164,44581000
11.655291509010667,50387000
11.908200735154022,37629900
11.763687415550642,39572700
11.590270171077776,41142100
11.915425544616912,36826700
11.676974296569824,32263500
11.669745001878944,45910500
12.103300172425692,29504600
12.110528118783558,43058500
12.18278617623531,40401600
12.009365400928804,33466300
12.00936294547238,42720100
12.385108020081583,32512000
12.377882750215072,57781600
12.609111124648603,58564700
12.645240389213585,40687400
12.464595278698171,26251000
12.35620708992629,37235700
12.681368881906973,25409100
12.464589077033125,37928000
12.652466836544928,31153600
12.919819320204809,34809400
12.746403610967576,31746200
12.5296277020838,33562900
12.4862763021124,45159400
12.45014015201429,35932600
12.190013856096071,30988200
12.32729939578481,36888400
12.139429565906768,27958700
12.067176339135512,23667800
12.197240623063824,34511600
11.90820394267983,19279500
11.973232001171228,25923200
11.626395916970404,25912000
11.604715490516387,19901100
11.662525697339406,21614000
11.590267262657251,22335200
11.633621945151054,24814600
11.424070231837913,36822700
11.814266226235166,41920100
12.059946376052526,21176300
11.850392134160419,24854100
11.835945687273684,31744600
12.038267998403619,26441900
11.886527084223403,28137200
11.561360656232539,23996200
11.65529575471385,25859900
11.691425883748252,20568300
11.56858684009365,18636300
11.691423252171926,14771000
11.633619137081155,11908800
11.546909062379639,32627100
11.438521892250655,41455100
11.236198167728542,33039300
10.9038060830476,71497800
10.643672811402283,34288400
10.874908852116642,40266500
11.1061293429273,40096900
10.85323222963468,30646400
10.90381069256198,22672200
10.87490792279491,20155200
10.773746662508346,23331300
10.737611337561775,21569100
10.694257012432743,25479400
10.788191244624999,29748800
10.809869641059448,19872300
10.860455086991848,22235000
10.92548774926395,21209200
11.106132672468053,30676900
11.243424656609362,20756100
11.286779933353722,15625200
11.250651294653379,26296200
11.424073651481267,19724300
11.366267584126822,22552200
11.3807145363573,34712900
11.597341399513104,16360900
11.626303478733627,29519100
11.401882495714299,79048300
11.445316908170435,35971400
11.43807709748806,27465400
11.474278169820789,34306100
11.524948583436428,33810600
11.857955705563604,20537600
11.930345008412907,30204600
12.053417205810547,17329200
12.140289679775615,26809800
11.886910960823714,25008800
12.002746516518828,24800600
12.21268367767334,20988100
12.198204383216193,24709500
12.219921885996548,25794400
12.089610222266797,25448700
12.183731179170653,35847100
12.538456152338094,25501900
12.292316436767578,20291100
12.263357618242013,16471100
12.277834419581051,23861700
12.22716120927268,25943100
12.386425603188629,27041900
12.118570695854153,18206200
12.060652399311977,18571500
12.1764808957577,16706400
12.256118048488194,35797100
12.219918622910889,17534100
11.92310470712381,17320200
11.821761360238844,16418000
11.85071573962444,16248100
11.684211280916127,20274100
11.763846270294238,13541600
11.64077630011738,16758200
11.756607574709502,16571900
11.590104882518318,23667700
11.865196332187962,20648300
12.125807712208605,26473800
12.408146896923318,25520700
12.299554079225627,21077900
12.495014518520582,22064400
12.56016731262207,17208100
12.487777101381566,11629700
12.523969805613124,22366900
12.560167730793406,58521100
13.226180549719452,27314300
13.226181118862797,14353100
13.153786547174569,15347800
13.124831106543724,14704800
13.197222248922536,19421600
13.088634044258539,14372100
13.240662638686844,23232700
13.43612585518275,22710000
13.175505411997994,22433500
13.342012634336024,11980700
13.240661876232997,14456900
12.95832838853551,16766300
12.987288857264813,15551300
12.84973683041794,12546800
12.951095920801773,24320100
12.581889897568312,22104600
12.741148213160132,22251600
12.668860631071754,16251100
12.61084210781273,24442100
12.973428499801583,60149300
13.125724376982351,25893400
13.140226712858734,24349600
13.212745482569705,25006200
13.386781741508992,18216600
13.249000583344833,22125900
13.125720905080957,13778700
13.067704474560076,17009500
12.966184303795103,13179100
13.038699963826422,14283900
13.031452311421793,16716700
13.227240723444769,31805000
12.929919127513486,12028200
12.893660545349121,17655400
12.835648042325243,20485800
12.813897393174699,22482600
12.937174884613448,16974100
13.016940814852369,10971300
13.002440876827357,24010600
13.140223392905295,18134300
12.987936096369106,22837500
13.07496064797791,20736500
12.96617747838281,20231900
12.639846461981668,20042300
12.407795833883078,16503600
12.190237546560354,15509700
12.226502146898179,12203200
12.393295727403665,16175500
12.23375244218676,17125500
12.17573690907835,13886600
12.103216991445375,14473600
12.27001055474166,18099500
12.400542388263863,16066900
12.37153445682749,14021100
12.27000732981246,15809200
12.110471388052792,33168400
12.124972787313283,20258200
12.219246864318848,20810600
12.270007586123892,21906900
12.190241264209208,24840600
12.429550304284843,25844700
12.589085235541644,17716800
12.567334303750943,12716600
12.43680544235723,15804200
12.32802988179458,23149100
12.40053717844389,20092100
12.458554268558464,22087100
12.328019512009586,12356900
12.320773673297355,15504000
12.41504398978958,16662900
12.226501269245446,15096100
11.958182230521825,31754800
11.87841222674314,20021400
11.813148739134224,24318000
11.653611046131672,33687800
12.095963365773695,32331300
12.270009091744358,18417700
12.3135236794077,17916800
12.41504507686249,33767600
12.712371625514303,28995700
12.951675369138444,15759700
13.016942249141918,17243600
13.009694513281072,15448600
13.016976804581274,16649800
12.915285079047905,18512100
12.493978832419891,49217400
12.711893823520462,24831400
12.508497807617797,14730500
12.646517648163577,21882900
12.748209218549508,22574900
13.002446835666712,15123600
13.32206617612526,18735700
13.184051544284085,16954400
13.111411280276565,14386300
13.227635970305004,32124900
13.554518126625016,21737000
13.598094029171532,19892000
13.539982216379997,30626200
13.728843459823613,24260100
13.866862328776891,32105800
13.48186609481348,20226600
13.77969825043916,19080600
13.830547694586798,21285000
13.874122783721006,21703400
13.7942191144486,15142500
13.823273847019186,24606500
13.779685821551213,20689800
13.387435991970444,19699700
13.198579726949855,18897600
13.176784088369473,13764600
13.365649223327637,7113000
13.416490730095443,7164700
13.205843496058304,13357900
13.220373256042853,7917400
13.075089783065149,10409500
13.10414581124737,17129900
13.329331730246361,17032500
13.409230908092523,18382000
13.72884169843534,27346100
14.07024805877946,18700200
14.157413878245823,26595500
14.447971106576293,47633800
14.934661095237102,49071800
14.81842969002922,43514700
14.309966692000167,33912500
14.324495371293002,45441300
14.724002523916218,45442900
14.44797293067716,36845500
13.961289236734554,25884000
13.816011298666199,31776000
13.93223513464511,26159900
13.98308493250615,41570300
14.506092049353597,30374500
14.426176646716607,16439400
14.15015442805539,36911600
13.77969452377502,35925700
13.975815193904905,25979300
13.72884358681525,30173500
13.539982532458087,27082300
13.888654224929876,33818400
14.455236998491557,36722800
14.66589085046153,42755600
14.607776645319644,26658300
14.37533824844407,22929000
14.542583571130796,25472300
14.760830909486664,29766200
15.139125925837018,58252300
14.484386867411601,42116400
14.34616029954348,33953400
13.982409964683141,30943200
13.982410350182196,22791600
13.873290922897173,27051700
13.48772377996488,43129800
13.385867559879124,34342600
13.429515597977606,40122400
13.596837733806629,34403800
13.691418140549537,26098700
13.640488986756978,19739500
13.458615685273532,22313600
13.26947394821835,55643500
13.102147474594549,27467400
12.927551285171695,25355100
12.949369530592493,19105600
12.978471082324885,21252200
13.356774341965236,22895000
13.487719216394408,30503600
12.840250924336663,42849500
12.782051540964718,22004400
12.738399505615234,28232900
12.840249079981177,26983000
12.847524153772827,18886300
12.82569994403001,20188200
13.102151852867918,19200400
12.97846958258226,25853100
12.702030219995644,28326000
12.840250549555742,26229100
12.963921892370427,21909000
12.883900670025879,26395300
12.963921051528644,25384000
12.942100192033264,26946500
13.32766920290929,19039500
13.444065846476542,18560100
12.840242437711316,22288400
12.862073341109845,21109300
12.75295252883595,19376200
12.847520175767658,37280700
13.094877682756152,24999000
12.876623331299914,22757500
13.327666770106354,23562600
13.167622716107969,27530000
13.553191919415962,24417200
13.102148475505107,16415800
13.014847771716259,15425900
13.000298969492338,22368500
12.94937161111394,30610100
13.276741823637733,19590000
13.0948738113576,20704100
12.862067712394138,15623000
12.869349602417701,22992600
13.211264877618243,30253200
13.589568244075592,34499600
13.829638903984284,18467900
13.735062970482524,21846200
13.473167751144052,20262900
13.189441224074102,28129300
13.145793935637785,22144100
13.094872380646182,25622300
12.985958846686161,32751300
12.657656046604782,57483400
12.453384727129164,25767100
12.241813209178337,25191500
12.21992777288284,25215700
12.40961459047717,36258600
11.928109137503832,34521700
12.329356884768695,28276700
12.256411529966025,13783700
12.424199918417482,23444900
12.300185432157372,29767600
12.343954445129583,22305700
12.606590846802282,18246900
12.387725071922274,17291500
12.176155853550558,29880500
12.095903819566463,19266900
12.022951061148339,38694100
12.154267138460174,18218700
12.022948838428782,16027200
11.825969514924513,26054200
11.906224219149792,23798700
12.044832843319021,26514400
12.270998365687513,30709300
11.971883727635952,18936500
11.993769607171801,24751600
12.008357283684475,20141700
12.146977392235437,17369100
12.001065171734517,29193100
11.796785617453638,13579700
11.84056286518251,20610300
11.672765909566747,20943100
11.731135136064738,30996000
12.139678147742728,21532200
11.935401231366665,6942000
11.928113110274536,15016800
11.855153471706554,15821700
11.855160549411302,30563900
11.760316144982466,18229600
11.366354999783024,40227300
11.753017819669415,25183200
11.293403007045534,29319400
11.315289404277086,21983100
11.278812408447266,18045500
11.300698280334473,28276500
11.322582780456964,29257200
11.47579176772267,42262400
10.797306461532676,43253500
10.85567602079978,23615000
10.994288367294324,20916000
10.855674015338483,23634500
11.081832088075782,29654800
11.0964250888493,27258100
11.344470797871708,18454500
11.388244294059467,20203800
11.315289627625162,15976400
11.286102762816604,17715200
11.599812807686249,19616500
11.235040664672852,13716000
11.344469122034349,15797200
11.271514365687509,18972900
11.052654456126817,14190500
11.213148210413578,14583200
11.198563815614886,19602200
11.520490710358851,31706600
11.396062628445977,41034800
11.53512758196841,29867600
11.600999064043254,15310500
11.483892636726932,13820100
11.396061023445831,19213800
11.476572385761845,34718000
11.601001189995548,41174100
11.791300342731539,22414600
11.827895781420668,17834000
11.996238378451865,27205800
12.281690252470188,20289400
12.428066409063652,17903900
12.42075397669528,17804300
12.332922771409311,32650500
12.14994369724066,20595200
11.98160231464332,24714700
12.047474182729896,13451300
12.010877688915587,18078000
12.193860390267037,37137100
12.757443595241181,24028100
12.59641960091219,18208800
12.742802368291715,25254600
12.750125195285431,171107600
13.006294046940978,23282100
12.881863282762902,51397900
12.662288812711678,30801000
12.406116552732612,27910100
12.406112772403494,34613600
12.720845848845585,26117400
12.837952613830566,34668500
12.845269862319485,21278700
12.940420795363607,21315100
12.947742660983344,17054400
12.823316169968683,26400000
12.918463851779066,31811900
13.211231354081885,24948400
13.138041296985186,42892900
13.357614857347976,30013100
13.445448199072453,25514100
13.562558969412626,29921500
13.562561608614523,33473100
13.650388142505198,30518100
13.913880227248903,17785500
13.723581549873899,22856300
13.467402639743007,42294600
12.94773638295327,43586600
12.757441836936092,26286400
12.574462239300576,24090800
12.779395492909167,28326300
12.508586379170831,35772000
12.633015653296118,22454100
12.911146297443501,27791700
12.625689421317032,23132400
12.772082098283875,23858800
12.815995729980848,23282700
12.603737432192741,27502700
12.515907209527015,23524400
12.530545831322451,18046700
12.74280442332808,29822800
12.962378549591493,25338900
13.12339874360458,25449700
12.837950524799279,19203300
12.889190427397475,23667400
13.284521805595235,32423800
13.695537774139867,37760300
13.394615577480046,57334800
13.167093302267412,22141900
13.203791576308268,25599500
13.401960462664718,21797500
13.357922798630137,15217000
13.431319334529388,8698200
13.563424095356867,22499300
13.123055430112494,25066100
13.357919771816842,19626300
13.26250824126515,28275800
13.159759016990881,28002200
13.13773627989731,30271800
13.541416853263744,18221800
13.563433889392972,18563300
13.658843035099155,17948800
13.453335649561332,20831800
13.534072758647097,16322200
13.497376048850095,22711000
13.460677563081276,23925200
13.115720402665044,22630400
13.534069379081943,26665100
13.357925166531105,24792400
13.357919771816842,25199600
13.365265142243617,24524100
13.438659619848698,28197800
13.247824757992122,19289300
13.29186790452734,21713200
13.702885174375416,10618000
13.644169699661456,13641400
13.541414260864258,11816000
13.446001297131316,36148800
13.482695019430503,29455400
13.68086370457341,31181500
13.67352078441474,30210200
13.886364671300193,28494000
14.033154734013937,30424800
14.31206163577846,31083400
14.209299975650188,30983400
14.31940046006325,31201500
14.201967597069341,30397000
13.644169486745552,51363400
13.33590468656955,33919600
13.409295362999966,30956500
13.159755633819584,50570100
12.888188492758607,51497500
12.96158886004074,28967400
12.902869794498057,28661500
13.020308431478481,26706700
12.99094250387359,25095400
12.990950400240632,25580400
13.04232521633929,22196600
13.189110956347534,29642700
13.343241774182212,26327800
13.269844963254497,21896600
13.365266908157524,16872300
13.372604830173795,18416600
13.497375387292411,32095100
13.145069531289984,26972200
13.233435823977413,26728900
13.697127123329105,59885900
13.947371365388335,24319700
14.035688851194294,17204100
13.844326470459793,31229100
13.719203825408748,21463500
14.057767480926389,32743700
14.131369388775155,24481000
14.197614542249106,21366900
13.814885153099674,33223900
13.616161308287117,26836300
13.42480406314616,28570100
13.461597390416898,32808200
13.152475186905319,39168600
13.292316462644854,23597500
13.373279224804755,20889200
13.711846923517832,20625100
13.719201577705876,25440600
13.461600151056182,17230500
13.557286121629794,28499000
13.542560374790387,26186500
13.557285198102008,14708300
13.594083234862357,19131900
13.660322782227668,27083400
13.564640960547557,18159400
13.61616082020844,22204200
13.940006995275944,15391600
13.829611778259277,12691200
13.807523248843363,13703200
13.83696255881129,10724600
13.807523909325104,18569100
13.873764679700724,18884600
13.64560162609447,23080700
13.461603115180095,25499500
13.557279620965698,21474600
13.557280829434092,17972400
13.74128171272815,16751300
13.778082886361341,16859800
13.940008865590498,45134200
14.234407599348833,29581600
14.101935287620558,31528800
14.116648107360087,37425500
14.124012491054591,18064200
14.14608711975326,23777200
14.190250232358794,29458000
14.308008332470493,30836200
14.62449147455058,24911700
14.300653564646192,29956500
14.219691777235951,32765800
14.418414517906625,24459500
14.315375694525878,21972000
14.160813073640382,18404200
14.190255878726955,19174700
14.182890051604472,31253900
14.26384582281934,22646200
14.396333946950993,17847200
14.425769941811302,22756000
14.521458866640879,14345400
14.418416896227901,24049500
14.241781131644238,19089900
14.41841605879449,29586900
14.330090309306746,35182800
14.602415374522705,51869000
15.007020123294843,51014100
14.106457404710339,75670000
14.069550185506094,30184400
14.017877178716335,27805500
13.907152817493618,30560200
13.980968197047046,28233700
14.158129182933395,26574900
14.16551642622761,25447600
14.084305772908543,20386100
14.158127861156485,19909200
14.06954391268605,28294900
14.025260735052203,23244900
14.18765059824636,25075400
14.180277944222325,13606200
14.08430569227684,20842000
13.944064054119897,20071600
13.93668433594678,36195100
13.61926933356076,22802500
13.8702401607377,17187300
13.729987307495321,31644400
13.789043307906434,37714700
14.099074372851868,26840600
14.512445595430908,31023700
14.578883895177198,18806800
14.615788888681081,19133600
14.608409828446911,25929200
14.505067941603048,30521900
14.844629689285037,30754500
14.859385634447136,26630500
14.741282211708198,20139900
14.475540999228723,31692400
14.763426201889946,22918300
14.829861434381511,15752200
14.815098599878773,13601000
14.91106606423439,7815900
14.859394326684038,15490800
14.83724560069024,13510700
14.778190595980709,18874800
14.844625577708602,25010300
14.61579717322304,24603000
14.778192788190161,34177000
15.243240325695599,44673800
15.036554116971404,18831700
15.383494319458077,71353300
15.811627679869014,31497400
15.959262407293066,19608200
16.114287777356896,22941900
15.87068396772987,13629600
15.656614137847773,26888500
15.966653683164456,33455700
15.87068445822602,43400900
15.966649809933912,28759200
15.892829968416331,30710300
16.416931990708008,31147500
16.173335760996743,42505000
16.63839087867556,38169500
16.46122620641169,41808700
16.446467952845772,39197600
16.800781275860704,39382800
16.808167978075847,32269300
16.800788337565425,39169400
16.24715279865526,34583600
16.21023340604817,21379000
16.203295689141495,28173400
15.22620887665391,38084500
15.004148620423516,34273400
15.255816074443988,29442300
15.337239689498263,17965300
15.411258915237559,17829100
15.581511229760176,21570900
15.263219246111909,16186600
15.374247088852815,12669900
15.440867874850799,12060600
15.211396044935073,15335500
14.981937578989607,14364100
15.300231527561294,20517700
15.729548218236395,21728300
15.90720154267336,20063200
15.988626609834748,14810700
15.840590233842457,13310600
15.618525150561435,21226300
15.596315610699008,18703500
15.507495167541245,13139100
15.52970207484842,19521600
15.455671721517305,15644600
15.026354152383888,15620500
14.981942416847359,11467000
15.174389024416051,16203600
15.699944301634217,18052500
15.381658639350107,19883700
15.692541219473208,15734300
15.729555324439627,17543600
15.470478745374901,12461300
15.611113398110328,14845000
15.440870505884089,18638000
15.322436332702637,22026300
15.433472818024462,16498700
15.751762138746166,19281300
15.840587648467096,21945900
15.448279020595358,15669500
15.36685417329684,19987100
15.514891583111865,12180200
15.47787828896,18660600
15.17439712811308,30357400
15.196601875735206,25903900
15.070764988524681,23565100
15.500086039673633,14438100
15.337241114381078,16228000
15.72955519961126,33668800
15.788768648131219,24344400
15.426066730276393,21067800
14.878304973775935,13254100
15.174405301350854,12912000
15.115177841361552,22215500
14.678449451398674,33434400
14.271327739700682,42520600
14.027064040539447,21564900
13.990054531268074,14250500
14.167703219305078,24298900
14.389765428864761,28017800
13.953035574382099,22201700
13.871618158157347,18194100
13.679158685291258,29246300
13.508915257489937,23386700
13.183220466923654,26343100
13.87901835356761,41006400
13.953044081699684,23150100
13.687001854187619,22961600
14.07318040229984,32308400
13.568179118758916,46743100
14.080602836064426,23772500
13.75383269755472,18963800
13.66471827484747,27410200
13.47162883995366,17669600
13.427077538715942,5867200
13.620161201864997,19114500
13.315675484736406,20789700
13.716708032070798,18995200
13.909793286339603,14400000
14.273691549791032,18359600
13.991483680463277,22321300
13.38251556764236,16103800
13.61274246430345,19878300
13.813251542035367,14473900
13.761264093406723,25006300
13.642441744608103,24224800
13.8503793801749,22313500
13.664718445548875,18958900
13.612738741387798,15877100
13.271117752597588,17573400
13.115161098352122,14239900
13.167149366993815,14049900
13.09288037749269,12876300
13.167145476692147,16964800
13.464203096457673,21560500
13.300824832846919,6129000
13.404794501435285,6341100
13.456783029252874,12935700
13.256265819195933,11064500
13.137444147284707,7443700
13.167142839042015,19230800
12.92207456619184,15999100
12.795820904402953,33623600
12.439351855440982,22609200
12.33538334972017,27256400
12.134868368709416,26513100
12.283395946642578,29988700
12.023468919490323,22924800
12.290821736811248,25047500
12.565603999728511,38473300
12.543321084313899,45738400
13.063178976262991,36939600
13.204280575814538,36727000
12.528467336418341,39387500
12.825532910147482,39899800
13.427073845244964,34009800
13.568175857528063,22564000
12.966632382352199,16612900
13.397371995376703,15946500
13.040892991855232,26509600
13.107731397028632,20701700
13.367661165157708,25342000
14.036043730011665,15248100
13.464209307118264,23728600
13.531040684212961,23452900
12.936926950524395,23004600
13.152292307340307,17436900
13.389943323001795,30060200
13.9923363117811,34408100
14.402121879064094,64833000
14.797000660594442,33291700
14.223312690247479,21881800
14.342512048911521,29350900
13.709208451632723,31673700
14.573487599497598,22089700
14.424478126174181,22894700
14.528781503163529,20503500
14.588388395020228,25603100
14.759752690597,26713300
14.849163167755497,24871700
14.603286893647622,25517200
14.238207332784885,26327200
14.79700660444964,60449000
15.162088003834937,32463000
15.229153846812613,30493400
14.938559512472093,26953100
15.087581799162946,26015400
15.251493270256354,30918600
15.556971454149679,31078700
15.422857461589887,34746100
15.735786432070643,34063400
14.998165269385028,28115300
15.661278075023983,36591500
16.09341227253809,31998100
15.638927601702022,24923500
15.68363347256128,23420500
15.624027800898943,26424600
15.199337782302687,28559800
15.176988242982583,21948600
14.901306436070307,36886000
14.595836236270191,26630800
14.752301862271688,27293600
15.26638883363571,31674900
15.132290623694251,21760300
15.698538513441445,23051300
15.124831541900962,35856500
14.841711506100323,25539200
14.655448186847666,22288800
14.737394533711994,25661600
14.819354258085793,27222700
14.096639892058755,17937500
14.126443569661179,21608300
14.342511819841356,29328200
14.409569655847712,17304700
14.46172212050433,28787000
14.178597709379526,21864000
14.007239353943136,23416800
13.835868861643828,23605200
13.969978644825842,32920800
14.424475000685794,17598900
14.282909084448729,10416700
14.148794405711381,15545900
14.260558633498482,16133400
14.007233689066158,19799500
14.759750714889494,18259600
14.7895542468987,12581900
14.402117675655813,18197000
14.327609757069451,16356900
14.402118996219494,18296000
14.37976385770035,13405600
14.372315865860683,20018800
15.028650318408346,36516000
14.767086130460664,43047300
14.804458826743991,29698300
14.744670652441522,18548000
14.669935692809164,19109100
14.475625628239627,20188500
14.258904428130968,24537200
14.09449949255513,15863500
14.23648880851752,18508700
14.251440233646266,21962500
14.67741130508541,16784600
14.654991770065262,16029700
14.80445384979248,15093500
14.789503340850798,13731400
14.557833435345023,22378900
14.1542829133357,20896800
14.505523807480579,19626800
14.266377819559466,21674000
14.206594339660098,22976800
13.915143661740542,29097200
14.087030023834236,38819600
14.101966355296058,43840900
14.580253742081661,37370400
14.856763579403834,32044800
15.454625332875567,28457900
15.282744154745547,26182500
15.148229327488147,22144000
15.193062993950178,25442300
15.080963751060233,24790600
14.804452739773746,20009300
15.021177754009823,23929400
15.148222640536684,35050000
14.527942954402462,21778800
14.430795497299655,17431600
14.191659084197072,26407200
14.4233218862112,19894800
14.10944279627422,13894100
14.019760429671138,22314900
14.057129611195089,22289100
14.064603678676809,35570100
13.41443542401444,31264300
12.943619421268638,38969600
13.608738505261202,18417700
13.190243375808297,34045900
13.444327426600054,18251500
13.705890723757642,19881200
13.930088745804886,23217000
13.705894942761343,28601200
13.122979335827877,45188200
13.11550536845581,30588600
12.951095216627648,29049500
12.726898042439398,15165200
12.629745420815185,16392700
12.577433424200267,16072100
12.794158168641877,20986300
12.749314853905762,23150100
12.891307558159715,18974000
13.175289063523357,20606400
13.489172125535042,15954800
13.429385522512721,18952400
13.347175466311105,25737000
13.690942483265317,16987200
14.049657641622865,24060500
13.862904346126983,28037400
14.170292191549798,38894500
14.410220075233669,16681100
14.425213956453566,17796400
14.455204671148103,19783800
13.952869445738,16577300
13.877899617026833,15689600
13.712951903173225,10960500
13.855398283892184,8886000
13.765434179934134,11787300
13.570497965574733,11650700
13.667959586426646,11901000
13.82541669729206,9605000
13.967867768198836,19934900
13.697956495297891,14423500
13.293087202083731,19947200
12.7532708298413,25841600
12.505853766215237,22101800
13.053175806238967,28464900
13.060671336717581,23613400
12.738273903427638,32709600
12.168464818473264,27242600
12.310913965146222,22953800
11.921046459675278,28181900
12.070996508903823,30661200
12.198455980010419,36676800
11.981027572807347,44454100
12.258434938742228,415200
11.98852114187787,21099200
11.696121044217723,21363600
11.696121386545142,17158100
11.793589206449616,19542200
11.763595898007322,19740600
11.76360062399501,27600100
11.298752208247926,22555300
11.246271920723656,18832000
11.141304401095047,24549000
10.811413541699705,26481900
10.496517926576796,40108000
10.241601740250283,41995700
9.004512997376567,37665200
9.604313746969126,38785700
9.349400471964866,50066700
9.964199581197603,25084800
10.451533804044148,37530200
9.446868845495306,37557300
8.734603098493723,34719200
9.281922422827726,29851100
9.364391757889452,32603700
9.371886852397987,22404800
9.012011697176536,25285800
8.727106581938234,30419500
7.887382612528825,26553300
8.374720262243134,20854500
8.764593604491226,26263800
9.259427026622271,21532200
9.304416195859465,24535300
8.967027945034353,27695700
9.746763044678831,13619800
10.009181808485776,19158500
9.814245211916175,16522100
9.161958040095215,30932700
8.337232562368184,17390700
8.59278607009705,19899800
7.952098540752402,17514300
7.891799087458947,26195800
7.529998015749908,35003800
8.102853092104993,19696300
7.643062876082741,17565800
7.575222934635732,26717300
7.100358359286986,28323000
6.316454997794074,34278500
6.226005325787968,30346300
6.46720382662305,26705200
6.798856589532828,19686500
6.4370560127981635,26725300
7.296331458839583,8466300
7.0551345910879855,20152000
6.791316234093614,19257300
6.595344174489408,17782800
7.085282985780474,30945100
7.1305101233960615,24249500
7.590298801169134,21967900
7.424475306494433,22840400
7.786274223639294,17261600
7.733513318010372,17044300
7.386783394763458,17175900
7.876724560862936,18979300
7.778737562941387,28177300
8.012399024937814,18428100
8.035012814354573,14344100
7.658136680292326,19571300
7.5450748959596705,13594900
7.71843363919698,11817100
7.364171842169945,3269400
7.386784500476318,5963200
7.311408914873679,9909000
7.386786586294938,8929900
7.658136680292326,9470900
7.62798460418352,10074600
7.869185471087256,16247500
8.170690366040866,26660800
8.419426351350427,25620900
7.891799054840128,22078800
8.12546024179571,17581600
7.839038294313924,20137600
7.40185973164413,22413900
7.477236115140527,15423400
7.371709220645091,20151000
7.67321252822876,24984100
7.5601491329700465,17276300
7.243572803503855,25715400
6.7988584726916645,20272500
6.768705944190679,19632800
7.251108388906682,17655300
7.484771859086583,18314000
7.710897333974889,15670800
7.627986369578169,22718500
7.303869149106314,21253500
6.972221600064862,24355400
7.047592951727787,21220400
7.205883582669644,23412900
7.281261361240649,22772300
7.710896864927777,17174400
7.884264851026397,27047400
7.620047137438445,35956700
7.180282118145597,26078000
7.278853239743983,39398000
7.127206915207189,28518300
6.907325036459649,27833800
6.550967110637793,23256200
6.626786739943267,30449500
6.2931719074541865,33707700
6.67228075138254,24107800
6.444814690382096,22530800
6.550967799760624,46238400
7.1727045116192265,54131800
7.2409393843809005,39333000
6.869417125326654,28072200
6.816341669332343,21909600
6.748100950366715,21710000
6.884581338730853,23433200
6.892163007436523,43140600
6.429652895598916,19395500
6.672277298501955,24799600
6.967984666934693,22364100
7.187865157756663,24807100
7.688290488887776,32285000
8.097723674622651,35792600
7.9309143824620385,25520900
7.983988970475388,26293300
8.325185083304788,18977500
8.234198693896824,23658600
7.93849620552628,23166500
8.196293944481038,16440800
8.07497658915139,29996900
8.385841850807259,30269800
8.666384288025375,18660600
8.272113049484645,18865700
8.181125407903638,17575200
7.999151844240821,17294600
8.378260695953253,19923100
8.719458379223692,21739300
8.871102138681357,17990000
8.408585419871521,26516200
7.983989681667672,16453500
8.302439383475843,16858800
8.689128509814028,15820500
8.673964668694591,27541500
8.681544776862228,17836400
8.901423358304147,14536400
8.984831923316477,19630600
8.848352460810744,21150700
8.484410275509516,20549300
8.499576008552877,21850700
8.87109962512609,20837200
8.704293203983994,17371900
8.79528201235974,15428500
8.734616608926501,13298300
8.673967174301064,15526200
8.946922100239053,22840300
9.447338291087824,13775000
9.326029197303814,17457800
9.667221764371329,19712300
9.545912591709495,18506200
9.705136674560038,27032100
9.16680217630442,20507400
8.909011716512612,20262700
9.09179714944685,27726900
8.489742944862536,31486300
8.428773880004883,21511500
8.42115126141974,23573000
8.245867253864873,16505500
8.535464071676591,14461100
8.497364221246263,20966100
8.283978565718364,18134000
8.116312353038802,12469200
8.009624107414005,22480900
8.24587149031192,28172200
8.504986390066057,20510200
8.649784545198006,22229400
8.718368716891185,22167900
9.046072066586738,19933600
8.581195153477049,17456800
8.703128159495861,16667000
8.596434200900315,24078500
8.344944445371967,20794900
8.367802735632942,32116200
8.504984281706566,21994100
8.367806819384489,22572500
8.52784865114386,17009800
8.436394697350815,18816300
8.520226209647412,17857900
8.314458628624003,23691800
8.37542330358882,13068800
8.360185080831764,17415400
8.306837654041114,18246400
7.971514806394953,18038400
8.139178566223238,15296600
8.131558743581934,12559600
8.329699189667574,37768400
8.322083421359842,12605400
8.413532479268472,16717700
8.421150109486055,18804000
8.344940316832066,29233400
8.436392894868428,27012000
8.573574619036352,21939500
8.306837207009664,18479600
8.253493587990603,20370600
8.299216894487637,16716800
8.4211554725144,24363300
8.718368012326769,19998500
9.04607109469279,43987100
9.274699954646387,28989900
9.70147272418017,22772400
9.709098897120843,16269200
9.754819649670486,25177200
9.724337444914573,22702200
10.11300683158283,23406700
10.067278539650651,21673800
10.021554908431412,17350300
10.052039819779157,15455500
10.097762989012985,21323200
10.539779510150835,24344100
10.394980189219314,21715500
10.646470489501564,15440800
10.562641020865348,13313700
10.600748013803251,12304000
10.516916365104066,18998000
10.463568100688972,16724400
10.341635294241769,17885100
10.349420916810779,28352400
10.272877958486797,36915100
10.556109732634923,23271000
10.701550001654176,24200200
10.196328899462452,18724400
10.096811648948272,15114000
10.08150408093593,19672200
10.188670313269055,10963900
10.395353526420697,15982000
10.533142464268561,21701900
10.341769725458262,21764000
10.127432988322997,23750300
10.150399186370658,22326100
10.403009982554195,23671400
10.058536586947037,14035600
10.02791660292464,23470200
9.81358087808112,20925500
9.981990886017293,15156400
10.165705022869059,12219200
10.357080802136752,15642400
10.44128251432682,17332200
10.655619235282046,29222200
10.494865124171124,17211000
10.249912097413487,26491400
10.219292640686035,21158400
10.31880383461415,27157200
10.21163791963546,32023300
9.989645822688091,23707300
9.836544549882323,43636400
9.836547516064513,33485300
10.311146204745185,24798800
10.165706406708368,23484200
9.920752788341009,19480000
10.27287778266125,17814300
10.341767767500023,14589300
10.272877648032502,23425700
10.24225447004747,28866700
9.759994457708306,24565300
9.798273995523925,28842800
9.890132161517446,19362100
10.058540136878246,12479200
9.997299108689836,23178100
9.981985487501712,25176600
10.181015459060406,30489200
10.479553731013187,19684800
10.517831819098754,30979500
10.479557978111936,16347700
10.280532724572844,17104500
10.242257307935752,15907400
10.364736534735155,15018800
10.272878208989331,20756100
10.050881418220557,18399300
10.135089497796322,18521100
9.928402842006875,18894300
9.890129521581082,15772400
9.614552049949388,17465200
9.50738572968126,15933600
9.729380867867032,19518300
9.354288200866112,16789800
9.231806438347057,30794800
9.247118655763577,21557300
9.285393062192103,16583100
9.484420621850047,13428500
9.730532219076128,22117300
10.192057884656466,21536700
10.230521222845983,35528500
9.992062739816276,26637900
9.89206727554551,29700700
9.84591172305729,21060700
9.984371240975056,18130700
9.961294238537906,15122300
9.738222242806543,17764800
9.522844342525865,22403300
9.545922239538324,13601600
9.53823018439288,14420500
9.507458760908602,7812300
9.30746147970094,9014600
9.430538166886162,14255500
9.55361316508601,33235300
9.915141859048093,18043300
10.068984902946747,17780600
10.176673821751576,20060100
10.17667587624395,19519500
10.184366117367189,17692500
10.184366880396176,17299400
10.376668320812406,18145000
10.268978027274207,12818900
10.4074364974565,14425300
10.361284069563261,13025200
10.438208658945168,29117200
10.392052858169343,11954600
10.353590773520663,19238000
10.592049446085369,12559500
10.6920423066684,13939300
10.838197800730006,16898800
10.761272473706413,5663500
10.79973809416019,9190200
10.63820274411683,7450500
10.538206704152213,10209300
10.807424501492196,9030100
10.807427138779419,18615100
10.953574179927283,15173200
10.945884850278564,13704800
10.87665761047732,21543200
10.953577745784768,41212100
11.415104771745646,33667800
11.353570600441737,40350900
10.992039819138295,25137300
10.938192263574384,26920500
10.892042623908553,36020100
10.592054021794034,14620900
10.63819894328673,19220200
10.661276219862314,25265000
10.268976803821166,48104300
9.738224168260253,39765000
9.78437223760857,36897100
9.807451875099966,30448800
10.061293152460834,35016600
9.830526097530356,25601600
9.492075783352433,20227300
9.684378733387481,21525000
9.499768188667938,36170300
9.399773205055826,40737400
9.076701469008814,43781500
9.422848871772441,17976400
9.415154527188504,21123700
9.384385966163943,17213400
9.39976857955835,18388100
9.461305466038473,23748600
9.745915042927756,21663600
10.068986936403833,25202600
9.8305294659025,45212200
9.70745484513718,29090400
9.684708891913534,22697700
9.622881353661722,30237000
9.336894796226153,25624000
9.329169654643112,21748200
9.483748978818081,15882200
9.506940523704905,16465100
9.700168449439039,22421700
9.622879618725719,17029600
9.584229386018238,27418900
9.530127204949979,23992500
9.676984261486991,29715700
9.506939753765952,24562200
9.499210372309099,35119100
9.66152303711384,30593800
9.70017171621516,25069900
9.530126611286487,23660300
9.452832229766413,29795900
9.661523203212782,27773300
9.792920745811086,18686400
9.792920465568962,24762900
9.61514943873169,26257100
9.908857059148195,39649700
10.187109326241904,34127100
10.125277889441978,38278400
10.264404753897946,30090900
10.26440279242957,27827600
10.341692492391743,39364900
10.388071460227268,40814400
10.53492608404342,37110700
10.372612903607543,29330500
10.380342717456587,16452500
10.411258569828295,20870600
10.434447938390639,29173200
10.326237758574168,15446100
10.434445526550315,24211600
10.511736590909337,28384400
10.851821169484534,45410300
11.168721323815653,22965700
11.029598777888738,33765600
11.021866166728007,25694500
11.106885744793333,18477900
11.18418185074635,19225700
10.990951712550821,33118300
11.106885879583205,23701600
11.168724255369797,17270800
11.060515170842164,30107900
10.836364933795329,23997800
10.89820506650835,20898500
11.060508826531299,25896300
10.704966761613703,17456600
10.681780273313807,37264900
10.256674312267265,26151100
10.140733169290828,43990600
9.769734115459359,38398600
10.040256185072568,27919300
10.071171616671027,37536300
10.38807295442194,32924000
10.573575057144271,22710400
10.171654913533066,27246300
10.017070689369366,18442600
10.33396647973275,25296700
9.970693799844273,36120400
9.661522449035726,46660600
9.522399454568628,41207700
9.7383022826932,20421700
9.435196426420543,25949500
9.909288075293347,24184000
9.948147115948565,21642600
10.111358469929845,17231300
9.971459653987072,20702700
9.847110147893025,19568400
10.002549919125913,19915500
9.862656775220179,20768200
9.808248058360348,19003400
9.505140104067694,18183000
9.645041216033436,19252100
9.606176474065187,21926600
9.637267944310057,16438600
9.948148009697501,17292100
9.878196937930637,25381300
10.259029014180726,18674500
10.492183215360022,15360000
10.414466570989399,15309000
10.507728302270959,14415400
10.352289161632694,16289100
10.204625807751789,17537000
10.126900331560568,19277700
9.917059346714264,48303900
10.010324259421395,16084100
9.831565991320002,29442500
9.559545856530104,25783300
9.334161481724854,27308500
9.34970507849145,21203700
9.419652852935515,30163700
9.20203794308396,26353900
9.559547763245886,26422700
9.442968076813475,18687300
9.481830342393506,13674300
9.714988309111124,23246500
9.847108417478593,20956900
9.722759978937725,19689300
9.652813385326024,20576600
9.520686278051832,13306900
9.419648510670186,22747600
9.792710738203516,29922300
9.590634865075783,21862900
9.629497348861225,14214700
9.70721703168202,15642600
9.777166027439764,19061900
9.816024228563142,18344100
9.598405827245923,36363600
9.240895093769295,26268400
9.326389589211745,20219400
9.225354937711076,23634000
9.233122546431128,17594100
9.217576957974591,14579900
9.093230608723884,15889700
9.295298395940193,9237100
9.13986346912529,25199900
8.83675311962622,20777200
8.541418113586879,27943900
8.642454363076382,15901300
8.63468118850921,19176600
8.821207948713452,15340600
8.821208621937254,12620500
8.891154386297499,21945000
8.743488528562244,27253900
8.689529781761955,26340400
8.462710656612202,37283900
8.204605497135269,31905600
8.407962433563178,25302300
8.274996861181812,23280100
8.345389964442344,16357700
8.165501399682066,30117100
8.220248573331023,30718000
8.345391847024969,19587200
8.611320918984713,16798300
8.533103694013162,31502500
8.517458203645209,30350500
8.376674870854266,24305500
8.42360086601663,22927900
8.40013873718639,23298900
8.43924802669831,26126400
8.650422050064856,18915700
8.619140327987592,21749900
8.705172442335291,23400800
8.642603003298854,19301400
8.775566431997383,26799500
8.767744644737983,20741400
8.650424664276557,22513800
8.971096545620005,22056300
9.05713188133517,12055600
9.064956129183992,21370600
9.111881801531679,21920400
9.158810277882877,23697300
9.221376621431428,18017200
9.119704225011485,15753100
9.080595785176998,20998300
9.229204714849818,18998300
9.237026253667953,18464100
9.096242723947407,25834800
9.244848251342773,14540100
9.252667565931498,18305200
9.385630271550191,16470800
9.385631306782058,16167200
9.424734727029714,20040300
9.369986195557608,13884500
9.29959648782968,26954500
9.244844096337715,16526500
9.354342522663915,14562000
9.307415922766138,18248400
9.557704523966366,12380000
9.424737809865634,11561600
9.37780836696499,11833100
9.526414139881702,12635800
9.604628035010437,11137400
9.66719963340916,16335500
9.71412631056744,11575000
9.761056818088225,12324600
9.894016745699906,16341100
10.089555483359298,15163400
10.120839659187347,16470300
10.050445966299183,14443400
10.050444602966309,15705600
9.81580425028212,15040400
9.80015844422283,14686500
9.948770232894363,12628100
9.768875737469317,17121600
9.761053472105267,14793200
9.823624679717492,21840500
9.854909456884656,16923000
9.713642143339825,15045100
9.713644275044153,11613000
9.815894583375494,11024600
9.847352253012172,4026200
9.784430858093897,16730700
9.74510343948528,13217200
9.95746755886584,13969100
10.020391222400374,12568700
10.146236896282888,10377000
10.248486297167394,8239600
10.342869486634688,12500200
10.21702196972189,10391400
10.31927138897181,11491800
10.460848099279776,9901400
10.531631654718813,9473800
10.421523109643648,9573500
10.43725212204845,10142800
10.421523242390009,8376200
10.570961714350808,19690500
10.696805000305176,12477100
10.736134828141639,14591600
10.893437273472825,9699300
10.995685480289467,6675900
10.948498986107884,6401500
11.027150295634623,6992500
11.137259877744098,5993600
11.113669395446777,5649900
11.11366638192798,5660500
11.113669686908835,10943700
11.058611301036496,16518700
10.869840364677312,24401300
10.869841505651381,18942300
10.956359038402915,10838300
10.924902234810451,15011300
10.909172331325882,17290200
11.145129769744061,8612100
11.23164502955175,9322400
11.514796151355645,36689800
12.002443807360322,33814200
11.908063301708632,27347900
11.978850812623085,21092300
11.931656523650993,12815900
11.86873536420054,14403900
12.026041181632982,18445600
12.073237663467228,13248200
12.151883167161477,24319000
12.741782987687984,24074100
12.482225178687637,24068000
12.427172143366231,21935800
12.710321113651146,22846900
12.851896164074434,20212200
12.710325252383589,15018800
12.993469784279075,15425000
12.891221952791875,16694100
12.65526505128277,20651800
12.395710396985656,19010900
12.615937855499684,12939900
12.592343947572664,12982800
12.733918466539256,12138900
12.757512480357589,18176100
12.828302851631387,13520600
12.969875432931987,12380200
12.788976820482322,25417700
12.442906433610819,24399900
12.340653067599924,18660300
12.663130661275172,20071400
12.742056912266124,26338800
13.073843435183775,34048400
12.734160998031822,19128000
13.026447685808854,17570800
13.302931960583763,14204700
13.247631306147582,24768000
12.623565679727458,28212900
12.426073829383935,32174600
11.912601390501486,23029200
11.75460540656586,16362700
11.794107645586447,15936300
11.438622686501075,21222000
11.67561189001095,24530800
11.596617983329011,15750300
11.896802494444708,19567600
11.928398728541945,13053300
11.975797487929148,10673300
11.888901347370673,17119100
12.09429202661381,14958900
12.189087867736816,13937100
12.196983752145501,11868500
12.173284916985704,16816500
12.449772421790673,11390500
12.433974178785181,11448600
12.489269121182968,12739400
12.26808592009389,21009900
12.165384857504174,13785600
12.331278847644475,13351600
12.378676149894384,18218500
12.29968368784202,10591800
12.110088348388672,12408700
12.007393560165266,17063400
11.912599081000945,16177000
11.636113335464785,19631400
11.738806861054472,19034200
11.5018238147893,19711100
11.43072305235638,14145500
11.967897953336418,18697000
11.999496125978977,12822500
12.062692853449487,11308500
12.117994618552283,16597600
12.33127535983421,16734000
12.552466657229848,21704300
12.449771750577979,29186300
12.117988352385833,23471800
11.952098480558952,16800000
12.544569346876568,35295800
11.88890279219145,25298800
12.031095504760742,16860400
12.007397876400583,14623800
11.959998709617178,16187800
11.904699010825885,16500000
11.778307663719138,17600000
11.881003222345845,15158700
11.691410146282884,17248200
11.470222498414628,23388200
11.296430120197455,17221900
11.217429754929995,19202300
11.280629108512137,17189500
10.996247712131451,21100000
10.925148864913439,25015700
10.601267471448633,27067900
10.901449379018283,16979800
10.790949551855416,17064500
10.735325776880867,15690400
10.91809115271126,41485700
10.369803837516887,26164300
10.361857006107895,14818800
10.266498929939923,11463700
10.330065370240456,19150800
10.298281678441443,15379000
10.171148100106185,17881400
10.13141779986879,16247000
10.067845633084598,11304900
9.988383543084941,17633100
9.996328728656465,16768900
9.98838094165248,15158000
10.012221612742234,15527900
9.853296484468107,15531500
9.900974581649235,12415400
10.012224952405955,9896800
9.885083145202934,17001400
10.099630982951528,34190200
9.853294935465131,17841100
10.083733767458812,12299900
10.115523125166913,13868400
10.115523079559573,18352500
10.338016085057296,11675100
10.56050763842387,12813000
10.369798079382589,13686000
10.441316202912429,16123800
10.50488598748669,14697400
10.345964028902774,19567300
10.234715141886646,28255900
10.107576610586401,21473000
9.893029328865163,23025700
9.742051588214531,20020800
9.82151008521584,20060700
9.845349305562582,13042400
10.091683763033082,13474600
10.044005569133375,14268700
10.298287828778005,17464100
10.330069219281459,12042600
10.44926202253404,10203000
10.306231129175393,21146800
10.02016805147578,15867400
9.837404788526374,20689500
9.932758805786273,16794300
9.686426102037155,18050400
9.599019302869106,19515900
9.551343715425475,29740000
9.249383588128488,31988000
8.844129351900602,34939400
8.899750117471859,34263800
8.955377377061005,34632000
8.987163294809728,30026000
9.336791697476102,16471100
9.2414410550818,10950200
9.320899361808914,13342400
9.305009799729191,10676700
8.963323482585475,17854900
8.637528588042327,16116600
8.748774056992959,13481900
8.58984858417305,16136100
9.050728964800797,16652700
8.613686922794445,21521400
8.54217279594966,15078000
8.892557108720618,11015100
9.044635943445027,14408300
9.220725846353016,14787800
9.108672100164506,12294800
8.716466620301487,11990900
8.468340570660992,16793000
8.70046018825255,18919300
8.820520900280524,17079600
8.556383514063723,18458800
8.516368384315388,17445000
8.748484309770612,22218100
8.860541686886506,24538400
9.300768171099904,20687600
9.356793209877642,17112700
8.964592457690921,13675400
8.972600196539396,13160600
8.924573556081722,17630200
8.524370575675889,25528200
8.212211576500463,17181000
8.524372329948088,25063600
8.468340735644912,25223100
8.692456024489635,19060600
8.628422190717457,25321100
8.436325705225144,18089800
8.220216660209553,24505000
7.763975911316835,23364700
8.212211576500463,16704500
8.52436978612816,18381800
8.660439229516086,16191300
8.732477724645468,13178400
8.804514128103655,11952700
8.876548657529698,16696400
9.028625116615137,18025000
9.348791322346903,13781000
9.228729456112747,16922600
9.260746652039508,17781300
9.340789572177107,10954200
9.156695119476446,12727000
9.140684012815584,15549100
9.420833123104353,11536500
9.39681796360059,11800100
9.516876891574984,12536800
9.636937698412305,18205600
9.981113156959667,12205200
10.005127547750288,13697300
9.612924859090066,16066500
9.604923620904952,12590100
9.700974753387703,13353300
9.853049554367002,9429700
9.893071447965564,10733000
10.005125999311455,11854400
9.92508604971754,16894700
9.813029386030394,11544200
9.941093719529064,12230000
10.149200443852932,10406500
9.8370398519898,11726600
9.925087056816082,16320500
9.62893832191486,28977700
9.180703538803531,16189100
8.891870790347035,16919800
8.730638046780836,19257000
8.44848348403335,18230900
8.238886002627543,8492400
8.448485344655461,17515700
8.408176954705041,17752500
8.464606915872919,24240100
8.650022234912274,14450100
8.787069938031793,15135100
8.87575020902827,13699700
8.916056474520298,11736600
8.964425282092028,16954300
9.02891804912789,14242600
8.811255378510639,11978000
8.883811557838959,21755000
8.52103674764415,26733000
8.456548655520887,14920900
8.46460852697181,17333200
8.29531813549722,17622000
8.327562735783113,11819000
8.311441283412407,28154100
8.400119915929052,23424500
8.263071610256029,20375300
8.49685627961034,12538000
8.67420897737348,8893100
8.754824569085553,9531200
8.625837168692579,8106000
8.641959495064746,6529300
8.811255846515552,10935600
8.633899877933972,10571600
8.6419628787843,13992700
8.746759521307263,16178200
8.932177962408224,22287700
9.24657559228395,25222500
9.351379254612908,14683200
9.5206702451717,12567800
9.4723017319389,14415800
9.512609145259024,23935200
9.585161614152616,20271300
9.827005160884895,15466900
9.988239313741738,19713500
10.020485649846066,18802500
9.851190305482431,8317700
9.931805155960369,10739400
10.02048298212855,14769800
9.996298063573134,18987000
9.746390491942757,15915900
9.818946070870235,15032300
10.028545594383255,14686300
10.117219671098162,11213100
10.326820985689661,11047500
10.270392208235426,14348600
10.181716780913998,8784200
10.246205643815232,17888500
10.47999273432546,11423100
10.45580543711541,10442200
10.512235747625892,9921500
10.439683883634665,14889400
10.391311156124916,11299100
10.431622618318595,14152400
11.173281702044072,33947400
10.553044777022016,21443600
10.301585199509194,22623800
10.455708661642554,17934100
10.325922603062107,10255800
10.179919639635866,15746300
10.147469794692496,15675900
10.171804202530309,22131000
9.977130342948163,15312000
9.912237167358398,21939400
9.855457343665162,18739500
9.677005738832936,19251600
9.758121354802881,14878600
9.88790512084961,15581100
9.879792816824098,10748200
10.025796500606358,10280600
10.131248753856925,14960600
10.147471135665137,13491900
10.212359426051671,11979400
10.342147518393567,16898800
10.382702539197453,9365900
10.334034256617025,12306700
10.301586715829725,9747200
10.277252586408727,14910200
10.261033041442479,11338500
10.382701856647673,12781600
10.504377128673616,13512700
10.35837099961516,22290600
10.02579592497333,12771100
10.204248150511111,11287800
10.098802831430657,12480900
10.058244758384236,15238900
9.814898496791157,15856500
9.766231256567428,11857900
9.620223045349121,13325200
9.571551993041252,13862800
9.595891244364834,10200400
9.66888877449014,8476700
9.725672086432228,9016900
9.60400047404174,9891600
9.660781822594602,10386800
9.71756165574159,11011300
9.61211147523565,9807600
9.66078054896998,10119900
9.417439760682266,12516400
9.401212136781261,10858100
9.37687967066935,8851600
9.46610325584016,11964000
9.685116069335484,10774600
9.72567367553711,8445900
9.74189581122696,10757600
9.595888708845884,10064100
9.57155629234487,11657600
9.328209348764709,13761300
9.068643670066297,12523100
8.995634760710326,13724200
8.930749579153087,12048100
9.036197687682202,16032300
8.955078509091143,15742100
8.849633203688843,8960900
8.82529669391052,12692300
8.776629497791998,12209000
8.654956970910662,14533300
8.484614776423658,16363200
8.403501030356143,17115800
8.614122268626094,14803000
8.663204785119737,16400000
8.720470314073394,20934100
8.515955724215802,10078200
8.704107048213574,13307500
8.663205340311501,19425900
8.548679448170377,21572400
8.33597765877053,28393400
8.245995281768398,14961500
8.229635239853403,16388200
8.499595065968654,16207700
8.810456853713484,17349300
8.663204310037369,11764600
8.916802816780846,11645800
8.679567577870248,13340100
8.826815186776495,12389100
8.818635940551758,13373400
8.8595411213063,18900800
8.949525874797803,11441900
9.04769316290414,11712400
9.374913679094753,23143600
9.41581610214121,18374000
9.19494342803955,23737900
9.096776056432494,13901500
8.949526946655055,11751600
9.031332462585137,8149000
9.014972422961632,10423200
9.244024620068766,11453600
9.358551755883402,8925400
9.203123333200578,4511800
9.334014458304356,11933600
9.211305403707003,12733200
9.039509474581545,9766200
8.597759785444557,23012000
8.7122911517482,10875300
8.565041220462733,14315400
8.48323443947549,10460600
8.573220094535106,7929100
8.524137084938753,10582700
8.458690865755232,11226900
8.745013112896832,12960400
8.73683352106935,11763300
8.442330454062809,10927400
8.556859392452193,10328000
8.515952178161502,15145300
8.753192075932745,11533600
8.769553921596852,10893100
8.965888372687333,12880700
8.875899609838513,9428900
8.94952529808065,10289000
8.818636565262842,11871300
9.055876230998681,8498200
9.235843779933345,11821100
9.481261384429066,20459500
9.620333842036446,8952800
9.734857854753308,11797900
9.7184970294514,7784100
9.743038967825854,8571800
9.734861761465563,9029500
9.595789826714467,9283700
9.276750300355587,25910800
9.80030226135265,11957400
9.783942100074048,11226300
9.800366034094358,12443400
9.726183156632878,13170500
9.693213808386314,10745700
9.668484252082894,10976200
9.717939027454689,12800000
9.536601213213272,12072100
9.586062270308243,9637800
9.569575617142004,9928500
9.544846740221054,10945800
9.602542527401878,17396300
9.726185115833507,12779000
9.693212115751235,19311500
9.643759190061274,16147200
9.775637289108857,13561700
9.619026396576537,12645100
9.627270942615434,11643000
9.544847340376117,14894900
9.767394870696256,23667800
9.9075165532353,10783000
9.808609084273083,14625500
9.470664868152634,17402700
9.429448127746582,10002200
9.470664630630546,17086100
9.421208353777859,8301500
9.42944662735573,11539400
9.206904910418755,10778700
9.215147211572075,10122900
9.24811721109203,13132400
9.215145823112914,10458700
9.223389059585097,11260500
9.231627101738301,10492000
9.215145360387126,17241000
9.173933029174805,9167300
9.132719176960741,9569500
9.058538810237405,11723900
9.009084078467442,12980000
9.066779847633324,8278600
9.000841361149519,10173300
8.992597818799817,12561700
9.058538158120099,13193100
9.16568696991697,14302500
9.18217571048693,13693700
9.23987174641307,17085000
8.910169688049955,12093800
8.860712314345884,12121300
8.984355251056348,11885900
8.860713124236971,16366900
8.827745296337657,15165300
8.7782906715692,12630000
8.761806437995713,21400100
9.02556637691781,13419900
8.827746479285446,11931800
9.15744743656447,17001000
9.314055818873417,17878700
9.000839754047602,23188100
8.671136497472588,11434100
8.811260251869204,8005400
8.695866561268087,11151100
8.712352081052483,13551300
8.5557434700186,15464800
8.506291101516073,24263200
8.449329713436066,15542400
8.582386753474061,10707600
8.607335256611178,8699700
8.6821841485087,6927300
8.607331567671174,9730500
8.648919991761028,9574000
8.590704121544572,11383300
8.865142012314339,9554700
8.93167442449744,13237800
8.964936028470717,9273100
8.890089984503337,12033400
9.039780990658489,10727000
8.981568077962997,8415100
9.089678846429841,8275000
9.081365379824149,9550300
9.23105800403625,10379400
9.239374205613629,11821900
9.264324493934557,14793200
9.172843587423358,7604500
9.222742987879753,9299300
9.222739913709864,10522600
9.347484854461607,11180100
9.430646973674309,9755900
9.314221032786008,31340200
9.472227930345893,5279500
9.455594184155322,8168900
9.455596967947992,11111400
9.35580021150226,10012200
9.35580047832104,9255000
9.680134221984238,12963700
9.846457934319016,8741500
9.829825023550507,7446400
9.538760536991695,14497900
9.630234127805478,8260500
9.580341626252503,11170300
9.746665803971432,10049100
9.705084874087545,8091600
9.705081158230469,7886000
9.746667512093897,10354600
9.763297095752929,15492500
9.93794095614201,27137200
10.395332129718406,48524600
10.470179795085027,14624600
10.594925808657742,11479900
10.56165970542216,10370800
10.611557575448058,18953100
10.703035095483639,11216100
10.71967057274301,9317300
10.611558064842948,10831500
10.686404260295959,9730300
10.752931149842063,17042500
10.827781560556804,13451900
10.861042783207397,23279300
11.077269695402398,14286200
11.13548113849699,14791600
11.152113356986922,16950500
11.276858443062366,13240600
11.368337094887499,11712600
11.451501846313477,11664800
11.526344004909836,20125200
11.576405631281347,10918200
11.475958625988449,10944100
11.634998208425257,13893400
11.308549906303837,17873600
11.157883208507506,9134300
11.442482380158843,15608600
11.300182772415877,22783500
11.383884444685181,15463200
11.501073930889634,13483900
11.36714238265869,12821000
11.350405240462347,8107000
11.425736321233304,9723400
11.551295782366347,11513200
11.425736988816464,15011300
11.417367389798201,11335000
11.283439404289146,7355400
11.25833103977294,8362800
11.258330083974423,10364600
11.408997804325418,7978700
11.383885516700971,17885900
10.99047453596958,9798200
10.92350588409209,18027200
10.906765806170933,12832900
10.965358556100922,10005400
10.881655636121616,13933500
11.191364975182884,10630700
11.21647834777832,10751100
11.132769682527362,10585500
11.233213258752995,11878200
11.283439848537308,11026400
11.266697531186509,8535600
11.082547303934996,14428100
10.965363272814237,7399800
10.898395172988256,10349000
11.023952190694564,15210500
11.166251566033099,13917200
11.132769810023602,15002400
11.492702160492314,11024700
11.526186811035538,6933300
11.291809463768237,16472400
11.19136417073917,10697100
11.107661908011066,16516400
11.023952205355247,13911400
10.739354691026875,12634800
10.83143060499904,11135400
11.032324093413479,10313800
11.22484809287599,10010100
11.501072533665168,20829700
11.643370674532827,17233900
11.844264253397448,16446800
12.02841487582896,10094900
12.137230007852818,13788200
12.11212504600848,14534600
12.463680290223383,15303800
12.421823582586226,8393500
12.421830401038928,8008900
12.30464346350097,14143900
12.438569042634658,9214100
12.430197520934641,6112100
12.48879335160452,8557300
12.513909038427645,16563900
12.36323443063266,15612700
12.4218265740886,22150900
12.187452320255803,22522900
12.472049417844952,9654300
12.497276175564776,13243200
12.354015721166183,10787500
12.160193052881553,15548800
12.219182014465332,10009200
12.354014517722206,12792800
12.455140920382133,12546100
12.51412998202491,19744900
12.783792606873538,22089500
12.81750534441524,21290400
13.01975106650928,19216700
13.078739712631847,16748800
12.809074736256113,16828700
12.665812354141853,12485500
13.061888188780632,9489600
12.92705452738868,8689400
13.154583145114346,24026500
12.884917307522777,11424400
13.163009533876354,10417700
13.112449039375624,13251000
13.289414126873444,13865400
13.457955839443231,19500400
13.070315366110083,18635500
12.699522423138221,22344300
12.60682743899013,14138800
12.724802591747265,12763100
12.95233306231887,18520800
12.750087247945544,9374800
12.530983885155733,25016600
12.691094955532018,8993800
12.455137770749765,9789100
12.429858827590943,5556600
12.741661929784891,8382900
12.943908350447387,10152800
12.986042635729603,26328800
13.14615614787749,30007600
13.879306647229447,14302300
13.870876198999857,10329400
13.997283327024984,9482200
13.946717529626925,8318800
14.022565003193083,7863900
14.022564812060205,10658200
14.022564812060205,8097400
14.081558618359885,8969400
13.803461584459026,9116600
13.761329859980432,8419600
13.533798837264536,6567900
13.457956303384364,6531300
13.525372549106248,5858000
13.651781686816909,10455500
13.710764704313716,10145000
13.862453822379274,10080400
13.786608028269868,10730300
13.634924823905095,8098300
13.59278609616604,8928000
13.54222599374195,11614700
13.500087247514118,19917900
13.112449814046569,10719500
13.163005944797892,8656600
13.28098939022862,7797600
13.179865203439702,12888500
12.994472597725236,11225700
12.825928120530905,30578100
13.061885796183425,16067100
13.137948459214961,9276000
13.146430955176264,11539300
13.239722255959435,9568300
13.349985795651667,7075900
13.23124602776796,7602600
12.976797575271561,10480900
12.764757382493245,12505900
12.654497418200059,12229800
12.807166331366357,9689300
12.891981355753195,8697700
12.79868428353343,15005000
13.256692867726112,9344700
13.307581596449422,10748200
13.17186855368334,10043300
13.290614978170732,8639400
13.562024045124035,11350700
13.528097812965193,8891700
13.519615613654643,7920600
13.638359526955535,10413600
13.528100980248949,10549000
13.47721187794095,10683000
13.807991270633538,7989400
13.629876509441722,12211300
13.460246366021103,10665700
14.698556362640034,88903900
14.656149530059032,34664700
15.14808106810651,16844800
14.986927696760866,14484200
14.757923784871863,15514100
14.910598575297636,13296800
14.766410797129224,16213800
14.842747469131053,13018900
14.698558368876604,11027200
14.707039140868774,16581100
15.037820733381048,16676600
14.902115519314009,13941000
14.825775101983494,10925800
15.046298087224082,9161200
15.165038547439293,9525900
15.33467482332234,11641500
15.165042420192561,13369600
15.037817041368383,11486200
15.292264133487926,8948200
15.351636550018714,8772500
15.215932238703125,10795700
15.198965887103698,14888200
14.986930666009993,12099000
15.04629935032854,8395100
14.986929005804743,7463500
15.13959321370021,11641400
15.283782084726752,6476000
15.114150922993048,10982700
15.139597103058113,9637700
15.080226242680203,7987800
14.927560104487643,11222700
15.139592474508385,7458500
15.173520983945785,11617200
14.800334605032948,12424600
15.054781760731462,9599800
15.02085370921887,7535700
14.86818562736644,11174500
15.14808089830068,12172700
15.012375354866204,14485600
14.740961768490381,15640500
14.384841293421449,9281500
14.359241485595703,10679700
14.401899414007275,13571500
14.734646002420577,6782100
14.7602405960803,5810100
14.72611798102295,12534300
14.922355477520489,9707000
14.845564030352547,3493600
14.734645765301863,7517600
14.529883799180004,11605000
14.59813393386587,24734900
14.188603581609641,14029600
14.214198576555873,11892500
14.342177231041163,15108500
14.333645103763892,14962400
14.427496876476983,10718900
14.359236413635104,9532700
14.384839001447647,9167100
14.333643674107746,11428800
14.188608568468178,8851700
14.359244063201743,11832300
14.453094968512657,9392500
14.359244105038455,17970700
14.717585462779306,10214000
14.871158922610654,4504900
14.854093787919329,3836300
14.94794612249906,3655700
14.871156889032079,3601800
14.956477785797452,5533900
15.092990385613941,7785900
14.965012318347883,6773000
14.930882609261618,9975500
14.81997299194336,8133200
14.845559915489254,8026100
14.862624326941312,8838000
14.819968758384357,7970100
14.837027907667421,9143100
14.794375233303372,12186600
15.118581927569771,11834200
15.24656836843272,6960600
14.98207434197645,9461200
15.033262808466407,5754100
15.092984910870742,5769500
14.939411005735977,8232200
14.717584585135011,19669900
14.615193632196632,15391200
14.231261847943845,9863600
14.231264858773862,8983500
14.436032093545037,10336300
14.000903611187425,20152200
14.163011578255235,24873400
14.316585540771484,18623100
14.239790437816124,16304000
14.427499026887952,7920300
14.564012764996187,12577000
14.674922742653743,7728600
14.794377002738258,23030000
15.178307919738778,18138300
15.178305860864844,31620000
16.05687061067532,22145900
16.194102308753564,13689100
16.159798165548516,13025100
16.082598893617252,16165800
16.39996576044008,14790200
16.51146794634059,13388800
16.408543888948866,12104600
16.297036389714656,14862900
16.297033074588768,12154500
16.322770830902066,14745700
16.03971049273358,9200300
16.262731157521117,11363400
16.125491701725863,17568300
16.451429534209915,13370400
16.717324951081142,16734400
16.90603002597669,11602700
16.64012283189073,12202400
16.382809084267986,10188800
16.794524841573953,19390700
16.14264563029169,13071700
16.194108221723127,6793300
16.279883496407532,10686100
16.605820380266216,16491700
16.691598376767992,27535600
17.326319446022996,25859800
17.540759915790122,15100300
17.36920642870151,13018700
17.540760741453223,16214100
17.03468583861375,12449600
16.94034367907697,12615700
17.36062717753199,13094300
17.47213458130142,16010100
17.720886666010564,11896900
17.88385605806098,19373000
18.003937730736876,15097600
17.34347684361877,10206200
17.14620024612637,12649300
17.129039293325892,9540100
17.120463065115118,19609000
16.339922200730467,12163100
16.49431810328458,6573600
16.357074774707137,28433300
16.03971451581689,16948200
16.202681775167495,10238700
16.36565611034353,10505700
16.322767906426403,11168400
16.605828334627276,9063000
16.68302181573094,11860600
16.288457483435785,20504000
16.082599892914686,11939100
16.13406250662812,13964000
16.25414725646494,17911800
16.39138821366733,17221300
16.21984144952284,10285300
16.116911579177696,9132900
16.20268156556464,10168600
16.185528246379288,11924600
16.125487684114937,21343300
16.597247122218512,14059800
16.665861822532644,13120800
16.66586407607497,20500400
16.365649949888994,14985100
16.211265673631505,15801700
16.64013195087704,38230900
17.19766639856818,16278400
17.214605636610873,13314600
17.11977675218077,7642700
17.188741562286303,9347200
17.24908301962906,7169800
17.39562948932178,20049000
17.783534157081984,13816800
17.74043689198931,16088500
17.499072544742116,10101200
17.231845847506342,10808000
17.757674250402335,33318600
18.49901388826706,22877300
18.619697880099626,21007400
18.886927461944143,7831000
18.817966766736994,8643000
18.86968994140625,9403300
18.85245072458892,10331700
18.792104865799672,10857500
18.886925335133032,13396600
19.266218185424805,7917700
19.197259229278227,11200100
19.412759934052776,13136600
19.36966245278122,12923000
19.438619584772304,19207500
19.619652715022557,20573000
19.757573817630156,19276200
19.602407629802077,12007300
19.48172541932636,12812800
19.266218041957046,9171600
19.300696053677928,11199300
19.55930473601269,9030000
19.55068284444848,6428400
19.697230053305393,5488500
20.085135455251656,13761400
19.69723245056657,16012600
19.64550778328173,18534300
19.748953801619415,14261800
19.82653828916757,9123100
19.84377576881258,9837700
19.912738084973796,10531700
19.8179178578273,18058600
19.58516324154978,11318100
19.71447197488495,11636800
19.7058580695889,7272900
19.65412518634305,24962300
19.464481402337412,19372600
18.912790023456633,10357000
18.567982958056312,32255000
18.33522907998244,18647900
18.559355727158998,9834800
18.490400841451088,9720900
18.18868320808772,12962700
18.050767715544396,9624200
18.274896852497452,7407900
18.093868440194477,9958800
18.050766457907553,10986000
18.317987043857677,15613800
17.818020474122896,9052300
18.0162859955741,9213500
18.042147018176912,8557100
18.033523419055328,9315000
18.10248739008058,11241000
19.438625825593178,25841600
19.464489163107327,16987500
19.171942351351586,9119300
19.01607116110806,9820500
18.981439420028238,11350000
19.21523906902267,7573700
19.232560062361255,9763500
19.119988937721317,8671700
19.310497494486913,10428200
19.46636440947299,9035100
19.786768258416817,15635800
19.821396786077564,11956900
19.916661190327158,12940800
19.873350101809233,12291800
19.570275575987456,10448000
19.708830488678156,10070800
19.570280032913182,12567200
19.544296290324077,7355000
19.362448931962245,12622700
19.57892683575939,12032000
19.345131294576866,11815100
19.11998522083299,8430000
19.379764728021602,10608100
19.44904713052194,9095100
19.67418764033714,10453700
19.379767522595692,9260200
18.695673645354727,13683200
18.77360503173276,7675600
19.00741857085069,9119200
18.687018636566577,7473900
18.6177469012381,7110100
18.816911415607475,9495200
18.75628496226525,16300600
18.158785830955196,24922700
17.829732465085346,11155100
18.020239149593827,9935000
17.69984254673669,15630200
17.873032557161874,16941900
18.176108999014556,17546500
17.829739096610226,33135400
17.128323820425436,36073300
16.721320369551872,20061000
16.53082089083873,30272400
16.53082745680566,17520500
17.318835692174257,17455300
17.08503328108932,10231100
17.44872054370881,18140100
18.072194041772292,14909300
17.838391407808086,19154800
18.17610740661621,19804200
18.080859676028037,10460900
18.306002469374526,10943700
18.228068687801873,11025000
18.496508142818087,13317900
18.79958817314767,18062900
19.215243535635143,11643500
19.171941600716828,12058000
19.293175026641872,10383800
19.552959191650224,11774300
19.613579396501077,8217400
19.423070830182272,10653900
19.648205204059895,8117800
19.570281192296058,9910200
19.80408419051254,13873400
19.232555609395842,14877200
19.648214400124626,11374100
19.55334356742868,9718600
19.762103467486305,9929000
19.527250473278364,9402400
19.936066899989115,9890300
19.866475409043964,13508800
20.101327372286477,8721500
20.266589005941146,14852600
20.614514794092695,9712400
20.910251474492785,10257800
20.623211266545482,10582600
20.840669079392676,17468400
21.41474046091453,10143700
21.41473926935344,19265200
21.849643724508365,18671200
20.98853206279267,13241000
21.1885873869165,10681100
20.76238340839511,7736400
20.571028864171026,14273700
20.718890383376316,14971300
20.1535121845027,25505200
20.701498671544144,17430500
21.63219810311071,18581800
21.771356502231306,14802700
21.675680543408706,17583800
22.171472327398448,9841000
22.093190229620316,2878400
22.13668683283701,4057700
21.762665488012477,5894400
21.77136547993727,6554300
22.014911574323257,7006500
21.736574661143184,6910200
21.527819836552222,11419800
20.98853737876925,19678300
20.32748137347333,15710300
20.60582514437698,16696900
20.962436485002087,8737000
21.11031238913512,12581500
20.78847445885735,14419300
20.014340559723514,21954700
20.501437007188553,26527200
20.188310103776075,16733200
20.510139044174924,13686000
20.658005288186892,13106700
21.136406328624467,12543500
21.327768039283228,13218600
20.971134790373572,7787700
20.753682111939078,13424700
20.684103508259074,10843000
20.32748060328827,8518900
20.34486931594898,13074500
19.936066899989115,14152300
19.892570283940888,11810800
20.405762054667584,14635900
20.55363208390626,13207000
20.92764326351614,16898700
20.875458248414674,11718200
20.614518767831107,11140100
21.11030658265522,14902200
20.57102160175526,19818300
21.023433801463757,12979000
20.95356047547438,12948700
21.049636840820312,11429700
20.971030959255597,29232400
21.765850956294454,23555700
21.879395844993233,14203100
21.826990374807597,13374500
22.045348531423773,11742700
21.879395844993233,21342100
21.730911543111823,13294300
21.78331590137739,17091100
22.237503466184954,18989700
21.346601178318085,12448600
21.215594108909123,10047400
21.05837444538754,18044100
20.787607901667805,9924300
20.909885945226495,11622000
20.647861948522866,16238700
20.38583124056556,14311000
20.94482146726736,14834900
21.25925772051665,12944500
21.311675382553435,12973600
21.02343554365778,23018300
21.285464540713892,9698600
21.1719167842441,17346600
21.08457729313322,11439900
20.962293632256632,11834900
20.857483726058632,25737200
19.433795778816016,34670400
19.660890660203002,20147100
20.07139880496987,19359200
19.695822929068445,13746600
19.678351492773825,16055300
19.63468463585712,9281100
19.30277548243063,32215500
19.38138580006908,28793600
19.224170718420243,18046100
19.4861946289498,14365500
19.5997420334372,12043900
19.59974554628344,8909000
19.39885809900066,12358400
19.267841785059304,15021000
19.390122971186372,33201500
18.95340996999237,20698400
18.96214686174157,13365200
19.451271476924223,30028400
19.44252574329477,11528400
19.337720552653128,9290300
19.451265125999683,14286800
17.93149854563523,219415200
17.582120392759055,55701400
17.42490682167614,31274200
17.398707017327716,33200100
17.40744195924403,27346000
17.451110856267725,14802900
17.26769170905335,27823300
16.98819923400879,24425100
16.77856063331336,14345900
17.27642175702672,15655300
17.293892323134173,18837100
17.389966533673306,15269900
17.424907256057033,23811200
17.49477927142998,30896500
17.96643059423708,55400700
17.69567460917957,24351900
17.73108687469341,22054900
17.511643850071167,17596200
17.40630851005136,11819800
17.71352715637858,13257200
17.652086851723148,15117000
17.520419266930332,16439200
17.853976506048674,18479800
17.932971596909663,17857100
17.581860418885064,11839700
17.792533382428473,15954100
18.029532498965345,9133500
17.766190524262942,17684700
17.590642451812414,12782500
17.678417981444074,15101500
17.397531954436964,12721000
17.555534870404994,14241500
17.590643143275926,16586500
17.32731140491994,12228200
17.072751594914045,15661300
17.23952767741818,11534800
17.37119851406832,18479200
17.221976509486478,16078000
17.406313212733476,16973900
17.371201696605763,13235400
17.415085924495887,11025300
17.76619489770047,19194700
17.748634598016892,10723500
17.52041941091066,17069800
17.195643286764664,20049100
16.923534580471316,15942300
16.976199436323615,13062000
17.160529912664728,9067000
17.011311069798566,11559000
16.879646727745403,20994000
16.677749168118343,18978900
16.449530350347555,14214400
16.528530528751723,18375200
16.58997334255772,21962000
16.949860040314395,27788000
16.5899763270954,22511400
16.177423664137063,32327000
15.712201350791542,13387000
15.580535191064378,12652800
15.598088807370216,9426700
15.501534172655626,12036100
15.334756030562781,13400500
15.571752209879373,14637100
15.141647104819128,18439200
15.264531280001389,14067200
15.413752902224743,11913300
15.448867888640669,12332800
15.378643327704438,16080600
15.325978215314095,12754200
15.009974969261426,17050000
14.913422149118809,13308100
15.018759010294566,12857200
14.729089723532374,13570800
15.062646572325574,14581500
15.238201837809225,20174000
15.009976391554892,14675100
15.255753493907287,17273900
14.65886992712654,42704600
14.518423738850755,14596500
14.975025128911089,15286200
14.515885353088379,13984600
14.401099319069095,12890000
13.968449473751802,19420700
12.953045138643242,34065200
13.624091900465082,26214300
13.42101092912874,38654400
13.579943110329777,21758900
14.003767127956449,11053700
14.092062122917765,16130200
13.844834705068543,17930300
13.888978851693484,13136800
13.933128911209435,13300400
13.74770617732408,15285300
13.844833474058838,14935300
13.897810281353074,15443800
13.606433549389969,15424000
13.721219107877914,10501800
13.685900157882003,10151500
13.924298822178468,13098700
14.109723653069583,12053400
14.162700142374815,15661700
13.977277226039492,24123400
14.127381739051907,14699300
13.650584682759852,19368400
13.28856988210361,16846500
12.84708717369943,19878600
13.209102094467935,17564300
12.882406917377812,29601100
12.732302783120963,17131100
12.970701217651367,22366300
12.997193133470365,17555400
12.79410726691899,14386200
12.926556529692856,23367200
13.323885494063546,13421500
13.59760269981478,17421000
13.588774381286974,11398400
13.79185551277995,14906100
13.791855412896123,8574100
13.632919160989992,17777100
13.429840537207527,20314000
13.7741955482496,25250600
13.906637121438587,15916600
14.127382775725424,11012300
13.94195812175259,19316700
14.595349120543368,20605600
14.303976089674064,31972200
14.30397482698459,15106000
14.701304774953128,11076200
14.356951015243279,14499900
14.233334673225128,13535400
14.568863575690807,14808500
14.745454445180457,10770700
14.824921803597961,7825500
14.922048024338116,9825800
14.930876890584928,11165100
14.930877272901379,9679500
14.8160880545843,11137300
14.80726321471191,12893600
14.701307010668446,9401900
14.869069001030324,7059600
14.736626821393697,18727000
15.116297484190618,20075500
15.133958200852486,15869900
15.68149189923919,15621200
15.832447543549097,12712300
16.161001205444336,12973500
16.24092072257216,13651100
15.823567672552315,8125700
15.94788512343763,11883600
16.38298797607422,12356800
16.347465488954214,5012300
16.62273779005576,11926100
16.64049647709886,17276500
16.951285265780445,10679400
17.07559638571869,15094900
16.640493412154317,12265900
16.960168504145518,13871100
16.54282588898348,10641200
16.622733674175592,13953500
16.76480892275751,13511000
16.5161827345706,13903800
16.338586371876197,16391900
16.16099115973254,16828400
16.436269017945026,14933200
16.613862265175296,13475400
15.921242559791587,29994500
16.249787114556845,9573300
16.48065872822847,9538800
16.693778888187,15180500
16.942402217318996,3195700
17.031206546524405,8102300
16.880246041263153,10880400
16.95128255388237,6435400
16.818091977309127,8685100
16.2586727370465,13331700
16.400743068514355,9442800
16.134356289694317,28687200
15.36182901856936,17003200
15.299667371236234,30972800
15.077681150694948,23412700
15.03327982316103,13943700
15.02439668038966,26701100
14.5271365972049,20913200
14.163068599804397,25362700
14.527136613492479,21473700
14.491618061231739,27857800
14.695849060561185,17693100
15.255266240416859,14021300
15.095434375814232,9212100
15.13983413295505,15786700
15.361826234386962,12590200
15.299672928627427,17497100
14.944478845136098,18896700
15.495018920471395,8861100
15.450618279899684,11379600
15.468381216435834,9221600
15.397340872695134,13648100
15.468380879614394,16145200
14.70473028979901,15377300
14.189710735647266,13838900
14.376183367371576,13051600
13.958838447183142,11210400
14.02987622139196,8707200
14.340658275508105,22150100
14.997757764676368,11855600
15.24638843536377,12865500
16.42738807479505,35168200
16.604980129605448,15303400
16.498376143980156,12056300
16.319820650748564,10671000
16.748347359975845,10102000
16.962617874145508,10634400
16.94475724636556,9630500
17.042958511617716,10150500
17.096532297263487,11373300
17.31971942727454,8138300
17.453637770942084,8932600
17.150096199381455,9190700
17.194739474969836,12899000
16.97153699502404,10108300
17.266158147343567,15402100
17.5875506919218,15394400
17.83753517616391,11496400
17.685752495103575,10204300
17.775033464504226,14361000
17.739324794502323,13491100
18.167855707125874,19742300
18.266058666529457,13961000
18.417831506886213,7568600
18.462467371394116,12699200
18.105362648144773,14108500
18.051799179970402,5424300
17.96251544434842,7850900
18.578522989761495,12446200
18.66780730081279,14526500
18.7392245270097,11886700
19.060618199888506,7935300
18.74815761053927,8911600
18.54282123428044,8766800
18.658880247485776,9180800
18.783865063312497,8668100
18.70351560394545,13810000
18.77493858454485,8306100
18.712442308345004,8393600
19.042766482532286,18154200
19.167757034301758,12349900
19.105257368693945,9351900
19.087407174855777,12243000
18.86421053230178,13615900
18.828506993667382,8925900
18.69458801446373,9139300
18.766009176104752,6772300
18.855281769751063,9230900
18.971344713728076,9512600
18.98027039343194,10875700
18.435683083345467,14884500
18.30176387962423,11773500
17.953593807464745,16630800
17.855383003765596,12115100
17.75717785234184,9268100
17.63218772590969,7069100
17.739325169979278,5616400
17.766108660498425,11661700
17.757180064996625,20502400
17.98036928836089,11787900
17.48042798525939,10177800
17.444710012033557,7795900
17.676826139379283,7844900
17.53398250363189,10025000
17.667910187926047,14193300
19.390944857855946,53385000
20.4265545349263,24854300
20.560982604484995,19040300
21.332136641092287,14740200
21.22452353265834,12330500
21.39489716299002,18555600
21.807372505145693,18801400
21.78944462086033,10480900
21.968783113150735,18034800
21.8880779986265,16194500
21.89703604391073,13550500
21.798400199431,10476100
21.6997736757757,8014900
21.547334821065384,11920900
21.8791024702947,12630200
21.502503163817043,11253000
21.26936790647044,14600500
21.376973511042024,13912700
21.090029469960133,12827600
21.206591216210764,22138500
21.4038616573277,13020700
21.242470386514764,7720100
21.36799876314832,11645700
21.82531364596976,10942900
21.072097656580354,35722800
20.659617995804528,20293800
20.39958707649108,13573800
20.847924604676486,13315300
21.260395834380994,10256700
21.314199388692924,8593000
21.29626850524193,8747100
21.17969773681898,9625800
21.53837407112479,10056500
21.96878007727325,14148100
22.4171200127288,11026200
22.704059657184533,10623000
22.85649511782259,15989700
23.38554070036094,14888600
23.448312233712585,11635400
23.78905422159389,13473000
23.762149066635057,15996700
23.82491749815514,9809500
23.86078941375791,14638500
23.663512688961088,5292100
23.708349802910284,6859600
23.905618688971355,11877000
24.102890704372307,10220900
24.0490888384383,8239100
23.833882620002345,8805600
23.681445435202,6456700
23.520045484878388,10462200
23.224134722681836,5615600
23.49314379854812,4926200
23.762149245444753,6914600
24.075989986214285,5746100
24.165661464701078,6923700
24.031160351719027,6234300
23.815953034722167,7599100
24.08495595407194,9852900
24.56916554388241,10768500
24.59606916915501,6704700
24.596062966635337,10255300
24.748501488534494,20765000
25.994896741951877,53886000
26.452199061767672,29150800
26.318313775209003,23549500
26.94816567905971,12402100
26.660224909637854,10441700
26.79519114999205,12175200
26.92116217906718,9799100
27.16410301829569,12069300
26.894170018158274,10595700
26.939159447486162,10705200
27.344059178790086,11528100
27.02913668030429,14689400
27.020141850263418,11248800
26.867181050043293,8170400
26.543256564425025,14681900
25.769459043974365,16269100
26.354307713182866,13010400
26.435284597973904,12243000
26.61524139568296,15579400
27.335056227320294,16245800
27.389049796257552,13655500
27.53300808208786,13183700
27.38004451359689,21288300
27.676971809935235,15660400
27.290066527144557,13971800
26.534269808205455,12610300
26.40829852618359,17381900
26.750210756753077,14034800
26.68722174622351,11534000
26.70521889058972,13210900
27.155106280652102,9867600
26.903173424273163,8483100
26.75920251087734,7940000
27.038137905222587,13015400
26.84018730351243,11641500
26.966150883570332,10270700
26.42629531675059,20018700
25.78745652380131,11687700
25.41854298490059,16963800
25.148620152000582,12138200
25.778455165386355,11038600
25.409544629343937,11970800
25.175606780976903,11794000
25.391557216274496,12119100
25.427538451534826,9875700
25.83243831071054,12300700
26.16535250401322,9773200
25.832442973745042,7343500
26.156354583982253,9128000
26.05738540581616,11541600
25.85043719213843,10929200
26.19235374487372,10437400
25.859437452445597,9944300
25.66148540185212,12013800
25.238586950895012,8665800
25.79645723000643,12024900
26.39930389752446,7395800
26.390305071130484,12558600
26.282317887419445,14796800
25.64348893909853,12748400
26.45328349070492,12293800
26.372307985212,12678700
26.99314879364966,16103200
27.34405618094593,19147600
27.41604066640847,23958900
27.784946216027244,13076800
28.46058354155695,8955600
28.559868547988845,9876700
28.62305382362552,4703900
28.740406036376953,8412900
28.586952390251245,8982900
29.029257968823668,14878900
29.01119298861619,25173900
27.26005619226955,15229600
28.614031533271273,13035900
28.623058663324457,10088000
28.704306633966855,12589000
29.588903994851155,10131400
29.588896246568606,10774400
29.047300249431828,7709200
28.920931817417696,6322000
28.821644084809243,10482800
29.19172884630631,11742600
30.148550577839863,13336500
29.110493331276253,10385100
29.56181252687601,8185600
29.336153434187462,6521200
29.742346219711163,9492900
29.71526793033266,4028100
29.922880220360053,5008500
30.28393899888393,5388600
29.606944209513227,4472500
29.661106060116026,5887700
29.209786703953846,13209400
28.96607001590823,9460600
29.155618960803018,7290200
28.920934677124023,7063600
29.12853971459207,9271800
29.670134048854717,8753300
29.97703597682067,10620100
30.01314621810745,6484100
30.07632333413274,6911200
30.500571821871407,6428600
30.401283843587294,10609400
30.419336145798702,8333400
30.617921810436656,8571700
30.473492996287487,7254400
30.59083638840714,9702800
30.96093673721558,12086300
31.069236539344956,9375500
30.924815294550417,11055900
31.403225760791347,11183800
30.816494614368537,9468000
31.222690775139785,15244900
31.56570758950758,7518000
31.574722253133206,8560300
31.88164828313444,5877100
31.935791440444284,8155200
32.31490742748643,8735900
32.269771101465025,6515500
32.170474111029705,11636400
32.24269442021022,11900300
32.04410062961455,9956600
32.00800952369149,17410000
32.152443023899245,21684900
31.655686885374823,14892800
32.15355938700923,13814800
32.99541335239654,10380000
33.09497811178597,7852500
32.4160727574668,7505800
33.01351615007918,6490900
32.88678373193444,8585600
33.0587836490889,7298300
33.23076308811826,7854800
32.98635241624757,7244100
33.20361747438944,9219100
33.32128981625533,7841500
33.502338791828926,8052700
33.5204384066806,8494100
34.09075016941618,11486500
34.57955831871102,9111400
34.71533756908907,9646600
34.76964913808102,9405800
35.30373470103665,8305200
35.61150843334494,11023700
35.60245797359083,6916900
35.937391890684545,13550100
34.833027914809364,9075700
35.158895142532,6904600
35.64771095240364,9059900
34.805856510979346,6823900
35.068388148098485,7924900
35.140786102952106,6404400
35.22225985963737,5997700
35.12268279286808,8567600
35.29467942513995,7165100
35.04122562575727,7241400
35.44856228857781,6927400
34.715337473197565,7158900
34.80585704949512,6318100
35.140788356931594,7339600
35.02310558506248,10549700
34.71534731104976,6802500
34.0997783833026,5754000
34.072636022334386,5242500
34.208418438162255,6047300
35.484784043039596,13394400
35.79255941099436,9402800
36.118442695420256,8762000
36.54389624645348,6925300
36.77020144867352,7236900
36.9150347171629,5578300
37.077978867787245,8312500
37.20470050311008,9209000
37.096086004521666,7478300
37.76594351634106,6950800
37.75688860552268,5673900
37.702589372041615,5016100
37.8836333675547,4748200
37.92888563651738,6380000
37.85646030905137,8074600
38.49918090446089,11555100
38.94274005839234,11149900
39.40439968058606,9365100
39.72122483056927,12098100
40.55402816970809,13410500
40.35487738411105,20062000
39.01514994302687,21882200
40.780343905116524,23338600
40.001858765915564,12606300
40.65397373202436,8541900
40.82636315592299,7565600
40.6086025666273,8662600
40.70840602510949,6633400
41.2527663986985,6593500
41.425147763809235,13082100
41.70639178274027,7176800
41.93321079626288,9523900
42.30517272187062,6807600
42.250732421875,7806200
42.36867292160913,8026500
43.00375888124655,7936100
43.203365669129795,20477200
40.04610702433317,20623500
40.7446867620891,12330600
40.89893870337071,10697300
39.18423322096422,11523000
39.18422312464033,10775100
39.64693373248633,9649900
40.1549839820616,9083700
39.38382248128539,9713600
39.637849401903836,7632100
39.42010685479635,13947700
40.34552342112774,10911400
39.01184168013513,12734900
38.01386803722675,14308300
38.42212250272784,12362500
37.932210324937245,10044100
37.49675255106943,6519500
37.45137829776733,10942500
37.85057122671166,11934200
38.431208207669044,10748700
39.55619097993232,10357900
40.109622336125476,13527400
41.44328175907678,10395800
41.080388166797874,9036100
41.171107361141104,8085700
41.91505567754549,7679900
41.751739332248825,6594200
42.55013155140005,9533900
42.74065719595026,8782300
42.441259235530666,7539500
42.35052602664938,8495500
42.30516797221553,7271900
42.287029794582736,9161300
43.09448501173657,17026600
41.64286919030135,9584300
41.21647334873401,11121300
40.27293450817021,9452300
40.236623441457745,15632000
38.739662170410156,11475800
38.8757500851747,7510900
38.884836298741305,7758400
39.95539536327573,9798300
39.36567164404608,5634700
39.34753126936323,11299300
38.131805568659466,10761600
39.646923116674,9764800
39.955386650112054,6250200
40.23663891662468,8490600
40.21850179246962,14283400
40.6176939528569,20996200
40.01889571404509,14374500
39.66594367946741,8664500
40.19335816375406,8480900
40.284284891620324,9253000
39.820529425722036,6385800
39.42949291876644,5545100
39.12032255107062,6768800
40.01148385763118,8797200
41.31186867856985,9213400
41.09361397121181,5307500
40.5843678588965,9198600
40.64803259396282,12116700
40.86627827755847,8291500
41.10271281891019,8128900
40.82080622998106,8893000
41.68469273266157,7233800
41.92112833853418,7500500
41.81200119230972,12338900
42.71225983408505,13880400
43.46701705206455,11215500
43.67616065383095,9385000
43.98534567158016,11021300
43.02143839125275,8533600
42.639516099598694,5867700
43.2124071649146,11445900
42.339434540280834,11086600
42.49401338724968,20364400
44.485499628886814,22109100
46.004117012907194,21008700
47.47726782966783,15636000
47.47725969237438,11304600
47.086237626428954,8294700
46.96802191572014,9337000
46.55881300092522,8509500
47.913761138916016,8763000
48.241135209034255,8217200
47.64094469299727,7746000
48.332061949438575,12611400
48.74126952900654,10208300
49.35963352734614,9921100
49.9870798096806,10241700
50.27807282774391,9459400
49.741552790836636,7969200
50.77821239982829,10575300
51.369290894964614,11003900
51.47841475468326,7763900
51.18741886603867,13694600
50.62362057036265,8210500
51.16012973184094,10523600
51.37838489543704,7336200
50.96918066935146,7661500
51.83306087451679,10479900
50.669101113364626,6545500
51.18742863171671,5566400
51.55117214878504,7887700
51.26927054088525,8177400
51.36929676700633,7468200
51.36019184227527,10275700
50.60542540171589,7373100
51.28745089282085,9414500
51.67848653109671,9640800
51.13285870375487,9612500
51.25107574762735,16712300
54.979418097720774,27436500
51.52387742759942,14360200
52.74240977413683,10199400
53.68849355471758,8302400
52.69562697094968,3703300
51.84848459599766,7962100
51.92135915004316,7878900
51.793850293523064,25319800
48.92449836612978,14549700
47.36686283955013,16271800
47.42150877451614,19956100
45.04405513376765,21045700
45.42664573155701,19296300
47.08447129568319,14690100
48.27775535292588,15131800
46.97516182411285,9740800
46.91141754660929,9547500
46.28289449223716,13858300
46.45595028448154,8940300
46.97517412279753,14575400
48.42350256737085,13304300
48.141121886456524,10922600
49.28885444741198,9950800
48.44171815770428,9530900
47.139128219328526,8087600
46.656361820452936,7393600
46.76566426464365,5962100
47.26666030506002,5634400
47.202885552496426,6971500
47.07537142774075,9819500
48.76964922670451,10898900
49.64410821457697,9462800
49.78074680973782,10902200
50.10867163037518,12658000
51.165320472353514,13564900
49.27063805586714,14537200
48.70588175737796,10694200
48.49638703586587,9072300
49.93559971719942,14385000
50.74630905451332,17924200
51.69364507672127,17677700
52.559001944774245,11458700
52.34949639548435,11479800
52.72294954971992,8813500
52.21286043171366,11787300
52.99623382667496,15271900
51.3930424652399,11253500
51.67541343181417,12350600
49.44370638782784,14603700
48.89716789199534,13166800
48.42349924441268,9706000
47.89518425175451,16813100
45.526829615483486,17999700
43.185811249772954,21455700
45.42663586010643,14763400
44.61593933431928,19922900
42.66660469041487,22648200
44.59771600730936,16326100
44.87099632892393,12878600
44.998513173419035,22166600
47.512614290793636,26888200
49.00647656824912,27810900
49.95350728764539,22000700
52.01588770749339,16464300
51.55048257271638,14924600
51.64173588342833,13532400
52.49043029927606,14822200
53.51248932321626,13102700
52.837177740166005,13152700
52.50866551094837,17330200
51.01207293416875,15719300
52.29877870464898,13326700
53.22045108685459,23269600
53.932262563032864,17284000
54.53454750675726,12223400
54.488914279743135,18066500
56.496552758472795,16207800
56.012896391361956,15676500
54.744439082357154,11896400
55.118588612839325,11944200
55.100338907872725,15070200
53.676742386074366,13747300
53.31172504730812,8527300
54.37941431081476,17171400
54.45241690862258,14876400
53.53986225085586,19399900
52.207507668816156,14489000
53.841005560829664,17542500
50.19077049332445,16677800
49.8257494395616,12580200
50.43716675181033,21063600
48.84017986822085,10802200
47.71772447672911,11991900
50.984692531330325,12344400
48.6029042822291,15088600
48.34738885369736,11143500
49.834877573020094,10495400
49.72535374904605,9364800
50.46453069765595,9133700
51.906380185428006,6786400
51.50484653017095,7982800
52.19839683559045,9833000
51.103324906335,18705500
48.986183329862875,24443500
46.613537527943095,16258000
47.02419026980692,12427900
46.275879444265236,16358900
44.496392820125365,13284600
45.63708750608094,12701500
46.57703359723507,11514300
45.18993856234511,12695000
45.39070785763172,10935500
46.23026701790882,10285000
45.874357869545776,11661500
45.98386708652579,12523300
48.1283899878568,10071100
48.09188276363219,13492900
48.84930143704862,9581400
49.76186754847223,9880400
50.58316803049842,10897300
50.94819784648785,12333800
49.96262534672734,12837300
49.734484580933675,10166700
49.898743031732536,20101000
45.892615385611975,51042200
46.27588801111502,20898900
46.184635400495246,15094000
45.63621152017715,15595400
46.35085643226034,10442000
46.4791256352999,12202900
46.81812234439372,16094900
47.99086277706386,13439600
47.010524348028994,16462700
47.00136262438606,11341200
47.9633868759996,9911300
48.29322140375011,13547100
48.49477582101055,10027100
47.28539350503238,16869000
46.18594341341954,9954400
46.90974959420794,18725500
45.87442877512828,17236800
46.08517043221701,17174100
46.717346250504185,16482500
45.04068735975807,23243800
44.784141273579806,13780900
43.57475810720989,13586400
44.665045956970715,9735900
45.43466339641957,13209300
45.260569406134685,13200500
43.06169062224729,14442800
43.20826164636253,14748300
42.98839479393727,14900200
41.19260362484767,13760400
41.89809190568575,15112200
41.320878641277005,11042900
41.925577266290055,7538500
41.60491163818537,8950700
41.65071247482905,11467600
42.38368695459345,9727700
42.63106135063706,8802000
42.19128746937775,13333000
41.540769562899094,9735400
41.76982020070971,6349000
42.18212454356709,7228500
42.09965989653115,9692800
44.866612837532536,15309300
43.71217409371416,11481100
42.75932676186792,7792500
42.42034001762093,7364300
42.704359847521985,10903300
41.953076146382045,9276400
42.145470902034816,11637500
44.555100063204726,17601100
44.23443062107592,9305400
44.307727237370614,10816400
44.79331300508238,8326600
43.418997316423805,9371700
44.151966072696496,7032700
44.96739343539468,8555000
45.61789484388008,7530600
45.44382231218626,8458800
44.85744185983376,9514900
44.1428020902733,8088800
44.03287321373361,6436600
44.36269539055553,6879800
43.84045994751761,10296200
43.96873466102353,13733100
41.01855068368502,52584200
40.129826168237706,15056100
39.7083653510517,15570800
40.05635621340197,11214300
39.402857675190496,9504400
39.430473388774175,8294700
39.54092809846425,12581300
39.78943562755644,13190500
39.86306620784557,14226400
39.48569553786852,10122300
39.68818165062182,9982200
39.43047728461566,15147400
38.93345521603683,15022100
38.63893043659451,22590500
36.816499557073904,11910100
36.90853612919841,15560700
36.02494260819344,14716700
35.09533097380193,17214800
35.693595829007656,13402900
35.81325154470609,10359200
35.85007540424154,10794500
35.758031984238464,9846200
36.255057793124756,8213400
36.15380091041253,12464200
36.19982907196369,20729500
36.1169893661433,10678400
36.03416802364412,9222500
35.06772661421504,10927600
35.26100339942898,7146400
35.22418258580136,11751200
35.435882043272834,10337000
35.279419319346836,9626500
36.0341581828185,7441700
35.50030855354468,12199100
34.810006337468394,9790200
34.05527130379137,10259500
33.622668122130584,13392700
32.214429250163256,23974600
31.62537379365318,31702100
31.15596337715208,16781800
30.778594594223577,10151000
31.20198421854555,11705500
33.15327023238837,15149200
32.030358216728025,12345600
31.450497284071822,14616500
31.652990374876833,13210100
29.5544503030826,16111600
30.465653476021053,14457700
29.6464834982618,12494800
29.186291384832373,13317000
30.05146983913675,14150400
28.71687959722303,15142300
30.281571283412973,12942900
30.355199020978244,14184200
32.95997916211251,11959700
32.50898251762846,7785300
31.441287995453518,6816400
32.45373688008247,11028800
32.03036442022284,9029900
31.7542440456001,11136200
31.04551957793878,10618000
30.32759377359465,11847500
31.109949579486763,9513500
30.668143396164627,15175700
29.59127326432316,28075300
32.43535051987919,15053300
30.68655400141969,25487100
33.47851750015019,11659600
32.265999741917234,5203200
32.923160241505684,11741200
32.99720883671075,11117800
33.654377028982125,12038400
34.05237702894965,7934200
33.756192638523586,13387000
35.45001329797019,14371100
35.172343778834986,21733000
32.053117180755194,17391700
31.8865053837077,15636700
31.136764783725297,10337700
32.173429762090656,13436900
32.01608429211481,11895500
31.88650133410445,9675800
30.72026040368253,10822900
30.100114682472157,12262100
30.60918956544029,13636700
30.29449276510502,14660000
29.526253955502654,16178300
28.591410165138754,24879500
27.767632300024953,10464900
27.193769285859496,13325600
27.97126356119915,10920200
29.304114632848176,13042900
30.275984763594096,9697100
29.655836517350394,11106300
30.294485129797135,21580700
29.85944882780574,15631800
31.284871438634354,13868800
32.13640705446016,12485300
30.840589654361366,11757100
31.544034920860618,7573600
31.85873193314856,6449600
31.645846658574726,9552400
31.553290253764246,6593600
31.3959413723143,6778900
31.007190715199393,10260700
32.35854736701948,11332700
32.69176521908871,10047400
32.12715673516833,9560200
33.487769925182576,21529900
35.66289307978364,17553400
34.82061115690802,12459600
36.34783099242686,8754600
35.73694461468993,12546200
36.357092758143814,11588900
36.17197999518239,11091000
36.24602239666389,12458400
35.98685292035637,13240200
36.366354163384614,21058100
36.77360627812661,13395500
36.37559972029616,9891300
36.995744841879876,9969500
37.375236635026894,8911900
37.91208364707256,10134200
37.671424996653435,13938400
37.023509658208965,22396300
36.0979232807096,12353100
36.4221196505256,9575900
36.282557943509865,7178800
36.180234650877566,8149300
37.138461962307,8064800
36.77564747851286,6159300
36.56166025353096,14038500
35.79879693560353,9785100
35.966253143842785,7852900
36.254670027163804,20810700
36.45002977456893,12449100
36.17092439493023,12557800
35.3057329499116,9831700
34.27307901592285,8174400
35.30573529658433,7199500
36.00346231851144,6267600
36.226736709411,6404400
36.00347547467061,9491100
36.60818186177185,23021500
37.59432646574823,7670800
37.39895674702244,7134500
37.56641324823049,7772400
37.0175285071358,13135700
38.18042988171528,9468300
36.924492011531186,6710200
37.05473657528004,8138100
36.90588573640554,7737600
36.20814559872746,8298300
36.33838782032071,9221500
37.49197967082403,11731000
38.14322042518564,8688600
38.757226993011365,13204800
39.13864934454906,8472800
40.00385147923215,8502800
39.93873331019696,6314200
39.58520715399995,7412500
38.989803426907486,5442400
39.473566599102945,6577500
40.00386571946705,4923500
39.771272118054654,5739300
40.096895954267666,9881100
41.25978787251869,8290900
40.94348568016709,6122100
40.80393758620618,4672200
40.74811559748918,6703900
40.85045264871913,10613300
42.01335311762776,9547000
40.562051943323645,7203900
41.46446376623247,5847300
41.07372557340511,10447200
40.971396324768094,9388100
40.17131848002621,12709000
40.962083479303566,7375400
39.45497099783773,11824300
39.315415336823136,9898300
38.794430316232564,7709200
37.92923782369249,11580600
37.97575256109975,9025500
36.52445176231193,10724700
36.77564415031228,8370100
37.59433152675993,12051000
38.42231602015851,11932500
40.32947318675191,20218200
38.88746182157249,21371800
38.31066478900912,8949900
38.104531415476856,5897500
37.07594013702961,8459800
37.655685036795,8541800
37.225545061383976,10715500
36.206306005829106,10137000
36.88892542366553,7491700
36.65515382337411,8394900
36.44008439884908,7795300
36.954374079641795,14138900
38.1512801235869,10143400
37.90815501926933,8101700
38.899342924933336,6391200
39.273375853266614,9651700
41.05937604227203,10536500
39.87182678508219,10059800
38.90869044620097,6979500
38.300891668350665,7695100
38.441157699332656,12453300
38.272824832827176,11291800
39.918571732022826,9333000
40.90042220322687,8633300
40.11494848723812,12096400
40.124295865016315,10997100
39.50714896810984,9637900
40.208452801570274,10023900
41.04068969317247,8894400
42.200176057788376,15599700
43.60279304566417,11452200
42.181479510754464,13869000
41.629782490718604,5559100
41.36795119745538,6618200
40.358063996381304,9733000
40.42352133212505,12432400
41.611072730033406,7184700
42.14406142629629,8128500
42.41524878974967,9030900
43.808519735848726,6723200
43.01369153847716,6671000
43.25681807736096,8459900
43.45318619205472,14577100
45.17373603781589,9415200
46.11816697253197,21604000
47.35247464233606,10063900
47.67974481491163,11289800
48.36236396585694,8301000
47.586236162881086,5737600
47.18416144629606,4485700
46.8101280669897,4666300
47.2496100816205,8334800
46.23037457883243,11076800
44.883852935756565,8093900
43.20071580553057,12069900
43.406427059443146,7428200
43.05110805807347,7591400
44.03293642097854,6122900
44.453723451962745,5293200
43.930070752268875,7105200
43.415782278040716,9013700
43.90202554103784,7212300
43.94877976197939,8256800
42.97629652176414,17658200
44.509818414175115,8860000
43.88332110467237,7753800
44.33502831962531,5198200
44.27867775532138,4280700
43.686911322087326,11614800
43.20786829601047,5715200
43.20785976867226,5926900
42.64428288643534,4811500
43.827803332120304,6786700
44.66378608532769,7819300
44.74832026124043,7145800
45.62186083031699,10227700
47.39715843680594,10415400
47.40654988709576,6913400
47.23746242740805,6653800
47.322012830136224,7304000
47.36897391411758,8100400
48.51492799754686,6251800
48.59947354075255,6052700
47.65076146443122,5164300
47.481680649162705,5435500
48.14858931203609,7880200
49.30394165099969,5951300
48.74974012349842,11287300
47.76347619994408,4511200
48.86246447537509,7074000
47.575622619940454,5381400
49.00335242442888,4848600
48.017078610213495,11206000
46.730246691648475,6674800
47.35017932742555,7727000
46.37331413144074,6426000
46.420290336510234,6519300
46.9744691907847,4596700
47.735313576687865,5257200
47.10596504425202,5706200
47.07779487604927,6279400
47.59440232018203,5330200
48.99396201133884,6801000
48.66521256680842,3395600
48.90943092907846,8052200
48.73096177649085,8383000
49.27575778486193,5150400
49.050329793700314,6419100
49.022130315673884,5738200
49.45422398686917,4442600
48.176784808120594,8493800
49.72662721451991,18652600
51.567644743190414,8567800
52.629065790509955,8755200
53.23960242582321,6353600
51.9715635382541,4246700
51.84005391631547,6741600
51.59583737335138,5899000
52.61968517064897,4150500
52.68541159849031,3857900
52.225153399575916,3965900
52.892069284834875,4486900
52.31909880861434,3313900
52.38484808577285,5651000
53.54018846579389,5115400
52.70420775704974,5703000
53.67168379906769,8236000
56.668061500138904,28389000
58.133374705180955,10413100
58.509090811133206,9886800
56.58124590622652,12037600
53.38600130489154,13935300
53.31059475806002,8627700
53.367153503938276,11193700
54.922347013643154,10254000
54.564190458911945,5701700
54.752702960860205,2905800
54.7998361206877,6159400
52.00987872535999,7671700
53.16922270053604,6564400
53.09380879030443,5291000
53.48968479883537,6033500
53.838427111477166,4729500
53.88555853978915,6329100
53.55565993215927,8839700
55.62926800833331,9280400
56.5623953534353,6172600
57.49552262943855,6430100
56.97711376893692,7848000
57.32586093205529,6525100
57.09022143574734,6002700
57.69344799917528,15663100
58.39094761462678,5840900
57.844260621066084,1624100
58.0704647326568,2960600
58.051630609839606,3314500
57.825419296030894,3566400
57.193900011852655,3878200
58.43806106177252,6647900
57.20333234722202,5415200
56.41158076051692,8586000
56.80746218621457,7970400
58.15529928885068,4364400
58.62657597913791,5713500
58.93762256675272,4456100
57.947936769028786,4111100
58.52289830798247,7998000
58.72083936062771,6314100
58.994172570554525,5733800
60.125226016261145,6327800
59.13556181770677,5777400
60.04040693152997,5598700
60.44569992930463,6540700
61.07722179969442,8007500
56.505850727018704,9350600
56.32676664806696,6228100
56.618949606288744,6515300
58.00450608688088,9656100
56.38331098657937,10132200
55.308806318084216,7847300
57.8819598986613,12322100
60.30431036424212,8252100
60.34201420653081,4870600
59.229800383743886,6093200
57.57092626736243,5121100
59.946141260470576,6203800
61.19975108935997,11592200
62.91518182068353,21742700
63.5843933762551,8104000
60.73073939477129,10208500
62.87705762190167,8502600
63.34983076877293,7535900
62.31920989215742,9658100
57.79962512110839,11223700
58.54658176468561,9942500
56.3340750542302,10851500
54.08372363568515,15746200
51.23771638425636,14943900
55.50200745758689,10795200
56.70281732154812,14036600
56.2016953190079,7925800
55.36964239630412,9842500
53.89462108551272,8958500
49.932893828040655,10305900
51.43627367998269,10107400
51.32281843678893,12974200
46.12244058520183,18043700
46.018445270869734,15539300
41.650144656902846,13763000
39.4848951984609,16361200
38.35973146852244,18870000
36.57270173689131,13066600
39.22961056601092,13967100
36.534885073142604,15138400
41.82979011048023,16338500
42.482206954914524,11550700
43.711374767844404,11864900
45.101285736675756,10624200
42.92659813351081,7839200
44.600165446020426,11068000
41.44212591951862,10665900
40.18459486090427,8764600
41.09227969722275,9488600
42.39709877572848,12046500
45.384937512677894,11962600
45.98062558321685,14429000
49.16703120013114,11654400
46.614118231560205,5750000
48.60917871289505,8025500
48.5146186438882,7206700
49.044103315145236,8878100
50.717674542778525,9367600
49.261569683572766,7041200
47.181437633197795,9359600
47.37053387544745,7785000
48.93063565295399,9048300
48.429513926540544,7663900
49.63978544700807,6587400
49.08192932543529,7759500
49.00629032149957,8946300
50.53802480264878,14457000
45.460581643389936,13583100
44.02338934601236,7798000
46.16972574633706,8220600
47.26653527963842,8594600
48.65644784844424,6645600
49.55468518857963,8082200
51.18097746227228,8211500
51.43627921976515,7479000
49.63977616344003,8696600
47.98512140170605,15839000
50.263822572290955,20755900
50.61366214389475,11293300
51.53083120511696,10535600
53.63458255724343,9824100
53.95734264454931,7467200
52.229642143364096,7121000
53.45422817436105,7757600
52.770731935656215,9071600
53.27385579793046,7234100
52.210654399158024,10819600
52.808706858857725,5374800
53.15995458192382,6998700
53.814934483606805,8026700
54.26111180558702,7456900
56.681783546695975,8349700
56.89062184715735,5528700
56.026786512275,6184300
57.146933697480065,5319800
55.305328910831136,9386800
54.593361236044124,8534200
52.13471871136019,7221000
55.969819008643405,9718000
55.75148139414159,8338100
56.5488881632609,5674000
58.28607312211642,10092800
57.45071042584839,5379900
58.78919498854857,7264900
57.270347194421575,7937300
56.577369688290666,6298900
56.54889036982768,12786500
55.47620292669081,5035900
56.12170047605842,6067600
57.36527622692342,5305200
57.43171454257652,5596100
59.22586580112094,7776900
60.16566207864715,5078200
59.71000163749616,4045700
59.880881607195924,6155900
60.070726948612695,5899000
59.81442613600307,6178600
57.71651005870795,6297500
59.56759785005868,5226400
58.48543593554631,3934300
59.66253241306849,4585200
59.43471926058601,5017000
60.868143572814056,5833900
60.35552445744051,5027800
61.067484612971455,5351800
57.30831785674302,11041000
58.504404970357314,7194700
59.35876164730652,4565700
59.491664774881556,4621400
60.02327225899306,5525000
61.50415205539392,5900600
61.504153653672404,5540600
61.703501780407784,5190200
61.580101013183594,4572700
60.630807463186244,7395900
60.45994052297239,7124200
60.421972441941506,7387000
62.007272826651004,7608600
61.69401555218431,6170100
62.99452502376881,10684400
63.9723046112646,23421900
64.64628672697117,6883000
63.97228643697653,6166700
63.40386412433603,4979500
61.632322704997705,8307800
60.09889491870021,11150600
60.346530142323,8366500
61.06085952484267,5156900
61.00371269381835,5964900
61.23229836339756,8917800
59.108362208701664,5206000
59.47027963333803,6454200
59.03216511509097,7919800
59.5179017063253,10802500
61.13704129093947,11013000
58.298782477988745,14688100
54.3556873337081,20934800
53.91756951072437,16267600
52.95559086046628,10670500
52.965124473673164,9203300
53.555632052446136,8495700
54.50808326820173,7209800
54.755721338165145,8339400
52.21269673753791,7098700
54.08899901769444,11913000
52.584152852197526,8494300
55.203362485150016,7629300
55.33670178470181,8831800
54.23186765602009,6318500
54.755711350812696,6542600
55.5081379257399,8616000
56.555829313094655,5402200
56.60344834317977,9074400
57.49874124589459,7542800
56.27961453126791,7103900
56.12722138498086,6694600
57.46063898723507,6947900
58.57499391002794,5335400
58.76547269429473,5411500
60.27986145019531,6366800
61.01324114404565,7021900
62.137110645945555,7189900
61.81328407068241,5823900
59.432187228047034,6397300
60.727502630227335,6841000
60.165561694202744,5757500
59.68934702114188,4479700
59.43219496747371,6188900
58.794052045462436,6013400
58.76547658400088,6519800
57.46064115737484,6715400
56.936800349642596,4626200
55.03192063020398,8976600
54.5080722757283,6314400
55.94625942309766,7336200
57.0987159489199,7475100
58.089248683660536,9967600
60.42273449453956,9808300
62.860969411961804,13118100
65.62304143553155,8639700
69.71852552128034,10154600
67.57554714865832,8206100
66.86121822101887,8071900
67.48983054857746,8542700
68.83275851999238,10179400
69.49944538770657,8104400
70.25188984755121,5460100
71.34874539169309,10667700
71.89323726146705,8990100
73.74641809129517,7609100
73.52672798429784,8809800
77.37644859627413,9542000
79.19144553445682,5518500
78.15021539351625,3098200
78.33171473872608,7543100
79.33474330169682,7041400
79.94610342090527,5272800
81.904395133038,4825000
83.03161596080966,6876900
85.27647976558475,5524100
85.23826620911838,4703000
85.56305531835315,7017800
83.1080288071495,5731200
83.15578047925248,5776400
84.54090881347656,6425500
85.87828910829585,6179500
84.35942293705389,5808100
85.14273393721786,5559400
83.73850390257337,14603100
80.61480209720884,5226600
82.67816278437155,3901200
82.43934417062276,4585900
80.94911595556772,1409200
82.50623107350621,3018300
81.21660880596481,4518000
81.56049884624805,6294300
83.09846630848755,5715900
83.33731483828187,8449900
82.53489099445729,6987200
84.3403273560368,9818000
88.00854031035078,8784100
91.98242629875432,9059700
90.38716243982584,8357500
94.1222310187813,7186100
95.99455257933914,5310000
98.22984937903196,11663000
100.45565531739271,8981200
100.39830690124202,9362200
105.1842021326408,9926000
104.22894731889326,7271400
103.21635201574573,6207600
102.70052152677542,8437500
103.98057626388412,6029800
97.53251098445529,9782700
96.66321908475494,7433000
95.74620430254328,7943400
94.81001704986139,9083600
98.38272177700999,5108600
99.65321543897805,5399200
95.72709247237354,6356300
100.1690541328218,6349300
97.29370738503589,6621400
101.45865815613686,5769200
102.1560182432388,5001700
102.6240624404364,12147100
107.9449163584291,8157500
113.20841835561825,9260100
111.25013234213564,7225200
108.90018299650573,8239600
116.16974159811954,21054100
112.6925960857776,7850600
107.81119791056524,9387900
110.11179375545659,10098100
115.96910414919947,11352800
111.52827463310454,11626500
115.97868887997559,7003000
116.61035632199628,6505000
113.20315122818388,7257100
110.38932760848027,12433400
106.80030203468296,9962700
107.95836219377915,12091500
105.52740870368707,12040800
110.82959848499546,8820300
112.2269454105919,7715500
109.63325692726961,7426000
109.70979677494276,7061200
112.00679857495834,10383000
111.20285159091675,8342600
112.80117187648035,9040500
109.59495594734621,13044700
112.55235150418439,11318700
114.75362231880112,8263800
117.38558058467254,20252500
113.66254331094653,10381600
114.53351697187753,14037000
121.58716233421177,10539600
119.52945276094968,7970900
124.3913960585553,18589500
132.2107058086985,15929200
139.2548261986096,14377400
137.70435737806895,18004800
134.23014243620156,13702700
134.57471777151744,10238000
132.38294445243523,9637200
131.90447182647057,11147500
130.76553626976573,8034300
128.8896505191403,8134200
130.16258891499695,8269400
127.7698740799,7686300
127.66459055105973,12826400
123.82671723532398,7583300
124.55410153527545,12108800
128.98534126893708,11483500
127.76031087443191,8079100
129.04281572204422,7927200
132.2202799255294,5767400
130.77511150255205,6172700
131.35893120403782,6668400
126.33426232077305,8691800
128.48769976263597,7750200
124.41052285715024,14199100
126.07581817805261,7276600
124.07553986692858,7270500
126.8606364176164,7524800
126.2576960537677,10471500
114.84933443646163,15287800
114.20806563482839,18648200
113.40414458998337,14228000
116.65819705438264,12422300
116.76347870508609,9379000
119.96012554903405,7536700
113.33715249811954,10424200
121.36698769183482,18239800
124.27655150547419,14252400
124.6019274905437,11405600
130.59325575177135,12721000
132.2789073291281,10577900
130.3326443275899,10623400
133.4294222271403,7186300
133.26644034802976,8839300
132.35557769685403,6401200
131.73238634767074,8191900
132.04879739113662,6662800
133.7074643075412,5943100
134.55115261344912,8129200
131.20510475228136,6887800
130.26552208388793,6163000
131.2818096837372,6077700
131.15717014477752,6062900
133.39108862444442,6059300
133.75533530753447,8030400
130.91747345503583,7690300
129.67112497614906,13258400
125.77859623271344,5984000
127.34134703855185,5680900
128.76028339705874,6327400
131.34890934307853,6374100
132.98838375061945,7276700
133.05548515902393,6984400
134.65658325978038,5340500
136.13309193864646,5963400
135.85505237907734,7693500
134.1580385364696,5299600
133.5348476418,7432600
132.79661629009752,5956800
126.21001306518345,7770900
127.91662316758578,5762900
130.38057940527304,5459600
130.39013576169285,4950600
132.48986330517425,5982300
129.41221847589895,7057900
128.47266214815383,8190600
120.02604330940018,8934000
123.87065277077274,7417600
127.34132418288863,6434100
131.3489009399984,5564000
132.25971322954805,4345600
132.52816499998636,4638200
131.95297341298777,6344100
130.0354488382524,5041900
129.82452133331788,5382600
130.86955577544052,8556400
135.22226236597618,10230600
136.66036647172473,5589600
137.10139762860283,5434600
137.51369067241052,4282200
135.87422228107067,3843300
137.5712142247333,4026600
137.01516936942855,6403900
132.79659855633722,9630600
126.55517430231957,12962600
123.80355065264735,8812400
124.0911477237293,10412000
124.6855987507734,8208400
123.4967313033468,6768800
121.01356933196517,9020200
125.00199990607355,13707600
123.0173712851635,7710700
126.36340049997956,6356600
126.34483502624968,6735100
127.53584895301438,3958700
127.756771087606,8413900
132.1366837829214,4617700
131.0608577963342,5586000
130.32133386337034,6260300
129.4088480925748,5142200
128.55402798754793,4836000
131.25297382711167,5550400
130.34054511933377,7440600
127.77597120683984,6808600
132.8186152286333,9054700
133.24126597988547,8507600
132.65533969143868,8073200
134.46108294240153,6103200
134.81647530498688,8467300
137.35219776950754,10884400
131.16659585584614,8822500
131.7140145719441,5782200
130.81116876057732,6344300
133.82716745517158,5620700
133.90395792001334,3729900
134.08650807756877,5248600
132.17509482296123,12873900
127.55507383457358,10730100
124.27015774251258,7329800
124.15486208352331,6459200
122.61807494420906,9549500
122.44520000517305,7330400
121.3117892244772,7388700
123.56894649242703,5761300
123.23279168948328,6300500
120.73549664152475,5472000
123.67462676229715,7637900
123.69382725046206,4950600
126.4216581378378,7947600
127.03638939152611,4826600
125.21141041456363,4208500
128.0641358463036,3694300
128.67887678716247,4619000
126.46007407135168,5611000
129.8698969767364,10744900
130.86878497391362,4005600
131.85813237243036,7864600
128.01609129835407,7837600
129.25517402512568,6391700
129.46646604628148,5715300
131.5699843080868,5329000
133.99046436487794,4822900
135.85386207571904,4117500
137.61155757097063,9272800
144.33510965156336,7706800
148.74382287682576,5878500
146.9380555218385,7274600
147.19742187834484,7149500
146.21761431549473,5061000
148.56132427784243,5778600
150.76084945405557,7304300
149.24330216782022,6200700
151.67330073566427,5759200
152.24003932449534,9929500
145.00744555464732,16028700
145.0362426998511,9029100
142.83672376180442,7254500
142.75939584632064,6185900
140.08489624780265,7334100
141.20086655481356,9932300
145.37619004601143,13505800
145.51090120117567,14372000
142.38423252272906,9573200
142.8748717843444,7768000
140.24844041441838,8579700
145.27036854804584,10514900
150.907993802662,6582400
149.92668562636462,5420000
150.18647497759227,5291900
148.24309824311266,6202500
139.47879813716898,5691500
142.33607973497766,6883000
148.54135359156103,7155900
139.77703234592627,9334700
138.3435356072472,4653400
143.69259149272384,5986900
144.27944717778757,4293700
147.26182407960263,4625500
150.26344841853296,6416500
156.6707393107961,5834300
153.83265199441806,4654400
154.58308176809783,4171400
152.1394401223378,3594300
151.75462226076854,5363900
153.9192598491405,6947000
152.04326043817846,6840100
147.4638580363947,6576000
149.2147960107011,6335700
142.11482523061684,9683900
142.7497715037985,6824400
148.85884191111882,10379800
157.77710711674305,12553600
149.86900512210488,11437300
159.08550301707112,12417000
148.57021701482182,12929000
140.16184528159613,10573800
132.30184305543762,12408200
126.51990933878776,13204800
129.68508180516008,11800000
132.4846222472414,11852600
129.14632761274018,13539100
124.6824133114367,13292900
127.87639235823552,8588900
132.9849086494757,8151400
135.36122432341816,8134100
132.94639939541864,10040600
129.24253395356592,8514400
130.6086443646097,7242200
129.72355849296525,6644100
136.28477916021998,7652600
134.4857374993531,8525700
134.2548474947552,9473100
127.34728671582444,9529300
129.57926380546343,9065200
133.22543528614545,7990700
137.4103752323708,11879800
131.791997022899,8151300
125.23488400952711,7667700
127.18175485397308,8413800
118.62326748646869,8500900
128.53104264480993,7784500
128.97442216016398,7428100
128.89728180585803,9212500
125.29272862176855,7008700
130.22732958796982,5449700
123.7313785886359,7096100
122.94103444599476,9207100
115.4524082780278,10525000
123.0759918815296,7623200
121.16768198954817,5604400
125.29271538446064,6016000
119.25937282867095,6733200
117.31253078708787,6875300
122.70975249313553,9668900
124.63731509381958,6781100
125.87098183416344,11516500
129.24428226170974,6206600
129.14784435809412,4997800
128.7720112123948,5457900
128.19369055542802,7617800
133.61023401980418,6074200
130.19839131487382,5209600
135.00774136247472,6162600
135.59560733082864,6387500
131.17184261578436,8474800
128.0684342256366,10138100
122.56517562043551,8347800
124.1169065899411,11653700
114.7006512114605,11602000
114.76813532253797,11817200
116.86917904270621,6408100
113.91998005406992,7785100
113.82361456276966,9883800
111.06717446582913,9351400
113.15858616218657,7711200
108.42637116395785,6822700
109.9973534632438,6086600
116.15598117008372,8856100
114.89340738551593,7849400
111.0575407225573,8489400
107.37586252187297,8518300
108.75406851209809,9461800
104.44593248670716,6891600
107.3758429243228,7379100
108.93718265595744,7998900
107.07705895212428,9425100
108.11797860921457,5463700
110.03589640206124,6352100
111.8671199540602,8172500
107.82883147559284,6247000
104.03150184827265,10088400
105.26515146340108,8881000
102.79786436823044,8311700
99.29928601252618,9287100
104.27244735227121,8321100
105.64103789445588,7218200
110.3925097778952,6646500
109.86240959596536,8522800
107.37585510298635,10115800
107.94448501048987,16285500
103.21227988171525,7669100
103.97368267909492,6785400
101.51303681791074,7378200
103.33905634454464,9173100
112.67203102462906,8510500
113.5705590570841,9751200
113.96667302403651,6852200
110.80737483901807,6408500
111.0005920727791,5080700
113.17443371657991,3824600
109.36779004385637,4725500
111.36771691572648,5138300
107.33890033545327,5947900
101.8801660507354,8391600
94.93358461832568,10484200
94.10269146347368,7058400
94.53745265112444,9377200
91.58105061398362,13359300
85.22380294737054,14451300
88.59565086991513,12207400
89.93861115909584,7652000
91.42647389925995,8286300
92.09311596957315,10582900
94.65339354144852,4950100
94.78866596669752,6494200
90.7888143256032,7570200
87.19473412466705,8183600
85.71653586880478,13121600
80.4220632557699,9549900
83.33014321773602,5732400
85.6875583353932,7469600
86.60538268886052,4890800
86.47014063241325,5319300
86.21893345115454,5492300
83.60067679097664,5786900
85.48466270862511,8686500
89.23331095057962,8051200
92.51823079273608,5683400
91.47478536502953,8203200
94.28625283234965,8314000
100.0348369069153,5463800
100.19905876161918,5100400
97.10740075763869,4367000
97.17503235915099,5073900
97.16540113512482,7275000
99.87057986196818,6090500
99.99620254422086,5817700
100.95266801905977,4737500
101.16522532858104,4137900
102.16034505848502,6088000
105.71578227111246,5279600
105.3679570455159,4784000
105.50321215179783,6038600
100.2377307306121,10355800
99.29089271995034,8599800
102.20865869812403,5555600
102.60477881167449,6644700
106.08291043581602,8342600
104.76895020060272,4892400
103.3776837474895,5495600
103.06852097514106,10062400
103.02022221411303,12380900
99.31988457135976,6180100
97.68709198276957,4882300
98.07251046466754,4741200
98.76993906168445,7645200
101.70483487380689,7757100
94.48862048268177,5609700
94.8373306340769,11623200
91.73775820746769,8729700
88.66724088739406,9953700
90.22671848690231,6795400
88.26043629627446,5922500
87.7276639496441,5567500
88.16355196163326,5233000
92.13490724473587,5094300
93.85901618172896,5329300
89.52931772601784,8422200
89.05469984969807,5828200
87.21432514224776,7120300
84.87025251596758,10893600
85.09302569598508,5260300
85.25770844960496,4435700
85.59671658479911,6953400
83.92101756333447,8558400
81.54790749183414,7384500
81.64475966768214,7015800
81.78038227122464,6220000
80.3952566634777,7992500
82.09032882040448,8542500
79.36852155733017,9051000
80.4339974051382,9631500
86.32319549317701,7914900
84.89931495221143,7608600
86.18758774569784,6686700
82.49715944318396,10029900
79.42663931299033,14211900
75.30030619433411,12441100
74.147657501909,7770200
69.91480869135265,17560200
77.06319880150335,10453000
74.78696148545458,10772300
74.28326767755459,10231000
72.6463032148032,10579200
75.90086383590693,13287900
76.35610984088484,11569500
80.23058488243227,12005000
83.24298291379822,10349400
83.75634269812484,8989100
85.99385880367099,6822500
83.90163059220184,6388600
86.07136069991161,6875400
87.65989321056968,6105600
87.51458257961565,10650300
83.26236388241188,6849700
87.22400692060886,8692700
89.36464822912981,7684200
93.93652648808553,10067000
92.28985550090471,6864600
97.01670854429375,11692800
102.00510259063871,11160000
105.44369723949592,7761700
107.68120201170984,9438600
102.07291811367307,12082500
97.26856152335887,10682800
106.53823288089963,10921100
100.28097165829605,9282400
102.59596995459799,8497200
103.2341668071944,4077500
103.8167522341009,3012500
100.98148918818877,6382700
101.03975351838527,3450400
100.95237598332245,11167000
106.95299264123315,6976200
101.29221436514594,3903300
103.2827243377651,4692500
103.71965065468922,4571700
101.67089790203286,6383600
103.93325559384186,5493200
104.65178010142903,4705700
103.71966387221052,4831400
112.04090932601927,9557300
108.12788937549222,6429300
104.62264567576182,6773500
101.1271322392691,12925700
101.78740245436482,6162500
99.10751393563531,4761800
101.5932189086875,4889100
99.1463615972998,11326600
93.88366883370017,4753500
93.38845373300296,6121400
91.92228814716843,4274000
93.26224219599023,5071800
92.8252986506339,3407000
96.87426865075321,5921500
95.369259696608,6289500
95.0002696812269,4557100
97.09758125429826,7241700
102.48651856511299,6212300
103.0593801708522,4638800
103.58371964217852,5532600
107.37053203192198,5330900
104.4090524791253,5641600
106.23448181152344,4848100
107.54530713387348,5374100
106.3121638364937,5325100
103.70023407156084,5078500
105.3800192809644,7669300
110.17663534604158,3504700
107.76863473069459,5957600
111.07965845852713,5813000
109.35131439782214,8705700
107.47734422243103,7351700
105.79753669089479,6577100
108.85611178883225,9886400
116.81812086289926,11206500
119.35236795024545,6156900
114.7790588654938,5331000
113.98287380209025,4935300
115.69178317259718,6460500
114.92470795790732,5512200
111.46803930906955,4374400
111.82729171317479,4198200
111.53601173221409,4870700
113.60419018919634,4980000
113.4876453783667,9117600
113.39057417178277,9287100
110.34172080940573,7583900
108.1475265867459,5089200
109.52955091015941,7136100
108.04048794219017,5808400
110.47360295861438,5362700
113.03324943013129,13010900
114.55150062761884,6756800
112.3617060832148,6502200
115.5734275516961,7232400
116.64399640710431,5775700
115.16466428020777,5225900
113.50040108375306,4474900
115.51503591864258,5701400
115.17438147090093,7009600
110.74610651244662,8221300
115.6026278402699,8322400
115.34959241295795,9517700
115.04787136260161,6787700
120.34237300521615,13761500
119.70975056173292,4974700
120.56618845373897,10090100
117.05278258193565,8342500
118.02601884493548,6182200
118.38612329565048,6354500
117.51992316820565,4628200
115.70969106242634,5523800
115.5442426107414,7865300
118.73648592501362,6213800
118.26932619959466,5016500
118.37637546081517,5146800
119.65134855834305,4772200
116.39096834736316,6691700
111.12566118791491,6275000
109.46142503477297,4096500
114.19142238415368,3373000
114.58071694856217,5838900
110.49306974709782,5299500
110.32760738544256,5211600
106.29836930568412,6952200
109.49062647910803,5055000
106.91148402807741,6796800
108.2740437311908,8699500
110.4346689654363,4516800
110.45413018927033,3218100
109.49060272561343,6282600
108.18646023283742,6245800
108.32271076164879,9447000
108.71201501048962,8064400
110.26922466783815,4171600
109.89937833236166,4850200
108.94559744226619,5624100
110.02591148550471,3579600
110.65850542207984,4874200
113.74372148388225,3247600
111.02834697278045,3173700
112.4298274543154,4101000
112.21572856248673,3630400
113.58798328406453,3838700
113.56853735974796,5859200
117.597797723024,5080700
118.97981481874876,7349600
122.44455337550355,10891200
124.8679705101887,10257200
123.82659757241815,4709100
122.52243297756719,4604500
118.96441881213426,6315600
124.08716217964553,9575700
127.59990341108566,9083800
134.6546349756409,7753800
130.36130344023633,11368600
130.48813770378328,5007000
131.86394901995433,5327400
131.55171632392697,3798300
128.21460509229146,5468900
131.99082826672355,4835700
132.55674798219334,4507000
134.44968925619824,3675200
134.4009302665052,5931900
138.06977412277564,6859500
135.05468516162625,6474600
135.32789571859306,5524400
137.4745343326087,8847400
135.73772685870443,3840000
135.17178342181728,4715300
131.7273373423719,3763600
133.23975247438386,6956900
133.16170408721374,7256100
136.7524845276155,7343900
139.33824347612702,6645200
141.18243680396895,3916500
141.77767281468482,6142600
140.52868100206697,2533600
140.75308881621675,5198400
137.2501397915534,5793500
136.23534520920816,3459400
136.39143689116256,6364400
136.78176219847532,7706100
135.8352752135732,5590100
136.72322759595642,5410800
141.06534787335957,6058800
139.51386417639264,6306700
140.31402546862742,6492700
140.55799320001321,5379400
134.4789671082786,9883200
131.94199650831803,15686100
134.26430577293397,5276000
135.32787395106394,5038500
134.29361421541032,4050400
140.73358846988913,8928900
145.95389517339262,7802000
148.24693059376867,4184400
147.26137909621025,3088100
146.9686912061812,5468300
142.4704239579773,4338600
143.94384753573627,3984500
143.48520612828344,3896100
144.558556832648,3443700
144.39266684654044,4796600
143.2120110473193,4018300
138.7723120144975,5193200
134.8497675811799,4850400
137.845343299501,3384900
137.1233023946657,4613000
135.81579683405153,7065700
134.00085278233811,11541800
139.80661141832863,8121900
147.1052988900243,4865900
143.75731701710154,5300400
146.23135250431807,6771000
140.41298709399564,4720600
142.09494785156076,3565800
140.67703361180926,5017200
145.88909944511627,4000000
146.1042707351612,6593800
151.08161162890318,3693100
150.5633544250742,4266700
149.8592909075623,3109600
145.91844912681984,6720300
144.45163718453745,4473300
146.6811745283593,4145000
142.79902621616495,4470600
141.01929470873006,4625200
143.17062357107798,5629800
137.73362646688105,13654600
134.8293687061877,5607700
136.61888111693952,6365400
135.6898880496824,5806900
132.03264614821254,5241000
133.95904511003093,5301100
132.8833771253871,5161300
132.60956541409513,5343000
132.22821035005282,6296200
131.7001501152986,5341600
137.11756075725228,4448200
135.78765110526754,4896900
135.61163305273283,6173000
134.5262072538512,5543600
136.36460113848526,4310400
134.99559036171826,5234400
136.38420085139276,3271500
137.91944886638706,3342900
139.66006430374938,5136900
139.83607503956762,8109900
143.79646992156282,6600500
138.62350467796412,6097400
136.05168983388768,5915900
136.80466476367977,5357900
139.6796020536016,9400300
131.54371622777919,6149500
130.25289168987425,3820100
132.33576175066304,5238800
130.12577752929653,7118100
128.20914446610035,5462700
128.3656234470973,4397300
129.04035163777883,4604600
128.8838731479153,4108100
130.08666993026648,5127800
134.76087964248075,6088400
136.40373222084887,5560300
137.29359450455362,4823200
136.90243579741488,4886800
139.21998646858347,4305900
141.69402294979437,4979900
141.97762333162765,6699400
145.7033235606027,4125200
149.64415758089626,6505000
151.54121395270204,4383300
151.9617080624377,10513800
138.89730180024256,18912700
145.58596136088977,7087400
148.21646066380654,6517900
148.00575144700312,5071300
146.33977398738185,1992000
146.50636486081223,3429700
146.36917098416492,5799600
147.23153919487987,4975600
147.39813588262277,7555600
146.56517008645912,4929400
147.03555646081682,5859600
143.59581467968928,5206300
145.70275823601006,4491100
144.01722116711227,5753600
144.46801297230084,4990200
146.2221685120225,6945800
152.0334110815115,5705200
153.8855822188886,5561700
154.61076196585677,7401200
158.9618497365963,8577200
157.66826585081353,4772300
157.36451018418515,4958200
157.58989115963143,5488700
157.77610471165576,4257300
158.3640676684224,2770600
159.05006965264644,2520500
161.24520807179735,3319600
161.69596599961537,2909700
159.84384471125207,2980700
156.79610690819777,8607300
148.67211586701686,6100100
146.80033804835773,6196100
147.074748183074,5400100
146.8297470936227,6515500
146.8689466968019,5606700
148.73092446373175,5035700
147.24131700072152,5995600
149.15230268552006,4083700
148.27034391682443,6528000
150.04408559307961,6630600
155.48295095042755,8133700
159.31465330885268,9159000
164.81230912743393,7176400
164.4007151568432,5053600
167.95803616070862,9729000
173.62230107970439,7234400
165.68449804047611,6653700
162.97976242849057,5370700
163.97928716191345,5255300
160.71601406631862,6049400
162.14678323816761,4082600
162.59754694246496,4740800
165.22390216052585,5749100
167.56606763143063,4550100
167.07606555833365,5103400
166.5860899027669,7327900
175.45483032378834,9539900
181.56009385306226,7085400
175.02363680305174,9692500
178.98275334978177,8437900
185.21540074119693,8622900
197.97469850192545,15557900
191.6734402628068,11216100
184.46912191933612,6977500
194.63888591623746,10225900
195.65979769945977,5108100
196.13096656780405,6466600
199.98878452096162,5167100
194.84502694994575,6207900
196.23896664727823,9449600
200.02806844769376,7647400
208.10693811271605,7089800
203.9349631913626,6100200
206.09456959457296,5642400
209.31432877888267,6363100
208.57812499351547,6940800
199.54706368259818,6566600
200.1360576555362,7211300
199.24276172141913,5050300
198.22187688650277,4934900
195.7775916998587,9936400
197.97643592740877,5062300
195.52233145354697,4624500
197.30893087871158,4278000
209.45176826943035,6145200
204.68101574692045,3829200
203.8171826909606,3137600
205.93750254110762,3607400
204.21964827322068,3123900
203.7484800208957,5750100
203.13003719522936,3189700
202.7864741225058,4311400
199.86119265988182,3375600
207.72409767967238,6242800
201.13733266440332,3330700
208.95112160994321,4435500
207.46885264426774,3659200
205.0540656745356,4645300
205.61355947337188,4291600
204.1803819953337,5854800
208.00873330078142,4492500
202.55087122661493,3749200
202.30545773026594,6350300
193.84373549308904,6219400
190.6927100135701,6495200
188.03248225247077,7149800
186.7563533540316,4425900
194.3542066453382,4609400
192.6756017919724,4238300
193.41183548180658,3933500
199.77282835284325,2789200
199.92991002266652,3898200
192.47929006567207,5815500
192.65595622134384,3523200
198.2905617707702,3818500
201.53979964463824,3638500
205.39761862689718,3200900
202.1287693945981,2932300
203.55213046590976,2758200
204.96570158933707,3502900
204.5730418613328,3526900
202.06005588110776,3442200
208.59775282081324,5820900
214.21271440961914,7977900
212.42616360862297,8031800
208.25416713307615,5954500
213.9967688577422,3918200
216.86512332372808,5047000
221.27089577249276,5806600
216.55045266595658,3795700
218.46811649788916,5509400
213.98371620500888,4718800
214.35740280280638,4059200
213.15760910782555,13548700
214.71144007099687,3828100
210.25654360895638,4379600
215.96038670631734,7887900
217.99607691345076,3951200
220.49397654691322,3627200
216.06857641415993,4796900
223.50327583078598,4768600
227.5943301907399,5573500
227.63365173932726,3682400
230.20041236339685,3306500
232.74747413823837,4974600
238.756213569492,5256900
242.90627890349592,7045000
234.3701356162217,15289800
229.13831597245505,5928700
227.21080557439797,4594900
231.10514986270903,4818700
233.56374686775834,4309600
231.44935845270234,6387400
232.93433231078959,4239600
231.1248215304546,3510600
237.63510013373644,2768800
240.6345675484064,4076200
239.08072001415044,3782100
243.8896799325354,4889900
248.8068203920187,4258100
251.33420743791396,5623800
237.60559479906212,5396300
240.46735794611172,3674300
242.86693519277472,4124800
227.4074600584124,10538900
218.46811173674837,7715800
213.89520351789628,6517100
212.6462543981901,7515600
216.79631125263558,3635300
213.7673140700891,9263400
203.71673223701754,9961400
203.5593899645458,5209000
204.84766724191766,4199200
204.80830543043263,7652600
202.6841533930577,11123700
200.74678305359515,11268300
184.75628302952128,12991600
172.25691300074905,10079100
180.28170971112732,5803900
186.8509793841795,6652100
182.18952808413354,8637100
186.86079155636915,5050800
188.32611124273035,5568100
193.18423108398537,6198900
199.33065260484736,5377900
203.87406265265616,12073500
201.55319565284793,11644600
203.56920736762092,5285400
205.8212626028236,4860300
204.6018098346235,4460500
205.5654258534468,6621900
199.19045948901848,5296400
197.72231653961603,7333900
191.91885443094154,6632500
191.82032532197357,6412500
193.78109383353438,6730300
194.62846491603958,7313800
190.24381190316828,12163400
177.34611161441308,6378100
176.41005266494415,6495000
176.8633015950521,8887900
174.49855344248127,7492500
175.35578940941238,5367900
177.59244063770933,8187100
181.65191559225252,8011700
182.57810447905064,4851300
182.28248152257302,5915800
186.71639963448166,4026100
187.95789305206407,4266900
191.6922357436755,7326100
191.49517452993516,14306900
191.56413546203837,4457900
193.62344243415038,4849700
192.42133489224938,5060100
207.723253938388,7849800
207.97941527304033,4524800
198.0474975397516,5746000
200.4220860175397,6930100
194.92404259788512,5536600
194.80581370191751,3813300
201.61430261879445,4131100
196.45127871598996,3711100
197.1902618701768,3616100
198.44161004565427,4141600
198.06718825623312,3796800
199.17074552706637,2604100
203.91994141101395,5239300
210.54123008085705,16613200
190.38176216080475,10972600
187.20906647174323,9727100
183.5437166573391,5758600
183.42548331009908,4918100
181.8883776659314,6753600
179.2772980239278,6015200
184.13488512571368,6122100
183.75062376237008,4794700
183.78016719076237,4101000
182.61751618830172,6007400
184.25313523643013,5851300
182.48941796279988,7307500
179.15909010859377,6318900
180.5089497443682,3857600
180.60748705528468,4053000
186.18433764568368,6393300
188.1549553419714,5274700
189.465403906811,4767300
189.48512250596698,5475200
185.93804028221422,5478400
181.36617694071938,8634600
184.0363635433217,11747400
165.86721574309522,16287500
165.2169210039593,8324400
165.86721485976693,8651100
166.8229820860529,6197300
169.1016688840212,8917400
172.95340595661267,4242600
174.52375253363712,8926500
173.17068265253454,6517100
171.05713902882408,4348700
174.19784476800874,5944400
173.30896317078358,9100600
178.96807979467937,5939900
183.04696357680254,5819800
174.35582299478898,8663800
170.0300338795073,6058500
169.84238907290114,7647100
171.35346036620913,8230900
167.6300986035725,6698600
167.60046845802856,6108500
167.0078842842242,7051700
167.9362364484304,6643000
166.90912608898256,6817600
168.8251129039265,9000700
160.77594615126074,9252600
158.00070281667877,15336700
162.73147700340354,5040200
165.3585535119119,2595800
165.27955870461147,2793700
164.09438109651722,3599600
161.97099468674492,4763100
162.395653399792,3565500
162.43517314097411,4164600
163.33393211856955,5719800
172.8151252036999,8475500
177.84217327705824,7332100
175.5508695328314,4581700
172.5583618008898,6325300
167.007874172632,5465800
169.733739520297,3842100
174.56324204606344,5908600
183.50128700905498,10825400
190.61220906503152,8115100
192.33066965366942,7959100
194.39481691294006,7288600
187.77771235453912,6307300
188.52830874543247,6088400
177.3286159169736,12150200
171.60037656589068,7360500
177.7730559799428,5679900
177.18045185658096,6013800
180.3309904236832,5898400
173.1509643428386,5321300
173.29907857097777,4687100
174.54348166333668,3958500
177.38787055434696,4479100
180.8741921021422,4992000
180.59766615102086,5744100
179.55076803156106,3913300
177.20020899047594,6640800
178.0791906028292,10302000
172.6768646303162,12452800
169.6646007747487,10704900
170.17817568445005,5797000
173.37159265843275,6687300
174.35157467796085,7365400
172.0154113892293,7126200
166.42246624055693,8570300
165.68993754941047,5048500
168.5309583725543,9543600
155.70183029889867,9427600
158.11717006630528,9259100
151.51451521704382,8538600
151.5937280868524,5860000
150.00987243652344,6967800
149.93067192264485,5537800
150.88099693765557,8008400
147.4658168538935,7739900
150.18807711865358,8482200
147.38663374749282,5702200
150.59393136311897,5138800
151.40562371862563,4764300
152.76179482775453,4282300
151.63331629779128,4426500
150.6929124953309,5480300
148.77249088635728,15911300
153.92991720272664,5855200
153.27653380960174,5093700
151.59373724032383,4850800
148.31714292206868,6933800
147.2975641812769,7715000
141.32843101993674,7116300
142.64500871002812,5869500
142.575693455353,4904800
139.57631134551985,11779600
127.8063531928042,15564000
123.70815193855955,18941900
137.01246193235136,16423700
128.27161779409232,20667300
140.79388000323084,16290700
137.17084061237372,10617200
145.3969412850293,6835900
143.50621987160267,5259900
136.42841851211023,9279100
137.5866021495664,6494800
133.76558739486185,8395300
135.79484787674963,5222700
143.3874298369473,7994300
146.11955302895635,7609200
146.70360982326102,4805200
149.26744079589844,7052500
147.4955284249655,5721300
144.49610328401198,7273600
150.10886495877665,6732000
151.24724731309246,6083200
152.55392249687466,4069300
150.46523403091882,3471700
151.80160290195144,5499000
156.43433665994627,4824600
155.34543640140365,3884200
164.75942509882282,11724100
167.16489825117617,8980200
171.69863276146899,7069700
170.01581092146844,12811600
166.72933155768965,16540400
160.8988018534572,7465700
163.38346816193402,5372400
161.88870451340085,5658600
159.51980388636812,6355700
155.49927090725743,5733400
159.4602463260981,8470400
160.7309154385235,6727200
164.25506585401772,6845600
157.88180671969468,15273600
154.65547704502916,5875300
155.78717950342624,6355400
161.3166192748678,5990600
162.03137116834654,7386800
164.2352056403268,5717500
166.58795107152898,6320000
169.3377754500733,5711600
172.97111457968992,6133200
171.2338701295001,4468500
169.81426523766822,5297100
171.760005525661,6712900
174.9962585730857,6631400
173.98368896954148,4946900
173.199446781853,18396600
169.0201010371394,6838800
173.79507141148844,7254500
179.79108326558182,5431800
181.85596456167693,5199700
183.03727120127118,14202800
182.46149600533997,4070700
181.11141922166453,6572300
181.30002086251835,8800600
187.97108971979998,3568500
187.66335174349126,6577400
190.74077118407612,8097100
194.37411992486892,6170800
196.55809504847167,5229100
195.41647992801478,4424400
194.18550282056006,7264000
198.62293946968887,6007100
192.58721281973277,9400000
191.21727415373732,5704000
191.65406168475943,4757100
189.40058313344687,5061500
190.8698378484678,7074500
186.31323605455108,5419800
186.78974770436875,4819900
184.45687457339318,6608700
187.63355027044886,4913000
190.22456399579065,4605400
188.34830831656612,4018500
176.58461636420785,11375400
175.31394793256973,8393200
180.67459652932254,4189300
181.33972236996962,5292000
177.5773442006171,5857800
183.00751174643494,6616600
181.81623654140557,4338400
185.7870940866847,7816000
184.37744351905994,5915400
188.41782784549798,5923400
186.4919488258918,10992400
161.5151730894037,31803300
160.6316509067227,10125800
163.04394430889258,8921500
160.62170566043272,9323300
159.23031491881935,8294900
159.96701584907063,7448100
161.58979717525472,4186800
161.29112231909758,6770200
162.53557741110683,4633500
163.98911950436724,7899500
162.1473148350785,7202100
156.02459991215488,7683400
157.34870246692748,7335000
155.2480746999913,6245100
159.54889042492235,7046800
163.08313286022283,7933600
161.2015297973873,5315400
163.5709854560617,5690200
163.27229913146414,8999900
167.16496296136427,5170600
168.35963803619674,5597600
171.69476405973683,6447500
173.47682615911285,9588300
187.1658141359465,15473700
189.97330669772685,18903500
192.33278686578697,15475500
200.33708666706536,12417900
198.19664427732855,6360500
198.15681228354578,6027600
199.11256282783256,7363300
205.42442003313073,9295400
203.45320899489425,12253800
203.83153309049797,12699200
224.00161698534805,11166000
218.93421787258163,9269800
221.35341732675303,7891900
222.9164842893546,10543300
209.06820435455307,7875500
216.03711909910672,6701400
219.72071799790123,12829700
219.37226873909742,7853000
212.95087465898757,8260000
222.96625785012554,8033600
229.5767899616725,7742800
225.4651126775539,5272800
226.142089569344,5494800
224.91754553603025,4557500
224.9971934232792,7498100
217.42097737006452,7001900
227.98389132140113,5346700
231.96614650376642,7671700
228.6608547413846,6118500
231.86657361567518,7784500
236.72493212732903,7317700
232.70286395638811,6532600
234.62428627475916,6160600
230.39314764306874,6896400
229.16860234149976,7230800
239.7016701299948,9278400
231.23938375662672,6892800
235.18178685102805,7673700
231.5380538697628,6237600
230.203988689877,5955400
226.38103172057941,13465900
202.8459188358788,15254400
223.20517721076902,8713600
225.4750597721385,12167400
226.281461311599,8870500
238.19643450043026,9264000
218.65512947352005,8596800
222.30603594980434,8806600
236.9595163759139,8330300
242.22639665574115,8791100
250.17659312794936,2916300
249.6080064802267,6842400
254.9945707827467,9196800
264.64051035631144,7999600
267.6729614268839,6348800
269.11939090369754,5373400
268.830104231594,5338100
265.4086350672058,4062600
266.1068598284547,6244600
270.54582479801553,7061200
266.59568222830666,6739300
262.7751789269111,6406000
259.1442449870475,5859700
257.5182935574557,7855400
258.4459742866971,8741200
255.0743870806162,25749700
262.17666178980215,4182000
257.5182984683021,3791500
259.5831542204307,1279500
261.1891444963802,1836000
260.17168081095303,2601600
263.53330303048733,2185100
260.8200714179574,3025800
266.4161313820247,7553200
275.43365157774065,10398700
284.72051214127436,7237900
291.2741483120814,6148400
289.9774185077526,5500700
287.6831337346135,9427600
300.97001979203185,6612800
306.2967413899753,7146500
300.72064850386994,6545200
327.2644630012408,11262800
324.9103720499539,11399300
315.3142849733321,9387300
318.6858872650527,7914000
332.16227376779466,6036100
318.1871316854892,6201000
321.1996190317886,4777200
323.64351789720905,8033000
341.0800500072224,8470000
339.89303192890293,7350500
332.1024418801184,9814100
319.8031098859338,7409600
336.1024746894525,10697000
323.18464640112717,14719400
299.32410570374674,8514300
308.64090021459117,8344400
316.77062095705907,7458900
329.04005907270954,6785800
337.07005191294417,7160900
339.03515985524683,9764400
364.0428535428087,15706000
350.12753862772615,8791300
360.73113128832176,8784300
361.7502879376729,6640100
365.81520560065536,8178700
371.9376155965346,6077400
376.1224217975203,5711800
384.5219674012469,9745000
391.3135312789008,7717100
365.4856492790801,9041400
366.1248423491407,5802100
350.4642971465598,7982000
358.773974550428,5980400
350.60414137864325,5899700
329.1108559092456,8655200
320.0820940265267,9504100
339.4280495687511,6121100
347.5679291006794,4517200
343.76264818589726,5978200
342.04479237085013,5332200
347.26828476186193,4427000
345.7501679899492,4833900
352.9512486679466,5170500
340.316927426729,6459700
359.323295406842,17587900
367.3633013898019,6490700
357.7153031066646,6406200
370.53935122507,5052000
357.9250371555703,9261000
337.2107936072677,5984800
343.57289141401264,6568100
328.42170070998054,8335600
344.8612745385741,5974800
337.580321867749,4269400
350.5841399909251,2505500
347.7177312613303,4024800
378.41958244874706,7628500
384.77166768389367,5373600
402.0002606090774,6399900
397.35604093855414,5246600
399.5033450238701,5353200
388.72672933358473,5925100
388.4670913637411,5113000
397.25613538321494,6017900
397.10634473149423,3747500
392.51202736854077,5414900
399.37350089158514,5268100
405.6657120343601,4420800
411.9878148853977,6159600
415.4834826975592,5663400
385.52072274237497,10396200
383.3933692065124,5116400
385.0613139028812,7050000
388.96645951049965,4586500
386.6792815657304,5062300
403.88792727459423,6321100
420.4772653225129,7241200
425.8306100080117,7741800
422.58464508796305,8165200
438.7046141482086,8324000
436.25763418102804,9319400
435.36875853250467,7839400