4.805096451423156,33600
4.785644533143348,96800
4.698100951538878,94800
4.59596715647402,80800
4.6300102992238354,167200
4.698100620985078,115600
4.691290698645506,114400
4.772027132002513,66800
4.7895339293645405,132800
4.698102417487966,204000
4.715608469497606,450400
4.678648006224083,180000
4.672811715464239,71600
4.688375848254115,70800
4.749653490191074,83200
4.687400814106583,165200
4.688373058534421,257200
4.785644777121888,295600
4.8585937099721646,192800
4.910145573723539,174400
4.902362726004259,193200
5.017143660803704,103200
4.981153041556464,89600
4.974342909083906,132000
4.923763987646377,78000
4.946135418497319,64000
4.9461359017435145,107600
5.007416223310446,84400
5.030753394829047,80400
5.008206836020356,68000
5.07388691430039,201600
5.141521544754591,207200
5.087608456972034,98800
5.068985482409632,113600
5.0474214247021,125600
4.94056817043386,144000
4.879790599820548,173600
4.852341839309085,166000
4.989583989404301,144800
4.883712327795592,133600
4.966054285843253,187200
5.032713523335898,162800
5.0768255861232605,116400
5.094470278746062,116000
5.074864847090671,96400
5.16504950477839,109200
5.116035718829659,102800
5.033693813383894,114400
5.039576179655558,82400
5.07290564782882,116000
5.108192003241878,98800
5.084668421131609,171600
5.09839455714961,115200
5.097412550569812,92400
5.065062468735998,116000
4.9533115109108605,156800
4.9337066581436755,121600
4.8817529210267425,189600
4.8611653017490655,108000
4.883712059343845,102800
4.96997621181199,98400
5.042517358299168,107200
4.957232273981646,87600
5.04839705766231,110400
5.060160502350833,99200
5.111135356172735,134000
5.0983916696833855,109200
5.092511506830854,150400
5.077806675186615,136400
5.055259066242428,106000
4.996443207491029,174800
5.040556064941484,119600
4.995464032759133,120800
4.9993844558597615,93600
5.000365576847984,212400
4.940568133979341,98000
4.979780278648832,114000
4.973895809266605,178400
4.967036121417799,90800
4.969978435898875,114800
4.896454899561251,135600
4.928805790487975,125600
4.946450104639025,63200
4.97978104743096,93200
5.009187447792063,66800
5.087609946124588,236800
5.070942781600102,168000
5.202301223388171,732000
5.2562141270926865,384400
5.261117504526725,333600
5.234921360192847,244400
5.159711356533269,211200
5.096377850333881,175600
5.15179600633969,151200
5.203252792878887,179200
5.287369669457497,396400
5.315076640063243,112400
5.328932581955486,85600
5.300232757260234,150000
5.295285136994347,82800
5.269556045532227,113200
5.269555406359515,67200
5.42294121974319,243400
5.325961993005634,216800
5.323982663464645,147200
5.252733595448006,118200
5.442733039202721,150400
5.329921440308318,126600
5.2903361320495605,88800
5.2863748343229755,145000
5.276484106353816,107000
5.341795690036529,115000
5.292314556558247,87600
5.393255179045666,77800
5.393256237110332,197600
5.428878533914603,212400
5.5021093052890695,270200
5.56741926627463,152000
5.510027041761872,221200
5.5812766498238915,98800
5.561485186142999,171600
5.508045423239633,198600
5.638671546059003,166800
5.709923034264347,93200
5.727735554168599,89800
5.690129859463976,96200
5.640651355873319,380000
5.64460897644127,225000
5.755441432784985,212400
5.81481998285168,148200
5.812841115898857,343200
5.854401766747786,151800
5.872213525541964,128000
5.866276326409781,142400
5.737631236897133,220200
5.741589799550393,193400
5.642630893675909,160600
5.674295943936633,232600
5.612941611619283,178200
5.634711396200075,91600
5.660445005273819,205600
5.670339502743995,96400
5.60304536245756,151400
5.628776721897864,148400
5.656483874682321,159800
5.692110279034901,88600
5.92169511057453,333800
5.895964940135427,198200
5.899920633104549,175400
5.925652617966261,125400
5.87617409365376,214000
5.866275083055949,227000
5.798986587062691,209800
5.866633399010339,123800
5.828709437106007,106000
5.8766128127571635,185600
5.818724232456464,201000
5.663028500245873,123600
5.688976619072902,229000
5.61911193365744,87400
5.692968747660317,106000
5.7049446453532315,99000
5.728899087977859,89400
5.812738109917303,811000
5.820723750678944,756200
5.671012467407084,233000
5.752854178058931,902600
5.828702512343256,973000
5.900568071213794,241400
5.898570762475766,937800
6.084212273648189,1226200
6.062253022116855,1699200
5.9524670355344425,1419600
5.920528679062196,1949600
6.28781665739466,2001600
6.088202608282175,1815000
6.126131162514709,1256600
6.118145163830818,1391200
6.2339217321425116,344600
6.4974113919918075,317000
6.513378160736989,395000
6.439522820369946,212400
6.4435125367154695,333600
6.311771381970046,302800
6.4874291482502935,223800
6.463478607374419,161800
6.487431365009204,322800
6.351693644193757,410600
6.32774115627886,246200
6.407585251150354,189600
6.347700811123003,245800
6.231925885379209,270200
6.0183404685541975,582400
6.038299940977172,391200
6.048283273345586,125800
6.042293204185918,291800
6.108165909994237,496400
5.992388590193881,617800
5.848666667938232,358800
5.928514964239695,332200
5.816730223081032,356600
5.748861821423706,332600
5.838687754972916,407000
5.732892580359085,331400
5.796768098003767,299800
5.918532990032783,282200
5.974419979968896,262600
5.90456006054413,239800
6.014344417324642,170600
6.178029108411287,851400
6.12613121166727,290600
6.09618802711221,201000
6.193999247689261,406600
6.046285364647495,193200
6.2299265150699785,197000
6.036304399650082,181600
6.038300123371062,187200
6.237705038394351,455800
6.086796879986725,169200
6.076735204109122,188000
6.014357347969174,318000
6.040515630883871,127800
6.080759134189731,242800
6.080757655013276,142000
6.118991809420836,212400
6.145147827910459,323600
6.1874055536805495,419200
6.63812666015442,293600
6.567701976692455,306200
6.412767487425845,132400
6.4610572322906,170600
6.235694842066118,319600
6.2377050990051925,173200
6.257828024694883,136200
6.26990272861889,219600
6.314169326158556,135600
6.2598425133060625,244600
6.159231229612434,129800
6.207525772964922,133800
6.233682112253426,126800
6.261856260546112,124400
6.245758736326379,202400
6.298073605988519,134800
6.322217921514079,148200
6.267888687815558,127800
6.243744087749277,111600
6.290025210183317,381400
6.298074124406868,121800
6.372521494117723,85800
6.294050121453157,113200
6.356427613768925,109600
6.322216039995481,76200
6.290022927659671,276600
6.410755447333733,206200
6.338315229938946,153400
6.23368312679215,222200
6.175329624223648,183600
6.110939304823081,173800
6.2175861692543695,139800
6.223624479306479,133400
6.17734252118001,102800
6.2377062994880275,175800
6.129050689491567,215200
6.072714446706654,149800
6.145146970875969,106000
6.139109837129408,252400
6.267889111921775,465600
6.39465496226213,625400
6.402703081934343,884800
6.358438037511622,92000
6.390634621171286,152000
6.394657483733381,294000
6.394658712226208,371000
6.374533802967718,257600
6.3242323228531525,225200
6.382583356215994,184800
6.390633063527175,309000
6.374534875918675,346400
6.402703415711126,215000
6.40874183595982,329400
6.326574987577308,358600
6.257607768685625,275000
6.326577586569148,887600
6.101423919127468,501600
6.2880360117952,595400
6.304264494693001,370000
6.4016253521882165,123800
6.415825266393235,161800
6.381341008982992,170200
6.354973042620376,77600
6.395541170934415,327600
6.375254834602684,414000
6.36511464151173,419200
6.227184185304939,234000
6.338746971129038,727800
6.182558617799626,569400
6.150107383728027,345000
6.146050783609666,153800
6.105479809666138,126000
6.123734425420296,87600
6.1156206137523865,328600
6.210955578601084,122600
6.219072313027876,152800
6.312375524582637,207800
6.105480940334346,122800
6.04665637446668,266400
5.977691313416721,154200
5.98377708586855,138000
5.987833539869377,160800
5.9472652840087346,431400
5.841786976819483,125800
5.843816897663735,179200
5.918866243771211,451800
6.0101464970796865,298000
5.823530973196918,296800
5.7565957316129,213200
5.768765522105779,213800
5.807304029034987,123400
5.817447317983135,872000
5.847873847876301,160600
5.882355854759292,189400
5.914809671043247,147400
5.910754103670177,93800
5.902639917842624,160200
6.004057955269574,366400
6.026372281789334,520200
6.066937968673068,175200
6.022315619890913,546600
5.933065540068043,259600
5.961462962597195,99200
5.991887348333885,130800
6.042599628568957,121800
6.048681757178109,268600
6.032455072618077,118400
6.083166081097698,142800
6.115624866242594,222200
6.085192976941542,179800
6.085194737387309,119600
6.111567974090576,430200
6.121705892624736,222800
6.087225198333065,191200
6.1542132111276135,123600
6.031459399791107,173600
5.9434802346473266,504600
6.080558640353953,210000
6.080560727458369,157200
5.902562089833875,1062600
5.955755735117429,69600
5.963942863371078,114200
5.9946297678103875,120000
5.851413979576092,244200
5.871872762894922,1328800
6.096927305837467,824800
6.103068129069956,223600
6.383359698368452,1425200
6.467243558570676,933400
6.5163510767532395,608400
6.499979518727781,397600
6.35267100314222,525600
6.391542589492168,267600
6.137845129502951,412200
6.270832199028061,235800
6.2933378713915165,241400
6.240145118676649,299400
6.078515943558174,175600
6.088744051118419,502800
6.182856950133622,327000
6.1521675971731815,260000
6.168535564771656,160800
6.141937833454957,209800
6.066239820714125,166200
5.959847870532285,1399400
6.035550297379336,1493200
6.139891838012719,1349600
6.096929124147366,276200
6.154216584351998,1363600
6.268786203659372,320600
6.2319630189599176,61800
6.3117527391607045,1309000
6.338349820392951,252200
6.405865503631472,786000
6.444739542956713,727600
6.344487333893683,203600
6.412004755546271,718200
6.393589156952519,451200
6.3997267794939345,224400
6.37313139697135,464000
6.2933378713915165,172400
6.246283387763555,161600
6.240143161547003,187600
6.256510573183903,161400
6.311752487852933,129200
6.383360083142418,281200
6.414049769905567,254000
6.602274035077562,307200
6.516347464741084,234000
6.58795575582844,360600
6.52657506512803,243400
6.630921328793481,295000
6.624783763541208,396800
6.641149746580487,416200
6.649334712780025,157200
6.671840695972616,272600
6.680024453020086,224800
6.606369378172508,272000
6.703413370088596,226400
6.594131293093444,201600
6.517837777663351,178400
6.6126874882794455,237800
6.528150158006545,242800
6.536398412193641,231000
6.544643253185092,150600
6.581760490115111,129800
6.629183094759392,235200
6.752904750097366,189200
6.721974061367489,216000
6.703416655304859,309800
6.835378728998665,263600
6.845690486242394,175800
6.808572922489468,113200
6.794141691989051,155000
6.761151391139081,171600
6.752899895289236,315400
6.480724338723409,260600
6.524026798206708,133800
6.420927050268141,321400
6.4064950089696575,247200
6.484848109442025,161800
6.526086182008742,185200
6.557016856708593,282600
6.604442511324325,340400
6.688980168083934,239400
6.666300041337308,215000
6.583820833838988,188200
6.664238286063591,177600
6.557017094720562,236000
6.639495771896211,121600
6.629185681021685,205200
6.7425926488815255,203400
6.7054746681317665,191000
6.639493006876869,197000
6.629183113716244,160200
6.596192113459034,153600
6.620938704972876,232800
6.509592773242196,237200
6.462166942570859,74800
6.462167342904577,271800
6.38793901035915,365400
6.278654402049979,266000
6.379690170288086,301600
6.3714400970923615,146800
6.396183888970543,155000
6.412680467484242,146800
6.439484851396169,199800
6.583821773529053,148800
6.5673267829564805,162400
6.5776375081163785,155600
6.637432980935048,368400
6.71991023092493,184800
6.742593764937508,306200
6.7879531490901535,167400
6.8023890991443,296600
6.847752341274211,329000
6.907546823042153,392600
7.0993103858893924,369400
6.983840551686496,294800
7.074571900159468,225600
7.056009394130198,205800
7.187973338005268,233000
7.1776652201839966,456200
7.098510990005122,476800
7.0299542012551735,253000
6.984253787755155,304200
7.086047591266086,242600
7.110977877872569,349600
7.133827016970171,273400
7.140057016439304,237600
7.2626261711120605,208800
7.297942991326923,71800
7.337406327719272,266200
7.270933312068974,316400
7.383117021973548,284200
7.318718005064358,286000
7.329099976596282,374400
7.250163207805337,288200
7.356107777609792,180600
7.324951037614574,218800
7.374806324163087,202000
7.4579023469019745,290800
7.405967098866824,139000
7.312483485875017,206800
7.399728420565767,244400
7.318714379922266,362200
7.2293856256003215,243600
7.142135375969109,1555200
7.15044752198067,1269000
7.164992462406053,220000
7.146289048996899,193000
7.150445704012485,131600
7.075658979324677,67600
7.044497192533485,185200
7.088122976203782,167400
7.1172077978764365,134800
7.135903092763523,580200
7.198227730108202,364800
7.206533702356361,431600
7.036185441065328,178000
6.994638622648259,916400
6.938550685507375,513000
6.936473478411391,415200
6.965556448699284,255400
6.921933126428869,287600
6.828447727432804,356400
6.8180590409232895,261200
6.772355823724108,176800
6.761972567391365,218600
6.716269459870387,402400
6.741197926011659,245200
6.813905963543358,328800
6.764046649339898,161600
6.799363693592683,152600
6.768201255733799,108800
6.764048817477555,281800
6.732886025320223,183200
6.691338052108178,495200
6.6352487106516795,338400
6.668485588866145,354400
6.674718006128066,299800
6.641477494105731,229400
6.718346089173858,375200
6.786898286621959,297800
6.831365767672588,291400
6.8920970061334,169600
6.879531090446539,267000
6.854402624956157,131400
6.818800273883992,152200
6.854401101640219,103800
6.877436545873358,252400
6.822986018354693,180600
6.858590488815917,220600
6.8627745125108355,391000
6.676391352010823,398800
6.596811283376676,437000
6.649167301593916,436600
6.542360280868478,328800
6.561208591525649,301000
6.575869426837127,247200
6.569585716825766,341000
6.691053474960341,260000
6.768535588368955,164200
6.785291837278345,256800
6.655448826882755,225800
6.705709348678567,173400
6.636598210358756,344200
6.7999508304624925,226600
6.781102221782373,323800
6.925605188246949,255800
7.005185594147321,151000
7.009373490946773,154400
7.013561597164618,222000
6.900470480250808,434400
6.8690619038838765,418600
6.875342151748046,224000
6.942356789676905,407800
6.827171876182179,274600
6.852305268441163,145600
6.760159630754118,167800
6.8229862427847845,278200
6.795763969421387,210400
6.797855445917563,384800
6.747594705382442,246400
6.770630495632341,194000
6.825083381623419,124800
6.846022310624523,189000
6.846023377172945,225400
6.822985495445314,402400
6.866964456156348,212600
6.883718868867372,217600
6.9863375296331265,522800
7.0093724517030624,318600
7.00518363251429,268600
6.982149164375474,255600
6.97167887926804,128800
6.959110594308654,324400
6.9214171013545585,242600
6.957018785196991,262000
7.03869018800058,253000
7.063822781567766,332800
7.126650415814544,229200
7.097330074866874,183600
7.082670797003055,1301000
7.1245538860207684,362600
7.088445852187952,424600
7.137010054190463,278400
7.141233866037279,222200
7.213025120475222,735400
7.172904772274597,536200
7.179241037759002,223000
7.198245168176723,233200
7.265816105745646,713800
7.327051287249482,548600
7.305933128729635,423000
7.289042122988822,366000
7.295375748599836,292200
7.324937208960675,593200
7.521307587211703,416200
7.54031569089645,296200
7.565653743690269,469600
7.6078833440817615,595400
7.542422370252459,347800
7.356610523212041,744000
7.132788307335099,334000
7.221473714266066,226200
7.17924415967211,383000
7.088445198139561,747200
7.160235172224481,345600
7.196133681650221,394600
7.232028997115414,305600
7.210914215683131,354800
7.160236587449059,274000
7.126451420069553,333400
7.084222275236487,614600
7.016652919878303,482400
7.06944170749144,622200
6.987090546103696,687400
7.151787936435871,241000
7.113781894415896,227600
7.1264532330040415,124000
7.181350931572734,182200
7.179238597370863,471200
7.373502558854134,268400
7.356612747929139,192000
7.310158231686203,281200
7.299598384360941,296200
7.337603561167226,344200
7.441069366707081,225600
7.474858800724854,252200
7.434736209224115,233400
7.483302171264158,545200
7.67756316307379,276000
7.6965691328512955,247800
7.7092396062921615,255800
7.736688906901753,437400
7.749356102041547,354000
7.648001694952396,599400
7.466411414949073,660200
7.322822124961893,360600
7.419957272862563,693600
7.428403148522804,321000
7.504418490980686,424200
7.428403238612965,414000
7.337607414250543,336200
7.270038263990551,530400
7.257367852950575,941000
7.073663156967782,938800
7.360833059004027,703000
7.55766607560554,373000
7.238327429195873,539800
7.0360831143394496,400600
7.02543689061892,668600
7.091434578726121,607800
7.019049982176777,562800
7.00414765433204,252400
7.046726630379999,408600
7.038212293900174,384800
7.114852343225693,268400
7.119112014479833,249000
6.97221606988017,245600
6.9658291530472445,245800
7.036081357785654,201400
7.238328589502107,262600
7.197879011523936,330800
7.151043966458444,442200
7.221297841043422,198400
7.142526540599276,276400
7.168075663288719,215400
7.191491653321174,299000
7.319229253488523,199400
7.310709292722292,208800
7.3852222780272605,260800
7.459738404725646,209800
7.44483749624759,388000
7.613019659307815,823800
7.670499418913859,1010600
7.659855742541396,1245200
7.7662967264241844,398600
7.828037817073342,201800
7.77481780017605,353400
7.851456584748158,278800
7.825911568616644,247200
7.8152676734342315,229200
7.857843962882293,316200
7.8301682010672735,240400
7.891905447114795,243000
8.070733618111557,293200
8.189955711364746,188400
8.130345046196952,355600
8.149507871685335,188800
8.202726033376505,348800
8.26659510683827,439000
8.292146233861335,276800
8.20698633668685,205800
8.185695973844854,303600
8.283630106579462,432000
8.300660220608025,224000
8.068608098930932,329600
8.377297768772053,701000
8.28788713805984,318800
8.3453698179229,578800
8.492262236131678,562000
8.685995299385969,395200
8.788182302413736,488400
8.932952845822097,1110800
9.067069922910294,425000
9.228869919059683,431800
8.815861024443612,309600
9.269321438596698,312800
9.365121411485106,380800
9.062813020973055,858400
8.986177399454636,759400
8.72431633740598,304000
8.61141027424131,684000
8.435404583414115,654800
8.308767408393367,643600
8.13490821040927,626400
8.053342763105979,566400
7.860167740458824,625000
7.780750571554935,1372400
7.954608534936302,527200
7.832264866641961,1090400
7.815095564524752,833000
7.941729871851186,1053600
8.00182794127456,1359200
7.971783100998804,686200
8.074808589514538,679400
8.061932933271581,475000
7.984660061838984,476800
8.263695473109621,332200
8.179984607294463,292000
8.259398827357114,188200
8.263694222018414,316400
8.246518917218571,315000
8.117733913899318,397200
8.145640843255864,267200
8.11773612683289,430000
8.366718522234434,379800
8.319498710515477,329600
8.420381337735748,357200
8.467602729797363,261200
8.555602903293684,103200
8.536290475965059,535000
8.871128189142153,554800
8.729463577270508,508400
8.729465289895584,793600
8.669364157443136,1175600
8.692976107397202,610400
8.598535787205009,526000
8.484769588608966,683000
8.536287175699231,601400
8.564189579083388,740400
8.497652896245283,597000
8.416088212370378,482200
8.424672046450386,476600
8.38389171531807,408000
8.186425797310285,459400
8.218620824244026,585800
8.049053326912576,470800
7.6626968150283234,751400
7.862311840028295,892600
7.986805091677621,473200
8.195010135152915,725800
8.01900074037779,366000
8.300180955463222,509000
8.411795286566829,965200
8.218617339573047,1418000
8.61999743357074,697000
8.727316776549808,367600
8.684384263416584,688000
8.632873470586388,448000
8.454724213405957,844200
8.493357473073164,591000
8.424677881038697,576200
8.723024010965291,460000
8.872232725803324,376000
8.768362699849172,401000
8.731574567184888,301400
8.640684034579726,701200
8.647181347487628,832000
8.906855229885666,511800
8.740228445672091,607000
8.768364266922912,914400
8.85059119725427,793000
8.971774959817656,644800
8.999908174178847,725800
9.339649888885782,699400
8.976102557681724,748000
8.870071037423212,929000
8.965284979153516,910400
9.242268355481848,747000
9.043187501259071,512200
9.049677571665013,659400
9.095123611508782,680800
9.22279388538475,523800
9.047512425384726,1055800
9.086465164371935,825600
8.755378345941432,588600
8.820294680834163,693400
8.807313523731663,725400
8.246849354739863,683600
8.467574280856812,476600
8.614723335740612,698800
8.772690820618188,848600
8.863577237424396,1069600
8.999904004347059,783800
8.913347196307047,679200
8.902530628814677,349800
8.963121896795675,658600
9.010723218849868,534400
9.03669437894826,1033400
9.125417372935033,1055800
8.950133551704825,688200
9.05833225486317,590200
8.986925344157784,619600
8.898202810261594,262600
8.81813505647874,313600
8.982593293440027,380200
9.147057555931566,379400
9.103773516740613,291200
9.22279322923656,274600
9.173026775697133,368000
9.071319001975887,244000
9.049673829183547,261600
9.043183618255327,263600
9.105941893606776,444400
9.015052711808083,325800
9.140561902983427,271400
8.857085329339055,415600
8.87439518146057,293800
8.839772429862721,301200
8.909019984775965,353600
8.861409148146533,287800
9.08430083329531,420600
9.162201236146544,360600
9.287710056631523,579800
9.493287809087837,267200
9.545054092413597,297600
9.536335631982732,261400
9.601743734345636,331600
9.74781401559219,233400
9.638804801503007,188400
9.728196661476229,469600
10.00508388803614,285000
10.002908089888834,284200
9.904790679182122,351200
9.898251898191875,1053400
9.621361018815284,445400
9.887353298500932,403400
9.863368242721878,858800
9.636623159862056,519200
9.84592642393402,1694600
9.880810003045774,747200
9.81758270288464,627400
9.80232675033095,399400
9.736914409191888,597600
9.638809751936723,880000
9.507992885406741,444800
9.547235240600696,581800
9.35319493008235,443400
9.516709433013371,643600
9.531973284274754,398200
9.686770940973268,501000
9.885165540595827,709600
9.715114548549906,418000
9.732555437368731,794600
9.608280938948848,468200
9.588659155839451,441600
9.619182423191699,406600
9.856826947852664,633800
9.479647623773241,856800
9.311769297653457,299800
9.606101281305815,825600
9.357555148902568,511600
9.207120866024786,926800
8.938949619882687,699400
8.982555661860014,588200
8.947668140397644,464400
8.93240746863998,680000
9.156972990748987,879400
9.41860326888087,721200
9.191856264611713,654000
9.322675222762813,718800
9.191858061817324,616800
9.224559716664173,808400
9.244181532380795,682800
9.390257593368768,611200
9.318310181027492,665600
9.283424907705626,546600
9.263805433774223,420400
9.109009332117378,660200
9.272527902151056,833800
9.29650637629963,1273000
9.623544326234736,1187000
9.375000883653168,496400
9.222379450604233,952200
9.163511170727448,843400
9.15915510483777,648200
9.12863153952863,492600
9.039239798791886,521400
9.165688827516409,628800
9.02524895538558,946400
8.900052009638726,610600
9.001087292195846,472800
8.950570665418118,347600
8.908835000638176,535800
8.974728910304865,700000
9.11750018949168,445200
9.163623466805806,367800
9.18119565239903,404000
9.099930521779045,863800
9.181198731057025,546600
9.328359503440733,527600
9.211952209472656,669600
9.17021670130902,624000
9.06258374704437,815200
8.987911379737703,1122200
8.671618182716173,1011800
8.913233397023246,873000
8.616706577905175,1827800
8.201576957902496,1197400
8.188397801595649,1017000
8.15545281841497,966600
8.151057526831847,1599600
8.208168040881555,2379600
8.430008792441592,1870200
8.471744659911995,2495400
8.480527444759337,1680000
8.74630086051693,1369400
8.78363784914242,1597200
8.761674248423079,1393000
8.621098583232524,1627200
8.502494057905656,1487200
8.460761657900983,3086800
8.157645473153208,2174000
8.19279293367824,2082000
8.33556239638092,2448400
8.364112584745994,3554400
7.810609896662963,2730600
8.03684403106297,2200000
6.960575860023956,3249800
7.362530691055106,1903600
6.380710607989923,3797200
6.809023254666992,336600
7.663444124656869,3756200
6.907864670323744,3072600
6.380712628386919,3061000
6.369731048590835,2441200
6.8990773165363635,2025000
7.250510447135886,2025400
7.167047955708904,1723200
6.729950187622341,1841600
6.4136633644267205,1593200
6.536659605104086,1305800
6.503715952644135,1288000
6.855148620167895,1581800
7.347155788750109,1466000
7.577784354272053,1459800
7.654659296175607,1046200
7.913840887291585,1083600
8.091752553017509,1428200
7.819393186985745,1573000
7.705176826930757,1359400
7.573392500704862,1015000
7.3691192941296695,1084600
7.430862469462693,1237800
7.138499922801159,2466600
7.160647928069115,1896000
7.094200768696598,1293800
6.886004838900984,1906000
6.68223690778875,2065600
6.2547701155940985,2417200
6.0510030789320215,2960800
6.418666219802033,1824600
6.757540863162031,1803000
6.522768737580065,1633000
6.505048505269256,684000
6.677809133768997,2462000
6.719888868686992,2198400
6.369942713483613,2972400
6.6534436123636596,2327800
6.440816987019148,2399600
6.897077156675432,1577400
6.830634083274779,2001800
6.939161234418758,1552600
6.837278718157156,1503800
6.804055399937619,2191200
7.103063281000885,1650600
7.103061569416034,1697800
7.2891110871070435,1351200
7.278035900397952,1954800
7.122996546991379,1569000
7.271391403765965,1585200
7.173937177713818,1275800
7.160648082396638,493600
7.087557637619187,917400
7.151788443260843,1859600
7.025543138103972,1561200
7.129640829554267,1577600
7.209374270477625,1133000
7.3998514099527615,1247400
7.599192014366679,1183600
7.43307994312854,961600
7.326759790964226,1043000
7.466296735682074,824000
7.320117283395693,684400
7.154004290141835,1210800
7.072051531486761,935600
7.065408847278402,1411200
7.182796427638941,1566400
7.220448237590209,1887200
7.02111117691285,1609200
6.941376129367814,1705000
6.815130049239767,1319600
7.149574140234581,963000
7.193871874843722,1017400
7.379918626025697,956800
7.39542211863163,1387400
7.362197261778472,1549600
7.16950824048975,1007400
7.200514621385221,1966200
7.348911390483262,1588000
7.42421806807884,1133200
7.364414950348964,1690000
7.678924926868776,1182000
7.665634558512207,1296000
7.436075746087009,2004200
7.413731734662004,1324400
7.708672124602228,1223800
7.373511445931684,1448400
7.217104252791592,1127400
7.205932715770357,1214800
7.096447200655647,2124800
7.228277148928893,1790400
6.879713461769066,2353800
6.828320009708299,2402200
6.886414602448162,1447200
6.765755448092921,2044000
6.537849639093878,1612200
6.40601843942522,2254800
6.406017873578387,1969200
6.327817361360791,1187600
6.267485222880044,1670600
6.209393068449663,1242600
6.321111380812586,860200
6.4730500481579565,891400
6.403782610899212,728600
6.533379594022802,1039800
6.549022862751627,947600
6.638396928681307,1433400
7.0338845055468475,1242000
7.134430507754644,1267400
6.944508976005686,944200
7.0763373881119565,1294000
6.9981343235577365,1911600
6.893117773146397,2112800
6.823851029864157,2010200
6.779162005798917,1638400
6.368033266906304,1256800
6.390376150155282,1368800
6.3456908753084305,1584800
6.593708533020113,997200
6.607112958790532,1490200
6.613818580435774,1267000
6.524440269347731,976800
6.486455202102846,1087400
6.725538114625743,686600
6.631688663822847,780800
6.660740300652618,689800
6.589240693690122,775200
6.703190363983373,608400
6.685316423920693,639800
6.736707448959167,670800
6.53784727142635,600800
6.636157558959599,725400
6.660739099059564,761600
6.797038553690639,553200
6.810444355700684,503200
6.77916715622984,590800
6.750115110085286,597200
6.90429020178489,788200
6.93780684866209,590800
7.147842629470957,642400
7.328826369012401,573400
7.375747185508731,842200
7.4360756714392675,738000
7.234981375011789,927000
7.112088983254234,747600
7.3087161531344975,994400
7.175922522280754,1034200
7.065351120334306,1141800
7.112742286806189,729800
7.1149967909587675,595800
7.266184725449858,734200
7.376757941133585,825000
7.424151420593262,554200
7.507639606055537,697000
7.446712474713009,576200
7.681398194638837,1393800
7.679137847635519,936600
7.870948203549439,684000
8.022143174625102,591600
7.956702505310373,850600
7.977012645321163,547000
7.93638941504772,507600
8.051480328956382,729000
7.861922780270545,608600
8.006346893945663,622000
8.051478187104077,615200
8.024396843508866,992800
8.06501693881377,690200
8.026656247211813,825800
7.990547867031363,448000
7.737813851334224,861000
7.688166416391392,394600
7.676884005786707,611400
7.742325128845751,656400
7.4963590773083215,659200
7.586620282622365,586000
7.71299283303481,744800
7.868693271211703,561600
7.870952320491418,424600
7.904801566362895,582400
7.936394122760262,360600
7.87997760360966,323000
7.794227791711306,368800
7.710734945800371,785400
7.5031320558433645,920000
7.615954727087549,848400
7.661088265177353,353200
7.573079636830827,406800
7.751350994705686,351200
7.9228536619281895,514800
8.013115418375897,479200
8.162049862339607,928600
8.29518617720094,1054000
8.250057788346357,467400
8.137226862285969,460800
8.184616947694215,546400
8.268107692998248,543800
8.259078096383382,434800
8.220720769582034,574200
8.220719620560883,446600
8.265853140912421,453400
8.462175125836392,962200
8.814201050548267,521600
8.789379607052387,684400
8.839018628294284,631600
8.816453949814207,418800
8.787117079013582,509200
8.703628435018388,547400
8.536639552445871,449200
8.41027311768646,368400
8.607878091113452,319000
8.653403630820394,306600
8.425742867314879,450200
8.412087435496584,1172200
8.391598169388525,353800
8.54185211382588,239200
8.64885430494765,393800
8.72853430021,490800
8.728536000537572,510200
8.548679678279166,325200
8.466724970713726,338200
8.59421049328288,313800
8.396151345781162,398400
8.489492364840023,443000
8.368828033522506,403400
8.346062470296735,438800
8.400704299924577,270200
8.692106022470549,445000
8.60332234944192,311200
8.48721292072026,350800
8.507704081626448,326800
8.45534258961065,245400
8.651126812030743,344800
8.785450238035523,515000
8.696661524120751,422400
8.607874088792396,566400
8.562343569181317,489400
8.687554192818995,417600
8.64657616673907,549200
8.769514726215995,540400
8.671624030604471,394600
8.571448274173273,324600
8.680725911086487,518800
8.774064228686523,699600
8.871961035358332,461800
8.569169212457965,529200
8.525915339113228,437200
8.805941578038839,423600
8.85374776673402,396000
8.990343554821875,530400
9.129214332746939,735600
9.395582286706562,278200
9.347772075432118,565000
9.511689370890746,740800
9.400138117461971,487000
9.33639109621709,468200
9.365986775961938,595000
9.379649062999412,374800
9.252155578766107,429000
9.281753786155742,585800
9.199793721705547,423400
9.10872817808776,506000
8.947091652221909,607600
8.830984361504555,705800
8.81505106272043,657200
8.778623216759419,884000
8.801381898316766,751800
8.8218725381087,610200
9.058646276112428,720000
9.172476437161828,533800
9.122387591677917,486400
9.233948025997075,502600
9.254436414468906,574800
9.397859522009648,464600
9.382550644467681,321400
9.361883330295678,336000
9.529508722290783,326400
9.4606178797871,514800
9.655800252673702,570800
9.616767048276786,426600
9.412396196731649,446600
9.609874672368456,831600
9.593803471818806,433200
9.625948732207005,600800
9.653504827229359,210200
9.766023130704337,485400
10.112760611562782,918200
10.213792831352013,679400
9.81654063496183,634400
10.183943609973847,741000
9.935947934599529,595000
10.085202873275467,493000
10.14261151330157,516200
10.363048925590032,542200
10.457203022581215,573600
10.448016614447516,455800
10.443418581090516,268800
10.464089148049856,304800
10.48475840254895,557600
10.392903715366137,586000
10.429641288918395,614200
10.298758258685885,517600
10.360757447613416,497600
10.356164622291315,237800
10.434233665534562,247000
10.480161548543943,303400
10.48016142696889,172600
10.5949755438349,334400
10.767196980485737,718200
10.622528301454377,815000
10.7786746898223,1211200
10.516902032231252,829600
10.519197023616798,911200
10.63171627063684,1110200
10.392901240674068,536600
10.40897781812504,493800
10.386015194898325,513200
10.413567414347245,404200
10.45719921066434,559600
10.358461813446286,1190400
10.406684118754875,660200
10.330909594282156,625800
10.32172237039084,413400
10.085207886340806,584400
9.993357698738118,451400
10.135723689085438,431400
10.05535687256703,440400
9.98416819405383,485200
10.082908570031725,444600
10.188538408592189,488400
10.213796677910256,610800
10.181647798476208,876600
10.036981830311637,388400
10.048461242734053,434600
10.114528537078478,407800
10.146966173965422,1020600
10.165503678074202,799200
10.434299563079096,864000
10.401857190251208,999800
10.436620284582466,1436200
10.281365082708865,892800
10.316122519368168,534000
10.276735239860203,796800
10.12843274975911,317000
10.056595196540314,363200
10.209529102727904,369000
10.320757183691297,470800
10.552476005535254,368000
10.506134668757788,445800
10.540890973302465,774600
10.682243300217884,433200
10.77724373312249,362400
10.809684146915897,546600
10.876887112078764,404800
10.83285462731435,256800
10.983470614262895,381600
10.974206038367347,332400
11.066891233880039,283800
11.212873083960947,373200
11.21519623059431,417600
11.06225872039795,476000
10.93944712401944,275400
11.08079444003535,425200
11.208242736379006,248000
11.152629093558094,321400
11.07847670114783,352200
11.04603832374648,343800
11.083112865322079,339000
11.161900537221385,316000
11.16189540894335,230800
11.296292287963986,294200
11.27544106701122,177000
11.342636040288973,357800
11.261538047128726,338000
11.375081698356823,302800
11.446911549238171,243400
11.514111891937269,380800
11.553499698507974,316400
11.632289835192195,285200
11.558137410126461,617400
11.280076084293743,383200
11.555819172449473,627800
11.694851907558206,474000
11.555818239047932,377600
11.467770746643998,395600
11.715704953898687,740400
11.706432732494266,496400
11.49325796441474,701600
11.398254416102455,450000
11.3959310530441,604000
11.289345946362289,598000
11.087748804554634,973600
10.913960356913385,718400
10.772607421698112,1308800
10.591867301932815,1677000
11.409838533802565,743200
11.022865662384167,1039200
11.335885396316273,562800
11.291473146757454,435800
11.169935440483444,604600
10.93153461077995,778600
10.896476013229089,627000
10.569253437653764,864400
10.32851069606642,961000
10.1508800426898,1247800
10.407976938517749,389200
10.06907078213815,980400
10.251379433697812,916600
10.365904928038933,611800
10.489783814923689,1276400
10.482769552137535,1063800
10.39395653026522,1048400
10.784283797888534,1566600
10.835704072163221,1137200
10.716499804382126,865000
10.763252658417885,805600
10.95022801202792,906800
11.022686717607886,732000
11.011003938200155,654000
11.134880298443608,904000
11.200322032118205,441200
11.34289476764783,571600
11.347568672358348,1074400
11.356919602989874,692800
11.436387399843683,442600
11.375618202492626,730600
11.172275026251222,620600
11.032036433438874,622000
10.987626924726714,720600
11.137214946368436,734800
10.987630388082001,696800
10.683779772318905,820400
10.922185081371094,358800
10.78895593226206,613600
10.971266455277707,619600
11.00866282579234,615000
11.464439862812503,493600
11.499495342449489,375800
11.50884659997244,408800
11.637395828252725,516000
11.52754346948242,455600
11.518194789651231,435200
11.406002230704187,502800
11.363932930850066,378800
11.317184170965637,514800
11.686479312292516,525200
11.60700786840046,369400
11.672457504368463,352200
11.817369047068096,425800
11.712186157127885,490000
11.513518465794704,600600
11.293811894635647,2584400
11.02736067135602,2194600
11.485470272480654,359400
11.497159700103515,736200
11.772958465433176,829800
11.822044169859192,464200
11.789318485894745,384000
11.824381738830562,357400
11.550916965251417,497400
11.521557973286425,393400
11.231692471003269,511400
11.410794696896524,359000
11.443789657930893,408800
11.493278667014685,584600
11.688879086100226,484400
11.712444509177335,453600
11.538054257748293,342600
11.66530898047735,353400
11.493276738566252,515800
11.596972258495905,612200
11.721871571399202,366400
11.644097624344528,586600
11.877409476098727,440200
11.665314084920452,630800
11.863268312808703,502200
12.03530378291569,570000
12.167273723931775,458200
12.068295753048977,365000
12.082437188284507,358000
12.14370751443054,299400
11.622888995407516,785200
11.999953181436535,867400
11.830274350914747,622200
11.898614621268592,467800
11.936325018317353,343000
11.926899813458277,648600
11.773715044870373,732400
11.806712227883924,598400
11.858557362492569,412600
11.780787698873826,538400
11.856198425046665,564800
12.01880224819841,438200
11.936323296604678,456000
12.12249884007292,359800
12.280390134822674,868200
12.367587801001863,656400
12.452427238218792,537200
12.55847276731329,677600
12.721082358999292,422600
12.688082350036927,458600
12.681020416339138,275000
12.779998440052154,178800
12.761142362332992,409600
12.86719065167448,343800
12.848341865451793,390400
12.801210135217211,453000
12.777641993497712,410600
12.711655956027256,588600
12.744645497653973,383800
12.841270796852879,428400
12.902541034764253,253000
12.855408712858015,304600
12.79413795435921,450000
12.739932142504815,424000
12.841267908552005,250200
12.84598342190326,313200
13.093429795847229,463600
13.126421577542981,316000
13.072217667580356,409800
13.241894527348238,490800
13.326742178564226,435600
13.22540095692872,383800
13.305525668985304,434800
13.20541353866713,732400
13.032066415480129,466600
12.925202028964971,619600
12.906207580863505,395800
12.963198843432357,515800
12.842091043086496,283400
13.048688597190816,454800
13.17691803123264,519000
13.293279328078029,394000
13.226784725137557,455000
13.333644972157618,224600
13.169792927857111,233000
13.186413109224214,299200
13.110430880899221,485800
13.35501475443343,580200
13.606726938331487,741200
13.54261117375546,486600
13.447629976152104,374800
13.476126045187518,601400
13.307525992062116,505200
13.219656649830041,613600
13.058186187839164,772200
13.0178149285584,374000
13.165046470002629,580200
13.10805399060589,506000
13.191166093521371,411800
13.065311537813184,713200
13.010686155190347,441600
12.970321774611971,522800
13.119924859309275,202800
13.108057313350905,194000
13.184040122356912,125800
13.18403982644797,150000
13.362137272504444,274600
13.366887148370184,329000
13.416754337628564,316400
13.476123000850702,231000
13.51412366102547,529600
13.257655833154677,570600
13.198293764136048,544600
13.098550010335519,462400
13.122300341173906,815000
13.15316827189834,469000
13.364517203759371,311400
13.286150502309289,273400
13.274280595708209,479200
13.400131151078684,295000
13.376387169729862,307000
13.153173364624505,533000
13.231534346537437,563000
13.300400678748524,342600
13.404881999511163,485600
13.435750917651145,471200
13.585359031071427,517800
13.689843646846699,647200
13.663724532967233,668200
13.81807155319195,593400
14.081658938258768,1399600
14.027041148950428,904600
13.896432939105104,447400
13.863193111076184,267400
13.851318273160631,576800
13.789574657478108,413400
13.715964659087312,608600
13.752065325985095,535400
13.900556336736198,435400
13.922109891629573,348600
13.97719682930354,278200
13.98677715507309,366600
13.950851849241387,376000
13.910133175215668,697200
13.826318878166413,733200
13.926904205876435,574800
14.015517910950669,552400
14.207113380589606,439600
14.334047728401503,568600
14.312493379034912,447600
14.367577670400856,385200
14.410687330055291,322200
14.415474332290547,496600
14.302915184598302,414800
14.21669762885402,454000
14.068211677863763,603000
13.864624911049617,647000
14.113707498389024,448400
13.838283640156607,584400
13.965220585253155,687400
14.104131448702164,431400
14.065816860016612,501200
14.204722700150901,743000
14.360392421628374,716000
14.501697944425315,448000
14.482538405169526,806800
14.609474028483241,1432400
14.638211566212386,673400
14.434640769144744,711800
14.731620611314678,1037400
14.74120137411351,656600
14.832214001332398,617800
14.985487499536907,446200
15.07649919525404,426200
15.100448425127325,459800
15.05254616908626,487200
15.033393752066134,457600
15.01183630303646,639200
14.848973890970164,692000
14.841791991523966,758600
14.856160585442044,378800
14.990275675895912,310200
14.942376596693776,533200
14.983088429065514,576000
15.325578941740298,477400
15.471670444626255,366200
15.366294120367446,350800
15.47167494590147,427600
15.541125734414301,679600
15.610584239958694,562200
15.40701736264095,848000
15.617767310883817,704400
15.715963112148435,763800
15.526756436224508,652400
15.217802845619438,668400
15.361502849115535,942400
15.076501161624627,685400
15.222594853353906,546600
15.414930339095028,718200
15.069700199943536,952000
15.079355697307141,1480200
15.120397314891504,1004200
14.997273175988434,766600
15.183162622109641,700400
15.494605736846701,612400
15.562204850262948,916200
15.369064860068978,447400
15.588757238963092,795400
15.487361734731603,563400
15.666014259548987,478200
15.76258909852369,730600
15.960553192280209,1599400
16.160934822672026,800600
15.731202907787408,1783300
15.359404438096963,837200
15.547718674631925,1030600
15.335263940187351,2100700
15.161434625922858,1069100
15.219380612350733,808400
15.03589944485561,894300
14.977959654384538,669700
15.209716985305382,628700
15.238695636551068,748800
15.026240716673987,555700
14.915188574074799,696300
14.886215116255144,459400
15.161440001077372,476300
15.180752969480823,407800
15.021414545622289,498800
15.127638755290866,376300
14.895865529274941,443100
15.1614378133332,611700
15.605656809793954,694500
15.620147063070336,743200
15.63462972681945,278000
15.93400216177806,538000
15.876056922908276,289500
15.91468316321583,522500
15.832600168896198,364200
15.736028266580696,477100
15.567034366091976,374200
15.71188771264568,383200
15.765003900348416,336600
15.673255407209655,560300
15.668425279077844,369200
15.774655516014036,436200
15.784313093301622,229500
15.876058429357219,373400
15.991946774929492,288900
15.958139878369959,335200
16.136794426093232,499500
15.798800754541354,672500
15.600833953534648,539600
15.644285719363555,782400
16.151281132199124,372800
15.895366605040454,938300
15.678087900670947,792800
15.180751816419876,1263700
14.862077184124042,1398900
14.002598564455937,1127800
13.906035338779876,1403600
14.65927795091477,1121100
14.630380536677608,846500
15.47753408239828,703300
15.691753798579647,633200
15.521349157967585,644900
15.565168020201288,439400
15.277919079664413,727300
14.898154401575553,691500
15.48240156787284,740200
15.131857701836566,619400
15.482400763130029,862400
15.823210265285285,531500
15.623594821023659,720300
15.837815670165323,540200
15.779392519973939,518600
15.90597722424444,504200
16.08124108619715,482400
15.876760667433391,673500
15.506745396746757,566300
15.983874658091976,329300
15.90110410879867,388700
15.9303198045307,569200
15.360685332052114,682600
15.555429636969079,498700
15.516478997917826,586400
15.686885705446945,651900
15.720964795774911,783600
15.336346261671569,910700
15.51160776875209,591700
15.545688518256659,644500
15.292520216900904,1117400
14.781314489372605,589900
14.88841845358042,536600
15.545692906536493,553800
15.52622386711167,485900
15.68201714947622,574000
15.346079500235648,763900
15.321732726551646,985600
14.85434026141845,1500000
15.41911024862206,797100
15.136722776012704,559500
15.74044581809471,497100
15.847551806672003,311300
15.944931220914947,395600
16.363628055054406,678300
16.125064393457215,589000
16.363634368675786,618800
16.38798210310767,463800
16.42205548623104,977700
16.80668050342876,807900
16.563247483788782,666000
17.045244525063026,753500
17.054977160355214,701000
16.899187092788768,581300
16.904058228671605,582100
17.351971724041604,955000
16.90405289537994,1029700
16.894319225419427,681200
16.5242948529522,764300
16.51943119084865,657000
16.538900251391688,635200
16.84563286243059,472300
16.86997941423383,666500
17.006299095588542,654300
16.77746958338544,494000
16.851459682274466,798300
16.79262458256824,522400
16.920104488718994,387400
16.80733049889843,391300
16.547474912383265,763000
16.925011134736085,1159700
17.22408803386094,1063700
17.12602445597844,833000
17.08679907058722,721300
16.773004988837197,666800
16.35135700017842,464500
16.6210192315487,594200
16.655341152597003,957800
17.449622888108575,814600
17.282919923139637,692900
17.410404312271307,706500
17.14564534540098,598900
16.925003342698094,424900
16.954424952180904,826900
17.34666110916006,859300
17.336856548156938,1037600
17.567298085428956,749000
17.547678228127012,1063200
17.101519282249328,858500
17.209371430627293,490700
17.150535759256893,782000
17.17505628415036,660900
17.425107101937602,843700
17.709483816273917,726200
17.871275873212895,767800
18.234092718251535,529200
18.047778381152145,292200
18.327251181086197,707700
17.998747391185297,669900
18.136035737774993,659400
18.53316836782213,920000
18.23409870508742,1135000
18.09680276440855,887200
18.263509910754937,672900
18.12622983584321,471800
18.10171239171785,462700
17.974239948602765,592800
17.64573961303486,858300
17.155442010581535,866500
17.493753001587134,561700
17.4447215410139,617700
17.812438133080413,298500
17.74869794544187,700900
17.86146748819682,394500
17.797730941847142,383600
17.709472287194178,531000
18.288022134097655,367200
17.974235699139072,684800
18.11152004309014,406100
18.36157163724961,541100
18.533174250761267,694500
18.645943678356396,616600
18.773414037612778,454500
18.876380505394042,300700
18.871475374226055,501800
19.14603943274566,576100
19.26371375613114,327000
19.15094367079954,390900
19.21642209817413,535800
19.0485102533488,680900
19.423844413586593,498800
19.16703675297734,515900
19.2460532272885,1561200
18.781816423162038,736800
19.117641048529766,497700
19.078144578552532,591800
19.206550308868383,532300
18.910222343479045,581300
19.255922450362444,506800
19.19666707463672,1128200
19.112709930750384,599800
19.181848977884158,448800
18.717607889587747,659900
18.82132586075236,760100
18.608963888976017,773100
18.910224339110172,408300
19.12752331961208,488600
19.147277440797623,415400
19.295438315118908,378200
19.359636253608986,482900
18.95467474079631,434500
19.11271509021978,428800
18.89046647592185,623300
18.905284947960556,603300
18.37684413582708,1350800
18.297823164395748,813500
18.747249603271484,526600
18.76699501487544,732200
19.078144073486328,365000
19.09295228977841,772900
19.285559927108952,1291100
19.241114389978407,473300
19.23617432350254,444700
19.448538716754275,507600
19.33494760767537,646100
19.41891012034818,437700
19.359639086299882,575900
19.389278875176082,879600
18.939857231389972,464900
19.171968815496502,442500
19.15221697590509,365000
19.137399261352037,321300
19.25592694498567,656400
19.39915429499278,480600
19.28063221793577,355800
19.591757291513616,588200
19.567074237397758,638100
19.680657296633544,429400
19.700412073384182,464100
20.016490395677756,354900
20.278237124039613,467200
20.26835921254914,657100
20.72765669552921,640700
20.54492563460637,723800
20.53011549662992,543600
20.07576536007024,898300
19.784372698971204,646800
19.779432362939637,736600
19.28556919305155,897300
19.695479134089652,714100
19.993144989013672,497200
19.75442303775494,558700
19.913575756507605,472400
19.759399856694284,473800
19.729553200083036,579100
19.76934549954772,751700
19.684796191274845,419500
19.734531766731227,810400
19.85886573791504,587000
19.834002032776926,476900
19.739505283203044,397300
19.744476696783792,465200
19.72457759361886,447700
19.645014680247492,687600
18.9288387298584,1121600
18.894026119121452,707100
18.81444783585862,618400
18.908945193090947,928200
19.207346314859823,451800
18.908942128168338,840300
18.968626022338867,1167700
19.013388279363106,458200
19.053171348182207,344800
19.192440786699308,396600
19.12280045500219,686600
19.087993461858808,644600
19.07803649433015,581300
19.540570032840485,783800
19.6549550585168,802500
19.416233977997514,490300
19.24216062372405,622200
19.39633218984158,514000
19.31676513831354,371500
19.237189684418393,420900
19.848918787542026,438500
19.868809584065534,296900
20.102564178319906,688700
19.883733195976397,764900
19.59030194097741,429000
19.61019368714273,490100
19.669873434155793,401500
19.470944759563878,537700
19.744485180597316,329300
19.953358681208478,450400
19.843948727636338,465100
20.092616176330438,760800
20.092617649661456,495100
20.226894542243105,507800
20.16224215004798,552500
19.88373934592807,533400
20.077695544930144,407900
20.19705169958814,487300
20.63968857600333,542000
20.778945998776955,781300
20.764028793880104,854000
20.619804207152068,832700
20.306477540740563,801400
19.90860469663097,796000
19.814106605549345,652300
19.82902330887714,316100
19.978225028043695,524200
19.943413010491696,784900
19.575379290851455,610200
19.69474191461871,833500
19.89035928624697,718800
19.820232986635208,472900
19.850288939218924,1359800
19.935437478541147,802300
19.910393968462433,442300
19.940437320642804,230800
19.980519668825092,389500
19.830250332033636,418400
19.995545770829434,402200
19.910393968462433,348000
20.040618322862656,427400
19.935439645970067,581000
19.64492023642683,411100
19.790171991098376,388300
19.679985640579243,479500
19.54974431884999,641800
19.32935328853116,467700
19.559764785887154,574900
19.8152230327061,586600
19.840269869556266,332600
19.710034689405134,534600
19.735080087534477,263600
19.760122225053717,420700
20.085703702953023,1065800
19.785166374542428,550800
19.890349083185278,590600
19.825243091201155,502400
19.539726887081372,377700
19.599835723685118,400100
19.454580280539606,383600
19.55976861975181,473600
19.614869349050814,623700
19.7851626119836,601300
19.61486182624705,650500
19.654939625169273,414700
19.735080682448412,517600
19.79018512863175,667100
20.24097750177313,1154500
20.651707983069873,832300
20.616648957468307,344200
20.726841101631987,1219700
20.37622211929332,580700
20.225954159271264,439200
20.03562234306244,532600
20.01557411580278,484400
20.100725787148708,404700
20.235970120596708,405500
20.361195333987766,690200
20.20592329059035,587400
19.90037221822865,341300
19.765135521329153,501200
19.74509627912759,397200
19.77014484108715,287300
19.695008550233215,605200
19.825245470711163,550300
19.990529995926533,367200
20.11575836337241,424800
20.0005530977631,697600
20.14581165676081,597100
20.21092889102482,749900
19.900372321614498,484700
19.68999671936035,458100
19.740083079007555,434600
19.620709300890198,343500
19.58034250863799,422800
19.338167903080315,630300
19.28772094632672,722400
19.68629360813172,522600
19.55007195816828,675600
19.509707940860963,392600
19.787196402969418,252900
19.87800541788035,904900
19.983954558593915,428200
20.009190131700997,663800
20.337112320688092,387100
20.321980110491918,1024200
20.432974989343812,730200
20.251349560329555,504200
20.200900573408003,463100
20.38251960460608,346900
20.569197376045228,1502500
21.25533940618981,553000
21.265438547865152,421400
21.497504668349265,762700
21.57823562238755,936600
21.421825659436024,743300
21.49750677805492,467000
21.65390555434642,2211100
21.739679448410545,1087600
21.689226278114468,663400
21.61354637145996,387700
21.62363743842342,241300
21.658951224505696,220600
21.51769019960782,341500
21.527775507132034,418400
21.537871748233968,565200
22.22401315603593,608000
22.10292788661395,584400
22.012116451835194,424900
21.986892368185703,2334400
21.971764996937598,695600
22.097897123952148,634200
22.042387194013557,544700
22.380417367272685,652300
22.56709217781093,638500
22.461142422318535,508200
22.45609579784784,442000
22.42077969522347,473600
22.40059354671174,464400
22.385460823801207,851000
22.284553847507674,748400
22.057532064940354,746400
22.133205283056977,716600
22.198786071234863,1535600
22.400596984610583,491000
22.415732593544593,454600
22.224016759329896,754500
22.218976245793282,364300
22.385463946867144,499300
22.49645722470407,966300
22.45105443957224,449000
22.587271926987047,1353000
22.456088306250493,627700
22.37537015116139,393500
22.435909642618565,573400
22.505785966003135,336400
22.363498834487594,616600
22.231381761496667,759000
22.317772272148982,536400
22.46513350535465,731800
22.368587184767378,673400
22.129757379913304,448400
22.30252535136251,537400
22.200892831243106,560100
22.099267544392703,854300
22.541354811854145,686200
22.587084396874967,739500
22.673468790904813,717400
22.998684629178523,947600
22.749700924653666,702700
22.82082898349153,601900
22.922470484713507,565900
22.66838501618087,452200
22.851326629796155,373600
22.805590710814705,586700
22.749695058103132,828500
22.94279067320556,1157500
23.04441744687137,859000
23.039342077371966,700800
23.298491374166932,603500
23.34931274387806,1257700
23.207026228170225,806600
23.41028459493325,676700
23.35947155236837,822200
23.54240435395032,801800
23.511914960194343,946200
23.654196072393745,757600
23.71516602980749,767700
23.99464729483006,959500
23.35438902919203,1001600
22.85640036455425,3875900
22.57184965204892,741400
22.8513218958474,659100
23.15113109950899,620000
23.176530546223297,879100
23.18669971143712,1083500
23.151128686312024,1066300
22.876735420559005,1056100
23.090147548006144,980400
23.07999371515208,715900
22.932627127553214,1176400
22.90213434449752,573600
23.049499426677606,508600
23.06474320876343,481800
23.268006099248932,552600
23.242592607640123,574400
23.420443824282543,1006800
23.67960384086333,1444800
24.46722431099858,984900
23.75073871490646,481800
23.83711544804516,431700
23.969231886063685,530100
23.91843141886712,520500
24.136937525960462,674000
24.121685545461197,786300
23.715169674461233,507200
23.95570216112174,421000
23.546478065874336,505300
23.802239663814063,972800
23.899437299373087,437900
23.73062135755529,701400
23.950587457267535,185800
23.930121734525493,669000
24.334244063908873,602300
23.84827622307454,497200
23.761305734798704,354300
23.827823481164913,1011300
22.9274941663344,1867100
22.69729367060007,1182100
22.31363660464809,2352000
22.16529337040435,1308000
22.1243661266898,1170300
22.047633964088938,1061800
21.909516974832908,1232800
21.873710648530803,1169500
21.90951650679915,1037700
22.27271886568628,758400
22.26248835642584,1091600
21.950444094071592,1042600
22.359673415475413,1399300
22.610342025756832,532600
22.71775862495739,782000
22.881458253061577,1102000
21.914631592521506,1940900
21.387747402761292,2359600
20.922246556024405,2224300
20.87618923368885,1792500
21.628173377259213,1704100
21.663979325364682,817700
21.444011627984658,870700
21.67420373840704,426300
21.47982339893422,1487900
21.643511907902266,831200
21.582128042118534,1568100
21.50540116774683,832400
21.750933769109604,785800
22.05274813459993,559200
22.34433646300575,1310200
22.564292276007663,757100
22.671725668481763,362400
22.63590849415385,633000
22.651247796643847,1183600
22.89168647521968,1393600
22.881461879773056,686800
22.999114133927026,1114600
23.234421006834502,888500
23.254887955816937,1243600
22.953076243815108,563500
23.03491537554119,843400
22.804729502169398,509100
22.917263648958603,636200
22.814960513353377,930500
22.912142698868436,928700
22.83030346876996,558200
22.799609444905176,303900
22.60521972134671,926900
22.221563941687403,590600
22.088557373540507,1231600
22.139716636154976,850200
21.981136184087003,1561800
21.984146400969358,936700
21.721392930430024,1083200
21.613203793101416,1005500
21.54107249366454,528700
21.736847932444515,831000
21.231937449403073,527600
21.324680496352986,1785300
21.34528637599556,1394800
21.06192171880919,812700
21.134048446292436,989300
20.835227233092834,623200
20.850684069653436,810200
20.855842505363615,604100
21.097986221313477,1062700
21.43802723174347,849100
20.974332184980153,615200
21.082531930193788,827800
21.432873296901736,640900
21.541068431920177,629600
21.510156151253927,971100
21.525610350547403,783400
21.18041721069894,763200
21.170117520267368,1115000
21.164962423175368,783600
21.231943772100326,675600
21.314380684781064,666000
21.57198278851558,505600
21.84504873152708,726100
21.71625415534869,384400
21.654418102742127,518400
21.7523088012673,1228300
21.474087665652437,873900
21.474091100709177,431600
21.386504089448326,1089100
21.515316661918746,1402800
21.12374699651646,1713400
21.23709377923503,1257500
21.02585813404549,913000
20.860987150763794,1559900
21.072223966155157,772000
20.98464303607174,1484800
21.06707615671643,589100
21.27316236830163,407100
21.268012741688874,438300
21.319537633695575,667700
21.190729881049794,452600
21.3401344943864,932600
21.53077040337136,731300
21.675026376518467,843500
21.906870688087334,452100
21.850202189930293,722800
21.762611586844567,672300
21.922332660590204,614800
21.88626480102539,467200
21.93262500749599,637300
21.994459946469807,586700
22.128405641234856,1713600
22.375719970399174,671700
22.334497687356226,925000
22.365417102791774,1455600
22.452993047233544,1179800
23.07639811623906,817900
22.617871662830268,619600
22.54574410769949,323900
22.483906796171382,401600
22.530669239604638,493300
22.292030345983925,739500
22.385408537563777,451800
22.509920143097837,504700
22.209030923862905,653200
21.84587362209929,1113100
21.809572421505507,600600
21.742118390038065,411700
21.757682200323764,453600
22.079337211393437,735100
21.97039133385,1020700
21.295979287939304,266900
21.285595507060997,905600
21.207780315579935,1340000
21.140334494319962,1539300
21.06252135259006,1763700
21.145532184277045,1030700
21.45679473876953,973700
21.373788839599584,720600
21.461981176964642,1051100
21.135149810691868,872400
21.399726690960392,1023600
21.52942731512122,1323000
21.544983541430128,693500
21.45679398218907,1135100
21.747310329379978,699400
22.094895270401672,963200
22.25572002614933,766600
22.406164056423613,440000
22.509924490672272,452500
22.432105642694477,990700
22.3387138573973,586300
22.530674533562397,535700
22.603309758897026,626900
22.504734563327947,664900
22.41134728294952,631800
22.162332555015908,1462000
22.172721424345635,1887000
22.323160762126808,3321900
22.49435210957305,1302900
22.43210575569753,1218700
22.312785105973877,843000
22.110461640088072,745300
22.048203208038174,672100
22.14676845474078,600900
22.13121456006594,915200
22.18827913938362,773900
21.996327198695408,869500
21.98075584465561,1043200
21.835505054016966,1312800
21.6746796632219,849400
21.617624850651406,1306900
21.60204540941373,920300
21.415294098179192,922000
22.00151387532174,839400
21.685066021267776,610400
21.44642182664154,1297900
21.456796491102683,610300
21.799193171001416,431800
21.892573974919067,487400
21.825126938168182,596200
22.11538847135935,660900
22.235606385825772,960900
22.39241516021816,817000
22.711267644911548,1022500
22.55967750485788,1319500
22.246062747122792,1131100
22.334920590431665,841200
22.4969560443482,615000
22.439459094901267,508600
22.4028728077514,691800
22.14674588804618,847400
22.084022448893073,722200
21.93766938969764,606600
22.266965825985306,1253100
23.009198927624062,845400
23.1607819691106,1090400
23.030103953112214,630800
22.868073980804116,650000
23.01965135765026,815900
22.941249059516515,672300
23.354183964664365,1162600
23.009196983454952,969100
23.15555152990175,654200
23.31236233707602,978600
23.34894802523639,986000
23.030105349266574,597800
23.145091640200476,903000
23.312360464301776,454400
23.443033457140558,499800
23.333268995112846,491700
23.437810534766207,566500
23.5266681360735,548000
23.709621267527634,441100
23.761881645914475,864500
24.232318658629783,980400
24.336857792602608,812900
24.117324829101562,735400
24.028465270996097,593100
24.106868044243157,546100
24.336852610769586,644600
24.42048647523096,842600
24.315938902867693,494800
24.410038447883366,733200
24.096408703317646,1493500
24.19572568409061,821900
24.540710473503964,1061000
24.410030111005362,720300
24.629562362323007,611400
24.566844902215326,450200
24.692293280748736,486600
24.62956956373956,635500
24.870000858558075,536800
24.990226265746863,540600
25.204532541773172,998800
25.225444285373012,828800
25.371797707150847,527900
25.298625931223484,589300
25.403160008811387,557400
25.47634474131794,943000
25.59132994534345,554300
25.28293837908329,547600
25.20975894784326,900600
25.289670126749634,830200
25.063400420133778,573100
25.142334291591318,794700
25.147596807046625,656500
25.210745028580135,220500
25.00551636033159,314200
25.12654967144382,431300
25.44753969822701,330200
25.437011723109844,360600
25.237058065783458,512800
25.184431334143085,734900
25.21600534150835,1256400
24.8792251339852,1011000
24.895011912017633,454200
24.97921530427262,623300
24.937113716992613,1124800
24.910796055153323,626900
24.905540434492337,1078000
24.658216260878156,1363900
24.468794328307926,534000
24.500360344616674,849200
24.542451858666,719100
24.563510423558256,540100
24.821351540614536,434000
25.07919529868764,423100
25.337039081548774,867500
24.668746041039682,2512300
24.858187576596766,1045800
24.91606462652315,479600
24.773990176453626,504100
24.826616583973507,716900
24.90027839955498,706600
24.737155903569235,655800
24.87923623178399,586300
25.026567904792582,608800
25.02656860765552,628800
25.105512913517707,348100
25.005520736424288,649500
24.81608536116754,709100
24.768724318871573,627700
24.90553681238617,876400
24.984464003221774,427400
24.805561827309607,577400
24.968687500889423,405700
25.031825246120864,681000
25.273890570244077,1108800
25.62644357276837,668200
25.73169149944709,520200
25.77905157605724,1055200
26.11583212838789,973500
26.589416664521664,1041300
26.86304328541498,865600
26.805166121051965,733000
26.82621903303177,845500
26.652558035348395,697100
26.41576977443195,1519900
25.652756387433765,1238300
26.036893579925238,642100
25.947448040570297,1173000
25.647496316919767,968900
25.789574702130697,538100
25.42649049089988,541000
25.821144708746907,1015300
25.758004985098005,489700
26.006776570002778,444200
26.065041136406975,438900
26.144485939420743,1002900
26.245124791006038,527900
26.16567900305126,665000
26.34576287648915,762900
26.753611786611486,1278200
26.600009169351445,1804000
26.467581228132804,1127100
26.441107091460786,546000
26.488760969523263,883200
26.71123207247401,760000
26.594701627765055,974000
26.35635036660071,786500
26.621184111051065,844700
26.938991215053143,783500
26.76950614869307,975400
26.748315811157227,874800
26.674147481066505,1161700
27.108475645124624,698100
26.87543652397553,581100
26.70063734198131,845300
26.34046590823359,700700
26.165671926275454,561600
26.705940340756836,1193700
26.229238819177354,1342400
26.79597577923023,1663900
27.071410716983944,1048600
26.478179086107133,814100
26.282199244091778,1181300
25.974987500023257,1988800
25.254639769241788,811900
25.424149467870258,1093400
25.402951050173957,1986800
25.33939397976594,1987600
25.164596012977803,2058700
24.78323830831399,1725100
24.862687845462734,957700
24.767342267605176,801800
24.58725357055664,983300
24.55548896845314,1712000
24.07348067126886,1603800
23.72919415508818,1090100
23.151853911485027,1516900
22.648669445706062,1638200
22.94528525048402,1837500
24.068184178623913,1356400
23.935757718882183,1014700
24.433652685516233,891100
24.534298815697873,1384200
24.232379386522915,1117100
24.762056586251674,815600
24.6720182744545,580000
24.815017696030253,967500
25.387062374966,1135500
25.0162892232756,883200
24.973927241985425,1136600
25.04277395052935,1386100
24.783235793390485,1421200
24.40187138368719,1052700
24.137050375491338,1076900
24.036403032846,1148000
24.677310790949527,899600
24.062890135571234,1187400
24.385335239133074,1070600
24.465334878179224,1086100
24.31069134160687,548400
24.060063136045937,1099300
24.182709291662658,869100
24.390674780381232,1188900
24.5186505747981,813700
25.019896950154017,682700
24.81727190859256,743600
24.881272275665985,1154600
25.099891138795847,1303300
24.69463373195605,716800
24.619966020433036,1343200
24.380013103852562,1219400
24.726623200345195,1149800
29.259216826130558,7128700
27.48883662214363,2655800
26.795611132156793,2520300
26.043738126688275,2135100
26.059737842285593,2158400
25.44117705112083,1194000
25.382516530609422,1073500
25.030566443505773,1055300
24.8012818416857,1202000
25.05190556789128,1585500
25.963746864273123,962200
25.94775174076798,1580500
26.406349829061654,1000300
26.896932675949575,757100
26.923594929732467,371800
27.024913503331874,446500
27.184882132466235,1027000
27.270195105772167,619600
27.318186795604532,795400
27.211547125197278,737000
27.147559758463682,1259500
26.177049885846532,1496400
25.563820307292602,1313100
25.499823106243873,1522200
25.291863968331285,1450900
24.73195384086345,1471200
24.37468331151335,1491300
23.649460135699098,1281000
24.289355971207414,1396300
23.96941826391258,1537000
25.115887492969662,1891200
25.089223676411986,1559500
25.937090776301915,1168100
26.42234062787478,818700
26.491671294994006,730100
26.603644875976318,790400
26.960926423892495,824600
26.18239219195395,972200
25.57981864663361,948400
26.454335876148,713200
26.80627542956692,1262700
26.806285632993394,1092200
26.950258879088985,1173100
27.09422958142199,1278700
26.209046062877086,927900
26.017076742447486,707900
25.85071166008538,760800
26.4744039500184,731000
26.893770585732973,492600
26.66795224225448,542400
26.624939823929733,480500
26.36686699037095,732000
26.485149061867663,734000
26.296970798241304,789000
26.11954671762541,1154400
26.13567139678025,949900
25.393694166275967,1344900
24.796897199466244,1348500
24.979706077851667,854900
25.07648085500546,1251700
24.85604069291372,1203500
24.89905340891885,1039500
24.856042858489737,1621700
25.32917371722652,795100
24.62485142802484,588900
24.431282330926177,571600
24.694738443994208,906500
24.68935944544975,805300
24.87217786611962,614500
25.0764819855573,1309800
25.673284569445737,927400
26.178690767816,685900
26.038895767059465,1015500
26.20019349191581,770800
26.108789390228065,1215700
26.759355032993213,1279300
26.926028984627138,624900
26.339984786765406,842900
26.04964819385457,726200
25.786185792088027,788100
26.033516371585304,806600
25.554995683607544,534100
26.103403910661516,1174000
26.43676187008998,1162300
26.77549060367141,1247300
26.544296436708017,678400
26.856139174248028,387600
27.11421740583147,620400
27.36153491823554,1340400
27.657252481021214,687500
28.076619747422296,1111900
28.377706571635017,752700
28.52288619102038,992000
28.619665674314763,819200
28.512132736001234,578700
28.522881294620102,1156400
28.915370364252087,737400
29.05516478628272,649000
29.1304383469615,615300
28.840098879725016,639600
28.43147783670546,1352300
27.95834107637384,862800
28.055118592361865,792400
28.361592359357996,711300
27.90457140599064,1464200
27.13572120666504,796200
27.237884839401534,1236800
27.61960447321218,775300
27.694889332668367,726300
28.028601326751716,550700
27.74149210042463,633800
27.237698746521207,739500
27.806497237401064,294800
27.44354137995266,734200
27.324356594695043,709400
27.210605031137447,650600
27.573561319287112,579600
26.51178276329948,1346600
26.289685884775377,1027500
26.06757314668676,733600
26.208421354391437,860200
26.083827389747693,824500
26.349267220911784,874800
26.376352382261324,701300
26.056736776400747,1008700
25.444595914831392,843600
25.374168150611098,1546600
24.724104949362893,811300
25.260417214354515,720200
25.076229349375847,473300
24.675350254150242,1443900
24.41532485294504,1128600
24.480329265383254,605400
24.518254158766503,637000
24.65367631548739,712200
24.38282021800912,1717500
25.276663088534363,1434200
25.823807089376174,1154400
26.01881450503093,1147300
26.41969423740652,1098800
26.14341537292453,1409000
25.677527841324196,843500
25.379580199558532,1061100
25.38500608690762,917500
25.08705472409988,885700
24.843287920015037,750000
24.556176808458716,1010600
24.762027248664523,851600
25.038309810659513,944500
24.75661310887738,713500
24.913713863428438,678000
24.902881569409967,673800
24.577847116876,670300
24.63743161895597,481300
24.913706887187477,860100
24.90287866399189,642600
24.339485310150256,695900
23.92236722371696,1244700
23.239796254681817,1047800
22.871424817253093,953400
22.968939682012508,711300
22.801001854806287,1235200
23.207287832942686,927600
23.191037673913307,716400
23.786940929564143,1467200
23.434812114031676,488900
23.461900387155072,1242300
23.91694834451006,1436100
23.380637543744466,1566000
23.212708849477757,932700
23.120612164739192,925400
23.082698070400443,868300
23.242889971083766,1024500
23.166412780511955,745000
23.0571680386345,624700
23.079015720004247,668500
23.292045990188438,950400
22.93699389453518,1547100
22.199558731239208,1868700
21.598683797505018,2096100
20.60450927284307,2439300
21.35286655032004,1686400
21.134368198663264,1734600
21.314631521804724,1963000
21.740701122601575,1401300
22.041139585193008,1554100
22.052061978632544,1388600
21.970133813840935,1478400
21.76255358422125,1458600
21.94827963252732,1141000
22.336123812010232,1243000
22.308799634047613,1174000
22.07937909634082,847700
21.762550323023408,1059900
21.363787509118342,1415900
20.904948440675632,2160200
20.997799160056626,1534600
21.46758534699847,1417600
21.134365549375016,1077500
21.32008377028864,971700
21.42388291904973,1258500
21.65876564476375,881100
20.915868759155273,1372200
21.12344763462276,868100
20.828474256263103,1563500
20.347771610127193,1881900
19.97085727758007,1608900
20.506185852749965,1411700
20.380551438622998,1015400
21.571373472422287,1691900
22.647473995349518,1346400
23.013458422936093,1533000
23.368520314338642,1315000
23.63071465388744,1391400
23.27019901259055,611100
22.97523137612142,1845400
23.43407637884191,1593100
23.548792221144993,1195600
24.00217303753751,794800
23.685357180034,1460900
23.532392984244634,1298100
23.89838700652556,1483500
23.88199702803873,1883000
23.920240743024326,1058100
23.625257986052716,857000
22.85505133702097,1264900
22.805889371040195,1181100
23.488699607935345,898000
23.696265989351808,1545400
23.182799725651556,1069400
23.275665538333126,1803700
23.472315735137588,1694100
22.478148215232164,1596100
21.64237840483855,1823200
21.26000368831064,1318800
20.56626859859894,1161700
20.615434646606445,1525900
20.33477976676376,2268800
20.13628745886246,2076200
19.92676313064315,1718500
20.42300289267027,1397600
20.615984692473482,1361000
20.792417232989884,1305300
20.64355250596999,1429900
19.860599768805034,1977300
20.014985561520227,1458800
20.17487688512284,1146200
19.39743892813643,1152000
19.441549370695764,1493400
19.55182289300278,1537200
19.744808776279005,1666300
19.634531716637017,1326900
18.79092695015451,2076500
18.195436087404524,2905500
16.756340803726612,3746300
17.285666386316542,3435600
17.47313221293935,1649200
17.32426376666173,2941300
16.55233600925214,2389100
16.800452779186923,2176900
17.048572282014398,2717000
17.638551314618045,4800400
17.379403459751547,4500500
17.401455446848033,2738700
17.208469546306624,2563600
17.963859540950807,2002200
18.58139902614037,760900
18.178894543893374,912900
18.548315266538374,1386100
18.13478380181078,1007300
17.98039823568018,1490900
17.985917571551628,1963800
18.052081329637883,1957700
17.68817027230763,2323500
17.125768022478656,1478600
17.120258302069487,1469400
17.594436558325295,1237500
17.384915459152708,1947600
17.478651488152288,1304900
16.607469505339655,2647100
16.287676918033753,1699000
16.74531989102578,2425600
16.18291092019655,3299600
15.841058086901874,3914700
17.92525839924316,2790600
18.22301012700114,2128500
17.74331113585508,1568000
17.936288979272124,1421300
18.42701607828065,1425700
18.592432218542648,1265100
18.697188443794893,1091700
17.97488819066198,1208300
18.719250212280944,1510600
19.132780378970722,1251100
18.950823610249635,1284800
18.360849079061587,1520300
18.07965273375402,1707100
17.737794378711218,1960500
17.122893057075107,1889400
17.625192108739395,1314300
18.2614437685513,1355400
18.579562107060394,1419800
18.819556062812367,2371900
17.775880824929416,1637700
18.032619401952235,1589300
17.692164701118003,1458700
17.016849772761194,1224300
17.2010300233077,9846100
19.07070033274429,3367900
19.388826045646468,2341600
19.511612247442844,1847100
19.483703979477955,1180200
19.422311913340774,1624800
19.863220049747916,1781400
20.449243394099767,1725600
20.856661889332802,2305000
20.87340596746269,2120300
21.280830592686232,1636500
21.554303227055716,1218000
21.29198751182613,1056300
20.750623858065516,935800
21.052002817520183,1508200
21.71057305328233,1220400
21.777548603357086,2069900
21.174779359610707,1049400
21.052003134797015,1070500
21.280829612857453,818200
20.49389260743081,931300
20.990608575970843,848900
20.817592600671937,1172400
21.275247679713207,1040500
21.58779797822937,861400
21.526397054098133,662200
21.247334368567948,548300
20.940379082606704,669300
20.789682648808203,631500
20.92921484337322,617300
21.537558105363726,842900
21.911490339788298,896300
21.766385632615346,1225100
22.5309952987499,762200
22.72633588457986,570000
22.419376353717592,1210800
22.067767128384524,1093900
23.273293346494373,826900
23.602577222708984,1045100
23.507691655757153,655000
23.65280326408272,1044600
23.697453085996223,802800
23.552348478897244,1229200
23.412816508366443,1176000
23.295614584066136,633400
23.30119740993632,952200
23.077944278220766,934800
22.77098220325865,898500
22.452866896357506,813800
22.43612392248845,1318800
21.660347971857558,1018100
21.827781582713047,870500
21.771976140710468,783800
22.374723223527173,1168400
22.941436940228417,1063200
22.55795695654357,892300
22.659465293679578,966400
22.732784704158455,908000
22.93015561260898,708300
22.2477760054078,815800
22.45644374048621,750200
22.580510629468428,397900
22.738418174345952,894700
22.873772350094598,736400
23.353119809983426,634500
22.738416967974686,758800
22.648184714755818,1129200
22.49591780398411,730800
22.456443614925043,648800
23.048587840210583,543000
23.285447667477428,715000
23.79863969114021,891700
24.390790844708363,705400
23.69712961172458,444000
23.69712922767391,610800
23.420798657063067,947400
23.764801815806802,1321300
23.20086193467247,904000
22.918878974191177,1330900
23.05986532640184,2540400
23.573059533679107,1305000
23.623817000561893,932400
23.962179936454906,987800
24.199038286309854,1120400
23.640736406932692,1769100
23.12753353710554,1417800
23.30800751594703,581400
23.589973679755925,757300
23.753527277526853,1016800
23.888867708790055,952400
24.15393287256188,1051100
23.646379629660487,1187300
24.08625496426385,1348800
23.488476177155277,1184700
23.302369571311736,850100
23.821200008541457,749100
23.950902819009773,1338500
23.956539041988886,1316000
23.66893818911161,868400
23.415149563191186,895300
23.533582989483275,784300
23.279804022881365,999200
23.116268929389687,1347300
22.99783105256562,671900
22.479005637958164,1064500
22.180113100637733,1350900
22.168832970334,1471900
21.869936731618946,1272900
22.044760945904727,1402200
22.907605931953935,1024400
22.879404856896567,1384700
22.772253082268133,1868100
22.885041165933067,763000
23.234693415473117,730600
23.437712623062854,497300
23.674578248002614,949100
23.680214954199986,581200
23.742693126523747,596000
23.99327328554564,417600
24.01035806734924,684300
23.833810534118065,609500
23.685737647212555,759000
23.736997192169923,570900
23.947711232857145,594300
23.423770056083754,873000
23.418067124444697,1466000
23.497802469289347,617000
23.184578437830123,954900
22.93969177680851,680900
22.700492327004643,627100
22.523952794054292,710700
22.438521021541945,1178800
22.347407395552874,1341200
22.763141974491706,1416300
23.4237724153471,26350500
24.608339345433112,10071400
25.14937509437768,10533800
25.639143243060744,5601800
25.143673983367393,4446600
25.360089906946854,4758000
24.568472618656383,2571100
24.870309370824273,2620900
24.8247524445777,4122900
25.371473625820098,2251900
25.075332914988035,2538900
25.00700290201368,2559200
25.513851338633444,2840000
24.967126297422237,2585100
24.91018363946626,2053600
24.483051524393385,2569800
24.61403469862451,2429200
25.229096986726354,2044800
25.20062796964008,2685000
25.212017537932443,1550500
25.10380969223143,2204200
25.052547406626978,1781400
24.642511575783683,2195500
24.54569603617249,1162700
24.682375151630474,781900
24.796280395922828,1905300
24.534309543983355,2335900
24.739324843129896,2072600
25.280356984933892,1600500
25.05824785513199,776300
25.314526301709332,2769600
25.343001499811564,2887300
25.337308583648984,1878400
24.8646170914893,1639000
25.081034747274664,2064500
24.813358067004568,1977600
24.642509579634275,1921200
24.950037168172834,2534400
25.018384156427416,2793300
24.762105471721142,2515500
24.779193342815038,4149800
24.29510606824786,3693700
23.816727172675815,3444300
23.224444444213134,3115100
23.69713207081262,2432500
24.226764499738625,1724800
24.05022476428842,3992900
24.29863345311257,3027600
23.98821376780125,3577000
23.401871495393085,2998800
23.2064251092018,2411500
23.545582009180315,1793500
23.878988517631743,3092300
24.08018956890029,2035800
24.620532189375318,1602600
25.09191437936739,1933700
24.632036140076327,1227700
24.511323952606805,908000
24.747005467832878,2256100
24.304376019187263,2168800
24.672276762643286,3485300
24.534317653922685,2435200
23.867487629182907,2086200
24.166411565991677,1882500
23.947968014176425,2510400
23.959469622102592,2532000
24.252642305581837,2115400
24.333118351927162,1547800
24.51131885849172,2377000
24.356101458357184,2010900
24.580301283003013,2009700
23.861746127814556,2683900
24.269888035009814,2796600
24.70101899290431,1682200
24.609045338229354,1164800
24.235390193398278,2060600
24.241151136371393,1374500
24.51131963835443,899500
24.5515628180144,567700
24.453833363616695,1140200
24.172161510773925,897000
24.361860930142416,1020200
24.442335498085203,2125000
24.649283628115548,2373500
24.683773324516036,2339600
24.9941841771617,1598500
25.005683789082102,2084800
25.040173029869536,2280400
24.643531155229017,1698700
24.97118129663451,1626500
24.735499359955334,1431400
25.08041878291471,2534500
25.13789390591105,1911700
24.781497453441368,1756000
24.63202588236927,1607200
24.626288045873302,2160500
24.660779664041463,2155400
25.298854429841096,1761500
25.505794525146484,2451900
25.43107202691408,4765600
24.804490112699483,2933200
24.68377386260698,2124600
24.442338686077793,2981400
24.407852545153144,1616200
24.7929950956589,1923200
25.063175027079883,2205400
24.62629123506157,2178500
24.252637706145368,2803400
24.712513031981914,2469600
24.833230234750353,3031000
24.877622250872825,2390700
25.080911575028583,2500900
25.05767997688502,2440000
24.94150642127218,10279900
24.482639738425608,5436500
24.41875017268465,3606600
24.44778968885155,3860000
24.38971005235506,30720700
24.081856379608947,36541600
24.30838850110026,151262600
24.232879422809766,42288500
24.407133454521382,15759300
23.954073324275903,7287300
23.855324389660105,6756100
23.84951776407583,6704000
23.97149391268203,5890900
24.09928673262182,8899400
23.762393973490088,7555600
23.983113302459188,5251000
24.000544130695598,5822400
23.82047523242261,5095600
23.657839386808302,7367700
24.139946243199518,4991400
24.168989915363113,5035800
23.85532785677095,4172100
23.895986545274173,5273600
23.437120706714527,4917900
23.93664484519378,4609600
23.76238974030556,4098200
23.634599894418663,4896300
23.971492976923155,3435500
24.180600397556606,3338500
24.436167250344404,2587000
24.029576082220153,3363800
24.290963886246963,2909900
23.936642323008897,2684100
24.256107561117467,2201200
24.1980281969522,2684700
24.511682785055328,2284400
24.66270390193514,4150200
24.778872770010548,2317200
24.500064075012094,2345100
24.76145189568441,2311700
24.616236510258602,2693500
24.558149547490473,2836200
24.4535935681343,2656500
24.19222040759701,2786400
24.232879358709955,2539800
24.5291109186813,3266200
24.476827941153044,2870000
24.523294776485145,3220400
24.465215682866695,3419200
24.14575639269308,2203600
24.087665285282245,2014900
23.91340571119949,2800800
24.01215825183849,2064400
23.95988234767207,3017300
23.582331126605997,2704600
24.139948371732014,1748200
24.064425151445533,2914200
24.093473556695947,2886000
23.793131842788405,3632400
23.49953718208561,1973400
23.74616367000508,2831100
23.658075158615524,3176900
23.1472207898432,4227900
22.67159128773574,3419600
22.924087040041933,2815700
23.294013556107174,2259100
23.429077305910482,2845100
23.340988746834643,2654400
23.399710286287558,2090200
23.111984496460625,1980500
22.830132897675032,2240300
22.61874818822129,3660900
22.642233086876075,2225900
22.929950239769763,2218600
22.900591512954165,2335000
22.771415127599084,2662600
23.20593683109391,2568400
22.74792437590657,17156900
22.554152588284108,16193700
22.753795426753673,5418000
22.642235179934055,14015900
22.777290863202623,5115600
21.966959601060598,6112300
22.26642461325482,3777200
22.882981959337553,2509900
22.51892114632015,2596700
22.166597181217686,3008000
22.348635583738435,4316600
22.642235003411628,3501300
23.241172646855578,2429700
23.33512064872711,4424900
23.652203947574773,3716800
23.59348687190464,2038100
23.55238057848628,2286300
23.499536943680468,806200
23.434945922510288,2317500
23.247040992036197,2845500
23.317501794489356,1772500
23.34686217475468,1355000
23.29988505208226,1506200
23.429074430227008,2456800
23.511278062663706,1537300
23.652201442188264,1779600
24.016269158523055,1571700
24.116085785778903,1600300
24.09846571454736,3325000
24.515384006622824,2284300
24.621076146414033,1633100
24.57409814573038,1323500
24.59759154639411,1984700
24.5153795696952,1717200
24.532996665972963,2168800
24.133703231811527,2230000
24.25701870952034,1752500
24.350966609934034,1880600
24.33335209445525,1891500
24.568226422466047,2571400
24.491889450227376,1452200
24.327476273009932,1341200
24.35096290990016,2204300
23.939930763059447,1493200
23.863590401662673,2423400
23.53545213649364,2015900
23.541401741657747,1736200
23.559234531296468,1613700
23.374986890992187,1652400
23.279901692052405,1278700
23.386873434842748,1480300
23.45225224281745,1433600
23.44630683766944,1499700
23.624606916363255,2159300
24.284318651265,1425500
24.355632822245365,1642300
24.070347675702177,1474500
23.61272185491744,2188900
23.54139934889044,1537000
23.588947411533,2064100
23.909886601182432,1581100
24.135725838780782,1774400
23.945541217386822,2286900
24.361575487131017,1778300
24.195164807748174,1786800
24.088181410233656,1741600
24.32591701817883,2478300
24.391286918706644,1862700
24.331861050043017,1157900
24.40911975277809,1846100
24.42695198813174,2128900
24.421010344560155,1298600
24.54581706035317,1766600
24.53987830212885,1452400
24.664681773945727,1657900
24.426955541087228,1517500
24.510160716952107,1727400
24.492319481767645,1955400
24.599304585242216,1942800
24.634962534398618,2085900
24.813270568847656,1458800
24.81920265872976,2222800
24.95590607574484,2184000
24.807327537846874,1825900
24.593369346724636,1805900
24.55770344688271,761700
24.640910185319505,1209200
24.545822228893595,1359100
24.65873908996582,1671700
24.76571634511794,1179200
24.605245614981694,1008000
24.652794034377003,1568900
24.56958818822836,1885300
23.951481239043265,2989000
23.90988420986402,3889400
23.446309008431236,2386600
23.268003933993285,2844300
23.11348399854601,3476900
22.608304151425962,2882800
22.51915247704495,3080600
22.863862648000612,1860900
22.86980274236174,2442200
22.798487247936226,2767800
22.715279603673515,5013100
22.04963097326537,2784400
21.889165239585775,2575800
21.835672007088814,3236500
21.93670779506609,2899200
21.835675636780238,2299600
21.776235449122275,2128700
21.61577086819912,2393800
21.568179820307883,6841900
20.92974725918094,4243600
20.827357589500867,2755500
20.78519653364412,5705800
21.33327602211521,4260600
21.803073706160905,4647100
22.363212365210625,4806100
22.531856561094408,1691600
22.46559686138379,3280800
21.95365183824998,1806000
21.77898386249374,3064500
22.869131868858865,6969400
22.95948115363015,5912100
23.1461902169611,3287900
23.098014198758285,2246700
23.12812698047319,2288500
22.89322625265434,1943300
23.206418985348755,1613800
23.182327680435836,2355300
23.21244150935675,1977500
23.001641396123656,3589500
23.242556669676357,3843700
23.308813735015292,2798100
23.471435317704866,2887800
23.56780159325169,2355200
23.423251272322073,2054100
23.182328543642683,2057200
23.254608793342538,1613100
23.278698587256,939400
23.356994658309347,1528300
23.45336215986067,1518500
23.682237001991286,1824700
23.706327656097407,2464100
24.266462741121675,1839000
24.447145911019998,2025700
24.71818074426279,2499700
24.543517426273457,1497000
24.62783361912136,1726200
24.17611171259762,3758400
23.69427515503762,2389100
23.887016947429455,2462500
24.12191328440471,1842800
24.061678772458208,1711100
23.97133722953961,1741300
23.89906374582473,2028300
23.808716675771297,2593200
23.832802669479474,2757300
23.93520120624453,2396700
23.893038873652596,2478800
23.28472157552839,2959800
22.929366220183397,3563600
22.55594723656187,3237500
22.24877124549997,2326600
22.06206255470704,3740500
21.447723629909913,5280300
20.80929142521338,5824000
20.62860046065952,5080800
21.21282767002397,3326600
21.26703277660417,4223600
20.767125412733705,4121000
20.694858911320004,2968300
20.821335463936983,2318000
20.928976523699568,4396200
21.112458692866817,4973400
21.2653588692987,3346200
20.886165134445832,3189100
20.886160826524268,2882400
20.91674797911384,2820600
20.604824555764683,3100000
20.653759934234685,2647900
20.70880017986237,2758500
20.225626897681224,3344900
19.448904756624867,3830900
19.33881780684501,2890900
19.149215052847225,2617100
19.461131092610675,2077500
19.357160288982325,2486500
19.28377012949681,1779100
19.614034146704018,2976200
19.552875378245638,2267200
20.072731510114057,2380400
20.243986151675028,3616500
20.31126048734636,10937000
19.344929463930427,10581700
19.296003746824287,4724800
18.867882834183792,3736100
18.34190115824438,5241800
18.867880758554726,3596700
18.83118170806271,3651100
18.372489924319588,4365900
18.427529399483095,5110700
18.507038849360168,3091900
18.58654171629364,3688100
19.210378523172864,2702200
18.812837508965767,3386500
18.360251614062935,4441500
18.935157162168856,5973000
19.216492843503936,2744900
19.179797466871,3710200
19.558991930274583,2755600
19.589570753490587,2307900
19.51618291292355,1629600
19.571219002760124,2240000
19.662960626779178,2068800
20.152242173840534,3252100
20.237865427818804,2928400
20.35406895215986,4518600
19.55287517251079,4633700
19.05747433722657,3514500
18.78837797933304,10069000
17.889323718828013,5645800
18.02387333249879,3731400
18.097262897552966,5449300
18.195122313533833,3919300
18.500920146191852,2685300
18.745559226498408,2231700
18.8189566133507,2713200
18.7944897209474,2548100
19.26542068128004,2427800
19.27154326690872,3607200
19.589572936948475,3605400
20.231755697540176,4529800
20.335721116237426,3715300
20.83649884647238,3370300
20.50723825494428,3253200
20.58800535430132,3313600
20.376775140449656,5733500
20.38920170836586,5835600
20.053729915783133,3328800
20.01645509931465,5220900
19.500823438126027,5085300
19.656136416012433,3333800
19.482188259490286,2963400
19.326876365302482,3693100
19.053526975294346,4629700
19.264752487057606,4568400
19.370364994071192,4706300
19.17778228898774,3536700
19.289606192593862,3805000
19.668560658818546,4954700
19.2958147832964,3605200
19.47597953388191,2715200
19.469762908352333,3318500
20.059949530441347,2792900
20.209037568937738,3531400
20.159342179473025,2925400
20.103431741777648,4135100
19.873571691176217,4541500
19.879785293921213,3763800
19.792814920490468,3612300
19.699619819437096,2852600
19.693412943739272,3566100
19.594012783235314,3321400
19.50082373955522,4409800
20.084795465985916,4543600
19.774176422154213,8951300
21.47016932296893,17696700
22.060344177557273,4649200
21.86154556274414,2126500
22.364753326014043,3828800
21.762152412719182,3220300
22.184596630621176,3100400
22.03550292609082,2738400
22.05413242353719,2118900
22.122477156689428,3692400
22.178384586304485,2384000
22.047919634012302,2275500
21.898822328318722,3331300
21.370769059168346,2748000
21.56956757265397,7930200
22.12247548058981,3656900
21.538496185283297,2112200
21.575776243186642,2685900
21.786998162689436,3282400
21.57577705104227,2382900
21.76836162561754,2496900
21.81806606609127,1818300
21.942311590149288,2875600
21.842904036752532,1929400
21.762144150640015,2635900
22.15353335362733,4120600
22.39581404490758,1828500
22.66915943403315,4444700
22.32748063298663,2053000
22.21565523437014,2275300
22.38961147497169,3022600
22.265364202297732,2286300
22.1411050601994,2011600
21.94852561368375,1941000
21.892615491847017,1999400
21.880188709754165,3958000
22.33990973213872,2179800
22.532494162160088,1797800
22.352326755789885,1528500
22.37096701987664,1633400
22.184593510532924,9491700
22.1224734439736,3211900
22.246719891364524,4517500
21.811850893882124,3124600
21.569567734223686,3368900
21.451526497140804,3101200
21.134691280489328,3101600
21.165757630898764,3303300
21.526079351554543,1943900
21.20303027433348,2279100
21.19060308608589,1835400
20.979384501983944,2715600
21.333496047094414,1786800
21.277580061976252,2303500
21.17196991757006,1797600
21.116062013240732,2233000
21.252730899848025,4054500
21.482595605569287,3353800
21.581992307966996,3609000
21.42667592195196,4864500
21.476377036826655,3157800
21.07256741792007,3241200
20.507240664473816,4542000
20.196619008805683,3464700
20.202831730057135,4145000
20.240103333016076,2900600
20.56315344529463,3298500
20.75573863389898,3993700
20.911043126961705,4150300
21.035299415917656,3658200
20.917258918300057,2192100
20.898622379306584,2193900
20.86134642848641,3755800
20.190402544010094,5462000
19.954330922862116,4115200
19.90462972990698,2368400
20.215253275612188,3540600
20.69982019360688,4481100
20.10342873268993,3402800
20.13449380898324,4712400
20.37056572918324,2599700
19.87978359234257,4368200
20.047517306198095,2740600
19.811446943114305,4381500
19.221263492012238,4909500
19.519462090001724,4067400
18.923070226285027,5399700
19.121867371995876,5865800
19.43870036708726,4197300
19.8859950057377,4472500
19.649918965739374,4791000
20.28359405195506,7229100
20.737098921978006,5172100
20.57557571166211,3590400
20.289801781483675,6466400
20.451324976388637,4513800
20.45132649515137,5108900
20.184682149728943,4955900
19.99801068415195,3468500
20.110013802434384,3763600
20.091345848858843,4526000
20.50200823222723,6520100
20.514455533097973,5527200
20.55179000674616,3583600
20.352678143412803,4704300
20.06645978987217,5166400
19.93579579433834,5740000
20.184677131116835,6912300
20.495788502895692,7078700
20.713561654475548,5235200
20.813117988979183,4003200
20.2406806266012,8552200
20.315345736289114,5384400
19.686906409133456,5455300
19.96691005566965,6432000
19.836237107750144,7032200
19.780236155283575,8038800
20.016680934991037,14916600
19.83623991332472,9143900
19.51890881217848,10794400
19.214021525596927,13327700
19.543799412427013,11148600
19.30735322640282,11301600
19.021134261551367,4935000
18.25581043288556,6684600
18.859361883563192,6909000
19.008692737236203,7434200
19.344690852543568,4469900
19.126912929779376,3921500
19.637130683748826,4681500
20.02290632973538,4488500
20.533115865601072,6377400
21.06200249439794,5769100
21.453994750976562,5275500
21.44777773156601,4913700
21.503779516344174,3425000
21.3731110220261,3837100
21.746439461797713,5425800
22.13221253602632,3643000
21.99532626541931,2647200
22.287766899695125,2836600
22.349988397549822,5241500
22.3251011172198,3252500
22.181991591415855,2482300
22.362429566400873,2561800
22.200653046840443,2494600
22.493097658331102,3646800
22.76686622203941,2836600
22.829096449779808,2607700
22.872656952143952,3625200
22.941096377269034,2937500
23.289540647622516,3424300
23.333093004340135,1907300
23.214878062928214,2783200
22.95976101658142,4585300
22.430877564053414,2670000
22.78554056899824,5270100
22.337542239460515,4259100
22.411388522512453,3724200
22.803246116418933,4122500
22.569398125654708,3889800
22.986527577799567,5390900
23.12557007430761,6267000
23.454223161507358,3891700
23.44158285804137,4247300
23.28357983523413,3527200
23.51110308434613,2863000
23.52374771570212,3965200
23.422622805128057,3887600
22.613640478751204,11012400
22.15858504868934,5222200
22.49987866166296,3321200
22.879089275917146,6438800
22.87909194935268,4889500
22.75268562933877,3409400
23.06237148742668,2360900
23.340456582128258,2879900
23.302543817120412,2194900
23.384705842660033,3294400
23.106613587390623,5167700
23.353106502979063,2958300
23.41630239664237,3300100
23.327820108410187,4527400
23.169814576589598,2611100
23.01812858132435,2377100
23.163496117925714,2156200
23.100286886987266,2430900
23.14453066444374,2034300
23.3088590148172,4112700
23.04973430233883,4125900
23.062372512508393,2549700
23.106618035678718,2870300
23.25830333548773,2598300
23.239334243775474,2235500
23.39102095869165,2296700
23.473182157967987,2768800
23.334137405364615,1934900
23.201415487454657,1795500
23.63118667377957,1924800
23.713352186075515,2607600
23.599585782905066,1590900
23.530067061879866,3310200
23.466867845336072,2285800
23.555347341933004,3766800
23.542706345562376,2650700
23.782882182087423,3482000
23.928234862419227,3659900
23.89663990763786,3565900
23.681756121617845,1564400
23.612228079197063,2836300
23.378388512344458,8509200
23.258294987029807,3077000
22.98652338958088,2232100
22.93596968248705,2302700
23.075015997843035,2144100
23.119256517544628,2109300
23.169810850083486,2244200
23.41630602941858,4505400
23.30253569432394,3534700
23.618308508317803,2686300
23.34889689069751,2696800
23.61189692293477,3175400
23.73376303990216,3104400
24.099393402681315,1534300
24.073727510922343,4496700
24.02882761351417,1673300
23.618305737381945,2380500
23.836392682968047,1984500
24.14429696125482,4508300
24.048081286393284,4035600
23.88129714485449,3996100
23.432281211987387,3623900
23.77225283759896,8848300
22.681781920284145,6093000
23.021753077481776,3604700
22.906294086802646,4058600
22.82931539191423,3149500
22.970438939596058,3950000
22.771586144958277,6891000
22.19427483253543,6725800
21.989005938114694,3634100
21.899207795483512,3146600
22.03391189271458,2448800
22.07240254214837,3527300
22.25842383188637,2351200
22.707445153019645,3278500
22.662541811748692,3855700
22.58556003306218,1674500
22.51500520148955,1894300
22.444444031322302,1989300
22.49575562251595,3923100
22.822902523382144,4183700
23.29757391399683,3005000
23.124385085495383,2838500
23.07306802377169,1491800
23.29757818112649,1999900
23.291165661830853,2111600
22.964026509817526,2178100
23.534916240518214,1976700
23.509258716131757,2090900
23.727352322525842,1774600
23.451527683220153,1408400
23.227016523797765,2088100
23.15645450620766,2432000
23.1628738076873,2346500
23.188527787593365,1428000
22.964020402296956,2392200
22.970440877498664,1753400
22.707442254630827,1621200
22.50858880146407,5906700
21.649044883775478,3354300
21.674696826865464,3511900
21.41811856969562,2708600
21.520747999583328,2374000
21.398875591035083,3482700
21.623390214005134,2807800
21.232094624506654,5449700
21.200021902744545,4462300
20.885714309512277,4607200
21.616972408653673,3274600
21.76450420558819,2520400
21.745257334919717,2021800
21.51433856745831,3037000
21.732462423679323,2305100
21.321676758149874,2097500
21.738978732989672,2437100
22.07804290712279,4217100
21.895471685812453,3048000
21.836787893634373,3001800
22.038913676756373,5500200
21.62813117841323,3948800
21.465124645859362,2747600
21.471643961237888,2311300
21.523807525634766,3517300
21.699856640618602,2755600
21.836785455032967,2667800
21.699860520950647,8815100
21.97371781117148,5509500
22.078043930756746,3166400
22.228008174343074,3029100
22.495346263604,2500100
22.456221341432336,2153300
22.697480321911662,1991400
22.625749588012695,1831300
22.671400675424362,1780300
23.101746280649063,2611200
22.899613033253978,1994800
23.062618683575955,3038900
23.134342809039758,2189800
23.016974333195854,3976000
23.0495780996374,2230400
23.01045833314321,2909700
23.016974845286608,2181300
23.016978653018832,2177600
23.369082435688,3685300
23.46688678465772,5205000
22.86700662545709,2619200
22.80180608637485,8913800
22.241048720838478,3829900
22.46274724288825,2392300
22.638798096412003,1448500
22.54099177205159,2634000
22.736603497718544,2459200
23.082181844317816,3056700
23.505999853515736,2464600
23.329955952967893,1236500
23.206067847621473,3888000
23.232149982191352,2796000
23.342993807065067,2101900
23.34951667292548,5128900
23.564689956268126,4719000
23.67553627299596,4221400
23.675542685728214,2699600
23.89071379487959,1643900
23.734220848026983,1848100
23.832027215622627,2933700
23.84506733937459,2029400
23.792905509924832,2031300
23.76030592314591,2112400
23.792904987020854,1996800
24.066755805710706,6333400
24.086323322227287,3707000
24.066757202148434,4267900
24.171089529590418,2672400
24.027635964097176,5525500
24.48406126779916,3195800
24.666641227663312,6254100
24.933969875762386,4450100
25.264718991896032,4007200
24.98686569477869,2250800
25.244867147895636,6972300
25.13240888765252,3577000
24.788404590392577,2728200
24.953793003735903,2293900
24.99348081189054,2627000
24.861173950087,2525600
24.973636455620472,2027800
24.973632539115723,2176400
25.119177037739735,970600
25.092717967850977,2141700
24.92070320056786,2534900
25.26471328730426,4817400
25.390413188716632,2275500
25.403648795296267,2366600
25.48303029530297,5405800
25.681499677785858,6797800
25.688114365422578,2748800
25.476410088364226,2469800
25.324252642470643,3082700
25.509498580137777,3302500
25.60211228080384,3090500
25.628572526273654,3686900
25.813802633243355,2517800
25.827034180039533,2772500
26.111503775157345,1841000
26.157815842993713,939000
26.171053343815107,855700
26.309971043654237,1366700
26.21735226738564,2332900
26.1644321389157,1876600
26.329816912389592,2094200
26.26366069622204,1824700
26.26366060155024,2216800
26.376126904506197,4846400
26.250436647800353,2442800
26.38274210662234,3075300
26.356277640142352,2724500
26.44228540576038,2852700
26.72012909490547,1971200
26.647367228826305,2580000
26.647364925041174,2532100
26.799520139454835,1851000
26.89875566452396,5723100
26.98475845832808,2820500
27.017837407642222,2566600
27.183220087431405,2537500
26.81936988012088,2361100
27.08399162568014,2440000
27.209680557250973,1890300
27.110446931144185,2676400
27.090605426444505,4494900
26.878900483640386,6058500
27.35523182721076,8601100
27.500772247858922,3757800
27.672773330786296,5705800
27.745540163520726,7870200
27.917544859313754,6112200
28.314483473412707,3259200
28.466638119572625,3149800
28.393201810237436,3550500
27.856341812911374,4147800
27.970422816514223,5690800
27.930157322745202,3643100
28.15832640146177,2777300
27.849629905113616,2224600
27.272505514911238,5013100
27.47382788260761,5178900
26.312864076300723,6319300
25.65521212768601,9300200
24.48754478341184,9498200
25.312962575046935,6644000
25.923647303000134,6161000
25.890098148410694,4073700
25.567973176616125,4512900
25.165330301909908,6471400
21.930740475257227,9757400
22.507874042905087,9997300
21.09190514948871,8807900
19.20617962796501,10726800
19.635668718444496,9964700
17.562042802767696,6878400
18.508255820372213,8159000
16.79701814578799,9806500
15.98501280187811,8099400
17.206374070305763,9287700
16.857414489260403,11320300
16.9043876747229,11207100
18.622344197556938,11164300
19.44776527491135,8738000
19.32697065617315,6093500
18.38746673233274,5628300
19.340391001651568,8370200
18.77668851584085,6441600
18.803534992665657,10258200
18.816956264950743,7078600
19.70277494879747,6060900
20.085291687089025,7134900
19.011565504694932,5947200
19.347105963355602,9870700
19.561849911339966,6217000
19.42763252219894,6469400
19.25986931086374,4304700
19.05854450526117,5667400
19.461184384367865,5829800
19.14577928029556,8263200
19.038409070899732,6291600
19.380657771015986,4562100
19.461184465448547,5068400
19.4678956101239,2884500
19.59540440624799,2856600
20.259773299799594,4171000
20.816756266853083,3964400
21.367039855074292,4055100
20.1322630633577,3357000
19.87725458680126,3743900
20.682545486826942,3234200
20.53491000653212,4712800
21.138876133000668,8451400
21.729422686584044,5744400
21.35362081509013,6525900
22.14548969149952,8124800
21.628756085614185,4229300
20.659493572734007,5208100
21.06967303282345,3854900
22.12931426818568,2866600
21.992583661501733,3695400
22.354911226926585,2559800
21.876368713238005,2784400
21.329459130925155,3016500
22.033603310525336,3109300
21.910553566172506,2848600
22.088294536521833,3177900
22.02677154347379,3468500
22.266036798673234,2963700
22.710402127621627,2859100
22.915498717831944,2757600
22.621538059734952,2969500
22.963349534930465,3001000
23.10691249725651,4530400
22.983855969114,3551800
22.710402533836458,3253500
21.41833256738233,5794600
21.370480763423426,7329400
20.666327741328253,3110900
21.88320527092761,3420900
21.951569900261944,2479700
21.459352198610073,2373600
21.992584576918418,3564100
21.26109783632716,2498500
21.466185155451978,3065900
21.001315190505405,3131500
20.474915287126418,3486000
20.645825143468635,4066200
20.386041672186394,3107000
20.65265644743803,3627700
20.796222220535064,1735100
20.946623432969098,1909500
21.30894722260341,2536700
20.577462274193792,3283700
20.51593384638869,2285100
20.625312742594065,2898100
20.25614974080471,2619200
20.269822061665227,2968200
20.235641255251647,2861400
21.26793346390273,2922000
21.090186471127478,2335300
21.05600149899705,2134000
21.021821504878755,2583900
21.090179466545848,2741400
21.192729871451135,2631000
21.404661476939683,2467100
21.356803466319597,1785600
21.445678401646088,3861000
21.43200683624727,3431100
21.82167834134037,4575500
22.190840198527383,2858600
22.054113830852202,2646200
21.91054692710039,1722900
21.85586208361586,3588200
22.751420474138893,3598100
22.450625651177344,2117100
22.560001373291016,1891700
22.669384638536044,2436700
23.134256456291926,3213200
23.202621032410203,4696700
23.32116531519764,4455000
22.757279466479524,2157700
22.973084882288596,2270100
22.93131541415408,3034900
23.02181706844286,1994200
22.736393978865742,2124800
22.76423912351065,1615100
22.93131199651533,2013600
22.86170117170184,2682600
22.799046681688147,2196700
22.409200526569332,2482300
22.701589559057474,2039800
22.715515680042586,2584400
22.30477986751032,2675600
22.492743823997383,2607000
22.56931549481774,2709900
22.381359501555103,4279800
21.685199950571768,3270300
21.928856946926896,2716900
22.123778854045913,2506100
21.720014451894183,1892200
21.796586816669915,3198000
21.664317049740063,2657600
21.72000944974986,2447700
21.38584989951909,2554300
21.316241340161245,2450700
21.023855993434395,3570700
20.97512286360536,2911700
21.211815856920605,3033500
20.466931572334737,2748900
20.606161084372044,2293700
21.02385815262046,2332900
20.89158937516825,2273300
20.634010372523136,3594500
20.341624768190513,3465100
19.840395155755836,3010600
20.397321510155187,2235200
20.77324191140906,4050900
20.216318452703266,3667100
20.446047629946495,2876800
21.177006404525756,2641400
20.821970835884706,1725900
20.65489754713587,2751300
20.613125851404035,3494900
20.29985313675667,3445500
20.466930999035643,5088000
20.585280596072142,2323300
20.230238082881947,3016900
20.188468411575094,3019200
20.104930026214518,2883100
20.56439822351022,4086200
20.049242632938935,3897700
19.791661329883503,2444100
19.436624255020195,5253800
19.067662191973902,4594900
19.10247069697762,4977400
19.38092989185715,5229100
19.41573622694609,4192700
19.49231474072382,4556300
19.68723887630581,4262200
19.889124009397218,5552800
20.19543251342422,7425100
20.446046286717728,10340500
21.413704057070117,8775200
21.112336183616968,12909500
20.74991825042784,9546000
20.52252290155272,5454200
20.572265325199417,4377200
21.140755426154353,6456300
20.529629592997022,3661500
20.693070800363785,3480900
21.069695383868886,3737200
21.680821578907732,5671000
22.256419925890558,5536600
22.597514181426522,2035300
22.846229829381272,5594200
22.56198327680059,4440100
22.192461608958943,4163900
22.903077875535722,4436000
23.556844594416916,4870200
23.620800839515205,3905000
23.71317667737819,4489000
23.947682388664315,4935600
23.954783284088563,3803300
24.18217941560009,2506500
24.338518467024656,5127100
23.81977067847458,3866500
23.9263603811973,3163400
23.777130249244983,2659900
23.663437208478715,3957100
22.846229495815283,5845000
23.030990350819646,3497600
22.753851774557315,3823000
22.83201968140976,1734900
22.952823893356488,3652100
22.832014609975644,3466900
22.625935957678767,3087700
22.753849491398977,3332900
22.988347682120796,7452200
22.839125079540793,6660800
23.841090494242945,7235000
23.49288536576482,5741900
24.08980476408081,4710500
23.457358379870055,3499900
23.770032747611374,3321600
24.00452771863742,7385100
24.679608978432487,9020900
25.248104201068504,6243400
24.878584015716275,7188800
25.063338245345527,2636300
25.26942362225194,2652800
24.50906643947344,3113600
24.62276558413063,3518600
24.71514133781,2925200
24.509066796515935,3796700
24.08980169457209,3760800
24.032955221113994,3766900
24.061379352748222,3011300
24.3598384789882,3180600
24.54459644918685,4610400
24.821734305535017,6425300
25.24100121860702,3608200
25.22678747215543,3148900
25.4683981288028,6875100
25.532349582848436,3747000
25.694676154185096,8688300
25.137354195958952,17432900
25.289348320258615,7801000
25.13011273085721,3908100
24.927450752755835,5103100
25.014308829484172,3429200
25.1590651483537,6994000
25.455820785352838,6009800
25.788763532857082,6556400
25.95523744428887,11199500
25.13735494514656,5362800
24.90573882001993,4601500
25.216970722350297,3744200
25.347252367315278,5702300
25.484771968932275,6994700
25.709144197623363,6656400
25.6874403488923,3885500
26.04209462293843,3503600
25.875623407156738,5795900
26.17961553695772,5395200
26.302659558973744,7976800
26.418466470789944,3364700
26.461894270578046,3699300
26.237519441885752,2941600
26.259233603369523,3275900
25.998663772570765,3579500
26.266469382083034,4577800
26.107234338628324,4486200
26.302657253281513,4238800
26.606651976950204,3932500
26.729700034161663,4183600
26.852744098314794,5303900
26.67179427912847,3624000
26.57770214286924,3754900
26.57046470242491,2385200
26.72245769790285,2384000
26.78037147909516,2694800
26.606651787144216,2204200
26.476371803846146,3188000
26.881697106740262,2726100
26.729697318546652,2203100
26.66455578544571,2947500
26.671794976715056,2639000
26.917882542836992,2242800
27.142263140722466,5010700
27.106073814398318,2643200
26.96131254198888,3869100
26.454657516859704,2313000
26.99750613433228,3314100
26.968550263647835,2387600
26.838266280344886,2674800
26.96854551604114,2828800
27.373869222881922,4432800
27.837097893617347,2819000
27.866050296838242,3162500
28.061479568481445,2648500
28.155581738442464,3023800
28.37994852947463,6473000
28.930026701530192,3247200
28.52470763911634,5228900
28.864886723169317,8271000
28.756312727455985,5079000
28.597082630224776,5741600
28.52525102199107,8903100
28.54734849727797,5452500
28.657828219151785,6655700
28.621004104614254,7421500
28.39268192200979,7241400
28.05388228252401,4019700
28.584174271420835,2754300
28.53998462059258,2367900
28.598907529570823,3013100
28.333759026798948,3185800
28.458972379360894,4397800
28.53261155388255,6133600
28.66519278763621,5671100
28.650463104248047,6121400
28.562086266614706,4881700
28.591537921472103,6985400
28.827215236555656,2997100
29.232311497184757,5018100
29.29123306274414,3742900
29.460631556480937,3801200
29.313326171323645,3436200
29.276502272513884,13202400
30.06457177703825,3646500
30.1087622587837,3384200
29.976192097857922,4149300
29.482727187085665,4793500
29.386979964661805,2991600
29.48272499061568,3059400
29.60056617054825,3872400
29.438533147724343,2240600
29.630021500189685,1935900
29.59320224946712,5008300
29.350150710021563,3598000
29.409077945982556,2418000
29.644755839537527,2058100
29.74786833368865,2606100
29.873079157989658,2423100
29.571110474315446,2597500
29.27650026087205,2415900
29.460631186917702,1992200
29.52691209986242,1802900
29.445897945624278,2044500
29.46062651722007,2616700
29.018720148267505,2550500
28.94507257816437,2136300
28.215922344116095,6808900
27.78137550124614,5691900
28.260111811621268,2534700
28.503154950643147,2122000
28.562081540263115,1884700
28.58417657597168,3233600
28.628375340317884,2343500
28.73147961538914,3698700
29.224941294289238,4311700
29.22494508469709,5534500
29.1071017354559,2551600
28.81249596401003,2244400
28.930336085328157,2757800
29.01135415908151,1748000
29.158655207801935,1955300
29.05555037263549,7116200
29.026085389580157,4365300
29.43116624806857,4079100
29.665352224971915,6972500
29.290884265266566,3603800
29.26842215474024,3373800
29.313353469406348,4895300
28.983826524882346,4067600
28.249871851502114,4707600
27.84544493969214,3438700
28.71420774609616,3711400
29.09616218142373,2536800
29.230972830360248,1940800
29.215994447578527,3186100
29.208505517818573,3044100
29.6129330077481,4433500
29.493101027890493,6028800
29.440680966138384,3305500
29.725265551966572,3152200
29.852582640352278,3838100
29.957440731383254,4225000
29.919995492209804,3916000
30.182122771050814,3016900
30.189612402381872,1777500
29.96493151531017,2792800
30.242037695932677,2307900
30.002380632276957,2280600
30.099745745021586,2520800
29.89003651595365,4366700
29.208503683729695,5784400
29.41071817215826,3339300
29.627908106266535,2989400
29.800166635940283,2184500
29.89751696169482,1745300
30.10722825640518,3411400
30.279483926045508,5392400
29.84509518454808,2672700
29.934974037864716,2748600
29.89003822190339,2477200
30.152162084089788,3933300
30.414293555170616,4109000
29.897529400940797,5535400
30.421780414068103,4557300
30.71386871791093,6659600
31.268079360374745,3618500
30.953533085800586,3680600
31.2456122423302,6563400
31.784844787039816,3051100
32.00952833859064,4235200
31.96459058017294,4799000
32.04697947385543,4955900
32.17429108195045,4844200
32.15931073533912,3863000
31.912169409346223,2732900
32.12186852949517,6530000
32.0319937376833,2869900
31.74739492757256,4496200
31.57514654766272,4154700
31.642552323137842,3021100
31.455316761113412,2584400
31.612590553998288,2522400
31.37292869540756,3201800
31.98706429327891,4682300
31.762383261922366,6164400
32.4439101630995,6833100
31.807316965814096,7698400
31.694972154210305,7472800
31.575142248309508,4944700
31.369454503100272,5861100
30.897618573367556,7428500
30.753019160346145,7000900
30.669305628216218,3058200
30.59320247016203,5583700
30.258353604727215,7536500
30.182250484640868,5315900
30.13659023583538,5339200
30.220298277040442,5300700
29.809350846200676,4829400
29.77891431697105,8629800
28.842849554151126,7314100
29.055935125335058,5997400
28.211197489362103,5622700
28.69825465325104,4700800
28.781970000018973,9964700
29.360347500855983,7525900
29.535380565837574,5961000
29.101597682775353,8717000
28.88089817159282,5376400
28.827630065322992,4195600
28.546045748870295,4388700
28.3710079740319,11975500
28.584103363566598,10060200
28.07421416813692,7510300
27.78502458999453,12504400
28.34818222632633,13365300
28.41668089950239,4154900
28.736303750656685,4629800
28.99505082692103,2577700
29.28424349943491,2269100
29.147259276287595,3079800
29.253800627751836,3304700
29.50494685427114,3780100
29.77891154855645,2991900
30.128985036665537,4043700
29.83979214610956,4792200
29.976777822101862,5823900
30.21269946564916,6350000
30.87478606653014,4223800
31.20202485311247,3511800
31.58253718643695,4374900
31.81084348442776,4158700
31.719528407485175,4243100
31.894564847350843,7259000
32.168528054543216,7149400
31.96305460715788,7449700
31.582542273639884,10735400
30.281189278856214,10400200
30.440993692358155,6235600
31.544491343011007,5572800
31.651033664807745,4875400
31.232468342379708,3652200
31.52166020813284,4388600
32.10003489810529,4590800
32.4120632378983,4595500
32.60991967735807,3769600
32.65557902247419,3690400
32.7925695556151,5976600
33.020875308387225,4831900
32.57187795707371,3024400
32.60991668701172,5458300
32.84584456724727,10721100
32.69756953557001,12542400
31.81635737442575,5537100
32.07144233233483,3990600
32.102374264750615,5485300
32.025067587351806,3298900
32.13329100019739,4440600
32.079179393802924,4544100
31.692681785395937,5902800
32.23378624530219,6693000
32.69756235938412,7063900
33.571051058340345,7982300
33.82614047148131,6455700
34.16625886107863,4100100
34.15852346299633,10678200
34.76146962181808,5694000
34.398164718382105,7389400
33.64062098175905,4347800
34.22809367429205,4377900
34.3208556305133,3941100
34.32085652637466,5296400
33.524670308240665,4182700
34.096699569745205,3452600
34.22036425295083,4174100
34.65324015631284,3581200
34.78465338438255,5271800
35.0861145361387,3489600
35.101577906957004,3479900
35.0088157103345,2507900
35.101578992255334,4348100
35.464883341020006,2843400
35.240717924381784,3017600
35.81273641268433,2645000
35.66585772790263,3393400
35.72769772647238,2629500
35.98278735014956,2556900
36.17603843548572,2678700
36.04462892873374,3161300
35.97506112608535,4742300
35.68905543805428,3397500
36.02144493339675,3352000
35.83592232979686,2671000
35.78954621880048,3234400
35.789540941758055,2507500
35.804999549788015,2710800
35.68132462900037,2229900
36.021439373303664,2776000
36.28425471707214,2994700
35.57310447484324,3875400
34.01166303687218,5380800
34.050309829512116,3496300
33.97300643976124,3196000
34.081224719556666,3375200
34.57594098565297,4433700
33.625161771094625,3682000
33.63290088001411,3833600
34.27447632471345,4975400
35.10157729182178,5089500
35.256177569977076,5652100
34.823297580896295,6738500
33.88798167663248,5777200
33.57105035224543,8063600
33.23081749754421,9391100
33.91380506378149,5070600
34.5418399880887,4430600
35.256225486629184,3357800
35.303331479475645,3345100
34.36127629494944,3893700
35.09136966241323,3489400
35.224819385275495,2436600
35.32688512664108,3557800
35.31117227692393,2752000
35.45248953393744,2836600
36.10407428060386,5710900
36.4416377515451,4054800
36.52799265293018,5981700
36.111921412522314,3471500
36.81846425060956,2500700
36.89696706064421,2543600
37.07752212752694,2514800
37.36014372801929,2485200
36.88126925323757,2797400
36.04912019310201,3133200
35.0128557537484,5480600
34.66744586568731,5778400
33.75679401332069,4820400
32.96391301445756,5365500
31.904097089664525,8219800
32.35942279218019,3835700
31.849144078975996,3945500
32.44578310493552,5005300
32.367276934622595,3209900
32.948209546454535,3246800
33.670442910796105,3369200
33.67829836514247,3219700
33.01885920898841,3173700
33.23081739816204,2826700
32.971763414750676,4152000
32.225961609496956,3410800
32.87755941046704,2903200
33.07381386499697,2189100
32.799041713935246,2342000
32.681295515093524,2191200
32.508577270196966,3760100
31.935496932669295,3958000
32.68129329261475,2467400
33.1130635511535,2869600
33.53698925536037,2989200
33.85100236306771,2201000
33.34073016664861,2368700
33.851000019458446,1819300
33.91380826936757,2604800
34.55754456136329,2895700
34.541839276021754,3041800
35.24837631257128,2829000
35.28763570739896,2818300
34.91081566047062,2318200
35.122770283080634,3288100
34.698848527535425,2276400
34.565395720819865,2976900
33.52129546611592,3746900
33.82745732043983,2265000
34.251378406407504,2375300
34.35342467247043,2491500
34.706689781470374,6281000
34.74092473568315,6153100
34.02345968426128,2939100
34.087241118002936,2975800
34.27856497503557,2251200
34.358280470771,2893000
34.4698891076623,1685000
34.34233612890447,2217300
34.49380166875583,2334200
34.78078519507971,2232800
35.31489039486816,2010900
35.48230023160469,2478000
34.72497761000886,2131200
34.89238669427395,2922700
33.65676445152654,5438200
32.6842102129896,4516800
33.098745514074785,4400800
33.04294283464217,2898500
32.166047894822356,2118000
32.71609585259799,2751900
33.21035022300601,2116600
33.70459373152005,2904700
33.776340760211205,2947700
33.56110775585514,2676900
33.433556281364176,2785700
33.01105140673823,3032600
32.18996021733731,2214800
32.71609913497236,2617300
32.67623945060383,2596100
32.24576444254367,2372700
31.352924090627972,6415200
30.11730622884071,6395800
29.94989501322482,4170600
29.997725293325793,4427500
30.507919724344475,3841400
30.013675025010464,3497900
30.268765142185114,4794300
31.042027122394153,4071300
31.11377398973251,3509500
30.778964093072425,5749000
29.654949403221163,4580100
29.654942851836115,3109200
28.8816838732138,4520900
28.55484252254173,3452700
27.988846388614256,6052200
29.654943869610474,3693500
29.09691954449385,3140600
29.8223540481751,4212400
29.73466452911263,2260700
29.933954920045764,2549300
29.654941673240604,3044000
30.197026215418063,2282400
30.05353632123576,2442000
30.579670647083965,3039300
31.153636125766518,2905200
31.089860593082374,3251000
30.930419745969623,2826100
31.60006029768609,8027300
31.11377255048131,3072700
30.531837544977066,3011400
31.887031063876346,4245800
32.006605978221025,7784200
31.815288072376084,3514800
31.887031729402263,2968200
31.918926479005737,2833600
32.931339854651405,7643000
33.38567293147329,7562500
32.98079675555928,3008400
32.69738659051404,2957100
32.35729603851322,2790600
32.4706601582756,2064000
32.36539162151317,2843800
32.8026598178867,3280600
33.102263246305334,2855600
33.66907877471508,1341800
33.44235069675393,2298200
33.45045181204505,3407200
33.45854496836543,4728100
33.6285984811754,3321000
32.96460947193988,3040400
32.94031116406681,2565300
32.21154135691296,2712300
31.8957374500511,2415900
32.1305722932102,2131400
31.579943837285082,2247500
31.69331240615823,17834100
32.28441858103097,5438000
32.21154697749772,3887300
31.98481673579111,3369400
31.142682061651232,4599200
31.239852955084757,8478000
30.810688403331188,3547500
31.507064974750502,5296100
31.7095084279271,2970600
31.579947656830274,2215200
31.93623179266674,1586400
32.07388715948717,2305100
31.50706867067535,1686400
31.62852994322152,1948000
31.50706270068756,2926300
31.709498476362004,4101900
32.08198293366603,2282800
32.34110469076217,3519400
33.13464389561687,2397500
33.32898518092219,2209600
33.32898833345217,1871600
33.66908376221156,2613000
33.80674615901716,3010600
33.69337551008388,2359600
33.863421422534586,2219400
33.23182857589038,1893100
33.5476160030343,2506200
34.00107469540318,2152200
33.88771070839313,4284700
33.37757413034761,4082000
33.061777104543644,2652200
32.90792094505302,2957800
33.03748608301159,2255400
32.81075198425857,3256100
33.23991533521929,4433900
33.102269114521654,3428000
32.71358357012558,3110400
32.818852033215784,2610500
32.7540757676013,2677900
32.7216829654101,5168700
32.0819908213717,3608600
32.05770071070448,3695700
32.85933674792481,6664500
32.95876098948495,4916400
32.40725533859242,4033700
32.10269465111447,3683400
31.97098441748349,3549000
31.69935551935193,2912600
31.304237117875815,6886000
31.534724066476198,5627900
30.867975515332116,3461000
31.32893565498394,3031000
31.320709728699114,3960300
30.958520442958964,4163000
31.3618615841996,3546000
31.781668859642394,3125900
32.02038582113895,2930600
31.9874558217861,5539600
31.493566534894136,2870100
31.691121520946545,4133500
31.419480857814392,3853700
30.88443540396968,7196500
31.60057816223403,3487900
30.8926697956721,7605200
29.871971709876544,5294000
30.398786205063743,4391300
30.08598269616688,4530000
30.769200036648243,3545900
30.65395884290423,4797800
30.25061481249534,4219500
29.690871866183386,3257800
30.44817353605286,2328000
30.250611320044175,4916700
30.57987645754568,4070100
31.41948571454098,3176500
31.386559468462842,2693200
31.94629708072799,3854700
32.14384922456108,2451300
32.07800322987887,2201500
32.37433806941602,1853900
32.036847101723076,2942100
32.185006415748155,2571900
32.678897857666016,3325400
32.703590544176265,1910100
32.934070421762456,1740400
32.95053575595922,2343500
32.99991780548702,1585800
32.72005285025346,1640800
32.514263111798925,1951500
32.448419261534376,1914900
32.35786662236775,3774700
32.28378770997534,2665000
32.308483103923294,2995100
32.185012748507205,3476900
32.33317323311912,2291200
32.58011914955346,1957600
32.44018573502907,4680100
31.54295575628616,3631100
32.02861048240351,4856100
32.89291372194482,3219800
32.99992241292769,3065400
32.59658342178382,2483100
33.049316257993425,2205200
32.563655919637135,5698500
32.49612606421352,4798300
32.3035971128564,3046100
32.16966244671726,5731500
31.22374171387184,3258100
30.972614900382858,3984600
31.114914982029017,2756500
30.98935261095233,3637400
30.955871336983098,3350000
30.704744771834406,3621300
30.520577987248224,5058200
30.194108266930893,5139400
30.035060603072697,3060000
29.641625297399166,3746700
29.67510805734544,5705000
30.72148253591377,6272300
31.566951939344825,4150400
31.081432773322753,2124700
31.550206911953374,2424600
31.809712985460635,2100900
32.06083707352017,2384800
31.62554919991332,2153100
31.64228372136041,2516600
31.474871562667172,5108100
30.964242694524998,3052900
31.273967438882345,3619000
31.257227816870262,4296800
30.80518743221995,3516000
30.754963585055194,2499200
30.554058947668445,2225500
30.286193900683273,3631900
30.82193097076179,2164600
30.570805772553783,2288800
30.771703754327334,2138600
31.10655225067876,2262100
31.206993849163155,975500
31.21537232919226,4743700
30.63777264908646,3821700
30.210852425096366,3615900
30.461986930632207,2604400
30.420126578814983,2664900
30.73822740804253,3628200
30.972611844302318,2274500
31.140034840248443,2287500
30.82193056173976,2246200
30.554062084899144,5157200
30.805189876168868,1992500
30.88052949453057,4198800
31.223743377421542,2359400
31.491613329566068,5791900
31.541836628471888,6047400
31.131659486340364,4907900
31.223737655686964,4951200
30.83867562329598,9124200
30.66288977789179,6830800
30.621031157944934,3495000
30.261078499320583,7539800
30.34478590847292,4943900
30.277815323011573,7061600
30.152253856936145,3300700
30.01832432110532,5321700
30.41176075523833,4331800
30.671258254376387,3939100
30.554063436792795,11639500
30.729695387740907,8211200
30.19267604452901,5024700
29.50221824645996,6004300
29.664176191401886,4529200
29.62155327541601,4599600
29.792042560719853,4603800
29.578939244727078,2894600
29.09305586062188,2672900
29.178299541088855,3402800
29.22091525856366,3588800
29.408451358209327,6003200
29.6641706284686,2587100
30.0392384371733,2861500
30.175630616961215,4711900
30.090381042846793,6126700
30.303485119722303,4631900
28.342923977595632,36119700
28.368499161093446,9020300
28.496361354662223,7588100
28.81175658417131,4700800
28.862905315083836,7742600
29.28058594428477,8158200
29.613032080315865,8015300
30.013664388640137,7581100
30.073338763897844,3994400
30.047762955699415,4509600
29.74941767384843,3838100
29.7153261514047,6155000
29.357300088021127,4442500
29.36582874409561,7060500
29.195350496414534,5223400
28.8969987892038,8275000
28.666845768658728,3824600
28.777658956351722,5026600
28.249162269338147,10210700
27.06429953542134,9044600
26.791525193312008,4984000
26.595467035832364,3936600
26.919389684099496,3681400
27.45640944439043,3129700
27.57574887804509,5041400
27.66098989629305,2911400
28.08720182798968,4227300
28.027533780340274,4612300
28.053104657071106,4061700
27.950813160515754,7698000
27.746233610473666,7221100
27.371169021241794,8209400
27.285928457456436,7050100
27.047251136355445,9783300
27.524604808794663,6477000
27.260354826002175,6242100
27.328547267897648,4770400
27.413788166989075,5452200
26.962008219585933,4424000
27.1751139362733,4714500
27.430838776474737,7240000
27.8399994931288,6862900
28.897002743574944,11494500
29.02485833544919,4267000
28.607181252002526,4131000
28.530456103452366,3760900
28.73503582845051,3174700
28.573080214456205,3319500
28.470792274354185,7615200
29.239988018034364,13770200
28.953227987333882,4784400
28.91847050958003,9590000
28.86633667366286,7474100
29.283429626108713,9946300
29.283425775466355,5787700
29.205223940865082,6390700
29.526732845003455,1684600
29.60494141456958,9124500
29.58755730312971,4345600
29.848241279679126,4881500
30.100235867102505,4976600
30.30009166773289,7287800
30.378300135113378,10479000
30.482570635854714,4526300
30.534708101476987,4025100
30.40437275800528,2905100
30.300095534445255,3169300
30.369606968551384,3911400
30.386991122161042,3926700
30.204507632000254,8110200
31.13428123176952,7858100
30.812771359324763,5660400
31.03000406817002,3783900
30.925732513084807,3457100
31.282003153195443,5787900
30.847531211327723,4596800
31.221175160686567,3414500
31.36889356721199,2395000
31.499238478874027,3133500
31.490549616084593,3418100
31.351517208838583,3506600
31.30806535694083,4183500
31.438415884540387,3128500
31.84680987439997,5765200
31.855505934805,2642700
31.890267146371148,4590900
32.255219618013264,2962400
31.91633409389295,5880800
32.116182869531826,3650800
32.22046142363781,2857700
31.933709652079614,4141900
31.586132632754857,6574600
31.316759662981326,7443800
31.0995253753718,6381400
31.273307336484603,8502700
31.12558985770291,5420900
31.394966339037023,5627800
30.99524545466246,8512500
31.038701922063115,4115900
31.203793521684716,4097400
31.142971938711764,6881800
31.28200262365207,5385500
30.995247323226394,4457300
30.995250853266068,5092100
30.552089434466843,6262600
30.07416818619711,3344000
30.161059923092544,6189200
29.891689772068325,6682400
29.995963656764197,6800800
29.830863792496412,9441600
30.20450751162321,14184100
29.82888353363509,14366400
29.562947001929302,4848200
30.11254454935606,5510100
30.36075331246769,10087900
30.546901791209734,6901700
30.839431626513157,13236000
30.874888960757044,5722500
30.81283563531462,9690900
30.68873513309688,3920900
30.493715790238102,3099800
30.484849910514118,8208900
30.511443170471615,5218800
30.84829576257945,3683500
30.795105448792533,3956100
31.07877258114898,4422700
31.318109601178733,6232700
31.832247809736028,4889500
31.78792317046885,3646600
31.912033440805125,3505900
32.133642337187155,2594400
32.080451124280245,3952600
31.539718227211242,3791000
31.486530303955078,5164200
31.44221275873072,2761000
31.55745393885455,3625000
31.93862465807017,3466400
31.68155033670717,3118200
31.575174953287533,4290100
31.912026771576365,2572100
31.60177052040087,5966700
31.956351590636167,3883700
32.107044627976656,4721300
31.814520894257658,4438100
31.80565988539988,3739600
31.770200507482805,3854500
31.468806458331308,3643900
31.397887868646382,3246000
31.26492638153818,3295800
31.03444772132686,6514400
30.67986639177312,4349100
30.608950978285367,4923000
30.36075079176161,4758800
29.793423395186405,8660800
29.376794569780984,7825400
29.58954321468222,7831900
30.077092853529088,10628100
30.945803624185555,12530500
31.264923429021703,12397900
31.433347937452975,8010300
31.415617029278522,10012100
32.13363983144618,4385200
31.894297149947082,9231500
31.80565827582071,8323800
31.530852768776015,7581800
31.814517405631467,5114800
32.50594604518642,4208000
32.4084371685041,4022000
32.64777755737305,4422200
32.514809495183094,5838000
33.0910072083531,4940300
33.720377739992756,6880200
33.75583677658684,12823500
33.31763666337565,11445100
33.480073961982775,7338400
33.24544799884875,5709200
33.26349415539346,7893600
33.1642277011335,2704600
33.200325645917246,7873200
33.09203486762575,6600400
33.101057802347015,6789600
32.63179124047449,3053300
32.73106207047955,4506100
32.48740412205406,3301300
32.29789579592787,3430500
32.46033308973993,5358600
32.79422767669313,4811700
32.6949630481775,4853700
32.65886694692662,4871200
32.58667062880297,4191700
32.48740483124604,4015000
32.31594469728784,4519100
32.10838856786548,4648900
32.34301845445191,5115900
32.063266902842,3019100
31.792539271647772,6904200
31.603026200453364,3358600
31.44961786304394,5755300
31.395471038955527,4787900
31.449616905935187,4597300
31.40449494105583,5119800
31.693268493238843,5242400
31.46766338732534,4978600
31.973023233256704,3579600
31.9188773061018,4374200
32.180582540806235,3513700
31.96399489530958,4763200
32.44229237456236,2220400
32.42423656894894,2954500
32.13546023959537,2843400
31.900827041958877,2650400
31.94594883442054,2303900
32.35203980575224,3930100
32.451304998623684,2917700
32.667896521151825,3119800
32.40618802402622,2857600
32.40618427574707,5535600
32.631796212370354,5934600
32.63179262172542,6508400
33.046910939131145,6790900
33.13716008324207,4664800
32.89349490323865,3602000
32.96568865926514,3503100
32.97471742467788,3064500
33.15520205773841,3556400
33.12812793096166,5288500
33.76885223388672,4627200
33.83202168612525,5788500
33.65153572233732,10451300
33.16422970061989,5973800
33.74178434690635,7570200
34.68932660709055,5357000
34.7524954996861,3912100
34.96006198427731,3740300
35.18566746951313,3232000
35.248833096020796,4966100
35.64590507597847,7695100
35.63427295624075,4102300
35.450679970587146,3323400
35.57001426733784,8183500
35.891290226554176,5534800
35.98308355477153,2678600
35.79949769896763,6150000
36.08405833638997,5943900
36.524666712500746,3815900
36.51548996094669,2744200
36.295180537639894,2715700
36.249289994602904,2006900
36.35943679776062,4767400
36.6898914422891,3452900
36.901018660936174,3164400
37.21311897199532,3443100
37.07542419433594,3555700
37.15803890587938,2731800
37.45178286021964,2978600
36.919377375838735,2823200
37.06624376949175,2331900
37.16722102630722,2604200
37.534395910724626,3943600
37.773055194805984,2372100
37.470135568089994,3381700
37.32326726577749,3931300
36.98363076016139,3648100
37.26819454152224,2640100
37.63536928248216,2339800
37.607828123588895,2713600
37.6629022084185,3079600
37.45178551694685,2622100
37.295737220779934,3013400
37.35998738134247,3082000
37.818955397131155,2236800
37.58029033018539,2914200
37.43341775067181,2297000
37.63536344009813,2509800
37.31409635928448,3267600
37.139684421420284,2155700
37.5619337367968,1909800
37.50686122507794,2390500
37.63537567489547,1922300
37.63537093657145,2607700
37.956645474168,2269200
38.11269393653434,3930900
38.34217695853703,2380400
38.52576659819716,2903100
37.94746552916638,2714000
37.86485537652042,2655300
37.77305884287518,2875700
37.79141656947077,3119500
37.405881862920104,2519100
37.516037456578,2809800
37.13050367835898,2371100
37.20393912545281,6129200
37.433419934488754,4900500
37.22229233156535,5882600
37.72716669720826,4890100
37.956647025330554,5974000
38.36971592574424,4509900
38.856224060058594,4583000
38.98473307784668,2601300
39.4712357538965,4038700
38.75525063305118,3733400
39.23257974932212,5627700
39.43548084115361,5556400
39.27703170608835,4072800
39.621893616773825,3345000
40.00403885198393,3051200
39.90151122903441,3764900
40.47006382836644,4554000
40.45143331032691,7654900
39.798988342285156,4560300
39.76170504518006,4078600
39.93879432502543,2648400
40.33025702399574,8445800
40.68444219015761,4350300
40.81493181027747,5658800
40.544636259220155,5538100
40.889498834320236,4658100
40.3861855338141,5077800
39.56596992953823,3598000
39.59393166397714,8932000
39.43548732640826,4346500
39.193144307009746,2345900
39.04401941763117,3380400
38.45681551678595,2535000
38.540701256327644,4402100
37.962828803457306,4677300
37.79505585328574,3981700
38.50342489327725,3696900
38.91353289627549,988600
38.96945519602824,1320400
38.736440826524955,1792300
38.79236202380474,2186700
39.32363285521157,1646600
39.75238508437247,3086300
40.16249084472656,2971200
40.40482517234112,2475900
40.339578944825455,2662000
40.637837237240475,2738500
41.010665272506515,4845900
40.57259276574712,4283300
40.35822160186975,2999400
41.38348506591229,2861200
41.159788847746114,4936700
40.89881594707069,7092300
41.57922344157638,7521900
42.27826693379588,4318400
41.63514300608739,5113200
41.87748453400141,2028000
41.793596738589585,4020200
41.76563833358897,3230900
41.34620654030817,2702600
41.47669219970703,3308600
41.476698146740034,6187400
38.727117721384175,5272400
40.51667585700689,3380500
40.75900269734178,3917700
41.094551471259074,3545500
41.19707672210136,2561200
41.52329869886331,2769400
41.70970524740483,2810300
41.840194968613055,9647900
42.166420240250126,3658200
42.66487125261196,5863200
40.772861710334965,8369400
40.48905744476751,6078500
39.97820982617458,5547100
39.49575656003775,6522300
39.56197297866805,5421200
39.16465205112202,6925500
39.43899257742405,3435300
39.5808907651026,2348500
39.55251624078341,4436900
40.649882132120375,4910700
39.54305057523801,5819200
39.495754679333366,4822500
39.95929823833373,3527000
39.29709211219978,3144900
39.647116538015524,4298200
40.394459932485375,4451500
40.01605237410477,3363200
40.4890573546234,2511200
40.29039775638253,2044300
40.612037252851536,3082400
41.1796398567974,2832300
40.96206054011294,1913900
41.245861653983184,1884200
41.71887035215685,3269800
41.57696823639933,2600000
42.02158737182617,2792700
42.19187047522227,2623700
42.0972687593497,1707200
41.95537172846174,2281500
42.040508250041405,3803300
41.917530304792045,2390600
42.0688944421423,2239500
42.32431218227374,5855100
42.03104954431736,8368400
37.84024302758376,7363200
40.49852296423616,5119500
38.51191109540598,6115000
39.44845765753463,5464300
39.874160915474654,4538900
41.32154626190913,3589500
41.73778408046491,3214300
42.097270159138866,3982900
42.38107252742246,4781000
42.90137689671149,3450200
42.81623686651561,4460100
43.23247956067232,4194200
43.37437692378597,5078300
43.80008328583576,3620900
43.75278137972956,2553000
44.07442359259989,2397400
44.01766458294196,3312400
44.093345421846855,3166800
44.39606556528242,3025200
44.31092627080036,2395200
44.0933479973974,2821200
43.658184847669894,2548400
44.24470262084029,3833000
43.91359964169801,4541900
43.51627891046079,7929600
42.371612785820936,11784900
42.28647302446656,3895100
42.4376875487563,3617500
43.14850363676265,4018600
42.8507291832952,1903900
43.11008375666317,4096300
44.157099742432116,5951900
43.94576981556694,4923500
43.427068298528965,5087200
44.24354642229299,5139100
44.06104120589601,4268100
43.80168352399085,2533500
44.041828163415,4106200
44.71422285855963,4190800
45.42504353238962,3102600
45.319374772717744,3839100
45.098449456507,2231700
44.92554655929387,2656700
44.5797444493723,3472300
44.08985543559266,3741100
44.23394449335018,3003900
44.32999854172694,3059000
44.915937689327,3064100
44.95436482969416,3338900
44.301179161813266,2513900
44.27236450494936,4810400
43.388645770785864,6126300
43.004417781852716,3023100
43.11008487987998,2151300
43.129295287874804,3699000
42.98520884620475,2709900
43.225351756328244,4598700
42.956393566534366,3618900
43.29258831280314,3517400
43.20614004916997,4229700
43.01402475936299,1487300
42.79309766352394,3691600
42.28399985110842,2828400
42.6105853212552,2812500
42.063070910624695,5151400
42.735463181659796,4989500
42.84112259169687,3285500
43.379036704314956,4307200
43.561543296165226,5524100
43.08126285592445,3239200
43.22535106170664,2634200
43.37904089893903,4263100
42.927572065893486,5254800
43.70563214726275,5878900
43.60957435889692,5344700
43.609575719373105,4604300
43.22534911146104,2854200
42.889153979290846,2759800
43.24456202387728,2642900
43.11008306261779,3490100
43.99380205209194,4571200
44.28196645499947,2464700
44.810281482754405,4258600
45.06962749655005,4017400
45.16568870246812,3222000
45.223322181956284,2387100
45.18489894571834,3756900
45.63635930919995,3968200
45.521095484724526,10222200
45.82847184343422,3570100
46.2731219288198,4289900
45.785932480478316,2543000
45.454644201447536,3366700
46.1367060402224,4189500
46.56543562553211,3823700
46.75056396374005,5030200
46.70184449597861,4696200
46.467993584908996,3285700
46.27312107866752,3359600
46.429022762832446,2754100
46.662871255213375,3529500
46.77005438905411,3762200
47.013645930881665,2880100
47.21826116005073,2616100
47.0915976540185,2668600
47.169545955238725,2125500
46.92595264158391,2634800
47.111084463868245,2876700
47.43262572887355,1972400
47.49108947527471,2011500
47.84186299505386,2052300
47.890585036375626,4127500
47.65673612268423,3646000
47.73468860622407,2307400
48.08546024353774,3096100
48.22187359640854,3258600
47.99776395631011,3391500
48.27058999719167,4209300
48.67008772572202,3944900
48.54341528363995,3213000
48.329052265771146,2410900
48.34853903693602,3686700
49.128039436133406,5176300
48.48495478757489,3771000
48.38751614740103,2570700
48.835727709370865,3407800
48.5531634383522,2812300
48.42649266896019,3484500
47.685965457101744,3495300
46.886976708665784,3335200
46.46799422553476,1597000
46.39978902888752,2374000
46.185427083919016,2272000
46.39978777482973,4134300
46.03927268359243,2787300
45.99055160637129,2233800
45.96131794373989,2794100
46.08798991615847,3227000
46.57517767334734,3953600
46.01978115339842,3508000
45.77618782650375,3229700
46.07824540387377,3751600
45.815162572717554,4137500
45.54233971848725,3569900
45.746957110763795,3649100
45.503363093898116,5886600
45.2013053894043,4551900
45.08438103745131,5265400
45.18181900351852,5700500
44.93822579262346,6780100
46.52645457230332,4987200
46.77005378177973,4253600
47.179286893457146,5350200
47.52032179041997,12242000
46.16593774370184,5799500
46.575176801808,5182100
46.45825241683638,5467200
46.85774644164659,3071200
47.452118425617805,2903100
46.96492968569949,4052800
46.721333244884946,6289800
46.00029380932894,3891900
46.56543460106374,2824200
46.98441540737498,2097800
47.42288125470086,5246300
47.64699343428795,5064100
47.28647090824252,4870500
46.52645754877408,4179600
46.90646418517746,4736500
46.85774500233934,2682700
47.06236254256488,2987900
46.438762376103604,3058200
46.08798938908807,2448900
46.19516906142776,2107100
46.38030008231835,1913600
46.409532561246536,2959800
45.41567095219723,2870200
45.727469440871594,2784800
45.69823976423511,3569700
45.51310759000026,3138900
45.785935316943686,2250300
46.35107020797603,1208900
46.28286173572021,927000
46.282863401468,2207900
46.52645927256858,2308100
46.809026342629664,2244500
46.69209838195255,3117800
46.70184651821794,8362400
45.49361812840641,8396400
44.4315477720277,4661400
44.04179971718672,6166200
44.18795327039327,4211000
44.56796284532744,4904000
44.831041998702254,4304700
45.21105157620453,5311700
45.2987460606093,3198400
45.84439192418321,4772500
46.37056014994714,6340500
46.14644928021842,6388100
46.16593821056027,4055000
46.52645769512671,4681500
47.2572378660482,3702200
46.467993449855506,6068400
46.7700523963109,9139200
47.67622119528021,4171100
47.900331565960464,4711500
47.18903509991143,6738900
47.14031340203489,4955900
48.2218722851268,5244000
48.76752305275727,4381600
49.30342943619334,6638200
49.26445845801993,6383500
49.478814432571504,4918200
49.88805767717401,4477100
50.3265275919586,7064000
51.154745761547865,20312900
51.42506467526408,8027000
50.72399380968037,6191900
50.54625567693413,6695700
50.95110045730879,7223200
51.29670193640407,3325500
51.61267685663459,2967900
51.602800352428034,3106400
51.652172846704026,4156300
51.790411599260274,7779700
52.96544614320191,5903400
53.19255238197078,6198800
53.32092062584417,4202200
53.37029107452996,5078900
53.47890603466558,5298000
53.39003920560279,4558400
53.261672288747334,3749700
53.241924110607,3251800
53.19255379305871,3519200
52.87657629027596,3744500
53.56777580001978,3893500
54.012116224973965,3060900
53.22218034505183,3580500
52.73833757682121,4502700
53.449284598723835,6699600
52.18538114174795,6396400
53.47890870854518,4996700
53.666517494500546,4029600
53.94299864869404,4106900
53.99236810300172,4806200
54.2096020946295,6065800
53.71589232094977,7429400
53.32091977076834,5208000
53.53815551326884,4797600
53.26167178122092,2628800
53.20242808597248,3747400
52.72846727786922,4614600
53.814632415771484,3555700
53.80475833627466,2948300
53.91337140760444,3262000
52.77783800363593,7405600
52.39274032602816,6016400
52.007642149446404,5918500
51.513932421866464,5544000
52.13600885583616,4457200
51.612676311763316,3385700
51.44481285783982,4567100
51.168333799294416,2689300
52.00764413509848,4051000
52.728466879094405,3215800
52.08663947616095,2985800
52.540852682015725,3419000
52.71859020185203,4257900
54.69343913192734,3025200
53.93312327432894,4617000
54.03186550855986,3592400
53.93312237505345,4447100
53.45915800471573,4749300
53.71589182421404,5074300
53.459159515286764,3088700
53.74551242409671,2587300
54.209602385943626,5645600