22.34186978829895,14957900
22.25215789199768,11360900
22.03523360000108,9770200
22.132278715699815,9115900
22.0866181854176,9971200
21.84684944152832,9284500
21.74980968242036,8966300
21.692713647387635,9075900
21.692723967519424,9646600
21.56713362518169,7346500
21.52717449248566,9729100
21.698424715063897,15845900
21.578547191961423,15240300
21.264571535980412,14174400
21.041936782000576,12870700
21.11614750029199,9986100
21.007679669336152,14555600
20.90492299562229,9791100
21.053353980205625,15282000
21.281700717314436,14111800
21.407283782958984,14015400
21.407289411581935,13147400
21.390154237143683,10737700
21.373031841775287,10662400
21.521454012968697,9438000
21.647047509375284,7579200
21.47007883048151,7084500
21.441535355657255,8872600
21.293105562672217,10676700
21.447243871807586,6686000
21.504337610142326,8145300
21.31595316663899,9579800
21.2816939580914,12155800
20.922060675511272,17789700
20.84212835263332,14882000
20.653752424680466,12550200
20.847838908778318,9123400
20.939176618556097,8776200
21.104733936788616,11403900
21.121847847987247,10170900
21.12186137005068,9392100
21.20748584135264,8372400
21.264563911741877,12698300
21.412993804946243,11265600
21.25315473508222,9934400
20.96771106212856,17648000
20.825001020737872,11903100
20.699414522675198,9297300
20.613787607002347,13097500
20.842119775156306,8607000
20.693696975708008,13404700
20.67658538428827,9034600
20.6423297576308,18106400
20.482489857926932,11448100
20.550993719894386,14833000
20.014382810651153,17485800
20.03721559034235,11987900
19.94017255967842,8804800
19.780339439218764,14720400
19.706121098483365,11279800
19.923049129633302,13312200
19.860248241839546,20140200
19.413600297426097,15639300
19.6038790107822,15200900
20.036322905210934,10676000
20.036322413616016,8304500
20.09974462788323,6360800
19.990195455699762,7172800
19.961356975421264,14425600
20.209289793570928,11500600
19.932535138442656,11012300
19.74802929795405,15012100
19.748023204350165,16011300
20.024792469209604,10932200
20.543712071199955,25470000
20.19199168065311,16555800
20.0478493095705,13476600
20.168932138146292,9174600
20.28424869694899,8410100
20.2265949867146,11456900
20.353436703596312,12987700
20.197761084182556,14205800
20.514876573508754,10170400
20.514887374556054,12748700
20.474527369717144,12880000
20.843530816138387,8286700
20.757061956852894,7313800
20.50335521984852,6858100
20.526426635523883,13667900
20.2611820702579,9091900
20.382271109635514,11278100
20.08244226668854,13913000
19.944072827796564,10447100
19.89793824949907,11668100
20.526415566001972,14821100
20.65902949849611,10298500
20.866605219999986,7475100
20.69938954029995,7940900
20.73975232814091,6290700
20.635964877721694,5064800
20.780106212191978,5880200
20.728217929327496,6003700
20.659039074472002,7597500
20.503358113867055,12206800
20.324604572064956,15578700
20.53794604898502,8616400
20.451456110283292,5933100
20.480285897464704,8578500
20.497588624784385,7721800
20.480291496196386,7090400
20.526420318332793,6504700
20.34767726172888,7127600
20.439928484097425,5900100
20.60714088160534,9128200
20.561003439818066,9775400
20.866593609352435,15436700
20.699392745086016,8378700
20.785878099465513,5783400
20.872369668946405,9192700
20.999213423443887,10695500
20.69938342862503,12273900
20.514882170434174,8561800
20.624439651030706,5892400
20.74551976757094,6204900
20.5898407674288,10788500
20.504694940292193,10686600
20.37662634599794,7921200
20.376620061207152,10760500
20.14374099324115,10625900
20.14955491301525,9587000
20.266001679645115,8455100
20.35333182202926,14462200
20.522159894065574,11108900
20.75504016081482,8773400
20.778325068068046,7631300
20.76668264646804,8386100
20.673530924454163,12573900
20.504693027026683,13308600
20.784143755879374,9322000
20.60949891703033,6976600
20.696819315570128,5979400
20.749215142490993,6473500
20.67935660025165,8414600
20.586210222217257,7518400
20.638607425592298,8494900
20.56291739363647,7263000
20.65025104764509,6646600
20.702647196688424,9788200
20.62114015244099,9565300
20.580385231519454,9288400
20.557094600506797,5770300
20.417371119579748,5923500
20.527985963176665,9726700
20.260169986541865,9605300
20.16702429987805,8664400
19.951617214218853,7604000
20.178671210699257,8645900
20.172852223527315,11000800
20.06224211937765,6676300
20.260182444820764,6186900
20.137911468472087,6593100
20.091334322393013,7900100
19.97489891891954,13530100
19.788607258153576,6982000
19.875929517037207,9644200
19.462578732479063,7483200
19.631411873678527,8907800
19.555734242476483,10076800
19.6488777667334,9768700
19.957440082669656,7100200
19.93997569109802,7289600
20.318387980961933,10212300
20.34168469873249,9160300
20.161206858820286,9107300
20.25435832259542,9714100
20.027303083180318,13029900
20.027304671818715,8136800
19.99818961737975,8574400
19.92832940803344,19557400
20.306759592642255,10208200
20.097162562491,12550200
19.963259701827596,10551200
19.736202900014973,8108600
19.922511442105424,9615200
19.939975785892905,9849000
19.823536577809843,8734600
19.730387363898252,8838600
19.707089806831533,10701100
19.92832981464812,10533700
19.90504329422771,14619200
20.064219871399104,14992300
19.834883795379906,11652000
19.70550824050145,12637200
19.92310088757102,9923000
19.993658407293356,6499600
19.69375292715048,10166000
19.493823031272296,15446600
19.3938456837297,13003500
19.981900401384394,11165800
20.117147768415798,8469300
19.981893843764542,8777600
20.081870208265663,19372600
20.517030332326257,18561300
20.446455621756915,15313700
20.73460294956374,14340400
20.993344725916486,10839200
20.999220834857176,16107000
21.2285621497149,10161100
21.299131896420743,12044700
21.463786104855426,14962500
21.634310420273245,19177200
21.58726902084421,12955100
21.910710611890494,10366900
21.81660398034778,11269800
22.028309048603237,8644600
22.016544762388325,7807400
21.963622258972144,11315500
22.19883574582409,16843700
22.445822388405546,8195900
22.334094025364255,8725900
22.3576169912917,10030500
22.29292720553359,10959700
22.169440358967563,9583900
22.345852221251246,14886200
22.34585637331826,10634100
22.151793583992767,11501000
22.469345349719816,11983100
22.92213533691763,3775300
22.93390125249549,11353900
22.851584942682823,14807000
22.94565657663214,12823600
22.65163782171238,12194100
22.575197412924624,9823600
22.833936493382247,6495100
23.022111934148622,12369500
22.845695089096008,9663000
22.62223751064095,8597600
22.733963232618763,8492400
23.01623396209365,8013600
22.945658713911712,10624800
23.175009168266403,8511200
23.263202138368722,8737000
23.363189986796982,12066400
23.351419359915347,15601200
23.339658113695315,7655500
23.322023756964267,11624300
23.486658218597892,10147300
23.59252523948093,7005900
23.757171662744035,7752400
23.58664060323687,9526900
23.43962860107422,7390000
23.351412350477723,8567500
23.421980880494115,12838600
23.592161038660002,13491500
23.49134408663403,8109400
23.675202442267437,7966900
23.651472787766075,16575200
24.019175597363525,16614800
24.15557621267919,12332300
23.870906791717438,12230000
23.592168709383962,10961200
23.414250427236627,9941100
23.194809377037068,17813100
23.331218905760714,12091800
23.016889670613367,20902400
22.619550292206213,13172300
22.696645651686676,9781500
22.631403179815162,14248700
22.957582080782416,16187900
23.27784401515745,12929400
23.437965947439807,8701700
23.740434841055176,15582100
23.651473999023438,11429800
23.651463909872458,10309100
23.39645695276417,10440700
23.366795366555426,6591800
23.248190905177825,8590500
23.295635443304132,10065200
23.443905794570384,8496300
23.497278223977844,8790500
23.58624267578125,7791600
23.520999837777577,12904100
23.704853755932444,12685700
23.98951062132362,11572000
24.114074380480265,11518600
24.096270521789634,7324500
24.25047939861543,13151400
24.469907582662515,8739500
24.28012217153456,9294300
24.641893522617043,8541700
24.66561905712528,11716200
24.410595048996502,10527700
24.689339175393254,10939800
24.612239051181426,12290600
24.600369696140348,9777800
24.3275738710934,9441300
24.60631917971938,9147100
24.612243821700396,9767500
24.351296372978133,11175700
24.582587042893262,10626100
24.469897587819894,16221500
24.410591761341824,14011200
24.564795050251632,10045600
24.523281440137115,13042300
24.499566914503987,9418000
24.475827247837408,13473600
24.428393542698522,13516100
24.93841333491673,12986800
24.90283754417502,7212800
24.825747754559455,7836200
24.867264813671092,15562700
24.748643172572507,7822900
24.63596160513125,9323500
24.77829942529564,10371300
24.87912157188562,10872900
24.87323614839073,14008500
25.21404608816591,9494600
25.345601021757062,6226600
25.261877750389814,10753900
25.070544670372723,7409300
25.112401460531224,8828400
25.010764194930175,5873900
25.088498806336563,6554700
25.27981916555048,7986200
25.243941751967586,11079200
25.351565121747818,9448100
25.411357021290847,8435900
25.638564029036548,13733100
25.417350516837956,9475900
25.429284625644808,11649000
25.3456008920699,10647800
25.507019974940764,17465000
26.368011136987633,28234900
27.133352855493406,16235100
26.906151404747597,12964500
27.258925746676894,15589600
27.211076044791817,10550700
27.450250162710667,17297800
27.862807575447835,10283900
27.468187480368623,7931000
27.348611461831837,7213600
27.456224462186885,10532900
26.876246018961584,18204900
26.50553066967927,11229400
26.666974662747556,8263600
26.18864510844161,13005200
25.883727037908205,10905200
25.65052293693444,13351300
25.560844276880463,14742200
25.554861681638513,13249400
25.172186053971092,12944000
25.501051111448177,9902400
25.770111746087775,7918100
25.650524875952048,8680900
25.507031881905153,11348000
25.560847285542774,9034900
26.188643527398924,9637700
26.104944870417892,7867200
25.692384482650535,12679200
25.33363186958564,9958000
25.11240899897476,14402700
25.321664441830546,8106100
25.1722083155543,9059600
24.72376445468276,16522300
24.299227663284668,16879100
23.976366666071957,18481200
24.275324797356337,15754500
24.01821830145563,9087100
24.000285157933167,11176100
23.99429340384223,15242300
24.586232612032518,10466300
24.41283557969635,9954700
24.317183506015844,11183300
24.3291351733136,14116000
24.616133403257628,8540100
24.921082548289238,17320000
25.66846442349682,16247700
25.34749252446948,6828300
25.841777864532457,10451000
25.558478071102805,10831500
25.588605490942243,6736400
25.642864609974048,5332100
25.534359531238508,8814500
25.847814790719397,7025300
25.28721536679987,11099000
24.865254901358963,10439300
24.600024398763516,10806600
24.68441499661903,10760800
25.257080563848334,27046400
25.95028599520437,16362600
26.022622478293098,15203300
26.161264559814562,12629200
26.61336331550962,12536000
26.82433484155551,14170000
26.93284244657029,13841100
27.05340729184449,14184400
27.186022165399308,14621600
27.6019351122533,13402300
27.668249918464248,11051900
27.216152777074615,9045400
27.70442545918711,14113100
27.125735605837875,5925500
27.41507492379171,11025900
27.19806896615965,10452800
26.673627388764768,10392300
26.553076139450994,6868600
26.70378195286365,6985600
26.61336812394834,11078300
27.390962694052288,8814800
27.294527229355808,6163700
27.53564119748765,9213600
27.372891138127354,5649000
27.28848764663917,6252400
27.24629217947993,8730200
27.547691152585298,8682800
27.535633054547144,4450900
27.366857384637584,7324900
27.656199554129888,8050800
27.662223799146197,8596400
27.54768905076742,6245400
27.638111480728128,6703300
27.51152612153345,6134000
27.517552316142105,7126400
27.66222306294973,7278400
27.125739497971995,7728200
27.481374289413463,7173200
27.360832017546265,11555700
27.734551046596465,11745700
27.975678545125554,7622400
28.246926428034413,15421000
28.150482530163753,11125300
28.168560909484913,6768700
28.30118687151114,9084200
28.37954966396369,7782700
28.15049514433243,6046700
28.39761878556087,15329800
28.27706879884852,12381400
28.204733576003363,8884200
28.33132335605971,6165100
28.421747105215456,10115300
28.3072117687108,7382800
28.301185704310882,11801200
28.564844970082415,20650500
28.71057286944992,12915100
28.595228898943834,10748900
28.44950287039205,7252800
28.710570646421985,14164900
28.716641442105143,10288100
28.959484914665616,14979300
29.153765871263587,7298000
29.12949006078138,7330200
28.564852400702915,8880100
29.044485116578155,21532700
28.661997757138746,11986700
28.46163883268454,10979200
28.43130560371864,8838300
28.57700690913702,13431500
28.716636156108297,9021700
28.746993260691436,7644300
28.88055951687127,7112500
28.740927387243413,10222600
29.008051816478464,12564200
28.98984603067462,11490200
28.492003893179312,7059000
28.625577526144006,7984100
28.643784777935828,8633700
28.838047993211465,8535500
28.83199518567799,7511200
28.929131856176035,6836700
28.807694239155524,5849900
28.777359801597616,7664600
28.83199013759189,8276800
28.88056406069518,11340700
28.838052842128928,8192500
29.135559086986866,12991600
28.935194914042196,8614500
29.00805232448489,7423800
28.898768438972876,5916100
28.66806799615056,2926400
28.619500382690333,11109800
28.206662306595874,13415600
28.05489781399111,9414400
28.364499222154297,13058500
28.230958309030285,14731400
28.097381943308264,13148100
28.473777828993185,10747700
28.57700412159135,14162400
28.58307483807076,7394600
28.328075549971807,9120100
28.352369129502403,11221600
28.874496074347263,15958400
29.00805828636351,11353700
28.904832020687692,10052600
29.263044481088702,16172100
29.323755641370088,8538200
29.159815791869114,9291400
29.341967876807637,6036400
29.396610183477165,10782200
29.530188103690307,8342000
29.129480399746495,4101200
29.46946396859991,7716200
29.62730378715303,6525200
29.59695842058894,9601100
29.348214805786917,14244700
29.378779786610018,9471500
29.45213340907637,10760500
29.08528261851239,8239200
29.287068550001358,9276700
29.02416529908535,15597000
29.348203203413846,8049200
29.409354506438678,10646700
29.44603194354009,8696500
29.745627846899634,16291400
29.378778832813236,12654200
29.531641646530186,14649200
29.880149289653723,18325500
30.308146502944016,12845300
30.37539413512973,13857500
30.7178013901697,14855900
30.57104673986536,13990300
30.308154290369085,12085000
30.38763987435251,12325700
30.613856399667743,18460500
31.158019659240484,13420400
31.316991646067493,15443400
31.066296839661227,8079900
31.09075624069602,9849200
31.084649778041005,7537400
31.219164356622766,10312300
31.194708256553344,9489000
30.931792448593523,7889000
30.785047235927266,8374100
31.237507966394684,10745900
31.21304765323671,13339600
31.280302971562584,11291900
31.274185206176277,9171500
31.457614155161625,9337100
31.671613066272226,9111600
31.518754424304156,10042600
31.286403259601215,13342800
30.944011862457454,21228500
30.002435022254296,19180400
29.947393934567177,22648000
29.929059642098878,16922400
29.103643154032103,20199600
29.329858605256803,17751900
29.77009279475028,13664500
29.831222124566874,11979500
30.032991293248145,9452900
29.73950318661672,10445700
29.62334075462151,25294400
28.565586953643777,25043400
28.822384977773186,15828300
29.115875068585204,24746900
28.85908042374761,14448200
29.04861238681686,14507400
29.232033719861068,20747600
29.996316657548345,18906700
29.70893887510975,11748200
29.68449097407071,11851000
29.708956456677083,11183500
29.525526010257156,13176700
29.494954576608414,10837100
29.72118729160913,12674800
29.580551731301313,13834500
29.710468983079192,13572200
29.9013557434082,9163600
29.772049273633932,7991000
30.036826419819867,7509000
30.178439384018663,8200100
30.233856608688555,11971300
30.492482079680855,9472400
30.449379318725764,11266300
30.461705976643984,15765000
30.769585983537844,12238500
31.754798750357743,39198500
32.03804662498906,20708700
32.4198192027264,21166800
32.23509680802955,12675600
32.05652023420562,10315700
32.167357803639945,18088100
32.493721829717934,14440500
32.49370638408932,14428600
32.30282825181887,29900000
32.265876938553326,13859000
32.01957015947032,12968600
32.53065306865533,9700300
32.512183287429565,11974600
32.518351534149446,7375400
32.315125819507266,9028200
32.35824208701672,12561700
32.50602885647543,13478400
32.093456423478884,12419400
32.01957808846211,9328300
32.074990481330914,11105000
32.24741686782759,12924700
32.49987627080464,9049900
32.40134477452672,11115100
32.25357319345202,10408300
32.36438725277803,9665800
32.222771290264845,11246900
32.01956890149955,13105800
31.73016325372944,10761300
31.804070338947074,9552300
31.66857716078821,10243400
32.173518367733564,10976300
31.97031906157547,12104800
31.748636590922985,11095500
31.55158780754263,13615700
31.545434164299134,13877400
30.972772897835977,17409400
30.683371924467163,13508100
31.040525679189813,11252000
30.923523608848978,15388300
30.560219230978134,14507600
30.744945757976815,12440700
31.182135098581924,18351900
31.299146635310237,9290300
31.059002245298082,12251900
31.34839758507741,14920700
30.597160522886824,19429500
30.51711922556924,25110400
29.999878312186215,17240200
29.833614984649028,18963800
29.71661872878168,16354200
30.32622864459035,14430900
30.313914824146817,21764700
30.11070631860216,15717900
30.525285292995793,7444000
30.469444673377854,11613000
30.171572121157386,10792400
30.537706539269994,10577700
29.9729939379512,21881800
29.48894958426291,27232500
30.21500713955619,19172800
30.829355816500097,16393800
30.972094500153105,12263900
30.9969051124325,18302200
30.28948875876746,35535600
30.717673911793245,26199400
30.28948309329288,30677800
29.631686106250033,20520200
28.936650608573462,35706200
28.340923091465648,40175100
27.490746445629572,51202000
27.36043356090932,40020600
27.770000457763672,32316300
27.96859003809551,34080900
27.118426900550073,44504500
27.55902026427846,28297400
27.676927625017683,36628500
27.15565424238131,34200000
27.91893479794741,30556500
28.390557194748133,27447200
27.949975574400074,39278200
26.90743126075499,32549000
28.06787571773475,21357600
27.267360381569016,25217200
26.76469236742289,27726700
26.52888948309721,51414800
29.836450723317792,57869900
29.2717569274913,32691300
28.620171130656537,23582300
28.961465523601003,30844900
28.82495309251791,21476600
28.235427005748278,13248000
28.390562654682746,13527200
27.602448709664362,23516300
27.230125622902904,21605200
27.08119272351882,15581500
27.925143378891203,16937800
27.552811372524324,15416800
27.819658763513118,15556800
27.453532015532314,18994400
26.8515931620858,21526200
27.149449578177673,17181500
27.279748204846534,15148000
27.614856997322935,13896800
27.565221932335707,20262100
28.06787221055675,12482300
28.16715745873815,17958300
28.347125868418765,27267800
29.768200076453702,31807800
29.551015870342763,19553500
29.476552502026127,20535000
29.29037962422678,17346800
28.700830846884337,16405200
28.707059518818006,17485400
28.669815122579983,12840300
28.576741653513704,15587900
28.216811865058936,17276200
29.16005676197092,16003200
29.22175282890137,12675700
29.52830225319162,11132400
29.68470264589944,13435600
29.59711197328793,8305500
29.77228362481974,12967500
29.697212767647883,18858500
29.40944012091824,27920400
29.196732225402897,12507000
29.25930065383928,16575300
28.777587592585267,22510200
29.42820137243314,34659600
28.840142969196528,19397900
28.646211346807565,29500400
28.089425065612215,18094100
28.727533268767864,13519100
28.608676339752247,27352800
28.840142190581858,20076400
29.378148767002482,18851700
29.647167907051372,18861900
29.027835708397916,13131400
29.371897762837143,23899100
28.55861862431515,31730100
27.80791003078157,39570300
26.706855470916597,28852800
26.70685057661745,28756400
26.856997905982958,28980700
26.59423411882822,37342800
25.899828215798216,43587300
26.344014978205127,27691800
27.088460723761806,35927500
28.715022606691896,25367400
27.901752491695447,23434200
27.36373112547023,29021800
26.71310644778015,29656500
25.881055379796074,33277800
25.530726676547555,26759300
25.96238003823063,10808400
26.19385728767539,27132300
25.59953858490397,28501100
26.731874513277816,32246500
27.1385256292662,23553600
28.38972475822728,40113500
28.715024812268442,21417200
27.726567129457486,19315200
27.86421545455843,20627900
28.076904755279546,19130200
28.908966790889885,15286600
29.27806814993226,23388400
29.47199834038305,38455700
29.42196911162757,44364000
28.671222209222105,41261000
28.302133708844252,27651800
28.039376592215433,19965700
28.0080943007607,25224900
27.463823512009842,21293700
27.732836578699473,27147500
27.476337928234777,26363000
27.613977422294127,7679700
27.97681824160646,14578700
27.901743535166077,16530000
27.645248199342145,16852200
26.94458879185221,16361200
27.484138075343978,22122300
26.720512695773838,17150700
26.13359992705876,25873800
25.937958628919105,25644100
26.1651483121539,33646000
24.984992067998352,33546300
25.098597999132082,41863600
25.79913073266296,37520500
26.04523509060681,22817000
25.704461151694417,45240000
25.534046252482142,63183100
26.23456600850252,39647200
25.395214432274585,51919100
23.767006704245357,57178600
25.496183545792768,77137000
28.92302324263067,52062600
28.8220512827097,38410900
27.63560472345649,29739100
28.9924657519097,56112700
29.72451643953983,68343800
29.28905744816771,55500600
29.82548964045863,48834500
30.18521846001413,28310200
28.430778278671774,39045100
27.93852802257784,27274800
27.383161025465796,36818000
28.3739878458025,26058300
27.698709046801994,25874000
27.553546285214576,27193400
27.484131006634943,26533400
27.79967952396759,31180000
26.764694145353236,29031400
27.47782300296548,25811900
26.739444178747803,30149700
27.225385937274442,32878200
27.17490413679071,30452700
27.40841010361675,27917200
27.597736729271393,24989300
27.181216183889664,38566000
27.768124104582032,36606500
26.430206183498203,36856600
25.590853760194534,31481900
24.84615816947116,56449300
24.83984765944811,36325600
24.095159738713935,44356900
23.281044404595903,43258700
23.811171887701445,41281300
24.284486474727515,58401200
24.517988693576267,44572400
23.880591613595847,45537900
24.486438196995653,77776000
23.35046723178946,125296300
26.625833476676323,76994300
27.30110571129244,70593300
27.080238702749412,72777200
28.66427062035211,66011200
29.042926227035142,54485500
28.569623828176784,41122700
27.906969231572415,32154500
27.26323924974348,29011900
26.954014720528818,28920400
28.48125728933395,54562600
29.954067832592997,36597900
28.866105466851792,30314400
29.171512109563057,29875900
29.54051722887306,24069200
28.783391231665295,29187700
28.7452251248217,28476400
28.12171841942809,30230100
27.56182498380698,41959900
26.976486588585967,33774900
26.836513081673832,37271800
27.695440284571376,52568400
28.210768721399287,30302500
29.476900356188736,31398100
28.81521181028673,23513400
28.60522991629924,23703800
28.89155600025707,23260300
28.86610663881203,37769300
30.087698006443247,24266600
30.32946603325038,27175000
30.119499444824083,20738700
30.06223442222589,36280800
30.335817941328862,31723700
31.748255723298513,27942900
30.743011267729347,19276100
30.119504817215997,25441400
30.679400016306786,27636400
29.890447374461083,26106000
29.10789123214313,21730400
29.78866219246159,20295600
29.92863597015183,27485300
29.266934418365853,24138200
29.29876282698572,27289500
30.10678321005739,20871400
29.61687557002791,19402200
29.05062816696082,48996100
27.86721318836396,40611900
26.976482533250934,28883300
27.180082821493954,21440900
26.97648850990581,28457800
27.606362727767934,31688700
27.16099056976387,22789000
27.96902036214644,21391600
27.122820562066387,30620500
27.059190284857486,28503100
26.556562615518157,30800100
26.658358886753668,27755300
26.58837573080142,39887900
25.65310319288223,74856700
23.687140049758796,54412400
24.4951554733096,50965800
23.992520764909163,53247700
24.425164713457622,40465600
25.118664322067435,34860200
25.67855586100232,32510200
24.514240169517436,35513700
24.67966241822992,59944400
23.97980711429252,55374100
24.17067603240834,37741100
23.419917360998358,43526200
24.13886403898458,42317900
23.642599944719823,45708400
23.19087252685745,69316700
22.1792512300693,50792600
21.674916865009383,74620100
22.10596442956263,51750200
22.59492246627508,33028500
22.83940116538774,48883600
22.067358733014952,62285100
22.993805225643236,50971000
21.874356511608962,47807900
21.47547554739948,71316700
21.99659886945221,50370200
19.770550701733942,88717800
20.78063965443804,79957800
24.479978086541692,132114600
26.50657312265384,65409900
25.953276635778614,41354400
24.550753930976065,50104200
26.319986900403787,59345600
27.059860212418968,47454600
25.200551019176647,35188000
25.354942879399317,41673200
24.409200842159823,50527400
26.641677512007565,47954900
26.139850616455078,37394100
26.448670336091002,30773300
25.824596405029297,27748000
26.5516025944184,35763100
26.60307575740734,33009400
26.17202446091736,42712200
25.419289501149382,37174200
26.2427885176169,34643900
26.371461164869658,65248300
24.216194999196816,48575900
23.54064846804468,41142300
24.479977972195385,36656900
24.396339262812084,32193100
23.167513122860004,41424300
22.852267750563076,39065000
23.27688799342059,30564500
23.94598308868349,36022700
24.061792276055286,27081000
23.27045209833394,28810800
23.514935245779494,23812300
24.2290523636299,34724300
24.775920908341465,23327100
25.451446945283006,33267600
25.033277522746612,28787600
25.284182623074646,41510300
24.126126034134604,42100300
27.272175877003498,85629900
26.255659786682273,56435300
25.728108674945652,46100400
24.60864366176853,57012300
26.274967382760927,51417100
24.69871998001189,92112900
22.89086315069975,90368100
25.142636701897217,104396300
23.502068597552007,132982000
30.238088354227685,88523900
29.395274312293573,44934200
26.088388828057063,32404400
26.699584489987224,27186400
27.182118893653506,36831300
26.088384562973214,148081400
29.967872422510794,79528000
28.71331227974072,66987800
30.180180564597844,59424300
31.930126834670478,53944700
32.61735827552122,68639000
28.195759451746362,63065300
29.45351851005015,62396200
25.239390446147944,75686800
26.600870247066425,88790300
22.710911752159532,112976400
28.468065897786,81628900
28.092023327641172,95288900
25.498717654533024,84755700
25.297741618297778,75112400
25.69322367797354,60991200
25.93957487151807,44732100
25.88123832641924,41780700
25.382026067133555,60825200
24.221513144456672,63917000
22.76926292989972,61968800
22.756293940010757,62712700
22.659034517372802,73082500
24.059426957281886,61823300
23.916793245692823,47372000
24.17612609710142,86948900
26.743502581453342,45059900
26.743502055974467,48917100
27.054691074572865,53524900
25.25883183184537,56467100
24.78556409601638,50210800
24.817971893424406,41558500
23.223083492305047,61577400
22.963751150855277,56726100
22.46454949793185,74523600
23.55372834209997,55941000
21.926430705314463,57560400
21.239204419780673,67807700
20.545494970261,90226200
17.984598612094064,160729900
15.391295845514144,194075000
15.507990823649903,137382200
19.20994018714242,105430800
18.645896292325794,55644900
19.683219742367825,22787500
19.88419985868478,70984500
17.206610846031474,81316000
17.790102739024054,64914200
19.346098232505305,80719600
19.71563755720402,73599200
22.0236798388595,84589300
23.12583585251023,65827700
22.302460410598062,47919600
21.135468425848423,70746400
18.43843490251846,59939000
19.021924229352777,51629100
18.807979892877583,75822100
20.42231197350354,46719900
20.850200712501312,57491500
19.521139430101083,55696800
19.864756385997673,36378400
19.59893435369555,26931700
18.574580009790758,12339700
19.48223794801653,12630500
19.443336177691197,22318000
19.37850608082037,29842400
19.903653100458104,25891700
20.468007981565922,32494900
20.166143393441267,44069400
19.549279196590188,44216300
19.12928383868443,42156500
18.30898796565641,52075800
18.079321081770996,42597500
17.009646404197873,59360000
16.543723336292178,73422800
16.793088745394996,73907300
17.416508915478644,136759300
16.29434320139593,156843400
13.780964787329049,142090400
12.658802102694146,136421400
14.673442019525316,110240800
14.384697577811584,74369200
16.405909402029856,74278400
16.484653239362473,50766500
17.84306438607844,91373900
17.547762587632942,58624200
16.937467261802766,74937200
16.4059073915661,51532900
16.42559366499258,66166300
15.91373469678077,55330300
15.57905402098571,79815500
16.740590677919034,76845200
17.488694888311045,54360000
17.626511310731438,91948700
16.569967655490583,64712000
16.63559188124698,80536400
16.569970472791468,58580600
14.962185206374198,91424800
14.55532188910891,82868300
14.483137869642045,66502700
12.934418700665214,135941600
13.71533824929701,101615400
13.210033508412822,186379900
13.669399370337905,135790100
15.303430556520539,125043400
14.194390788866865,109872500
14.240329774305906,94984900
14.227198639237335,85590100
14.266577418904252,145009700
12.140368791594707,153808900
11.28070295698619,155154800
10.086352292693158,132882900
11.38570101168919,149090800
13.354412873429636,155421000
13.223164635756659,151894700
15.480609851784845,120464600
15.953102168900847,125001900
15.290299675347885,99884700
16.287787340095726,142105800
17.882441564420297,124920200
16.182787691384753,108922700
16.602781307111833,146776000
18.407430056487424,133143000
17.843066224454105,149452500
19.063661132804523,133663400
18.551807071224463,108610200
16.84559170307956,104860500
16.884961219306486,84307400
16.59621555208419,106016900
19.446026727230823,131840800
18.3941829633439,80949500
18.58481929220271,72188000
17.933998713301868,73652600
18.04575069869183,66538300
20.01139463633761,147913000
21.043518114322207,110196200
21.720648399580103,109541400
20.129728903339103,108069400
22.35833024547098,132956000
21.924435202144274,104962100
20.892312564557805,109372200
19.110749297707585,115629300
20.800281317138083,124080300
21.18814336176174,89366500
22.128229051676776,117098100
21.38536015946464,67832500
21.26703202978458,65809900
21.983601917280467,84731300
23.015727231515594,94556900
21.59573329906157,68254100
21.73378975724086,100918400
23.30498693922627,63488200
23.548220888850363,102644800
25.31006621595364,113228400
24.19248203669717,110026400
24.554046515038642,86808000
23.824341508195225,94148900
22.811936499116626,82160700
22.430637359048568,68764300
23.304986387944712,68301000
23.4759119262765,71730900
24.521173906371434,59860600
24.067579704720572,77073900
22.47665191854912,65068100
23.180077201517104,39227200
22.430638717898816,65462400
23.99525509880077,76374100
23.10119734494784,66107300
23.896646286471114,61932300
24.586922803411387,90184500
23.055176540934635,159381700
22.614705504967223,72136300
22.614714145426685,70954200
23.482490087391806,61583800
22.713325010152875,61615100
23.482488374706907,58992300
23.383869815209756,60176100
23.05517075819605,66560900
22.91711077955857,41157300
22.930271859841227,55388500
22.529250112820048,56344000
21.97703902522169,65456600
21.595731274780807,63861500
22.779062835547457,77009100
22.805354739677774,70388300
21.76665779631745,59046500
22.20712485495807,50429500
22.00990728371925,57205700
22.272860809320697,46722500
22.713323211238915,34914800
22.74619139003206,39470600
22.562329605538324,36463700
21.96320341406451,38352200
21.087568809874245,60664000
21.482598022462568,56704900
21.680105137167125,71784600
21.653778404262603,41655600
21.930287103150338,51037400
21.640603204262167,70454200
22.73349672287449,52924000
23.115362406209076,84050100
23.372114679953455,71465100
23.977829230623772,61742300
24.372843413440357,43554400
24.4913450117083,43509400
23.96466155973407,40137700
24.326752620677848,56528800
25.050968485682215,35328600
24.99829294434716,30479300
24.846867301345615,29035900
24.879786802964436,29931400
25.103628871386388,38531000
25.26823138451275,39085700
25.75541315966566,42957800
25.85416755133278,43363800
26.558626426838078,63334100
27.83586253112245,54175600
27.177494226233243,65696000
27.671271108385003,43700600
27.83586165781048,50698800
27.118240521745044,43077100
28.132123065305155,40385300
28.06628921357111,38413900
27.13141055380597,39162800
27.058990543154746,29053600
27.09190184309763,29394100
27.342090959852996,29634300
28.217708895881447,42863600
28.876094462110952,40385200
28.566655837144854,34835700
28.566661516867676,31908400
28.342810369406514,28975700
28.843176152683977,27263600
27.941206056978587,32251100
28.36255308155048,51475400
27.32891481747248,35898500
27.144574035575264,35019600
27.86877789994457,21880200
28.17161897413578,28089300
28.046542537960242,29031600
28.132133199280926,25112100
28.395469093735176,27289900
27.704196657519788,28945000
28.71149306183442,49985400
28.540332606263778,38721900
29.159182087151002,35705700
29.784635786479097,39492000
29.32377400887746,24070000
29.50154135182594,41148100
30.548359029751115,34427200
29.764893206455856,42231400
29.067017811370018,31056100
28.948514345337983,25826100
29.55421099366992,23930600
29.494954260199396,40904000
28.573243645808773,50562700
26.907159981856452,43061100
28.001385401869378,34430200
29.24061233039139,41695700
29.39881318262867,36148700
30.348003912587078,36627700
29.965701936479643,26034200
30.565526804470633,24220600
30.090947436714348,45701900
31.1060530974104,70368700
30.558946440938776,36096800
30.78305475434069,37459000
30.598505924763575,30415400
30.196421450708534,30614800
30.334837097636047,32991600
29.609745522497203,32388900
30.1238861967599,27638200
29.741588003316036,42085500
28.996714416344503,38075200
28.825337036188895,45679500
28.48916423075543,35898600
28.970349396554848,58853300
27.803625726735046,44598100
27.744301101094543,29387800
28.482564645372715,42548800
28.080485760705095,32893300
28.43642117647563,27140000
28.957171633576564,38845500
29.095589897273637,30980200
29.227428467847304,32669300
29.05604818148713,34649600
28.44961085188597,36650700
28.50892479826155,43516700
28.291414470853013,25859700
28.436433990205636,20422300
28.410056705945973,26878000
27.994784673651232,25328200
28.311187788239014,29810700
28.5155181167498,31881800
28.126618964455023,26123800
27.012626083519784,26230100
27.394947955094324,38240600
28.08706665942026,39211100
27.78384942485982,32519700
27.88273994141783,53314400
27.849773064820333,61485000
27.441098642834483,32949600
27.032406133797704,41878900
27.19060143858268,42492800
27.26310999154015,36380900
27.019214020982737,46616100
27.032399533625956,35340800
27.355398702144033,40244400
27.137866043873778,43562800
27.0653604184158,44272800
26.716009637376892,48126800
27.388354656141665,35991900
27.684993859101233,24754800
27.57952045657025,24503600
27.474055822708678,7956500
27.58609603462025,13039900
27.50700102223067,15593000
27.203778182192373,15501800
27.43448567214619,20143100
27.579638283181954,35460500
28.239616200540144,41208300
28.675173042133498,27729000
28.899564557237525,44864700
29.28234480497308,33110100
29.777295586994143,31878700
29.03155911106902,47109600
28.741171052091918,39622000
29.170152173793316,37938300
29.2361521236811,69738500
28.642183160225976,41731500
28.384793742880714,39934400
28.404596841943412,137547700
26.827292572433866,106634900
26.239929529195777,56572200
25.73835358692206,52975300
25.309398281003816,66314300
26.18714313708726,65047400
26.167344684508066,53649000
25.8043590821071,37408200
26.266330582681626,45968500
26.781106357153043,37373300
26.259736213350777,57211800
25.500772040537203,75224100
25.26980187315822,58321000
25.2037985128459,45173500
25.50077497491688,39331800
25.632773271198932,33830600
25.520574278072242,38051100
25.9561608530731,46425300
26.56991365799936,34644100
26.358722277406827,31809500
26.470915370790756,40290200
26.662310395878354,43898900
26.992287513347563,52233100
26.431323531737636,44645000
26.503912532216763,46718100
26.8536888256516,67699100
27.7380266913953,34606800
27.705040224701015,33891600
27.48724347131203,27562500
27.65884303997737,25450700
27.92942326428613,34790800
28.27918715706891,28524900
27.975626331208193,37107100
28.292394722357212,40903700
28.318799324054773,30119600
28.602590715892497,31367300
28.32540178817719,29142000
28.609168557947434,28553800
28.582771963677747,32918800
28.873163412052698,26012000
28.675195693969723,37014400
28.424392509542606,23257200
28.93916490235859,33735700
29.32854631278862,35849200
29.684924403459252,45019400
29.724529885231103,39727000
29.863101850119644,30628400
29.632122998599623,30296300
29.242751820904413,39043000
29.75115052323479,23894600
29.91633760239684,21342400
29.88329268794286,28192100
30.27971125447838,28890100
29.837046493096945,28869900
30.31275178691105,22881200
30.41185629834714,24645900
30.41845293218762,27988900
31.317000028213528,72533100
31.482173616207152,45412100
31.49538653725381,121203900
29.883296631024646,72136600
30.24007476220545,39310700
30.418454095438708,46320600
29.671860732998084,63176900
29.552948625431153,32483800
29.585972580996472,42889300
28.72706913485212,66296100
28.304232332847576,48578900
28.997954046396693,36520300
29.083847939606088,54121100
28.390128166403645,31230900
28.390110990362942,48982200
27.82192487055291,43062100
28.165477579296862,78226200
27.108363782817918,72976300
27.960656708324976,66578300
27.392466328207103,50771200
27.577470431936547,47700000
27.37924754779435,35320800
26.493907214773227,60719400
26.381594859022385,56506200
26.837481830719998,61735000
25.463239644097275,64600500
25.46983827279352,76564100
24.458969990314706,89588800
26.53355536604122,49141600
24.888433312965876,66813700
25.892686755027523,50719600
26.150358906078772,44843000
26.645893980930207,41252400
25.97858010546747,37848600
25.87946607714996,39618500
26.33536558980174,30950400
25.430203916602558,52868900
24.967705876522526,44528300
24.353265961931466,51017900
25.205570163149268,42586000
24.895038110493022,44302600
24.967713779011085,31147600
25.086636843537264,48662200
24.809147112545734,45355600
25.119666063861487,37217100
25.502867031015025,34755100
25.502867229411216,37270800
26.130536629264647,33665100
25.720906352914636,42245700
25.298060334472595,45046000
25.46984221413984,73843400
25.62179624191238,70734200
26.13053996250159,39962900
25.046995796379147,56694200
24.458980510197403,35332500
24.174858773626234,56642900
24.02268186287119,36796000
24.274100675144297,35953600
24.2410206271216,44602900
25.656843842934755,41498200
24.97539106539933,30422300
25.709775810700716,24998900
26.338290221790714,48564800
26.563248160788927,37320600
26.940343157376184,81876200
26.649241890856782,58507400
25.82223428980554,35404900
25.352507197674534,43538200
26.62939186653285,41115600
25.775927290592673,35494400
25.914869762167715,28241000
26.331671932979347,27209400
26.953585636021018,44872200
26.755096229026613,23945400
26.933733864882853,28994300
26.278746202137004,26406500
27.11235740453623,35566700
27.456402460201044,29967900
27.27113970121234,23078100
27.105742685810377,19830500
26.95357456221685,34906600
26.82787344143164,37790900
26.245667357882667,34166500
25.570838954679246,46201600
24.717364854685226,35387300
25.008463576050126,24564100
24.69090253930353,28334100
25.12093591481137,33883800
24.737221798333948,27041700
24.915850997427544,35384700
24.551970210694833,30862000
24.618133648457487,29282800
24.20793826334888,48709200
23.784508077139964,36058000
24.05576914130003,31873200
23.731586238731783,38448800
24.082223583123135,27306500
23.777901396154114,34784400
24.30717878246701,36770500
25.034940832692246,31282900
25.451749480702283,34135600
25.623758761534315,31885500
25.365731775412144,30781000
26.417686308719237,33438800
26.411064078329865,21928600
26.88741327498013,41643200
27.105749559034486,42754100
26.80141670863089,25399500
26.940351925405313,25207500
27.1454428070932,45938300
26.622781020030217,33337500
27.33069815092577,33548900
26.74847464959208,34546000
26.219193132782905,33471100
26.139814137260036,28855100
26.159655262395795,25684900
26.0405619311524,31442600
25.663455045504854,40207000
25.464974765409067,54885200
25.365740202815655,38973800
25.822422146995226,38886100
26.074165049129547,42379500
26.20665056738395,31559900
26.571004285532897,26923900
26.279527262886187,28178500
26.180154594455075,24601000
26.147025690492693,38798100
26.935339256166102,69607700
26.001293630106,76504900
25.749553754797834,142280400
24.610136419092292,55058700
25.106978273546744,70595100
25.17321569781028,43497200
25.299091836880226,38250300
24.841999947585855,24876900
25.153357066192907,37893500
24.497522330879292,39188100
24.55050926539085,30777500
24.974496776700242,30614600
24.80887595894558,19803300
24.914873044202054,36941900
24.86187209782473,39913100
24.497524873551793,35299600
25.26596278805862,77569400
26.425260822309195,75684800
27.06784153418797,32967000
26.782984167243086,32800100
26.411992940417647,35587900
26.676998311445168,25499700
26.405386103827915,33504800
26.37888912136616,28772500
26.325892423949714,46023000
26.219898285290643,32027500
26.21327872540326,30987600
26.107290267944336,26542000
25.875431186512426,33249500
25.179848180185513,35340400
25.060610391453814,24248300
24.981107888073893,12819100
24.822132601066645,30911400
24.83537200399202,33716700
25.140108978299125,33157200
25.458086396464324,41526000
25.882047446591173,30070200
26.15365309624087,25364500
26.729988873182503,40908200
26.074167347275882,38115900
26.9419795869613,43001900
27.0877167880313,28449000
27.538174532205694,35730400
27.452064157265255,34010800
26.981730839331078,30264000
26.776360767950514,37123200
26.53788085918371,52004800
26.385525509458706,22978200
26.604130133054444,30757800
27.273194034818577,47280400
27.922412950064142,18927900
27.703795762391426,17203200
28.28675560095554,20386600
28.207252475097825,13637400
28.028392665694966,12901900
27.89591364217487,12199700
28.485496273011165,43278500
29.035514536924023,40036800
29.12836872966186,50032500
29.4467114830628,31606200
29.53956468711274,69579400
28.697291615051462,30098100
28.982466367512906,28067100
29.473239365319113,44296900
29.80485686194015,42133000
29.51965410690055,86983800
29.85790688724289,46237700
29.546189954489115,44989200
29.068682812810515,46977700
29.877799523015923,44767400
29.983910394194464,27826800
29.725262644873794,36022400
29.977275392418413,25639400
29.831364737232143,26740900
29.877792650574687,38593900
29.45334874133287,23574500
29.977274129499378,28255500
30.36859185714011,24104900
30.162966653204386,23322400
29.844646903529224,38172900
29.6788209768442,36790900
30.169607563039943,28649500
30.08339655251622,33491000
29.9109636623928,22688600
30.10992769476416,40812800
30.90579046719142,28699200
30.879250772806724,35972900
31.270544090333733,44327800
31.68173505234459,22932600
31.714901261588544,23844300
31.303712883943344,44561900
30.534387323212844,36264800
30.2624667145009,31926900
30.67366088436581,26782100
31.045062620808295,25985300
30.819571079743678,33682600
30.103297925041993,28600000
30.32215177225223,23043600
30.494582486941194,27716900
30.255820483517013,28110800
30.096655568403648,32941500
30.726722020089042,25174700
30.560915897204595,33783700
30.030330692930345,20337600
30.12318698333239,24508900
29.54619332663168,35606000
29.605876767879145,41962900
29.486501086094805,46741800
30.003804054302545,77421000
30.693567709621412,28985300
30.28237045581609,19756600
30.03697795893089,26688900
30.308893138488006,21748100
30.308884853456053,20710400
30.574178562485624,19039400
30.395098877924646,17913300
30.859347385954038,26829100
30.54102039143296,23340500
30.87262022773987,25387300
30.753313778111586,15708000
30.786652289717267,21058400
31.213418780824128,31203300
31.766879088659568,29972000
31.686845181685516,23808000
31.34011062133489,25641600
31.040040716413017,27231300
31.50014397777661,55383900
30.459913804887556,45214600
30.16652897815257,32475000
29.519721575910925,50958800
29.51304157975759,26705000
29.93980475404369,35542800
29.793107986450195,24368100
29.77310439422784,17358900
29.90646096106193,25900000
30.206515472078795,20857200
30.413239545168565,19859000
30.546618077298408,23363000
30.633285683204523,25904000
29.97315582590294,30025500
30.659946820539087,22727400
30.16651398413243,26154500
30.319890031072468,26332300
29.839794356759388,22469500
30.04649818482953,20534200
30.019821204211436,31519600
29.40635380180353,29567900
29.3796859340173,32872500
28.652874277323995,34951100
28.459481542259006,36277100
29.15296455670116,24372100
29.553064767042084,19518000
29.22631621819282,29946700
28.27277312440542,32299500
28.519513270032014,39341400
28.079400852009915,26505300
28.086071126470323,21648100
28.472829545758493,24747300
28.832904815673828,28746300
28.586168440916694,38628700
27.959377639592603,45964000
27.399259011226526,31833100
27.405918841316986,40895900
27.285900349728728,36312000
27.05919083154146,38890700
27.065862279191045,30082300
27.06585291148791,48545700
27.532618745721738,31767100
28.0927403111531,32103500
27.352579806701723,37336400
27.0925224293511,50316600
27.239221151248316,31999600
27.005833009552102,21565400
27.12586393683831,34241100
27.11919178490867,27306300
26.752458161486018,48307500
26.705763992208478,36136800
26.2723516371171,30632700
26.71910094811188,41558700
26.699103720003965,44775900
27.152539634860187,28000100
27.379751486216843,32136800
27.84938108770735,23805800
27.23214537997767,23865700
27.634699350256003,28550800
27.305945821240574,20680000
26.96378633047767,38328000
26.326422633977824,33808300
26.614904733271803,34020600
27.62799717662204,65327400
27.245558017477734,46544900
26.695420689195167,47603200
26.782639645214804,34837400
27.299237505894073,31250900
27.88963391266562,45552200
28.359261599421558,19986100
27.856074082211645,22522300
27.842665503233057,24350600
27.64139516599538,32361100
27.29923419621859,23370200
26.997322225992598,37793400
27.61455643764049,34039300
26.903389135257566,42119000
26.67529301764553,41110100
26.373378686051343,59931100
25.695761567286176,85507800
24.306982568185617,107650300
23.736713468447434,78985700
23.83064415189709,83975700
23.23353967554281,69583500
24.9108009096467,44072800
24.508257097370826,34827900
24.33382285465743,42266600
24.46129685746725,30131400
23.662913419388826,57130300
23.320749224333976,52960800
23.562277241122416,50971400
22.33451833086047,55807900
23.36100004758103,41959800
25.3536034579138,55387600
23.669625138408698,35114200
24.702818075195655,27943900
25.091964220646584,28818700
25.10536201225276,30051100
25.239542584254156,36862300
23.52203016178196,41677300
22.213755737260964,57071200
22.877960762255167,36145900
23.106055206269723,44815300
22.19362410618651,67187400
21.0329543002398,53377600
22.012478843014225,50137600
21.958812110141356,44442500
22.388184880423964,35847800
22.844411781139545,52683800
21.931968089900057,33154800
21.985648324231658,34085100
21.623348073566575,57389200
19.691146639560298,86285600
19.4294925209219,51731300
20.167482993073982,58696100
21.885007898785037,58242900
21.214103209956125,38725900
21.187268219622066,51014100
20.62369895397075,42420600
20.147363496897984,51002700
19.119978310685408,69800000
20.46007757667373,51117200
20.78494407314066,53214000
22.050591553108216,49320600
21.387311393757905,37324800
21.644500010295,38161700
22.17241517016657,55462500
21.96260380518008,78830000
21.570054260258498,51899600
21.41438413639908,40865400
21.224871367347625,64392400
22.17918533257406,50119300
21.874620054917912,41657100
22.659719854382516,48445300
22.747707104141746,45697200
23.133487156330585,38679100
23.08611095873431,36350900
24.74429998606101,76438300
24.77814880586318,39891200
24.317910390505286,46429800
21.976133191288987,74052400
22.81538019748874,34325900
23.092879252488167,40084700
23.004898201511136,30858700
23.03196994057552,25925900
23.370375090327304,30193100
22.903374869954547,52990400
22.280696645215247,30427400
22.524354934692383,29983400
22.301011387727947,27596300
21.71894683563545,31260500
21.888152449703355,40761800
21.251951590051895,55130100
20.75787543038906,39029900
20.3179458549213,39658100
20.236725003841464,36466200
19.70204066863587,44468500
19.140289979898817,21423200
20.108128718742915,45280100
19.614057597845886,45104700
20.405931436069505,61412600
20.886466271302176,33189700
20.900002414845478,90515100
22.768007771828113,52207600
22.510818336281524,38782900
22.213013940594355,44722800
22.707097060908797,47788900
21.901689512280754,39104600
22.03028004424986,35977900
21.908455198862956,49475100
20.900003646200773,41291500
21.72571517937336,33457300
21.766329571746265,52596800
21.570053155531145,47388000
21.251940950235554,49091600
21.65804024175172,30893000
22.12503408820367,35543200
22.75447080685262,21958800
22.483750283376615,16891600
22.328074260655782,19242700
22.138573053330152,19792000
22.40929582244734,18196900
23.05227281835993,44102800
23.477240624116703,36571200
23.661298910565204,38381400
24.329363206901693,33160600
24.15893501183693,23001800
24.588400183551883,35972800
24.40433922355637,29852900
25.099663636895354,39420700
24.03622514723538,61571500
23.756735878046918,55115100
23.545421293120768,55502100
25.11329647965174,37000400
25.072396434474395,34716500
25.433692329877644,27499200
25.345072467982778,25403800
25.46777697706543,29860700
25.822251547963226,33284600
25.379152592931888,27674600
24.99059427449399,24423600
25.58366730514934,29649500
25.829069549033694,41957800
25.692725593122002,26784200
26.088116842087462,41074400
25.94494962377262,23106200
25.808619697081564,21091900
25.93812209106084,23258700
26.31306056970922,28608400
25.372341853285956,22618800
25.958574415940536,24828000
26.060841303561983,27031900
25.958581454657924,26534900
25.324621016012603,22139600
26.313062596951205,28009300
26.347144661541236,22804200
26.108556240747202,23416900
25.944950292059424,31361400
26.35397389784371,17586400
25.951768576492825,34030400
26.67435216730342,37900900
26.810695679591603,41187700
26.933390085392567,44376700
27.560548425458713,34897900
27.74460142061769,30806900
26.892490989647563,33927500
26.89930658105448,22875100
27.587808439513697,22052300
27.778689478519805,33494200
27.853673466032117,30763800
27.96273721978808,77277600
29.73511875908385,68028700
29.74875266523895,57117700
30.58722222617408,48844500
30.294099417512353,41509300
30.355447115699565,34796200
31.03713748919639,27267900
30.484969811342992,27457200
30.30091610656102,30639300
31.003055238271926,33529400
31.302998638411292,33026400
31.193924888281988,29755800
31.3030050374019,32262300
31.412063148511496,25945800
31.187123765877654,27669300
31.384404702486137,31036400
30.657079115047395,41342900
30.27969768684817,28832300
29.634705598939348,29376400
30.108165042981422,38841000
29.909185864426355,32142200
30.272848826395684,33631100
30.8423454098261,58183900
29.76509032676445,40387600
29.977797987032048,26887000
29.929777565268154,20242900
29.806258500904267,25961800
29.854289651742498,26178100
28.76331437711935,25536300
29.490626483520963,21420400
29.950341563508942,31694000
29.65530413171313,28100300
30.149326005703927,26242900
29.730784395625022,23518000
29.504350401235754,26359700
29.81997590965924,22462200
29.765093699837045,19536400
29.044634416810947,31279900
28.42710660028295,25910100
28.475128736810696,28049700
27.939940996395876,38769900
28.289871902448688,35827100
25.48352840229994,217294200
24.769936059014636,96488500
24.83168592593,89903700
25.243382822673066,68729600
24.042614931379042,95429200
23.322163618474193,82650100
22.99967621383003,99554800
22.862450558181724,84721000
23.06828172352658,52512900
23.630926908399864,37843800
23.329018550132638,28796400
23.31530791014615,35855200
22.848723115343144,34203600
22.615430264576343,42124900
22.23804772309911,50472200
22.066515536053153,60492400
21.195109956714134,46502800
22.443898568638488,47980500
23.17121352380482,53888800
22.485062652339824,34238200
23.582899620294203,46404900
22.560538269697467,43334400
23.116317677368407,72456600
23.61034019931097,44428000
23.939691090561304,40917100
23.816189900631127,31084400
24.00831031951046,32489000
24.721895101455235,61149700
25.037531752242334,95637000
24.71504923792823,44193500
24.19356949463844,33115800
24.742499424841125,35053600
24.454306978195195,34156800
24.23473675033111,69904800
25.181618182558925,56063200
24.886587547853395,34274900
24.87959165540118,26705900
24.637451667557745,58519800
23.46818838593644,32057200
23.392093722768788,30545000
23.675758903434865,33175500
23.66883460628289,35144300
23.751862571229783,39301500
24.25693048896637,83001000
24.741224501273567,52368300
24.519835014617342,43998300
24.04244656914019,28944900
24.229242393023576,34384700
23.558132068766422,36301200
22.997724185669487,41248300
23.92482766407192,29920400
24.201580339029295,32127700
24.755075262422444,28900500
24.914195460775115,63636200
25.253214072496558,30698200
24.983380228695754,19681600
25.03872835460041,22180200
24.644376132288365,36675000
24.782744255829734,24516300
25.07333291899181,18979200
25.301650051089148,37225800
25.49537944186709,18672400
25.405426778475135,23406700
25.4331051516576,15492700
25.509201779962638,14453500
25.889734720100773,18065100
25.647579193115234,17521300
25.723687650875082,15894100
25.73752773129833,17079800
25.543799145570308,17922100
26.035038342945015,36880600
26.20798997515669,16899400
26.159568918504327,16429500
25.55763303225913,20019300
25.813634404243988,17618200
25.66833858631016,18050500
25.82055461766686,13681900
25.64066336970568,13700700
25.696012496948242,16771600
25.5853162459699,13631400
25.654503411345054,13537500
26.000435530069485,41346800
27.010569682407432,28082400
27.14201267628877,20853500
26.844523079053864,22378900
27.591734901216743,29882200
27.564057056234617,47018600
29.03083014469418,43471600
28.366634650621787,19740100
28.40121695788312,25186600
28.594942518758856,22887200
28.338944442332792,20997400
28.73331303082524,28287400
28.096787548757604,20499500
28.74715147367671,21988200
27.778536748579516,23782700
27.95149929961565,20843400
27.96533620994107,21380700
28.28359695278996,21956400
28.463487492061656,26946100
28.457637635293114,22419100
28.68764204038089,24326500
29.300990079686713,22774400
28.806121760663107,18631300
29.112797957847985,19947500
28.959460638839925,25797600
29.53099045392492,27755000
28.994305578587195,44564000
29.210375418091598,26268000
29.823722764896075,28588100
29.92129965384613,26177500
30.032814171648095,23630400
29.830687067434553,29747500
29.44735673609464,27993000
28.90371369834965,22896400
29.050077280379508,18918900
29.440374850914782,17311700
28.868856342442236,21892700
28.889772628761637,19423500
29.064007313792644,23325400
29.997960801942536,17029200
29.503106219095155,13252500
29.67038354868113,17190900
29.280064095582418,47631200
28.771281187694488,27830900
28.095209990267712,27553200
28.471568068620698,12816000
28.00460670629884,19793500
28.025507799183885,30986600
27.223989344747217,24858700
27.481877881445225,32458000
27.94188152462095,26781200
28.10915163582331,19375900
28.534300493844846,13030200
28.645823597635314,8316700
28.429773996288187,20376600
28.48551313271314,19875000
28.22066117131278,26106900
28.68067147154246,18915000
28.56916495352282,20066600
28.764310344002684,18955500
28.42278929044601,24031100
28.36005837527539,25515600
28.750363750736817,20541700
29.161595994221745,34552900
29.649482529020926,22394500
29.691287926655907,21955000
29.970082989509628,23110600
29.726146152639668,18457000
29.809768615630084,16208600
29.970088403943105,23879800
30.54857703586085,33858600
30.66009357001094,34348500
30.45099491529671,25014900
30.54159878268117,38973500
30.47190402002536,8621200
30.632222054941547,11498900
30.63918894989816,19567000
30.039784171870156,15401200
30.039782887733338,24209600
31.56547131192114,31413000
31.39704411989761,24227700
31.193530469173076,24487700
31.642656729974362,24456900
31.860198569844815,19624200
31.972495206867915,25920600
32.20407100247884,23413600
32.260217542039,19723900
32.20406085892653,19079500
31.92337260744661,29898000
32.21810857626823,43453600
32.56198491716147,41086800
32.54793644818846,28679100
32.45671570719191,24257300
32.44266891479492,19105100
32.44968110446388,20008200
32.800577108203846,26009100
32.8707424746602,19706800
32.477753866893124,19907400
33.01111303262803,18631300
32.99006374979644,19536000
33.2637359983714,24520000
33.36199249209158,20822600
33.6427009927819,28067500
33.97954711640087,28282600
34.14095006277939,21429600
33.91637413236142,15218300
34.04270981990494,13935900
34.24621670392115,16388000
34.63218109195321,21635600
33.96551741743191,18017800
34.63219294821496,20016200
34.470785354998384,20445900
34.632190453513914,24786700
33.97252732078989,24437700
34.126923795713246,23584100
34.4567533544174,32775500
33.83918812415054,39401400
33.57954205725301,31921200
34.498854279711736,24711500
34.10586896913659,25923400
34.197099780766756,17695200
34.730438232421875,25561100
35.00411924414758,19607900
35.12343425395455,24245400
35.50238354737416,32711900
35.249744465078834,19473000
35.33395545999933,18003400
35.29184534293585,16680200
35.26377509622013,26378700
35.06728341566547,60880800
34.51989597548994,28011400
34.84272355120174,24411500
34.78657496810958,19385300
34.239206691531706,23535900
34.12690673283978,22791500
34.41463591552632,23581400
34.204119946736526,16417500
33.82515928215015,26530100
33.57251542012499,27506700
33.369009464954935,17442200
33.69181692678171,17273700
33.916598367434304,33467400
33.16102592070478,21514000
33.04098598655316,22961500
33.81069518303802,18672300
34.41798442190412,20066700
34.55921300277137,20388900
34.7498708923508,22584700
34.53095259504507,37805900
34.17081583621,31527300
34.19907338098326,23865500
33.9730974995965,43466300
33.048047078876515,26106800
33.295185981287936,19746100
33.47171887078541,15230100
33.6694543233531,20568500
34.12138387439282,16459300
34.6157049912581,19058800
34.50270321887646,13929000
34.65807706980421,13496300
34.57332013670093,13802600
34.43208927924719,17686400
34.071960734484705,15529300
34.340287130805024,43257900
33.69063607064592,20829500
34.29793528413087,24291600
34.756938362220936,23559300
35.0958836994943,18103100
34.6368763063613,16199600
34.48859245599143,23979500
35.14531570105392,24188400
35.44894620317296,27467000
35.92208540461411,21389500
36.19747212407932,26080300
36.91775689268566,22020000
37.0942907666341,37112600
37.72983940712974,46968300
37.29909016758584,25294200
37.35558135189594,18342300
38.52779757959373,27162300
38.19590805178297,20482600
38.55604333511756,24890800
39.339877023932644,24990100
38.556030130902975,28279600
38.51367223749941,22022600
37.97699991978109,24326000
37.31322709350383,23940900
37.969943538598244,21691000
38.58428859673243,16007000
37.75103413627398,17600800
38.06173108502812,18479100
37.42619599249032,17090200
38.16058673276009,17185300
37.92051044159435,16856600
38.153535935476455,13259100
38.12528491788449,20840000
37.48268096666767,31857100
37.397950006465685,44412200
35.929157130777625,30736500
36.374028183076376,20951400
37.179040569432324,19332000
37.44737164349527,17093600
37.51093414355508,18256000
37.58155168864767,23511100
37.393254638014604,23935300
37.208330747391564,10442300
37.955175223088254,17070200
38.79452428305833,21786900
39.17150721453306,20508700
38.95812948904188,16915000
39.71921151084234,21322600
39.484478171759676,32569200
39.47025627615544,28292000
39.05059260616738,19222700
39.15727875478997,19166600
39.484492289477245,24563100
40.19578989151362,17762600
39.95394293054872,15999700
40.34516438667118,10577100
40.48742310468723,16665000
40.153110270389455,13870200
39.87571349933214,16762300
39.818793284742,10049100
39.740551200653634,14207400
39.5342743596052,19404900
40.089090014219764,15979400
40.025080381914606,11007300
40.06775038823495,9370200
39.825920322458295,10588600
39.16439827431092,12828400
39.420475568796306,18587100
38.90120905605038,12652500
38.43886161886768,15133000
38.56691576969728,15078100
38.64514384178343,15785800
38.068983628989386,16933200
37.7488963432859,17139000
37.62087050470715,22793300
36.831318621028494,18701500
36.93090455847657,17136200
36.98781854110952,14658500
37.17986655018315,11126800
37.10162812063617,16548400
36.290734445272754,23596800
35.79992670994827,18748100
35.98486267748588,13576000
36.14847473592483,15863100
36.454320847741656,15277200
36.39031474630104,19923800
37.00915347899955,13913200
37.27943842769988,22339900
37.542612218069216,19936400
38.28948182764888,20233200
37.9622961557767,16028600
38.00498217795128,21976700
37.19408767027283,11942900
38.019211341103805,17055300
37.834270969627134,13207000
37.47860580944838,20844500
38.14724980401961,22452200
37.66355094361168,30792200
37.044724553039394,28189500
36.28361879993499,34906900
35.721695678495266,39175500
36.93801396615637,22298700
36.632164907079186,23026000
36.7957639138428,21350600
36.73174113376554,19188000
36.77305529963655,23841200
37.26029404603886,18614500
37.31047279004434,17407200
37.46809845946274,16159300
37.138495782895454,19536000
36.665571324013435,24721200
37.14565751306264,24328700
37.94817783869491,32498800
37.2173073826185,18881600
37.91236266420773,17566500
37.69739752882096,24864000
38.54292472812835,17791000
38.87970090808203,24796600
38.88685989379883,19471700
39.15915857953294,24820900
38.19898390618481,21034400
37.862208297167975,17759000
37.37494978526286,20889600
37.89803608917862,14836800
37.85503848923399,23363100
37.97685015361047,16157200
37.72606310239534,23738000
36.86619736603148,25794400
37.79055643612492,18891300
37.1528121779096,14532200
37.44660575504855,14013000
37.35345478787432,17348900
37.138496333342914,31183100
38.628898933041015,12062800
38.64323545932091,15964800
38.34945586205293,22121900
38.879692488342044,17634000
38.88686974904794,20530100
39.76104944917058,22318800
40.10500383405084,22979900
40.434603988572185,17682800
40.32711790226223,22843600
41.02217188258699,16730600
41.20130173480384,18649600
41.29444472900188,16263300
41.25862965492767,11238900
41.25862780771061,7128800
40.914674116764964,12465300
40.764194118118496,20426800
40.44176347258845,20287200
40.63522534327148,21324900
40.534911955853076,18661200
40.32710799850354,12714000
40.47758955178975,14543700
40.5134201065771,17836100
40.1623106754329,15325300
40.39160424701238,11461300
40.370103265731,26379200
40.59940058338893,18338500
40.01183993763998,27685900
40.91469907563144,16790000
40.99350416547701,22001700
41.53807339349558,13990600
41.60973409699554,4532600
41.81036469415444,6677000
41.68139231092771,8943700
41.659888935778504,8815800
41.70287951464515,11017400
42.05497386030106,15627600
42.04055269824657,14214100
42.668012934403194,17550700
42.76178594844781,17851200
42.22084615845491,14687400
42.53820355892933,13242500
42.314618233293444,12694900
42.199231454828606,20711600
42.04775497879266,30272400
41.63665338082121,35186600
42.40116343225087,21689400
42.704069691218145,20997900
41.89629771704165,19548300
42.069394691015,15433500
41.17507146792388,26234600
40.38894041088354,26833100
39.72540913903257,23935000
39.948987312728775,18041000
39.638844491421295,25459000
40.43941339893926,17031100
40.0283209916118,18174000
40.02831536412658,28549900
39.465747202835715,20709300
39.73981319468916,19491600
39.92012348096491,20881600
40.85774796792202,23388500
40.94427780035963,14715200
40.82888276712324,18774100
41.35536959551062,13437900
41.1606501065826,16605500
41.75204983520827,13067300
41.8458197696909,14983800
42.091031649638644,18669900
41.49241296891608,12457000
41.53568110270139,16790100
41.557326578925206,16151400
41.759274534110645,17991800
41.37701389730456,23661700
40.951488495467295,16277500
40.80002752943723,18599000
40.60530090855911,19151000
41.07409629009922,17157000
41.4563477885208,17761500
42.199216917707865,19420600
42.80505411177171,18602200
42.65359024213994,16945200
42.85553165108344,19420000
41.615024155012826,17932100
41.83139356436236,17192500
41.189502090967714,18635800
41.26161930005976,13581400
41.70157528925281,12554800
41.82417260759498,21450700
42.091026145082424,33736500
43.96624228183744,35144100
43.54070442768743,25810500
44.07441328235475,24053500
44.16819386563372,22745200
43.230573322671866,24632600
43.42531944069507,14708700
43.8724612179081,15216700
43.959011284224005,14584400
43.81513787622956,14012200
44.01834770093061,11925200
44.28689583268377,16966900
43.321608576661674,18685700
42.67566393285054,16956500
42.89341260248542,15308400
43.07484246338574,29977200
40.04836745170816,47241300
40.53461245385759,31081500
39.98302834416882,26691400
39.91770649845365,27049400
40.16447736597546,17955400
40.10641575158934,12384800
39.94674780363346,16257600
40.49834629053469,11379000
40.69429490981211,15360600
40.86848254380673,15937700
40.37495423130187,21394100
40.44753168708437,13453400
40.81767455403696,14388100
40.58543404768297,12744600
40.5200976641091,15153800
39.10484791153078,25232300
39.22098460319143,25327400
38.86532983964624,18502600
39.33709621055473,16090800
39.35161106329641,12366500
39.38790416626663,12825500
39.72901719319749,12310700
39.65643694981166,10325800
39.337087460885094,19763000
38.770983763833655,19992400
38.52421397629787,12068900
38.98871994018555,16888200
39.22823332387595,13210200
39.3153408822793,11800900
39.59112643435404,10876500
39.73627279720947,14503700
39.98303985204704,11374900
40.462053330589384,11741000
40.33866495611037,11991900
40.38946521655503,9440000
39.9830388444683,9131500
40.29511548361145,9727800
40.57817460817985,16803400
41.19508843556157,15399800
41.30396539275144,11999700
41.7103881765465,11609200
41.71763993482261,14232200
41.42006876741652,11670200
41.39103704005079,12040800
41.26039792384641,11199100
41.21687293548514,11200500
41.579746194842045,13729400
41.870050412501975,11624400
41.87006381735773,17124800
41.76119507446511,16007700
42.0079699079205,12322900
41.528940152103665,14836600
41.61602877222267,11854400
41.60877602533906,10178600
41.68860058040556,11549000
41.76808700120644,14472200
41.85580164528055,19189900
41.82656059578812,12599800
41.578054732744825,13916100
41.18340661363704,18343400
40.83990783330736,10914300
40.24061582904161,12436600
40.40870835836044,10230000
41.314959364925215,14004400
42.35276757478073,36178000
42.76203636810594,20507500
42.79858293316035,17013500
42.63049789415721,12803300
42.47700469520063,9141400
42.69626238577638,10375200
42.944757684424985,11122100
43.17132755275572,9844100
43.06169528996474,10500600
43.076316808633436,12382800
43.21517349196348,13498800
43.1347801087999,11815700
42.86436801830029,15955900
41.943493073700644,23915400
41.592668677551494,13543900
41.241883716497476,16863300
40.847225340246894,12190600
41.38805239141912,11743800
40.84721852655211,12213200
41.322283192422006,9066800
41.09571320137054,11289600
41.431895688384955,7012600
41.49037053024237,8275900
41.833863956221414,12727400
41.5561433625133,8881400
42.09697710253218,9040500
41.96542130693883,8121400
42.140827317836816,12745500
42.71088415411883,10228600
43.105545817397996,13996800
43.53675329407912,10281100
43.741388561288915,11410900
43.302879145347895,9096100
43.368656924224844,8897900
43.456354881395974,8671100
43.86561615544139,11791800
43.58060584171544,9811900
43.573296719209544,9600900
43.73407648597554,8090000
43.58059729114669,14868700
43.22978934925076,9153800
43.25172544992647,11467000
43.7048410387347,14359100
43.690231113872315,10685600
43.63906807104265,10947900
43.814476754636836,15091800
44.24568012131995,16973700
45.1226907212151,18739300
44.53802645901858,13225200
44.45031601562302,14328800
44.71342179845267,13728200
44.9399793177255,16340100
44.09219303041335,11948900
43.872936314633165,10686500
44.143352697727785,14384800
44.02641904857508,18995800
43.52104833554547,24559100
43.59462508515853,18321100
44.72036362918506,11578000
44.0875883954888,14542000
43.675563243859514,15834100
44.38926904807064,19189500
43.432761712485785,16689400
43.042804104210234,17169300
41.71104038215663,29096800
41.95383316444866,37866900
40.28364423669074,31965100
41.004706227787615,20183500
41.276934556572016,10807600
42.10836288479294,14020400
42.70434009389241,13750700
42.763207472986664,12641900
42.67490902752563,13758000
43.006016854220185,11087100
43.31503553433729,13625000
43.86685415099831,16712100
43.36653665108059,14709800
44.234750773432,18347600
44.727736932801086,11841200
44.323049680171906,15295800
44.73508059157434,14063800
44.94109960999519,10421600
44.93373178922744,12384600
45.06618242556105,10801000
45.40463574942185,12539800
44.45548380368914,17219600
44.51433700428015,12240400
44.33039806885694,6803400
44.14646466082332,9017600
44.403975508636854,8897800
44.47754526664558,9210100
44.293623589179184,10917300
44.93372972013854,12340500
44.66150598509247,8335000
44.99995381529593,14802600
44.56584945754805,7626600
44.44077011646768,6759600
44.131745662843365,12771600
44.15381239920961,12546600
44.8528020056175,12115500
44.95580837586869,11515200
45.62535163151701,20071100
46.059469382449414,15528200
45.50764561348946,19676400
45.735727479621026,29620600
45.00731708402158,16886200
44.536419729641565,17405400
44.69093672370902,19209900
42.9839279175763,20709700
43.09430035419956,17856400
44.6173506630913,18173400
45.17654970930589,22756400
45.73572758805541,17073400
45.65478919772517,13552600
46.162475199266694,7412500
46.11096667656778,6086500
45.92703722494518,10601200
46.14776629265486,7518100
46.57451343964796,18529400
46.04475653862506,12600000
45.95589445085851,20100600
44.90437510931221,29074100
44.34901074323328,23843200
44.408234127420286,16971100
44.963616383227865,15396200
43.897286346451324,15455200
43.88246867112188,21644700
43.57146286100739,49602300
41.268474810237365,42458100
40.47612425418592,29368900
41.498034718119804,23477700
41.06113682944473,21842400
41.74982229371831,31423500
42.74209816095184,15458300
41.77202541530816,12577700
41.50545028778867,15220500
41.927545714218404,24354400
40.9278511150323,20393300
40.72050885719455,26943700
40.37987178681708,20308900
41.401763532755076,18812500
41.70538542413639,14934100
42.1052543349547,11293900
42.76431796454236,25214000
42.51993512034196,14372400
43.26045622506029,16367300
42.99386368717462,13061900
43.638109471307594,23211300
44.03057883767632,16479100
43.95653488891242,15308800
44.50449834316898,14278100
43.80102849624008,11256500
43.66032597113138,15379000
44.06020064858211,16814000
44.615569710174576,22937700
44.993237838151146,18307900
45.19316726461166,15444800
45.26722528053239,15225900
45.378303758642794,13047300
45.6522933246494,13706900
45.64489003773141,16625500
46.05957058213103,10931300
46.02993748610259,22719200
45.05247912285338,13001500
44.99323088854052,16357700
44.52672090052497,13015600
44.9117827887581,18159600
45.467163615516526,16506200
45.54120425154034,15182900
45.42273184857384,11718300
45.45975049246887,15697900
45.59305211147385,11523800
45.40791519856277,18368300
45.72634156115832,15112900
45.14875578824798,12128700
44.82292055002996,14950900
44.0305712818808,14039600
44.05278511036673,11755800
45.082103024585386,20656500
44.963621629596325,17346700
45.0313886530263,18100600
44.777948045924404,12697800
44.666126228529635,12025200
45.58300224730175,11505500
45.51593214569204,11734000
45.67245820331705,11728500
45.73209421021093,9869700
45.9482715615203,15468700
46.93223516216221,33775400
47.02169561809051,28732200
47.76712706861016,16640500
47.148406990560204,20221200
47.12604794931413,12755300
47.20805811005817,14985100
46.70114791037001,14484700
46.805519978481804,12851300
46.68623657716372,9597500
46.738421093134924,11146400
46.58189767059668,12307800
46.63406496113816,17601200
47.39439708242655,16840900
47.48385206359184,11640100
47.4689467344928,14972500
48.08765871084146,17692400
48.10255476302986,18087900
47.461492378264666,15039900
48.4305592170357,16802600
48.64672144102866,13798800
48.68400538939102,12762200
48.765992403939634,11874100
49.07163840651492,11855500
49.29525938504104,11152100
49.04924348205511,10510900
49.77233333558623,14282700
49.90650324972684,12446000
49.302698384041676,12934500
49.66795653695411,9296900
49.34742498965729,15571300
49.1610643413244,10963700
49.46669498621913,11797400
49.33252428478473,14310700
49.19089635659052,11899300
49.07161767627246,12784200
49.5188941110687,12927300
49.42942797748371,13863300
50.219575513067596,20801100
50.286684383794395,14558700
49.90650585529534,13263500
50.38356885943626,17478900
50.95755843175026,13739900
50.92027707220202,11804700
50.37612052329844,14082300
50.51775695646777,11692800
50.99483298533157,14521900
50.9501064067472,16759600
51.03210915885236,21606400
51.33773356095412,14306700
51.695544201294446,15736900
51.81480371727631,16995000
51.67316527102474,13314300
51.38990774099256,14489200
50.45066216150681,19934400
50.60720346096799,20677400
51.11053448087178,13964400
50.98298064830418,12822900
50.18017922715078,13527100
50.337733956552114,22421500
49.51990341464086,17707200
49.88754475807387,14984700
50.43526624699514,12356100
50.93796613574542,16175600
51.00549783427073,20185100
51.943384792164196,16891600
52.24349606994572,18035700
52.03341319221938,14040700
52.14596740906937,11512900
51.89085098953006,11659900
51.98089502844125,15493000
52.663656058183676,14331800
52.10093645526777,12413900
51.13304161610786,16801600
51.43317231143272,14932400
51.26060289821457,13059200
51.71828196038667,10197200
51.77829518956051,11911800
51.46316428774084,9980600
51.37315479630531,10964000
51.808325949885315,11302900
51.58322337782864,10803400
51.268105058487365,11453300
51.18558504135043,12661400
51.19307327270508,14800300
50.57781573980506,21069000
50.45777621625871,11930600
50.585322792829096,11248800
50.73538377314932,10326500
51.00550391064927,10617500
50.96798357116112,15198200
50.127638826632754,20972300
48.83712104428141,28235500
44.4853843397314,36339100
47.3440222127177,31772500
46.3686380075253,33576800
48.004282933056416,29045700
48.23688371983976,16687300
47.72668366488823,14223400
47.156453834967984,23637300
46.983872224103244,17757900
47.1789648518429,17065400
46.36863312581947,20189000
47.09642477805843,13385100
47.97427694092513,13889500
46.41366001588001,15751100
46.80381495833763,12766700
46.99888342696246,10202800
47.08892037051672,14023500
47.936757073730284,12235900
48.12434114358697,21249200
46.3911441674047,31008000
46.15855420757527,13136400
45.46828357722086,14811900
45.61833533883889,11712200
45.02560478276402,17293400
45.97097184698391,18384300
45.708372382794686,17452200
45.00308634457813,19334900
45.54330219066208,18743800
45.858417705302266,16863200
45.03306655910749,20435100
46.280007842368285,13471100
46.937475759319405,12134800
47.270009177221944,12773100
46.7410076921411,13964600
47.14907332557513,12112000
46.73342334990919,10857400
46.393360268487505,15621900
45.91725971667979,28989400
45.69809932517569,18147900
47.17931365966797,17456600
46.85434110333158,14510400
47.12640774681122,11545100
47.519378850504616,12113400
47.171749515239306,15295700
48.08615850213183,16985200
48.24487438850576,13880200
48.010594149295436,8831900
48.13905713612033,17962000
49.317969946719536,12753700
49.348209921025095,15731400
48.70585027682069,15253300
49.34065765316141,11519500
49.88476838083138,11388400
49.71851212460112,12715900
51.66826310189821,23262700
51.917627810636915,17143800
50.77650597708922,13239700
51.46420153434286,8513900
50.52712817916604,13576900
49.75629235367847,11837000
49.46911576094355,11041100
50.383535545087824,12354800
50.239964264357965,12911400
51.07124000224706,12839500
51.381077547306454,11209600
50.867197971443744,11339000
50.005684157569846,10910000
50.580022334873696,7772000
50.63293189564051,4052500
50.84451836557334,15147500
50.889875262607305,12708800
51.260161937522106,13440900
50.50446013621342,14626900
49.95277296172438,17786000
51.1316902677393,11686000
50.06613917989097,13084500
49.582474643863016,16770200
49.5295815438073,12839000
48.97035683911729,17889300
48.53960449009233,17638200
49.17439206211561,18126600
50.56493020296536,21720000
51.3130747562994,18122100
49.85454075807165,23819600
49.1366077804438,18869300
49.816753672605344,12149500
49.96790338170929,12524500
50.345764052266254,4468200
50.09636751095252,6610600
50.51200068738575,9820800
50.663149653322414,7190700
50.02079666894383,14654300
48.652198735311366,25393200
48.46199488837527,16566700
47.716422289660436,22961500
46.75783379600223,27630900
46.50678004068519,22373300
44.7569694519043,20925500
45.228662799854256,22971600
45.2362646456788,28808100
44.24725878865879,31296300
42.94631267977765,38131700
43.92010329026311,22818900
42.32247075940852,34646100
42.406149199105506,31301100
42.938703960967636,22732200
42.96913844921964,21114400
42.48983401120345,17535700
43.425608029542,20560000
43.76034844472039,15497900
43.99619879253099,26992200
45.00802764008081,16807900
44.03423070260246,22448200
43.64623035153718,31543200
43.41038446103627,21651300
44.56677457926396,22001300
43.128882654319746,28267600
42.06379326238036,26300000
43.03759682256732,22389600
41.0063079114063,44334700
42.33767789086124,37011400
44.300487512634675,23730700
44.772195518614566,21580100
44.76458362288271,17037800
43.74513546925593,15658200
44.51352925371716,14882800
44.04945461302758,31772500
41.99533520698534,25560100
42.70284885054586,14473300
43.85164343413371,20947500
43.67667488328834,19554100
43.182146705591784,23958100
45.03846277736269,20943100
45.32756111411018,15790600
45.72316591836656,18459000
45.29713582571349,12832400
45.046070827173835,14132900
45.000429433554324,13238800
45.33516839884147,21139200
45.18302387122358,21055000
45.000429433554324,13436100
44.53634570881883,10910500
44.87109140492396,17423900
44.711333448923575,19405700
45.6851379190022,29570200
45.81446830015911,12684400
45.63948897971488,12042700
45.90576319461479,11658700
45.11453860471123,12921200
45.2895203614921,11159700
45.13736404583974,15933400
45.23626406379109,13307100
45.228660589780795,14904700
44.90152130701728,15417500
45.555844801499696,12305000
44.904406032759674,12886600
44.59015815041999,12167900
44.65148459675127,19226800
44.22995424737144,13547700
44.383245081369374,17627800
44.71279615625028,17779200
46.352933177862376,37516800
47.2802967480223,24249900
48.19232661436752,19290700
47.24196777631638,13813100
47.93940690699321,19255600
48.65218882822402,14594400
49.24998271970413,15395800
48.77480985285319,12444700
48.744144439697266,10687200
48.90510103242936,12048000
48.943420654750085,15284100
48.77480183672501,12852500
48.353277535187914,16376400
48.81313081628787,10247300
48.207656930113295,19120300
47.32629465819705,17030200
47.21131739332077,14033900
46.52152990680996,11057900
47.035025935362924,11197100
47.17299616429192,11897200
47.49488771571375,11254000
47.72481870992542,11071700
47.28795956775929,15122300
46.91241288253137,10951300
47.081025662381975,12180900
47.28796548903933,24007100
48.69049269252142,16076200
48.94341875977151,11862000
48.62918174786768,9347500
49.00473967160663,13839400
49.77115005664565,18935200
50.25399601030582,9428400
49.97807760625178,10116000
50.376627957131745,15139400
49.63319032450981,14031000
50.21567689197711,10637600
49.24232308397032,20261700
49.541223947213844,13193500
50.162031067180486,9924100
49.763493709093574,9428000
49.656195276923405,10817800
48.997078288131185,16678400
48.65218079319849,14314900
48.039042381133925,19509300
47.83211860046868,16982100
47.09634738680967,16791200
47.747811611619184,15751500
48.62918871658715,12213200
48.07736653365114,11611600
48.245979899228224,12643500
48.82080237509473,16583600
46.352938019653706,44108700
44.99636687688042,37300700
45.36424546306565,29088700
46.260960017470325,21483000
47.234319032641714,21343600
47.625173956822636,14217800
46.69059945191932,23357700
45.578359815417826,20429800
46.744660099962985,13771400
47.37029692405197,16998800
48.212184511383484,13151400
48.68334472527338,16588100
48.72195947012184,18526900
50.004115944295464,28985900
50.01184123810166,17607100
49.532964734376,10824400
49.131336413519705,9737400
49.51750827416107,10411100
49.432559067764394,9808700
49.35532194849433,8195700
49.4171121899165,8168300
49.417107016036034,8067800
49.49434306265749,11806800
49.43256275653245,10013400
49.27808272604225,13210400
49.548412216623774,11422600
49.11587592198436,13550000
49.19311713791056,13122300
49.81102660417881,9873000
50.31307367615934,20752700
51.03140248563799,11359200
51.11636353039266,10097000
50.91553638091217,11556100
50.41347548395533,9604500
50.18177713528588,7685400
50.63748219495991,8371600
50.48300471362915,10128900
50.822856602922876,11868100
50.68382328793648,9313600
50.76106077764579,9084900
50.78423154376501,9055600
51.03139246236349,8949600
50.96960150116442,10167200
50.90782042620815,9978700
51.2322176312218,14038600
51.355798055888165,14583100
51.71108899102546,13791200
52.105006348073516,14952300
52.244036258189695,12226500
52.05867355308987,13720700
52.13590260123428,16649400
51.873294830322266,10070400
51.91965092665111,12253000
51.77286993872118,19686900
51.08544435892573,16453000
51.06229227312331,18876100
51.185875542406016,12648600
51.201319848813235,12531300
51.04684748045248,25161500
51.09316553985224,13466900
51.55660685658265,10092200
51.62611770629883,14116800
51.74197919852055,12781700
52.05095478606092,13967400
51.44075029709415,16408100
50.52163166403222,13711400
51.425303309456716,11278000
51.518004111761066,18727200
51.03912529072003,21680100
51.2476468837066,14901700
51.51128971220056,17226900
52.04031102061244,16280000
52.69383034070915,17485000
52.740519778820094,18497000
53.16840779815843,13027500
53.29289454391609,15657100
53.106167537771185,11899800
52.483783357152795,17890000
53.52629961716106,24163800
52.452651611423526,14963400
52.787195037298524,11870300
52.75606200544939,12705800
52.966153537423146,14122000
52.756071307133396,12175700
53.65855198129071,10197100
53.588522433694315,9945100
53.19175690702936,9801300
54.06310752607467,14210700
54.094233063396054,12766500
54.01644413114048,14336300
54.05533110595601,15564500
53.40959861659877,12449800
53.57297726210082,10369700
53.28512161927678,13571300
53.74414746567403,16515100
54.226466897024736,17531700
55.59574403432349,50948400
57.743031801024884,56192300
59.36127306087407,27574300
60.10038340081379,46130700
60.97174933450529,28126300
60.85504148751635,26054900
60.62940774577951,19306700
60.65277833226466,19770000
60.683891274534055,11983500
60.956170537008916,14410100
61.36073651055758,13373700
61.539665851697876,6185700
60.82392674741959,13007200
60.987297092422324,14144100
62.17766216681292,25351900
62.74559690254449,23823600
63.64028344639878,16931500
64.02930591942162,18529800
65.0406795564923,16130000
65.0017773133853,18996900
65.53082542644677,20844900
66.14542529079849,14567200
66.40994429214832,14511300
66.11429105050058,16669000
65.25850404164025,22622600
66.44107711983392,19438900
67.1335031503798,23008500
65.97426440694657,21685100
66.74448092681529,14587300
67.242389063736,11400500
67.25020662427933,13924200
67.68585966927782,10759400
67.72476719880383,6946400
67.81036458296614,9455600
67.35911705079096,14689000
66.98566228858166,13617800
67.95039677528301,20550700
68.02910182262735,15266600
67.91172257511191,14300800
67.58317511614791,12893300
67.066850254702,12806600
67.33284938027131,13989000
67.6144646864456,14713100
67.87265198436701,21337400
68.14640776730934,28296000
66.44100345157787,30024600
65.42404677108078,21270100
65.7604169081043,16555600
65.26758634093186,18436800
65.16586915398155,12179200
65.6508884006174,15175300
67.15288944457032,17551000
67.2389696987778,15962800
67.79440360898523,12535400
67.42670028074268,13661900
66.96516453851665,15655100
66.91822710420863,15430900
65.97945774348709,11081400
67.42673133429317,17885200
67.89608916321293,11828400
68.16989737907546,9392800
67.41888040052999,13970900
67.2467882692437,13749100
68.4359025369029,10992500
68.40460260351564,18739100
69.07737447662734,17932100
70.46989550858038,17381800
70.72023263243577,17672700
70.2665024454149,15776600
70.80628936263946,14068300
70.81409721922735,11839000
71.33039256443783,11067000
70.54811960696235,15062300
70.65765950713853,12361000
70.28992678505384,15183500
72.5899157153083,24451400
73.43481591823533,16862500
72.08142476571923,12817500
72.16747853485742,15059200
71.69026422185294,11156800
72.503868618676,17378400
71.65897381792908,13726200
71.93279510382585,13729900
71.43210437582927,10004300
71.20525194142888,10237700
71.81546504782462,16601400
71.99537492259925,14492000
71.83892009113077,21734700
70.61851436038539,14623600
70.68893583165286,33089200
67.97431732755553,21741000
68.2246789234147,16090100
68.67842899453717,16093200
66.91040797674877,16689300
68.07604706619044,16264400
69.31207082184046,10207600
68.9991396720482,11631000
69.39811230357168,16987600
68.83486183003745,19831800
68.36490442803493,14280800
69.56872046449821,17635500
67.64889834199279,14379600
67.60955963416889,13097100
67.72759946857701,15081600
67.30271590008877,14690500
67.6095756705673,14730600
67.27125389729625,30529800
66.43723721173946,19071700
67.16108799679294,14127000
67.27125867215834,17588500
66.8621254677888,15635800
67.27127115809827,19820600
68.09741531702956,25468300
69.67096694552521,18253800
69.51362330364483,12832200
69.52937254220076,13329000
68.9235319562635,10755600
68.73469145906452,15712300
68.22326368766613,14414200
67.71186181741777,11540500
68.99434258221295,11540100
68.64815374352466,9436000
68.48292250344838,8162200
68.6560219300311,10273900
68.08165239993774,8334900
68.52224990825476,10907400
68.19966651641415,8738800
68.53014131206425,8835600
68.73470452572722,9795000
68.93139118029269,24679700
66.14612622646352,23350100
66.25628290776487,13412900
67.01947334708056,11636000
66.68116204145014,11753000
67.57021663465041,9833800
67.65676378125673,12238500
66.96439511601555,8113500
66.98012562998636,12603200
65.87861001439097,28327900
64.87934767828213,17123500
64.74561795257473,14998500
65.02100189816811,9080200
64.7456279911171,12196800
65.54814947989239,13711100
66.02025124845349,17951000
67.2791277185395,19120200
68.41996013976721,16053400
68.8841955967678,12557200
68.27047975045315,16175700
67.86133824357184,12509700
68.33341243116332,16936600
68.42784285187852,15972300
69.04154668371076,11197800
68.82910045747249,10005900
68.39636938639019,12180600
68.97074200681925,18812000
68.45932903997229,10082400
69.01007336580535,15415200
69.71031705867539,17466200
72.65294535353169,27697800
72.35395033851877,16892700
72.43548844571443,13208100
73.66967268289699,17535400
74.00192637928528,16596100
74.33420147067567,12817800
73.97031437787565,13987200
73.83579434098779,13262300
73.26619178957803,13540100
73.32947295135601,12820100
71.84215322735045,22235200
72.64120990961091,14374200
71.55735879951484,14719400
72.26145296868502,11651200
72.11114311842303,11561700
72.03993125488715,10971300
71.96083675053988,10725100
73.07632703858518,16447700
73.6538341092905,11815500
72.64911138870838,12332400
72.34848688947719,9351900
72.39593135083499,11520300
73.17127128959694,12523700
73.47187461197328,10165600
73.33736857879983,11078800
73.9702949706603,14324000
74.27883911556027,7978300
74.32630283067961,13745400
73.5589028482993,11214400
73.49562834519735,13252300
72.88644397377897,10679500
73.07631812304598,10994800
73.81997065850327,8812700
73.60637846426027,11085400
72.59374199789858,13837500
71.44660443658698,13040700
71.87380150694221,11502100
72.04785101403455,9211800
71.88961720513852,8811300
72.72819596125191,8623200
72.6886660282323,11794600
72.91017486091366,7292900
71.55733071109178,10886100
72.19025104393448,9165300
72.63327575180962,13217400
72.19025270768635,9815800
72.00828610373507,16897300
71.20131339716929,11845700
71.28837177214226,14592300
69.86433826309383,14242200
70.71876561998772,13219000
71.33582960140413,14003800
71.68393620243413,12485400
72.1507056424559,10562800
72.05575481380983,18171800
72.72821575787404,11318700
73.34529457646987,12626100
74.44494456485864,15311600
74.7297606345328,10851500
74.91962595862294,8358300
74.76930826222514,10463400
74.1918086908852,9358100
75.13324930829268,15090200
75.62373156115783,10270400
75.39432717857594,11438400
75.76615087659506,13797200
76.60472283697378,9633500
76.97656290498783,12166600
76.39206461214951,14236200
77.6254799425844,10231900
77.155981966885,7765100
76.75812343163994,10631500
77.05253270496527,14283600
77.42653159591038,18251600
75.97827185726713,13190600
76.6625983398902,12434000
78.03925290650876,10335700
78.10291656717871,10158600
77.33899405626907,9133900
79.00210959925771,15326600
79.18514030313906,9238600
79.47956286331122,13000800
80.56975169650566,14632700
80.64929834600751,13054400
80.71299108104796,10400400
80.4742443957362,8839500
80.66523506677534,8690200
80.45037950708993,8418200
80.26735859916725,8731800
80.45037285255144,7103500
80.64137345652286,8121500
80.02066684804291,18822600
78.1984185331838,18524700
77.28328146715687,13697800
77.83235707443723,9314000
76.94110487595817,9303100
77.45837412292491,11043800
76.7023969125949,15384100
78.40530229531036,9808000
77.84031552111485,9017900
78.34164512236136,9483200
79.17717986638804,13389400
78.80318589573261,7342200
78.64401648724919,3680000
78.23023948750271,13076200
78.15067179777509,16773000
81.49281480303567,21105500
83.34691821955106,23945900
83.47425945236726,19683500
85.72621270826961,23576600
84.01537301983056,17193900
83.99147545126114,15476200
82.71828436269676,13371800
83.35488298173993,13506900
84.12674638458284,10591200
85.07369673355912,15508800
84.90657179415912,15020300
84.44504388410448,13034200
84.18244891815668,29350600
85.296520206898,12713100
85.42382922884806,12149900
85.62275542822064,13091500
84.81906612994744,12323700
86.10018495148579,14573400
85.30445207019253,7403700
84.88270831143686,9496500
85.46361405631818,7440600
86.01268067290239,8925700
85.64665089681505,13578800
85.82965998705873,11901000
86.67669751736469,12953700
87.3966527903563,14155000
86.50872636840664,12466500
86.96469344083275,13292300
87.56459694238518,15834500
88.52448058314135,13676800
89.30836890319492,18884200
89.19638956715812,22703300
89.50034951726852,14940300
90.19625873568944,14572900
91.14014368907425,18785500
90.11628544765674,12475700
90.92418028928974,12320800
91.87604257962823,15904500
92.8199185168611,13510000
92.54795424609344,13883900
92.8039021270077,11679900
92.411974106841,14279100
92.50796106619661,13141400
92.60395052396906,13800600
93.17987093816261,16477300
90.38822348291106,30097600
85.46887638943203,33114800
89.22837851568069,21878300
90.47626076514625,27425800
87.26864185726049,28188000
88.92441546872502,18043300
89.04441181105376,16358200
90.09226508492911,15186900
92.57993819266706,12130200
91.628071401288,13214300
91.70806593824237,13461500
91.98803246801073,14212500
92.38800446616169,17070400
92.23597813331024,12162500
94.49970697006967,16511200
95.1156192167892,17563300
94.24372808444737,17735600
92.37195097481113,18690000
89.90029975458043,18353700
89.62834358682673,13933000
92.49997450093703,10674400
90.98816349978863,13006500
92.0760235136431,11173700
93.22790279217472,15366600
94.38773780094478,12339300
94.54767885301463,13312300
93.23586141386197,12905100
92.68392327749862,8748000
92.2599942328021,19888900
92.06800855398066,13214900
91.88405199994266,9921200
91.8360522869786,13633000
90.54819319838155,22550400
88.20451119632938,23081500
87.3406317642101,20217500
88.84443373267415,18039900
86.6127256702705,19189300
86.78869834635633,13274600
87.95654130485984,18822500
86.67673657285977,14050700
85.66885418671953,15302600
89.74518656109379,16627000
88.87692356920412,18906000
88.44278389842366,15974300
90.14716906659551,13951400
89.7693157696752,14503300
89.68890816037643,16435500
92.47058322898579,39152800
89.19045682103543,16580500
89.53615650381728,15501400
88.8608353159671,16081400
88.05687822478458,17911000
90.28384375604013,15584400
89.69694007309057,11285800
89.84166688548515,16453100
88.6517947530003,13548200
88.41063276040043,10299500
88.07295610378019,9384000
88.23375306459275,13744900
87.1886127616131,10503400
86.91526507416964,12162100
86.4972176255237,15379100
85.56464181895389,11967900
87.43787219490841,9356700
88.05688992308083,12543200
89.59244440494452,11368100
90.99936643000935,9159700
92.04448971434594,10253000
91.73898914379457,8710700
91.57819411142371,11536200
90.75815046752464,7571100
91.00739231833039,8617200
90.645620862677,11806300
90.08285977902997,9441900
90.32402576556544,11507600
90.45265932133056,11453900
90.15518480934387,14084800
88.80456079647935,8283500
87.77551126317051,30643800
86.53741003432226,17490800
86.78663279182513,19808200
87.10018856208463,13594200
87.6227641516784,9415400
87.01979381139638,10415200
87.3574580710023,15453600
89.3834033669809,13444400
88.93319070586938,10383200
89.33515947910605,12642900
89.35124602453097,15294100
88.80454882789735,14979700
88.65985232349753,20487300
86.66605070786694,26028600
86.23189273599041,9786800
85.94247965835423,12707200
86.97154488273162,8876900
86.1032685410869,11048700
86.95548767007747,19478900
84.94561851048543,16907600
84.18182752255018,17086800
84.15772374748131,16276800
83.35377845194829,14491300
85.76560867932777,18972400
83.3859259336452,11130000
84.74458619631024,8311700
84.17045101754765,10723400
83.35407396194489,12173700
84.63931989394483,13900800
87.31484161632055,14575900
85.93260914185421,10186500
86.82984522728101,12456800
86.73285387480219,21289100
86.53076041035992,24662600
89.47310208987732,14821900
89.25480933993792,14244900
89.77212720597771,16775300
88.91532400382512,13578100
89.77215827332775,18140000
91.78485268504473,14000400
92.05159718063004,13329100
93.29642855312304,11897800
93.10243323912022,12802700
93.99159839981704,13411600
94.6382317206778,15843800
93.56315578093836,13531600
92.60934114707734,11058100
93.76525703026346,11016100
94.40383053575646,9857400
95.17171950743773,10562100
94.84033877781879,8997100
94.98580871051529,9694200
93.3611033595375,12630600
93.40957943948172,10336300
92.36686048745132,10597600
92.00309051708216,10152100
92.43152556690127,10118600
92.66593944880488,8505100
92.62549494701526,8618700
93.25602521892125,10976700
93.20749678563037,8314700
92.92458836889818,9265400
92.9407562259587,8845700
93.13475283136201,13768000
94.57356696596965,8302600
94.04815739750059,7221700
93.43385060593693,8991800
92.81952720448331,13065700
92.42342652783695,10174200
92.95693343471238,11462400
92.55277612006167,9877600
92.55276274912072,10955600
92.83567776695125,8276900
91.77677243472637,9333800
92.35066410073067,10800800
91.63936925120169,12470800
91.99502337093789,10337900
91.97885949544077,9561300
92.41536192991418,7944200
92.50427600011365,16052800
95.78607188172207,15590000
96.29529305493122,24788200
95.18788359194036,12492500
94.60587703228128,9308300
94.37147386746571,14023600
93.29642181808747,13283000
91.86568937925158,15815100
91.63936627681248,10146300
91.63128275377619,13753100
92.90841931511197,17142000
93.24161321431227,16357400
94.28347795890168,13777600
92.99740232082584,14370900
93.33926155878827,14069500
93.36370031080067,23086400
90.32756553038593,33705600
89.83914224700945,32075700
87.25881672036203,18903200
87.22626060563027,19302800
88.21932016741077,18794500
88.7402795741824,17582500
87.62513212104045,15234500
88.03210087923209,16199100
84.81689414933584,21407500
85.2727027727314,23168900
84.80060298366836,17464700
84.65410248530003,19174900
85.02851022324217,18445200
86.04601220315453,18019700
87.9751264667472,20860000
89.22866562501271,13065000
89.45656995871714,19009200
88.40652596244642,10276400
88.45538390640648,10825000
89.83917077266976,12679600
90.3601069597332,11662500
91.35314969008522,10432200
90.6938162208714,13279700
88.80538205864545,13746100
89.72519480157992,18361400
88.10538261468496,19100000
89.09028773257737,13798600
89.505395942672,13987000
89.35888777535246,18936200
88.74840773892248,10619600
86.88440496932026,6488400
87.68209839696138,13948300
88.52862190876797,9238200
89.37520002033236,13977300
89.7577426309589,11144300
89.41587612870828,18652700
91.47526981811924,16034500
90.84035242659981,23555900
85.47619427143086,27213900
85.5982966113088,19248600
83.73429438652886,23636400
83.94590219569861,16860700
82.74937804494331,22621500
82.6598344208612,17250900
81.3900345549733,19879500
81.21094487359007,25113500
80.92603348909802,20837200
80.10393769071369,28767900
78.63876971130136,31825200
78.69574456443958,41313900
75.61075325242719,17009300
75.44796285186847,22542900
77.1817295155161,20304700
79.72948056713511,17963300
79.4364670573251,13237200
78.10153843701451,15670900
80.9431955107157,16286400
81.32888261083296,16935200
82.41204162073244,15430700
83.39678035152083,13578800
82.72385238717807,14230300
82.07559780308878,14376100
81.96892096045094,15439900
81.13191863538869,21258500
81.14833761998884,26504900
83.90552401658965,18533000
83.79064478736552,14247600
85.15281378387728,16428700
84.5866307391826,17083700
84.8820363619768,12146700
83.80704800119443,11296800
84.93946143185536,14369400
84.43070350764529,12283100
85.24309902882605,9743300
85.45643808972419,12526300
84.85740889153998,17520600
85.34156105436355,13000800
85.16924321936048,9871500
85.76825613577013,12763000
85.10359521689864,8745000
84.72610893938074,13177500
83.76605167861385,12892600
83.50343593503663,10978500
83.65933257690631,12852300
84.438932753495,10754100
84.08605315645559,11518500
85.25948667459551,14716900
86.08829555124836,12764900
86.33446856150995,10030300
86.53141333037344,8400100
86.73655933453813,10647300
86.7775905444116,11230700
85.75184008690655,15465400
86.30985085475463,9968800
86.1703641799164,15156900
86.24423033605302,13813300
86.0965109525711,12466300
85.44824044475615,10856600
85.22666824439946,9070800
84.72612554128912,12705700
83.69216754655395,10582400
85.32515390551953,9763200
85.82571147735428,10219100
85.49748231014702,13022200
85.75186023533938,10926500
86.49860763148223,24811700
87.43405789924492,12935500
88.78805262169766,12889300
87.33559834366005,14920700
84.92305435529974,19751000
83.55266862506475,31115200
81.72274739200822,21032300
81.91147996820106,15987100
81.96072767955935,12753200
82.05919564772242,12454100
83.32289342145597,14523400
83.82347270102507,17499300
85.83391816248654,10295400
86.8268429301511,11499200
86.44935740373613,11952100
87.48295300327003,9933700
86.91239857535865,8056300
86.88760852726877,9092200
86.928927464045,10882300
87.40853215562952,11183800
90.49275533695878,25834100
91.71654970546314,15163800
90.8731138809777,11583200
92.36148301244658,17791900
94.701531781466,12501900
93.29584544497322,7975900
93.43641894968846,9193100
93.65139626647698,9245700
93.4446822491453,9311800
94.22194008690815,7889300
94.75944096465336,14242200
96.272575051633,11389100
95.68550358080634,10412900
95.23073799380141,8613300
95.91706193942069,8185400
94.41212439278283,9387000
94.28808021845047,15017700
93.15529108126383,9575800
91.89843304198105,12205900
92.40284148320961,13189000
91.02196274459179,13783700
90.58371770452888,10503600
90.30256500346287,10142000
91.46846481129607,9672700
90.95580330253543,9570100
91.435394639588,8518200
92.14652100668813,7967900
92.1134291544603,7918900
90.65812394237305,14558000
90.55892639688784,8537300
90.294305274581,11665500
88.84728408548706,9966400
89.83953901416777,10367800
87.28449237439436,10952800
87.48293977583143,11680700
89.1780136579541,12858600
90.8400334704839,8340500
91.0798442629126,8726700
90.70774287036772,10618900
91.57595093968644,11380600
91.63382018212509,9847700
91.53461384971668,9670500
90.50931113832004,8406900
90.60026617275824,9077400
90.70776192570702,8128600
90.13720669346944,11057300
91.63384275220346,13126500
91.68343636946321,13638000
91.11291292338001,27089500
90.36044949141255,13039600
89.86434225707765,18660100
89.5501223340168,10324600
89.99663543701172,10906600
91.81575960265063,21634700
93.62659834837989,12724500
93.8581147094464,10174900
94.3810274137464,6849400
94.52263187640776,7929400
94.0645967267378,6917200
93.49836587572689,8947300
94.4060217783539,9242300
94.40603035676679,11595200
95.0388830795158,10783400
96.21305012416258,12946600
94.49762812785454,16945000
95.28868788914693,13120900
94.87234888546051,9397200
95.67176186170887,10402800
94.02297177942674,9061100
95.6634383232357,12752200
96.24636327469207,10011000
97.33720694408973,10138400
96.40456682718741,12800400
96.97914650245158,8500400
95.9215995143628,7121100
96.67938635469483,13648000
96.03815492490487,15664500
93.59829147015905,11025500
92.25760182853415,15855300
91.64137627859537,10203500
89.934285933015,17320900
90.80867190779105,10903300
91.0584546974175,9980800
90.3006888556568,9393700
89.89266077410522,12124700
88.51865670883856,19491800
87.28622034097404,13365600
88.57695630241017,11830600
91.29164547601975,8265400
89.80938292039791,8374000
90.10916893248002,8189300
90.24240678568316,9343400
89.93430560022188,14762300
88.7851354153311,8209500
89.3930253731511,14331800
87.50273262504777,10585500
90.05088130221245,10002200
91.46651912578466,10170300
90.75036881800271,9868800
91.14174391507038,6929200
92.64064900841296,13224700
93.81479400032673,7836600
94.68915126678856,13985100
96.84591890909053,14333100
97.33720850381826,9919200
97.05409331624942,12283500
99.09427572058686,16257200
99.01099066529267,11993900
98.61128079069498,10735400
98.52802390409248,10665600
99.67717730518491,9382600
99.71047983866248,21862800
98.07833526330923,9135100
98.88608882701101,11696500
97.65365885232943,9389400
98.16161129819487,9899200
98.22824120011653,10207800
98.56129621785009,9755000
98.59465508233063,11250300
95.60516327322269,12548700
94.23896075968352,12735200
94.29769763612369,9453100
95.85057938306001,6771600
94.90206241218719,10806300
94.57471429262255,7273700
94.96921757058796,10994100
97.39508508620959,15076500
97.24397593608826,8779000
99.76215626376558,23379000
100.69389204017496,11087700
101.35700734697707,10818500
100.72747316169306,10417400
102.44825800845209,12714600
103.6233907000577,12549100
104.2529282032605,8828300
105.16788303148662,8020500
104.92443279267927,9055700
106.24230199486092,9522200
105.814215305343,9797300
105.80581488520643,8513700
105.3357320615454,11589100
105.93172687162799,11682600
108.34920446962337,9159900
108.60940115524284,13747600
108.02181221132832,11231100
109.4823557535867,13528900
109.02070898254733,9293400
108.78568318982374,8679000
108.81086066351749,9099000
107.55176974175095,8023300
107.20760919178286,8483400
108.47509981666153,10163600
108.75208844459229,8749300
109.95242397557668,8824500
109.37326088445808,11782800
109.12142405507774,7705500
109.24734840594418,8167900
110.17069464041583,10068500
110.64913327146655,10490700
111.0436204199659,6607900
110.69110417869108,5712000
111.06042059256922,8615600
108.92838586128175,10361300
109.44042379949188,10318200
111.37100511785366,9587400
113.05819371660978,10170600
113.00786451810255,8498200
111.84948273839561,7532900
112.72243046467298,9011900
112.89034274312901,13717400
115.79464104955107,10592100
116.15555602704683,11372000
115.60995306728952,11546800
115.96250462764824,10381500
115.63512755227764,9350400
115.85338170348777,29992600
115.50082018951615,9738400
115.27420565383561,3324300
115.74425677946887,6770900
116.92782445337791,7868200
117.43145608157073,6963000
116.26468764641929,7201600
117.33908123363229,10803700
116.15783882531366,10386800
115.36374782673732,10259000
115.97201504237763,10531300
114.63723146281646,9695300
116.62248910506871,9469000
115.9128598024863,10190900
115.05116860858895,12355200
116.52954276082819,24906000
116.45354244521118,16293400
116.11561721058746,10783800
116.19165331416,14697700
115.89596807240433,8474200
115.93821613129674,7549100
114.64571062808382,9345700
115.20324670723306,15166400
110.05007215482217,12860500
112.22115745969619,13062800
113.88537747648242,9326000
112.09442996061257,9048900
113.61505338370068,12785200
112.06910219814141,10021100
114.51052285047751,9157100
115.37220073489922,10150700
116.78300414300159,8992300
115.50738971460078,6379800
115.6932164640798,5960700
116.79989291659466,6578600
117.08712942506006,7958000
116.36905573463962,7447500
116.4450861706626,6627600
116.02268638263615,8996400
115.65942235967478,7071200
115.87906163856594,7422800
115.35531632141432,9772800
111.03846743658055,13618400
110.66675166599181,20797200
107.22848587298913,24825600
103.83245528048528,23005500
99.27905612091634,45931400
98.52720769633696,27355400
102.19358759097234,32547700
99.96334412499878,25795900
97.71621365830838,25025600
89.76679857009603,38159400
81.58083376465324,40352000
83.633662677713,31102700
82.53543672311575,38127000
75.6842248272043,49725200
81.09086449026618,38543300
71.97563482087564,38589700
76.7824445807777,35239800
74.06224128235037,41525600
68.90062099340632,32175100
72.90489627274373,30150800
69.84677778995007,32536600
71.72221874498673,34363200
75.3885627605397,38111700
79.47732858092738,29826300
78.72545139513451,30041500
76.57969374610497,21656900
77.76242242409685,23379300
71.89114506817877,28029600
70.54793365901863,24018000
73.40641914811846,21199400
75.95855040131731,26820800
80.61900808470259,22563800
78.61313981547089,22903300
82.72732403069068,42055900
88.01087610333737,26911900
86.22693130838947,46151300
77.80224771750459,30118600
77.0169667866087,32449600
78.52778849439534,30191900
78.92896015825816,23679400
75.64274097392695,23035000
77.40963961334354,16662400
76.59873350820912,16638800
77.36694000599896,15809200
78.4765732315435,22870200
83.48698954955312,20238900
84.57100310610669,20462600
81.60060943154109,19127600
79.80813255003247,18547700
78.54486318801308,15725900
79.93617409876606,18064100
78.66437232735956,20978000
77.96442303887612,16771900
79.21063615408957,20487800
77.76812816650018,31907600
76.94868647449502,27962900
73.7307632371803,35451600
70.6067358414109,35152500
74.13194239458961,26099000
75.70250671509278,30504400
76.8633458371116,19597300
77.42669832885863,20552400
77.05111425841945,14621400
76.82920327983956,13557900
79.2874517302195,41233900
87.12315665147587,39402000
87.8657688685999,24713900
84.2125186747212,26526400
83.435781060051,15176800
85.59529425063253,21195000
86.7049122780748,25941100
88.6168962891118,26784700
98.09998306194022,42231000
96.80257128367238,24881800
94.44673667874312,17031100
94.28456319064753,24913300
85.38189292131918,36259200
85.96231284096208,24856800
82.3005086367329,22153600
89.93992153828097,22193600
87.51580815662689,15639800
84.22104956851868,16591900
85.80866851594924,40371200
83.00900349382898,16216900
84.47713813756212,15381400
82.58221460133554,22919800
80.53367286400454,25743600
81.1823773629792,41896300
79.72278943431178,18499700
79.23626151049635,19137000
80.99458431799813,18755700
81.65456109152875,27845600
81.38737523250747,18625300
80.8616302919729,25757200
79.54295856131827,18762200
80.6030732238101,25600800
79.29297993446185,28954200
85.09347607566164,32079200
84.78317531832177,42731700
86.95510767816131,22508400
85.1365546253524,16886900
86.1880372093081,16137700
83.97301163356693,14458100
84.21432676742823,17798100
85.88638728362612,14271200
84.89523912077128,12870200
85.84330188049486,12744200
84.04195235845032,11959100
83.17147777656614,11754300
83.66273069052606,12743500
84.06782571247257,14834800
83.15422444160977,14535000
83.61965743749984,12962800
82.66294620931936,13366200
82.62847726686233,15260900
84.10229263893027,10482100
83.54207436902972,14743700
86.28285891996855,14989900
89.51490661108382,31518600
91.49724125328942,19240800
87.91180712306846,13598600
87.48087566910853,12134400
87.48087735206829,14988000
86.11049831890654,13246500
85.25720022788362,13533000
83.8265106602681,13672600
83.83512294430528,12228300
84.85213321140449,17898300
87.28263311187936,13648900
86.13633595709325,12052400
85.32616463436042,22163900
88.89435285917183,13756700
88.01522843914788,14219400
85.8002094634881,11595600
86.14494491681872,14475700
89.04949089936096,23281200
89.67865729422999,26325500
88.75644569106406,22108600
86.8775501025625,13434000
87.39468658560236,15922800
86.16219279515832,13784300
87.48950516886333,19017400
88.54097321348534,23683000
85.69678427799676,19270600
85.06761558201838,18290100
84.36948119563469,20121600
82.0510284867291,28378800
81.84417323364079,19257000
81.68903072802253,19952700
79.56881174824002,18366500
79.33609837519175,13293100
81.93035186129163,20894100
82.76637680817272,12848200
82.18027734521144,16400600
83.70582909397667,15778700
82.09410504372426,15149600
85.52641951870035,13871900
87.04870230621317,19220400
86.08313509961602,16358500
87.43145909137316,15659000
88.72757481895643,13689100
87.94467332711433,16058000
89.59747478999103,21697300
87.88378309494055,15204100
86.20492558739274,17171200
88.21435170287785,13275000
88.37961170795786,11725700
87.25746466955785,11257100
87.30098939164735,10730500
86.39629331405895,14837200
90.03238762940059,15087600
89.29298326388508,12410700
87.43145526826079,10391700
84.8131325871637,16389500
83.61268634852472,14208800
85.16978564434775,15194500
86.45719594625928,15011600
89.61484298249152,17482600
87.8577004144911,18886500
87.90986728750525,17837400
91.36330007403207,12552800
98.43540159954901,47792400
102.08020822108264,20539300
101.68004776330928,14443400
97.88740182083255,22063000
99.77502272872827,11847900
102.462943432978,19858600
100.3752278784604,14553200
102.0714982514514,12571200
99.32269514381534,10202500
99.5401591156267,12718900
100.9493538972284,13209200
104.44625753444876,20121600
105.57712890522397,11715600
106.12513629313389,5983600
104.38537323098589,14411800
104.68113577968693,12668900
104.12441658394462,10811300
105.9946689546371,12904400
106.54265694172537,13583700
105.38574458768063,9724300
105.29006264702326,9592100
107.14288924617169,13073900
104.37667444447946,13668400
103.46330433198764,9981600
105.55100154953725,12112400
103.76776860434703,12590200
104.64636520940948,11169400
105.48143749267832,11618000
103.63728883518677,28954800
107.14289936352574,28323600
107.33426522182144,11788200
106.80364013027946,14973200
108.81305286736348,4164900
109.44806198513633,8072600
109.77861972242164,8389200
109.16102490389774,7398000
108.81304649121425,8580200
110.90945311480465,16819900
109.50906868838527,13731200
113.79343487711478,24909100
118.88382749578908,21940400
119.12914092962346,12035100
117.9112986377822,15937900
122.16936232544296,18033500
121.42461690743413,14816800
123.08931077567864,18565600
120.40830608787016,27881000
122.53732764334819,19843800
120.74998915960259,16028800
118.88381627434238,13411700
116.25538247567633,12933200
115.77348515279597,14212800
116.30793747514707,11307800
113.53932846343359,17603900
113.81093822166869,13761800
114.94119854514736,14808100
113.37286794539983,11080700
115.5983052511355,12253600
117.09647424068524,10600800
118.69104868774834,12419500
122.12556249389887,10051300
121.082957176358,10136400
122.16058563280112,8614800
122.65999166590005,10323200
122.3620961288229,9201000
121.82764618741267,8324600
125.77032061990602,12130600
126.12075416843963,10810100
126.16455345166834,10587800
127.79417407734334,11969800
128.67911510265208,11488400
132.74441012799014,16234400
131.5178192297494,15061400
135.16252148397479,18127700
131.68424051140448,19829200
131.00083535438577,14845500
131.49149692801222,14221700
132.49906624896064,14324100
133.70817455751774,20093900
134.24260730823255,18465100
133.5854880874154,17133300
132.73559060497584,16238800
133.09486506401856,14342200
135.0223792356936,11771500
137.4317443227225,12849500
136.98492653158675,12101100
135.00486863443436,12805600
136.10004770854061,13952400
138.08012017804987,21898500
136.2489426818823,54418800
133.87461357314143,19944800
131.71054314832278,17076300
131.42141064885618,13079800
131.42138192913302,15608300
135.1888648889443,16754400
133.27884761095848,17570300
135.32901387035344,13184300
134.29518159342555,16736700
133.0861060974922,16561500
136.0731880207964,13508000
134.65428572119365,13071600
134.92751035959975,16903500
135.72066283268921,12335500
137.3158127759061,12122400
137.11308548891574,12273400
136.38165105072645,16113600
133.49095948837055,19939600
133.29706730322334,17694100
135.60609550954618,13773400
135.20950613063405,11900200
133.72892835287362,13716700
130.2477727959318,12236700
132.3981672952546,15256100
129.71015418964092,14041900
132.88288312319528,10799100
132.63612650721527,12821200
134.33699397364987,8943700
135.31523612348565,12976900
135.80877750136375,11705100
136.46976240153663,11801100
134.724792407349,12977700
137.48327631145713,10506700
139.3075676580866,13542400
138.55847609030027,14257800
142.3304276928185,14014300
141.96025737697698,15451700
140.6647718755699,14381700
139.40449677377177,15395000
143.11480432291432,10584000
143.97849447449275,9886800
145.13296817523488,11098100
141.88978098698632,13278900
141.7399444580078,10426000
142.1893808375796,10249000
143.96966780317297,9440300
144.4015531585248,12609100
144.15470276365687,13058300
144.48961857221286,15707500
145.13295546237103,10291300
146.1817515041301,9445400
147.4067123598128,10498600
145.77633576178008,13354400
146.48134038164352,8510800
147.17757035429017,7267200
144.9655183909461,10370700
144.65707876846565,12377400
144.85097378041843,12119400
141.38743522803742,13683800
141.14067813661973,19917900
138.10018929905132,24485500
136.3640077894381,25321200
138.45272021392677,29722400
131.57852221973133,43595700
131.38462064809784,18664800
132.7242312985075,14251200
132.37169803141228,12733300
133.88752053434294,13733200
134.47803159707985,15484900
135.45627988667573,14125800
136.60197635669732,14528700
135.50033911419163,12531000
137.7123685950835,10479400
138.2311813684132,11424000
138.08054830599832,15083400
134.73884364423506,12271800
134.38430981746646,17834600
135.66069642007983,13694500
136.81299170185636,19940400
138.31984699870512,22671700
138.23119695041603,14622800
136.4141084882826,11539300
138.24005504917056,14002700
131.6719687060685,22172900
129.87263584394012,15385200
134.77431218891908,12356700
135.51004085692946,9913300
134.26904746858398,9666100
133.1256596764838,8208000
133.31175897047203,11218700
134.98704268827927,9217300
135.74045638891934,9063500
135.24409633688512,9805200
134.75655117250616,10203200
134.68571979300341,10394800
134.06519439468545,10155000
134.97819616696538,9151500
137.55757823416758,13328800
139.62283666900805,9516900
138.93141363970904,8667000
141.8210676948265,9156500
143.48748422277208,8844200
143.40767805504467,8980900
140.88146158137766,8755800
139.6671308200395,9347200
138.5503294277656,8065500
135.7582030253929,9517700
136.81301905537822,6974100
137.6816576116109,7934600
139.1618938473314,7670900
140.50033755954504,11335000
143.82427264451462,11027500
143.37223723977354,8780200
144.66635579939285,7937600
142.21109586004405,12340800
142.01605148798308,8729900
141.83878023493943,8813300
142.1667413091675,7959700
141.81218031740787,9285600
140.83717388360927,7852700
140.28760376329723,7904300
142.31742109429058,8311600
140.51805618856187,10052800
142.2199136179085,11685600
138.913732776238,11691500
141.29808186049829,10880900
139.49874476951828,25581600
136.4052609956861,15819900
136.08616063722135,8999900
137.56644851236283,11236200
140.04830195552591,12336100
143.0974530196058,10102400
146.2530090601461,13220900
148.6461692435583,13387900
147.32545377467633,7777100
147.95480547062252,13161200
145.36658196561464,11285000
147.99914621507656,14120000
149.1049843200802,12292900
149.80052072885388,8692600
152.66290834601512,10195400
151.61072065380776,8190100
152.30624962233819,12154700
147.8030478222222,13032600
146.30496301898236,22753500
144.23617876408196,15176800
147.44641067032626,14267400
148.45402184158823,12672900
149.27440601184736,8053900
150.07694903421293,8185600
152.27058429072767,8415200
151.61960011860168,8817900
154.00945982599293,10159200
152.48457918590708,8015100
151.87823155116794,9847000
150.07693281347903,7212900
152.64509788541554,8140100
153.41198590418654,7435500
151.41451034140704,7173800
151.70883748489976,8402700
151.59286023922454,9574200
150.61196004461854,7975600
150.7457721168449,6413700
149.2298164584749,7990300
149.3189745583569,6999200
149.38140287902908,5815300
149.4973169398305,8113400
149.1049421860028,6492500
148.97120246354845,9706100
147.3215313889373,9909600
146.59030625237727,8122500
143.83487644137608,12193600
146.38522746254358,14549900
147.58013924597208,12354400
150.21966459619412,9629800
144.58391997810585,13619300
145.62726142030473,12104400
141.92659435531044,18922600
143.5673560680819,12253400
142.52404172476034,12969900
144.0132077843445,12681800
143.576285083772,11186500
144.3520858229234,9851600
145.04763359027078,11705700
142.36352387061504,11189600
143.85270544440084,10405400
142.2298162848346,12069000
140.40175515575305,12563600
142.54187768849673,14014200
143.02339098573344,19542800
142.06927491426154,28082000
137.78006439559334,15148000
138.5826456384304,11291300
138.88585235139698,7273000
140.5444387620308,8055200
140.53550379510722,6188100
141.070530454281,6342300
141.65017828769635,6398900
141.88202596659391,6948200
141.29346403591148,5805900
142.55079232444794,13120900
146.51896889524988,20195800
150.54592988917568,17539400
149.7295897094847,14047500
148.6172668343282,13913300
151.66726556317536,12922500
150.94065620808104,11854100
151.12005700620907,12568000
151.01242009050983,13623400
144.21262668620088,40158400
139.7452184133184,32324800
135.9685835962169,22380000
133.6541462152785,14860800
132.31749350518086,20705400
127.63482895550824,28471400
128.8637823085376,18915900
133.41196260354067,20709100
134.0398854480491,17536800
129.34821668802778,14117000
130.64896385719052,13985700
133.3850326915344,14584900
135.0087034324032,12441100
134.5601574436161,12474900
133.75281206831244,16654400
137.493619851515,12572300
139.04552383242864,20411400
140.4718707795561,9131100
140.53465982443993,16455600
139.59279933285129,16830000
137.00917180548444,17026500
138.60595176538595,9500000
137.91520126799364,9076500
137.25140566676166,11367500
136.4709536816993,11733300
135.09843500652676,11333500
137.35906058205904,11799000
128.22687808004906,25655100
130.29912498368114,18367700
128.7741155380686,31315300
125.62536974097007,36840400
123.15846372704921,19405600
125.44596943041508,16640800
121.05035761091736,21016000
118.5654697259643,27560100
116.29589411997249,19207800
119.22032570013873,17536200
118.2873764038086,15604200
118.85254288973613,20061800
116.1344136290496,15786900
118.23354444343701,15096600
120.98752664838082,20354900
122.77272015596984,17050500
125.7599549352406,23656500
125.90345577007325,12676100
127.6258309522699,13548600
126.46862962910136,12093200
125.85861730490188,10017600
126.56731397680672,8383500
125.5895122386606,10818100
128.59468243216045,11316500
127.2939418424949,8771000
125.43701070685138,17353900
123.2571164358171,15721300
120.31476508756735,17416400
121.16137910388022,12110300
118.91114235624256,12914700
118.34178761407875,12994200
118.99243520313428,13126900
120.19440460205078,10466400
119.41720538697705,12989900
114.71788172495935,30838000
114.32023962420212,18835200
113.5701657969634,11834400
116.0824761116992,15015400
119.7606139760803,13430200
119.48949275267643,12174200
117.73629551729815,14318800
113.87741173207873,17149000
112.63931739466504,17209500
110.55174092550332,17215200
110.98553131004637,13015600
111.20240988430221,14874800
108.33761128895898,18545000
109.82875790631172,15720900
110.97649210909837,17128500
113.19060084992145,15055400
111.88019850998393,14417900
110.35292059808538,14312300
111.25662753072615,16382400
107.81347496811165,14630300
105.73493774681695,16318800
107.91289919303422,10443200
107.12665884232258,10269000
109.38595382698577,11160200
109.62090105451709,12664900
106.81034343845045,12765800
107.9580815833495,13150100
108.86177591902336,24376700
112.3862908750424,19324900
114.12142297694743,12780400
116.01018869398546,15990900
117.62783949658807,11177800
117.64591192652784,17015000
120.0769041580333,10768000
117.3928681441484,8374800
118.57675936743264,8596000
118.46831406343084,11323500
116.42589443991919,6722200
116.57954442501068,8422100
115.1064820824074,13560100
110.7867003434973,12945200
105.60839527998199,16805600
104.4245468002563,13357900
104.4877992193629,14083500
102.89725044105892,16724900
102.60807646361539,30919900
104.71374657236694,11680500
103.81904622285296,9842700
103.93653253030116,11851500
102.32790123176514,14841100
106.69286698952862,11280500
106.34041663724126,11590900
104.83120008056852,9338400
102.27368047151269,15172600
101.80376401830425,10573600
100.99025424622354,12514200
101.86550523822852,10656200
103.47922576144309,10347400
104.99266980949216,8807800
103.52482738601759,7939500
102.64045824039744,11250900
101.8837249223971,12979900
98.4556789150843,26204800
99.52241842352208,18863900
104.63710769683716,13977900
103.14188563923433,11862300
104.02624353931168,11667500
104.33623877096178,11595900
105.06561591265637,7645500
105.6126351020783,9394000
104.46388424156075,10675100
103.94420419292103,9337400
105.07472391040734,10384800
105.38469272944357,12944500
104.39093823517094,14740400
103.86214039559214,14942900
103.43364403265252,14394500
102.88660928971977,18033900
102.59486535586312,14174600
105.98644144484655,10332500
104.61887691977174,10233800
107.54545626199369,12847300
109.31418836276644,11684900
110.01620001587027,9906700
110.44470422689686,8456200
111.49318436949653,9555000
111.50230293997612,8149300
111.4475991772898,9531800
109.97062156422541,13464500
106.44230045506949,8967600
106.38758448902047,7607000
105.11119716194045,9771300
105.90439959208817,10758900
108.91302674356575,11276200
103.93509018612681,8117300
104.84679761492905,10745400
104.37271015520666,10738300
103.28775856961052,9979800
105.6399844420633,10666600
104.23595712027515,9751900
103.14188399961701,10647900
105.1020858095489,11435000
108.6212780102312,9299700
109.97062761457961,8614600
107.64575766629521,12904600
106.39670719576539,9345700
105.86791470838278,10821400
107.0258076478062,14844100
105.75851391589639,8201300
107.04404426798838,9619000
106.25085240034363,12606300
103.36983041827409,11684500
100.33381084286007,18138600
98.46481837518832,15753600
98.23688374799112,12793600
96.59581180339339,12762600
97.50751535833088,12713900
96.69609393780543,15973400
96.2949321458903,12248100
100.84439720407715,16013600
100.9555581545919,10943500
100.68878954956745,11521400
98.90423905253799,11681100
98.17756440304763,8931700
96.00665802917217,12739700
93.64258176493102,13181000
93.80815499917381,22398700
102.9884468206979,33387100
106.16200506074296,22276300
110.07145273282006,21539700
108.5352598097451,17072000
107.77176521617909,12207400
107.12786454967811,20593300
112.28833699500599,12624200
112.08594935825614,11289100
113.14380157648334,11667000
115.16751255306443,10727600
115.25030057364718,11859500
115.62743795815351,13295200
116.70370302711085,13386900
117.42118789912877,16546100
116.18857325446575,12474400
119.11373505589191,14953200
120.50274709319883,12011200
120.72353776048482,9884100
120.79711309521187,9494000
122.00210907140539,16351600
124.35702008411991,10704700
123.99826300220809,11085600
123.88785431886616,14038300
122.34248589433105,7893400
121.42261931967256,8820200
123.78665663953078,9468500
123.02320018714877,7800500
123.26234497000614,9185700
124.12704892203857,7316200
125.54364686615239,3220500
125.16650250120074,9906900
123.86945874295651,7925300
125.18487003351966,14761200
127.10740888378889,8858500
123.71306627577128,8931900
123.48312543307155,10154500
122.70123700651065,13966700
120.78788454886596,11739400
121.72617867743384,8907300
121.60658225602866,7957800
121.79054735264307,8841600
125.92075726537226,10025400
123.05997414348795,9966100
120.64073923552233,12087800
118.80099041726888,21133700
119.26091978022608,9017200
120.47515233305785,8549900
121.58818096056233,8051700
120.59473910764675,8648200
120.11639473111916,5091900
121.02708049225855,5411000
121.28465151631285,8827700
122.27809116221148,6585200
122.16770168093653,9292500
124.40300391783875,11054800
125.09291203233433,11687600
125.71110665298082,8381300
126.14662546516878,10029100
128.43551351578455,8482300
127.68489216994938,9048700
128.71347947194283,8703700
129.73283172987885,11001700
125.65550245322048,20200000
130.81698179458587,14292900
128.73202429534666,13392600
125.39604834353132,13303400
125.24777212551754,13092500
125.2106769918918,10487100
126.41535367762422,6945000
127.92585143360175,8967000
129.19535017159177,7487600
130.2980992468447,7489900
129.01929356410358,6729300
129.62160502072973,9188700
128.0740895299568,8841800
129.7328712572917,11822100
128.04629647186732,11501200
129.94599119680373,8406200
131.01162785812542,10447900
132.18847601755812,6958000
132.6240275098244,6443100
129.52895812609816,6582900
130.9374834079669,7134600
132.0495044889291,9249400
131.224771060356,6728300
132.4294166058746,8165300
130.64091331675954,7948800
130.37221408839721,9996300
128.73205208165143,11107500
128.55595174504145,8068000
128.90811537691317,9126900
131.6881000499729,10014700
132.45719251640682,11019800
131.67881442565394,7139200
131.80855932255736,11106800
131.13207104919564,9513100
132.92056545075351,9261300
131.59541238871836,11747600
127.87951314941067,10002500
126.73042466341457,25888100
119.50248028497552,37599700
121.5874514223848,42901100
125.35897649591112,29648100
121.37432254422968,34280600
118.62213946859589,24558500
118.96501175812325,38396000
117.67693236359524,22875500
121.01292089516592,17807800
120.98510728795802,17250200
118.52020095236227,16677600
116.41668031012709,22311100
117.49161641016451,18853900
119.27080607716869,10820500
120.55886081071779,14595300
120.4198541009021,12134700
120.15111562474102,13105200
120.38279043309,11775400
120.92952841287085,11579900
118.42301137251489,9614700
118.60980863489203,8760200
118.18019803214959,9477300
119.82392148798569,10516300
120.64577329938268,11821000
119.97336856368719,12450200
126.22137438479558,43931300
130.70429183926572,16050500
131.00314941057005,13760100
131.89969982484027,9158100
130.66689493680227,10586200
130.5081577667996,11842500
131.1806021622107,7567500
130.37740841650321,10629300
128.52820989622674,14416100
127.01522972966504,9041100
127.53823491258476,9887300
132.86167355918573,20415800
132.05849653289422,14113400
129.29403145898817,12930900
126.04395429213784,17089200
127.42616110609312,11261400
128.40680811856598,7484900
126.94985587585687,7343600
128.83641030628993,8133400
126.08128509843854,7057300
127.78105881148507,9988600
125.39953425519936,7639500
126.51090627413573,6477200
126.92180676395432,12711500
129.13525995720966,10999600
130.55482384709921,13492200
131.68489157670174,11402500
128.4535049515204,9514900
126.45486808153771,8578000
125.91319460240996,8472500
127.1179516965541,8579900
127.76238330992678,7399900
127.69698865339953,14219900
127.50087540035871,12248100
130.3400262278686,12922500
130.85371078269984,8511900
129.51816641951615,9329500
130.33069985868914,9281400
131.37672066007025,7368100
131.07784257613426,7249100
131.75028833145842,7596600
131.19925877458158,7701600
133.55278517375058,9068700
131.30201682584703,9343100
133.59949002550854,13813500
133.1885471192388,8428600
133.45941005065507,9926500
132.90835879827526,10075200
129.3874241870796,9919500
129.69562536058743,8429700
129.81699997950147,8154000
129.96644728216324,7558600
130.8163662865002,15423200
135.04705596154744,14212800
136.53203468399295,8021600
136.29425370521392,8934900
134.48876602280728,9709500
135.32568289850678,8981500
135.8805082759092,9100100
137.61074828925305,11260900
138.6545024952165,11323200
139.82996469805036,11234900
142.50995667461993,27028400
141.38154673382755,17262400
144.23081339076532,13491700
143.63835000605405,12510000
145.31217946263232,9935900
146.50644079864747,10636400
145.72596790033828,14381400
147.9169857104419,9944700
147.36213210573467,8728600
148.3589293263149,10778400
147.89817192456593,9103800
147.80411192295733,8892700
148.0392255755503,6853900
146.28076942585813,8299400
145.75414329539473,6084000
147.0706408871841,6209400
147.258765161688,7251800
145.11472231111318,8623400
146.0550962518034,6277800
145.17113300465522,5995100
143.90168962180442,5180700
144.44710906258044,5044300
143.73239533375798,10300300
141.61662580037083,6978200
141.87990020390052,9953900
138.84257898796662,8517500
140.72327319354213,8327000
140.35654238713786,9673300
137.62012347036332,7858000
138.7015454667466,6534000
138.49467297346612,6695500
138.76739302548728,5094100
138.8990275844994,6337000
139.75471146583337,6277300
139.41620112815974,10933900
137.3756530739663,7903500
138.38181790077672,7854700
136.06857976294606,8629200
135.5325498322872,8373700
134.81792114038134,7107900
136.11559055028286,6854200
135.88052364736993,8363200
138.55107750514435,8325900
139.0213019112359,10034900
140.0368343962491,19863400
139.32217189447775,6512400
140.58224019484695,7943400
140.72329005809854,7332000
138.77677791737364,8052400
138.50405209324057,7071700
136.67979659035282,7044700
135.97453313071816,7468400
136.52931905308208,6717800
137.55430792225792,8868100
139.7359289492838,11917800
136.1908141533554,9170600
134.6580429468487,9431100
134.64864342376092,8128700
134.55279382335263,8576200
135.37694433963748,10270600
136.08741039936837,6964900
137.7546162153321,11288800
138.78719132814007,8698200
138.5882761853236,10484400
140.67229827674657,29427000
141.57221675866873,12663500
139.79133285173438,11482700
138.8629600091824,9620300
137.8114720413774,11143600
136.94942649571723,13332900
135.40538371534663,10133400
133.7476027624477,8881400
133.16025819520024,8242600
132.39298287304953,9109400
131.62565966148168,17434700
129.2479771142823,9855500
130.4510585756186,9672500
131.90986793580896,9432000
132.70560479630942,10186200
134.69488772667842,9538700
135.62323960267491,7625100
135.94530129293153,6297900
136.51369114592342,7618200
137.77360955343374,7992500
137.2999149802925,7983300
138.01985731607252,6676300
138.94821168974792,9927700
140.63441135739868,8365300
142.1784843279759,8126200
144.1772588984719,7812400
144.0635522555238,7019000
145.12453420331482,7083500
145.32348071050913,5174500
145.4939767932843,3496900
145.3423911390429,6259100
145.1434848193456,6582700
146.04339921623102,9126100
146.74442716090434,9869800
147.6064237377565,8916000
147.7959198107039,9607500
148.97053122729264,9135600
150.46724018307185,9366000
148.4305789322475,8130900
148.97053119979643,7369400
150.16408749853352,8093900
150.83666045968693,10223000
152.05869172694915,12379100
153.299648728851,13643000
154.48375252838963,20309300
157.17404014465845,8469600
157.2498107031462,10345700
159.13492535722085,10734700
158.04553227748778,7601700
158.67078441299145,6576300
158.63285356809848,4683600
158.99282920902155,6428600
160.42326026550225,6320100
161.03897817607512,6435100
160.1769417494101,9977400
162.80093544417744,9852300
162.64198661978116,11972500
163.43311119195872,10066000
163.9573211669922,11229900
163.57606788439452,9923600
162.0320000942187,9670200
162.34654010755642,11919500
165.6538904699053,19436500
157.14243736078933,17206400
159.49665940891614,11107500
159.2869952568206,9382300
159.69682190226158,13115700
162.47045721383148,12837500
161.71745692199738,8360800
161.42200842001844,9967100
164.23373703536978,8873500
164.51967362135542,7443000
164.16700911633845,6971200
164.72935032471554,10822100
167.94137645745244,11521800
165.50139530281825,9354800
165.1773303806104,8607600
165.71108842584943,7820200
166.42593618076785,6764800
167.45529669210487,7225500
166.7976328450841,6060300
166.7976486241064,6296700
166.58794275909298,8539300
167.10266035536173,8397600
166.86437705636513,7056700
167.8937343759437,8723400
171.19154963479215,8152600
170.79125525671367,9668000
171.51564198980836,7024000
173.297983467374,9296500
175.19471637316317,7105800
175.1375127000542,7145400
174.71815547760136,5717100
174.83252201060458,6131600
176.95800272580232,9643000
176.9961179460984,6311800
176.0525545827284,7063600
177.62518409467728,6617800
180.37973138798867,7572900
181.00883022706049,7618300
179.60769987770607,6172200
178.5020966109198,5762600
180.09377788475337,5708400
181.4377312112628,7795500
182.07630255175962,10310900
177.73957742644203,17214200
181.69506181540558,9013800
183.6775727454706,8478700
185.08818771788046,9367000
187.3090074968124,11203800
189.68227554589657,8108800
187.38524407916947,8620000
185.4694632408453,5961500
187.28992589560684,8725800
190.13980217725017,8628300
190.61635887297004,7309000
189.09133467432258,7014700
189.71087593046866,9353400
190.92293205560827,9243800
188.05646456443594,6532300
189.45616630221485,8001000
189.88756106284035,7351500
187.4716553790757,7681400
187.90305769185724,10137700
180.54034929302082,31532300
176.87814585813857,14766600
175.3442474381056,16451800
173.87743429200685,9017100
173.61860787689943,9557700
174.86486876991842,13402300
178.3065818323909,11529700
183.23424396804157,9144400
182.65902346925535,6964900
184.30797154370308,9802300
185.5734772876732,6413700
185.48719085575314,5387800
184.8448357100977,8153700
184.32717863603727,7445300
185.09411048063117,6501700
184.06831413963806,8922800
183.80944819934183,7911100
183.78072167063712,7688800
183.10962159293808,9227600
187.10736271795474,7977300
190.33813049739558,7529800
190.5874094528372,7049200
190.7791356290652,8596200
193.6647758753469,8370000
193.866101662291,8497900
195.39042954302607,9260500
195.94649233225823,17373300
188.86173328735507,14420800
190.7791125018505,9425300
189.638312779018,8069400
189.58077653024836,7356200
191.6035819904328,6910200
189.82044693132437,6120000
190.35731003961553,6829100
191.06674918836447,14417900
193.95239907688003,6444300
191.89123007503053,6848300
191.5077459064257,8351600
189.11102988577807,7640300
189.2739797714667,6964500
191.00921185125108,6070800
189.73417525086586,9235300
187.9030786059077,12751300
184.37510431277676,8587800
183.54103282309364,6874000
185.48716772913508,8725400
186.5609073499265,9023000
188.27697358244748,8731100
188.58373987114496,20972100
189.63830383493246,9785900
189.90672123301874,6862500
189.29317995519202,7758600
189.28356496482823,7913500
191.74739901722398,15307600
194.46049781077463,10205800
196.80926606274986,7802900
200.893305615925,5560900
199.53864617381842,8093100
197.65883954033447,8707000
198.2275912793329,9058900
198.71922757684789,8328500
198.7867338675259,10658100
196.65624496498683,15443400
199.7314503097893,10719700
202.44028200402863,11557000
206.10349645675493,11572500
207.86760619146685,12415100
203.59707529601897,8095900
202.883717700245,7663200
203.42357088396682,5557300
202.00648720315863,7119000
201.13888846054934,6403800
201.7076510542703,8027800
204.9948645941633,6533600
205.55398670734905,8850700
207.04821445631424,9071600
205.5250819532728,10918600
196.5406090896375,18041700
187.06445780696276,13927000
188.36586724051912,10605800
196.1838811464482,9204400
195.18133758602812,7761200
196.14535459603678,5540200
198.97952226974954,6936000
200.2519905060568,6387800
200.26165785619665,6999800
205.33226234499492,7001000
204.06944265968446,7931200
206.29629275515234,6090800
207.26027814783114,5640000
206.71080165097436,5202300
206.85538330458962,5247100
209.76670860699275,7214000
211.125922885165,5105200
211.60792033180917,5185200
211.35728113662915,6506400
214.1528714460767,6416100
214.49028314488254,8574100
214.297494197532,8956100
213.08285179473262,7389500
212.22486578055634,8067900
209.76668787436864,7777000
207.4434494984693,8935100
210.73069601813924,28406900
197.8612402966639,13658700
200.1748635449911,9054400
199.41330902113066,10226700
198.42039779039567,8634900
200.2519838182576,7573300
201.48590664975958,8259900
202.22818666728926,11635200
202.3727828105395,20885000
203.40428249196864,7223500
203.54885955429185,7323200
204.0597961831719,8976500
203.5296028527362,7807500
203.06688130801132,7032500
198.88309377750343,8663800
201.37988091048814,8540100
199.62540303508803,5810900
198.74815887229946,7251300
203.00189752185364,10211700
204.67983675803367,6718900
204.2433966990474,6021800
203.3898630505735,7024000
208.34610048894507,7927100
209.18022188553982,18320700
216.48362813038722,9048900
216.92977091009638,9235800
215.63982224842857,6382500
217.521435503585,6470200
218.2294563898017,7000500
218.4428562648874,5870000
216.30907047510507,9586800
216.92979408147747,6180500
215.15487613307158,6002200
218.22946395257756,6369700
216.6291337876938,6843000
218.43314372922367,6580000
215.84348713272396,7110900
217.93850223567313,7829900
216.8327686620704,6923500
215.95016767681818,8229600
213.40901525279463,5600700
227.92857335200011,23987800
237.14268290793603,16451100
232.1379691294592,9502100
232.7781040164942,9017100
233.3115332694767,6861000
233.34064938993217,11472600
235.12526487780747,10172200
234.19417438377397,11518800
240.30460043640826,9051400
234.96038095752812,6792700
237.04568704958282,9015300
235.9108925350345,8783500
236.27947953642217,7997300
242.07952020730173,10295400
242.9524615802481,6212100
241.84675111969358,5472300
242.34139881448183,5494800
242.04072865244322,8899700
240.7604260371418,6657700
237.33667477531787,7346300
238.00589719302252,6572500
238.30658907627586,5519700
239.6935383907093,7076500
236.55103726892423,9108300
236.6577320701239,7884400
235.68782146085866,6113800
234.78580466330752,10392700
233.36973231358596,9032000
231.46872125413844,8083600
231.80819899787568,11322400
225.28069654614558,11790800
224.941228167182,32348400
228.96635695747324,8611500
232.2252583661107,3729100
234.16504280416527,4451800
235.41624907067862,5730200
231.58510803780834,5723800
232.8266068657463,4871000
233.67042098914,9220900
236.55105658093132,9491100
237.58748222689778,9917800
236.0666364630763,8753400
236.66132574542317,8675300
236.99279835682842,10256800
233.65859599149118,10005300
236.57358662642125,12407400
244.11945166267157,18448500
247.6291630037952,15292300
247.76565189599165,17678100
253.54692929719334,13712100
256.3059292216627,9021900
258.05104328370686,10749700
257.07611593589155,7666300
257.54409076732867,7522300
259.18195317720495,7375400
260.50781879552153,7684900
261.8921889760082,8753500
262.4771954897471,7193800
255.262756728444,8381400
263.07185105882786,5626000
262.1651692327603,5704400
265.61640594638817,7264400
270.3154852917386,6857900
269.2236076160228,8627400
263.4813389480683,7196400
267.205505594858,6683900
268.5899033779397,8398700
270.41299219849265,5688600
269.8182931454493,7919800
271.39767571560697,7007200
271.6900912180592,13846700
261.5900174978265,12835600
258.8309374152343,10372800
255.6527330596067,9608400
250.70990545858655,5943600
253.65413698422063,8204400
254.19039237134785,10467100
257.3783111842207,9058300
248.87705700074721,13465600
244.9481392715601,7861400
241.886905868188,9983200
239.07913004138194,20498700
230.28537474013976,18887200
225.93725209212354,18143000
228.13079748633706,16054000
223.5487075264648,16467900
222.39828672532758,11962100
225.38153653003468,9586000
228.44278631946406,10344900
229.8271715262197,10120600
230.62659068730426,8328500
231.8452488224462,19326900
239.322859868715,9422700
243.0567884546642,9287700
246.26428619669275,12779300
243.27127484247194,8022500
240.7462457637879,11978400
233.4051183081998,13603000
236.53459990075916,8054700
235.54017262888723,7758800
228.39403885290514,17188500
211.2025352982525,27170700
201.84453550263905,22914400
219.2559199603552,19485700
208.4461369100307,24022400
225.6122868759835,18896400
221.99268738474478,20284500
232.5768346591959,13017800
231.5959137609775,10912900
227.574126341125,9322300
226.39703780490407,9557900
226.23027991963676,8716200
227.5545095207112,10701400
235.6373314706297,14126800
235.16649038746075,9055200
239.98281495355522,8588600
239.89452661223797,7394300
237.5697486449445,7216800
236.60844827615284,12991700
238.20734299709588,8689600
246.4667021122206,7165000
246.388234299257,5450700
245.23074839753636,6369900
245.08361641763196,8724100
246.770819448475,8320100
249.64490778917525,5087600
257.88465637383746,9603900
256.05034578816554,8589000
257.98273672949557,8643100
261.87698531695685,9214600
262.3968965278898,8932900
260.4840753869021,12145000
257.51191281628184,8436300
259.3070029050421,7464000
254.49068892966963,6514100
251.9108110430405,6671800
257.04106526626447,7506600
261.160947858906,5535400
259.74838881098617,5081200
258.4241883810186,10977700
258.00235590026796,6011200
258.69884566926845,6998400
260.84702422186416,5915700
259.68954289634314,8173800
259.2873285675225,7738100
260.9254938141093,8285000
260.80780989527875,7538100
263.5543728329388,7434100
261.76909370629187,6618000
260.0230331633122,7098300
261.90644458682067,8566000
263.0541651928721,6739300
264.84919608413435,9586400
270.3129479704052,13969700
269.81267140989485,8094600
274.8643916774201,9267900
276.12980042711285,6826900
279.26878993935657,8942100
280.3575637051558,17868600
284.86003722869964,12689200
285.3406963303482,9338300
286.46878021661104,8158700
287.95726066275904,6541600
291.0127726573706,8825700
285.1185912184717,15440900
283.0586107622728,11273800
278.9385584232814,8410900
281.4223984494675,7384700
282.95018101073435,9079900
283.866855384694,12526100
284.2611002489253,9979800
279.3722805662569,8509500
285.365019447414,12217000
286.8237577094983,7898100
287.3166222633084,6717500
288.6373728619252,7083500
293.1516681080147,7001200
292.4420132724975,5918500
293.3882007039174,5840400
295.6946113524278,7635700
293.1516503269176,8061700
294.8469611494763,14749700
286.2323800564947,12007100
286.0943926240756,6649500
290.4608068242693,7182300
288.1050798314591,6330200
288.7359444448802,8057100
284.83281074343716,6634100
285.246742053437,5510100
287.31661546362176,8570900
289.7314666813669,8420400
286.4098066006694,6322400
290.6086532135509,7340500
285.8381195988006,5386900
286.6562214265169,6031500
286.63648908496583,7374200
287.7502738983734,6624000
288.9922055724686,8552800
291.9885819039242,5856300
289.9384115603751,6714700
292.98408908730437,6056500
295.71431837356056,6410500
297.7053662302992,6796400
295.9508866438156,7221900
296.25645520177414,6316900
295.694622931837,6605800
299.2922261938372,9837700
290.6579550877705,8188500
288.40084429899173,7848200
292.44198029068025,7787300
296.91682530734334,7942500
300.622869917122,6846700
302.76170501933825,7122000
305.5510890844016,10525600
305.9355331009736,8657800
307.3154351086428,8050700
309.09945390156855,23568600
305.35395817376326,7520200
307.34499004479613,8584400
309.54299157852137,7310500
309.6119974927529,7083200
310.3807528469309,7258100
312.50978831201064,6462400
311.71140689202116,11823300
309.46414008660315,9235200
305.5511124553201,7600000
304.0825131673876,6029900
307.2148975143275,7214500
306.39282285956295,8454200
305.2637226562496,6489900
302.13392206728275,7060300
302.73812442433035,8597400
302.6786918104351,10788700
302.91638858642943,16178800
303.4611428511513,11354800
302.43105556912377,10549400
296.30025689141456,10153500
295.6465484229892,6894900
298.7763518720256,7372700
294.9235089294393,8054100
291.5659521228084,5438800
293.24968626033206,7228300
299.27155593587753,5642200
301.9457281513223,6336000
300.60865723546095,7520300
302.8668918595425,7514600
305.5905808443981,7721300
308.02707397940236,7770000
303.7780648320401,7085200
306.6503419445097,6865200
308.01715622418413,7206100
308.90856044061366,7302300
311.9888009767473,5794100
314.4649080237581,5030200
313.23678409164455,10578300
316.17840351377913,8973300
304.5704148461381,10327000
301.0939616708072,8344000
296.6369875977812,8077300
296.8746866890342,5546600
303.411609711364,7501600
298.40990318772816,11766800
295.3890327721484,10940200
297.18170363006027,8877200
302.0844103036798,7910900
306.1452235979446,4322400
309.95842421118846,7727300
305.7886541478843,7249000
304.26340519365976,8535300
310.26549041680175,9627800
312.62274341566774,6518900
312.0482477999388,7417200
311.939326475107,18049200
297.62741810314117,18874100
306.2838676543348,9721900
316.6241041512468,8982900
316.5349331916296,10864100
316.0397380851819,8331300
315.3860269605939,8718700
312.979256626897,11444900
310.79038320864026,24494400
314.4748493262905,8354600
320.51650136966475,6668300
323.1213622604756,4289300
325.9639318748006,4158300
323.8741142125664,8635300
321.70506610211044,7904300
321.2395304565584,5048500
319.4171281542276,8054000
322.3884599175412,10752600
330.92639220894705,7660800
329.4539672046419,9815200
324.7281574581884,11737100
327.6631156796267,6738100
320.2411028663189,12805100
322.64875130423195,19371200
306.6307659579143,25951500
306.8993776774091,14751400
308.76979706409315,14652500
304.65088058894946,12900600
301.88504309324475,10270100
303.3077326815458,10535800
300.4623078902987,11107900
296.2936374196168,11752700
299.7957098597862,11527400
298.74110176244625,9556700
300.86028172816947,11580000
303.6957636347891,11953200
302.9097896135357,9839400
308.15296152215484,12688000
312.809117891095,9848800
313.3961328396234,9388000
313.10760555212,17797400
319.70385137937853,11477500
320.9076714905845,9902200
321.5941717066872,8703500
310.68996020493864,13443400
297.0000117729552,9114500
301.21844819128046,8896800
306.8894162356143,7209600
305.6060125002564,6737700
306.829734990155,7792700
307.22769310292153,12955400
295.3086878147805,13554100
297.1194302945208,8095500
303.02916294815697,7007800
298.4725052158334,18620800
293.3089239524434,8508900
290.80175042735664,10278200
298.4625518350298,8055700
296.46279534996694,12732500
284.88204628210366,13496500
284.04633930656934,12241100
287.81703392074905,8344900
287.339470512306,10205000
281.38992356011664,13760500
283.2205743771862,9091200
284.88204862524725,8149000
287.5285022187445,8961200
285.36953215418885,10057000
285.4193072233837,9846700
286.61317132501995,22436500
292.8114588483544,11470800
284.71293429347423,11092300
292.6522795072885,12188200
291.0902559049482,8669200
287.66781259849654,9873300
283.2901966006573,11734400
287.0012007453536,12956900
293.8859963972044,11267200
290.4237002119346,6669300
294.05999755859375,7142600
293.1400146484375,7849100
307.9700012207031,10590200
306.95001220703125,6586600
310,6069700
307.4700012207031,8318200
309.82000732421875,11455500
313.95001220703125,9885800
305.3500061035156,8208600
312.4700012207031,11082400
310.8500061035156,10772000
317.489990234375,7084300
314.8500061035156,5545900
313.5199890136719,6969700
311.1499938964844,5215300
306.8800048828125,7925300
315.20001220703125,7398600
310.57000732421875,8031800
307.07000732421875,8865400
313.95001220703125,6135400
310.6199951171875,7338200
307.7099914550781,6316800
311.45001220703125,8629500
314.6499938964844,8359600
308.25,9464300
302.1000061035156,9512000
300.0199890136719,9498200
302.2699890136719,7709500