5.96934461115753,1605800
5.771795223366676,1345600
5.857685648530434,1260000
5.737442267821725,1185600
5.814743860759892,877900
5.780385798730223,768400
5.883454589325238,657600
5.943577824840326,994400
5.8233319569896675,846700
5.823331605234092,858300
5.720262874079592,1020000
5.909221510549562,1066600
5.746029390757482,524100
5.900632102251116,1883700
6.0638223603889685,1580400
5.926399518772676,1084700
5.831920785627054,599600
5.780389226209781,840500
5.771795504155248,611000
5.651551723480225,887800
5.651553067646257,500400
5.694497585296631,564600
5.411061407491576,1610000
5.402471437049283,1203600
5.411061079233427,1374100
5.325171057340939,1275300
5.239280879386729,1863100
5.479772147215187,1892700
5.788974916867814,1263700
5.814741699293329,958500
5.797564525199178,1018600
5.479771721609948,1813300
5.479772898344814,2121600
5.376704768083373,1138500
5.514127341767917,3611900
5.7374416262177546,1437700
5.7202648943141465,1288300
5.668730448137773,1194600
5.711674603344875,1251900
5.625784531209952,896200
5.505538203697475,1471300
5.617197154312312,1158700
5.780385288286752,1924700
5.874865656729877,1745900
6.020878623368279,2080400
6.2270133737941675,1468400
6.175478606388479,1155100
6.098177883361548,2215500
5.883455154862114,1218000
5.883454431495275,1288100
5.840512292622486,1329600
5.625784222913226,863700
5.668728936713524,548400
5.557072054343661,1077800
5.582840151635738,1364700
5.35093819506679,1166200
5.282225179994449,1132800
5.179157323328641,907500
5.144800903318137,884100
5.144800903318137,1181000
5.1705683592052765,902800
5.153391504351139,931300
5.2049243327602905,684900
5.101857680152175,535200
5.110445323677368,677600
5.1877458961992415,1025400
5.204923890177894,782400
5.213512780461414,835700
5.050322336698819,946800
5.0331448582142935,834000
4.741118491392186,1236500
4.689584815577649,1084900
4.552161088640876,1419000
4.6380507000494156,1294300
4.818420947336447,838300
4.723941802978516,552700
4.775475145096277,561800
4.64663965340514,864600
4.71535175923186,582600
4.560750715334811,1778200
4.440504678469924,997000
4.552161925171026,778300
4.595107104331739,814300
4.586516948360944,774500
4.741120068968232,835800
4.801242878500222,622400
4.61228520212928,1408900
4.809832457041166,505600
4.77547447980209,792900
4.63805061412561,998600
4.53498332998242,889400
4.4662731536825815,1480900
4.217191429945572,1291700
4.268726432872304,656100
4.320259094238281,831000
4.311670145213047,649400
4.363202938281534,717800
4.337436699121252,855100
4.552161769844722,1340600
4.663817369977161,1451800
4.466272292490827,1016500
4.414737417729979,1041300
4.423326052449004,784700
4.526394791600833,934500
4.663817418577383,1847400
4.887129897833,971400
4.990200620397986,870700
4.723941647541479,1055400
4.646640967554247,605100
4.655229136664273,860000
4.577928480336663,855300
4.84418637285566,1049700
4.852776980865639,628700
4.844187364894819,1084600
5.067500717760841,1563500
5.153389490573606,1079900
5.136213230948206,970700
4.930077106651749,528600
4.955843251889734,563600
4.964433630225778,870600
5.024555633296174,795200
5.067500287113932,480100
4.947255715873055,702100
4.964433245603701,997200
5.282224827461627,1004400
5.239279747009277,752200
4.9987874031066895,1024000
5.007377681421243,1002700
5.239281383498199,1652000
5.273636321656969,687200
5.265048660471207,854400
5.5398958713637025,500800
5.393881411631914,603200
5.44541715398856,1333200
5.230690976651592,549300
5.196335561600164,651800
5.084678669635772,501300
5.161979539812063,659900
5.350937189671866,1208800
5.385293597847506,689400
5.2650475151699085,458700
5.153391124589997,1041700
4.998789578385725,796600
4.9558439971278645,1030700
4.9043108456902695,904700
4.835598224625256,405200
4.869954735526971,1266000
5.041733469882516,1219800
5.265047307102048,962300
5.239280522020757,798500
5.273635490971603,859200
5.136213779449463,713500
5.153391723632812,1505900
5.496948490079185,2111800
5.711676120758057,1570800
5.3337590929446606,800600
5.574250815847502,1162100
5.668730697883592,1080900
5.565662222895842,867800
5.617196830850214,805800
5.720263406276228,1542500
5.6601416087891865,698800
5.582839767703736,700500
5.419649439604643,839200
5.471181370705702,970300
5.471182874056537,840300
5.179158153697707,870900
5.2392814225947415,723800
5.565662780512039,1702000
5.857686755531754,766600
5.788975290832979,1207200
5.746028932059944,642300
5.823333008076085,1217200
5.917810464157053,1706900
6.098179003876266,976800
5.986520673462369,829800
6.020878019443208,1719200
6.6135176855935836,2686200
6.725175526677166,2712500
6.836831112460697,2900500
6.355848254350923,1339300
6.3386696719988045,2319100
6.5276275195520705,1592000
6.175480289829786,1600800
6.106767825347248,1489100
6.269960047049497,1634800
6.3043144168002385,1502000
6.5791616136274325,1926100
6.742352499190654,1494000
6.4846834995755716,1272600
6.415969325241939,1296700
6.175479371573037,1276500
6.132534237225463,1642800
6.244191530361501,1610200
6.52762799626474,804100
6.699408203640589,1026400
6.398794406835804,1301300
6.192658157885395,1158900
6.106768550151397,1650200
6.252780350074829,1027100
6.166891427421735,1340500
5.995110794233285,1599600
5.934987808692228,2099500
5.600019163223308,1483600
5.849098276518229,1316200
6.01228986070153,1495100
6.106765787203173,1631300
6.003699991593878,750200
5.797563237051387,834800
6.106766910085715,1939500
5.926401454709453,1192600
6.020877955247913,1448800
6.17548064668375,1497400
5.986522146394823,1123500
5.892044834321618,946300
5.823334332155268,750500
5.8490984174495315,1322200
5.943577688985118,1092800
5.806154416245713,1111000
5.806154192676763,793400
5.94357721877403,955000
5.917809688952396,2572200
6.390203946842245,3846300
6.536217445831774,1904200
6.4932732347386235,1633400
6.6822310711074735,3274400
6.6049301487599505,1471700
6.707996672538651,1373900
6.896954629155823,1654100
6.613518678759189,1680900
6.639284999692255,1812800
6.561984958365727,2002600
6.699407645847174,1891800
6.742352319870944,1405900
6.61351742265551,2616900
6.939898403014421,2909200
6.939898403014421,2003800
7.0859117114948145,2834900
7.240512880694679,2823100
6.871186943513324,2362700
6.905543024978001,2192200
6.914132157965322,1434900
7.085912352490017,1581200
7.146036112401346,1484800
7.197566870325271,1521500
6.982843819179621,1892900
7.420883192096629,2503300
7.627017410331377,1463800
7.730086507319584,936800
7.730085529906724,1682100
7.987756195633941,1505200
7.98775534797772,908300
8.082233296971491,3053300
8.460148296019733,2949900
8.296960493211065,1637600
8.546037818729646,2270800
8.717816875568229,2245300
8.546039791791685,1834200
8.803707027874093,2248300
8.7178166976859,1761100
8.666285482021168,1781200
8.923955175753301,2252800
8.760762069912289,2466400
8.76935191898355,1962600
9.173036375064713,2680600
9.121498450933249,1742000
9.069968191434908,1438400
9.121499973772275,1467300
9.052789064585115,1948300
9.310458747306875,1361000
9.439294133764648,1522000
9.714141605194422,3172200
9.937452832296813,2390200
9.963221606214967,2143200
9.533774538115027,2328500
9.499416954237807,1848500
9.155857224043137,3575900
8.71781974990026,2589500
8.915367039932768,1729200
8.657695609884547,3101700
8.30554803130153,1611500
8.288372271186628,2495500
8.54604204947997,2936000
8.348492863077121,5544800
8.279779952228953,2669600
8.37425721111254,1799100
8.099415060809404,1400500
8.150949844957067,1022200
8.142356214763257,1606200
8.296959142761377,1857000
8.11658862289604,1948000
7.996347094735015,2272200
8.305548167880447,3337000
8.692052569191834,2154400
8.460147356306065,2531000
8.073642922453415,2864100
7.687141540006079,2042500
8.142359124444264,2074300
7.5840735327074364,1924100
7.9705810546875,1152700
7.910453459113138,1642000
8.400026106058279,2206500
8.468740809953236,2402500
8.40002460239833,1469400
8.116588522566701,1621400
8.176712295326652,1488800
8.185305432138575,943800
8.236838975968727,1073100
8.494507473780608,2341400
8.829474709260621,2399500
9.00984658728138,1951000
8.743587118840477,1586200
9.593894700410988,2755400
9.396350433279158,2009200
9.447883760620714,1810400
9.336227623227659,1486100
9.447882515591326,1757700
9.636842141965104,1877600
9.447882359662655,1892700
9.482239417015002,1880000
9.284693279976148,1726900
9.12150177386878,958800
9.16444731333085,993800
9.550950444768205,2614200
9.911691703667856,2042500
10.031933758170656,2665500
10.30678179838134,2811100
9.82579634479656,1921300
9.714142224453774,1454500
10.092058445171018,2046600
10.33254856258967,1783600
10.169356518988904,1987600
10.31536806730627,2104500
10.787763552144114,2368100
10.865064693916132,2956300
11.09696928404304,2448500
10.727640368570231,2142600
10.779177604950574,2025200
10.418438347998586,1722800
10.658927161787755,2165500
10.847887252051768,2577800
11.234393930113816,2714100
10.88224533876384,2939600
10.049112368409464,2879700
9.903101120348126,3074000
10.006167930226978,3523000
9.542360709509659,2181400
9.0957354605731,3451700
9.044202429399983,2581200
9.353405804071462,2469900
9.13009260379736,2789100
9.224568275358918,1466600
9.508007988992077,1146000
9.705553659998039,1713000
9.439291954040527,1368900
9.138680437368748,1579700
9.654018048700129,1484600
9.825796969112623,1301600
9.241749542090298,1673000
9.052787809361659,1777100
8.700641567446173,3027400
8.760764708123373,1706900
8.606161406309704,1862400
7.815977317069478,3793600
8.090823768290353,3449800
8.202479567212475,3158900
8.468739237415528,1484600
8.245424892877573,1155000
7.996345728600898,1826900
7.9877542424928345,1813900
8.49450796222533,2069500
8.219656486086446,1750100
8.674871427098937,1098600
8.760763275096327,1280300
8.434381090081438,1057400
8.339903406998918,1389500
9.087145175737271,1511100
9.490827612293604,1072300
9.894508634775717,2058800
9.447878442100361,2221200
9.739907623781702,1123200
9.207389795173276,1000200
9.36199174546237,1416000
9.860152375258037,2264700
9.877331457018272,2051200
9.568126005903965,1603700
9.379170377673484,1432600
9.344815787930782,1546100
9.27610384810513,1344200
9.59389215152191,1765900
9.5509511388797,2661100
8.949721503025259,2645900
9.576719672484446,1498600
9.602483745016926,1460600
10.00616605176002,1607600
9.662607338978413,1319700
9.911689013404823,1305600
9.877332393512424,2186700
10.46138269148113,2345400
10.27242360623062,1334800
10.538683954525485,2106600
10.401261558069288,881600
10.341134663208587,1500800
10.804942346647247,1965200
11.079791742727405,1701100
10.993898328827552,2284500
10.487149238586426,1437700
10.469970444310237,1903200
10.847887463579127,1729100
10.908007347217115,1646300
10.770587263551128,2163300
10.8135341655064,2707900
11.337460426206842,2674000
11.68101842306407,3303100
11.92151034208568,1562600
11.681018305280944,1173400
11.638074563599995,1724300
11.474882867126695,1990000
11.552183111542677,1050200
11.741140915738214,3267000
12.015988292145241,2888900
12.454027425866931,4158000
12.763229798074974,2800700
12.56568406308946,3487400
11.869976574842909,2993700
11.217214171752396,4239700
10.779176069907557,3585500
11.079790919943994,2674200
10.84788622380099,3223700
10.177945957167177,3426300
10.315371854890074,2134200
10.521504708797286,2077800
10.298192492138009,2051000
10.152181197956237,1887200
10.384085635848336,2137300
10.212302629141893,2825800
9.894508306394918,1760500
10.478560349631458,2832800
10.744821940360707,2492800
10.650341791578892,1425400
10.873651183663743,1522400
10.418439277672029,2731600
9.954633322441353,4249600
10.177945266880794,2741600
10.246659363074508,3100000
10.143589576014705,1784800
9.800030306572982,1711400
10.135001077689154,2196100
9.654016638126532,2516500
10.212303386748506,3832700
10.719050931100279,2203200
10.710463740382469,1880100
10.71904926761018,2079000
10.55586162032469,2743900
10.8736533868078,1980700
10.272425610309146,2383100
10.512916949663575,2668100
10.512917639688776,3334400
10.899422340635043,2604600
10.822117519069856,2260700
10.950954262898055,2584900
10.916597676769737,3042600
11.474882320903024,4734800
11.268747541797719,3046600
11.380405988355392,2716000
10.358312772991196,6256500
10.392670240009195,5240800
9.971812459048458,3572300
10.306781412719245,5213700
10.70187397132057,2931600
10.298194028045799,2842100
10.633159938075817,2721900
10.169357239409727,2821800
10.427025819458379,3432000
9.842975227172165,3225600
9.971808767893272,2622100
9.825794520147154,3116300
10.057699329270871,3119700
10.220893227336829,1479300
10.375492621696594,2644100
10.220890819878719,2339700
10.23806981602163,2528300
10.504328457942153,4275800
10.71905437340083,2750100
10.667518587590529,2550800
10.908009919123744,3287500
10.693286650372565,2773100
10.650337714630579,2736000
10.90801027387198,3138600
10.633160809921499,2160000
10.66751793091039,2247100
10.48715011981671,2409300
10.40984955742728,1832400
10.418437627137333,5258000
10.09205655404412,2773900
9.937452775986047,2156800
10.375494065312438,1874000
10.057700432909531,2083700
9.92028043838955,2015600
10.040521056225405,1449800
9.860150413538577,1686100
10.195122422213277,2439900
10.306780166753324,2017600
10.298187305303234,3375000
9.714142624508378,7089400
9.198803641502236,6829700
9.568128625262236,2682700
9.53377173265925,3561600
9.662607544413639,2500200
9.65401646557353,3386200
9.980397101890679,3677900
10.461380833752775,3520400
10.521503594356423,3116400
10.804943171125874,4173400
10.598808105929777,2789000
10.641752633673194,2419000
10.822119834507687,3019900
10.89941956772936,2901700
11.320283217578373,4343300
11.011077217999548,2429700
11.148503473756696,2720600
11.2515680585862,2172800
11.251572674846388,3966400
11.517827842231187,5751500
11.251569751366088,4628600
11.277336471445052,2551700
11.397582585979427,2620800
11.268745633570525,2262000
11.036846546762844,3130200
11.466292723325408,4481900
11.182859789248711,2447500
11.26874581566839,3328900
11.3975830078125,3186200
11.500650478945587,2587800
11.55218553756527,2211300
11.174265400517138,2308100
11.20862542078805,4915800
11.638074200250713,3975600
12.007399944295067,3944400
12.204945560920017,5098100
12.196357578386648,5997500
11.663838336795845,6485500
11.947277065711553,5477700
11.371813773338284,5666800
10.581626552688098,7276600
11.079786314019145,4756100
11.131323288792798,3784600
11.328869957837794,3131400
11.35463827989842,3024500
11.31169262802848,3414100
11.30310554095804,4885200
10.684696300253615,4666100
11.011074524405782,4388000
11.277338755672295,6166700
11.311691152692992,3670900
11.603717198814463,4058500
11.638074718507811,3652600
12.11046748111509,3815100
12.024577844405869,2295100
11.930100440979004,4413500
11.973042795080845,2772700
11.964455710635573,3668800
11.758322478426203,3694200
11.749732081842504,3124100
11.792679439946658,3231600
11.878568570091218,3831900
12.350961514263108,4737300
12.462617792868869,2783200
12.239303979808893,2577800
12.4883825709637,2271500
12.436846548254985,3356700
12.247893784328404,2842100
12.436851356113124,4547400
12.7804092168393,3945200
12.67734154272137,3079200
12.445437430855527,2829700
12.196357006018475,5195400
12.213536194929237,2735200
12.07611171493825,2081900
11.912920003996868,2651100
11.861386997994126,2470900
11.535007992199034,3559100
11.586541056431424,3204700
11.76690806695272,2146000
11.40616919560486,3679000
11.208624978664616,4358500
11.869974015321336,4434800
12.196357364075508,3395600
11.947277985014882,3298000
11.964454174764784,2651600
11.706784811617347,3489600
11.492061118621434,3230500
11.414760306760636,3329800
11.646664903962831,4591900
11.483472362726962,3159300
11.31169466702788,4196600
11.088376957232118,3733300
11.191447077882833,3022700
11.182858051328905,2343800
11.363229861409101,2981700
11.234390171381538,3815800
11.328868022161009,3936800
11.105558013764448,2986000
11.251565863229663,3667600
10.822120142266385,5815400
11.079786030724565,5235500
11.715376328323547,6142200
11.603715164099691,4566700
11.552183853579866,3443100
11.457702689205329,3167600
11.423347767113544,4932900
10.959544955215472,4844700
11.079790468665388,2430700
10.9251881658265,3151500
10.779176148903193,4081400
10.761996391364105,4635400
11.122735294165537,4070700
11.397582800490001,2399500
11.303101715568536,2781300
11.225798329496495,3520600
10.976722499119678,2913000
11.011076450544682,3284300
10.736231317842284,3349900
10.44420368169989,7671000
10.00616776623781,6091800
10.09205478473105,5849300
9.90309947174432,4221500
10.126412192087281,3617700
10.366904698393487,3050800
10.564451638169242,3537200
10.693286302383472,4433100
11.30310595086143,4277700
11.35463623332261,4311900
11.294516321950454,3151500
11.397583494800557,3969500
11.612307375142269,2366300
11.595127274274411,2719900
11.320283534429345,2909900
11.337460499636604,6397800
12.196358852568363,5199900
12.27365775826127,3272400
12.162002314406866,2419500
12.282248039905447,3106000
11.603719267091988,4375900
11.577949657903508,5763100
11.40617496194525,4126700
11.225802348103642,3312600
11.638074065648965,4921700
10.908012148837491,5721900
10.856475614621363,4593200
10.882243195522529,4739900
11.002486676660714,2731800
10.736231710396561,4410900
11.148501811572856,4379300
10.822120777987813,4877900
11.019666778914452,4467700
11.380404179517184,3148200
10.787764179196182,5043200
10.177948471254975,7520200
9.207393161706051,15563300
9.877330251669667,6444900
9.8859197837283,4290300
9.791443104372915,2777300
10.023343134287195,3533700
10.34972880769621,2552800
9.834385659367088,2280600
10.066290193536993,1892300
9.70555263549775,2905700
9.782854766064949,1959400
9.842976530911175,2914300
10.366904669902906,3155300
10.60739529295772,3817000
10.624571800231934,2614600
10.770587974328194,7622200
11.612306752856458,7303600
11.457704933870128,4532300
11.53500563134257,5083800
11.784086170914664,3787600
11.77549904079237,3449700
12.11046915845763,3697100
12.127643535563651,3439200
12.093291767001011,5733000
12.574272112768062,4794700
12.892065934947112,7415900
13.166915204571772,7441800
13.209859347255879,7169700
12.634394298166631,5003100
12.831942199806031,4330900
12.814763673903242,5084300
13.218446756187308,6395500
12.797588551971193,5496800
12.849119627223123,5812800
12.77181881968953,4785200
12.496971507639334,3154900
12.788999908653832,3643800
12.840531384694753,2004600
12.90924159457963,3398100
13.304336060089781,7122200
13.69943109435882,8625200
13.82826529296019,5036600
14.35219395728656,6549000
14.730108380865788,5394800
14.472439136184258,4290300
14.257716919066876,5992000
14.841763309051618,4974500
13.922744110125233,4319200
14.627040337409044,3800400
14.627041597863416,5152500
15.056489205612161,4618700
15.348513061413867,5407400
16.027048600356878,6544800
16.044228092402452,4583300
16.37919521184752,6767500
16.61110161808385,6343700
17.031954908881538,8022500
17.281032406669894,4749400
18.03686628479424,6117400
18.294537922196394,8479400
16.112930466308136,12747900
16.104344542757634,6073400
15.77796233180667,6947400
15.047904678012497,5863800
15.657714763263394,5184700
15.030717635694186,5075900
14.81599587382758,5793200
14.979189677508808,6033500
14.687162702070442,7164000
15.589007002255263,4510300
15.68348237481103,2561200
16.30189071692148,4497500
14.910480826154187,4385200
14.901889027662948,3893700
15.563240765430349,4569000
15.40004989660216,4707500
14.704343054739784,3802700
15.520291532821977,3608900
15.04789582407367,3487100
15.030717219647535,4489400
15.777968086205679,4030300
16.061398015076403,3081700
15.975512364230692,3812600
15.709250279740857,4608200
15.760783639048928,4186600
14.970598347190036,4951100
14.592684092969677,5775700
14.24053168406823,4644600
13.957101844478483,3067300
14.094525166042008,3803800
14.42090757886462,6890700
15.623363361465527,2463000
15.537473709348397,2340400
15.803728565714502,3247100
15.812318963991471,3299200
15.975508415786837,2295100
16.224592337288016,7918200
17.160788820234554,7487600
17.6074161529541,6131300
17.444233731899978,6084000
18.036863180834903,9224400
18.303124791175538,8388300
18.21723759173316,9251900
19.32521870944141,9435600
20.416019346726625,8765400
20.09823014310908,8630000
18.260180064588187,10200100
18.81846250561293,7637000
18.08840109616189,14041700
16.155880342960863,10899400
17.693311235408594,17117300
18.05404439397675,19105400
20.098222845558297,12243800
19.32520902136941,6649000
19.170619539393893,6269100
18.835645553319306,7340200
19.041777356400182,6990100
19.316630839312502,6045700
18.30312475471382,4933900
17.968162143319436,6662000
18.406189976964964,5194100
18.11416656538962,5947000
18.251587530323963,7765600
19.14485074979669,6954900
19.62583195486723,5749600
18.45772820734832,6479900
19.385334077005588,4889400
19.11048924225214,5776600
19.625833550343202,7421200
19.71171919422448,6600400
20.553435601864447,8080200
20.098225219458772,7909300
20.09822588613346,5388400
20.51908586123876,5880600
21.249148827687183,7323200
21.137493012489564,5810100
21.80743621755069,6121700
21.79884140794201,9974300
22.331359808189188,9076400
21.858967279357003,8248600
22.485963921576957,9247000
22.59761745053478,6595600
21.20620365833794,6107700
21.137489872071775,5186100
22.331360793445093,4219100
22.554672358113162,8092000
22.66633049100673,8063400
22.623387299003205,9485500
22.528903201752755,6891600
20.4754157713039,12330500
18.092352748707313,10321900
18.77199546110068,6023800
18.76339686568883,6882500
20.277547967213142,5933000
19.847395715995884,6002800
19.408636440236673,3720300
19.70973872415209,3950400
18.221402408140346,6880200
18.49670149452012,5163200
19.615109452388392,4352800
19.54628126182887,4535900
20.45821481982765,3957500
19.709738664990375,3517000
19.847390057619265,3621300
20.509829829731714,3018700
20.174310929756317,3026900
19.494659675519145,2978900
19.873199119991632,4025300
21.172267748837022,6403500
21.654041996219483,4235900
20.931387339936844,6023600
20.750725149628085,5405000
19.417233882639223,5084200
18.642954038509775,7338900
17.765434345074453,12272900
17.03417293628331,7015000
16.956739877440206,4705900
16.216872076841295,6168300
15.803924347969826,9476700
15.778113194019047,7351800
16.01900287349149,4073800
17.07718105788677,5134900
17.189024457155202,4060400
16.647029455581254,5906100
16.681443928339508,5837200
17.722417750966795,4060600
17.008359298786367,4015000
16.672842283823922,3730800
16.94814045890483,2777400
16.97395232335268,5173700
18.0493388287674,6425500
18.06654386502146,3432900
18.152581401648415,4548400
18.402058770846754,6215800
18.255812924598647,5081000
18.092358788956417,3517400
17.171817171365593,3160700
17.025568583949838,4032200
16.913726033553473,4483800
17.1546154362407,3254500
17.240643629552054,3415500
16.999759790401747,3815600
16.793285058847395,3758300
16.165260458972533,4953200
17.18903157372475,5007800
17.16322135157886,4373100
16.965345861093763,9355500
16.586807776679855,7389400
16.010402817922046,6767900
15.77811868527306,5921400
16.096428802017776,3474400
15.932974064146604,3171800
16.388937925516053,3362800
16.905124743206603,4417800
16.569600995953547,5091500
16.535186805557103,3339600
17.36969015683499,3640200
17.412700119305693,5103300
17.765436884103313,10731500
19.391427376471803,8220600
20.20872778496839,7649700
20.750716520634793,7678800
20.372181251079727,6379300
19.21936760175783,4656600
18.94406100534825,5663200
18.86663500581041,5281600
19.00428808391652,4970600
19.357012531136345,7147700
20.243131207782948,10450700
20.3119561522225,6555300
21.5249961942077,9955600
20.380783707171766,5177000
19.5548844947785,7439000
19.382824169226517,4069700
19.847390811304738,4349900
20.58725929673935,6219600
19.21936123111313,9426400
17.369688286082855,16370400
15.958777862204363,7290700
16.19106630574275,6485800
16.242681493619234,5323000
15.399575670898562,8085800
16.49217474367559,5564400
15.451192290357767,6767100
15.210313614855457,6061000
14.685520571158069,12574100
14.539272785374314,6782200
14.848979175646573,7073700
13.825211249575199,7812800
13.541306660059211,9346900
13.119752834311967,9195300
13.248799568057372,11348600
14.195141403358686,6856600
13.059533315756438,7419600
13.222989986797812,5141600
12.973499760461674,6757700
13.816607934114028,7152400
14.470439472157283,9989200
14.547870607450646,5202600
14.169331645791447,3891300
13.988666650695395,3432400
14.547871249475877,3291200
14.891993217802352,5196300
14.49625062008252,4101300
12.792832242416742,8007200
12.904673153251183,8974500
12.758421597904663,8521800
12.17340941312677,8303000
12.620773294147511,7792000
11.02919588614804,13667500
10.340945343405686,10804900
10.659261450103175,11727500
11.063608975817123,9025100
11.803476134926314,10334200
10.358151543346551,10584100
11.605605974799966,16457400
13.171374135145395,23586600
13.111239169199811,9030600
14.99167123812309,12278300
15.27632164559184,12973800
14.93128761763408,7649200
14.801901458147453,8174400
14.707017008776159,9127100
14.189465661912704,11367800
13.982445542736963,8846100
14.154966054909027,12320100
13.870314371826655,12481600
11.869123758645479,10046900
12.930099139406796,14025200
12.240032848599363,13676900
12.291789491474976,19087400
13.74092679742098,10383000
13.292380853833262,16547300
11.989883135716756,7514600
11.920880236902407,13672500
12.153775168538209,10846300
11.213560182266164,17230500
8.815584716474913,10315800
9.453898011835408,6878500
9.540154611676769,7699600
8.651692380895506,10656000
7.43545368652678,14019300
5.9086853573183005,12401000
7.392324829028328,9161100
7.168052000217815,9773100
7.754607576839356,17834900
9.488396835390652,16078200
9.445269025816192,11805300
9.264128621987496,7712000
9.712670945980442,8836700
10.808147080562962,11813800
11.670731650330634,14133700
10.532122231941411,9743700
11.627598162120131,9192900
11.342949244123256,9816700
11.110051501844557,13697500
10.152585094076395,13809700
11.644850657559635,17490300
10.195712918232626,11627000
10.394109786654534,10777600
10.56662479668015,13546200
9.350385750318189,13394700
10.126708954491793,19168200
12.593692748372987,14344500
12.921475161337375,12680900
11.87775045591816,9160900
12.93009908556281,3191300
12.33491838642417,10280600
12.248659817137584,11247500
12.274537503973093,12758500
12.102021655890997,10338000
11.299821838637875,11312600
12.636819955521277,9916600
12.59369436391272,11870900
13.499402744484003,15541400
14.767395934453779,11705700
13.119867977611849,9274200
14.465492333575847,12521800
14.66388971263276,10555100
15.871503004683365,9911400
15.345329569226484,12090300
13.594287864422219,9975500
15.043424920198385,7967500
14.318855709628822,9067600
14.422364524504754,2106400
14.905411591296316,2575500
15.75074091607732,6551800
15.785241009468349,5062700
15.655858332483259,5236800
15.681736346989021,8318200
15.353951921319922,9649100
15.138306648481105,10319900
15.73349052181114,8676700
15.112430291939257,8036800
15.362574977600463,9681800
14.853653026359451,8513700
14.620756258940508,10616100
14.672514336777061,9448900
14.016951861243877,10602200
15.026169739669111,18441900
15.509217005271623,22114800
14.9744186777196,23113300
14.853656733359658,18164700
15.008918529639004,21857900
16.251039603000947,15714600
14.948536529556016,11372600
15.01754775335722,12938000
14.430987914710796,14976400
15.897377691818061,12831800
14.689770770679635,11993600
15.008919241433816,11126100
14.93128815821188,8765100
15.414333938044535,10714700
15.172821150684353,12378800
15.767993554880418,7879200
15.957758678248236,10502500
15.49197095448881,16817500
16.51844170264193,9922700
16.53568995512705,6234000
16.79446414469657,11625500
16.561570136917805,11146800
16.302795797631155,11272700
16.16477586428446,12110700
15.89738523102178,9275200
15.690364311995037,10201700
14.370609461022282,12215300
13.758178026372633,8586300
14.698394900046964,14877800
13.887564314989358,11730300
12.973227598043351,11970300
14.137713776456401,7587300
13.464900115135242,7893200
14.543129093894668,8637800
14.09458555285031,7696300
13.249255799780304,11204800
12.619570663426071,7582400
13.47352286136256,6590700
13.611539023966806,5139700
13.585662053257185,3550400
13.689169892819388,4873100
13.439021786296019,11763800
15.698982297539764,13982000
15.992056521204796,10821000
15.473399210606622,7560100
15.447463673583908,7984500
16.061217105732197,11149800
16.709541716259384,6084900
15.845102422356046,4950000
15.188132319032848,5572900
15.594417135822349,5839300
16.026637428882992,5338800
15.542549835753968,10435500
14.894225761035361,9322600
13.441971738487418,9711900
13.727238061009247,7942200
13.329599035608258,5930300
13.104844208496335,4783800
13.20857839887752,6693900
12.906023558268803,4943900
12.793649673461914,4769100
12.871449940906345,10306200
11.885991070593132,9996000
12.084810998218348,6939500
12.92331296520737,7651000
12.499738188983917,6603000
12.67262488260596,7944100
13.47655237232346,7175500
13.701308262291906,4593900
12.97517952388095,3871400
13.545705786434635,5264800
13.269089562748226,5412500
13.234511740459205,2855700
13.623501585275264,4402400
14.66082603488366,6092900
14.410144293065521,5347400
14.626249936582438,5801700
14.254546496770644,6231700
14.14216639792633,5150100
14.43607579914779,6994000
14.729983761273013,7240500
14.53980544775166,4918300
14.781851268817569,5504500
14.712694046687927,3302200
14.764562779441851,5349300
15.447463190108786,8655000
16.08715452593018,7930600
16.545295825436465,5919000
15.905615491190963,5397900
16.597162882195267,6173000
16.57122845218381,7306900
17.47888946533203,8373700
17.383802812874183,12604600
17.608552960428167,7019100
17.38380283246279,8381100
16.795984890133255,4731700
16.424277949899075,9265000
15.724086341493468,5708600
16.476138853650095,4291600
16.14765905212871,5504000
15.750016232940341,4770800
15.412883818183479,5121200
15.127620794785313,4692400
15.352375028096283,5191200
15.032535201627812,5051300
15.04118137690956,8685100
14.937452322289598,6662500
14.928805519719925,7540700
14.453365630645514,5941300
15.464755485155319,7710100
15.905612750434898,5881000
16.649027906729682,5506000
16.33783451235849,3942000
16.173590027334132,4094300
16.087147656533126,7325500
16.10443736450932,7374300
15.931546244678277,8322600
15.827816864833478,7148800
15.801884737221263,9015200
15.533906208578793,4992200
15.170846534191346,4181500
15.265934093998895,6243500
15.983410276683335,3285600
16.640385464781684,4943000
16.830563486608288,3714700
17.0639624674475,3818500
17.738215837858768,4688900
17.703645101635733,5005600
17.2887081810945,5181600
17.072602640135333,4915000
17.530754388841917,3519500
17.82466506840952,3754100
17.003450709764245,9754200
16.23410325390802,4951900
16.355123061936713,5387900
16.25138824772092,5375400
17.288707733154297,4507600
17.28871479820636,6052300
17.55668781071842,5026400
17.781442642211914,4986600
17.643132869678254,6279000
16.94293825753373,5274200
16.839210184956492,4365700
16.562589861501685,4969000
17.306003114577955,4760700
17.098539743043904,8241600
15.966122419207398,6232300
15.810525804446138,4281500
15.654929404528932,6264300
16.052568864927654,5074500
16.77869317917097,4888900
16.865139488393336,4347100
16.865138407986286,4951500
16.787337349500472,3304000
16.605803491985295,3470100
16.960230113868565,4453400
16.63174518007211,7059400
15.983412687685147,10092200
16.432921705230918,14740100
17.911113906052456,17482100
18.645879962367633,10331800
19.85608177695524,10879600
18.913853687972697,14109500
18.144504569516467,9069900
19.380652766275677,11114100
18.991648837849326,7374600
19.000289763677685,7932900
20.08948386311936,10611600
19.89066469857551,9680300
19.821512166072935,6905800
18.50606276027361,5610300
19.66702622032031,5338500
19.459089265573617,7523200
18.965246848073416,6899400
17.812953040273637,6861900
17.92558458378779,5162200
17.899594499586147,5917000
19.15584971202568,8747700
18.887273134325433,6592200
17.605021706985323,7787200
17.968901224076564,6012700
18.852619511131167,13194400
19.337794558291428,9884100
19.649695759997474,8198600
19.69301665388932,6715600
20.21284942850604,4041400
20.02224895521909,8744900
20.637381171314477,6397100
19.952933156659828,5207700
19.64103095756564,5904700
20.169530794970715,4105100
20.21284534528454,7193800
19.294472294695552,10268200
19.034566538852644,9180600
18.999909704169717,9420400
18.497397690482984,11251900
17.267122788041526,16955400
16.400746223682898,18646800
15.863573733260473,13656600
16.002196574235544,15297600
16.33142775614993,12162900
15.56034293322624,21647300
15.99353489707154,20023300
16.374747106022358,7846400
16.201469237688674,7500600
16.9119098186678,9610800
16.816605505227784,6340300
17.353766753383237,8104500
16.747293618974428,7378700
16.210137201826953,7059400
17.00720905449464,7689500
16.85125934991234,5128600
17.102509480299208,6865600
16.46138814605312,6701100
16.626000176499545,6473700
17.128507319429747,8251700
17.111180884667256,4913900
17.241135195926233,5804800
16.591341537946278,6196100
16.712635275092378,9240200
17.96890131444375,15723100
18.627362753152358,14102300
18.817963324167888,9718300
18.22882071460718,12090200
17.189148203489456,8227500
16.989883508873607,7536200
16.660652167590566,8299700
17.293120314971702,5669500
17.33643982401993,6192500
16.73862916084447,4685100
16.496041753565777,5144600
16.513371324604815,6765800
16.106164854676408,10365600
15.30909284598986,10536400
15.828920708491058,5573800
15.439049110702282,5278200
15.872239944433076,6195600
16.409407390086006,1918900
16.34875432165144,2471600
16.227461467070302,2988700
15.733616121741834,2358900
16.028192323771606,2280100
16.487373843345967,4284200
16.37474608753941,5485700
17.0245396474979,7241900
17.371095030431512,5480000
17.657001768220944,4139400
18.00355981284649,4507900
17.648337764830952,6070800
17.405750682308827,4743800
17.544371669414424,3816400
17.45772985443278,8595000
16.556689253363995,4329700
16.14948550618118,6372800
15.950216179751022,10330500
15.179129988754964,8489500
15.47370151794677,5660600
14.849902596578577,6427000
14.901885663795877,7843600
14.919215752117628,11375500
14.589985927966557,7843700
14.182781122523213,7019600
14.97119896048477,8929000
14.988525495081047,7085800
14.62464070530606,10135000
14.10480734207536,11364400
14.910549353170682,7367000
14.728608867100307,8800900
15.16180797204381,7276900
15.317748887608946,7277300
15.447707906679629,7249900
16.279445483994603,6201900
16.218797457911588,6337000
16.1581492157401,9541200
16.16681459352077,7035000
16.071507131433474,4899700
15.768277240812875,6655900
15.26577364244856,5649400
14.91055323882991,8243900
15.837587142157933,4606200
15.79426446978091,5052100
16.24479140350457,5501200
16.57402046834641,5032400
16.470045676646578,5039700
16.409404957513317,4403800
16.600008581903595,5462700
16.158151525676786,4044200
16.08017666422969,6675400
15.5343504130076,6614400
15.690299436908543,5173800
15.439049391253956,3856500
15.517017798032239,6664600
15.802934464353363,6561700
15.629657663503181,4353500
15.543010711669922,6127500
15.28237057322961,4634700
15.377940516503887,4368400
15.152049774922792,7525500
14.891406437227666,5326600
14.63945322922593,4580500
14.98697531368106,4067600
15.091236515516528,4989500
15.047795038519174,4327900
15.056479710492198,5125800
15.516951906737075,3268400
15.343186048726865,3686500
15.569079037817518,7660600
15.899228075063498,4619800
16.064304030153604,4942300
16.0816752067237,3332800
15.916601815740961,3902100
16.04692426297998,4167400
15.960044622310432,3845400
15.621205320454475,7619300
15.073852270804071,4143700
15.560393016028273,3353900
15.551703763112592,3469700
15.438758198026306,4951000
15.482198002491844,5139900
15.803659503686225,4146200
15.56907679849124,7133100
15.968734188189076,9986700
16.57689698300838,6759100
16.550835629622405,7019400
16.707224064371957,6086500
16.072987549571305,8338000
15.464819236111694,13717500
15.125982911057534,14014900
15.430070972913198,10585700
15.212867107323998,8756400
15.473510827387372,13142400
16.629027025403897,10442900
16.611647305838574,5475200
16.66377895513458,6570600
16.507392329543208,6985200
15.873161321516536,6451900
15.57776651021718,8951500
14.596011173518972,10028100
14.25717699589878,7040700
14.795842706491356,3498200
14.274552278292449,6402000
15.05648146962054,4122600
14.882717737264496,4030900
14.94353522720045,4159300
15.195490259844693,6048000
14.934849710005583,3511100
15.047790204226823,3207000
14.674200658547619,4219400
14.639453519027075,5940400
15.07385349841127,7158100
15.125981339564387,5532800
14.96959557158018,4753200
15.160733601472929,3245200
15.195487982970912,3432700
15.073860393596215,2913800
15.221553466799607,4069400
15.59514579102132,6925800
16.2033140844787,8166100
16.394451741870316,5581200
15.725462588403092,2888900
15.473502871300951,4294400
15.716778181183438,3735000
15.942666081273067,4786000
15.916606057254588,5445400
15.377937645421719,6217000
14.865345659933704,4854600
14.752396343455677,6734300
14.396184990609886,3934600
14.32667912988988,5456100
13.857522723058807,5058900
14.19635681230847,6876600
14.031282098518561,4541200
13.996535345897787,3071300
14.361433122959008,4168300
14.126854253489345,3246200
14.135540999978767,3682500
13.692448471432591,3691800
13.50999770133406,4027300
13.39705473465363,3785000
13.900961439360334,3295200
13.622943485134439,7098500
14.27454948425293,5056000
14.448310837673457,3721900
14.031283888101557,6179800
13.735891437461607,5548600
14.048661231994629,5890300
14.109477348194615,4188000
14.474378649589154,2754400
13.388363359813885,21996700
13.857519771510146,11700400
13.814081985516067,8676200
13.848834849348032,7706000
13.701138496398926,4879800
13.449181503097655,9159300
13.509998871618881,6222200
13.30148284791542,7653300
13.379675887334534,8131800
13.292795370064159,4520200
13.258044586893332,4594000
13.119034408402328,6839100
13.466558769369328,6382000
13.379676806684751,4281400
13.423117835336015,4274400
12.936585016069223,7339300
13.30148407006848,6351800
13.596879838896783,7227700
14.03160705198056,8344800
14.2320633461006,4690500
14.223346948247578,9230700
14.929285744947515,10671200
14.77241276868881,7230700
14.9031390808559,13403400
15.391198928341524,6423100
15.077446497031334,4905000
14.876992295714315,5259000
14.423796591164399,5059500
14.659111799866603,3582900
14.641683669314869,7895400
14.885710663363596,14534500
15.670089368793375,20688800
16.46316976221848,13140600
16.018695217748473,10802100
16.236579023701474,13568600
16.76820904556745,10484200
16.26272509593975,9308700
16.86407729317599,11994700
16.55032781455189,4283000
16.123277714377956,8573400
16.55904599118247,5971600
16.454458379457215,6115700
16.498035951151117,5165700
16.332440937682996,4847100
16.646194312566966,11159200
17.055814454860094,6433400
17.116823009616677,9021600
16.480604276684875,5474700
16.54161442383579,3506300
16.471891975857964,6331000
16.794360657142878,10232600
17.14296487358788,6964600
16.768212775346903,8526200
16.41088313860161,6901500
15.739806364431443,11092200
15.478349146292544,6587400
15.757237779222738,9376900
15.32147531424313,3702300
15.68751385168943,3982300
15.251753545047956,6009400
15.190747697391737,7723200
15.20817696960521,6242500
15.50449173986203,3659700
15.800812859952167,4104000
15.704942882034974,4617100
15.635220786709894,7549400
16.053557441745784,9210100
16.28015508517323,5486100
16.393454477476496,5435600
16.90765955721344,11467200
16.26272721015829,8658400
16.271439408410053,4924600
15.931543017386026,6339000
16.036128180216533,4491100
15.365052845152709,7572600
15.155882599979984,4264800
15.460915237896234,4482600
15.469634472298587,4697200
15.574220330255352,5548300
15.704951003922865,5510400
15.826962959451837,3251700
15.495777754253616,1711500
15.504496415731081,9445000
15.277896636989611,7666500
15.391192223398434,7179100
15.713660158101021,7677500
16.044841862254543,7570800
16.31501573820784,10683100
16.89894274874369,9558700
16.158146215048493,6772400
16.097134405749078,4244800
15.966405433899734,6429900
16.306299736034873,5714500
16.09713582857546,5446700
15.975120961293761,7403600
16.09713451394631,7954900
15.97512052038352,18285500
16.210433777954556,4718500
16.036127573191475,4522100
15.966404105053481,3497400
15.896677660467603,2931100
16.036127377057902,1649800
16.210428125958742,3166800
16.498037625442134,2593700
16.49803200988938,2969200
16.445745321728264,2001900
16.646195665957908,5088600
16.26272240630757,8794700
15.72237478270038,7014400
15.548071491394525,6666100
15.243035747511698,7110700
15.2953280642944,5328000
15.286610385003309,4915700
15.42605851945458,5579200
15.530640285254297,6199300
14.859561913030811,7285400
14.7898401277575,4294500
14.781124114990234,5586900
14.484806767961281,8781600
14.824702022568509,7967200
14.728834798900643,7002700
14.336645399612722,9692700
14.15362625757325,8354100
14.876991809116447,8513100
14.441227662519543,9669800
14.75498338639197,5797000
14.659108095698985,6025600
14.71139933665568,4680400
14.88570852566724,8861900
15.190742739932126,5360500
14.894428023638557,5652800
14.859558804163107,6555900
15.016437818208942,6705300
14.53709975322725,5160300
14.441232280311848,6841200
14.371507213805764,4108600
14.537101178470788,6717300
14.615532482433292,6026000
14.537101178470788,9660900
14.615531124813124,7469600
14.502236281104935,11926900
13.613276632103686,9631500
13.918312942468305,7421900
13.639423589242483,5461900
13.988034038359526,7887800
13.866020105648479,8560400
13.874735055689547,8406900
13.386681941692096,11454400
13.717862982286443,9305400
13.639424050496098,9378700
13.805014022324501,7677000
13.61327632605893,7626900
13.229804655212591,8193400
12.959629890761358,5139900
13.386680038871315,5127400
12.70688679942626,7276100
12.820189910400229,12500400
12.715605961989299,6296100
12.759180180698623,11343100
13.125223432242159,9178000
13.439198317737333,12356200
13.885129263042147,8836100
14.497193623451789,10393300
14.46222478093472,6329400
13.788951352996557,6035600
13.570359954123312,8272600
13.605333393546545,6443700
13.920107827668998,6202500
13.780207153669487,6738600
13.491663040420244,4671700
13.456687611001664,12106300
14.47970864780754,8582300
14.313579052748873,5970000
14.540918788605804,7230200
14.48845192866716,7147400
13.998798976064593,8831400
13.832670391586037,6621000
13.605332324287955,8255400
13.692768350851729,8058600
13.596588371903696,8192500
13.386737123001913,8023600
13.579098931458145,7498600
13.526637254238093,5295200
13.526638280945342,7496300
13.37799537031313,4700000
13.430454611581633,8513600
13.762719916144723,7355100
13.719001386556359,4876500
13.80643755933285,8940100
13.290557761441374,10574600
13.159397944510447,12390000
13.351763152410653,11818600
13.176885276233548,11386200
13.211860073008374,5191800
13.124421266150266,7147000
13.185627430991074,11518800
12.582307758442552,9672500
12.669747482020046,9466900
12.37245649715147,6665100
12.389944643358954,10805900
12.835880023675399,7732200
12.96703402855971,5875300
12.993268832259032,6888800
13.010752790731079,5725900
13.071960093571704,5894600
13.343018723150164,5615300
13.377993836644599,4454900
13.465431051628864,11463600
14.243627990305667,12143200
13.832669631299925,9091000
13.753976311727028,7316800
13.62281941209458,6228200
13.911364479861795,6594900
13.684025818869786,4269700
13.412969718477115,8647800
13.290555156616591,6092500
13.517895633458465,7797700
13.456689387231242,6149400
13.701513081833589,12849000
13.369249798624853,9380700
13.456690202512737,8803200
13.089449057871763,10411100
13.054472728243722,4452400
13.124422509581116,5755800
13.456687388206774,7514900
13.43919882643377,10430200
13.579099545854135,5717500
13.176885619143672,7477900
13.316787143999614,7179600
13.412967702221561,6396100
13.649052161610465,4779200
13.71900119768972,5286200
14.086239982719858,9895200
14.523431145605517,8011500
14.654587749500307,5961000
14.654587620713281,5879600
14.619609203547894,6805700
14.156188634041763,6899200
14.864440528935608,11882700
15.126751259509083,8149500
14.934389539511482,6819900
15.24042067035036,12354100
15.572681550224969,7390400
15.135493988891692,6779700
15.389065417617832,6487000
15.266651086547833,5517600
15.520218266390037,6603500
15.1704683303833,5334700
15.27539352851622,8424600
14.619608179937112,6885100
14.532174424863541,6972200
14.392270038388075,6685800
14.453479229402705,8411600
14.908153392136091,12308300
14.881925199201024,14852000
13.902616814319336,12760100
13.841414298913973,14482000
13.68402926759543,16946500
13.937595942177133,17906500
14.199906984543336,25472300
13.61407356258984,11017000
13.666534660350436,8791000
14.374785740742029,6927000
14.278605553345212,6932000
14.724538502276925,8378800
14.540916437281954,8692400
14.811975989579452,11006700
14.969365516257767,10424500
14.759511750609528,9443500
14.357299700344571,9880100
14.864438678522161,8252500
15.345346966929075,6961800
15.327856254423388,9312600
15.231676150611069,11169200
15.083031400999587,8652900
15.30162728608039,8658700
15.380318354792651,14737600
15.196703467647561,7331700
15.738813683725931,7744900
15.677607091640416,7447000
15.450269634762014,8057600
14.978108341631643,10734600
14.890665709820608,8443600
14.645843628362375,8195300
14.934385607274764,10007300
15.12674589004807,6059700
14.88192622049709,8834600
15.520520830854473,10493800
14.029005011517645,12881700
13.362211363481585,12218000
13.204287676471056,10945900
13.985138694317962,12918200
13.22183500347097,9778000
12.783148368238702,11366200
12.572585335792938,8942400
13.072682327595027,8496600
12.283057357906248,18200000
11.809282023965565,12749100
11.993528407240708,9255800
12.537490238774668,6913600
12.362018602215409,6500400
12.230415510690857,5509000
12.774375394921622,6330000
12.572587635452773,7326300
12.607679399448848,4193900
12.870886360492582,4233900
12.379566380697796,7815500
12.739282175781954,8186900
11.774188534836627,7886800
12.15145158337705,5057300
12.151453681841302,4981500
12.397114762100678,8965700
12.81824539045273,7224300
12.870888087979058,8719100
12.905982971191406,6750100
12.809472998659876,4416500
12.107586547093993,8089200
12.818244726065682,8884100
12.967395699370078,8744000
12.511171042682195,4903000
12.721734621457594,6753500
12.932303870419611,5758800
12.72173653590777,6990100
12.528717795546793,6937800
12.24796000375897,4249400
12.423434729182631,4706300
12.239186140538187,4584700
12.072490856577568,4626800
11.949658459397023,9134300
11.581169618648516,7511600
11.045976432720948,8584700
11.028429091848885,12630200
11.370599754701194,8165500
11.195129413204306,3995800
11.554845292391853,4594400
11.458337802263943,4718800
11.870696417626194,8308900
12.326924628488372,7255500
12.379565650736184,9135000
12.072491189080042,6614500
11.88824449842491,6310900
12.168999662893116,4384500
11.993527351943166,7031700
11.54607220903406,5061500
11.475882915127212,7716700
11.081070809927905,8859800
10.247579105159875,13804000
10.528335753414567,8696700
10.37040902023375,7935400
10.52833423850177,8469000
10.475692100334145,6438600
10.466922307380774,5584900
10.273899573109198,5487200
10.414277392920079,3238400
10.26512490464627,2560400
10.177391867719919,6048900
9.659747781820927,6699700
10.019463554845668,5263300
10.291446688340269,7268500
10.65993674860355,6939800
10.633616298526002,5597100
10.69503179354126,6546800
10.888052622625546,5910600
11.18635541869763,5858800
11.256544248505051,4648500
11.344280549431376,6262600
11.063523143263726,4166800
9.84399084574281,29597100
9.03682293583508,13984600
9.15087628650482,16432200
8.913987959300712,15409300
9.115782632341274,13324400
9.27370642818015,12879100
9.273704156859331,18240400
10.089654288458652,19382500
10.02823834788354,9425800
10.072105864562053,6874000
10.15106782974977,8029500
9.975597863584108,6561200
9.940502945593291,10708200
9.879085703761545,6837100
9.782578468322754,8044100
9.782576040168573,8945200
9.773804830491674,8976600
9.826447501127381,6802800
9.475499167710383,8379800
9.493047179468089,9443600
9.177200631373811,10049100
9.256159723802485,7413800
9.107011840222397,19651200
9.77380435658971,6603400
9.729935542585851,7788900
9.870311655643905,8740800
10.177390747392872,7207200
10.01069050788679,6377200
9.817669052602033,5064500
9.861540164603188,7475400
10.06333103050749,13175600
9.791351801800973,6055800
9.729935306728157,7138800
9.493049280809023,8500600
9.150880183458007,11184500
9.238614384148462,9895400
9.589558620380581,6992200
9.545689905688324,7578100
9.650973639427537,5596200
9.528143228757639,9526000
9.08946109625975,23876900
8.712198278255823,11699300
8.685875710803808,8392500
8.835027340785073,8093800
8.60691486848859,11316400
9.037582759058024,6930200
8.772294296154111,6837900
8.84303518697009,7227600
9.0641139548332,8734700
9.037584002940184,11252500
8.701548698228024,9831900
8.586588236772442,8193400
8.630801646335998,7102200
8.73692082370111,6385300
8.887251604356647,13132100
8.34782672323224,17230900
8.259398950655234,6839100
8.14443763573083,6070500
8.197495746077767,9665300
8.277084590954017,9001500
8.091380200336776,9018700
8.38319833309873,7264900
8.39204143127761,7220600
8.338982655886511,7661300
8.259397637981056,6823900
8.206335855384888,7334300
8.117908602311182,7726200
7.879144852213829,9067400
7.887988939758501,6903500
7.870301615421557,10736900
8.02063444682338,9972400
8.00294857836814,8933900
7.923360641442499,11697300
7.976418455174565,6625900
7.879145293731293,6069600
7.737658097482266,10090200
7.516580803775777,10358200
7.38393571023383,10815000
7.189388517723035,23141300
6.570375272198305,24676900
6.8975700577965835,12560300
6.9240981710059994,9513200
6.862195929816128,9845800
6.826823985687173,11656100
6.508475159648845,12026800
6.543847000483526,12985000
6.985998971589531,10593400
6.835666930185578,7966500
7.074430465698242,12284400
6.968313255941294,11979400
7.36624973568918,14499600
7.410464583223471,7425900
7.410465951144581,7706100
7.065585433697415,8583400
7.162859717455117,8443600
7.189390589254853,12143100
7.59616756439209,9689700
7.605012476951712,5979600
7.923361720254563,13803000
7.613853943372972,16237300
7.030213749242067,8537900
7.330878639638264,6772700
7.375093460083008,6753200
7.41046570519044,9195300
7.330877947362033,17222000
7.728813607535536,28537900
7.764185393605624,12370300
8.188650784453985,8777700
7.914518510812778,9605400
7.658069856102338,6772700
7.463522741521244,6368300
7.260134433208982,5380600
7.3839361181556,5110000
7.366249752201838,5312200
7.198231358276133,8744300
7.277819832027371,7174900
7.198231802746829,6255300
7.4988943190648705,5927800
7.773030114009194,7240400
7.5607966867532195,8017800
7.330877120916882,6689400
7.366250719344529,6044900
6.950626501546383,5976600
6.703021304895797,8675500
7.003686357825822,11967900
7.43699426941334,7346000
7.37509389542447,10750900
6.994841429101573,7066900
7.074428925106843,6789800
7.074428047764477,5431800
6.924098811372646,6883400
7.021371551360863,7525500
7.047899558035913,10804700
7.2512904403588285,8584700
7.534267870766586,8132200
7.516582921089988,6447400
7.516581480563809,6569600
7.348564051079156,22815700
7.012529920059874,21445100
6.809138131592008,13389300
6.924097727096523,8782700
6.959468876772046,7566100
6.924096584320068,11470700
6.782608484908457,10877500
7.083273124206943,9182800
7.304348029569662,8326400
7.09211540222168,5870600
7.127487293824336,4862700
7.224761248387014,7318200
7.436994012306155,3705600
7.348564030194498,4114600
7.587326246000563,7883600
7.507738268905854,7763800
7.870301317181993,12208700
7.826089231718188,8543200
8.020632989285842,6953700
7.843774035629274,7568900
7.817243602900449,8347100
7.693441320220876,4985500
7.62269833646656,8811200
7.905674351368643,8646100
7.790714705483711,4061300
7.958735567842019,9048800
8.28592469140987,17887000
8.551215303182676,11792100
8.507000331985378,6395500
8.427413535899591,12356000
8.40088510613047,19692100
8.84303524341816,25861700
9.196760763682326,12726200
9.090643015308723,15560000
9.171275189513748,11026200
9.18019098093783,11042200
9.322793864012974,19455400
9.0554092536642,10391900
8.993019784144835,12528100
8.52955262830885,10152200
8.850414437502561,9656400
8.99302012364848,12576900
9.260403568611435,10430200
9.429746570706204,12395300
9.385183332873508,9588900
9.429744240553267,16851200
9.821911668074085,10590600
9.55452823638916,7354700
9.536701052260753,8542400
9.162362231440389,7982300
9.42974745180189,6813800
9.215841220511775,5903800
9.001933132391336,6820000
9.171276145466726,5206700
9.260404608119424,5041700
9.198013175376248,7078600
8.95736795533428,10723200
9.046496507326104,7831700
8.948453780991981,5574500
8.88606420782585,7585700
8.823677016429988,7431900
8.707810299952623,6358600
8.823675241186413,9625100
8.921717502745162,6045900
8.743462235216318,11794700
8.395858579144075,7330400
8.333472180265007,9591900
8.395861633493718,14164900
8.752373051795642,25590200
9.099971825754132,15884700
9.171276080182595,6996200
8.975192970680768,8633100
8.921716319425823,9601400
8.556293239993341,9977500
8.271083069814189,11316700
8.681072176017304,5560500
8.529551602752838,4958600
8.547376941370361,5829000
8.868239539436416,3206200
8.966283868369114,8214200
9.18018716273653,9859000
8.80585128306094,8691100
9.24257465232085,6101600
9.055406502974966,6127300
8.96627777968065,5219400
8.681070505116319,7533900
8.743462362103244,10162100
8.484990158720395,6419900
8.681073232945096,5309400
8.743461554078202,4964200
8.779112784205594,6240400
8.841502248096962,9885200
8.788024800044287,7613000
8.672158367935442,5042800
8.681072265860097,4686900
8.689983229312933,6436300
8.422599792480469,5450500
8.315645241840375,5191800
8.3423824990725,9569100
8.38694674424141,2056000
8.46716500428247,3417800
8.38694868897767,9446000
8.493902165889393,5078500
8.395863700032528,6051500
8.877149433663568,6433800
8.761286461928155,7609600
8.262168899122619,7566000
8.324560134379514,3611700
8.34238632383052,5698400
8.404775516615203,5090500
8.422599784732398,8081300
8.440425776790727,5911600
8.440425776790727,4588600
8.458251117441437,13365400
8.574118614196777,5966000
8.53846829885398,10087600
8.440428699963086,5558900
8.511729393159515,11214700
8.743463284103834,8523900
8.38695122830794,10708100
7.923484533419496,16770200
7.593709765528415,10850500
7.504580999721065,14648500
7.656099597047117,11165900
7.442192386027823,12707400
7.424366037567965,10237200
7.326325852278424,7233400
7.397629227827261,4468200
7.335238011168581,5361500
7.299585029667592,8040900
7.41545331542149,4952300
7.201545171208934,6870900
7.112418154381927,5883300
7.130244173868731,6641500
7.112416557902834,12770300
7.308499670419439,13194600
7.103504645371772,6853100
6.96981207973116,15762400
6.675689343354882,8105900
6.764817752300753,5906500
6.898509133779792,10724400
7.014376677534215,11070100
7.0411162066945066,7186000
6.996550861672838,10846900
6.845034620677354,10828100
6.72916792770167,11831000
6.78264420445356,9112100
6.702428604391781,17804800
7.014376622332818,9024300
6.951987810282906,9971200
7.0856789603884485,5681300
7.014376263417983,5649000
7.130243576313292,9112400
6.871771054035393,6558700
7.085678070890992,5085700
7.183720006176603,8126000
7.1484293624688995,6789400
7.1664353757063095,5742400
7.193446040863142,6961200
7.247464107757654,6546900
7.265468720825599,5966900
7.1214213754085725,4818900
7.076405996824098,5226000
7.1394267082214355,3762200
7.13942667263789,4250300
7.022387485562528,9100700
6.707279535268229,18320900
6.29313982526881,13726200
6.554228595233873,13337000
6.347158317344882,8392600
6.356160981247644,9944700
6.48220329611399,10752900
6.32014792856452,11880700
6.014045626797761,23334200
5.248782734355497,28030200
5.12274041358781,23325900
4.879657739662616,20583900
4.6095666046325805,19252400
4.888662196429411,16991500
4.834644091484403,14862200
4.906667896907001,12298100
4.978692283504295,10821400
5.194765513734826,15334800
5.113739558710619,13759600
4.942678625618714,14171900
4.825639198130466,21994600
4.789627374437875,16638300
4.879659097136187,12263500
4.825640783023537,11681500
4.843647301268571,7255500
4.735609753390814,15643400
4.8976653494612465,19224300
5.005701183995566,14215000
4.888662194538251,12830600
4.888662196429411,6273400
4.771622619926679,9221700
4.744612590131057,20997200
4.6815915916310615,17236300
4.780625534331978,19116800
4.753617023076562,13820100
4.897665462018338,12901500
5.0147056416927995,17501100
5.275793656720873,12660700
5.230777891839441,9360700
5.24878496122497,9755600
5.122742381822329,8479500
5.3928336259898835,16882900
5.653922298841901,12967200
5.842985832086751,15663800
5.833983937541949,7306000
5.842986849748923,8758700
5.851989200870191,11221200
5.779964912024079,9867000
5.599904715295276,7101800
5.2937995872289125,14928500
5.230777354415385,10293300
5.194765424972686,8952200
5.437849512066759,7170300
5.257786348934532,7117200
5.23978152016478,7374700
5.194766539461563,10930300
4.591561029837051,40216600
4.537542494931053,15780700
4.456515392069191,19647900
4.37548736119939,8186900
4.204430562508226,16962400
4.195427680626496,11897000
4.11439843980391,20926100
4.690594140730059,8969800
4.555549308184223,10668400
4.456513946948088,5773000
4.384490111868121,11482900
4.321468946296939,8292900
4.258447527895097,11246400
4.1504114531577665,12364700
4.420502627220183,9663000
4.429506225638909,5129000
4.357479693604604,5998700
4.348477768902302,10429200
4.654580809619752,9006400
4.49252804872385,5508900
4.474520914910251,7469800
4.852650729623519,15526800
4.978693577725464,14101400
5.05071769605631,12048200
4.789627374437875,11761200
4.7806256625956856,7129900
4.879659473522202,5937400
4.825641012886472,8789300
4.762619313300878,12399300
4.762619272271474,15976400
4.654581936253384,9918500
4.609566466007869,5866700
4.609565350270156,14295600
4.438506603240967,8240000
4.501530574333488,17866000
4.681591947581246,17914000
4.897666215349134,13089300
5.014704566370887,9947100
4.888661743087497,15191600
5.167756787331621,17066600
5.527879692669797,16704800
5.4108385283718405,13092300
5.158754407139905,16062600
5.266791424789383,15133100
5.095733059875304,12354500
5.104736063393058,11035800
5.30280293465741,11619200
5.455855000806382,19747100
5.104736117646429,17673400
4.942680625117925,17932400
4.852650197941909,12312400
5.05972119122227,9998500
4.942680397928891,7876300
4.969687988454007,9552300
5.014704106667105,8405200
4.996699478901395,7000100
4.861652992431971,10486700
4.843646342538463,9682500
4.69059452149067,10797000
4.555547631419031,9023400
4.699596809294386,11287300
4.69059500652241,7393800
4.6905936548473735,21737600
5.176760886535614,14926500
4.915670457733993,21191000
4.627572943891019,14583600
4.555549709648969,18476200
4.528539220585019,11358400
4.573555290919024,7351800
4.591561281651812,6115500
4.438508923959248,9421400
4.456512698676661,12869700
4.474521498387269,12165700
4.39349464935483,9600000
4.357481842343278,8411700
4.3574824526407605,5461000
4.420501949185721,8790000
4.285457458412046,13175300
4.25844790413545,7388400
4.168416722724067,11870200
4.240442360015695,4837900
4.13240499793571,9561500
4.303463487748734,5619400
4.384490385728179,11352900
4.393493909398105,6219100
4.4024949652513,5781800
4.600564254345465,11755000
4.663585973807748,11720200
4.537542493455239,11928400
4.600563096448381,7201300
4.690594281791538,10405400
4.762619880245714,8915400
4.735610512903517,14333500
4.6725869889433085,10520000
4.501530083328774,14307500
4.366484078769053,8994300
4.483523653756936,6805000
4.510533772660111,6159600
4.456514165135797,8519800
4.357479388429929,8765100
4.393492422623527,6569200
4.393494347169568,6068100
4.4385097906187845,5848900
4.59156102359606,13381600
4.663584772722882,7371100
4.582557428584111,8849900
4.4024965231514415,4929200
4.393493377921339,11682400
4.23143808961152,11920200
4.24044120348757,6262900
4.159414112141769,9784500
4.213433791428773,7129100
4.2224350291307235,5401100
4.25844790413545,4116900
4.159414634211338,8513000
4.07838656251466,9260400
4.096393135915078,11128500
4.078387798529038,7292300
4.1774195017504425,5821400
4.105394588501178,9171700
4.240442516553204,11120000
4.339475049019037,10635700
4.042373710155399,8809400
4.177419848031967,5967300
4.15041182324986,10532900
4.123401387054514,5790800
4.105397058469407,13391200
3.9883561331072044,14151900
3.9793543131121907,23667000
3.8623134036806355,12904800
3.871316359818296,7308000
3.9883560861075384,7087700
3.9613466262817383,15357900
3.9343388218853126,11205300
3.8172976166194976,16215700
4.006361128645002,12241000
4.069383296023536,11086400
4.105395284332416,6856200
4.096392597468205,6073500
4.06038042446978,8686400
4.069382241371496,10213100
4.042375457057763,11320000
4.078385653645504,15423000
4.069383436664308,9320100
3.9883571255475845,6753000
4.105395094197744,5614100
4.132405696452333,13027500
4.249444460747214,9283500
4.330472896781529,9878400
4.231437802805066,9117600
4.3124655398084855,11932700
4.132405573871943,9081900
4.078385653645504,6458200
4.195425883433501,7397200
4.096392447621043,8263200
4.15041005232634,7477900
4.186424453368343,8901800
4.087389549153801,6906700
4.2044304533348065,7544600
4.132403952656131,4576200
4.168416960194292,9554300
4.4115004047505835,15785300
4.60956594317822,17443700
4.8796597921427365,14167600
4.510534378482314,22570200
4.780625525061973,15471900
4.762619126983431,8703500
4.591560582100441,10291600
4.528539356772977,15186500
4.780625747231841,8498500
4.780625380589472,6887000
4.735609441783758,9020400
4.636577129364014,7963800
4.654582500457764,7011600
4.70860110295398,7349900
4.825639949758876,10644900
4.627573861079877,8026700
4.636575381039497,10739200
4.546546231706843,16133500
4.411499126383514,9782500
4.411499246355111,6928800
4.474521498387269,9535500
4.456514835357666,7788200
4.465518364082772,13112700
4.753616289422655,10301300
4.654581071206142,9125500
4.375486077830268,9877800
4.393493723844999,15079800
4.276453831734107,10623700
4.3754876196202,23056700
4.249445620708184,12791600
4.123402305855057,15368100
4.069383485115048,17305100
3.799291271013377,26643800
3.7632795517839472,21065700
3.8263005705114908,13253000
3.799292151498451,14097900
3.8263010786681924,15115700
3.817297869258424,11372300
3.9163317219272855,17773800
3.8713159892357387,10921100
3.8983248080192636,14838000
3.7992918177431614,8697000
3.8713159745446295,11037200
3.781285782858631,13043800
3.8082944673516463,9147900
3.673247563437593,9688400
3.709261178970337,10397400
3.709261130964075,6329300
3.6642447287513296,8477300
3.673247563437593,9234500
3.7002587739962203,9016300
3.700257794716886,7561700
3.7092613571736193,5547600
3.7542764907190085,8077300
3.655242862301769,7027400
3.6822518129710256,6026200
3.6282335024977783,5261500
3.6732489678579583,5029700
3.7542758292662297,5975600
3.7182637612611398,3744600
3.6732482422300103,7895200
3.6282332018816956,6093500
3.592221230169732,5360700
3.6912543932539625,6189900
3.682251966016785,3789700
3.682251362710875,7191600
3.6012243304416622,6704200
3.5742149695066483,7175300
3.5922212657712453,10037300
3.583218574523926,7060700
3.5742150632992558,5471900
3.565212468292125,4008200
3.5832181152612312,2679800
3.5291999053399667,12261200
3.430165834122164,12773400
3.349138370790424,5410400
3.3581410283909543,8239500
3.367144913833891,6566400
3.412160139389979,7115600
3.4211627326699925,5434200
3.4391693731623882,8742600
3.5111934026869553,5255700
3.493187531583282,4866700
3.520197202712622,4816400
3.619230404374531,7640900
3.655242055905676,7310200
3.7272664622408693,6027100
3.7362705519543304,7485500
3.6642447287513296,4835700
3.6912552507523664,7532400
3.8172973528321643,18437900
4.006362299506939,11996000
3.9163316823708945,5393300
3.9343375627348034,11881100
3.7812857167387115,6857600
3.727267720842476,8430200
3.7722825058144007,12694900
3.6102273325933596,10330000
3.7362700048815647,10215700
3.745272214449581,9014300
3.8082947549317345,6582400
3.763279610632315,5325700
3.7722821942685454,9836600
3.826301236564839,11931600
4.024368239731037,18118000
3.8443072396222138,7653600
3.8082944144028263,7347900
3.85331045271927,10742500
3.736270731455219,7370400
3.7632789281982855,12016700
3.7722833156585693,9012900
3.7812860438344575,5083200
3.745273390082715,7550200
3.709260631516533,4967700
3.655242631233984,6804700
3.619230651189391,8097800
3.7002578483925808,4657100
3.7542766575105198,3633300
3.691254650066882,8035000
3.6462393038808885,7910600
3.6552429994511306,10675200
3.565211709891451,8783200
3.520196548776296,9990400
3.601224385641347,9345700
3.6372365394021275,12893000
3.5742153791766293,10407100
3.511193607426593,5643300
3.565211489680613,8643500
3.646239976982759,6496700
3.664246082305908,9259300
3.619229793548584,7010400
3.6192302361025517,4330500
3.637236508702787,5649600
3.6462396059888604,5024000
3.6012243488019102,11727000
3.556209087371826,5072700
3.5291997387707905,5312800
3.5472059074133298,5808900
3.5652122686297787,3886500
3.583218412375337,8168500
3.520197005571262,5270800
3.5021902316619253,8365500
3.493187696452775,13006100
3.4481719370847728,8764100
3.367144473753033,9641200
3.340135871529544,9198100
3.2861172263119443,13904000
3.3761470744102433,14004500
3.304123113383902,10084700
3.331132411956787,9365000
3.349138718243706,7858200
3.358141861175901,9905800
3.4031562252475673,10128000
3.322129171285688,8649000
3.259107656509679,17014200
3.151071253580536,13102900
3.1420681476593018,10882900
3.1240625587348845,10182000
3.0700442379226875,10467400
3.0880496836572715,10589300
3.0610407624762646,7111700
3.02502852481504,14786700
2.9890161100166166,11841300
2.962006663782003,10056200
2.889982829463497,20389600
2.889982681457442,8510800
2.916991551145081,9869800
2.844967418357578,20213200
2.9259941662737465,24811700
2.7279278096103217,17665700
2.664905897137029,12151000
2.7009183641058976,11147700
2.682912520566188,15393700
2.6108872592162795,7770700
2.6559033600483746,11655000
2.637896995712011,11600000
2.6919149914831544,16565800
2.5838784835919144,12766800
2.439828747250897,17815000
2.457835692931159,9751400
2.421823263168335,11254000
2.4578357838395455,12932700
2.4308267037550566,15854600
2.3768086654884475,18791400
2.0977132904256792,38815500
1.953663675112511,18482900
2.0166854857496905,16496700
1.8276216106327183,16830800
1.8996456247216547,25844400
2.2327585086880846,23774900
2.214752746890298,13160900
2.142729000623808,11148300
2.187743521327099,11586100
2.2327582609201513,19219000
2.2147530608522272,20206600
2.4308265354390226,13271700
2.4938480417302986,32394600
2.6469001079271584,20119900
2.52085671383593,12201700
2.6108880208706493,15031100
2.565872358835734,11354500
2.5298600793971184,18797300
2.7369302427601987,12130800
2.6378969944732007,12574000
2.57487477187505,16474100
2.637896995712011,13736800
2.691915183419726,15643700
2.7639395889215748,20347200
2.7549366575784786,10789700
2.835964024306604,19989700
2.862973650653851,16463000
2.8989857131056747,12995600
2.7369301160233808,9278300
2.745933740337906,13089200
2.6198907341002857,15643500
2.4758417551642844,18541300
2.3137866742172837,16767800
2.4668386088660346,18777700
2.59288155150139,48333300
2.5478663943250788,15092700
2.3588012663929843,8910300
2.34979874208915,8145400
2.493847592164737,7432600
2.457835469889849,10965400
2.4758418326010334,16319200
2.5298601295114134,14826200
2.484844591011398,13063700
2.646900048339709,14252300
2.691915010284272,19435900
2.9349978151086242,14340600
3.016025551985701,11830900
2.953004243468191,10478400
3.106056103453882,18129700
3.1690776896257757,17211600
2.989016413355051,13919200
3.0430349126893685,16790400
3.1420683118370625,22755000
3.286116958387595,12752300
3.3041231287755766,14867300
3.21409273147583,12329600
3.160074336979752,12344000
2.8899823351056715,11434500
3.0880499801283325,16881200
3.0790466767117572,12914700
2.8989857858830064,10639200
2.953003695892646,9692200
3.0340310333117455,8231500
2.989016313691602,8806500
2.9980188527535376,9341700
3.007022204714393,7018200
2.9980191806688636,10932600
2.9440005453245686,8791900
2.953003919554407,11853100
2.826961275834644,15554100
2.7459334762098724,11732500
2.736930692075896,16831900
2.475840944831782,8451100
2.4398290667036298,8779900
2.520856892187124,8048200
2.4938479029206744,7191700
2.4308256978556755,7240000
2.421823482941644,6161200
2.4938481055114607,6393500
2.5208565218697427,6920400
2.5208572935163747,6001100
2.5658723782090216,9976000
2.5208571536521793,7188000
2.4668386339139348,5539200
2.4578358925964494,16339800
2.3678053384189193,17090300
2.2867778647667603,13116400
2.1427293319687135,8780000
2.088710374986854,13287800
2.1607341807385367,10079800
2.133725071250616,10208400
2.1067159175872803,10734300
2.0526974494850925,11392100
2.016685163806085,14046000
2.088709564947487,10887000
2.1697381626506114,23389100
2.214752185735121,9913900
2.2687708068770935,9683600
2.2957801324298366,9806700
2.2507646821652894,10069800
2.106715665232838,10939800
2.0707033939207977,9972000
2.0707035505170066,11372000
2.043694314234111,12014200
2.1157199511155254,12548700
2.142728514376589,14755500
2.1607349119205197,9294600
2.169737869014339,11060600
2.0617003440856934,8252100
2.0887101985646996,6027000
2.0707039646576497,13853400
1.989676190490262,9777900
2.052697642166208,13460400
2.0887105920743236,10767500
2.0887105920743236,5736900
2.043694244415484,7126500
2.0617006614817197,12777800
2.097712898971452,9029900
2.079707145690918,7945100
2.0707037448883057,10239000
2.0707037448883057,11330400
2.088710374986854,13164400
2.142728853246566,13413100
2.124722320108299,13735600
2.1517315663424696,10660900
2.223756529725819,5312300
2.2687718006413737,7806600
2.2507651745968986,7360400
2.124722320108299,8952800
2.187743521327099,2821500
2.232759326586386,5813800
2.286776907356305,6500400
2.3047832330039344,11091900
2.313786171544088,8354300
2.2597678674573767,7173100
2.3227895586378744,6426000
2.259767928728924,9955600
2.250765137967161,6445300
2.178740722240113,6179400
2.151731474277014,4908100
2.1067159503325006,8713700
2.0797064437559025,4565200
2.0436945908051594,7195400
2.106716265681201,5090100
2.142728080453186,8320700
2.1607349119205197,4697400
2.151731692235896,6095200
2.142728514376589,10947400
2.151731317626186,8266000
2.223755555679066,5841900
2.286776807773367,6834000
2.29578051179803,8640300
2.2867765772550865,7769100
2.205749431451913,12727500
2.1157187153755133,7272100
2.097713251438481,6093800
2.0797070576451433,7729200
2.232758708551306,9232800
2.1067158527633953,24307400
2.0256893634796143,7964700
2.0166861555147877,5842500
2.034692452505278,5579100
2.0797067962493543,5398600
2.070704674109832,4417700
2.097712898971452,6849200
2.034692452505278,12828400
2.070703318718298,13569900
2.034691445210698,6776900
2.025688144745275,7214700
2.0166852474212646,9104500
2.0166856140269775,5327100
2.034691755391383,7697000
1.9716701929546443,11943300
1.8546298803905785,14507000
1.8456275367070738,6197400
1.8276209980636156,7543400
1.8006121928206735,8485600
1.7736030142721484,10183600
1.647559995345297,18857500
1.5485266547424148,15972800
1.4945081034185324,13174900
1.5665324264398333,9917100
1.4674989729054437,16021900
1.530520687389579,12610700
1.530520687389579,7323200
1.5305203588572058,9385300
1.6745693672484114,11055800
1.6115476958424695,11498600
1.6475603473820313,6953000
1.557529606468478,9518000
1.5305204485970239,8212500
1.5395232849689617,12928100
1.6385570418567825,7930800
1.6745694265984212,13563500
1.8816394974011772,13849800
1.9266552826446217,17658000
1.863633559467481,8448900
1.8636334733264184,8521000
1.81861837837279,9289400
1.800612449645996,6623100
1.8276216450932503,13593100
1.9266557693481445,12908800
1.9536641246902355,11925200
1.7645997795917125,14302600
1.6835723997515861,14180300
1.5305203804393996,9160600
1.4765019985005148,13441600
1.5305203286253612,9762400
1.58453867143283,9881900
1.629554027459023,8683600
1.5215171495635955,8180900
1.5035109601078422,18099400
1.494507908821106,12188700
1.5035107841614974,12100600
1.3954744338989258,10862100
1.4134805343647383,9053500
1.37746799713399,24154600
1.368465343669705,7999500
1.3324531515923688,8408600
1.3684653468654235,8709300
1.4494928676578076,13068900
1.6565631541075516,23505400
1.6475602000504568,10536200
1.5125141593430709,7777600
1.5125143128396263,6237900
1.512514334575825,10722300
1.5035114179792726,7926500
1.458495994353324,7799800
1.4494926445668803,11104800
1.4855050509595236,9474500
1.5755359575319732,7079400
1.5755357105749646,7699600
1.6385570275611492,11164000
1.8636336967071474,14515300
1.9176519847669684,14004100
1.863633368330209,11739400
2.0166852474212646,16652000
2.0526975870175357,17253500
1.8726367850080625,7513900
1.935657884825739,14739000
2.0166859417948175,15017800
2.0436949721790296,13286300
1.9086486521409438,12856000
1.8996456328928055,9381100
1.944661047174332,7426900
1.8996463753060955,13034700
2.0436949152972375,10948700
2.0797066999311338,9990100
2.0256892100847295,4943900
2.0797071633376554,20924300
1.944661047174332,10764100
1.8726362512869243,9918200
1.800612033181878,7123700
1.8006115843752322,8653400
1.854630421364443,8148300
1.7465938762337587,12821900
1.6205507767315959,10265900
1.5845387631922618,9969100
1.5845385706386217,8928400
1.602544531033149,8054500
1.5395234109531433,8044600
1.5755357105749646,7370100
1.6745692491531372,6203800
1.6565633583852233,6847800
1.584538541764904,6803800
1.6655663067065352,7031900
1.6835725173283598,7990600
1.5665327212499114,5857300
1.6295537141296053,12823400
1.7195843303816174,6866200
1.692575454711914,3468500
1.7105815230615327,7251200
1.7375901316991809,8234100
1.8006123403778636,8273500
1.8186179474189537,9840600
1.8276211625112182,9926400
1.872636878943922,8109800
1.8006118957409114,7526700
1.7736028515532942,6454700
1.7555969953536987,7539000
1.7375907188490158,11727800
1.7916091478458336,10605200
1.7285872915347635,8800100
1.737590792096465,11101300
1.6745694336062102,8303800
1.656563245247251,16262500
1.7105815410614014,8518100
1.6835723842531591,6370000
1.701578140258789,5708600
1.7105816244863823,4001800
1.728587712393871,4893000
1.6925754639524881,5738000
1.6475602388381958,5548000
1.638556957244873,5319500
1.66556593855749,7064200
1.7105814653326026,6007000
1.6925754639524881,11064200
1.719584859360964,16252100
1.728587673613759,14649200
1.6925754721664292,12892900
1.5305202212928881,10220400
1.494508363950794,10842900
1.458495994353324,8526900
1.4855051399750123,11368800
1.3774682280738602,17770700
1.2784345833888033,11951900
1.287437385937525,9999500
1.3414559957505088,15924400
1.4224835862064056,12268800
1.4134804627719781,13427500
1.4765017982813649,8847800
1.4765017418592332,6398700
1.431486565543304,6462300
1.503511146915274,8546900
1.5215174225132346,5787700
1.5125140235665582,14268100
1.6835722862888556,20882400
1.7645997839629708,19849000
2.2867773458306853,28140400
2.2417622171622082,31122500
2.1427285189370244,17205700
2.637896682138265,37840400
2.5208564964784346,22119700
2.4848439942270035,26856600
2.4938480460461103,16404600
2.4668381803165214,23057500
2.6739089488983154,14240900
2.5838778498617403,15206100
2.7549365668061294,10958300
2.880979076565471,18908300
2.619890746354825,29674900
2.583878158143695,22678600
2.646899461746216,15799000
2.682912203970276,19958500
2.583878158143695,13756800
2.6108877306749,29300300
2.76393969367628,34046900
2.7729421097537346,21601600
2.745933819753787,18513500
2.5208572736321697,23083000
2.6018841514900983,15016900
2.7099214167335957,11354600
2.673909019492174,10901500
2.574875412668418,11076400
2.6018844148144176,16397600
2.907988499414528,17990700
2.826960563659668,21391700
2.772943195764833,10070600
2.880978964020453,14028700
2.7549360693360243,17317600
2.664905504534596,13110600
2.718923807144165,5975100
2.718924892397483,19260000
3.034031469132109,24597200
3.16007396428226,18174600
2.9349978572936966,14128500
3.1060560110257582,12881800
3.1330652959768415,14137100
3.142068186577848,15126200
3.3041230651225635,22451300
3.4391692286101105,17374800
3.6642455772215565,16828600
3.8263008138947354,21590300
3.8172972879092173,21919000
3.86231243876902,19713500
3.7632792789831377,8846200
3.925334488450358,9271400
3.9973579904799235,13370300
4.186423184611894,22946800
4.204429370361417,19247700
4.195427680626496,13815200
4.1774207696298795,10433800
4.2134318351745605,10439700
4.258448009555568,14814100
4.312466087160427,20263000
4.780625140578348,24422500
5.212772367132315,20920700
5.005700548329382,22651600
4.753614645465206,19712300
4.708599763664064,17278800
4.888661303874426,23219800
4.762619196499344,17273600
4.67258844196505,17784600
5.2127715612022305,29572700
4.753616859043362,14844900
4.627572032026559,16478200
4.798631485572319,12670500
4.744613502290372,11235700
4.681592398399551,17530700
4.213430195645192,22878600
4.456515530087164,12120300
4.321468619579631,8691700
4.123402205069022,22920700
3.8803194969700834,10689900
4.15041097724615,10520700
4.033370790300858,17679200
3.8082944144028263,15739000
3.8893214429817626,12492600
3.8803188633480494,11032600
4.213432872615127,17791300
4.519536390955111,17612100
4.429503770172708,10603900
4.672587871551514,14541200
4.645579342354436,13980400
4.8256395629965505,16066700
4.807634710806146,14129400
4.672588038491721,14423000
4.609567307905779,13198300
4.897664764006924,17916400
4.609568034747634,60866900
4.303463132684939,13476100
4.285457458412046,9089800
4.267448481952277,11152700
4.384491079130141,8694800
4.933677136090214,23170400
4.627573861079877,15860900
4.519534860870198,15584200
4.555548598906994,14602400
4.627572342712837,16213900
4.564552402243343,13405000
4.870655940687507,30766100
5.176759346424037,18724900
5.095731814315205,14683700
4.852649843136615,16420900
4.897665386440435,11075600
4.969689658818519,18897100
4.87965895528552,11670900
4.77162233020082,10475800
4.807634715236179,9841900
4.816637659975929,7933300
4.843647261336014,6668700
4.7085991032597265,12372100
4.5105331183466815,12048300
4.519535316461451,9620500
4.456513898967556,11589600
4.339476325301223,11013100
4.465517860438685,19990400
4.537542494931053,18036800
4.645579233597595,11163200
4.654581396904027,8800300
4.744612857137637,21163400
4.933676855925928,12546900
4.906668412968753,13377400
4.789628061730334,15448200
4.726606855099169,12870500
4.861652477932554,12375100
4.978691612838539,17239000
4.897664678409375,16865900
4.897665584939288,15824900
4.708600919614048,16099200
4.71760271407587,14989100
4.573553108022109,17627700
4.573554924986686,14975000
4.456512698676661,15584700
4.339473596907858,18080500
4.366483397540803,20270600
4.177419609108243,29077100
3.7992917793689167,15337400
3.970350040173935,23773400
3.8172972554385267,14071100
3.8893219471750182,21093300
3.601223834233239,24694200
3.583218612224849,23418400
3.9253349766769325,17629500
4.078385653645504,23390900
4.141408419462002,22927100
4.051377126186645,17261600
3.8893227826765226,26808100
3.6552423250224364,18017700
3.7632786038631725,21471300
3.673248699247355,16747200
3.655242055905676,19320200
3.6732484257192346,20382300
3.736270946759769,11536300
3.718264304317053,10237300
3.871316811574532,19348000
4.123402122588813,16898800
3.9523439340917186,13643500
3.880318826040808,12753800
3.7992911338806152,13673200
3.799291434650306,13898000
3.835304346093486,10727500
3.9163316659446776,14538600
3.7632794956389044,12348200
3.538202908098479,30051100
3.3311325955114155,18285800
3.1420684954808684,18166800
3.322128999392335,17496200
3.241101494403316,14386900
3.1960868439748396,14154100
3.29512020447342,18508100
3.3131263825302995,16127500
3.304123061065088,14105400
3.2681113198244995,13082800
3.376147747039795,12109900
3.4751813591711334,17440500
3.4751810769094638,11378900
3.4841841283528945,14863200
3.5832181593635446,22379000
3.4211632489727646,20979700
3.520196512167493,14566700
3.4481722948122004,13359100
3.3311326134130703,13130800
3.376147304514209,9569600
3.5832181152612312,12243000
3.673248939460262,18947000
3.619230705185343,15038600
3.8353047524332546,14937100
3.5742153212414816,10363500
3.5742152289482116,16080500
3.8353044910685785,17821600
3.5562090122903536,19799600
3.2230955596103463,19059200
2.8179587013604896,21855100
3.0250286210471025,14919200
3.2320987994707657,12776100
3.313126655949337,20035500
3.106055786739264,15009600
3.106055992887896,12732300
3.0610408411588375,12702200
2.934997267274983,21872300
2.8899820145628747,5968400
2.9259947644127218,16130400
2.9440008688679016,10749100
2.9800129107733575,13057000
2.9530037386625807,15194300
3.0160252222377317,10758000
3.0160252744650475,14862400
3.052037477493286,9759100
3.1150587084533874,11399300
3.052038320750679,10815500
2.9800132271361153,13109100
2.916991531977011,12461700
2.9800127263170983,13983100
3.106056179289324,22911100
2.772942641081592,22178600
2.853970394308672,44597900
2.7459335697729386,27547400
2.6559030273404334,12012700
2.7189243198123623,5834300
2.6018850595331267,9900300
2.6288933604812477,13335800
2.691914641557833,6805200
2.7189240909719374,11180900
2.853970434352013,18270700
2.971009744114736,17449200
2.835964083204659,12834100
3.0160251176655324,11124500
3.034031451046576,15066900
3.0700433477562776,12129400
3.079046528546664,10297600
3.034031159761613,8707900
3.025028338916209,15343200
3.1150588833973267,14503000
2.916992295673757,8183400
3.196086595357692,15908300
3.2591081244050013,14053600
3.1780799704490175,11185200
3.1870837909075753,9609000
3.2861172263119443,14993800
3.3851508374243533,17825700
3.403156696604827,11050500
3.2411021093111607,11223100
3.214092694766727,10334800
3.2681104710609477,15085900
3.4391693543897492,16336100
3.3851510566165754,17437600
3.601224011767173,10843200
3.5291996002197266,8379500
3.565212711250827,9822100
3.6552425950078833,15929800
3.700258882883143,13756000
3.772281320782022,12130900
3.6282333831222906,11248100
3.646240160984948,11703900
3.6552424350381476,10992900
3.5201968782277584,9233700
3.511193607426593,12317900
3.547206220903723,13004800
3.3851511973513935,10838500
3.430166171254657,14301100
3.48418416033958,10917800
3.412160139389979,11103100
3.4301664383734267,14750900
3.2861170257290895,12799300
3.079046783768341,14889800
3.070043607638819,15661000
2.962006973323081,15906000
3.0250281520337197,9584900
2.94400084917971,9085900
2.8899824273152825,7973900
2.925994331036093,7807800
2.889982285243597,10426800
2.980012945597817,10375700
2.907988583543895,12284400
2.9079885978153412,19162100
3.1960866280439704,11170400
3.1150587084533874,13318800
3.1060559572394157,8108100
3.1330652236938477,11230600
3.160074251628148,7448400
3.142068201442008,12119400
3.0880496836572715,7205700
3.1600743807507277,8754700
3.1690770154480346,13176000
3.0520376450282205,8422300
3.0970530142846746,7289900
3.124062261973448,9386800
3.1510714906157506,12716900
3.223095655441284,7445700
3.1510707577353254,12118800
3.241101888840368,5889900
3.2861172347625396,18844200
3.1870837909075753,6909400
3.286117135537654,11922000
3.331131942903117,14422100
3.4841844480087008,10663100
3.4121593983312906,8763800
3.439168550140682,9146700
3.403156809250806,18935700
3.349137977965629,9643300
3.4031564571923627,16655400
3.394153961789994,12130400
3.3221296341197144,18056900
3.169076919555664,21422900
3.1150594159056944,15224200
3.070043731783918,12428700
3.1150587084533874,10575200
3.025028944015503,14715700
3.0880497967943703,35501700
3.250104315675442,15509200
3.2681113345960005,10171600
3.4211631919484073,7494500
3.376147747039795,12349900
3.4391693543897492,14120200
3.538201823399227,17286800
3.7092606853228216,13173400
3.763279351837716,12574100
3.745272841691735,9985600
3.853311538696289,14313800
3.82630113682055,19531100
3.8353041263607714,11340000
3.8263003986155715,6542200
3.844307038394074,13616300
3.7542763096904106,13352100
3.7992911504508244,7247600
3.8533098717034644,7773200
3.781285250872704,11519800
3.8172975389169186,12778100
3.8623130142331434,10263800
3.925334593815981,9677300
3.8803190369063327,11485700
3.8983258910060616,22619300
4.1053971266151095,19026300
4.105395752274038,18072500
3.9343371725958938,13287700
3.8893227774536765,11111600
3.862313289770528,12505900
3.9343368451042138,15650500
3.6822516918182373,9344100
3.718263897615535,14906300
3.655242699910039,8052200
3.6102274857968473,10032900
3.556209039225636,10058600
3.709261178970337,8679400
3.727266939208737,9054900
3.763279146984715,7739900
3.85331045271927,7727400
3.7542770542186332,8750500
3.6552432212654367,13190300
3.619230604348328,8796500
3.5742151737213135,3766100
3.5472059074133298,15000000
3.5562091241897584,7558500
3.4931876781701847,12680500
3.4301661113602213,9823700
3.5922207832336426,6655800
3.6282338905675076,12676100
3.484184559857407,11008600
3.5111939907073975,10134700
3.5742146812344497,5325000
3.655242443084717,8125700
3.682251422931036,6771200
3.709261292313126,8012200
3.7632789281982855,10567400
3.8263010797352766,6441300
3.7092615709217402,11705500
3.682252234258851,13671400
3.9163316075162227,15539000
3.7542767135212474,10038800
3.790288868622898,11212400
3.709261178970337,9067900
3.682252235285763,15447200
3.84430680677589,16868900
3.853310637843083,16249000
3.7362697276824313,8508700
3.7632786654084662,12200100
3.808295532046283,15652700
3.844306963970854,8353700
3.83530453142183,16607000
3.7092610372332784,9110500
3.6912549323651325,6952500
3.763279302720097,14879000
3.961346508173494,7515300
3.9883558001273314,14313000
3.8353054280654457,7949900
3.8263012635614833,8473400
3.781285250872704,6892100
3.7902885174663883,5548100
3.8353041263607714,6952300
3.8713161089502064,11927000
4.051377718836907,24029200
3.961346508173494,13431500
3.961347874470039,13440900
4.186423894074912,12810400
4.096392746155406,11093400
4.2134318351745605,12313000
4.258447050167252,14684300
4.402496148027059,11748700
4.23143808961152,10671200
4.177419129894974,7206600
4.231438636779785,10773400
4.231438356522414,8914200
4.312465785485017,11925000
4.2224361145506455,14904400
4.096393473550216,5916400
4.096392529638787,13065100
3.8443065009664945,15833300
3.8713163353998907,5975600
3.799291760445837,8992500
3.86231437936194,10780600
3.745272841691735,8096000
3.7812856001405635,5191500
3.844306829130355,4223300
3.808295532046283,8370200
3.799292777504219,6259800
3.871316177100505,4317800
3.871316199612028,4672500
3.808296047469411,8567700
3.8082937787636157,6833000
3.8983256158450685,9466600
3.9073291258064966,7501100
3.9613469140782684,7449200
4.060380966469405,4966800
3.997360423743034,6267900
3.826299878667728,6274300
3.826300859451294,3860100
3.8533105652892434,4646400
3.817298259162445,9416000
3.718264446398141,7582700
3.6732487173592987,7636300
3.6012244790765915,11283400
3.5472058423645447,9016200
3.466178349861959,11437900
3.57421573830527,5077200
3.5922212965158935,7816400
3.5832181152612312,9675700
3.565212121481197,8531600
3.5742151737213135,7565400
3.57421573830527,7718000
3.583218818709691,11032900
3.736270731455219,16579300
3.9163310362001873,24829000
3.970350040173935,12569100
3.8803190143424584,5642600
3.862312078475952,7093000
3.907328569084563,9989300
3.9253359812196615,5395100
3.8803188633480494,8399600
3.8623129330183437,4925600
3.826302158100254,6069800
3.898325118125743,8074700
3.8803188113155342,3309700
3.844307297598419,8893500
3.8713162810161443,8480800
3.8263012635614833,7146600
3.7452738285064697,13927500
3.7542761034128334,11148100
3.664245879844866,6873200
3.6102273910592215,5912700
3.529200096124382,5933900
3.457175478677659,10812400
3.511194009873181,6059800
3.4841844295812803,8292700
3.4031569775839747,7176100
3.484184390083207,12449300
3.655242443084717,7710000
3.6822520716940854,16781600
3.6642465169243126,9076400
3.6912554634628765,8879100
3.6912544163339764,6589400
3.7902885174663883,4920900
3.8353041263607714,7112800
3.8623129105591745,5560200
3.8533092431735385,8682200
3.8983256158450685,4227600
3.8893222808837895,3759500
3.916330623485433,8927900
4.015365123748779,12718000
4.033371088657791,8780000
4.0153652284016825,6041100
3.9793532676718275,8440800
3.8803195149736083,12972900
3.799290868576063,9026000
3.727267720842476,11767300
3.7992917793689167,13440200
4.051377332359132,21382000
3.9883554479179923,27706600
3.916331382049093,7842200
3.8263005194800477,5882600
3.8263007029926057,8218900
3.8443064021695506,12881900
4.222435546362724,20684900
4.186423329297647,13565600
4.033372616455836,6236200
4.006361740825448,9083300
3.9163310318597992,8056300
3.8803188633480494,7767800
3.889322738170086,6975800
3.7992902541400673,10276900
3.6732484257192346,10705200
3.619229936232432,12055100
3.556209087371826,12516200
3.556209087371826,9663900
3.5562092736613584,13217000
3.4931882553451032,9403800
3.6012241246838146,6411500
3.5382031751998,21444300
3.781285743073739,23450200
3.5652122686297787,10372800
3.5021904094678886,13836000
3.4391689027091616,14751100
3.3491387002452853,8451100
3.259108215445689,7779300
3.2501049041748047,8033000
3.2230957839306758,8882300
3.214092603345347,9429400
3.1870836316191182,10810300
3.3401352740040653,8248500
3.2771139070488484,6378200
3.331132394658097,10684300
3.3311325955114155,8503500
3.268110855710102,6841500
3.2501049412952137,8956600
3.178080737840311,9175700
3.2771145362299343,7235300
3.2501051271821524,8795400
3.2861175537109375,7021700
3.2771139070488484,17125100
3.277114372441797,8647800
3.2951197839342465,6879500
3.2771141007317364,15645200
3.3311325955114155,10226700
3.3311325243762853,13263200
3.493187222238082,16095300
3.5291998034893792,10415500
3.5201970626308166,8417900
3.502190773655725,11441600
3.592221278201546,9168800
3.5291998034893792,10772800
3.592221426464888,9777000
3.5111936995654283,10659100
3.5832181152612312,12323800
3.4211627284687918,21790100
3.2501046388709462,11164700
3.367144078816279,17243900
3.3581417162369043,7140100
3.4481722206940884,7537200
3.466178306996455,12598500
3.4391690061523335,8908200
3.5472062015413672,11439500
3.5021902316619253,6421900
3.4481720579492103,5620000
3.4211629025585792,7149700
3.4841844905062445,5752200
3.4841846179322116,6636300
3.5201969146728516,7971700
3.5291998034893792,3457400
3.529200115388452,7909000
3.4841845804747433,8913500
3.5652122686297787,8407600
3.610227584838867,7182600
3.58321819571802,8740400
3.6282336711883545,7140500
3.6102278130610057,10472700
3.466178092331181,25608800
3.3761478754896586,10967900
3.3761478754896586,6986700
3.3671446019544513,6693800
3.277113914489746,11632800
3.2771144446862537,7643500
3.2320989659576886,8614900
3.1960868439748396,7546800
3.223095384366694,5769000
3.26811148316267,6392600
3.214092112788127,4359700
3.259107597121693,4868900
3.2771136824905893,5156800
3.205089679020984,6805100
3.2320988048254313,4399200
3.286116733212418,3981400
3.223095655441284,6712900
3.241101182332231,2949600
3.2230957839306758,4504400
3.241101759633159,8191600
3.2140920308552556,6535500
3.187083447057535,4122300
3.2140923403257506,6023400
3.2681109237135715,6700700
3.3401354464821855,6030800
3.385150527270784,5810000
3.3401354464821855,18873100
3.322129216346511,3954600
3.3311322678278152,4386300
3.340135463827629,3993800
3.3131257224564874,4546900
3.3491384983062744,4991400
3.3491384213087985,4960400
3.2861173513364816,6875000
3.313126214840373,6720400
3.29512011160616,4217500
3.313126490494502,6811300
3.3401354464821855,4038900
3.3761477852496755,7509600
3.4841842651367188,8736500
3.4661781341482976,6454900
3.5562092736613584,5486200
3.4751809832342864,2878400
3.448171532644202,5100500
3.4121596813201904,4503100
3.358141861175901,3247200
3.367144473753033,3171100
3.3401356475929993,5302900
3.367144490500492,4762600
3.2861169658489344,8441600
3.3131257224564874,5785900
3.2861169658489344,4841200
3.3041231632232666,6840700
3.3131263256073,6019600
3.2771145362299343,7363300
3.250105162378425,5086700
3.2320982142317844,4919200
3.2411012649536133,6341000
3.21409273147583,3739100
3.178080788378721,8942500
3.106055992887896,5804500
3.0700438022613525,3004600
3.106055699019458,6572200
3.007022419253321,6569400
2.9710100240001895,7705400
2.9259944779231213,9063100
2.817957870743912,10895700
2.8089547503964547,5285000
2.7279277132360353,16778800
2.592881843850669,10831200
2.5478660768568187,14462500
2.5838780403137207,12981000
2.5838780403137207,7360400
2.6018850595331267,6510700
2.63789681149627,7758600
2.628893906157721,8968700
2.700917706274309,6018700
2.754936414749894,6981500
2.6739091320966644,5597600
2.700918326167619,5156500
2.709920771278007,10414100
2.673908799898896,9647600
2.565872358835734,5081200
2.5568693062122643,6078400
2.5118536625763244,6294400
2.538863259312932,7450500
2.4488323843115554,7123500
2.4398296039468343,10523800
2.583878412441674,11440800
2.6108876554993423,14663200
2.6288938880624637,13988500
2.736930517333671,7222400
2.7099213416091255,9979100
2.763939674651473,8106400
2.6559031009674072,23375700
2.691914714908636,9836600
2.664905897137029,7350700
2.673908799898896,17016200
2.5028506936460793,18394100
2.484844738094718,15250900
2.430826732910191,13083500
2.52085720508834,15155900
2.5478662728261288,8963100
2.5028511587402136,13710800
2.502850788393977,13021500
2.439829283911633,8493300
2.5118541008218034,11306100
2.457835355018692,17252000
2.6018848923619675,20516500
2.655903046639667,12345800
2.6468997336957467,14702900
2.63789681149627,11303900
2.6108880208706493,12283000
2.5658721923828125,11571200
2.59288198550681,18182200
2.6018847646127807,16267900
2.6018847646127807,17688600
2.5388629959802707,14205100
2.45783565048052,18693100
2.367804876695407,17549000
2.3588019751077853,12779600
2.349798991645915,16889800
2.3588012663929843,12822100
2.3948141656350965,22323800
2.4938481055114607,11438900
2.4758418895002983,14356600
2.475841686004326,9338800
2.448832678422645,17541200
2.3407959578976287,24673800
2.3588012663929843,14953700
2.313785700556506,12479400
2.268771374640102,17208200
2.196746572252327,24199900
2.223755359649658,11213900
2.259768320261785,14486000
2.3317927214498106,11757900
2.3317928122433873,11436300
2.358801686756002,17292000
2.3858112729521284,6642100
2.4218230556870752,10981600
2.3768081981642375,10076500
2.3227896908207732,13061700
2.475841538978817,12371100
2.4398295879364014,14257500
2.5118536625763244,10968100
2.565872358835734,28829900
2.5028509718420398,23661900
2.583878296461663,23449400
2.565872539926549,15148300
2.5928819348052237,9622100
2.5568691288557948,9903400
2.5928814243508573,7958000
2.5568692551110646,15761400
2.6108877831839292,30136400
2.7009181282964465,31648600
2.691914868726486,38026100
2.7099206959788567,38110200
2.8089547157287598,137772000
2.862973574759568,14726900
3.0250276687893276,16140100
2.8899825539941677,22196300
2.8989851783537195,14212800
2.8719764495483853,9738500
2.925994762885733,10798000
2.9440009971772785,13357700
2.8899825539941677,10712200
2.925994331036093,9338300
2.862973650653851,18027100
2.862973650653851,10678900
2.8899831119067256,10598500
2.8539702715978037,10117600
2.9079892198285955,9978400
2.8629735028863017,13505900
2.772942641081592,8029500
2.799952357647638,9859100
2.808954972907538,14750200
2.8359636138928344,12892500
2.8359640855701036,8070100
2.79995119831052,5107000
2.889982681457442,12014300
2.916991710662842,8675500
2.9530039013470915,14964800
2.90798846382263,19010000
3.007022835958545,13679800
3.0160252866886195,9345300
2.989015801515376,7167300
3.0070223117550823,8857200
3.0610408971940477,16905100
3.0430344527777344,10646400
2.998018828648647,8601200
3.0430344527777344,6771200
3.016025551985701,14145900
2.898985753026722,9648500
2.898985588342804,24510800
2.971009945305574,15462700
3.1690775407084026,25601000
3.4031569775839747,21877100
3.385151136378383,22839800
3.3311325955114155,12799300
3.2591080318168806,14383100
3.1600743993710734,18336700
3.0970529713866237,16966700
3.0340311865076908,9901400
2.953004069099651,13008700
2.8719764495483853,23192000
2.916991582800043,9549200
2.9440003178174043,8363500
2.8449666641260007,11137600
2.916992295673757,13025800
3.025028006468022,10080400
3.034031451046576,10797700
3.1510717191409827,10276800
3.025028944015503,6786600
3.0610408971940477,20247600
3.0610405733689725,8608600
3.0160249715024205,7261500
2.980013048298809,11019000
3.0880499801283325,9807100
3.106056066636968,9950200
3.151070973656722,11077400
3.214092694766727,7130300
3.2411015534631917,10061500
3.142068201442008,8768100
3.1150591559128906,9227500
3.1150587334993105,9577600
3.016025889987024,7634800
3.0250281082206167,11327100
2.9980191181673335,7516600
3.1330654424998228,8467400
3.1960859298706055,8197700
3.2230951635099556,5578400
3.2140921740224306,5860900
3.1060559572394157,8581800
3.151071217415412,7942700
3.088050177594596,6557700
3.070043875317647,6727500
3.1150596989500308,9075600
3.0070223655170882,10114000
2.907988115647718,7077700
2.7909484930821837,8666300
2.8629733973254936,9889800
2.9259946875259253,10377900
2.8899823935429207,9620600
2.925995041787698,6923700
2.889982127459595,13023700
2.8629730463414154,14005000
2.7639393973683966,8567200
2.7729426713225327,7501200
2.7459335145479273,5157900
2.7549362182617188,12778200
2.844967024868175,19770200
2.7909486467131197,8040600
2.7819455004405285,7184500
2.7819462497257677,9243900
2.826961168691389,5034000
2.8179576102235018,6244000
2.835964220851406,9387600
2.790949303686703,7101600
2.826961734180181,5056400
2.8359636138928344,5593600
2.8269612926669287,3590600
2.8179579821089975,5587300
2.8179575134265016,5101200
2.8179582789173283,8252400
2.907988583543895,5860300
2.826961115624758,6314200
2.8989856968741874,7416100
2.9980193780979354,14118200
3.1420676269166545,13892300
3.232099025291323,11818500
3.160074472427368,7304800
3.196086608992444,8904100
3.0700437843337838,8779700
3.088049998535864,7305700
3.133065095674879,7494200
3.1420683118370625,7518400
3.2501046049864355,11956600
3.169077654424005,11891600
3.214092112788127,13412200
3.2050898623333137,15064200
3.412160011806896,18831500
3.4211627326699925,36959500
3.4751814021479763,18282600
3.583218412375337,21779800
3.4211630461230653,13521600
3.4211625589777985,9749600
3.47518158419293,9107900
3.3671450304388473,13129300
3.34913864625431,15131100
3.4751809832342864,9191100
3.367145091087534,11157900
3.457175622406832,8467900
3.4391688711357404,9608600
3.583218440077012,14667100
3.7092602999952016,11150800
3.637236490768412,7846400
3.64623977551661,6804800
3.6282336892567923,6601400
3.6102279233776615,10240300
3.727267017583857,15537200
3.853310176749532,12691400
3.889322303500017,11719800
3.808294416560351,12680900
3.790288311493331,11148600
3.826300933525928,11181200
3.7992913547606926,6686400
3.8353037834167476,19229600
3.835304346093486,10589500
3.8443062743147873,21211200
3.592221107639151,39348600
3.988356719967324,21748600
4.2404409361167925,19645500
4.222435122682141,20650900
4.49252614790651,28079100
4.501530285515069,22581200
4.6005642969119345,13864900
4.609567653180567,18760900
4.564552121407801,22575600
4.447512973408437,17675300
4.312466967746744,18765300
4.34847754395815,12958100
4.213432207728893,15176500
4.24044197941971,9762500
4.276454114972951,12636100
4.195425732732336,9712000
4.240441564678329,18377200
4.555549069976067,9409400
4.483525002929362,14179900
4.645579968348691,12674900
4.609567387489685,17492200
4.465518798174753,10983800
4.582557363576396,20939100
4.681591739091743,10045900
4.654581709781192,24740800
4.591560830522919,18712800
4.456515208360592,15227700
4.276453831734107,17053100
4.348477840423584,16001200
4.4925264945488195,18357100
4.285456160906372,21645300
4.348477675228848,25660200
4.44751103050774,18144700
4.681591928665275,21708500
4.564550273823241,12822700
4.528538695840854,19338400
4.708601036817667,15256600
4.7536158291509985,12270200
4.8616536848739225,17064400
4.654583058211359,13918800
4.447512036519399,16467400
4.2224351666757265,18146200
4.114398355309106,17030800
4.339475698552634,14700000
4.348476430606627,18271000
4.321469809333317,8836500
4.357481842343278,6970000
4.420502593591703,15227000
4.366484352858106,11641500
4.330471803446878,16671500
4.240441269397824,13852500
4.141408147337643,5429600
4.141407710755026,11436400
4.1053963402172124,7854200
4.168417162292746,7176700
4.231438675242923,7141600
4.2224361145506455,8459900
4.1324046530652385,9899000
4.186423337680263,9405600
4.177420749973708,9961300
4.321469051715368,12517100
4.267450847614551,10091900
4.1954265004273745,8977500
4.2944599359589075,12880500
4.366484642028809,16423900
4.339476325301223,10868400
4.330471442651256,10490400
4.231437670813687,18336300
4.339475736767455,16987800
4.15941386181985,30548200
3.7092610372332784,13322600
3.7452725638246678,11681800
3.7272661145454693,19625500
3.9253348738493243,15885700
3.8893226627469892,16054400
3.817297869258424,8700900
3.7722827620146897,9933000
3.817297811242899,10279700
3.853310804210487,9782900
3.9253349896181096,14431000
3.916331382049093,7434400
3.808295532046283,9855800
3.7812844142578053,12112800
3.826300725242366,8928200
3.826300554100205,6904300
3.871315993526238,7123100
3.9793527439328837,19049100
4.105395331609104,9080200
3.925333449241297,7763300
3.916331606424031,10188400
3.90732854443901,7107200
3.862313289770528,6029900
3.8623128259539854,9849600
4.0333715652839155,10163100
3.9073288440704346,12364400
3.9163327112544697,11596500
3.8713166160323267,12470100
3.790287678859504,11685000
3.853310176749532,19667700
3.8353037834167476,15061900
3.8713163902059127,8926300
4.024368283625402,8019300
4.2044291496276855,9249100
4.204429770400456,8643800
4.159414437134851,10187700
4.303463930152263,11045500
4.330472662380584,11674700
4.375487801100765,11971200
4.34847774407959,14538300
4.177420543513379,12641900
4.294460653098607,15733700
4.015365123748779,7273100
4.033371778876777,7141700
4.042374512095359,7980000
3.889322246755711,11617100
4.060381286484026,11811500
4.159413744651201,10426200
4.141409279476193,7429100
4.078386281507552,11944200
4.240441799163818,7872000
4.240441289411472,10624000
4.285456533401916,11496500
4.51053458612104,17398800
4.366484352858106,12567700
4.321468219815415,14862200
4.519535316461451,17547200
4.492525577705673,18725600
4.519536169722294,12981400
4.411499246355111,15160500
4.420503061542307,11120700
4.555549257379356,11473100
4.627570819965351,14622900
4.4565137528789815,15246200
4.483524646624575,12766800
4.483523117071263,9125000
4.627573013305664,18675700
4.627573239537781,18534000
4.591561384587548,17195500
4.843647890058089,23751700
4.978692245074899,20102500
5.1407477046024175,23682800
5.644918820568771,37567600
5.221775334459262,27319300
5.086729567541222,21587500
5.266790729613787,36123900
4.528540239841138,34305300
4.690593663258628,24371100
4.825641150282832,32156400
5.0057019514846095,15622700
5.059719614916896,29835600
5.194767219099627,38838200
4.771621262540904,17727200
4.672589043881229,35810600
4.591561214828972,23618400
3.583218393702029,28467100
3.8353040306893202,31404500
2.664906459820031,43583800
3.556209444154734,36064500
4.0513771491879025,25601800
3.628233851561407,28581800
3.8082947939491074,30171800
3.4751814021479763,42471300
4.015364950993866,39186900
4.042374351992125,33793000
4.321468805525931,28245100
4.060380269026537,22946500
3.817297108922327,18043700
3.6102279485213455,17751300
3.655242422332471,20808500
4.078387544392382,26751900
4.35748169942758,18094100
4.53754315080076,22692400
4.555548375911368,14800600
4.5195370442221625,12331500
4.7356106076980735,20222000
5.07772709537232,28986500
5.680931341167791,32324900
5.365824442330289,20237700
5.473860924579451,25243800
5.176760054359437,31321000
5.482864305714626,18575800
5.356821207074918,18157100
5.8159764353164665,22705800
6.176100101643972,28828600
6.392173442778054,19745000
6.392173180319801,16221000
6.194106796657572,18244200
6.113078769672159,19403700
6.194106214085861,16446500
5.8519901676737875,16726900
6.266130889182122,13587900
6.050056826917973,19019900
6.212112165272074,15851700
6.221113685737378,19090500
6.3381550500816966,15819800
6.311146706400391,18259400
6.275132209799493,19072700
6.356161378835011,18374100
6.194104906808706,25312100
6.680270892964371,18059900
6.707279535268229,20397500
6.518214518125455,22076600
6.8423256684912985,17627700
6.536222899550737,17359700
6.4912063011068035,13826000
6.230119377645479,20114400
5.7619585502515,20267500
6.113078072088568,18664800
6.0680623704031476,22317100
5.933017326263686,17645300
6.122081984401662,21846800
5.635916033775619,22245100
5.734950739359038,26549800
5.419842079194366,18684000
5.599903327996413,16115100
5.716943215143288,13252000
5.716942933319397,21828000
5.978031075049375,28401200
5.7169434057019926,16846900
5.401836248544546,21138300
5.888001535035895,21430700
5.644918560236632,11331500
5.617909209438962,10254800
5.698937966547823,19419600
5.933016151379484,22620300
6.194106618969659,17697400
6.086068286470784,18081100
6.005041343612174,13531200
5.951023470946805,17468000
6.20310904622979,18398100
6.311145923606902,19913900
6.491205795278716,13587100
6.446191206666527,18343500
6.500208720879489,14984000
6.536221699560059,15010700
6.797311268819637,18785900
6.923353928842327,17340400
6.923353004750258,12074300
6.986374923664365,16603300
6.572234844689976,16221100
6.896345138549805,13181000
6.86033156803959,11545600
6.914350845279268,12550900
7.202448299845467,13686100
7.553569962588663,19425200
7.715622599443003,16454800
7.643597205761285,19967100
7.517556694604621,14611400
7.940700549952169,26094500
7.69761834017191,14586700
7.949703321829843,23229700
7.760638742462468,16900500
8.021728319482419,20786100
8.453877393010279,16469900
8.354839303392474,18889700
8.895023927014684,31299000
9.093091500826835,22615100
8.59792408553437,19326200
8.534901772810068,13126300
7.724626579541056,30296900
7.931696273670858,17963500
7.787648603215828,15915300
7.9226948721045485,13676000
8.192784628363716,21497700
8.651941684518631,18185300
8.183783784566778,15378000
7.88668141305615,12936900
7.877676751690319,10771900
7.8866815069562595,12569600
7.670609537842395,12184200
7.571574576825389,15564200
7.9767106395477585,17210800
7.805654592295425,13710200
8.066740086677893,14003000
8.165775963865531,9871900
7.7876483023104965,11123000
7.805654381663467,16678600
7.77864371126616,14196300
7.544565524029379,11538100
7.787645544289903,14768700
8.35484073038356,17266300
8.120760819992217,10443700
8.04873728495646,15673300
8.498887935368767,14347000
8.50789223971068,13460900
8.084747027384703,13285700
8.714960838411207,33886700
8.696956843747843,31915100
8.372847262314169,12570100
8.10275608387925,31580700
7.283475904231343,18700100
7.877676486968994,11332700
8.003721446335538,15923100
8.030729944265397,8084200
8.012724478260115,8566700
8.075746457877244,11053200
8.120762096434241,7744800
8.048737874623978,10193100
8.282814241486095,14908900
7.91412839689485,13885200
7.69730335617805,11957900
8.004471196032567,12136900
8.212262180468008,6222600
8.167091412191155,9132400
8.311641446884874,9744500
8.311643600463867,7116000
8.35681322858339,6134400
8.302607273188471,8030600
8.076746983854104,8236700
8.239367485046387,11344900
8.13095447703942,12337100
7.914129520371264,10630100
7.715373034850374,9766800
7.742476192514628,10263100
7.615993735111916,24030000
6.983585022992961,13471600
7.209445442439766,11923900
7.34496122255284,9373000
7.48047875616783,10367900
7.417237132842806,9699800
7.751508580165361,17128800
8.067712980548633,9771900
7.2365489779313235,21784400
7.308825088463689,19296000
6.929380861627045,12808000
7.037791918242929,18796800
7.2907552893739185,12391200
7.15524048460568,10133500
7.128138450097382,13208000
6.9926197815610305,12000600
6.712554095445237,10373800
6.8842076205726,10444100
6.712554185063514,13499000
6.259925024974227,14881900
6.4232261922956715,12705700
6.35972076230186,6425400
6.405081892955447,12582900
6.686324015429448,16788200
6.777048615787163,14529400
6.722614534694993,10485800
6.6591072555325415,12749000
6.550240528524974,17566300
7.022001352586714,15918200
6.777048300471342,18526200
6.704469537122267,9661900
6.677251944269544,18082900
6.459515027427353,30973700
6.459516266937495,25997300
6.532094922849084,29259600
6.804264940617604,32065800
6.858699766289503,98912300
6.831482051943331,21122400
6.822409454165566,21592800
6.5865287634107546,11952600
6.677251435544495,5908300
6.822410149492574,11934800
6.640963252313911,14445200
6.668180323684132,10319700
6.858699765200387,12112700
6.98571144337502,23226100
7.33953410594982,14015200
7.094581072440915,34458500
7.266954623722068,21495800
6.949422552631578,23941300
6.5593109935663785,20171700
6.577456951141357,18886900
6.586529064832384,13512500
6.513949613746122,12478200
6.4685888056069265,15539900
6.423226468961923,21655400
6.423226165872907,19513400
6.523022903848006,14778400
6.314358287999405,14499000
6.450443293179824,15940700
6.3687912444962285,15754900
6.3325027929759665,20940100
6.314359102961391,19114900
6.523023284880652,18780900
6.604673494222859,17260900
6.350647586217141,13088900
6.405082579964552,14353200
6.314359102961391,15846400
6.39601028739015,13728400
6.677251435544495,24326400
6.740759056054809,19294700
6.758903609634073,13420400
6.713542005974925,19920700
6.5411668234563916,18009900
6.613745146857931,20843700
6.332503608027218,22466600
6.223634861577979,18424200
6.141982743793006,19903500
6.033114731869097,19392300
6.214562701688153,21720200
6.051258961336872,16603500
6.078475955388685,17871100
5.906101336008632,26431100
5.74279986077542,23257400
5.634020625459424,18406200
5.7251851809174115,18981900
5.825465940411896,18850800
5.871049104074674,18051300
5.953099820102253,13765600
6.108080281129237,12762400
6.08984746427688,11688800
6.1171954032245575,13856900
6.053380881159614,13059100
6.199245468201482,13767800
6.3086438102413,13127900
6.208361582624364,20781900
6.30864524973398,13771200
6.244826484904764,19982000
6.326876163482666,9366900
6.281294421667275,12472900
6.117197027782789,12075200
5.998681684037077,10770200
5.971332432110505,8683200
6.062497723156614,11210700
5.943983072959118,15280100
5.907514787901774,11965000
6.1810126673568435,18863100
6.43627476182424,11765500
6.472741763549148,15416900
6.573023311346368,9291600
6.664187621223555,16481100
6.645955116403077,11195000
6.71888753548981,9413900
6.627723362625583,9261700
6.682421751127861,8585900
6.6368382572465965,14037700
6.901219699317002,9724800
6.819170330952699,8654300
6.7827035717888196,11390500
6.97414982666123,11775700
6.955917432782621,9848200
6.965034536557847,11921600
6.709771729692326,8514000
6.718887865440698,7846100
6.490974448107769,8624700
6.600373395592738,8900000
6.463624562787963,9347400
6.554790292984188,12658200
6.691538897220794,12413900
6.645955942703391,7798800
6.691538288843478,16223800
7.037966969308689,13846300
7.156482064685242,18175300
6.882986651753199,13616400
6.846519773673459,22199000
6.64595643380532,13728800
6.946801725032535,13806300
7.120014290472618,24974600
7.575843421912065,15296400
7.4117450514640755,18990400
7.366162306185333,13387300
7.457328017528484,16770700
7.32057943219667,7697700
7.311463183606265,10451100
7.429977590566885,9859000
7.357044429188953,14196000
7.23853070619977,9687300
7.457326973130211,10486600
7.4025962430284045,6745200
7.292790627169067,9954900
7.320241504276626,6645000
7.265341594293514,6783200
7.292791389045754,9891800
7.18298887595015,5658100
7.1189351067044,9485400
7.219588496185143,7740300
7.0365827762291895,6962400
7.08233474390087,6554800
6.935929624139086,29259700
6.258806611901904,30209400
6.167303967214001,21856900
5.975148743628499,15451500
5.782990827186729,34132900
5.947696100589246,18402400
5.901945583104785,15181400
6.011748315310531,13833700
5.847044212593777,12271200
5.682337594600441,11329900
5.737240562666525,9908100
5.91109492872202,6356900
5.911096152466433,10757900
6.002597010089451,13319100
5.993448967163225,10645300
5.938546486999795,27675500
5.700637656948493,22039600
5.755539679659187,15189700
5.673187083138155,14954700
5.8561931181172335,11260900
5.856194327396038,10247900
5.865344132201716,12565300
5.609134777620699,15518300
5.6365854427666315,13262200
5.545083298387838,11685300
5.636585865605199,15388700
5.599985122680664,18033900
5.59998496055771,9905900
5.645736748706417,12580100
5.618285329589386,12993100
5.865343248753178,22833500
5.929394052641504,9537400
5.965998230133944,8434000
5.938546594217729,6802400
6.0483486866179454,10449800
5.901945876790745,8264500
5.6823373365666034,10866100
5.563383253398839,11013700
5.5176328216077595,15918900
5.471880331325727,9752600
5.471881029129217,10168500
5.490180762067353,13145200
5.554233720021671,12029900
5.462730455191039,9960300
5.471974498688357,14628900
5.315631614485349,10067100
5.205270473525086,8182000
5.361614053414867,11196600
5.481170177459717,5871500
5.425990411253019,7102500
5.334024171423951,6477500
5.380007427405453,9332100
5.573136165542667,9325900
5.481170260007579,10332600
5.554743124015813,7773600
5.554741859436035,6745500
5.6651013531882555,13427100
5.619118115387915,12409500
5.481170441537568,9745400
5.462776704626035,9011900
5.407595725292768,10586000
5.269649444560941,12010000
5.38920468151466,11492800
5.352417129308974,8109100
5.269648074968028,21067900
5.085717035388792,19235100
4.9845541594944525,19334400
5.067323778131786,12770900
5.067324526616997,14671100
4.97535718591977,14072500
4.864998425582731,9501200
4.8833915969288215,8909000
4.800622446591446,11062500
4.846605000933599,11955100
4.864998376498514,11069500
4.97535718591977,9718000
4.883390908430604,12456800
4.993749920947879,12541800
5.021340362253703,9577300
5.122504219229172,10465300
5.334024785254041,8429900
5.2236653221141065,5983200
5.205271808165368,10608800
5.306434538663945,17162800
5.600725653501664,15065700
5.536349209557382,11019200
5.600725912470092,6658500
5.69269136753025,10815700
5.69269128580864,14922000
5.720281719544352,8309100
5.895017287238817,11965000
5.885820044339244,13032100
5.895016064348327,8723400
5.885819911956787,10872700
5.885819865203894,14971300
5.6559052039379765,10710800
5.536348642925824,10938200
5.47197233784112,9633000
5.4075970650975265,10920600
5.619118864280474,12711100
5.545545847460724,13508300
5.766263961791992,13206100
5.775460941458198,17746800
5.8950177838764155,22693400
6.16171685832188,19679800
6.170914135342384,18946000
6.364043999772693,11092000
6.4468126382596305,14690600
6.410026158466613,11709400
6.354846128983283,9911700
6.262880283270196,12017200
6.005374699478413,11338500
5.904214354028248,15205900
5.775460545549931,12049100
5.793855354757136,11671900
5.563939962995117,20249500
5.610106492543731,27021200
5.619347247584789,18804300
5.369803966227153,14492200
5.37904635535661,12089900
5.360562661096677,11223700
5.499197545205233,12319900
5.480712108162911,14797300
5.1479891581036075,47900400
4.935414339860095,22427100
4.9076866870983,25104800
4.7413251029637085,17093000
4.667385602437132,22847900
4.769050993545767,27277200
5.0278377674210475,34578500
5.0648065719903395,18834800
5.175714183482913,15213600
5.12950260653248,15271900
5.184957198210808,11676600
5.111019047107698,7336000
5.1295039650531296,9598700
5.101775676483047,14158000
5.221926735825748,10511700
5.332835970987601,7534600
5.305107942880532,11066500
5.249653314818321,17025500
5.2958660914388584,18382400
5.092534221994511,22254900
5.027838643588945,13045500
4.990868407717986,14051800
5.120261059959311,11691500
5.240411773185933,13859300
5.314350477156725,10462300
5.258895337230202,11372500
5.157230819519556,21013400
5.157230391426318,30140200
5.508440675144335,19415400
5.36980411558303,20030000
5.129503877880815,28221500
5.120260738119085,20227800
5.240411205447079,24485500
4.963141227417928,17987000
4.898444370169229,16378800
4.8984442301730935,15599600
5.037080199373212,9740700
5.083292033501243,23133700
5.027838018304349,13340600
4.953898260916893,11492500
5.074047854506078,14482700
5.1202611201255435,14053200
5.277380724061104,10177300
5.175716108170806,19496800
5.055562983336505,29252200
5.305107593536377,21649600
5.166472808878521,15764400
5.332834828035465,20401500
5.425259383514937,46617100
5.379046440124512,27936800
5.379047813637906,30516200
5.101775730884583,22077000
5.203442481839015,42933700
4.861476639014681,25144100
5.018595141957549,55683200
4.667385465940301,31312700
4.713598590642883,28846500
4.704354873081499,37193200
4.806021441668157,26895700
5.000109786410493,31206700
5.129756854073263,47218500
4.990361034465075,22827300
5.250566209136054,20146900
5.148342373598909,17406600
5.176222635001306,26869200
4.804500730819895,23221900
5.018240578509847,18822400
5.185514955641027,16771900
5.2226865617268725,32034600
5.194807203967513,13617400
5.287738392568677,14740100
5.315617359113219,15775400
5.324910507131864,15147900
5.241273628635469,12325500
5.250565695104146,11232700
5.129755831725535,21126700
5.343497415252668,20693000
5.492184740612927,17336400
5.427133997991322,12407500
5.622287819366116,13762200
5.659460079790516,26142300
5.464306253375217,20103000
5.464306922140736,27370000
5.612993901423398,21388000
5.8360274500817555,18769500
5.780269909544191,23777000
5.761683641963458,15390100
5.687339405519016,12625900
5.743096621346092,14010300
5.622288227081299,15576000
5.575822830200195,19892000
5.547943014550326,26104700
5.222687290660605,28994100
4.9253097606285,23539900
4.9531892976584535,18048600
4.7394490256756665,16595500
4.7022768414159195,16535400
4.8230868867248535,16401500
4.627933502197266,20493400
4.646518739510763,15419300
4.692983103994312,16669500
4.841672528431081,20758000
4.609346183168068,15572900
4.432779866977999,22183100
4.311968694740553,26212300
4.256210903925954,30000400
3.9309547643512923,29166800
3.745095384170061,32328700
3.8566111959670453,18825200
4.051764759866778,15930100
4.0052992963080625,20115300
4.098229004557431,22587700
4.228333454423187,15195900
4.274796753380686,7998600
4.191160961322763,14454200
4.20974635726941,18553700
4.237626000125844,14217900
4.321261837420786,10912100
4.209747391809034,15268100
4.228644230730012,11392500
4.200576918449669,14334000
4.331552746425796,18687300
4.31284258419153,13752300
4.163155990690413,7595600
4.200578135303052,13054400
4.172510930919967,16936200
3.9666922340241157,16382000
4.12573444179892,40680800
3.985402981420015,37844900
3.8637826442718506,41163600
3.7982950082431115,44738800
3.8544270411134938,97181600
3.798294710863823,25324200
3.93862654954627,17801300
3.901204978210582,25679700
3.71409674758074,22175600
3.7795838668938933,16031100
3.8450726135438598,25378000
3.5924764822018913,17529800
3.470856176178662,18856200
3.3211692213023722,18042900
3.3585906082248926,30951100
3.162127847316374,21130000
3.143416386539912,17251100
3.1621272734172394,17221400
3.096639688540549,10659100
3.1059952535715722,13020600
3.012440700037343,19253300
3.0124412714419893,31103900
2.984374701257031,20456700
2.956308389237469,26612600
3.049862441728796,19994200
3.068573305346084,15581900
3.0124411219714884,18783000
3.09663970582509,24626400
3.059218264792736,23358900
2.937597289555816,21207200
2.937598114381464,18599700
3.059217509332162,34652700
3.1901936531066895,20966800
3.190194000983778,12667900
3.246325854038516,20581100
3.2276156374710645,17811800
3.180838799189267,17480500
3.1808380672084446,24057600
3.199548983428144,15571600
3.274392587214033,11233700
3.2556814802967975,16229100
3.3305245689436287,16977700
3.311813998610058,10156900
3.274392567878209,11401700
3.2837481116795355,9644600
3.3023787492111616,17024100
3.1797189433935635,16809200
3.264637097213136,33512700
3.255202221889981,13258500
3.292943228296151,11374100
3.311813871639308,17936500
3.4722155964971875,11070600
3.453345152133544,18430200
3.2080251606449512,13256700
3.2174607200632597,14857100
3.104235591491565,15750300
3.028753181910998,14747200
3.0193173726359617,16504600
3.141977563046456,11133100
3.1042363804223907,13523300
3.1891543073699795,10675400
3.321249416263033,9198900
3.4061674602597143,13051800
3.217460576078811,9825000
3.2174607031242752,8372100
3.151412978993101,14523900
3.066494688845634,21956100
3.1042357666558265,40234500
3.3495555047377157,15465800
3.330685194070404,21269300
3.35899085111382,18162400
3.2268953981607624,18449200
3.085365182046189,20632800
3.1514123797446785,16534100
3.1797186481802204,28944000
3.2835082007016796,19943100
3.4250385957764,27657000
3.6326168508583,22472900
3.8118880582993944,21402500
3.6703581684942184,21590100
3.670358237301135,17714800
3.5948749378585827,18314400
3.4816509557964985,11313900
3.4627803643722364,15755400
3.434473752975464,13317500
3.321249416263033,24271700
3.3118143571520426,15036700
3.2646377262050876,14349900
3.255201702271517,17414000
3.1702832029737014,16587400
3.1419775338676796,19974400
3.217460632032364,18718000
3.330685194070404,13360300
3.3495553571808605,13593400
3.443909559244346,18435200
3.509956849261336,14425400
3.4156031603876587,13950500
3.406167870909212,10172500
3.5288278499473815,11314600
3.5382629046433682,20609500
3.2835082188899998,19854700
3.340120004676446,40536200
3.679794017884547,16283000
3.670358816859336,42543800
3.9062419861479962,23293900
4.038337168070947,32487700
4.010032028853627,28107100
4.010030318144186,17551800
4.028902208547078,26831000
3.896806478500366,14612700
3.8213240283685335,14769000
3.8590653378478748,14028300
3.868500678725879,13296600
3.8684997463446753,16078300
3.9345491345961325,16755200
3.9722899967419667,7598900
3.9062425065129873,14338200
3.774147146491374,13383500
3.8690679379088837,20706100
4.0306757916087825,33127200
4.0877134176143475,13441900
4.087713186513834,16282400
4.030674902238981,13548000
3.983142717333265,14874200
4.0591944136641,14937700
4.0401814586233336,11756000
3.973637305487982,15513200
4.192282499611459,14623900
4.106726298631393,13339900
3.96413139476397,17939600
3.8785745458396748,23270400
3.9165992402256653,9444300
3.9070938693514456,12597600
4.030674605335563,10061400
3.9641310276344877,11510400
3.9546250655196986,8377900
3.983142717333265,10938900
3.9926495830600186,9117300
3.9165993626107287,7609900
3.92610627885383,6785200
3.9451189476258492,16253200
4.144751464777416,27465900
4.220802307128906,17782200
4.249320722900856,19802600
4.401422137423058,13361500
4.3063586872704445,27662500
4.391914332818499,13106900
4.439446751080194,17109400
4.429940570200984,16620800
4.505990782918352,13630000
4.458458654211302,11003200
4.306359025202759,14212900
4.4299397785118755,10963900
4.458459701294594,13875600
4.486977807574236,15455500
4.544016557700423,12111000
4.620067422903251,10681700
4.572535668074471,10819700
4.496485041428897,12475300
4.372903513726206,13109200
4.391915364273644,15537900
4.534510226040916,13437800
4.230308366063545,17969500
4.154257448612161,14185800
4.163764476776123,10124200
4.192283292683476,9343800
4.182776373474606,11074600
4.049688622143117,14494900
3.9736385345458984,9944300
3.9546245008074754,11562500
3.8690682316897993,17883100
3.774004998194727,23846100
3.697954389817446,20279800
3.631409867282663,13285000
3.5743727467789554,20373200
3.5363475300003278,15761500
3.4317776408042917,14193600
3.460296944639594,10286600
3.4602967197901098,11286400
3.545853939386325,13821700
3.526841250257857,11255400
3.593385447960918,8499200
3.5363475300003278,8985700
3.4696464931788653,14573300
3.373799704050653,10123500
3.345046420592544,7180800
3.345045820930019,15344000
3.53673856791208,31622400
3.6421699853180427,11244300
3.718847404519933,17534000
3.670924186706543,19600200
3.728431654442697,40594700
3.996802959251854,22212900
4.025556254540346,17369900
3.9776335383802612,19183300
4.0734801597214645,13916900
4.111818904655546,13503800
4.054310631511122,17085900
4.236418550387791,24619700
4.370603369473457,23107800
4.5527119636535645,14956300
4.562298214047427,13755700
4.5335445911333885,16491500
4.571881361002599,24095700
4.8881749329406095,16819200
4.773159132597883,12098100
4.744405330037495,10168300
4.86900672607195,14478700
5.031946519569176,13515000
5.031945825384927,19262000
4.993608188227507,20463400
5.06070070077517,13007300
4.9840221081283405,10248100
4.840251922607422,10697000
4.869006633758545,12270400
4.811499511514977,14217300
4.753991215835015,10397900
4.773160516824987,10414300
4.869006507227641,10785100
4.8019133661704085,9601000
4.849836341861237,8988100
4.897761201775901,9349500
4.792329673577651,14399000
5.0223608848746295,12570500
5.108624005257583,18766400
4.974437927938671,11344400
5.108623474889973,7139700
5.099038600921631,10793000
5.233224060494128,17085000
5.261977421166287,23831600
5.070283916356153,10950600
5.1182075593143095,8774300
5.137377109184418,14802100
5.051115036010742,17831700
4.955268284688168,16124000
4.916930229342363,13510600
4.916929217784261,5540600
4.840251922607422,7251500
4.878591684618779,9519000
4.619806056074108,11594800
4.54312801361084,8642100
4.562297641343986,8183800
4.476097848987081,11967100
4.553271989814456,9148700
4.717265996581312,10553200
4.649738964028922,5201300
4.678679573537488,8229400
4.659386002593134,14667200
4.611152728649641,12867200
4.640091982239489,9345100
4.659386067543264,15621500
4.765499894830831,10666000
4.765499985541656,9961600
4.659385765022511,7436000
4.726913650218068,31457900
4.64009212235892,10454600
4.4278638532173495,6731500
4.408570266131842,7649600
4.476097891127819,7254000
4.485744476318359,5526900
4.514684222795385,8181800
4.408570844705813,6781100
4.408570600877136,17002800
4.630446246666994,15563300
4.601505745245544,5193900
4.640092488352582,9036200
4.533978046238866,8655700
4.408571043127607,6576300
4.437511250232479,10115900
4.659386265689663,7620600
4.726913222334831,12048800
4.9294961798972485,8468600
4.929495341060908,7555100
4.842674615702829,6099500
4.977729122881286,8398100
4.968083381652832,6068400
4.948789641785087,7004200
4.823381609538639,8047900
4.861968249210723,6893100
4.823381333034858,4596000
4.813734561799641,11072000
4.707620274112529,11734400
4.659385397133998,7309700
4.717266631046432,7112000
4.707620274112529,6623800
4.611153320854671,9017300
4.514684863720232,14142900
4.630446362951791,16267300
4.765500662873442,6563900
4.649740125017117,14635800
4.871615609631432,10171400
4.900554853660294,8969700
4.833028092680105,7022900
4.83302812812232,6271800
4.775147890794838,8954400
4.6111528605466106,8852300
4.6015056866819695,8483100
4.495390808707871,6511300
4.4953913563536565,6853400
4.56291837586811,8414100
4.669522657632828,8370700
4.747186162996292,8352000
4.747185784634935,10594000
4.688937991378096,11222900
4.824849498000854,11152600
4.9898848743961235,10676500
4.970469298858181,8847200
4.980177514421816,9535400
4.805433609579191,9868300
4.688938140869141,8141600
4.669522344353027,5621800
4.601566530756599,7024500
4.669522541067322,9248100
4.659814950917898,9774400
4.776309490203857,7567300
4.7860175753039265,11570900
4.951053059389765,30783900
5.04813213905436,7160400
5.116088238521257,9306600
5.038424452471119,9024000
4.941345057799481,12743800
4.902513327629449,10022400
4.815142466540699,9520400
4.688938486372898,9769200
4.533611886897277,11691800
4.417116597213208,12661400
4.562735230964379,11693000
4.358867040231519,12285100
4.203541617469653,11466700
4.300620576958526,13782100
4.24237335183483,10370500
4.320036958377763,13198500
4.572442513888378,9608600
4.582150617435744,10735400
4.747185902801551,12115100
4.805433349902729,12074800
4.912221368632917,18050500
4.902514339126164,10223800
4.980177211653903,12206000
5.242291777377212,16499300
5.1549195667530245,18758900
5.271415093140778,17953400
5.145212113032101,18395100
5.125796434614765,12716300
5.222875900764782,13406600
5.164628118094242,15886200
5.106380641090203,14751100
5.193751413368181,10832700
5.0869644082008305,13497200
5.067547994648323,12102600
5.154920357632758,12658900
5.242291079397944,17125400
5.339371225818678,10514100
5.193751570454071,14085700
5.145211997049853,11568800
5.077256278129895,18319100
5.184044036666873,12993400
5.009301442847179,13302100
5.174336235211164,13724500
5.14521215316719,10369800
5.213167605180607,14350700
5.329662740884864,8980700
5.096672232455598,9252400
5.2714152336120605,11335600
5.3005387014799155,10155000
5.41703462600708,6213400
5.4946972941006385,14726800
5.640317356900663,18060700
5.708223102888082,13340300
5.649677050103906,13453700
5.74725402063293,13306500
5.669192210419191,23894100
5.649677276611328,14287600
5.7179807402497085,19763800
5.747253651620789,11763300
5.552100429806713,14437600
5.5228283391969795,13880800
5.591131682357238,12081500
5.474039822396255,19070600
5.942407482365023,21832300
5.932649018413918,24537100
5.883861654949608,12574200
5.8936183583223,14504600
6.0107103590773505,13817900
5.961922645568848,12418600
6.079013934051283,12752700
6.049740551036267,5822600
6.049741030060098,9409200
6.0594991417410995,10323800
5.883861304034176,9875200
5.893618576824574,14129900
5.620405186476231,17053700
5.5716163007134,11605900
5.620403629238093,11210000
5.4935553097580465,9353700
5.522828341892384,10765100
5.464281924864439,8862200
5.483797199174351,11902300
5.659434919530803,12302200
5.6399198589344826,13083800
5.386221283891897,15419500
5.347190857868291,9702700
5.337432021926679,13353500
5.220341328481276,9783400
5.356947789836532,13052600
5.54234337272793,17627400
5.386220934522791,11443600
5.435009112931819,6699400
5.454524628603496,9996800
5.4740403853554325,10927800
5.425251366283304,11543700
5.425250924709357,11260800
5.454524867087788,11843700
5.278886203245016,10810900
5.298402309417725,8164000
5.3081601800555385,7069600
5.200825577134645,8444100
5.171552875141313,12486600
5.044703958571868,10543500
4.937368614465521,15460800
4.83003473671649,12394500
4.986157181658992,17859400
4.956884747565486,12788100
4.976400023529094,10355200
4.9276112108180605,9758000
4.8202785210060775,11383400
4.820277691874244,9920300
4.7910038307619915,10407500
4.8202776888651355,11399400
4.7129429573833495,8339500
4.751973519238268,9296500
4.830034867051251,21111900
5.044703033303917,22665500
5.328168426842476,33652000
5.161356930995584,23944800
5.3085428717179814,13805900
5.3576051533882545,16081500
5.259481133920439,21638300
5.347793518643815,15917500
5.3968549458034065,16400800
5.524417400360107,13026500
5.51460526165154,23422600
5.544042720800125,8646600
5.485167963148934,10617700
5.377230640720632,16493300
5.808979615797349,17849400
5.563667497745726,10254800
5.593105183377642,9126100
5.651979558968287,11922600
5.6127289261351185,10470700
5.838416213333024,18015700
6.152415664706437,16750600
6.073916104516461,15819500
6.122978631513067,15108900
6.250539488916033,15564200
6.172040082007184,24138300
6.329039362982005,21104600
6.427164256489139,20188100
6.1426036149165935,17115200
6.3290395157902015,12559100
6.427165076397924,27387200
6.3290404573711845,20157400
6.181852951177396,19376400
6.211289705016332,17453800
6.368289279280142,16421000
6.368289525334415,26451700
6.3682887155960595,22423400
6.260352246362742,17391900
6.417351127781446,12271200
6.456602252796508,23963000
6.682287667828148,14737100
6.643038765433137,13531000
6.495852038610533,17335400
6.4467897265593335,19706200
6.319227312071183,12149300
6.486039840763612,11671500
6.623413562774658,12141700
6.584164016166477,11084700
6.672477058708548,27152300
7.045349213553517,18637300
7.477098055343855,20354300
7.418223322769665,13274700
7.496722540382773,13092000
7.72240992660362,10566300
7.692972183227539,11052400
7.791097039103306,12041500
7.869596509662473,12334900
7.928472534555577,15763400
7.918658221696712,26102400
7.751847468414955,22279600
7.800908329473152,11942800
8.016784332988522,15690100
7.889221651228924,11148200
7.8697829093716365,12957400
8.047073288593223,15250900
8.056922976341879,13208500
7.820533956061823,21293400
7.6333928179611235,14291800
7.7121894865481115,14936400
7.525048303228176,18006000
7.308357691606206,15971600
7.35760527926459,12045900
7.574295357020958,16421700
7.347756719075905,14480600
7.387154167569719,13229500
7.259110962788801,13759700
7.268960005826238,14884700
7.456101165916225,20799300
7.525047741819481,35649000
7.5841454382055975,11187600
7.475800328111002,11970200
7.426552209178288,15944800
7.830383739420942,20617200
8.234214709907167,22908700
8.214515971911423,11928300
8.135719323181341,20811500
8.047072647000885,8111200
8.263764522091732,15463100
8.234214713402443,18831600
8.480452984648444,15064900
8.529700588832213,18893800
8.992629860209357,17688100
8.894134370743283,14991400
9.071425504630307,16374700
9.012328223817526,18561800
9.160071130694849,20503100
8.97293055245697,20109900
8.519850815389706,14197800
8.657745574775817,13719900
8.795638740144732,11232300
8.953232348533893,15280700
8.441055008171322,28989000
8.53954922310277,11375000
8.559249301955429,12006900
8.687293863430861,13976300
8.766089746067566,20084000
8.844884967495124,20329100
9.150223282434307,29601300
7.928878736072938,16800300
8.273612622128956,13993800
8.559250580626305,18294100
8.135720318529362,13124000
8.411507015343767,12426900
8.441054308175326,15606200
8.736541959595145,10673700
8.795639398009776,9981300
8.894134308036683,11994100
8.963081719260673,11881800
9.002479469653208,13587200
9.288114238088331,20505200
9.23886739147863,18705900
8.992056565241414,18307800
9.051344505049881,13168000
9.130394090776614,10635300
8.82407355866269,13530000
8.675850282895723,12885900
8.715376169044927,10939500
8.863598506610893,10957300
8.80431002002516,19849200
8.468342781066895,11695000
8.646207525686927,10844400
8.557276194274966,10416100
8.320122546417178,7486500
8.458462279721603,18593600
8.903124172565144,12104800
9.19956580827417,17283000
9.8517360984058,16708300
9.555295713435331,24617100
9.328023055294985,16673000
9.318142521214655,21775400
9.268734428000151,17397100
9.347786724301848,77555400
9.466362135289724,14025700
9.575056362728038,13876900
9.634346595999464,12856700
9.594820438928608,13478300
9.644227551879593,11865500
9.229208716199999,11961200
9.33790591993685,11893400
9.407074493769034,11114100
9.515771099748115,11900800
9.357668010818944,13035300
9.298378895208419,8686500
9.120513577094895,9503500
9.27861703871512,12029800
9.377430642129841,13995300
9.812210838084045,9423000
9.693633940026036,6517000
9.752921391743541,10676400
9.97031183018889,12015600
10.009837873814696,13320200
10.128413936193343,14953800
10.642247411275315,14633200
10.494026231323312,13544100
10.385332677833807,16025800
10.652127128929733,22957000
10.553315430245254,13696000
10.355686641264214,10435900
10.375449775543387,14660000
10.573077793698266,18071400
10.187703332031147,18536900
10.04936384176434,13884700
9.891261550809906,12798000
9.940667956252133,15936000
9.229210299343906,28837900
10.019720060691718,22422900
10.385331607944359,20689000
9.851735186194352,27143100
9.23909065898337,20533900
9.476244512524953,17545000
9.13039562787893,17740800
9.32802369589705,15117200
9.486124738423081,19916600
9.762804575516293,23088500
9.812210586641266,14614600
9.990074975476453,14046800
10.039482397869053,15614400
9.683753379903001,24282400
9.683752883701363,14871700
9.930996799081392,13257500
9.792238791684811,11778100
9.60392834513746,13857700
9.574193641155285,16329500
9.782327642576986,15057200
9.831885065957175,12585400
9.75259468529951,13222900
9.95081835510838,17582000
9.95081764899047,16901600
10.02019538782604,12506700
10.307621092742576,17068000
9.851706130044908,15684300
9.70303972376548,20872600
9.46517207663424,18130000
9.484993367693125,19841500
8.99934564279599,17242900
9.088546870816916,25658400
9.098457449574331,18926000
9.286769724012077,10183400
9.366059320235975,6788500
9.118279984890695,10647500
9.118279053868854,12839800
9.09845759699296,10979900
9.296680531469631,20390900
9.762506490909528,18003300
9.703039734742996,20271400
9.81206226348877,19842700
9.84179623380379,28754600
10.545490451702362,28591100
10.129220732630381,18296500
10.03010821497713,19645500
10.704069175658802,20197000
10.624778838810256,24888600
10.069751862930348,21221300
10.386909735729608,15187700
10.644600482545078,15548400
10.466199197182549,22262200
10.604956491037823,18417800
10.46620067295046,25994200
10.545490467024138,23818700
10.823001691802645,23639000
11.298737783782407,24737100
11.437493619792521,20411700
11.239271682304599,21599900
11.526694038103392,22673800
11.45731782478844,24447300
11.70509663129969,23162700
11.903320338361985,17239200
12.071809911300386,24918100
11.824029774005293,22566400
11.744741645053747,21886400
11.80420774910259,36544900
11.308649092276159,22321300
11.437495709725134,35350500
11.179804654284133,20814500
11.259091912180843,22082700
11.348293516387374,25148500
10.951847076416016,24560500
10.813089795000577,18726200
10.624778809945498,27479000
10.813091212833372,21712600
10.337353812711436,20076200
10.872558366422302,22333300
10.8923797397872,31796700
11.110641800171127,31981400
11.259710324802187,19252100
11.140454945706683,18573000
10.961571270629499,26033000
10.693246044741972,24378900
11.06095027923584,17680200
11.180206095719123,22010000
11.508159884635093,20936700
11.627414399475118,20205200
12.22369244981039,19166800
12.005056980873045,16725100
11.935491211059293,16261400
12.08456039428711,15992100
12.134250589419397,15542600
12.303196510547842,14340200
12.333009622660771,9145100
12.283319277831461,15509000
12.54170638302848,19967700
12.501954229035864,17999900
12.571520560329617,16142600
12.591396288375549,15754900
12.183940187611961,23303200
12.104436823718837,36497200
11.23983342529079,29733000
12.382700355565195,23145000
12.323071711933933,24880000
13.048542920926058,24166800
14.211285034890867,24183500
14.121842880012364,18978000
14.410043512286906,15643800
15.145452400145683,24704600
14.807562335453435,19611500
15.105701058081811,20028500
14.966568207138225,21338500
13.80382862505893,36313200
14.449795420727721,18923600
14.15165551045237,15376100
14.410043216675131,20361000
14.499485969543457,13903100
14.380229503863253,20389400
14.280850570468298,22627500
14.320601664311939,15361200
14.429921099494571,23304800
14.757872427379125,28157700
14.77774799906607,31098500
15.403839252484655,22546900
14.87712715059659,19492100
14.201347295083734,28179300
13.674633979797363,20597800
13.366558272664468,21960600
13.53550308367895,19122700
13.356618347749496,17521500
13.813764878063433,13837800
13.873393218455329,28476900
14.449796220390283,25154600
14.479609037984064,19316700
14.747933683329327,16997600
14.270912913355117,25206100
14.519361437900473,20815000
14.748036431989233,22106100
14.558829635193757,18073900
15.046779942539322,25900300
15.43514799771413,29441000
15.53473059022266,17337500
15.66418596280536,23437400
15.395315869132537,22397400
15.026864172916138,20403000
15.066696248155468,18802700
14.867534409629307,22890900
15.405274609400752,23118000
15.733893515515147,21363800
15.624352842817585,24812800
15.544687271118164,23478000
15.514813201727602,22056800
15.26585967992899,23091600
15.39531605376928,15779000
15.226028198869445,21314000
15.196153981647893,12158600
15.435148734080109,21825800
15.235985272341157,27250100
14.85757442519879,19774800
15.80360065081962,13928400
15.504855155944824,14852800
15.445107000064286,12115000
15.584521164372884,13859500
16.00276302181652,23843900
15.13640352655446,13577600
15.33556630036245,11817100
15.375399203257345,14546500
15.435148097851021,12530800
15.56460457923734,14545500
15.40527519592899,14030500
15.255900953541957,13430000
15.50485522221762,14168100
15.544688252899752,16020700
15.972890266981565,22147300
16.23179975494194,19178600
15.903182664431357,14793700
15.624351435681188,28109400
15.893223951914102,17960500
15.6641859223706,18451500
15.813559442956366,27412300
15.843433234733993,22573300
16.301509900394052,19015900
16.351298612388568,15097500
16.928872280111374,28254000
18.123853159703813,23023000
18.850797697548245,18363300
18.870713817729705,17505800
18.472386222613647,18220300
19.08979221641558,20335200
19.348704168838196,20957400
18.93046334612126,16678300
18.87071338683932,18026600
19.348705897144914,16600400
19.189374214159365,16389500
18.810964176728213,18240800
19.04006387581618,15918100
19.249516324666434,12862600
19.608574453823316,14901600
19.758182486260253,14002500
20.067370277555437,12186500
20.1671085357666,11746300
20.13718741970242,18169200
21.284178868807924,32164500
21.613316936182404,21288600
21.523551123081194,16623800
21.79284585642394,17605700
22.441145216783752,18362400
22.64062199895024,15300000
22.49101231802989,15285700
22.750334044658675,12476500
23.368712015768132,11887700
23.189183644133028,13960600
23.249025904248512,11727500
22.361354551841835,13246800
22.231694900897207,14341100
22.44114623615315,29879300
23.937220441172975,24979000
24.44588824634685,19494900
24.485781533901907,21431400
23.36871336684367,24998400
23.647978918337287,22886100
24.615443929626498,26277000
24.007037573263126,30197900
24.91465678352659,24801300
25.672669558229902,28661100
24.94458089544975,12610000
25.303637639190242,16149900
25.40337563254066,11735500
25.842226338646128,14335100
25.20389995139384,15609100
24.366096221998912,14188300
25.014396118718967,9762200
24.874764808291445,12297200
25.722540409608097,12377800
27.26848438748199,14199000
26.82963451273066,21574100
25.76243427815962,9300700
23.867404108525285,22199600
22.092059560146108,12988900
23.897325792642732,7685700
23.35873821920209,8850300
22.919888910518043,16424800
22.181824285057733,9630700
23.468452478202774,10062600
23.03957716029459,8936300
23.737745332376903,8585800
23.159261425530815,6627900
22.65059443940486,8898900
23.189183352071364,15135500
24.425940701203054,9905000
23.83748191305332,8558200
25.12411088162375,10221400
25.48316519471202,9110200
25.44327189971622,9667500
26.05167661887724,9764700
24.14667282836784,12943500
25.193926141326855,7929600
25.134083606058056,8905800
25.792357593983017,7578400
25.702591484231082,8911000
24.007037839624424,7544900
24.445888954721383,9263400
25.77240915616093,8218800
26.52044623334157,7398900
27.83699470645167,5580900
28.415476394178004,11792500
28.046443917667755,10152000
27.5677005523795,5531500
26.899451125436546,6101900
27.537779685210978,7122800
27.228588103772882,8001900
26.530420571291803,7914000
26.829636955310516,9661100
27.24853676653083,8805200
29.093697981037234,11152900
28.395528531247916,7216700
28.146182481389165,9041400
28.146183030776236,7721800
27.677412300293135,8282700
27.856941488924395,13893400
29.37296649566974,7476100
29.51259995185563,5496900
29.353018904773325,2718200
29.602364404506506,4464200
28.21600014343179,9125700
28.75458772860806,6214300
28.325711939063194,4342700
28.505239474094846,7585500
28.624927520919858,7930900
29.392913232406674,7306500
29.62231252362615,8246000
29.811815463700494,7415000
31.10841478289954,6962600
32.07587383216544,11360300
33.302659170422345,8420200
33.91106083416392,9075200
32.953575131882516,7067600
33.163025440268314,8653500
34.85858142441522,16165000
37.421853608864886,18764400
35.30740088946394,10355200
36.82342365897193,7964600
38.000336784453324,16189900
38.000336784453324,11093300
38.31949997847655,13973400
38.528953575465145,23842400
33.46223998151043,24973500
30.869043320849674,13697100
33.46224049976214,17830800
33.98088302475902,17437600
31.85645240155712,14526300
32.12574277273524,11889500
32.56459694924272,8984100
33.82129779211089,7013000
35.14781949412459,9851400
34.21028044919695,14596100
32.953577229363866,11158900
33.0233901126318,11718500
33.93101227517345,12793100
33.86119516372813,15142000
33.542032516444635,18573900
34.06067377936389,16294400
34.40975829355459,9676400
36.304787230956556,7956500
35.51685170884795,8812500
36.92316218971956,10839100
37.51162232994557,13079700
34.87852751866324,14095500
34.449650338311415,7202000
33.133105703973655,13033200
31.85645212110413,10574000
31.377707840365858,12518800
32.923649375017874,10981100
32.16498272039699,8346000
32.824057632793455,10200900
32.04515119167687,12235400
30.227694600955306,9862400
31.33614265190021,7793200
29.86819756397239,11773200
26.462963351986442,18704600
27.421621089511696,14913900
26.502907946808985,17645800
27.231888348336174,12335200
29.36889692953974,10053400
28.060728311086457,8195800
27.65130115196513,10070800
29.358909207871747,10731800
29.279020917941192,11420200
31.59577836966135,10930900
30.08788909503099,9958900
31.40604601384024,5733000
31.336141328054165,6942000
33.702832029392425,11862700
33.183556026705645,6148400
33.24347630673975,6602100
33.433207087388105,6916200
33.89256532778882,7300100
33.842635408053404,8502700
33.61295676294415,6071900
34.34193612569912,7961300
34.52168513620059,6718000
34.262049312809545,10607700
32.694244552358235,6711000
32.12503693189404,12065600
32.324759951151286,5507400
32.35472009308533,5204400
31.226296283642654,9637100
30.11784777585898,9706500
31.44598975634388,8987800
29.928112490769415,8193500
29.13921833668762,7014100
29.508698946039683,5768700
30.327555516780997,7770400
31.52587766155562,12950000
30.717009665730668,5563000
31.505904230097816,9992300
31.17636623409574,8435600
31.44598921996361,5169900