12.142726064161964,947900
11.579561893101992,1383000
11.57956139586858,781600
11.378980581208388,797800
11.402123239710166,909600
11.294119403539442,499500
11.602702667324609,640000
12.027009335416519,823300
11.687565137307562,701600
11.49470159024587,1249500
11.309548599810304,688600
11.8032840337142,633300
11.270976345371935,739600
11.648990948527729,1155400
11.94214225428565,849600
11.818712315699132,708200
11.787856101989746,584500
11.764710910446484,530800
11.83414160584857,584600
11.417551396986783,368800
11.679850184970855,747100
11.540987891916602,419300
11.494701021274643,677300
11.540988235914241,516000
11.340410526641335,644300
11.263262916452167,506300
11.124401897731232,633200
11.56413281731276,1175100
12.289300133914862,1015000
12.574733828559065,680000
12.420443491578379,884200
12.34330522439565,770900
12.590165872568218,598900
12.736747935837805,919400
12.999039079557338,1390100
13.42334165788461,732700
13.423342396251712,1028500
12.952753836174496,582000
13.269051689379978,678800
13.099326140347857,788800
12.636455456743585,772400
12.52845212187774,1228700
12.536168138962884,1409100
13.130191721531792,659500
13.315337135349983,1024100
13.562208108924787,1017500
13.577629745093818,702800
13.307622310263014,505600
12.975897967253855,497900
13.114759808935577,422400
13.04532513633148,443000
12.883322779556119,502100
12.813892214913384,526200
12.443588510735108,779500
12.559308821548905,882000
11.98071505035102,883500
11.857284030922616,743900
11.648993770789447,664900
11.679851323370116,826500
11.571844208929294,1050700
12.258445244734324,725100
12.189010574758212,596700
11.957571858524982,882000
12.057862059003865,529200
12.0732912095085,661500
12.158151201097574,525800
12.104150641693499,741200
12.096436258297288,671400
11.942143894680399,853300
11.718418830683985,884500
11.510131831888238,1293700
11.10125759109741,842000
11.147548099363682,642200
11.340408343967534,843600
11.702991971347588,754900
11.749283139574842,466900
11.780139986960277,494700
11.726135454033066,866500
11.849571009502474,558600
11.471557247597922,1380700
10.630670660951983,927700
10.700098295173342,791100
10.622953476207732,785600
10.49180739611899,766200
10.885247640207819,520200
11.047254630779241,417100
10.777246741461818,446100
10.754102174761844,563300
10.869822874715844,606000
10.746388501858195,604000
10.530376923445,1319300
9.982645784861486,1010300
9.650923571121611,864600
9.612348644289716,746400
9.88235432804919,932000
10.021220019618418,634500
9.766637420377972,661600
9.712638447845066,503100
10.206368635534586,410700
10.244942285117975,510700
10.098367313114855,427400
10.144651945736634,848900
10.53037939489233,1544300
11.13211973584257,1529500
11.810999374199442,1270900
11.4715535433012,476200
11.556418525171859,445600
11.22469049438308,537000
11.108972267964864,744600
11.024111578109913,608400
11.062685813363107,753900
11.564130012795488,669100
11.494696118733097,387300
11.394411167734457,436900
11.67984554202451,1159200
11.972999299502334,561600
11.9190012574624,606200
11.463844298622284,709200
11.571844752536183,258700
11.5949883546628,519400
11.471557526045993,541800
11.425269461645682,333400
11.25555029516927,457900
11.0935455003222,544000
11.687564634072054,440300
11.386691851272806,494500
11.24783718848911,829700
11.031826895387894,610200
11.186118094668206,655500
10.97782226449502,558700
11.13982784538818,880600
11.764712611051102,550300
11.571848482652298,495900
11.610419917334266,707400
11.224691685766471,516100
11.216974726555682,419600
11.27097798921607,331500
11.425270094095882,576500
11.826426063816365,867500
11.973008773388502,495200
12.011577696595287,380500
11.857280971873843,421900
11.780140392654102,428800
11.749279951448356,605900
12.173578590058883,1276900
12.351011253269995,542600
12.32015692868127,569700
12.35873210354643,982600
12.883325767469922,634100
12.474446682141293,811700
12.219871893959422,899600
12.142726232319065,505600
12.42044756401625,708300
12.705886684981518,805000
12.960464264118977,601900
12.736745222004261,717900
12.682743445050123,703200
12.543877857128617,1019100
12.235299032939183,557700
12.081009765591313,548100
12.389588813965844,604300
12.150437539826223,577500
12.1890130775224,1096800
11.91900513916096,969800
11.818711579515432,607900
11.903575527329886,540800
11.602708029213451,669700
11.726136742940856,625400
12.196727221000582,831500
12.690457857928582,368800
12.644169499045363,292700
12.536160524443346,302400
12.420449245477233,506200
12.736751154792794,596800
12.73674996305943,395400
12.97589736450899,444800
12.75989054392445,602300
13.191908423064762,835500
13.39247772098389,1251700
13.924790045563256,1531800
13.361628113598483,820600
13.10704197036285,778100
13.43877279593938,1049900
13.153330152648868,598100
12.852461750147388,1803800
13.739637550676274,773600
13.531346136680611,699800
13.886220141223623,1101000
14.094508347376433,671100
13.569916016200578,663600
13.778210294700875,607500
13.44648513989224,762800
13.091617307082688,939700
13.269047460846235,1184200
13.847640746494735,790600
13.832209682925791,1129500
13.546774623072587,1173300
12.975894868520136,1169800
12.651885892124715,737100
13.207332739668836,497400
13.029898405790277,584100
12.304728039842042,945500
12.33558278128013,1048700
12.065575193272727,672900
12.21986888927526,490600
12.613311017230204,801700
12.883321447137234,619200
12.62102660640358,701300
12.135011490048516,396500
12.412733051161219,587600
12.111862065939683,431300
12.644167180022139,535200
12.798461674572282,627000
12.783032985142908,660400
12.47445348850868,803000
12.196724626928694,691600
12.420442679539425,803400
12.97589359543232,639200
12.929611604442247,374100
13.168758019246248,438100
12.991323257964389,449800
13.076185905116734,1080500
14.025082314326957,898800
13.870787808759905,955800
14.379948816688017,1707100
15.020246668871303,1169900
14.595954765967887,820600
14.765672858771806,379300
15.004822757248942,1566400
15.166828043318711,1026200
14.89682057363412,1105900
14.742534548628806,1290000
15.30569341625087,1218600
15.205406203122692,1102500
14.881393707348177,1974500
15.621990806111127,1568400
15.753143032745891,1077400
15.591133954554666,1411100
15.506271750076356,2917800
14.565095134550367,1952300
14.31051438295664,1673800
14.233368224148508,1437400
14.233371218867225,750600
14.295083745726476,1008200
13.901644650188683,1338300
13.554488561667927,1154300
14.117648210657546,1770800
14.565091636963746,821000
14.503383970351711,728200
14.642243504123629,672600
14.781103536802831,567100
14.74253384211713,517600
14.788817958793066,1566900
15.2594081723961,945300
14.904541520880697,895500
15.08196990186921,1348600
15.367410208399312,1491200
15.236260394953618,1106500
15.151407368256029,692500
15.081973663383163,725000
15.089689621764927,1558200
15.313410971097019,1427400
15.15140414534447,1376300
14.958543488119973,969400
15.413696074672258,1379300
14.850537104974514,1098200
14.518808736274162,1693000
14.997108328874495,2606600
15.76856444387685,3573300
17.12633080926977,3341200
17.218901081105194,1542100
18.50724146541269,5755900
18.630671779076994,2439600
18.769534127858602,3400100
19.286409542108547,2008500
18.707815129447795,1474900
18.707816161800565,2406400
17.604626632789067,1919600
18.206367996185662,1340100
17.69720974635783,1553300
17.002896056106128,1818100
16.694315602490096,1504600
17.041468956009087,1401400
16.663457424279112,1470600
17.51206556708881,1285200
17.936364097283352,1892700
18.129222712791805,1408000
18.190941939370393,1053500
18.19865295220301,999200
17.697209943149215,1032300
17.53520171516183,1129500
17.226623183132144,1006900
17.535199060762487,2840300
19.108978065405612,2347900
19.355840496708666,2382700
18.576666880402126,1494400
17.751209793840154,2353300
17.450342641734736,1344100
16.833174827943775,1337900
17.92863782560062,874300
17.604635640661424,788300
18.476379120203724,1842100
18.29122782648913,1162200
18.383806820860503,839800
18.214082556062774,700300
18.31437873840332,2730700
18.399238685374243,1381600
18.445523326477055,1617500
19.247840221982198,2609100
20.073297487342483,3423900
20.4358781009579,1892300
19.95758262628357,2042300
20.968187285358194,3067500
20.173585930450205,2308800
20.042438254643347,1900200
19.324983302112695,1614300
19.903576121791122,1500700
19.88042829918806,2852700
19.22468860987313,2056000
19.471553962996623,2448400
18.730966161737708,2162100
18.707817929688996,5010500
19.170686014000932,1688800
19.826429673014815,2158300
20.003855727792445,1872100
20.15044677374058,2609600
20.02701229071109,5739600
18.885250528581086,2508100
18.823535651467807,2131200
18.78495915421302,2100400
18.576664018874325,1416900
18.32208465440954,3562800
18.507237104988164,2100500
19.47155386397956,1539600
18.8389670224271,5633500
18.607526676765225,4135900
17.34233580813975,2275700
17.481201578873026,2052500
16.79459587221903,1822100
17.02603454630584,2079300
17.404054082542302,2515700
17.67405989344796,2263200
16.763747814372447,2436600
15.390555590019968,3789100
15.85343276650827,2661400
15.228553357049265,2528800
15.043400508000621,2139400
14.51109323983015,3276500
14.372231709516637,1956700
14.865966532258408,1857700
14.086792828671847,2121700
14.156226149148543,1376500
14.6345269963868,910300
14.73481512540705,1733300
14.541950789766625,2197600
14.310515020965939,2044700
14.858253898415773,1329400
14.850526891259383,2532400
14.541953139534996,2008200
13.901640137035471,1889900
13.554491901885273,3776200
13.716498464500111,2102800
13.48505459117576,1457000
12.227582979521918,3141900
12.243010447368489,2005400
12.790745623928087,2088900
12.813891505452162,1431200
12.806176102732794,958600
12.497596515129146,1288400
12.736744601945794,1377000
13.137898959975763,1055800
12.721312293453263,1184600
13.137900801974169,915500
13.26905364782075,928500
12.883320423628872,717300
13.099328126388205,1291800
13.770496563294873,1516100
14.148508761903589,782200
14.28737195500526,1130900
14.117653491696606,743100
14.125366200578684,685000
13.824499492218632,650600
13.816786757353944,1125600
14.171650866724917,1469800
14.295087032021781,1159300
13.97107396587671,885400
13.654777882645583,809900
13.392484218518984,1058400
13.107042668378453,1380100
13.315338647724937,1039000
12.775319706811052,1228400
12.551591920736062,1206000
12.96046703341099,1324100
13.392485624811576,895200
14.148504007458147,1722600
13.901644459971866,1090300
14.333662948033536,1006800
14.580526879121653,1317500
15.081971883143614,2760500
15.915141726594758,1995700
15.79170877060635,1593400
15.814848473710244,1396900
16.208300984832952,1303400
16.293156911115588,1400500
16.478300977027793,1096900
16.324015066873663,969300
16.154294236722727,646000
15.737720332313279,793500
16.246880596247582,743500
16.28544234684531,748000
15.98457850889798,1524900
15.899715347834269,1506600
16.362587655527413,859400
17.087756577093643,978500
16.817753290593718,925900
16.50145684456702,371700
16.640312656555704,512900
16.177440518684374,842100
16.833173396300868,893000
16.65574127669938,2041300
17.512059180865084,1301200
17.974928875513,1787600
17.743500226747173,1469200
17.620061913099647,1351800
17.16490562927768,1593700
16.162010330118402,2273700
15.645137409144947,1633100
15.876572593269145,913900
16.007723650955782,1514000
14.927684759154523,1567900
14.989399062996718,969800
15.043403396883303,1991700
14.395375539885464,1106400
14.23336940888599,1019100
14.642245098487995,1372400
14.511100053197652,1695800
14.31051698530995,926100
14.950828845775916,1615200
15.27484067822672,780800
15.035687003819842,647000
15.344265643448932,649300
14.69624242560254,1241200
13.963358177255504,2064100
14.356806337103386,1241000
14.46479892005784,1245200
14.811962400759867,893600
14.125365934516639,905900
14.48795202815858,777900
14.403085291748658,837100
15.197697713582018,839300
15.267122873240925,1575300
15.043399810791016,821400
15.112832553248236,1154600
15.297977785246102,1341100
15.753139564096355,1112500
15.390558606956532,1144000
15.837999850095347,1608700
16.385737589192267,1258000
16.995181751016553,1068700
16.825462258091335,720400
16.825461530688646,782800
16.678890400098183,979100
17.311484679967787,1767200
17.24205239306636,1088500
17.041470412317114,1020700
17.373196750036524,732200
17.134044196162712,915400
17.087762186075025,1035700
17.67406683764225,2248600
17.82836013421977,1032900
17.396338448159455,1086900
17.74349342152114,927500
17.357768934915182,1481300
18.03664831082068,1244700
17.002902966659132,1090200
17.558352381865987,1003600
17.35777637819709,1067700
18.0906496736238,939900
18.5149564875183,804600
18.73867832893923,1313400
18.653809098544063,1880800
18.754107751175116,1511800
19.40212824865503,2058600
20.073299713939438,1166700
19.6181277005583,955700
20.111872298378692,1169700
19.355844371689408,1133700
19.301840786908866,1606000
19.741573942738437,1273500
19.40984207585093,693400
19.62584566409033,880200
19.61813516557315,770800
19.67985043526066,884100
19.9807237462842,2067300
18.977834508446012,1569200
18.838965792819774,927700
19.42527493776257,956300
19.132121218455815,1258900
18.638386590032074,557500
18.98554792813538,383700
19.070399505240825,357400
19.294122779818622,389400
19.270972069564817,485100
19.286402024692904,1111300
18.87753490346825,1213200
18.05208355205864,1690100
18.468672808990558,1309900
18.44552363450904,1725000
17.90550932199089,1494200
18.167798754979625,1173600
18.453236364462875,1224400
19.348124402770335,1239500
19.124399621279878,1196200
19.726139885997625,1320500
19.40213306992256,748100
19.440697380498325,893200
19.83414417117986,1475100
20.713600838247043,1623200
21.600770152698864,1794400
21.16105362205739,1342000
21.500493903018643,1544700
21.469632938477414,788900
21.508202262477838,1479100
22.14080329866136,1061900
21.80135418757555,1488900
22.079080618256977,1024800
22.680821994094213,1102000
22.025075500438653,965800
21.92478760854315,901600
22.21022640194551,1358100
21.307625351047623,1272600
21.60077735807073,819100
21.863070232694735,910400
21.97879323839986,577700
21.809063959019127,642800
21.600781763455334,900600
21.9016504685925,1603100
22.796532771057873,1293400
23.22083689438276,3171800
24.370301395758766,1594200
23.838002962304984,2526400
22.42623826726722,2016000
22.85824900273679,2475300
21.245912388195517,2685100
20.181299540824227,2175500
20.906468416483765,1251900
21.492772900158688,1432600
21.863066717792723,907700
21.585349131419324,893200
21.323051964356566,957700
21.65478190803303,1175100
20.189016352084774,1609500
20.829318763445595,817900
21.153335807257463,1178500
21.793639212420985,1439000
22.426236112385222,1359900
22.194804568753632,1246000
23.035687116353248,1401200
22.642242431640625,941600
23.004827367963188,1277700
23.051123126210392,836300
22.881395595814915,1040000
22.796532563043883,723900
22.989401540462246,486400
22.742535522253764,951200
23.081977360196987,1069100
23.344269075911118,1520600
24.10029713601034,853900
24.06943620281669,829100
23.76856577244108,818300
23.915149365742224,1315800
23.29026516395887,936000
24.030870454133588,1362400
24.60946375546001,1458300
24.894903271036817,1199900
24.300878176584405,963800
23.814861881804305,1462100
23.753136311350797,1183200
23.537132948815877,777800
23.72228555524097,977900
22.981686474021366,932600
22.989398525427127,1030700
22.773389447570736,1239700
22.48023969707887,2003200
20.513024222438432,2633500
21.060764627650396,1373900
22.217943371013185,958900
22.202515543698013,1004900
22.017364418083883,721400
22.117659287736952,751100
21.724210568908454,1004400
21.60077821494334,831600
21.415627580847666,837200
21.392486435279963,985600
20.921895251460235,703700
20.921891369758683,797900
20.47445099484251,927500
20.528454360973537,1104700
20.435880336556636,905400
21.307617207239364,1013300
21.222768783569336,1144200
21.014474261987175,962100
20.38959161292831,745700
20.713597849465188,615000
20.41274289461633,493600
21.21505743174254,1089900
22.109936492859866,1342600
22.310514947217943,1405100
22.64995910375628,776600
22.140796754857384,1370900
21.67021508267961,1376300
20.52845840046794,1210000
20.729044005626196,975500
20.489886887970535,964700
20.312443633144394,686700
20.644175421372292,817700
21.01446914567114,947100
21.6007833607319,1013000
21.446489876570347,780600
21.76277522255497,786900
21.068476385302326,746700
21.215049258371643,754800
20.837036387770702,716700
20.613315476785854,1831000
19.37127369074815,1252300
19.865006530933176,750200
20.050151305157918,684700
20.667322134249844,775400
20.6518878162428,479800
20.690463562844986,1128500
20.73675106959473,1142400
21.739637595699183,1263500
22.302803500600604,952900
21.932503732970904,675600
21.8553616903258,1190800
22.60367337326581,758900
22.619097154844436,1280400
22.51880796672106,733000
22.410806558125984,1437600
23.76856257364761,1233800
23.58342694619848,1031900
23.876582266105814,695900
23.915147565815246,912000
22.865971471275014,1218300
21.785927532192474,1854000
20.759890308637164,1172400
20.559310327456686,977600
21.4464902265494,1963700
21.16104694715788,1255800
21.207333216971506,758600
21.647068990977555,1270100
22.295092750466385,1229100
21.44649292831386,970600
22.3182373046875,1113200
21.778218305162508,1440400
21.299911351075316,1175700
21.315336833599517,528400
21.02218321899332,1019400
20.366447652446702,1803100
18.437814774285833,4704100
18.059785540870095,3200600
16.840895111665436,1434300
17.118620659058962,1055800
17.357767033598112,1770600
19.1166931030798,1615800
18.414659626609176,905500
18.970115173116373,534800
18.42237648040554,847100
18.206362872924995,539900
18.360663569791594,648000
19.155262588325133,562500
19.247835000521377,810400
19.463840883368473,785600
19.864998928255194,1647400
20.482157867109656,1338300
20.127300421020756,1410200
19.6721410738473,1313400
20.505311291447217,602400
20.366451920773116,445800
20.366445295972827,646400
20.44359738656748,556200
20.304730943373116,1049200
20.798467078697954,1015200
21.14562285220271,1480100
22.433948059270573,1142800
22.5651002944169,768000
21.616210182068155,558400
21.755064681755456,819400
21.59306396576294,620100
22.588247843275976,801900
22.19480210822105,836500
21.73192433888778,753900
21.56991680924972,496300
21.022190300764652,790300
21.60077964691184,772000
22.14850679850839,688600
21.79365062287317,771200
22.989399297504708,990000
23.645139320551408,1445200
23.15139970412597,660500
23.567992109623066,1227300
23.838004741416032,822100
23.60656475875193,802600
23.112835524969825,718500
23.59113812076111,857100
21.878503699795086,994900
22.67310561374744,858700
22.194800441809928,714100
22.680818988853435,906100
23.74542819749191,825100
24.23144076140064,1107800
24.493731012858735,696000
24.763749418573532,1203700
25.23433437365575,779100
25.234336802049906,927900
25.67406238882071,917900
26.854390251920414,2029700
29.09932191523947,2025400
28.675039348149312,1711600
27.178407796640084,1674600
25.959515741425093,1460700
25.002901140955387,1544100
27.432984208809042,1096500
26.383811404145764,1161200
25.75122060579328,1098600
25.75892470256695,1697400
25.22662816040701,1100700
25.797496344306,1670100
25.319202337432042,560600
26.970104899187906,1010300
25.110907625373727,1177600
24.740613987301376,1058100
25.218906116657084,840900
24.617173066186258,1474500
24.393458216549952,840700
25.450347073214417,847100
24.995187433019886,820000
24.509173281776082,1360500
25.766647800746778,996800
26.229523741704128,929100
26.35295010271138,1080200
26.46095383959504,789000
26.32208113375158,1920100
24.30859053226722,1212000
23.722280994512538,1390000
23.297981897055458,935400
23.65284992766125,599900
23.452272933240963,1159500
24.162012779432633,1363100
25.797504526657047,758600
26.036647352943742,1068100
27.448423580945278,984200
27.17840984099343,941900
27.031832566929015,592900
27.37898038242695,1751000
28.667304945545727,1467200
28.096437527780857,1167900
27.35584493143036,979400
27.687566054078857,1723600
28.24301637852063,1499900
27.965298906573555,1565600
29.307639591900383,1417300
29.5776348480871,2111700
30.017358851680907,1654000
28.003858894860443,1891000
27.39441205591983,1552500
27.193835727572598,1567100
25.52748913621413,2064800
26.622958976743387,2288100
27.826429450731087,1806700
28.574742758362625,1414300
27.155263532380747,1358800
28.13501677159884,872400
27.95757763245412,1645800
28.59788298766201,1556300
28.6981865011049,1341800
27.38670324736026,1257400
26.19094600077961,885700
26.237231502458386,1135400
25.650919731044237,1677100
25.843791475757644,1196700
26.854390565691855,1301000
27.934428976307775,1452200
26.63066784801958,940500
26.538093898123833,871000
26.190943634747313,732400
26.993255551848087,1257400
27.772426717686905,1529900
28.59789535033752,1752600
28.736753466967954,1170400
28.474452653999663,1447600
29.477361640709884,1890300
30.91997638578349,2759700
31.72999938977112,1815500
31.36741066605282,1737600
31.675996497959797,1652700
32.46289828617066,3239900
30.80425230357039,2414200
31.83029444710283,1668100
31.861143345800794,2066000
29.839935007580287,1338200
29.986515002658148,1284800
31.328844756712925,1237800
32.32401251600734,1783700
32.98747030254813,2044900
32.694321654651766,2077800
31.459998804688194,1760600
29.523627329812086,2431000
27.232417135250092,3719300
28.921897613018494,1307300
29.07617770570063,1480200
30.95854988341516,1433700
30.74252847761585,969900
30.040496135111557,945100
30.37223295321727,1232300
28.929622592448716,1924300
28.227583361353254,1405700
29.392492717353463,1099300
29.701068144840484,888600
29.932510970298082,1101500
29.67790980023377,658800
29.73964782446871,1090500
30.480237312256865,703800
30.025072213501875,824100
29.168760200035766,853300
29.878499227680507,647500
30.703964526495003,1236900
31.49856819960837,863800
30.680809121868954,1459200
29.62391958036355,1744500
29.199626534101515,630500
28.096439810733695,1644300
27.031832242969664,1676000
26.460959970437546,1048000
26.846689022069473,824300
25.681780431491752,1478800
24.995191014704552,1586800
25.3809231892928,1754100
25.303761418182667,772000
26.43781350583577,696500
26.275804683597514,831700
26.221802810214783,780400
26.607541338477546,887000
27.08583754289868,647000
26.53810154597655,735100
26.314382678773832,524900
26.646102982057982,710800
26.692389409804033,1073700
27.926721376080287,1050100
27.579570714865493,886100
27.37127102104881,983100
27.849576145561603,1543700
27.240127603983396,863400
27.024114290202935,817900
26.19094076832177,1312900
25.41949019026668,910500
25.72806063134258,1168500
25.45034905542393,816200
25.38091278076172,925500
25.072329050616027,618200
24.7251721649527,963000
24.054002264149677,925100
25.234337790869162,872800
25.188051524500374,1001900
24.62488899635592,1177900
23.614277494018634,707300
23.14368528218815,753500
22.927677023170812,500500
23.513987161292487,1003900
23.922858618521815,501600
24.054015630187077,620900
24.37803290251541,759300
24.17744310183624,863900
23.297982904605107,592600
23.899721069124354,595400
23.730005100671203,773300
24.617164352272933,1632300
25.60462973930386,1698300
27.363559533392213,798400
27.19383267574768,1088600
27.780145900420504,976400
26.275797826206485,707100
25.32691614368478,837200
25.350048777516758,771000
25.519782302015944,564600
25.666349121385533,758300
26.877547653043667,1182200
27.35584931726253,959800
28.46673870045378,1590000
26.746398840324016,1196800
25.728070383883004,1276500
25.51977362196745,932700
26.06751169080493,1160100
26.815825003839517,1476300
25.11090256745779,1207900
24.18515792263268,1093800
24.177438099553513,799100
24.007725565997102,863500
23.730002393220783,776500
23.143700775826627,1107500
24.68660013358219,902700
23.760852880565363,700900
23.10511813347396,999700
22.00194258941079,2059700
20.767605394189786,1398700
21.52363539894593,702100
20.466741816568764,830700
20.22758060817464,1576900
19.178407136952078,1231400
19.9807194676116,1713800
20.89103863332415,1559400
19.124411688769065,1898200
19.479268577642653,1360600
19.04725786694548,1244500
19.74928285926249,1210500
20.41273591104375,1042800
20.266159658458665,727800
20.651888269429612,579400
19.826423787711505,1127900
20.597878434477114,925800
20.875612155622207,1134600
21.21504405092721,370600
19.425272625927498,1312000
19.216974237946538,1722600
18.414660155034138,1157900
18.098367541299087,1475400
17.774354800455697,1475200
15.629701751413114,2897300
14.889113234151315,2318700
14.727099310270642,2166800
15.027965764892246,2748100
15.768574843946377,1637600
14.41851997066459,2317000
15.60655847704416,4016600
18.28352151577711,3405300
17.110905311097213,3404300
18.70780951225368,3212100
19.841855224803055,2291500
20.019295138303278,1211100
19.67213676963432,1769900
19.193837681556516,2038900
18.66153573492108,1891700
17.26519326120166,2180400
17.07233556225466,2573600
16.432018720107077,3032600
14.387660799723834,2617400
14.27194421881407,2937700
13.58534845428212,3496900
13.114756695523408,2656000
13.963360549825357,2689600
13.114754032448062,4325700
10.862101659243518,1627300
11.864996833703731,2293300
11.19382973183195,1992100
9.836067577570152,4009600
9.095470750235675,2206700
9.427195854219901,2081000
9.674067066306415,1695700
9.249761282135621,2138000
8.038575663076665,2388300
7.621987909647196,2496500
8.223726479763998,1754800
7.637418091077871,2084300
8.324015905586936,2402200
9.103185708046544,1946500
9.18032914968122,1071500
9.218903876555382,1116000
9.442625317972269,2267700
10.707814016368,1617300
10.60752928636916,1550000
9.596914906424947,948000
10.491804309256072,1500900
9.88235687581807,1331200
8.547737958523033,1436700
7.398268293262732,2320000
8.246866700020176,2002000
7.753135375300644,1055400
7.637418098815565,1038200
7.729991406361939,1426200
7.598843461728689,1147400
7.984573733906664,2320400
10.013500544295802,2112900
10.607526027239562,1280200
9.89007245081178,1233900
10.669242783668553,463200
10.283513760519174,1009100
9.48119894275749,1214900
9.126329668864297,1450400
8.64802590117249,972400
7.8997136821832505,972200
9.056896266468797,1104500
8.871750271971418,884500
9.257475396177007,1649600
10.460947376894955,2093400
9.874640611245702,1113200
11.0318260243281,2353800
11.625847742661893,2559800
13.238191944513142,2688700
12.74446062368326,2554700
11.571841765165349,2443900
12.597880100613885,1521700
11.34812334852104,1126700
11.479270082802064,278300
11.641279037947802,585900
12.651882762008352,1413700
13.13018681400172,1058600
12.567027079323564,949600
13.053038707758555,1353600
12.497592320444593,1275800
12.644171471376374,2140600
13.330768432925074,1498600
13.006753270524968,1609200
13.407913224200804,2031700
12.767598759296428,2016200
11.81099731902818,1345300
11.66441634977884,1771500
10.993255437157142,1416300
11.996149346108547,1804700
11.787853070758388,2280900
12.405021738484663,1240900
12.042432786220383,1636000
12.983615529032388,2235200
14.10993808149155,2715600
13.523627462584416,2365000
13.870786136392462,1176300
13.253622589514043,1837300
14.603670633642052,1384900
13.731923439481557,1153200
13.400196522103238,990600
13.855355378279816,1181000
13.107040774316793,5481500
12.92960787693777,2953800
12.921894865156675,1719500
12.98360921645517,2217700
12.651889008990741,3517800
13.330763994880124,2735800
13.384764914288542,1998200
13.886212968065488,3356300
13.37705095602098,1819900
13.353902245026992,1883300
12.898750710402556,2150500
12.466734112402618,2577800
12.111862839389685,2215000
11.324978835989581,1607100
10.977826398210974,1510100
11.456127555902777,1166700
11.116689920798438,1765500
9.851500849182495,1588800
10.800387461827533,1414300
10.453232406552607,1293500
11.155261603918422,1717700
10.985537767938325,856000
10.352945461443268,1375300
10.136938282534645,1111600
10.491808265587506,865000
11.070398830456192,588300
11.108972730468647,537400
11.162976252011912,605600
10.908394105692675,1756400
12.489877507291734,2763700
13.647067339099861,2032600
13.839920137368786,1682900
13.70878376714482,1719100
14.31051209503744,1295900
14.549671071853512,1255400
13.731924569417465,802900
13.45419943176951,1285400
13.577630751951247,960500
13.515921216628655,915300
13.654780538396324,1087600
13.708783374474063,1393400
12.489881210601316,1299200
12.343304642021751,788600
12.40502205684993,785600
12.451303249711748,498600
13.053039532341725,639200
12.729030829065431,883100
12.790747576695704,675900
13.184187420060104,1068300
12.2661561319623,978800
12.073292053405419,1228700
12.034719509343983,818900
11.942144928559047,1225500
12.497594570245294,1170400
13.122471417515916,1415000
13.685633149353306,1097900
13.037614129515326,809000
13.053045767030664,879200
12.790749924997199,764400
12.698172314864921,961600
12.937323798256433,763400
13.893927692703663,1032100
14.086797082160645,1906800
15.259408689787993,1311400
14.889109170514978,1011300
14.688526935504763,1622700
15.359699175240758,1390200
14.642246052924165,1900400
14.827393954667913,923000
14.773387704789565,782200
14.31823509189315,780700
14.649957626962026,1360700
15.59113451873267,1942700
16.100300180370287,1583100
16.786890540267756,1110100
16.154294548438518,939600
16.208302996973867,1588200
17.342340334608608,2131500
18.646100989524676,2400800
18.31437109476079,1482700
18.322087424353562,1017800
18.129229703628088,1442100
17.419489194310337,1219100
17.24976649671303,1645700
16.586313247680664,1400800
16.894892922298677,830000
17.08004237086089,1305800
16.918034597567164,845300
16.972040208707547,830700
16.709747407602745,1281800
16.47830737797233,981900
15.915145089349032,1313400
15.706854648671353,3890200
14.511096598589049,4162200
14.086792133742724,2217200
13.924784550835495,1583300
14.549666376066913,1503500
14.426236001154573,1631100
15.197692606750353,1065500
14.796533752019421,1060600
14.433951411663452,989600
14.43394772774305,632500
13.994217504132795,852200
13.88621066093428,1417600
13.747353430750765,832300
13.593060710021106,1281500
13.315340416004672,888900
13.099329358910742,844900
13.261335474424618,1139100
14.117651374253516,1089100
14.72709690913926,1644900
14.727101827774575,831800
14.673098412774278,802300
15.305686930513605,1295800
15.606559028623048,867000
15.043400779081544,919400
14.989393281051719,996100
15.359698971875025,867000
15.398265269570857,769200
15.020259613916238,948600
14.557381133573703,614500
14.54967297104664,785600
14.495667655139252,1174000
15.699142399124353,1228100
15.8765765642295,1157000
16.47059426262509,688500
16.563174625823454,776300
15.984578419041242,1025400
15.305692433311402,831500
15.267122530028177,1260700
14.472525185667807,1227500
15.081970386802626,2199400
16.0617211279844,958800
14.503376271272517,2087600
14.248800878150336,1121400
14.163941664603408,1404800
14.271942188139139,820600
14.95854009869887,1023200
15.228554583044792,1249600
15.699134218460893,790400
15.051112153885043,715700
14.649953298614841,839000
15.39827110415647,1105700
14.873673697492196,809700
15.004828932308916,1505100
14.549676686796937,2517100
16.49373464143628,3603500
16.802322706633095,1722200
18.399233661077155,3150000
17.944073616180454,1864700
17.512056949481657,1802700
18.78496000520203,2327600
17.758923361560885,1407000
17.697209203210935,1510000
18.838961330307733,1805200
18.484083519284578,3094500
18.04436425031417,2460500
17.234336752814293,2260000
18.337506827920322,1581400
18.12921691757069,1773500
17.805217789236732,2248600
16.578599653404137,2328100
16.732881205906757,1223800
16.555451601961444,1446100
17.57376915627351,1886000
17.558349740567976,2074300
16.100296373235683,1901400
16.779174432995557,1107200
18.237223073843925,4300600
19.20926939755678,2022300
19.780140750939953,3016400
19.70300135871806,1349800
20.104160711362496,1372900
19.865001422049083,1771100
19.834145992219312,4293000
18.730964482228362,2752500
18.66924838015557,2274900
18.445514914016922,1722600
18.646105026636576,2044700
17.99036359030741,2128800
18.013516204093104,1312900
18.329811075269355,1454000
17.774355575308903,2087200
16.771461059950546,1510200
16.254589863035733,2243300
16.24687083546098,1676300
16.563166815963932,1860900
16.5477397386779,2053300
16.10800640742416,2863300
17.99036290979407,2017200
17.527489380018974,1187500
17.134038463068197,1979800
17.99035459511279,1973600
17.905498559583556,2510800
18.607526378875615,3087600
18.391518992406894,1806700
17.959506186012863,1636600
18.877535904550943,3128900
19.07812171429716,1860800
19.78785847183496,2321900
19.28640484945667,1536700
19.06268476554755,1093100
19.772426100300805,1761800
19.44841559809999,1112300
19.672128854354717,2099200
19.147548173758217,1353800
19.36355799524903,1254200
19.98071955519267,1899800
20.513020428100422,3126400
20.721317625634647,2015000
20.45902294144349,3091600
19.162979782478295,2251200
19.09354343575051,1642900
19.139835111818222,1424200
19.818717570854275,1208200
19.51013038149489,1237400
19.39441482454068,1041200
19.286409819690846,1470000
19.216976616540762,1074000
18.83896939288571,2236400
17.990359355312265,2459800
18.76953178801933,1728600
17.92865489903335,1008800
18.329803805392316,793400
18.76182258802608,284800
18.877535767309336,455200
18.769526529266123,559000
18.35294147006383,668700
18.530384305397096,503200
19.093538729015982,1433400
19.116688309503154,1060800
19.425270766065022,1652300
19.65670418091179,1393400
19.587275476294412,1178100
20.38187747605656,1445300
19.60270431277041,1670200
19.378988458361437,1912600
19.811001058802365,915800
19.448416433908278,1205700
19.124410192824136,1341200
19.093546494156513,1795900
18.214078082146848,1776000
17.280628384042522,1224500
17.612350823818247,795400
16.972042024479432,1020200
17.056898536659745,1123500
17.550632539109298,1865900
16.918043779144927,1314800
16.50915946367084,1301800
17.58148739635362,907400
17.458060358987733,714700
16.67889020157786,2232000
16.123444205597654,2732700
17.103186581829824,1615400
16.385734399275883,1376300
16.586317544725375,1049500
16.601742991058853,1102800
16.786890127886842,904100
17.49663181089312,1195200
17.396340858111426,2296100
16.740609226783913,2056800
16.61717053175291,1364800
16.74831993245131,951400
16.640315568718368,1726200
15.918846272759703,1300600
15.625332213000215,1846000
16.698950887880212,736700
16.683492617453737,1017600
16.992455443118338,1335500
17.48677804966596,1053500
17.3709188031442,919700
17.602632833282044,842300
17.811179476918344,1009300
17.216444752689238,985300
17.733942908129276,1135300
17.471328965267045,989100
17.749395333254693,922300
17.517675176025033,725700
17.981102674411403,1420700
18.32867592669296,1471800
18.730327606201172,1526500
18.181928899909703,2649800
17.59490904623135,1218700
18.004269375801286,971700
17.950208756414877,1082700
17.610363588134657,1395800
16.946108123464274,1324500
17.648980558579954,616400
17.81890620254692,550900
17.74166404784128,737300
18.212819431643634,1124800
18.707144225954213,842500
18.90795937000315,695300
18.85389439427029,971300
18.992920253019424,717400
19.25553654695621,1126700
19.595393275072396,1431200
19.556769593229607,877000
19.49498316254363,990100
19.433185151196984,811100
19.00065973383645,2257600
18.985200636582338,1535600
19.657179828480526,1037100
19.749864899094487,1225800
19.618560661568335,1188600
19.842548392378877,859600
20.21328982474221,1567900
19.641732393640268,1028800
20.136059327810393,1209600
20.267363212239403,893800
20.584042581025813,980100
20.730793651784882,756200
20.1051664651536,1752500
19.0006569213971,1281500
19.61083317105877,2079500
19.73441762278245,2410700
19.997029092993778,1264000
20.305986322973435,1892100
21.116982090161653,2673800
21.5109034046799,1225500
21.456837548099802,1875500
21.39504706260751,1373400
20.78486598824906,1375600
20.375499383314406,2502100
19.008383639190203,2184800
18.151031925847054,1832300
19.016099925227138,1013600
18.26688234410518,1361900
19.425461106026557,1150200
19.224639427077364,790600
19.680356911619242,669800
19.294156817897946,1116600
19.355954278356446,593400
19.61856756397076,933600
19.08561499166385,1701300
18.599019424641607,1572200
19.479520383565347,1203100
19.595392360652287,1490000
19.564495627317736,1029200
19.518143340513518,471600
19.618563869301706,680400
19.26326699560155,642900
19.587656104829136,710000
20.020204063291573,1998000
21.008848759920852,1843500
21.534070393831357,1194600
20.645828875436187,712800
20.475902693023706,572600
20.645827701326542,653100
20.83120713524901,993400
21.047466750943535,1054800
20.16696152791901,939100
19.78076377678564,1246600
19.325060436217715,1570800
19.00837762437715,891100
18.84618021381182,1017400
18.30550546033339,618800
18.907966204250446,748500
18.676256547137235,668900
19.155122927061637,444300
19.53359740813447,580000
19.031545430826046,487000
19.355954029646984,500300
18.87706868961639,852300
18.344128115304365,1976400
17.23961780158552,1542900
17.957929668766276,700200
17.903864863674126,703000
17.957939696050854,638300
18.05834294339843,579300
18.01972720553547,861500
17.193272283723058,596300
17.672152562082125,718200
17.42498487200804,1117100
18.104689761379948,1059100
17.764839551015672,799200
18.413638648280358,748700
18.405914514339653,390400
18.429093378462575,472100
18.375017015211963,549800
17.92704141361248,541100
18.073789905742576,626000
17.78801161121905,685200
17.934760839788307,491300
17.872966279036223,439600
18.158754565803093,602100
17.965659806435372,649600
18.37878629955952,1269000
18.42517061433573,610500
18.231873161319932,526600
17.72157096862793,652300
17.822086975930667,1375100
18.796302340948333,1952100
19.353003016090234,1702300
18.99734554454923,854000
19.128777133223526,1740000
19.329810332907496,1148200
19.12878188837902,856800
19.329810439118287,1669400
20.203516251211106,1973200
20.56691405706465,1612400
20.644235586179857,888400
20.30403190915148,1055800
20.574657621861967,1091400
20.8839267431655,3070200
21.67258612725052,1245200
21.88135022739744,2439000
22.445778817029964,2498600
22.17515780642455,1336700
22.14422885378885,1561000
22.577219485287596,1441600
22.190626867230385,1188400
22.5617602045767,1138000
22.793708819887247,889200
22.360721367340616,1481500
22.979278683080597,1091300
22.832372067853058,1943900
23.133918739816725,1201800
23.017939189756156,953100
22.809174705380933,1933400
23.141652662792726,1344600
23.4973149323375,2338500
22.554021416443828,876400
23.002472214782323,1076700
22.8091760719241,1135200
23.11071381502936,2413900
24.015356995450713,1527400
23.752474214392738,1977100
23.992164845810965,1188200
23.31174944631273,2620900
23.102990244905204,2317300
23.6287583498338,2109100
23.319478516748475,1164600
24.100406326688592,1563700
23.83752243103877,1021900
23.82979393005371,1081200
24.10040880185241,991600
24.324630512657674,1223500
25.12102063519751,1241700
24.935452530579287,1210800
24.896797408077152,2002500
25.979258406329137,2339800
26.535973478152044,1560400
26.907091677266518,2534900
28.956052757043672,5006900
27.587516756126927,3092500
28.584922569511715,3031100
28.87873247083227,2300600
28.298843888432785,1389300
27.162253662712516,2520000
26.94182463462837,1153400
28.365510756702236,1185500
28.110182515828495,1011600
28.86071746786934,1549300
29.355919369931662,2206800
28.845230755063913,1197800
27.839372641754203,881100
27.909004052516188,1145200
28.77561385336628,1546000
29.53387192597586,1650900
29.82789747113065,1611300
30.547473373811187,1050100
31.383109604702998,1336100
32.26520100391977,2144700
30.098709077321594,2188200
30.25345970888369,1297500
29.96716155206415,1235200
30.756390774250033,1389700
31.08136817547416,1207100
30.454629684952742,925400
30.152870798409108,1377100
29.626719010104775,1035300
30.183818532058297,1201900
30.795077467921693,746900
30.934351587135584,957800
30.431405901287654,758800
30.82602074787025,593400
31.259334910659582,1035300
31.723566586779494,1012000
32.40446678048716,582900
32.00213141162787,529800
32.435413202909366,934300
31.081365637214798,2128700
29.773735757082164,1775400
29.40234014179901,1827000
28.02506594678754,2114500
28.435161935323027,1046200
29.394601748973795,1141500
29.52613895574262,1122800
29.255327039100607,1321800
27.715574708478457,2014300
27.692346433381534,1529900
29.100579821928193,1447000
26.918617697437362,2588700
26.168079619281436,2691700
25.23957834830405,3764100
24.071224042089007,3588900
24.705706493456265,2718200
26.12939244609172,2403100
24.78306601513385,2035500
25.665148428391397,1619900
25.8044221608248,1965300
26.779335428184496,1183700
26.523997856363078,1639300
27.313217079616294,1650800
26.8025442340371,934700
27.127520917910218,1650600
27.599511178171788,1939600
26.29962191441803,1036300
26.678753491919718,1188300
26.848977591235553,1467200
28.319098423372452,2478000
28.063765751189248,2892400
27.00371605444753,1856000
27.769726687621382,3948800
31.096838236334673,3583500
29.750524329367884,2666900
29.42159782621593,1928500
28.794438910422414,1016400
29.95583192859012,1771900
30.96237353493009,2557700
31.171414941333076,1508400
30.36619840834438,2317700
30.21133780370878,1796800
31.016574577453017,2757700
29.77001503802578,2219200
30.157137527124114,2556100
28.02794742535241,2971900
26.68074412141881,1879400
27.563394680820817,1522300
25.79035476542943,2375900
26.78913824826665,1909200
26.16200381752981,1363500
26.61105939512287,2512100
27.679537933276205,1213400
27.67178714985215,1193500
27.664042953832258,1712000
29.421600008168518,2994300
29.111897689731258,1678000
28.56992210959604,1570600
27.880841625659837,1159300
28.724767110763434,1383400
28.91060303344147,1506900
28.531209461765076,1500800
29.003497977725893,1846300
29.86293296871275,2510600
31.248845353187043,2699900
30.404905175595086,2191300
31.163680514598617,5783400
33.261885033377595,3909100
31.666931969288804,2851700
31.481116040550184,2320400
31.845009852044203,13683200
29.429349049075793,4455000
29.36741508075134,2756800
29.019001544047562,3101200
28.771239632077318,2322700
29.359662456687857,1805000
29.406125162208607,2948400
27.664047519543402,2600000
27.80341776124776,2459400
28.809937380083912,1900000
28.051171677549036,2122400
27.114329355809986,2821200
26.502667654057582,3706900
26.316849198413657,3361100
26.18522194058027,4400000
25.736162177096418,2104900
26.16199591607331,1549800
26.665255648268893,1368600
25.999400833383742,2300000
24.56703849894702,2600000
25.109007851165916,1556700
24.95416323193235,1582900
24.636725473274698,1873500
25.217408022693462,1563300
25.743901468946625,1573500
24.938678403993002,1560600
25.016102449767143,922300
25.16320860470816,1622200
25.774871220753635,1472800
26.0883846282959,962800
26.28983995251015,680700
26.661748313231392,976400
26.313082061849254,1276300
25.63123236206436,1204600
24.864157146773234,765900
24.561979198610995,2379600
24.08933668787434,1261200
23.57019503666974,2090200
23.027820872423636,1503500
23.066562852720324,1300800
22.86511167158716,1130500
22.562930679004435,770300
22.756626566280513,1178600
22.291739046164704,1430900
21.87332995782466,2285000
21.59439390468332,1690900
22.330476110993562,2909100
23.84139268407653,1494200
22.85735957208397,1392100
23.59344390334156,997700
22.516432694438613,919200
22.64815427391616,910700
23.469471835025683,1250400
23.965359964640175,822900
23.477216720581055,707600
24.05833343347767,1460200
24.577466847125137,1062500
24.709190419923885,949400
24.445750884641047,789300
24.476746107853877,1265700
23.585692426517024,968900
25.150846151088555,2205700
26.212357668302438,1801000
25.716462155509152,1187400
26.320827240518796,1419200
25.56924970635809,1170200
25.592491702787722,883000
26.499042102948806,1002700
26.088380598947545,728100
26.328579199638508,2384300
25.096606871101105,720400
25.329064041698743,1200800
24.09708292333826,950500
23.8878814371518,1081300
23.438481088543956,921900
23.942111879867387,1078100
24.49224743874236,2617700
25.414293336245578,2483400
22.756628286996058,1742600
22.082530513785663,2220600
20.96678773972857,1966500
22.07477991250784,1662400
21.974062213910702,1743600
22.268494745354527,935400
22.764383135524014,835300
23.15953708378387,943100
23.39198850121181,1567100
23.558565514929807,1310300
23.007985658428684,1404400
23.643872495635648,2003800
24.682988723443817,1813900
24.892371249788766,1975400
24.0858821875449,1265700
24.233228578342228,1016900
24.884609220933044,930300
24.900117926190237,1067900
25.590285280850374,1183700
25.45844745694831,697600
25.4584588162928,1322600
25.877201017373395,1264000
25.249074242925715,946000
26.706951091501026,1053000
26.249422990730242,1163100
25.43518633438016,1085800
25.435188243312304,1263300
25.799657860839858,727100
25.18703740793214,1184000
25.24907209577303,1364200
24.969912521161724,871000
24.892364420873566,1145200
25.27234263840457,1325800
23.13206140249051,2123600
21.340744022257176,2175400
20.448958205150742,1822400
22.488431520201317,1197400
21.612151332912223,1459600
21.03831528963653,1311000
20.565285647162334,1018600
21.18565482155481,1715600
19.55718131775185,1867900
19.26250630985138,1345200
20.604045264448548,1319500
21.441553547442616,1409500
21.519099720597186,470000
21.61215828673629,810700
22.372106046114656,881800
21.97662114888484,612500
22.10845235476105,469200
22.1937532491832,516500
21.37951803145332,1376100
21.93009312506075,914700
20.72037408777977,959800
21.007298936866622,481100
21.410537694751532,1231200
22.59699298854233,1374300
22.8063697656934,2506100
22.62801502300977,1657500
22.682294397202003,1121500
22.697799450584395,1423100
21.00729470286016,1652300
21.899078819245208,891900
22.426392069371783,975000
22.534952721042316,945000
23.26389122555371,871700
23.426736783258054,655500
22.294569805633323,2625400
20.9219897198968,1736800
20.394674805688176,798400
20.487734317341737,1748200
20.084497978744313,1411400
19.479631939203195,808400
19.483499698413638,1315900
18.89355712501093,930500
18.420051930011407,1000600
18.637406155025115,773200
18.28034103295763,798900
18.047459283651328,505500
18.81593627974479,752100
18.722780227661133,577700
19.522307656855123,1027300
20.189874202826044,846200
20.073443461019902,729900
19.064324193525756,867900
18.854744140229993,914300
19.134191216819577,963300
18.963423155772997,1293700
18.95566323390577,795400
18.51320113559985,928500
18.497687455195692,2030600
18.078515727626975,2085200
17.659351846649873,1658200
17.02283613971722,1140100
17.232417330605834,1058500
16.93744450643918,750000
17.17032572440319,1077700
17.232421702087738,771700
17.418716491316648,423200
17.22465684227136,502800
16.805489403973258,1588600
15.672180616365525,1273700
16.549325012062052,961000
17.42647233305591,1233700
17.605011854952135,584000
17.410949622874067,652000
17.651579827745653,535100
17.426470975070256,474600
17.791300234603003,619400
17.651584707530674,2061800
19.173007537194756,947500
18.54425420306462,579700
19.561124689134296,1159700
19.180766295596186,889200
19.351529382715807,1164000
18.97894196971943,1727200
18.350192540656,5282600
17.24017698002626,3116300
16.642473688866193,6306900
17.69815653280291,2970700
17.55843625842249,2204600
17.768019918214396,1981500
18.11731883966342,2527700
18.10179879658787,2321100
18.42782230890207,1776400
18.47438995749479,1591000
18.42782396061696,977200
18.435577737669895,1402300
18.590833038514617,1163400
18.63739852465175,2029500
18.37348308048134,1919300
18.722786870988937,1243400
18.37348665645725,1320900
18.435576696255747,1702000
18.101797190931954,1675400
18.629640963099646,1350000
18.784883711510926,1606500
19.017747397780095,2456200
19.856091922941122,3204100
20.06567318820866,1363600
19.848333102454923,1069200
19.972524396405415,2429800
20.71771334433776,4566200
19.66858127315374,2116800
19.68413741269327,1650600
18.914490848524085,2037800
18.043785295438262,2045600
18.051561400215604,1166300
18.409164801446874,1292300
18.168164471899093,966600
18.29255659912567,3263500
17.42185201242058,2203000
17.18085136354857,2811700
17.033146233157385,1905200
16.862116701270903,4180900
16.496726888375786,1771100
16.403441295228316,1748000
16.86988310419725,1381100
16.32570399853234,1316000
16.59779096715694,1176600
17.033143896402574,1202100
17.002050632531542,964600
16.776601214975475,1580800
16.279055128640074,2219500
17.118663491205684,1826300
17.173079930398078,1662300
17.27414512583097,2394100
16.31792430518474,2748800
16.32570002560975,2977100
15.789279212939002,1023500
15.664898562804167,1565500
15.773737432162946,1197300
15.556064604714676,1416700
15.843703325165775,1889600
15.657127498116456,1701100
15.299513553016597,1888500
15.229549772317068,1826600
15.206222333832876,1406600
15.105163131083728,760100
14.693128472346952,2091300
14.428806428222096,1161000
14.444356753119811,1853400
14.770867153817475,1532800
15.097386594731548,940100
14.86416625682662,1994500
15.214004227496808,1976200
14.770868550420266,1881300
14.195590214742282,3338200
13.659168506055314,1297700
13.713584559116143,1234800
13.200496154056417,2706500
12.850659607701967,2818700
13.324880074013043,1634200
13.091652177650127,1810200
12.640756251170046,2673800
12.539693198506068,4543500
11.964402850094105,4642100
11.902212805911786,4332500
12.671856806319283,2638800
12.454176097255027,1445400
12.866210582049623,2151000
12.420901150833851,2657700
13.480658896715411,2023200
13.168964393675028,934700
13.402736592761862,1723000
12.84168521107173,2139200
13.239091673485268,2044100
13.184549223525485,2442700
13.488448056011999,2129200
13.63650158115962,1396600
14.080661567024094,3138800
14.57157890612655,2311300
14.072867891795234,1237600
14.470275127085603,1828800
14.252091596703668,1622800
14.42352463580938,1688500
14.275467287708054,2243800
14.283265113830566,4519700
14.111829893232786,1615400
14.517032277563704,1139300
14.517033051549271,2522100
14.532615847922091,1794000
13.823517086641317,2026600
13.324808741793841,1426000
13.36377386074866,1164400
13.122209224616565,915900
13.130001459379871,1305900
13.42610880161089,1261400
13.036493476908504,1582800
13.036499056665527,1232700
13.028703017406237,1573000
12.545582108292937,1646200
12.280646606042632,3266800
11.781938423265856,2390000
11.439075821714905,2126500
11.158554905651311,1707600
11.501415794494266,1697400
11.493622887025593,1284700
11.267645588600695,1691000
10.994915808462492,1383000
11.306608325148963,1108400
11.057254806404483,1001100
10.893615231205235,1145300
10.722186618390047,690600
10.854650333199752,911500
11.033876006134678,952000
10.987122628738483,1201000
11.213100896322697,1207100
11.555960116666544,2091300
11.532583413244446,1661000
11.439077922105023,1301900
11.540378002497954,1449200
11.727392131022889,1245300
12.257266779154717,1128900
12.101420605004572,1192800
12.17155082745419,761300
12.319604857141748,1169200
12.311813118218437,739800
12.179343324434504,879600
11.781933917557385,2059600
12.109214762078585,2786300
12.787143116090911,1245200
12.724806471170789,2574900
13.35598066677716,3700900
13.410521779976072,2567500
13.847771808372002,2693800
13.53518130862697,1529200
13.605508790854827,1345600
13.4961080351593,1725500
13.44921992082514,1661500
13.128814823750668,1320200
13.246035210370035,2096600
13.871212929109063,2984100
14.285398532082214,1780100
14.457323099829582,2789100
14.848064161441828,1983600
14.918393684863267,1958400
14.777732701256156,1483600
14.785543467663887,2284400
14.441691722093308,4455700
15.410722800342352,3594900
16.46571470508937,5550800
16.48916592759835,3698000
16.934602358564895,3388000
16.817381579408163,2921800
17.348783086112828,6009000
17.278457405686577,4364800
16.77048938628415,3323400
15.903051865751006,4046900
16.770491896858946,2671000
17.075269121723156,2752400
16.97367980567943,2420400
17.231563049994275,2348300
17.03619967944116,1555900
17.083083702957897,2568700
17.262825267701384,1781100
17.106532017313537,1576400
16.879907168372284,2736700
16.512605699983737,1915100
16.731419055482718,1498000
16.817389054400696,1288100
16.44228037057117,2004500
16.61419557130569,1474700
16.95804735916002,1525000
16.87990263900357,1870800
16.51260160647055,2418400
16.481347257568036,2052700
16.801754101222993,1580600
16.793934698932283,1847300
16.49698013947661,1901500
16.61419040009494,1185700
16.74704780422208,1782100
17.176861458575093,2356200
17.544156212541314,2359200
16.997123884927756,1423700
16.942423264924912,2768500
16.911156830599392,2356700
16.00464694766062,4539700
15.715498210064029,1572200
15.903050088484354,1443300
15.293503348468592,1508800
15.31695261172278,2463000
14.52769398145467,3389100
14.151577615723912,1748000
14.754942158775753,1388900
14.692245905106919,1105000
14.723599676653718,1015000
14.872473256395052,567800
15.201580294163296,1094200
15.099714788902675,1028800
14.566872901628892,1353900
14.888146429903648,1080300
14.97434726439597,1114300
15.068371215970894,1020700
14.378821820271249,1176500
14.527699114377793,1521300
14.104562864205858,1168500
14.308295578273087,827500
14.582553784905324,1229400
14.903811233242148,1205300
15.013523628326917,1729300
15.091877917799787,1762500
14.68440986127549,1271700
14.778449840448536,1072900
14.629564734630115,1846500
14.034041771952573,1893900
13.838141316125352,2574900
13.885157335729163,3796500
14.18292180606305,628400
14.49634980502194,641500
14.19858871307728,1737500
14.45717652711032,830900
14.222101068266355,1132000
15.138897936843179,1386700
15.021355173255596,1506600
14.29262412949468,1123500
14.488516396059106,860300
14.433668795696676,1173800
14.449344363720423,814400
14.66091212536111,1466400
14.64523646123141,1206300
14.801955463971685,2527700
14.543369348959747,1756600
14.692250799397446,1010100
14.551202180229666,1298700
14.637403774353757,796700
14.4571758246219,1778600
14.692253606952589,1286100
14.37097847164012,2033800
13.751946313869094,1595100
13.751948553929118,1064900
13.744111196215691,1042600
14.049710103903816,1606500
13.798960038115638,1480100
13.900829643843018,990900
13.791125639965014,815500
14.03403972211132,804400
13.940003221659055,477100
13.877321761449224,722900
13.916500496383941,557100
13.775453157594074,882100
13.634410747960878,826900
13.720600012842935,926900
13.5952326698546,851400
13.391494651984173,1315800
13.023211546215839,1088700
12.717612298600537,2244300
12.208276241789662,2789100
12.960526865248465,1585900
13.320972237248087,1922500
13.704927017227686,1635500
13.407167331988918,1226400
13.269955641105694,1192800
13.009447962701746,1800400
12.772624664911358,1904800
12.456859735716872,1617900
12.196358018354019,2661000
12.717367727576157,1487800
12.401606802488661,1552100
12.748945938929586,991100
12.89103765076416,1660000
13.262056318972979,1624800
12.89893396200015,1107600
13.096284226726008,2365000
13.262058096897002,1605800
13.214692251557972,1652400
13.048918892101648,1793800
12.827883969059327,1419700
13.15154467457876,1365900
12.930507911843373,1246700
12.867356347750295,1130700
12.796306486799917,1154300
12.914721590286675,813900
12.91472130920869,1138600
12.48843991480548,1990900
11.983220772862639,3333000
11.454314537582485,2560400
12.24372157557803,2234200
12.101631675843617,1659300
11.912169241960429,1839900
12.180569363111031,1923900
12.235825676231272,1667100
11.967429698022691,2461400
10.862258622312835,5840300
10.664905638182486,4692500
9.92286222453501,4374500
9.472899115049795,3224500
9.749193338522904,2097200
9.899180335670954,1469700
9.55973484810135,1626600
9.780772160302854,1862200
10.3886127310882,3420400
10.372823855771692,1702300
10.14390043466485,1814600
10.009696999203063,2365200
10.088639264694612,1712500
10.41229446386424,2606500
10.585967730720453,1670100
10.372827941919903,1326200
10.112319214098644,2025700
10.143900481672128,1742100
10.199153815289915,2087200
9.883394763161848,2197000
10.199160972012383,2207500
9.89128370511179,2175800
9.622885597410072,2603600
9.378166496720462,2476800
9.39396254228271,4391100
9.172924231177946,4184900
9.91496526892414,2620500
10.055727328461934,3220800
10.031803522583589,2574900
9.680931036399532,1819700
9.657006490255949,2493600
9.569287950483687,1996500
10.007880612336786,3489500
10.191290542675839,7891200
9.86433855691918,2915700
10.01585363191261,3038100
10.12749393298289,2421700
10.111546284911455,1951900
10.10357135328325,2424900
9.768645244715236,1364600
9.625107023487214,1603600
9.617134009308705,1640600
9.577261552892217,1626000
9.832442527062662,2351000
9.649028623444794,1668500
9.609158749018693,2000700
9.449668034251678,2348600
8.70805071841874,3462500
8.795763954205672,4710000
8.795768989866852,2980800
8.636281070100667,2446800
8.253508453494502,3545200
8.389074826298856,3323400
8.516665470502396,4612800
9.234361452585446,3257400
9.258283075219783,2033500
9.074871695313137,1340000
8.923357949423401,1679100
9.186517163874973,1633400
9.035001518554,1525500
9.20246339014518,2698700
9.369927329056692,2716200
9.298158556307794,1346700
9.433720626160026,1382000
9.529414772184108,2222400
9.816491329055212,2810500
9.63308433854427,1536100
9.601184417735627,1627100
10.294959172853936,3646900
10.207241522389554,3063200
10.526217160092278,2139500
10.111544330002467,1902300
10.183313294443119,2965300
10.215209876482778,1395200
10.199266381438022,1662000
10.247111377359552,2624200
10.183316428406984,3378000
9.920161555506821,1847300
9.71282665643669,1132800
9.601184240071541,2244400
9.226387778848283,1642100
9.505491529851612,3238900
10.039779277530565,2637300
10.677731284897277,3645900
10.869112252042553,2777400
10.65380075877537,3187000
10.916959573048644,5452300
11.291758195719952,3704900
10.869116143264286,2876900
10.550138080528798,2945900
10.829243203317798,2448900
10.683745653436283,1371900
10.780358714649612,3452100
11.07824735341429,2636000
11.134606605306669,3141300
10.56298305598841,3087800
9.991357674577165,3420300
9.822283109712023,1882500
10.12017595348549,2639200
9.870591798096065,2884800
9.830335931675279,2560700
9.846440884952568,2434500
9.604907104311511,2327000
9.395581969274517,3072700
9.379478447005686,2528800
9.17015162015355,3322600
8.912519046551854,4755300
8.99302395993083,5051300
8.888363328156176,2193700
8.848106426758552,4983600
9.902796851941243,3801700
9.38753036155469,10900200
8.92861810869098,3491900
8.67903423259325,4686100
8.767597646999567,2456700
8.79174772045074,2475700
8.638779701968415,1960500
8.46165701664525,2132300
8.292583783338772,2797000
8.34089037840569,2207600
8.437503231549218,1971000
8.276482582092285,1637700
8.348939398188694,1816600
8.356995377964527,2003400
8.05910663133091,2916900
8.099361226716853,2014700
8.08325990184389,2058800
8.010794975320264,1869900
7.930286208741193,2178800
8.212074215990468,1397000
8.36504366139324,2985700
8.526063099871848,2195000
8.622679128196518,1614200
8.823954771439523,2107100
8.864209221128,2085200
8.767597894514024,1785300
8.807852483361938,1624700
8.960824012756348,1829900
8.952768730406248,2889000
8.72734222543704,2020100
8.606575710014022,2067300
8.469709938980458,2265100
8.356990458204884,1649400
8.421401977539062,1490800
8.526064554703254,1651000
8.429454389490271,2705300
8.131563897339152,1732800
8.365044030189134,1253300
8.413351394672253,2275200
8.26037960578012,1439700
8.614625842412083,4669400
8.976925722966987,2505600
8.976924457069758,1596400
8.79174849884756,1083200
8.75954544372389,1620400
8.643229830839463,1974000
8.5536230468919,1422300
8.415135754457495,2218300
8.472157767897196,2820000
8.3336705063832,2004400
8.472161988879632,1793700
8.6269380140092,2549900
8.244061518675538,3973600
8.260356344032038,2816800
8.553625711580603,1758100
8.390696733374444,1592900
8.39884589849487,2103200
8.90391727467574,2828100
9.164596870444225,1839900
8.553624868672745,2003700
8.993523862414758,1422400
8.969085520254344,1955900
9.123865244467899,1443100
9.22976942422672,3434200
8.887626573945086,2000900
9.009820796810802,3487800
9.148306003965308,1721600
9.180890348328289,1091600
9.62079154321691,1994400
9.408987808442435,1339300
9.425277878228105,2205300
9.246060987756577,2055900
9.702251175417366,2452100
9.848886077260229,1710000
9.694111016441262,1383900
9.531175165477034,1575800
9.44157301599206,1455900
9.531184339584199,1461300
9.555621021555071,1869800
9.800007872366288,1694600
10.036250931605627,2929800
9.865180578492453,1665400
10.272492792934687,1626900
10.33766355789615,1942100
10.468007086282228,2333700
10.671667939515766,1751800
10.639081291991879,1815500
10.793858515189097,2367000
10.329519816400408,2548900
9.962934568596543,2065300
10.459861691961237,1989500
10.174738806672865,1595100
10.264347076416016,1821600
10.362106668813878,1789800
10.044403146099128,1549900
10.533177254861123,1318000
10.353957805506843,918100
10.427279970103221,1371400
10.8427376167568,2051500
10.859032544954074,2114100
11.282638145407015,2022800
10.891616963183932,2611900
11.934346169843035,2501500
11.804001537899143,2067600
11.763267705398835,2715500
11.315221176260598,3094900
12.382389936493787,3355800
12.529025342224152,2025500
12.048391255787907,2940500
11.820292945993689,2376900
11.841267241281054,1871000
11.504347644810267,2276200
11.898782045041445,2126100
11.487912486298221,2062500
11.676916690587202,1370600
11.808394026626457,1176700
11.611176407254499,1815100
11.726218482151728,1316300
11.783739876415236,1338200
11.800177725742145,1751100
11.956307689446751,2334700
12.40826568949615,1441800
12.186393760728922,2063800
11.66869976800517,1801200
11.898788671483938,1616000
11.496134550808106,1632800
11.685137178378156,2107100
11.307134674567605,2176100
10.896263413400623,2106500
11.00309337373816,1670400
10.452530046529017,1332500
10.641521820679886,1427300
10.682609922822035,1427600
10.592222104135661,1128800
10.920914649963379,1202600
10.830528031662519,894400
11.093481280880278,1121000
10.731917462084898,1052100
11.011307451641393,968000
10.92091599787806,1266400
11.200306121599558,1584700
10.904481518381758,1065000
10.822307720605538,1115700
10.715484011581989,1714000
10.912700462741082,703200
10.707266477233043,1058600
10.567567712239015,1806200
10.40322138038775,1510500
10.45252219261015,1323400
10.666176393341257,1310500
10.625091651755472,873400
10.70726433034823,1570100
10.40322157817706,723500
10.584002092635842,992500
10.551134733140577,995700
10.518266188737313,1313600
10.929133479380699,863700
10.797654464888641,642500
10.616875883638212,1633800
10.28817773199299,770500
10.395002824548827,1719100
10.59221967357309,1171600
10.699049163004144,1214800
11.01952332876812,901700
10.896264962122606,1016800
10.86841389936108,1129900
10.984565044078922,898800
10.9264922299524,967000
10.943084340830957,895700
10.98456607302585,770800
10.777150152950057,782000
10.495069793932613,1541100
10.295956402065533,1629500
9.972392707896612,1056600
10.096837053988324,816500
10.17980452417516,708200
10.17980479598502,540500
10.221287058154712,552600
10.279361708145602,1309800
10.51166343137276,680300
10.602927093991156,503700
10.702483039747834,890900
10.901599313755908,1305000
11.034340501245635,1260300
11.316422465883795,1277900
11.407685698825134,1865500
11.133900890545947,1191600
11.46576262784754,1242300
11.872289868398608,2882400
12.328598333222725,1856900
12.237337979779825,1242600
12.56919356003984,1837000
12.195853089615069,1305400
12.303707912837508,977900
12.610677054710104,945800
12.386676250952984,1298100
12.793204080060933,1071400
12.585791563576437,906000
12.552602072849094,650100
12.66875741165603,928100
12.735127563403006,1196000
12.809792121464595,1487200
13.241211806985103,1781700
12.594088147994855,1037700
12.502822863326045,1138900
12.677053770282647,1445900
12.287114823037085,1080900
12.262227047191208,1684400
12.693643282887274,811600
12.801499835129283,1188700
12.52771351666721,596300
12.411560734750955,696900
12.287116484610667,814400
12.104591608121215,1066200
12.270523546892873,569800
12.585790366334225,516000
12.527714597185128,834400
12.229037845081832,692000
12.270523105317967,952500
12.104591803406947,1069100
11.731249495911415,1130900
12.112884565356493,981400
12.312003405556766,1058900
12.411560454239682,774700
12.403269089578695,976500
12.444748458666325,980900
12.66875154670914,860800
12.444747119806788,2103700
11.698064780174324,1138300
11.747840212042608,729600
11.922071216052242,812700
11.80591477251624,848000
11.875962782060117,1373900
11.800642963082273,689600
11.809009808443761,879200
11.59141171053226,715000
11.850858008391416,471600
11.901074409484863,540000
11.834118969716062,800400
11.79227352142334,1125300
11.85922663670729,612200
11.792274685014183,2040400
11.273379316403355,1354900
11.20642608311403,1534300
10.813068947587478,1346000
10.796332224841835,1028100
10.754486352716233,1460600
10.854918226925596,1225000
10.762857207203899,770400
10.570362768140464,1578500
10.645687241574617,1677900
10.595469337838827,1270500
10.386239071089571,1966300
10.11842332561512,1610900
9.98451344659777,1484000
9.942669184141089,1584400
9.71670107015047,1657900
9.766915458412907,912400
9.77528283086617,1313500
9.390297587485447,3468900
9.264761268904905,1521000
9.2229159342468,1949500
8.963468074994832,2661000
8.720754747307293,2076600
8.704021128922106,1848200
8.43620266293211,2852600
9.080635732624497,2694100
8.628696706423806,1908900
8.6705440524081,2102400
8.88814259076423,2259900
8.921617128811441,2353900
8.896511769516902,2143100
9.231282962009628,2200700
8.980203511568412,1254700
9.155957766969237,1280300
8.938357721870878,1379400
8.637063779994197,1806400
8.99694125248564,1356900
8.779342923051804,1243900
8.75423366891128,1169300
8.846297424113652,1770600
8.469682608946261,3253900
7.883829577873048,3997800
7.800142188766595,2755000
7.867092575812974,2318500
7.498846576397371,3003300
7.390047022919021,2982800
7.908940215477359,3168000
8.344144240471639,3092400
7.724816234263134,2461800
8.143280059060688,2532200
8.017740721731258,2515100
7.71644861589632,4649100
8.377617998682313,2819900
8.77934501092793,3295100
9.080637879233127,4451100
8.779344934505902,2863300
9.14593587406489,3224300
8.663233519161102,2887400
8.595485974302173,2232900
8.934223728363222,1722500
8.434584794239061,2199200
8.095845459115255,3973000
8.392241987332628,2288000
8.417647251700679,2242700
8.60395002590761,1805800
8.400709606018706,2258700
8.451521880300605,2619500
8.629359358612419,2959700
8.8749465417462,3011900
8.426116728873877,3067100
8.29908584583605,2187700
8.121250984013727,4111100
7.841790218072947,3782300
7.579270293018921,4743400
7.99422710018993,3757100
8.011161759126532,7560800
8.172062270376308,4455200
7.621609891076306,3349200
7.519991350508669,2424800
7.9180086562983325,2332700
7.672423401399166,2847500
7.672422201482609,3599700
7.824857966291946,2930900
7.663953563220596,1921600
8.383773019915973,2380600
8.4515185249922,3105100
8.434583873035512,2730600
8.536205520952107,1826000
8.468457618046674,1969900
8.722514496273273,2503600
9.230619521295237,2593000
8.908821272827812,2371000
9.188278002397102,2532100
9.281430002785783,3074300
9.611702746764138,3133500
9.798007018215033,4506600
9.789538974535258,2357600
9.569357642662785,2173400
9.247558812520214,2141800
9.772602648896308,2424300
9.89115743029996,2399400
9.340710147947581,2012100
9.425394668625712,2978900
9.670979915777924,1983000
9.925032671306068,2047300
9.857287147754988,1762400
9.908094880352804,1893100
9.69638535873834,1921800
9.814940980943721,1546200
9.730259162312375,1313500
9.704851172903265,1655700
9.713322370613167,2010000
10.043592624416274,1608400
9.781069599185786,2034200
9.535484801623246,2257800
9.66251233344976,2566700
8.934221524590612,3368800
8.358369827270508,3085200
8.265218061264601,2062500
8.332964451586573,2407200
8.551022537039305,2226200
8.362332683363586,1430300
8.310871814648072,1884800
8.293719391393745,1793500
8.079300587723674,1910900
8.147914939919023,1247500
7.899188915938879,3205500
7.753383162718494,2245500
7.513234371538517,2246100
7.478928121522275,2543200
7.7533850225459,1868600
7.744806103648535,1712700
7.779112494526125,2346800
7.436041981096035,1971700
7.538963994480877,2316700
7.813420384114527,1638600
8.01068697715221,3779200
8.225107132828581,1902800
8.242258518618085,1810300
8.130761440938173,1190000
8.310873386902811,1936500
7.856303103714567,1929200
7.607577206598895,1796300
7.676190996775341,1280600
7.6247312315700375,1789200
7.839150372916883,1434700
7.950650076165164,1403900
7.959227421665343,1368700
7.933493058028142,1881400
7.71050165110472,2161100
7.796268936611685,1674300
8.04499289352158,1721800
8.07929986632783,1559400
8.070719891268006,1622000
8.293719391393745,1344300
8.14791532337002,2188300
7.873458029490335,1474100
8.096454064614147,1263000
8.027840960174407,1290100
7.856303742273513,1093200
7.924916998171017,1468400
7.890612147523681,2137300
8.199373538266173,2074100
8.319448316365508,1926900
8.156489772406037,1522500
8.087877880631774,1067600
8.302293604526096,1226800
8.4481016044039,1284800
8.267988786516066,1354200
7.933492750370589,1943200
8.18221858762806,1198700
8.139337986131903,1633700
8.396638358239075,1756500
8.551024410049182,3119100
8.76543756269299,2001300
8.679672349001565,1520200
8.799747128253797,1322600
8.662514711764262,1810600
8.662731380759395,1073000
8.679968926593574,1270500
8.593777670856282,1690800
8.231754627203996,3107900
7.947304344164701,1257800
7.861107178669051,1452600
8.016259928329639,1852200
8.24037310804149,1452600
8.119695461591574,1259100
8.111076675695289,846200
7.990403573939816,1039300
7.9128238855941255,1195400
7.981780888437586,1803600
7.973164237891147,1954700
7.869731088129402,1317200
7.869727253066185,1380800
7.800769969334916,1044400
7.809388404515308,4363900
8.102456733329742,2667200
8.016262424856201,2798500
8.31795183092777,3066200
8.55067973561236,22248800
8.136937256068583,2347000
7.826627221023641,1706500
7.904205369253836,1760200
7.9042059666669235,1365100
7.809387528842892,2072500
7.671474892525713,1739500
7.533562490088628,2704100
7.404268661640047,2128700
7.249112448102131,1850800
7.249114485820494,2236400
7.180156202597102,3263200
7.042242746017084,2748900
7.128438085593178,1854500
6.9388056674088,1912900
6.766413117383491,2269900
6.921566007031044,1591500
6.800892965246521,1455100
6.654357911664753,1710800
6.533682655738794,2001400
6.145800088108619,4727700
5.8354921763114564,3336400
5.68033949429527,3623700
5.801015168129016,4486600
5.395890269738107,6364400
5.482087657641105,4486600
5.438990109118239,3293800
5.456227750791226,4145100
5.473467547705283,2319700
5.456228943085484,2631300
5.335556270886154,1639700
5.326934814453125,2575200
5.352794604670266,2414000
5.137303782739672,4296700
5.2924563274305,2850700
5.232119974451077,4756100
5.826873189928988,3818300
6.068222944809134,4595300
6.094081438719634,2815100
6.059604067676332,2519100
6.059604200303984,3312100
6.016505241394043,2236400
6.102702133064471,2805500
6.257855139174141,2962800
6.456574906914739,3047600
5.9879531110071555,4192300
5.779675891223321,2718300
5.345767696216297,3440200
5.172202600808351,3483700
5.475939878922269,3422300
6.022666410267162,2758100
5.987952463471864,2447300
5.857778501916263,2444300
5.727606429218151,2152800
5.727607276550089,1760000
5.788353473388999,1462400
5.727606335557097,2000400
5.554043383292346,2148200
5.293696758411735,2563700
5.441226167175266,1950800
5.501974078248347,1914200
5.623467135703062,3090500
5.849102289918359,4010300
6.178872078708235,5969700
6.031343803158222,2260700
5.797033527048262,2044900
5.710250863050896,1965900
5.5714009188200855,3639100
5.675537184905488,2035700
5.554043539792946,1566400
5.4672612689685405,1938200
5.389158420764287,2462800
5.56272136076902,2000400
5.588755675614424,3263300
5.901170379608659,3453300
6.378470940459971,4820100
6.647496719988571,2507300
6.300368614460604,3320500
6.795023441314697,2936100
6.90783999564759,2243100
6.560713364054685,1755600
6.708243304469127,3346300
7.055372314759393,4111800
7.411177010949544,3458800
7.3070373703013844,2620300
6.829739026989543,2515000
7.003300482616885,2176300
6.812382144352642,1855400
7.124797909574539,2359300
7.142153782950728,2422800
7.090084038459882,1475300
7.237614403495234,3304700
6.985946152719344,2131700
6.673528482662424,2035000
6.473930644862364,1933100
6.51732413617104,1708400
6.569389991373105,2468000
6.4478965049265415,3330800
6.057378644586224,2372400
5.9966308682808345,2279400
5.961916687080767,1690900
5.87513619205662,1920700
5.684214859975422,1747300
5.814388153652625,1804300
6.022666132682205,2122900
6.074734333057614,2532400
5.597433170386962,2374200
5.945144791195251,2012000
6.076286767360628,2403500
5.831486768897626,1710400
6.0675435066223145,1900200
5.9626301659661065,1695300
5.936399136532512,668700
6.0238299139810145,1750000
6.128744235304503,1588000
6.259886509640109,1524300
6.27737267006814,1778800
6.338572139115321,1997500
6.5134290323208095,1598700
6.25114225781152,1742500
6.286115729257292,1737500
6.242400809435772,1243800
6.128744274454687,1610900
6.198686683255282,2941500
5.770287317217386,2128100
5.709086629751493,2784700
5.7528013440628545,2402700
5.5517164136507295,4819500
5.682859195051826,1749100
5.656628519678777,1321900
5.76154381992114,1397900
5.90142947227543,574300
5.953887114983109,1028300
5.822743892669678,1318800
5.691600967318659,1176400
5.674114455606636,1393900
5.831486603671561,2106000
5.918915121065041,1315900
5.918914634723797,1339900
5.997601547214065,2351300
6.015086962970012,2298400
6.076284842887192,2269600
5.569200534193788,3066300
5.34188744508466,2223100
5.368115820096408,1932700
5.420572382483128,1949300
5.350627588718839,3376700
4.9834305758246105,2780900
4.9834293301099954,1855600
5.044629395203967,1848000
5.306917486893802,1473300
5.3418858022209985,1951800
5.5429722982511995,2657900
5.586686447815644,3172000
5.586686878422488,1911100
5.8314870931476355,2425400
6.198687051938192,1642300
6.07628687495461,2830000
6.565885954257068,4099000
6.618343896807798,4001900
7.527600591606907,4676300
7.475144052372624,4179400
7.090459625906349,4838700
7.676230686179482,5316700
7.396458417252217,3505000
7.501374018904955,3458400
7.58880154012759,3813800
7.413944498979279,4066700
8.253258070423351,3330300
8.052172572521503,3118500
8.445600520438543,2662000
8.445600520438543,3045500
8.212135062659383,2033300
8.194623073901472,2958600
8.395986557006836,2064200
8.264663782216443,2367300
8.098320490518699,2689100
8.431008026959248,3313600
8.938793427575948,5555800
9.026345671710212,4025900
9.218953207988603,3183500
8.509803287782836,2582400
9.017590809607897,3076800
9.10513736785639,2479100
9.324012852663955,2818000
8.746187090631942,2190100
8.824979089733521,3102600
9.717985661411554,3536700
9.271481562779995,5710600
9.35903133675203,2344300
9.823044325413925,2062200
9.008836892498772,2760500
9.017588447233884,2114100
9.367786773839619,1392100
9.2627256132036,2181000
9.744248772294114,1783900
9.726738041982632,1573500
9.21895095612041,2382700
9.56039431123038,1618600
9.40280604216473,1819000
9.402805395013274,1781900
9.875570738483841,2970000
10.173239163806706,3332800
10.812353712196348,4089600
11.241344185462575,2753500
11.06624698638916,2822100
10.961185390091467,3236600
10.786088555682321,2026300
11.20632227699351,1858200
11.819169721768393,4173000
12.300692102613677,4921900
12.519564611346247,3669100
12.440768654216118,2425400
12.090571419694594,2029300
12.1518607854207,2102500
12.668398678506062,2235200
12.642137500147177,3159000
13.325019139903691,4394800
13.867829327815366,3036300
13.307506299756897,3354800
12.650888919078033,3771800
12.642134407707895,2711100
12.90478368881021,2911200
12.913538455243138,3060000
12.467035275143001,2709700
13.24622631072998,2565800
13.386304925654386,3836200
13.762766013679935,3072500
14.007907584791099,2745500
13.841559036148247,3457100
13.885336988128149,5789600
12.221897927055236,3198300
12.977543358494025,3489500
12.583222987300095,2048600
12.6796135308115,3088700
11.952309364727343,3146500
12.697139335631192,2576700
12.38168142599855,2617200
11.882206940698175,3059200
12.416730681855903,2082400
12.329103743508677,1808200
13.161560403000669,3758900
13.608459345132971,2924800
13.249185599181875,2539600
13.818762852603342,3773200
13.599698066711426,2486300
13.62598198361945,2855300
13.55588244725496,3598600
13.363104087054378,3285500
12.986304520250528,4416200
13.923913089378399,4764100
13.231663730758113,26353700
12.811052904707283,3340900
12.88115443086775,2037100
13.047643111341047,1916400
13.06517350367411,2915400
14.090404028736751,6096400
13.538357744011824,5445100
12.854869577684807,3892000
13.59969572954719,3946000
14.2306068742749,3743700
14.730080098320308,4661900
15.580063219283058,4258100
15.807892995084051,4010700
15.755314856362562,4533000
15.413571290691548,3426300
15.974387891383717,2865700
16.246027221866584,2836200
16.27231434276392,2681900
16.210976641934053,2940300
16.491384832681575,1939400
16.51767064440278,1930000
16.622822977833426,2013100
15.913050462783106,3158800
15.588829028720522,2370600
15.676445641710105,2020200
15.606350317831984,2499700
15.431092841396815,1708300
15.99190762582544,2511300
16.35118014028593,2084100
16.649122580503807,2565800
17.218689434865123,2525400
17.744450508696403,2661800
17.42022885975546,1852000
17.288791808582936,1546300
16.876941898906235,2174500
16.876952879536056,1906000
17.148585908493384,1731800
17.700629463239846,2802500
17.52537957522413,2135800
17.875888632685456,3305100
18.235154493311665,2228300
18.331544429637557,2461600
18.04237668093426,2905900
18.305262034915746,2740300
18.360199618596415,2690400
17.57107575484408,2450500
17.965633784564467,4052100
16.87840436899157,4783700
15.519363251805434,3877100
16.159424768358534,4332000
15.607042374945557,2154500
15.905156116811522,2802900
15.230023610877398,3073400
15.168643231480136,3574900
16.35232067098032,3412400
16.79949322064001,4645600
17.16774130480795,2320500
17.2115817758316,1901600
16.685504476580203,3477400
15.291394425743675,3858400
15.8437761970215,4052300
15.431676915940308,3077900
15.107267706962654,2654300
15.028351290177516,3876000
15.09849884335335,2183000
14.984515636368863,2217000
15.475524150264118,4014400
16.404929301713228,2646100
16.010373582117772,1738100
15.826239562527295,1364500
15.273855575612025,2274400
15.32646488123828,3471600
15.773635380221421,2148200
16.133120772958566,2713800
15.563199399314323,1808000
14.817920684570149,3936400
14.037570869380751,3028800
13.248450603884084,2835400
13.82713892714051,3332900
13.730690356188738,1276300
13.695617208972738,1814900
13.379967140787764,1713900
13.721921083735108,1817400
13.590400935044427,1671500
13.721920491101793,1290000
14.204163997461645,1480500
14.660095227563023,2155300
14.782849671440138,1515700
14.914372350748152,1451400
14.931908093093442,2116200
14.511041039365818,2073000
14.519808777706542,2110000
14.072645721901077,2602900
13.52902889251709,2998200
13.616703430298596,3064100
14.40582786137615,2937900
14.817922050420618,2458700
14.186629337075459,1667200
14.432130329911491,3280300
14.142787184643508,2273600
14.397059658505166,2989900
15.291398062456521,6120300
14.923141614949225,6249600
13.923585582429462,4939800
12.31027315969528,2551000
13.309827338033605,5466800
14.76530752172234,4159500
14.765315507455439,4083400
13.993730985783511,2922500
14.554881218237204,1798500
14.826691049650252,2958800
14.863907940825966,3353600
14.495377692163666,1267800
14.635768697799739,1807700
14.39008538318226,1362100
14.881451760916477,1531800
14.688418961465533,2972000
14.697185385449496,2940500
15.44301616148205,3000700
15.820321180107694,2039400
15.80276920041761,2093800
15.706247753600678,1649400
15.36405042004379,2439700
14.72351471048172,1777900
14.618222626056058,1828800
15.048164112994806,2876200
13.547738582531343,3971900
13.1177910418901,4469400
12.819459531642657,1922100
12.538678347207696,2006200
12.600099290636336,1431500
12.54745058927912,1669700
12.468480915003013,1150300
12.652746498741237,1586100
12.94230236364062,1785200
13.04759380235791,2224900
13.828522442263182,2687200
13.284506059063002,2096200
13.977686566950219,1878400
14.49538024519779,3236800
14.899001161322987,2118700
14.934102330558503,1693200
14.977976182047163,1789700
14.811259779096309,1753300
15.267529682434239,1581400
14.77616069550871,1591900
15.91683428981786,2919200
16.13619567433142,2806300
15.811549379596874,1510200
16.08354996014711,1405000
16.381879759586894,1615300
16.53981854493888,1885300
16.162518342630804,1328200
15.987028121948242,1288400
15.960713144759707,1335100
16.610021482307797,1201300
16.741635488846267,2050900
16.96099511135177,2988600
17.952509773451236,2152100
17.943730842496073,1321900
18.163091843887006,1393300
18.20696708308156,1493300
18.461431278471927,1425000
18.461433710116467,1395300
17.873544444250015,1462100
18.154327826254303,1259800
18.39122979146214,1596100
18.189416640178823,4229200
17.162809599506417,2495600
17.154030976376355,2217300
16.820605821191407,1926900
17.066290297180746,1523700
17.009618394467715,1608700
17.04476118201561,1874400
16.631827025927095,2595300
15.805942607138695,2584100
15.551153370486325,2243600
15.401786528773155,3084100
14.637413170022661,3119000
14.698912153384445,1926600
14.101462881233045,1915300
14.119037739122648,1196500
14.101463138467064,1398900
14.180540327283751,1665900
14.479257906776896,1779700
14.514403453947107,1661700
14.19811543676804,2395300
15.357854610805804,2686400
15.21728301345408,3209300
14.900985299256568,1169600
15.375430747308727,3034200
15.964085360462985,1876200
15.867446862139543,1714000
15.744439436366928,1894900
15.656573384290407,1970600
15.709297075859325,1607600
15.419363281052682,1276400
15.428143484375012,1090800
15.190927712102946,1856600
15.36664805095882,1561900
15.753226105479545,975500
15.54235376499492,1407000
15.603865919506275,1076700
16.09587637447458,1824500
15.779584918642712,1055800
15.981658746997816,2983900
15.89380265842502,1151000
16.271601940992706,4236700
16.64061248830986,1807700
16.438526323713983,2176600
16.324317483115102,2337900
15.797152708007497,1603100
15.920157306523416,1404400
15.639007609034266,1835600
15.568718665614332,3544100
14.663767974431241,2950100
14.865842227343157,2682100
14.619834260291453,2202000
14.628627611439159,1561500
14.338688969875761,1834700
14.408972848360756,2238800
14.180541521545717,2143400
13.837885537822407,1734700
14.259611171071516,1538500
14.154181439617725,1789100
14.285969775426494,1753300
14.417760458001522,1932600
14.936130371680543,2373600
15.779583630700357,1441700
15.489650988421927,1349700
16.22766681582422,3381300
15.941948862903798,2457600
15.343685313232244,3196900
15.352485378248204,1319800
15.52844364084073,1315300
14.991770981949603,1660000
15.176520254105801,1412500
15.660412575454476,1404100
15.343685403924157,1061000
15.299699927262532,1234400
15.185321434758292,1673900
15.64282000871182,1713200
15.414072167004633,1414300
15.704405900866648,2359400
15.774789268322799,1745000
15.695610559021043,1466700
15.704406818193346,1432000
15.968343889780824,2880600
14.842199167455371,2559400
15.317293415321135,2657400
14.226342128007706,2628100
14.419897485005025,21143900
14.261534690856934,1953700
14.252738671951919,1052700
14.243936659539806,1179800
14.622255560797516,1816700
15.088546884291842,1572000
14.921382981586893,1066800
15.09734427432693,1903200
15.097341234359394,1470900
15.185324818247892,1367300
14.798211097717285,1459200
14.507878643966265,1140700
14.18235327735407,2499000
14.103172020034776,1320000
13.936009493693724,1815100
13.504909373880048,2080300
14.05038168414642,1509400
14.481482277407009,1411600
14.30552315554952,1637200
14.05918082635842,1792100
14.507878584393872,2212500
14.815809471463663,1247600
14.595860399519399,1046700
14.727828770609976,1027900
14.974169894177093,1103000
14.886188403000137,927700
14.657444547103099,1486300
14.28793110527521,1848300
15.04455653330767,1593000
14.631047178942406,1046200
14.84220231555816,1302300
14.815803527832031,1046100
14.719026091234754,811000
14.692639483444403,1546100
14.490282191915526,1695800
14.067980198933048,1060900
14.015191202439285,1290500
14.094374208294136,1340600
14.763021902836927,5684200
15.581235235580113,2099800
15.290900962594801,1202000
15.299695594748101,1433800
15.48445544379297,1623600
15.770531112640999,1388400
15.858632156721345,1546800
15.541459939040314,1113600
15.620764163138611,838600
15.682423566922706,831600
15.559084189965594,975300
15.946741690044163,1045300
15.973169097366101,1678800
16.563463699406626,1725500
16.193420372258085,936600
16.17580699153033,974900
16.545844655726302,688600
16.72204820868707,1490200
16.76610387661021,1583600
16.77491164032231,1412300
16.739671834309895,1030700
16.114134462518347,1237400
15.88507283806269,1012200
16.219865129397576,836500
15.735294042760275,1108300
15.700046010108142,1930400
15.506225145586642,1245300
15.462177451968895,1684100
15.647183541725342,2353700
14.933544620139395,1387600
15.250721429838036,901600
15.356444847097377,1098700
15.321205208282176,970000
14.986408252093605,937300
15.048083677312226,842600
15.127377204315206,846700
14.95998119055776,845600
15.180234334838712,742100
15.259526644328217,1519100
15.109755642977838,1155900
14.933550703634825,1224900
15.532655041631296,837800
15.858623862813538,1253600
15.321203103877737,967100
15.42692515151471,811800
15.321203135035793,1010700
15.197857054999714,1199900
14.880684342073803,1155800
14.84544101839023,1251800
14.951169315817708,775900
14.915929937185426,907400
14.774962880279976,1082500
14.783774519577173,894200
14.783774446674323,1033300
14.748532044090835,1557300
14.202287743499479,1088200
14.40492728209938,676900
14.545892834393285,725400
14.572325016149138,1101700
14.457786919480213,775300
14.440166045250141,1063700
14.316823966443753,1260700
14.272772098595334,1580700
14.343255743356167,3191500
13.920355579128161,7909400
13.25076733045557,3974200
12.91597824372429,2999700
12.83668409728936,1572100
12.995268023787673,2048000
13.153857282812488,1504900
13.149681296107657,2116600
13.335013336842719,1439900
13.202633404550069,1429900
13.688022513805496,1450700
13.776279717424423,592400
13.679200489226119,789900
13.370316046212148,864700
13.264411274921297,1435400
13.220284893281685,1034500
13.370313051499243,1829100
13.070256883623665,792500
12.973176522746622,915100
12.779019684383657,1039900
12.355405088432992,1582000
12.593688994445158,1083800
12.752544185555296,1148600
12.814319410693033,892500
12.814323432324871,2028200
13.176156493227612,1162400
13.432092810876059,1886200
13.449741235073281,974800
13.555645317636571,1329500
13.537997134517429,1534700
14.023384828265545,1347700
13.785101786352646,1487100
13.882182121276855,593200
13.935131191313953,1477400
13.864532853283327,947700
13.89982923346345,1036700
13.882180680532327,1549900
13.943956741104204,1479700
13.573298601295956,1656800
13.802752598478364,772300
13.899832773690264,1941200
13.820401369500539,1542700
14.067510483948883,1491300
14.296968837805482,2065900
14.48230105686868,1525500
14.914738949026573,2662400
15.170672251450842,1456700
14.976515305841279,1374200
14.76470969217359,874100
14.78236185670842,891600
14.499953813051778,1341400
15.197147547289788,1744700
15.435429522265512,2003400
14.897089225576343,1311200
14.74705709502173,1851100
14.323444184901188,1903100
14.58820766807655,1588100
14.482298109013856,1419400
14.19989402805458,1504400
14.120463920211028,1925100
14.049861249990018,1801100
14.464651654853006,2063300
13.74097685513572,2077900
13.64389936033909,2601000
13.4232640234373,1864600
14.041035758307567,1133700
13.935132830583164,1923800
14.667633080902169,1379800
14.4646508526658,2413400
13.979259516638685,1750700
13.643899702557444,2674400
13.361489513428749,1843300
13.679199982242352,1074800
13.829226993577466,1002600
13.679201232926223,1142600
13.432092506987193,1065600
13.255585201414982,1575900
13.675079222304626,1291300
13.471635308171866,1238300
13.728152607150463,1668700
13.67507953033263,1035100
13.560088265217477,942100
13.604315112203476,933500
13.67507976249208,1058800
14.0200554551281,810600
14.090818010629503,1020300
13.807760079683705,973300
13.67507888781168,3110000
13.54239799453946,1066700
13.498171561036404,1855300
13.489325882922222,1221700
13.896217835671353,855100
14.161582224983498,1566900
14.373872518963106,983700
14.081968265571783,983000
14.108509378802285,900000
14.020051623848513,967300
14.365024276165284,924800
14.276567953445959,1082300
14.161579325108384,536100
13.958131921949704,698600
14.214651281307189,654900
14.037743837998395,877500
14.179271375618118,1077500
14.52424336750534,2022900
14.426943072066065,1240900
14.639237370868258,1037500
14.789604816603296,707100
14.683464021383587,813800
15.072665556657416,1869500
15.373407919638078,1597300
15.364565322742598,1376900
15.063820971484631,1460700
14.94882804805741,946300
14.771915797611701,932500
14.798455220187288,890400
14.77191895931687,719400
14.533088399146608,1862800
14.161580052716058,963900
14.471175174020747,1563100
14.727688762684307,564000
14.630390236065308,617300
14.612699239327837,644400
14.480018350425263,949800
14.533089391218972,767100
15.373408929169997,3707200
16.142964075563462,1661000
16.169497923919796,1367200
15.258413937966525,1227400
15.338029462607219,894500
15.444171551897732,858900
15.492756312167684,1181000
15.678887403808712,1185800
16.059998214121745,1239600
15.802967769872717,1141800
16.184086380903246,1394600
16.414522691074705,2144900
15.33322283082689,1666100
15.86501165937593,728800
16.051139130484525,1084800
15.607979613577578,920500
15.829560404601468,1209900
15.64343544330877,1015800
15.90046242936266,1148200
15.962505213810323,880600
15.758656011242822,698100
15.634570552662504,808800
15.87387103812144,952600
16.042270205551503,994600
16.104316377743896,741300
15.776379021086376,2435300
15.678886419057891,541400
15.519349829684865,831000
15.537076505683205,510100
15.430717750726128,847100
15.6434343304287,736700
15.865010065271468,1148700
15.448447483631364,559800
15.563666896291576,647800
15.625706110259706,706900
15.616845457404626,874700
15.749787103432078,854700
15.767517004300986,707100
16.148627132683824,948900
16.254989740505746,752300
16.210674513871396,735600
15.749791373264104,757600
15.342086984850319,2733200
14.890061833636379,983800
14.854613482273972,820800
14.828020088667897,1782600
14.207604274145458,1111900
14.446908392345618,902100
14.278508560390428,1031200
14.570995047097426,1287400
14.64189996356828,1527500
14.597582086663591,1212700
14.748259544372559,822500
14.624173386067904,1529700
14.633034296337916,865500
14.482364320082816,762800
14.36714110294324,736400
14.597583272635072,781600
14.41145700794495,918300
14.624171306428009,756800
14.464635788208376,723700
14.473498782256769,945400
14.127837178501675,963700
14.836883365375053,2606000
15.395265283320258,1352600
14.996422371548856,2088200
14.570991820946848,994200
14.50895224223845,2374300
14.092382542028302,1927000
13.751462464675546,2035000
14.195636845142507,957400
14.097914353629454,763800
14.11568546295166,634800
13.902483395262303,1821000
13.609328617058933,1750300
14.115682919810395,887900
14.40883616631565,997600
14.106803578410947,609800
13.964667090634542,903800
13.946901832728525,704400
13.582685230716947,2026500
13.156282099392543,920000
13.218462118581261,1127400
13.111866223302972,1224000
13.271760464822153,1546600
12.623278349121703,1488200
12.925313995118163,1888400
13.289532419464892,1219000
13.1562779374405,1226600
12.889778756031276,1770500
13.227349508890763,1238100
13.476082801818848,1160700
13.698170239095543,1349100
13.360598428123918,2595000
13.378364836077406,1492300
13.307296168862155,1210600
13.049679096656135,1480400
12.872009968183654,1673000
12.90754692605301,1617500
13.040797454801039,972500
13.253996869180337,1477900
13.31618175461528,1514300
13.031911929835953,955100
13.049678762044412,1205500
12.70323017214712,1253900
13.031913653579746,1179000
13.049681025258883,1032800
13.25399894799243,2990200
13.698166589458312,1780700
13.671517058092444,1631500
13.831415128657925,1098000
13.751466632647743,1384100
13.653748658591983,1214300
13.92024828089674,1327300
13.822536229012686,1303400
13.822532932301776,1905800
13.449435763574424,1774500
13.609330998619859,2162900
13.147399597729313,1859400
13.271766654916114,1625800
13.102980539539017,1715900
13.11186417922628,3206400
13.27176431360534,1998600
13.644864953614585,1442900
13.680397680153625,1790700
13.671517635660308,989100
13.182931200758158,4401500
12.401195251612899,2102300
12.54332670921221,2241800
12.756531182917858,1782600
12.68546400475988,1241700
11.01538705328026,9174000
11.512856258978196,2494900
11.722329781402479,2243300
11.4907320820665,2501600
11.855942998219325,1641000
11.855940395840197,1927900
12.158797750569056,1388700
11.757957550638904,2416300
11.624345106294154,1465500
11.134432074183884,1526600
11.677791645690842,881500
11.383842704546122,1177500
11.81140422821045,1415400
11.936107283072966,1659000
11.829218173302985,1694900
11.980647480383636,1598400
12.265687665265512,1246900
12.328040118311383,841000
12.230056682935396,1167000
12.568544554480528,904000
12.426027015118319,1354200
12.568545065188543,2329200
12.826864731138375,1960300
13.0762763074217,2993300
12.773419031751729,2432300
12.746699228082546,3306700
12.728881726168156,1261900
12.99610719902076,1360600
12.933753614885198,2143400
12.969385848075753,1282400
12.844677415777893,1329900
12.987199008227488,1259700
13.147534979021257,1688800
13.040647172393768,1890300
13.512749079610103,1489500
13.40585723662144,1558200
13.539467867475484,1177700
13.726524095545898,1392600
13.494930471132466,1582000
13.396946215340485,1181800
13.281148158076315,1411400
12.951568260212797,1287100
12.969384444952565,1184600
12.80905113144968,1657700
12.488377072536736,3922300
11.757958231586517,1798500
11.820312918504543,1167300
11.998463816744346,1410600
12.328042244576379,1818000
12.711066054805842,2369500
12.82686311030623,1869000
13.24551971708954,1162700
13.183166422853452,1195300
13.005013558299481,913300
13.227703262267804,815500
13.156445996580148,1150700
13.281151075333131,952700
13.058461009570374,1094900
13.013922375981934,1190900
12.933753971787759,994000
12.73779083206805,928800
12.568545922398563,919300
12.87140092725592,1520400
13.094092197128035,2828900
13.575096850001918,5987400
12.577453343352312,7136900
12.737790539202159,4918200
12.711067589038272,3362400
12.488378604590308,2157700
12.54182300850346,2783000
12.185522298965749,2457600
11.735258526537176,4044400
11.324435074371015,2419000
11.431601507477122,2159900
11.494120962054344,1952800
11.127952275196034,2268700
11.690603134047315,2841400
11.76204999782465,2093300
11.52091583308879,1690200
11.788841247558594,2077400
11.610221093740746,1946200
11.556636539422392,8464200
11.762049904645366,2886100
11.672741205881177,1613100
11.547708087262343,2960400
11.869220718312313,2756800
11.717394565140673,2048900
12.021046323879704,2723900
12.163942241845925,1734400
12.253253130323865,1424500
11.985323099686953,1828600
11.91387373390624,1623700
11.896011763954785,2229700
11.538777276323096,1373400
11.592359566267492,1933900
11.556637410291616,1559200
11.89601433549562,1072900
11.98532391973772,1438000
12.065701440878694,1297500
12.038908077621269,1562300
11.842428221768026,1322300
11.89601433549562,1068000
11.699533125920688,1186100
11.788840466441346,1227300
11.654878784560646,1526800
11.494121768634342,2276200
11.297640973523771,1647000
11.074366701440251,1590400
11.020782191672463,1217100
11.226192445684873,1471700
11.404813525060895,1804800
11.485191541492396,1160300
11.351225852966309,1384900
11.288709846431402,2081100
11.002918756956838,3281600
10.779645996258097,2225400
10.672477733875127,1078700
10.654613166289153,2316600
11.020782832681409,1883600
10.71712995237362,2056700
10.565302214536914,2426500
10.395616484724103,2163500
10.404543162587814,1527900
10.181270939780076,1896100
9.841898122154385,2519600
9.65874336693174,3159700
9.739379379436702,1925600
9.479541946706464,3454900
9.596022437593389,2017600
9.30930617118655,2508000
9.300345579930225,1996100
9.2734657062451,2438300
9.34514568422784,1622200
9.201789246052321,1529500
9.479541795970526,2912400
9.927533163155395,4166900
10.187371481881975,2251700
10.43825008944633,4190100
10.402405903386887,2251600
10.384489059448242,2251300
10.17841188334529,2452200
9.927538531863336,1773400
10.214255556115912,1316000
10.294889547640944,1802200
10.572649857786612,2819100
10.402406862755424,1827800
10.716006815611678,2309100
10.500965961624154,2791100
11.038561200247443,6954600
11.334232553781499,5200400
11.72847114587577,4676200
12.095827609654581,4669600
11.549273283064181,2465400
11.59407175433776,1571700
11.576153107159268,1920900
11.361115559417485,2531700
11.334235743503704,3314400
11.737432611583293,1602900
11.495514133484898,2679600
11.638872486463628,1954100
11.316316210403851,2033000
11.827029847349596,2529500
11.853904823718192,3185300
11.513433475295974,1856900
11.809111189375253,1948800
11.818068313084098,7785100
12.920135747654047,7667500
13.60108621529255,7735600
13.851959065077121,5335400
13.896760352276326,3127600
14.120758186171667,3402300
14.165554901240279,4485800
14.532910383330414,4603600
14.138678654947732,1940000
14.165555768315754,1838900
14.34475565325937,2371200
14.210353948816673,4092300
13.359169830748227,8245400
14.703149607799194,3897300
14.927145345725773,4788800
14.882346027886824,4194500
15.536416726402019,6294200
14.927142696814451,3828100
15.491614095179068,2283300
15.428899488623916,4199700
15.482654672704811,4954500
15.384098225911984,3539500
14.962985854874285,2323600
15.002848255750989,3067700
14.428235053758032,3206800
14.70656288265023,1975400
14.957960989676032,2155900
15.065700463793442,1472800
15.13752870188162,3632800
15.792943735811155,3425500
16.026384397103723,7123300
16.978096747956936,4224700
16.87933167165261,4024300
16.430409501424823,2550700
16.825456698759105,4844700
16.906267022799984,4130000
16.663848956396123,4562500
16.16105694837973,4114200
15.963540874141255,3990200
15.370961303973687,2840200
15.568488605795848,3891800
15.88273280120011,4584600
15.173437582410578,4907900
15.01182882880308,4322900
14.966940944167511,3172300
15.182420440877925,3892700
14.922045718384581,1952700
15.011829441458328,4263600
15.397897751158839,5023000
15.5954245063501,3590300
15.81090302215746,3046300
15.326073759769473,2356600
14.589845039434877,3806300
14.176842869561973,3810700
13.99727256760747,2850500
14.293562619345163,2437500
14.302538871765137,2560400
14.203775885622436,1686700
14.410277438495486,1448800
14.832265459972652,1786000
14.787368540695612,1552900
14.464149212631117,2496300
14.562908445161865,5760100
14.553930128084527,2309100
14.365386016250143,2973500
14.042163816101043,1745900
14.212753204888374,1829200
14.616782191228195,1819900
14.796346115430062,2288800
14.302538978534255,1866900
14.347432350467322,1486500
14.428235053758032,3412900
15.04774640083122,4129500
15.083653583552707,3542900
14.428235053758032,2191900
14.67963048292222,3646700
15.317095486432908,6613700
15.110588993671913,2644100
15.326070624161341,2258300
14.679629540245289,3440800
14.913066603940019,1776600
15.074677914110925,4715000
15.433809488227586,3641000
15.7480540583352,2332800
15.783967245623916,2165500
16.116171287774375,2065200
16.340625246639583,2575300
16.389809186203358,2255600
16.542732408858296,2112200
16.82159686113844,2263000
16.839584877440497,1878100
16.866573067970677,2030100
16.713650496178175,2511000
16.398809051791126,1683300
16.59670906888723,2000900
16.857577932894177,2426800
16.812601174548035,2232900
17.19940817331888,3978200
18.17991517509823,4238500
18.332840813317713,2651400
18.242886644548634,2991600
18.28786693527719,3583500
17.99101304466085,2049100
17.83808930353078,1965900
17.946032664586756,3661200
18.881565900470548,4293400
18.836589843501823,3975100
19.430289681081234,2933200
19.25937718113738,2335400
18.908556860326698,3370300
19.50225851918619,3187000
19.664179337895256,3704700
19.583212984635757,4190300
20.293857982590698,1346100
21.049481676017443,3370900
21.202404514655132,2191300
20.815600404439895,4091000
21.562225373265314,1908800
21.55323435658938,2913700
21.4542849444302,3448900
21.544239221004332,2710100
20.83358753519628,2639300
20.869569112670796,3909600
19.82610072123191,3071500
19.952027284810267,2457500
20.158929730856585,2214400
19.547233483022563,3812600
20.590711012847407,3340500
19.790113023630674,4120000
19.6012057191031,2043500
19.0254922770926,3267300
19.943037033081055,1648200
19.862076747318515,1302700
19.961029871974315,2892400
20.968523315625184,2423100
20.01499918942048,1341000
19.62819410953109,2356600
20.42879291854424,2794700
20.401808321540443,2283300
20.383812003154155,2980700
19.754135722816503,2392400
19.74513514328831,2703300
20.203902018327742,2163200
20.689665490939024,1715900
20.230889858619967,2641200
20.32984255821996,858300
20.329843979838465,1556800
20.266875624821758,3285300
20.203902191927924,2452900
20.329842708263698,4395700
21.742135259151777,5072400
22.065977906823857,4982700
22.839588245639842,3684100
23.397313827295513,5147100
22.218895110831557,3118400
21.80510461205468,2951800
21.994013539435027,4636200
17.54640194566669,6541700
18.42101589893458,3058200
19.557120101921665,7522000
20.10713013198459,3153600
20.016965186961666,4122400
20.0800856657932,5188000
18.30379633539111,5177400
18.339871281319983,4763800
18.457083755547135,4406500
14.363526443088691,6598700
15.499621389429317,7880800
9.6027330500318,11794500
12.71348065559016,9581700
13.43481061614382,8601700
11.892962644700562,6897100
13.092176216161318,8340000
11.992145018930962,5675300
14.453692292536509,8115500
15.247159576032619,6525800
15.373389395158242,5893900
14.643040000930904,4056100
13.687277410663835,4036400
13.344643111122029,3988100
12.947911799079776,3646700
13.966790738715838,5032700
13.3716954776765,2285100
14.201225716756591,4289700
14.904527836673251,4292400
14.940592983084265,1967100
15.418473869508814,4339700
16.401292176125484,5004600
18.285773792818496,5141000
16.72589111703505,3216300
17.519354210020857,2502400
16.942285019843442,4469800
17.122621265907927,3506800
16.92425912613959,3336500
18.484133952645696,4049300
19.32268666655328,5356800
19.566132411748303,3222900
19.68335008651545,2073100
19.818601916028953,2764900
19.91778564682924,3107800
20.215330304569154,3116000
18.664470259447913,2747800
19.944832110829655,5831600
20.13418383426638,3817200
19.764497416036342,2585000
18.934967244266907,4062300
20.11614961126722,3111900
20.170254511010036,2646100
19.818599019341853,3043200
19.935818788311785,2969400
19.322687214654835,3351500
21.065756255205738,6617200
22.936459731983923,4628800
22.864164192794245,5584400
24.590268904706654,4397900
24.563161616339332,3944700
24.734862896061646,3105900
25.14154089714101,5255500
22.782826617523725,5168200
24.445676343487897,5668400
25.186725248360897,9853500
26.786315971658812,5296800
27.563513127389534,4965800
24.599311903913776,3473700
25.53014314543904,3418600
23.56003058013938,3819300
24.400487408667683,3170200
24.870426411319936,2560500
24.870425526391795,3816900
25.810289015906903,5368800
23.758846849326886,2883800
22.74667712883792,3398500
24.82523575326489,3146000
24.102261439773496,2032600
23.785960412089686,1881300
24.020926137807226,3639100
25.23191558767198,5068800
26.17178301263155,2455200
25.53014385503601,2793500
25.349396369674967,1754700
25.376508544505345,2230300
26.027188469849033,2266800
25.448808125046217,4724900
27.599662872288246,2888200
26.406754630428786,2105800
26.985141298322624,2435900
26.605573053548508,2973200
28.015379839449274,5352200
29.88608673372305,4852200
29.69630589235288,2145400
30.699433625541197,4159700
28.23227801991933,3130100
29.91319797885104,2845300
29.868005036747874,2654100
29.922228180645448,3220600
31.612183271678642,4262900
33.79919371543842,5660300
33.266005163532405,6026400
33.26600408826527,7366900
32.65146296928374,3761300
34.8655903859301,5313000
34.23297989025733,3622000
34.43179359253231,3950200
33.19370326853352,5945800
33.01295180226334,3585800
33.681709903107055,2417800
33.519049055563954,4202300
35.69701185956692,4991400
36.148877021824276,5789300
33.826300381243826,3514900
33.528076529249965,3237700
30.726541815105296,7506800
30.17527004106139,3744100
29.994528727305177,4633300
30.75337710329324,2145500
31.767024811244493,2923400
32.753522535919785,2728500
31.124440725292096,2500200
30.37326217251232,2564300
30.64476943250429,2621200
30.653820659781733,1701000
29.70352895579603,2172800
29.712573486462414,2817800
31.739871355035604,2185700
31.586020110167237,2552800
32.717315222229395,2288300
33.47756167858855,2163500
31.812270670934375,1728400
31.748924712283017,2267100
31.377853838392408,2731400
30.201300111321512,2665400
31.15159836674688,2070200
32.789722569918304,2048200
31.96613344470716,1851000
31.576964043447973,2152100
33.44134936297004,1996700
32.889274085742805,1838600
31.46835794965672,1859600
32.06568980281028,2792700
30.42755587637546,3630300
29.75783612937973,2296300
29.3415018810485,4638400
27.069850268842906,3789300
28.00204531373145,1800200
28.834682847516277,2359000
29.413910265024793,2362800
28.9975878588591,1944500
29.857380668160616,3010600
30.34610722212172,1985400
30.09270288292027,1603900
30.545219054330182,2278400
29.323413486072116,3320300
28.943289440783296,1822700
29.956940413742235,2362400
30.89818526707765,1714500
30.617620737904133,1827300
30.699075747547912,2147700
30.273704347811552,1499100
30.626670551398135,2020200
30.08365028054206,1872700
29.32340753111092,1981400
30.30085659943698,2263700
30.418511709644037,1859400
30.255607171586796,1173000
29.812124760305895,1778700
29.7849822894955,1036000
29.124297076750477,2773800
27.00649424841571,2150700
28.418365107318564,2493700
29.042841044400966,1944500
30.00219218164865,2629500
30.699067903599715,2069100
30.26465031711295,3997700
32.979790625247276,2774500
31.776075217605534,3197500
30.816727519216442,2486800
29.386760029461605,1870900
29.196702210142917,1768600
30.275198349309488,1357400
29.839850285521553,1290700
29.431701784963224,1776200
28.760531520515563,1933100
27.327491634397095,1912200
28.26169053547489,1668500
27.517963132032136,3582100
25.849106823383828,3061100
26.484001765219027,1862300
25.994227205634424,1962800
26.311672829583394,2077500
27.944241761976503,2886700
28.189132137656593,1950500
28.279828354391014,1592300
28.044016965387467,1488000
27.581450216540187,2408100
29.15053665210691,1872200
28.034947070236406,2840300
27.43633358146174,1931900
27.37284402815273,1401100
27.08261113617966,1803500
26.99191058286212,2291200
28.198200683649457,3333100
30.538226065266755,3920500
30.846601657753055,3620300
30.47473686101995,2400600
30.592639289938056,2372400
29.758222379305646,1556400
29.631243709542474,680600
30.710551365246733,2093400
30.42938526235699,1763600
30.184504515817814,2484400
31.71730318643058,2247200
32.70591179831772,4613500
34.10267967910314,3199000
34.302225531813654,3425400
34.65593901195192,2035000
33.7217486578062,4838100
31.309164998721595,2422300
31.027997061341946,2446500
30.420319862603836,4028800
29.1142572494632,4820200
27.92610660647657,4403600
27.20958906100383,4625200
27.100744593755646,5221200
28.93285818559878,3199300
26.901212549096403,2638500
27.74470617333593,2276500
27.209587827058463,1658000
26.601910150575517,3446600
28.080290247609998,8466300
30.728691310060082,6722000
33.894069072974766,17984300
30.692416433037984,8884200
29.21402380262324,3144000
27.70843060610658,4027100
28.860299928925,3052900
29.74915053785162,2912700
30.35683095284519,2214500
30.347759605034806,2356100
30.22984934732483,1838100
29.477054305354308,2299500
29.839848417395007,2605300
29.241241243856805,3516400
29.159608286195596,2439600
29.622171156884153,2357100
30.021240410074892,4527200
30.90101571451746,3094800
31.055205682295345,5252100
32.80569323217239,4223100
31.089425664881464,3908500
30.844050938513323,3188100
29.144637504359935,2772700
29.453617623147068,2687100
28.65388808315962,3898300
28.163144256187532,3670100
27.93594949059936,2469000
28.144964808543953,3513000
28.126796049755907,2559400
28.61753795119128,2019300
27.78145780773849,2872000
29.390002295048358,2937500
30.507800969829077,1791500
29.935267232438115,2899500
30.598684090641182,2150300
30.571420953576123,3129800
29.98979415523729,1181700
29.844393412326646,3844200
28.335813882407532,2253400
27.317982822198346,1906700
27.58152410367326,1170900
27.763280613921403,2377600
26.62730413333872,2651700
26.818145503632792,2103100
27.71784253450622,1738200
28.58118821481686,1560500
28.781119620354396,2055300
29.562668701574403,1446200
29.889826456355685,2111500
29.88074256967216,1721100
30.216991461389153,1401800
30.08068182422893,1347000
29.998879331040982,1422200
30.12611190454144,2960600
31.380235489364296,2172600
30.762266198169826,1517900
30.20790732111046,2174800
30.68955429245427,2070700
31.334791959646584,1599000
31.08942265619565,1135900
30.8077014123012,1657600
30.23516727391585,1676000
29.326393838881597,1707100
29.644461368984786,2356400
29.435438065381508,1907800
29.53540064768113,2401700
30.335143133237196,2213700
30.44419474023156,1361000
30.44418499624129,4157200
32.034550959239866,1874600
32.35262928245587,3322500
30.453276396358515,2814400
31.571079152160923,2615500
29.008314686942484,10087300
27.67240958648314,3863400
28.45395594306687,4698400
30.80770253402575,2552700
29.871654444721585,2529900
30.089760442566394,2440800
31.217667391936565,2675300
30.835186940351676,1542400
30.698590261159335,2326900
31.017321959829612,2197500
30.407171870292217,1455100
30.3161041481954,2039900
30.835188384714666,2689000
30.60752861038894,2465800
29.46008213580995,2856700
29.186882954475035,2154200
29.378121684525254,1875300
28.904580233421353,3092700
28.248898396621907,2398600
28.786185569354352,2769800
29.396334869254837,2236600
28.09407992940403,2313600
28.50387880370762,3237100
27.75713610043612,2500600
26.819149663273517,5640300
26.518627421904597,3837400
25.99954373056277,2328600
26.04508285100101,2569100
26.50041330668432,1803100
26.236320877361504,2348500
26.44577463188717,1915700
25.87205235791846,1507600
25.234586783681713,2241700
25.75366676171543,1806200
26.4093449475939,1415700
26.20900371687695,1586300
26.573267985568425,1961500
26.054186474010844,1591200
25.617064998102997,2989700
25.170841367936717,1941200
25.726341558703,1846300
25.434931189172033,1553800
26.409345528998895,2237900
26.16346542049258,1412800
25.780986167980334,2220100
24.068936064062747,4433800
23.86858532049177,1855600
23.91411879969069,1858300
24.651758127523184,1524900
24.496944861550826,1254600
24.478731883860824,1031800
24.697291582942515,1190100
24.49694377314041,1541100
26.063292873551692,2199700
25.498679193333533,1114000
25.48046413675403,817500
25.261906176247006,1277700
26.01775653285579,1444600
25.170841386707238,1373500
24.396772648291854,2025300
23.9960769948325,3922500
23.167368594662456,2504000
22.766680295378055,3523600
23.996078891379092,1927500
24.114465935262473,1660400
24.132682007164647,1411600
23.358611009114536,1465700
23.26754274227703,2841400
22.256705181106916,2721800
21.773254107515704,1524300
22.614557132805857,2080500
23.565594739582252,1463300
23.044350184981013,1288600
22.550543551243784,1435900
22.632841848307226,1858400
23.757625816247693,1389100
23.45585461575715,1443100
23.91308598530417,1058700
23.593026376452276,986700
24.214858698051017,2057500
24.178277048741027,1646400
23.483292810607548,1673000
23.858220425589987,1557000
23.49243307928561,1301300
22.97119584039477,1663000
23.748480769720118,1927500
23.54730578708751,1166700
22.79745088462283,2956800
22.43166573079455,2534700
22.038448821849347,1686900
22.513965652425455,1490900
22.331071381482353,2033100
22.065883281414024,2365300
21.508062610212846,1616500
21.562928908340094,1215900
21.261157487256263,1881800
21.361752687210902,2769200
21.25201317541544,1942400
21.526352972932003,1509600
21.233724324235745,1881800
21.19714690216499,2560600
20.941103160586785,2565000
21.471483125418793,1899000
22.559686700096353,1851300
21.96529763678895,1093800
21.78239509936418,1726100
22.44080949063795,2153400
23.327832011297424,1724500
22.989479992093816,1634600
22.797443904604616,1301400
23.53815969678013,1672400
23.483292810607548,1890400
23.51072401745853,1414500
23.986244908188606,1867000
24.141701401515395,1305500
24.15999033072978,1135000
24.23314861749657,1370000
24.17828425111595,1209000
23.79420688562723,1501200
23.556450581162128,1050800
23.391842869511194,1102200
23.10836825370678,1901500
23.96795406222672,2123800
23.163232688046413,1636900
24.05940025010574,1494800
24.141702556501865,1930100
24.708666379700475,3560400
24.91899150126689,2377200
25.07444949966629,1353600
25.32135174565863,1405700
25.43108436921422,1647400
25.44937728496994,2014400
25.37622171908547,1057000
24.918458364797285,1516500
23.514212612038865,2954900
23.587636127082252,2507200
23.872154524613265,1551400
24.18421176761203,1131800
23.523387088616722,1358600
23.569272999272375,1878100
23.65188442242209,2479100
22.03654113588639,2183800
21.898870462109596,2294200
21.614351011865356,1540000
22.238457786646237,1324000
22.34859423804736,1412800
22.284350693968452,1690500
22.073252920328372,1885500
21.568459557943505,2033600
20.73325699123313,3303100
20.51298494315954,3776600
21.412433724489784,4264600
21.990649993206787,4656700
22.045718294918135,1989600
22.30270360385106,1575200
22.623940036847102,1441000
22.807500445787888,1225800
22.79831824502826,1266900
23.073664807592063,1172200
22.55969070806255,1816500
22.541335850170288,1939900
22.991059437319613,1788500
22.596401328843662,1471800
22.4311989742328,1992800
22.440378741434177,2157900
21.283943722772374,2654700
20.87092557692839,2479500
20.47627098586642,3136200
21.173799864016615,1608700
21.80709071727482,1536300
21.92640698511098,1286600
21.577639941195386,1822400
21.182978528903856,3052900
21.23804773495574,5458200
22.899279870710558,3421400
22.651470677125136,2432400
21.155447631551766,3717200
20.82503478456687,2371600
21.19215953447404,3143300
20.36613418732122,3520500
19.558464570739343,3730800
19.659420461366675,3737200
20.1550346635441,2654900
20.375311308976155,2352900
19.787911186830208,2462000
19.347368772917644,1510200
19.833806870959965,2566100
20.714901664585028,2314300
21.192160746591362,1614200
21.008596123097888,2284200
20.751610397623296,2675000
22.10078968060458,2572800
21.412431747650654,2119000
22.054895245273194,2301000
22.633116626517193,2865500
22.56887400537514,3409300
22.128323309722514,2574200
21.522568942383256,2957600
22.80750027984906,4683800
21.155443919997854,3902200
21.678596223854775,3332900
21.834625411596196,3868700
23.183803214083795,2359400
23.46832177602944,2067900
23.78153964187394,3846600
24.39013864455322,4107800
25.173944997392272,7987500
23.809204672675126,3328600
24.860424930855075,3293600
24.897309466858058,2455300
24.417805117122754,3501700
23.136053879391785,2938700
24.362480629686626,2738800
25.367590026382086,2749300
25.22927538501059,4389100
25.690333453316228,2237300
25.67189375534145,1939600
25.616563995052292,1761800
25.948527961479538,2897800
25.81943541671755,2373300
25.635004776725705,2966300
24.178053917278866,2503400
25.45980374425974,1705200
25.422916053334305,1698100
24.998741602826684,2075200
26.215943551743113,1621300
26.013077678586207,1700600
25.19239203502409,1440600
25.293819315397347,1631600
25.671891527374534,2559200
26.806100368908446,2628600
26.852209091186523,2727600
27.156511480902957,2103700
27.52535569771355,1917900
27.84809995922037,2279700
26.74155533413488,2147900
26.30815638536515,1530700
26.65856029590905,3049700
24.68522077750576,1906500
23.431134650949957,3260900
23.643219576186574,2166200
22.785648422979605,1659800
22.490567225984254,1985600
23.338921993410022,1899000
22.17704467453224,2281600
22.592005747497343,1405400
23.17294108639369,2034400
24.039732233770067,1872400
22.79486566200391,1513100
21.706768836940345,3084700
20.99672901281953,2931000
20.65554649003313,2585300
19.788748638649547,3781100
19.429122005188827,2707600
19.954730344564503,1939600
20.50800918300125,1823000
20.231371851895716,1706000
20.1760458241692,2160300
20.979026121989076,2140000
21.08100373479194,1418100
20.802892565123702,1603700
20.469150330020017,1423300
20.663832200020753,1338300
21.39619960545039,1357500
21.145893922519512,1889000
20.728726645176316,1567400
20.849243343199976,2584600
22.110021824057302,2207100
22.174915014973507,1789600
21.322034551268292,1670700
21.349841964489105,2097200
21.17371078113829,2180500
20.218846815856857,2575300
20.700912308551846,3255600
20.033440235900354,2388200
20.02416909202514,2256400
19.569919903291794,3073300
19.857304071582412,2610100
19.569919236051565,1745700
19.848033409351565,1688200
19.467941779624912,2606700
19.208368005223672,1838900
19.61627171146568,1680100
19.88511626096623,1920000
19.61627469892453,1553000
18.83755473081162,1854100
17.845615565793715,3353600
18.142268012446657,3689600
17.35428228454107,2096400
17.437715298788763,2229200
17.78999257133209,1629200
17.354277693789587,1187200
17.187413464223926,1732400
16.751698969752677,2082300
16.64972569286259,3300100
17.15033080544397,2040800
17.17814550008953,1947600
17.354277693789587,1617100
17.400637456647107,2202800
16.798057437598633,3762200
17.89196650135685,2456700
17.298660666856446,2143200
17.103975924583786,1874300
17.428445296707093,2842600
18.587248838159873,3464500
18.781929878585366,2471300
18.96733789656277,1583700
18.856094602566603,1878400
18.726308448388373,1772800
18.336946704025937,2625200
18.457467468594427,2046100
19.449406837054273,2119200
19.39377877956698,1585200
19.597728827912174,2229600
17.808530215748583,11654900
16.64045499951153,5047700
16.362340893635604,2845100
16.353071338077513,2118500
16.102772392844045,3990900
15.602162343587498,2080800
15.462315279746273,3521400
14.865098647850683,2994600
14.977075573356148,2591200
15.163707643370568,1762600
15.555629774054061,1727400
15.56496351790028,3495700
14.631809298356531,2411500
14.771783491033966,2611800
14.034593233526216,2619200
13.614675849053661,2638800
13.85729464972167,2673300
14.137240073685645,2138900
13.726653763251072,1913500
14.1092450269549,1701300
14.669134506882987,2164400
15.322345121272923,3252000
14.799776162441097,2966200
14.958412953565372,1647800
14.809110444131385,2956900
14.351865325422482,3313600
14.473176345072291,2440000
14.81843916589811,2337700
15.070392252673628,2746200
15.089055063977286,2138000
14.211890736620736,3165200
13.745316245428404,2817800
13.894621247294912,2895200
13.801305700757295,3117600
14.342535926142613,2499000
14.501167035950965,2743600
15.24769093146304,3671600
16.143514939342527,3774800
15.686273818094538,2245500
15.770251949213991,1933600
15.788917760475977,2093700
14.949082158717035,1421800
14.930416695465544,2502200
14.818440246540453,1536300
14.445180548552853,2707900
14.949080923050975,1950100
14.74378843759966,2457900
14.75312155394959,1140100
14.389190061796477,1781800
14.361195792145143,1815000
14.566489010956323,2477600
14.939751357026044,2133700
14.82777259199798,2110100
15.117050624005199,2336200
15.480978983665686,1598600
15.023733512613287,1509300
14.930418057889346,1709100
15.508974161193288,1386000
15.33167340299204,2638400
14.221221902857742,3689200
14.463842506330133,21696100
13.969273392542032,9430300
14.043926593226201,13895100
14.043926905314807,15284200
13.400053108920442,12970500
13.614675175545493,11014000
14.239887063334796,5433800
14.37985909694869,4940900
13.782643407096575,3995600
13.493365416704437,3751100
13.568733411553673,3902200
13.7660651415992,2618700
14.076150471971427,5731600
14.63055344157965,4288800
14.968834079778464,1793600
14.724519824582417,3764000
14.23589402921431,3008600
14.686933103039257,6455500
15.645387481818034,9293900
16.021254118315593,4360800
16.218585549894854,4056800
15.861510981339219,2836500
15.607804045999554,4681900
16.19039481956418,2762600
15.823925171927577,3848100
15.382283913260471,2409500
16.162208925605963,6465800
15.542031312141743,2905800
15.147370577888493,2400100
14.668139567811657,3350700
15.081592861354704,3254800
15.100386642081022,4738900
16.040047373720935,3107400
15.617198951514927,3371800
15.823923985137734,2701300
15.936684114871017,2631800
16.143413319589484,2657600
15.899097118416185,2936100
15.692372804901748,2830800
15.786338023544074,5326800
16.472297923581436,5695200
16.340739619076878,4532600
16.72600361666746,4087200
16.86695438947929,3030600
16.52867126123087,2598500
17.26161049994664,4350800
17.430749271939433,3541300
17.289801677012683,3838100
17.44014400446227,3034500
17.571699106408833,3424400
17.130056836485263,3283500
17.374370597295762,3821200
17.59049359956269,3639200
17.524717740740112,2493400
17.64687379118084,4305900
18.003945889201574,3419400
17.346176354164708,3747800
17.32738187615824,3599100
16.94212673948222,3039800
16.979709837952782,3227300
17.75963095217851,4526800
16.744791377934884,5526000
16.06823814326438,3035900
16.011858863397485,3163700
16.021254429797576,1884000
15.993066809462661,3112900
15.607803444987319,2380500
15.43866261980793,1616900
15.18495594885118,2000100
15.128576238236842,3795600
14.997021388759963,3385100
15.034609966597277,4783900
15.184956365540293,4664800
14.696331150286884,5877000
14.63994978140484,4901500
14.09494512916271,3524800
13.98218770644389,4307900
13.747270191638297,4570300
14.21710098673399,4485100
14.188913621771812,3363200
14.659970644655347,5608700
15.085585176644155,5586800
15.142334217654247,5172500
14.442436557657869,3874000
14.357316124072616,3488300
14.716721534729004,5195900
15.577403740742724,8651300
15.936809356371052,4796500
16.504293776149098,5238700
15.89897653311852,4379200
15.88952217326426,9009700
16.816407540491678,5083700
16.617789581327788,5197800
16.15434506488809,4222700
16.64616372121462,5083600
17.137984191451608,5174500
16.608330000093588,2414000
17.16635438004934,4122300
17.36497441830948,3638300
17.573053291630785,7348700
17.4500932384763,9713300
17.279851182400467,5294100
17.402805992205472,8334600
18.2256566487773,6954300
17.941913907047496,5089000
18.07432860411071,4526100
18.13107588130293,5835200
18.25402985519772,6995400
18.426317245064542,6880800
18.169603256062793,6035000
17.7037181284347,6641900
17.085702926123837,4092600
16.733911529434728,5122500
16.743417675200938,4655700
16.353595737589956,4073500
16.277536331143615,3344000
16.372608229215793,3411800
16.619817854648563,2966600
16.144418848034853,5356100
16.733911469539375,8606800
17.20930673303521,4209600
16.591291504664692,5545700
17.30438993067235,4625000
17.27586361497676,5680200
17.00012980701977,2800900
17.247339285242084,2127600
17.085704825869836,1876100
17.06668847318927,4159400
16.543754698926968,6595400
16.020817753148098,5311000
15.64050387693899,2529000
15.640503887836037,3376000
15.383789092230927,4043400
15.165107731248833,6542100
15.051012020269393,6450600
14.870362263015267,2104900
14.775280973337383,3067200
15.003470374124497,2741700
14.471032137169928,5184600
14.518569916072611,4694200
14.20480919947431,4270500
14.366444567225077,4959300
14.642171856459397,5273000
14.927409204231713,4055800
14.765774762548933,2593900
14.670696262094749,2942200
14.908392889844487,3641500
14.89888574203052,2601600
14.670696247284173,2011800
14.566108722360903,2020600
14.708727806171211,3496300
14.63266565925938,3585300
14.214316360773138,3113500
14.356935476794,6410800
14.337920221479937,5365100
13.75793644102157,3468600
13.691380500793457,2717900
13.80547805800194,3401200
13.84351057672337,2307900
13.910062761296832,2770600
13.577286714471825,2533400
13.330080990620807,3490100
13.643843613306517,2719300
13.891048419972876,1684300
14.28087231461769,3064100
13.577287722985155,3790100
13.52023982244564,3080800
13.548763284183666,2373800
14.166777617006627,2791500
14.51856992014112,4971500
15.108060839119918,4727100
15.136584296894165,4212200
14.95593264705465,2770500
15.450345056430633,3854300
15.754598609378629,3782100
16.011311524930665,2914800
15.345755649578352,3046300
15.497882853888022,2443000
15.307724977886064,2605800
15.43132875209326,3589400
15.298218735934324,4826200
14.965440755799792,2451800
15.345756521309008,5028500
15.726073167884284,3244100
15.450345052019623,3207200
14.775282865463053,2918400
14.784791933751084,2922400
14.613649385168488,2269400
14.623156526838404,3033700
14.566108705236939,3205000
14.375950802560602,6163600
14.68971157464318,2172600
14.91790104670727,2653800
14.841837879013857,4533500
14.727743160066893,2191300
14.75626849942314,2308800
14.565428621033133,1814100
14.71854620464067,2427100
14.651557452821374,2607800
15.053492330051474,4163600
15.273600886515222,2351800
15.22575161023869,2857100
15.015215277734363,3312200
15.455430425440445,3329700
16.115754336836545,2789500
15.646827957219733,3242000
16.077474455888886,2606400
15.321452057405851,4338200
14.795107702029782,2922100
14.699405757401676,1733300
14.737686086605333,1909400
14.938653480288348,1685000
15.053494108760855,2174600
15.206612633383857,1376900
15.244893036924667,2357100
15.771236605991898,6291800
15.924355266219516,2856500
15.962636691052255,2510400
15.579838123174216,2862300
15.149193141964911,3152500
15.01521269008971,3333300
14.594137041027565,3085700
14.230480109463693,4662000
13.732844026499201,4083400
13.541444990691629,4539500
14.086931033803449,3415700
13.55101449593838,4738200
13.1682177045391,3875500
13.149078392623077,3259900
13.062948597982691,2423200
13.196927757008218,4574700
13.551013406798043,2329500
13.637144860458658,2202800
13.905101598047914,3442800
13.857252217250343,3349500
13.876393010208226,6768900
14.05822031037543,3181000
14.134780642621605,2806800
14.775964664046253,4144500
14.508006786010462,4049600
14.603707092664669,7004300
14.517577084727236,2607600
14.345319833436989,2739100
14.488867290858783,2034000
14.335750416756436,3308300
14.335748228119831,2943700
14.689835847957244,2249800
14.240051212364184,3397100
14.058220997736427,2421100
14.240048920724108,3262500
14.058220653295672,4351300
14.641987115940763,3772500
14.421878128913738,2843500
14.000803587839664,7675300
13.110797882080078,3625500
13.053378154282912,4704600
12.72800020488584,2883900
12.909832011037437,3413600
13.512735589283686,2322900
13.646714807619064,4141100
13.944791844863426,2483200
13.559309322616222,2290400
13.944792297465792,2748900
14.195353686706063,2105900
13.858058346838208,1747700
14.532651759874378,3273600
14.6579311530055,3357900
14.985591656828664,3316500
15.081960300922676,2655600
15.0434131140601,3728000
15.10123471433299,3928900
15.265065406814205,3513000
15.04341311380773,1551300
14.860309086419532,1970700
14.580835835555808,2193500
14.089346624747678,3140800
14.311000528564644,2889500
13.809873530875059,4493300
15.342162985076097,4988500
15.081960906828169,5611400
15.081960020010866,2504900
15.062686878401117,5001800
15.650545444181722,3761800
15.515629406083258,3324200
16.170947813894735,3260100
16.180583953857422,1609100
16.17095096039227,2602300
16.122761487160087,2563900
15.78546625045228,3209800
15.718004989321468,2600400
15.024139384875756,3585700
14.763939019952419,2731100
14.966316237114206,2356900
14.81212481078597,2127300
15.033776269493044,2028000
14.706118884691634,2774000
14.465190407802163,3263600
14.561561224968711,3550400
14.619384641125711,2607100
13.80023386984294,6298300
13.116007382778829,4711500
13.241287894666618,3688600
12.923264381270545,2799000
13.395479175244741,2435600
13.85805969310468,2792400
13.376205956153992,2479400
13.385842323303223,1871300
13.424392396814882,5062900
13.231650637618383,2587300
13.173828204630698,4209800
13.241286899521755,4159600
13.21237603219927,3452800
12.97145057177585,3473500
12.70161297736673,2606100
12.923265559392505,1879500
12.653428455363422,2474500
12.711250606647894,3366400
12.508872151875368,3559800
12.345042418950701,5345800
11.86319191557696,3212200
12.152302393234953,3519800
12.393228040629953,4371100
12.643791080251189,3039600
12.499234787308673,2022300
12.142666600870765,3830200
12.229399245403865,3112200
12.28722103702542,3957600
12.181214385012682,5083900
12.03665765630304,3160600
11.94992409153302,4386800
12.08586007991612,4791500
12.75621670416089,4704300
13.173978605953515,4621500
13.076824188232422,3599400
13.261414753398151,7046800
13.650028092174047,4090300
13.455721507430576,4263000
13.4654355935667,2911200
13.582020948649992,3330700
13.834618522075875,3591300
13.708320355816637,5254700
14.019210657491152,2698400
13.630595456375477,3369100
13.290561491284576,4484300
14.096933050290648,5018500
13.52372736406354,2853100
13.640311729721352,2217400
13.844334900547253,2301800
13.56259000720669,3235000
14.27180745022583,4232700
15.02960478726014,4425000
15.058749841079445,7433500
15.466792241096003,11033800
16.37031543282403,6470900
16.244017669125878,7969000
17.516725538333688,8970800
18.05106963225893,12170900
17.749895501472054,9926100
18.750571458492747,7595300
19.624949657923803,13014500
18.828292202562874,8175500
18.01220997668238,6731300
18.51740254822306,5161300
18.74086031716578,4627800
18.536836135537094,4199100
17.6041660632616,5167300
17.62359459513781,3467900
17.924770929792732,2109800
18.09964486221039,5597000
18.740856458651383,2535900
18.604841279775144,4104200
17.94419910139269,4523400
17.934484087366066,4415400
17.749894644991127,4655500
17.885906110953044,3882300
18.23566157045193,3301800
18.264803962927296,2466200
18.060785286895413,4334300
18.60484207619189,10806900
20.266163044152545,5211000
19.68324210770528,3784800
19.430645208433106,3561200
19.964986015034064,5909200
19.9844165238081,4134000
21.03864618782021,12764100
21.438920792418642,8065300
21.53654764788195,4982000
21.419395878453294,7045300
20.814104229349468,5797400
20.550513486848818,4357200
21.585360569179354,6006400
21.75132886960258,3330700
21.419398768752348,2873700
21.848954364576542,3413500
21.351056056700568,2931300
20.716478284635716,5299800
19.82807120195892,3420800
20.306445863878785,4123100
20.238102731261453,5666900
19.55471649869364,5174900
19.330172665106996,2767900
20.296685637195793,3722400
19.710920219404723,3312100
19.56447961320023,3623200
19.261832317710752,3723200
19.13491899667699,3338900
19.82807132889589,6126100
20.023327406398202,11490800
20.01356442895564,2702300
19.63281743534588,2516200
19.252073748472657,2835900
19.83783440354336,2074900
19.96474797076122,3058600
19.418038653688253,2370900
19.222786912423736,2162700
20.062376106042116,3070500
20.696955055053557,4673900
20.696956248183014,3013100
21.02888670841011,2643000
21.448683580492446,3500700
22.971668368576807,6438900
22.942378851394942,3310500
23.05953086864929,3301700
22.97166522957495,6156700
23.625769437904832,3694800
23.147395646046935,4804900
21.233904374756392,3017900
21.81966725557346,2766400
22.278513081924824,1501000
22.551868692288156,2463200
21.0776990544288,4477100
21.21437728347429,2117600
21.175326909075807,1852000
21.28271561620817,2933500
22.18088638124014,3908600
22.405431594262648,3941900
21.819668243075803,6189200
17.631462748756377,5427400
19.105633122281912,3777100
20.130717235128223,3624500
18.54915605982012,6851500
18.441766640933075,4024100
18.79322646791747,4384400
19.242308224726834,2663300
19.252075868840475,2162200
19.51566294011874,2624800
19.935465209038174,3183000
19.91593514502666,3672500
21.044182622834082,4518600
20.955881545955563,2128200
20.700800219547393,2701000
20.847964350196364,3228600
21.37774605411217,2159200
20.87739651667838,1917300
20.063100222881886,3992400
20.131774957066277,1980300
20.05328859306737,2800400
19.445019071391993,4041200
18.7680704481747,2899900
19.082019677431543,2311100
19.0329648162267,3340700
18.35601981675646,1688200
18.630719023977232,2195900
18.512992966740807,2526900
19.405776945475363,4534700
20.377045169949113,4898100
20.897017786108414,3649600
20.661557647533588,2870500
20.475153644293428,3530100
21.16190998643345,3497900
20.995126819097795,8773500
20.85777446716609,2343700
20.749853528861376,5961700
21.446423281748086,4243400
21.76036695751478,5230700
21.721124192654692,3391200
20.887206896693947,3161800
20.906827179883592,3925300
21.260018378843974,1881700
20.936259058697622,1789400
20.95588279010025,2512800
20.936261539525443,1912500
20.65174391713262,1898700
20.74004465803225,1580900
20.906828050236157,3423800
22.172423317925553,3413000
21.652451026196527,1548900
21.672071166559963,2025300
22.08412435680973,2890500
21.829043836106575,2103900
22.133177850260267,7936700
24.96850181914093,8451000
24.88020591658056,5590600
24.664365535103897,4405000
25.321690311236463,4644500
24.428908807413855,3063500
24.1345842956005,2204700
24.409283375863055,2976200
24.340608539321995,2532200
23.27123271852053,5408300
23.32028579144807,2615600
22.594288693701763,2249900
22.564853997291465,4470800
20.455530424925882,6492200
22.47655790319665,3732900
22.594288846744853,2957200
21.142285736835376,5618600
20.93625962922372,3551800
21.799611239403614,3076500
21.103044685216,4600600
21.672069380666233,10321600
22.158186361062164,3785000
22.621461702261254,2634600
22.227184865757053,2544600
22.542606752504955,2373000
22.710171674322062,2796500
21.537206899123376,5392900
21.379497821481014,3336200
21.556921336355018,4323500
21.49777769624952,1566900
21.65548817019996,3554200
21.3104999232323,3152600
22.444036840925214,2252800
22.187758182563392,2378700
22.345467130851688,2658900
22.769313767390113,4218900
23.232583153323667,2436400
23.065015719734703,3289700
22.670742517020646,3003400
22.138472820136176,2645800
21.852625138906422,3070300
21.320356383633474,2015800
21.50763434761782,4744300
20.403670772307084,2638600
20.285388946533203,5869800
20.147391353482703,1572300
20.53180610857878,721200
20.492382449248844,1077400
20.137536632879247,1203700
19.96011223799425,2738800
19.68411895771653,1249800
20.334671076251112,2466600
21.02464927925592,1946700
20.748660915901475,2431700
21.083790175708646,3055200
20.975368241303432,1781100
21.685059272222645,3640000
20.53180656240831,2246900
20.581092703298044,3535200
21.566776974658787,2953800
21.202073434355995,3699900
20.70923098292324,2043500
21.35978563471827,2792100
21.744199383634893,3138600
21.172502241979746,2477700
22.05961842447894,3026100
21.64562982893365,2407900
21.63577800312,1728800
21.645630614546988,2498300
23.065017442788175,4554900
23.794423959251944,3313600
22.867881001862667,4169100
23.883136457008906,2618700
24.277408530787238,4073500
24.513974393673767,2069600
24.691397268535116,2653300
24.819536102013572,3399100
24.523828174496362,3119200
24.168983433279497,3433000
24.809679898541866,2206900
25.263093256537417,3911400
24.435118364402626,3247700
24.198554525487495,2694200
24.06055820982717,5324400
24.87867473527029,4178600
24.30698172157519,3743600
23.863418455102885,3433500
23.823994767876496,2956700
24.405546725289273,2724400
23.084730597574367,3356000
24.122361197299092,3908800
23.60764230779789,2884500
23.478962888672925,2775000
24.320326505885205,2757000
24.161952722299947,3114400
23.914491014978175,2975500
23.350285739880597,4252900
24.102561784399292,4108800
25.013213828701673,5637600
25.69619946155842,3487900
25.676406875315237,3270400
27.091874489511223,4718800
26.131729747251697,2584200
25.636811877815372,2299400
25.67640637123584,4101400
25.617013420439907,1845600
26.092136756089143,2653900
25.894170120456515,2505100
25.77538885508482,3971800
26.54746124127563,5039400
25.735794627804506,3690200
25.478437674308505,3521500
25.498233431183074,3051600
23.3502845303129,5031000
23.01373914535337,7602300
20.786604064004234,4536200
22.6474988994821,5821300
22.499022535088397,7278700
24.201547208723785,5467000
25.775389793471035,6175100
25.52793017264286,6879400
27.072076869083055,3476100
28.052015570473632,5238500
27.44821615913677,3654400
27.883744818375607,5042000
26.567260045463325,4498000
24.993417530494554,8040000
25.69619825763727,3060200
24.904330402149952,3102500
25.14189153847828,3651800
25.221079246585123,4140000
24.716262454752616,3377700
24.300528750336984,4177700
24.152052282728487,4634900
24.053068552486476,3291600
24.21144492797128,4320900
24.08276489456771,3900400
25.30026573575339,6090600
25.61701356083992,6555900
24.7954468582538,20732500
22.93455339609825,13273300
22.25156327240798,8169100
22.46932821906157,5251700
22.1624769184514,7493300
22.766281088218904,4025500
22.85497878601691,5433800
23.650281030805637,5198800
23.491221256326988,4108700
23.948518668776334,3923900
23.799399693951177,5192800
23.988284253560124,3695900
24.44558361119645,3262600
23.918695665267258,3225500
24.80346830152385,8307000
25.618653819740608,4723700
26.294660713132842,5267700
27.686438263654313,15862200
28.620918117837313,10889800
28.988744647012116,7417000
29.098099303803888,6257500
28.392267064370127,6627700
28.660681316571363,3982800
28.779977316019906,5051400
28.919153455000036,6008900
29.12792007624124,5308100
29.098097326661275,5201800
28.57120983315093,9557000
28.511563672855708,3993200
28.10397051702408,4933600
28.133793029756436,3100000
28.849564941172417,3194800
27.934968796163663,4917400
27.596965136150423,4606800
28.779976770862906,3699300
28.511562187931364,3776700
28.451915556226876,2691600
28.491680883754274,4442000
29.09809758650429,8641000
28.4916810044513,2953900
28.889330218542092,3941400
29.843691899770743,7840500
30.410346095367068,6191800
29.6249834010401,5094300
29.774104068823167,6428500
28.45191534343002,3894400
28.58115152183877,5416000
28.551325557696167,5777700
29.68463126467317,5175600
29.734339742361648,4848000
28.9589177824474,3868400
28.710387374641332,4200200
28.63085564642266,3253300
28.382325259988534,3596200
27.93496938882206,4521700
27.268904797737758,3874700
27.38819897976438,5123300
27.139664665200485,3382500
27.855439430652268,5692800
29.12792007624124,5780200
30.11210640035993,11991300
31.44423737425151,7555000
30.81793694879588,4777700
31.653002647512075,3324200
32.3091268741086,4923100
31.275234308261926,3023200
31.245411935241638,3428300
31.434296682309423,2305700
31.484002072461447,3603900
30.589287900256483,5179100
31.066468300033314,4076000
31.84188517299874,4242800
32.27930670861098,3034800
32.37871691337841,3467100
32.279304402435876,3493200
32.945368545411064,3655200
32.756482702074,4285800
34.794442308485785,11008200
34.57573593410807,8973800
33.30325381844587,4856900
34.33714817136309,6506900
35.59968804573263,9248000
35.73886579232006,8179300
35.6593347356058,7354700
35.95757188199232,4577900
37.25988141826973,6946300
36.52422640444464,6772900
36.99146432974988,6304900
35.15233309983788,6620100
35.29150741407292,5721700
35.27162841232791,20235000
37.52829730671341,11079500
37.597881401411485,7162200
37.727120462801324,4609700
36.872171496079204,5296800
36.86223087636024,8045800
39.23819693059536,7180200
37.587945513250595,6391900
39.337606527566365,6115200
39.596083383378904,6461600
39.2680167557674,4571800
39.59608043432405,5506600
39.76508210709297,4221400
40.40131895824829,8136500
40.31184703838292,9606900
38.77095497428597,7380500
39.784961932520574,7579300
39.615958152452386,7660800
39.963909274554496,6690600
41.355682427554065,7425400
40.70950195501735,9495000
39.1785461997364,5077100
35.83827533844714,10031500
34.158203722804664,6979200
36.73299453424638,3609500
35.41080281369706,3916000
34.92368382533067,6877100
33.76055388363232,4958500
36.02716640058629,5232900
34.93362210173046,4029800
35.55992060428284,6791400
34.88391406295096,4573500
33.502079814380885,4404600
33.81025505588205,4194100
33.909671476102915,4049300
33.88979142496664,3765200
35.967515105734236,8869200
37.548179164964736,4861400
37.50841262385877,7956100
38.71130505773796,9545000
36.59381588534495,6313000
37.955767548284385,5636000
37.41894153869411,3590400
38.63177686758795,4553200
38.77095126818295,5216700
35.868103483120485,4961000
36.66340447413228,4443100
38.60195581654158,4295200
40.01360944074425,7993600
43.71176627494833,7336900
46.29649203294964,9831200
45.550898014050034,6506300
45.173131717668646,4135500
43.711765672379876,3362700
44.79536238735483,4561200
44.46730161403236,4134700
43.940412996347966,17203900
47.73797733594008,7430500
49.20928437489346,8126000
51.06830253620823,8476700
51.08818381150139,6748300
48.722163739798454,4885500
50.1040045686753,5332800
49.925057480891056,5065700
49.95488037346748,11740100
53.16590993475006,6952000
53.92144838545775,5528000
53.513858795166016,2268100
54.67698453102019,6500200
52.19166454353651,9207400
53.60332614224165,5104100
51.57531063361024,3810600
52.58931879523856,6469600
52.181729582119196,6028100
53.17585351334963,6122900
52.93726331536743,6398200
51.098128808816476,5508000
54.468217536030686,5179500
55.74070034736059,7765300
55.949467291990025,5871400
56.77459112951168,6840300
54.82610657933055,5955700
54.54774500012222,7894400
57.8681305935685,8756400
59.48855941765889,11903000
57.67925031452726,10081000
62.9580661364517,11589100
69.39999949028551,16018500
64.56854890263853,11735600
65.9603271002802,11709400
66.9544539427406,14400500
54.7962776882953,20635000
53.931390647398146,11750200
57.17224413805085,13208400
57.94766670405562,8942500
53.662974821013584,12548200
53.18579358625079,9533500
56.665241012270684,6636600
57.66930637851677,6597100
60.99963549921871,5957800
58.55408272238134,9075000
55.67110974962337,6726600
55.929581735029856,8190700
56.99330104296666,7545700
58.15642652167534,9356300
61.00957395963683,10838900
64.97614624088172,8627800
62.81888526963002,5206300
66.07962474030745,7001600
63.85278232402898,7373700
67.700049345715,6155600
68.08720813592063,6473100
62.79452699023731,10040300
63.06364798908974,5315000
61.64827946963101,7652000
59.36574935913086,6505900
58.28926978951334,7738400
61.837661229834175,9893800
59.99369119782754,6584900
60.292716641377,5524500
59.046792932713416,7812900
55.368825061390915,8856300
56.61474830376555,7131700
52.777306490422454,9949400
47.40488766297736,15575000
48.29198302873098,28015500
46.717135512866015,10519700
48.282015217739776,5934800
52.3287728327723,6369200
49.398364818404715,6932300
48.730546835367676,5367000
52.348710049913734,5585600
52.219131979913556,5696400
55.478468339664445,6629600
52.70753433037154,5108400
55.78745822332424,3648600
55.428632465847656,5060400
59.18633459258964,6067000
57.2925314653987,4054000
57.01344750227348,2867500
56.27585802079412,3093100
58.30920451943182,3846300
57.56165108599455,4188000
57.62145822341019,3977400
58.18959950929966,6294500
58.329139311444315,3239100
57.84073627105753,5334400
56.923737578021026,3500800
55.318989220088866,4774200
55.44856564021879,3968800
55.25918371984491,4053000
53.46505464395083,6122100
51.401806095614106,4523500
53.544797527649266,5198700
52.22910143865183,4452100
50.6642241963303,4151300
51.940046692803016,3526400
54.16277195870699,8610600
58.8574098018587,7512000
58.74776838266367,5956800
60.80105175164355,6344400
60.88079230118668,5383800
63.78130287306424,4786700