209.47,27316
210.85,23111
211.74,13054
210.93,9784
209.23,9296
209.1,10319
209.64,13776
208.33,11222
208.08,15896
208.47,11521
209.22,12348
209.5,12819
209.43,99209
211.25,23529
212.63,10366
213.99,8718
213.71,9884
213.64,5527
213.71,5545
214.11,5825
214.19,8944
214.11,12541
214.46,7460
214.62,13864
214.62,13969
214.62,36304
213.12,19709
213.17,28581
211.41,6710
211.71,7637
211.2,2115
210.69,3303
210.15,2120
210.62,1901
209.92,2601
210.28,2747
210.9,2316
211.24,5736
211.48,62092
212.36,10449
212.33,9317
213.6,7289
213.37,5985
213.26,5350
212.7,3142
214.05,4350
213.72,2887
213.78,1452
213.09,6308
212.26,8181
212.04,2720
212.5,10762
212.88,51171
214.94,34677
215.03,11711
215.56,8055
215.94,17086
216.32,7704
216.47,12712
216.17,3933
216.39,9672
217.05,13126
218.16,7746
216.69,10104
217.79,53147
219.48,25367
222.08,9366
223.17,12204
222.65,6975
222.99,10080
222.89,6507
221.89,4657
221.57,3750
221.95,5607
221.91,2988
221.55,5116
221.45,7567
221.51,21088
222.11,8274
222.01,8849
221.39,8822
221.23,4231
220.72,5507
220.86,5893
220.73,2490
220.73,2285
220.42,1989
220.71,5656
220.11,5844
220.04,4548
219.95,24307
221.69,10806
222.9,21136
223.78,12640
223.06,8168
222.71,5366
223.07,5221
223.33,4023
223.21,7202
223.66,2967
223.16,8239
223.82,11320
223.87,6476
223.35,37559
224.64,11885
223.48,5058
224.95,14473
226.07,11404
225.48,5772
225.7,10353
225.73,7946
224.81,3308
224.89,3503
224.82,4190
224.43,5157
224.51,7429
224.76,36998
225.39,20001
226.11,12351
225.69,21196
225.73,20385
225.6,9905
225.63,5995
225.67,12012
226.34,18080
226.21,20625
226.18,22143
226.42,14576
226.7,11927
226.87,23971
225.75,23439
223.71,22789
224.97,9736
225.18,10471
225.19,5964
225.33,5632
224.99,2713
224.67,4359
224.31,7415
223.8,7747
223.35,9455
222.8,15809
222.48,139558
235.64,140883
237.94,93891
235.26,79203
235.45,47624
236.16,35143
235.99,25764
235.98,32276
236.75,33891
235.98,22140
235.67,25372
235.95,31149
235.6,52019
235.43,69437
234.53,49880
230.69,60274
230.34,50836
231.57,24228
232.85,30165
233.55,15413
233.73,9498
234,12779
233.89,9317
233.89,11684
234.01,11744
234.11,16385
233.42,47522
231.52,26230
233.81,18179
232.77,10625
232.24,12690
232.93,4834
232.83,7801
232.06,6214
232.31,4931
231.46,4295
231.42,4397
231.6,4669
231.22,5145
230.94,29510
229.14,30077
227.8,8099
228.17,6810
228.68,6407
228.15,7472
227.8,4724
227.89,6565
228.49,11746
228.41,2186
227.91,6897
227.4,4714
227.41,9548
227.68,22725
228.44,32960
230.33,15606
231.52,9985
231.29,13662
232.86,22151
233.6,9099
233.33,5712
232.6,4495
231.9,16060
232.93,11955
232.85,12539
233.18,34409
233.67,42321
232.94,18706
234.21,8582
234.09,12274
235.75,14262
235.7,5479
235.21,2019
234.67,3223
234.54,5287
233.85,3337
234.05,4125
234.33,4796
234.33,4038
234.54,11545
235.14,28054
237.27,24170
235.49,4130
233.89,6222
233.8,7297
233.92,5927
233.8,6192
233.71,6883
233.12,7139
232.39,5743
232.7,5693
233.55,10529
233.02,22523
235.34,27585
234.14,26419
233.02,3582
232.81,3872
233.2,3895
232.56,2701
233.37,2657
233.69,3045
233.83,31081
234.09,27066
233.83,3801
233.38,2494
233.12,8513
232.48,19779
233.16,17004
233.43,13739
232.64,10281
234.17,15707
234.54,10467
234.65,20216
234.87,10167
235.07,11095
235.21,9078
235.22,13640
236.3,25292
236.35,48412
236.12,15345
235.58,22378
236.66,11497
235.53,5334
236.13,12693
235.73,15256
235.51,4980
235.86,3199
235.81,3133
235.97,7749
236.41,9449
236.7,11000
236.05,27807
237.63,36220
240.88,37881
242.22,15595
240.74,12757
240.99,16905
241.52,6182
241.65,10165
242.04,10408
242.48,6977
242.8,16906
242.06,13488
242.61,17564
242.62,56101
241.55,24742
240.99,17678
240.66,8956
241.01,27961
240.21,27354
240.45,18221
240.25,18845
239.46,7378
239.4,9077
239.27,10262
238.89,7961
238.75,8140
238.63,34484
238.96,40889
240.15,28351
241.07,35734
240.22,6072
239.84,6894
239.95,6089
239.31,10201
239.31,22285
240.02,4293
239.22,34899
237.03,19724
237.85,13173
239.42,38694
238.13,15633
240.64,24432
241.5,10089
242.54,63672
242.54,33433
242.02,6181
240.65,6390
241.15,14954
241.33,15571
240.96,10029
240.68,8372
240.72,9718
240.92,38580
238.52,28336
240.96,18383
241.46,25736
241.35,13566
240.21,9463
240.55,6458
241.19,5376
241.19,10132
240.36,6437
240.24,4779
239.91,6799
239.1,13676
239.85,49463
239.42,22445
239.01,17190
238.31,8708
240.01,11884
239.55,4858
239.3,4850
239.41,10092
239.37,11239
240.55,13538
240.31,16546
240.63,4980
240.49,8900
240.43,37761
240.16,18724
238.85,18290
238.84,37184
238.7,11557
239.43,9874
238.9,8110
239.17,9896
238.24,7952
238.25,4791
238.67,6585
238.79,7174
239.46,13530
239.57,42305
239.7,29704
240.6,16550
239.19,12843
238.31,16373
238.33,15004
238.54,4984
237.95,3391
237.86,6139
237.64,8723
237.78,8728
237.75,9252
238.44,7500
238.69,20076
239.47,23861
242.61,38889
242.54,29948
242.4,6549
242.22,4761
241.86,5861
241.81,8765
241.22,8962
241.02,4444
240.39,4672
240.45,3830
240.41,10695
239.94,25147
240.58,22612
237.94,14473
239.01,31178
238.89,13538
238.94,12782
239.08,15765
238.7,5580
238.77,13941
239.16,19169
239.65,4933
239.03,11831
239.46,6963
238.97,53592
240.48,34319
242.46,12913
241.68,12045
241.51,4639
242.32,12055
242.55,4787
241.85,3827
241.31,4898
240.92,8271
241.09,7966
240.8,10396
241.05,6513
241.11,18671
241.04,21918
241.51,13507
240.66,11069
240.29,11282
239.37,12648
240.27,12577
241.04,12082
241.58,11988
241.92,12163
242.48,8064
242.26,10445
242.46,6961
242.77,26764
240.67,18542
241.57,14243
241.86,13479
242.57,10760
242.56,5971
242.03,11212
240.99,10334
241.46,3402
241.65,5546
241.71,8664
241.16,11520
241.23,6203
240.59,40025
240.81,30405
241.51,10384
241.42,7176
241.09,11174
239.82,4763
239.96,1597
239.67,2299
239.42,2371
239.58,2397
239.51,4303
240.46,6343
240.56,8106
240.97,21337
243.11,17805
243.92,8753
243.3,13979
243.06,5633
244.23,6370
244.52,5308
244.58,8151
244.76,5220
244.48,5402
244.4,9404
244.51,4249
244.34,6962
244.49,30924
245.44,27916
246.29,21157
248.44,8902
247.78,7355
247.07,10548
246.51,11452
245.34,8717
246.02,9724
246.08,7230
246.01,6644
246.22,12294
246.28,10210
246.56,28206
249.53,27552
247.28,24612
246.56,21096
246.34,12232
245.94,12013
247.31,6715
246.09,7421
246.35,6126
245.98,9541
245.17,4699
245.53,5363
245.32,15591
244.87,28120
240.49,35551
241.15,16657
241.04,21439
238.91,6535
240.1,5380
240.78,9378
242.14,4481
241.51,5413
242.4,2619
242.64,4520
242.43,7259
242.44,6520
242.02,28498
242.1,20467
242.06,12058
241.69,12220
243.03,11690
243.38,11284
243.34,3802
243,4388
242.57,5605
242.36,3745
242.31,3714
241.91,3732
242.27,4773
242,32135
243.55,9108
240.01,23814
239.01,11068
239.29,7079
238.96,3890
239.18,2600
239.35,2935
239.42,3365
238.75,5998
238.77,5852
238.67,5742
238.79,12639
239.22,20900
239.1,21295
240.68,23990
241.17,35422
242.81,66658
243.2,61997
242.85,33335
242.51,34359
242.03,28940
240.8,20007
240.39,16903
240.45,7701
240.66,13989
240.52,36638
241.54,31290
240.35,21500
239.46,25931
238.83,27556
237.4,12514
236.9,19662
237.37,20414
238.37,27087
237.95,17224
238.33,17110
238.85,14755
239.28,16925
239.09,44932
238.02,40780
236.3,20617
233.89,18444
233.29,9127
233.34,3855
233.12,10423
233.54,17809
234.8,10267
233.66,15737
232.49,6903
233.15,4482
233.88,7645
234.07,22983
235.05,20287
236.66,34628
235.54,26092
236.44,10149
235.55,3155
235.44,1931
236.42,7175
235.62,8160
235.33,15913
235.38,8259
235.55,11883
235.12,12214
234.71,24040
233.14,56106
231.79,27538
231.52,26016
232.31,16509
232.05,22954
233.08,19022
233.03,5574
231.6,20421
231.63,16613
231.9,14833
232.93,15405
233.17,31967
232.61,47300
235.32,37126
235.06,27184
234.78,25809
236.52,24076
237.84,6047
237.29,9134
237.47,14530
238.43,16888
238.84,5814
238.98,12391
239.52,11181
238.74,18154
239.11,54774
236.81,30427
237.99,15388
238.69,11485
238.39,10555
237.94,9766
238.47,10274
238.68,10689
238.74,7464
238.82,7627
238.74,5142
238.45,7322
238.82,21940
238.88,76543
239.88,59528
241.86,26145
241.81,15590
241.95,10893
242.38,22688
243.69,8963
243.73,7182
244.02,32078
243.5,10833
243.5,16233
244.4,17333
244.66,14426
245,52987
246.32,28783
244.72,15478
244,5712
243.91,33030
245.01,66715
246.25,11828
245.49,4660
245.05,4003
245.35,6941
245.05,4648
245.19,7833
244.58,7414
244.61,20411
244.1,20047
244.66,21356
243.19,13068
242.78,12550
243.15,13151
244.03,16584
243.82,12329
244.1,16949
244.52,11474
243.99,4704
244.11,7813
244.14,15538
244.4,21956
243.55,19382
242.96,109296
241.48,20599
239.82,18323
240.03,12896
240.1,11188
240.04,5223
239.26,13509
238.05,13466
238.03,6817
239.23,5839
240.18,7414
239.9,22607
240.35,33979
241.57,22762
241.77,8307
241.69,13858
241.16,17917
241.21,4417
241.25,4799
241.03,5998
240.75,3730
240.29,6629
240.79,5287
240.85,31920
240.82,23351
240.36,11874
241.9,13683
241.41,7870
241.75,12497
241.85,6294
241.84,2313
241.93,4171
241.9,4933
242.35,6524
241.8,4012
241.25,2881
240.9,3143
240.66,13420
239.35,16627
239.78,15678
240.57,8224
239.89,5080
239.36,3958
239.49,2350
239.34,3732
239.42,6084
239.27,5245
239.05,7701
238.56,3547
238.49,8958
238.72,28037
238.84,31540
236.31,14009
237.12,5560
238.07,15075
238.26,7422
237.97,3700
237.98,1792
238.09,4282
238.17,1628
237.8,3112
237.76,1697
237.39,4662
237.17,11841
237.84,13858
237.37,13940
237.19,10518
236.67,7645
236.36,9216
237.68,6958
236.87,3857
237.35,2613
236.9,3200
236.6,7972
236.62,3236
236.78,3131
237.28,11782
238.34,6777
237.91,3818
236.71,3599
236.84,13895
237.32,5737
237.66,6573
238.66,6615
239.03,4862
239.58,5676
239.47,12870
240.39,6295
239.68,11385
240.12,77634
241.32,12438
243.57,20447
244.37,18349
245.02,12971
245.67,9247
245.36,19060
246.06,23688
246.19,18844
246.91,8845
246.74,3737
246.68,7392
246.02,18608
245.77,65520
245.61,21141
248.12,8353
247.37,12575
246.43,7619
247.37,5039
247.38,5369
247.11,9556
247.1,2902
247.06,8750
247.53,6248
247.23,4714
246.79,6821
247.04,19487
247.48,24897
245.34,6189
246.95,6200
246.61,7859
246.64,7026
246.28,5718
246.08,3448
246.4,2265
246.42,3798
246.77,3131
246.9,3036
246.8,2955
246.25,38499
247.07,10073
246.48,4678
244.68,13544
242.23,13402
242.23,6893
241.2,6502
241.57,1786
241.43,4353
240.98,7962
240.73,9666
240.87,4503
240.94,7390
240.19,21543
240.96,21611
239.43,8058
238.83,9154
238.55,34023
237.37,14245
237,3491
237.38,4888
237.71,4917
238.22,6240
237.78,3160
237.99,2263
238.22,7245
238.37,23517
239.04,15472
240.32,8679
241.58,8513
242.46,5910
242.23,4679
242.87,7137
242.7,4838
242.55,4768
242.44,5505
242.63,8135
242.59,9613
242.98,16091
243.35,47869
247.74,48363
246.91,30806
247.3,19152
248.12,8166
247.16,5840
248.09,17747
248.43,23941
249.69,8507
248.81,4984
248.48,3925
247.53,4889
247.66,8259
248.12,15671
246.95,36156
243.66,15171
241.69,11221
241.41,14588
242.55,6619
243.56,5687
243.7,5114
243.84,2965
244.27,6166
244.35,4600
244.38,7220
244.43,4712
245.37,19792
243.24,17681
243.34,15380
243.89,17043
244.9,16058
245.03,13750
243.09,5545
243.82,9087
242.79,9610
243.41,9888
242.84,7172
242.86,10637
243.59,10553
243.51,27475
244.41,30560
248.33,51738
249.56,74393
250.88,20936
250.23,14718
250.96,16089
251.61,11265
251.99,18989
252.68,22484
252.5,19652
251.69,10374
250.83,8784
249.74,40422
245.58,45386
246.32,39723
247.98,43671
248.1,23259
248.54,12344
249.56,15914
250.6,23738
251.68,3507
250.12,5365
250.2,4338
248.66,6311
250.13,8966
250.17,25808
249.55,18608
251.31,30839
253.05,19732
253.24,14272
253.34,12762
252.06,14134
252.63,14018
252.82,12018
252.93,11847
252.69,21979
252.75,21915
252.65,11991
252.49,31855
253.36,67928
256.85,35178
256.69,13272
256.86,12502
257.12,17811
257.17,16771
256.93,9162
256.69,14500
255.94,15408
256.27,12000
255.61,40768
255.32,13160
255.88,43151
257.47,39511
256.77,19158
257.66,17763
258.39,12157
256.84,13440
257.63,14164
257.24,7452
257.29,13121
256.8,10567
257.22,12982
257.23,14336
256.79,22833
256.02,51671
256.95,33147
255.81,25245
257.55,25885
255.98,13956
256.33,13435
255.59,9590
255.65,15330
257.06,4972
256.71,6213
256.9,15591
256.49,13873
256.74,10431
257.29,25784
265.91,202299
268.06,101580
269.32,65786
269.33,60919
270.67,30989
269.21,40144
268.72,40524
269.1,36843
268.99,21690
269.45,37996
269,54979
268.67,63571
266.6,97506
264.06,56547
262.13,61640
265.26,26053
263.81,24064
262.62,22467
262.68,13477
262.53,37169
263.58,23846
264.66,8392
263.7,29582
263.73,32729
264.06,19256
263.71,44046
261.89,35661
262.36,23958
263.13,17357
262.73,15187
261.61,19760
261.75,12859
261.65,11505
261.89,13616
262.66,6542
261.46,16019
261.62,12596
262.14,21536
261.54,24422
260.84,34824
261.17,37788
262.07,20950
262.25,14888
262.04,14999
261.77,11795
261.75,13208
262.32,16047
262.41,10769
261.63,15218
261.86,16712
262.13,21446
261.5,49220
262.65,35650
264.87,18901
264.63,14181
265.1,22163
265.77,27552
267.42,50814
268.41,24474
267.34,8016
266.91,7222
266.05,8236
265.7,14689
265.22,27269
265.59,32149
265.3,22552
263.65,22009
262.11,15780
262.46,11155
262.57,6568
261.86,4006
262.41,4370
262.26,5984
262.17,6155
261.24,4958
261.34,10990
261.16,6535
260.92,49703
259.83,71100
258.79,95342
261.13,56036
261.8,36607
261.49,50748
261.21,59020
261.85,44589
261.8,36687
261.68,28336
261.92,41346
262.55,45768
262.93,99640
262.87,32846
262.9,43156
260.88,30393
260.82,14539
261.37,8970
261.35,22541
262.24,14352
262.45,6526
261.82,5938
262.11,5926
262.24,5205
261.55,8495
261.35,9424
261.2,24072
260.17,40872
259.36,10417
259.34,10510
258.55,4026
259.16,7294
258.46,7020
258.8,4139
258.49,4994
259.11,4111
259.4,4724
259.5,5780
259.37,5946
259.02,18810
258.21,14714
259.42,6792
258.57,6160
259.38,6683
258.13,5749
258.11,6018
258.15,3667
257.96,8804
256.99,6510
256.95,4500
257.2,7963
257.76,5822
257.44,21724
257.22,25990
254.85,22393
253.96,17190
254.08,41912
253.65,22579
254.03,18839
254.54,9453
254.46,16417
254.15,15443
254.09,20722
253.95,16380
253.98,26169
253.27,48526
253.26,24248
249.65,11891
249.47,13567
250.19,10506
249.32,11705
249.03,6679
249.76,3125
249.83,2799
249.45,3414
249.22,11124
249.05,5884
249.31,6969
250.23,14835
250.85,10508
249.51,8161
250.51,4877
249.92,22177
250.54,2262
250.83,7053
250.22,17817
250.09,4561
250.55,7220
250.66,6294
250.51,7992
250.28,6446
250.24,26444
250.5,13057
250.56,13339
250.36,10696
251.74,9335
250.27,8914
250.4,5164
250.13,8024
250.42,6865
250.89,3993
250.84,7003
251.58,8885
252.24,8870
252.4,24597
252.04,22755
253.04,12082
252.83,13606
252.62,6354
252.27,3352
252.82,6052
253.72,10235
253.6,14737
254.5,11460
255.03,19025
255.45,3699
255.61,16067
256.06,44060
256.13,20444
257.28,5208
256.71,6056
256.37,5029
256.36,8089
255.55,5035
256.51,9398
257.06,11152
256.29,14731
257.22,5545
256.17,6001
255.97,10258
256.13,37187
251.89,44590
254.29,14248
253.26,9722
252.92,10647
254.16,10090
253.03,13097
252.23,17437
253.02,24558
253.76,11161
253.28,22349
252.42,21436
251.99,25355
252.55,46923
255.97,35196
256.99,19021
257.12,13050
254.9,6881
255.93,7165
257.1,7728
255.88,6881
255.02,5464
254.41,4810
254.46,7499
254.8,13368
255.68,27438
255.82,51828
255.37,21159
254.66,8167
255.28,9339
255.61,6604
255.77,9765
256.07,6351
256.01,6635
255.67,7090
255.7,7895
255.1,14998
256.13,18439
254.56,12942
255.75,41667
265.86,63373
266.77,95600
268.61,35711
268.6,35547
268.89,52050
270.64,65151
271.43,30435
271.92,40483
272.88,35430
274,29524
274.43,30432
274.42,58363
274.06,70389
274.69,156256
280.38,75184
278.45,19739
278.35,29629
279.33,11373
280.12,24113
280.21,11123
279.59,10995
280.77,16885
279.15,17133
279.64,21722
280.65,44246
281.32,86399
278.35,41191
278.42,32259
279.12,15630
277.78,11423
277.01,25363
276.82,24442
276.24,14331
275.41,8419
276.79,10655
276.51,11449
276.05,23427
275.49,19244
275.93,47567
271.23,65134
270.36,58941
269.04,26763
268.27,18862
267.3,12034
268.57,11976
270.18,5403
268.48,11226
268.56,16913
268.48,19548
270.05,31152
270.44,32366
269.25,79692
269.84,53592
268.91,27734
268.27,17914
268.95,10509
266.53,14078
267.32,12376
266.22,11168
267.37,7925
266.69,9618
267.38,13842
268.46,10692
269.09,15284
268.38,33466
266.84,21349
268,20954
268.89,15155
268.1,14175
270.1,7853
267.4,9879
266.8,7519
267.37,13294
268.03,11585
268.86,13991
268.91,20123
268.04,10304
268.28,56850
267.44,20326
265.73,21734
265.43,6741
267.89,5852
267.93,7276
268.91,9665
268.56,6438
268.33,8655
269.08,12065
269.82,10487
270.07,18363
270.86,24079
271.17,84847
271.15,36614
267.13,21908
265.22,30548
263.44,71136
264.01,13004
263.28,16191
263.5,5057
262.99,18696
263.76,9161
264.3,13204
265.35,15674
266.83,21550
266.36,35112
267.92,10944
268.91,14556
268.84,8159
268.58,9044
268.33,10444
268.77,6169
268.62,4716
268.9,5281
268.44,5799
268.42,4344
268.7,6458
269.14,4541
268.57,33523
265.75,36560
264.98,25553
268.79,20287
269.31,11376
268.44,17510
269.21,8244
268.55,6110
268.86,5103
268.98,5976
269.92,12705
271.07,6387
270.45,6938
270.59,28836
272.76,43689
272.82,25408
274.31,13621
274.22,14538
273.76,7771
274.05,9461
273.2,5366
273.67,7572
273.29,8934
272.02,4200
271.84,5302
271.47,8377
271.75,48106
271.77,14363
270.87,7737
271.57,5898
270.92,3867
270.36,5260
269.6,2459
269.44,2696
269.61,5018
268.92,7080
269.66,2240
270.1,9176
269.42,4556
269.2,15633
267.94,16734
271.64,14379
271.19,6751
271.02,4346
271.79,8176
271.31,4974
271.24,3360
271.47,3948
270.79,1377
270.76,4393
271.13,3246
271.53,8782
270.95,10346
272.54,27746
273.3,40060
273.99,25846
273.24,20025
274.17,8347
275.47,10067
276.56,5557
275.52,3624
275.93,8274
275.4,9840
276.62,17527
276.33,13850
276.05,30500
275.95,38537
279.69,16263
279.55,19234
279.86,15927
278.29,6025
278.18,6182
278.4,3230
277.61,8412
279,7750
279.22,7145
279.06,8194
279.61,11590
279.65,43978
281.94,72938
284.66,20671
284.2,8000
282.99,10646
283.91,6064
284.24,3200
284.83,15696
285.28,22760
285.52,9718
285.44,9495
285.77,8638
285.73,11066
285.85,34857
288.2,52415
286.25,13071
285.61,16729
286.05,6597
287.1,7995
287.67,8217
287.6,2622
287.45,8534
287.51,4012
287.86,12346
287.71,4898
288.06,6787
287.82,33175
286.27,17093
287.09,13858
287.99,6779
288.16,3266
287.52,3447
287.32,3243
286.95,4875
287.3,7182
287.23,3707
287.09,5894
287.09,3994
287.08,4113
287.06,10068
287.97,16018
289.02,10480
289.75,18890
289.39,17312
290.69,18317
290.61,6977
289.76,5437
289.59,7042
289.05,5182
289.02,3304
288.96,10250
288.18,6377
288.01,18845
288.89,26064
286.73,19071
286.86,6370
285.52,8585
284.56,103632
284.48,15224
285.39,13451
286.57,4929
285.59,17842
285.19,10175
285.03,8497
285.57,4341
285.93,21467
285.34,23969
286.23,5086
286.22,3636
286.7,2439
286.46,7820
285.75,4496
286.35,9157
286.71,1187
286.09,3746
286.47,7086
286.09,6948
286.01,4187
286.12,16989
285,22510
287.12,12374
288.73,10330
287.62,11540
286.24,10246
285.78,6142
285.79,2285
287.01,1388
287.21,2273
286.93,2382
287.82,3938
287.33,5078
288.08,14753
288.08,0
288.08,0
288.08,0
288.08,0
288.08,0
288.08,0
288.08,0
288.08,0
288.08,0
288.08,0
288.08,0
288.08,0
288.08,0
291.97,9816
290.15,12716
291.41,10590
292.6,23551
293.88,13029
291.21,8348
291.87,9043
290.95,6133
290.83,3315
291.42,2151
290.84,2444
291,5252
290.99,21248
292.38,17517
293.69,13905
291.97,12687
292.88,8097
292.61,4450
293.38,4044
293.4,3751
293.59,1950
294.17,8835
293.79,2537
293.2,3219
292.77,13586
291.8,44247
292.06,69596
291.29,17801
292.55,14735
292.29,5844
293.21,970
292.42,3600
292.01,1873
291.42,882
291.86,5714
292.24,12688
292.77,5782
292.59,11313
293.91,19578
293.38,18948
293.35,10332
292.32,6186
292.41,3027
293.45,1687
293.6,6406
293.77,6737
293.91,2958
294.36,3378
293.77,10264
293.22,5753
293.36,12357
294.56,65707
296.98,23491
297.37,16786
296.62,17072
295.86,10224
296.35,8122
297,4410
297.14,4584
297.34,2276
297.11,4515
297.72,1533
297.57,1803
297.39,7078
297.86,48171
297.31,25731
297.5,12958
297.52,21199
297.8,21620
296.57,5493
297.03,14355
297.22,5494
297.09,7036
296.38,7046
297.1,12750
297.16,7170
297.48,4733
298.12,11614
299.04,11558
296.85,9243
295.63,11466
296.41,7014
297.42,6415
297.74,18245
296.96,3639
296.68,4709
296.37,3966
296.63,5639
296.91,4509
298.07,7816
298.4,26113
298.65,16795
301.12,5203
302.6,8073
302.87,20603
302.86,11746
303.13,13797
301.7,10456
301.74,12513
302.59,11034
302.99,14234
303.7,11765
303.34,7743
303.36,48022
303.78,49372
304.71,26995
303.76,19409
303.43,9020
303.76,7274
303.44,16034
301.82,14327
299.39,12154
299.77,7090
300.68,8437
301.29,9646
301.85,16428
302.58,47691
302.87,24542
304.57,12583
304.33,23151
304.99,6673
306.15,6107
304.37,8771
305.37,2075
305.24,6637
305.03,7724
304.88,7055
305.04,6377
306.22,7275
306.44,32308
305.73,16004
304.33,9269
304.06,4496
304.68,3072
304.46,4953
302.89,3895
303.98,808
304.33,3859
304.48,4207
303.81,5198
304.78,5963
305.13,6884
304.61,46140
302.07,17137
303.02,18887
302.51,13038
302.33,6814
300.99,12385
299.59,11682
299.94,9805
299.77,15421
296.97,9793
296.11,24483
294.43,25867
293.91,33234
295.97,30946
297.29,26099
299.61,7431
299.23,9575
300.59,7311
300.72,1705
299.94,756
299.81,1897
299.52,1165
299.38,1225
299.62,869
299.52,2301
298.95,4067
299,26743
301,21020
299.21,16789
298.28,25356
297.51,18308
298.94,13300
298.79,17259
298.88,14057
299.08,11681
300.07,5728
300.41,6636
300.46,11964
300.79,6333
301.57,31384
302.8,11355
301.08,8773
300.67,6760
301.15,3924
301.5,3876
300.8,2543
300.16,3213
300.05,5439
300.39,2296
299.88,2754
299.32,1523
300.24,2316
300.92,34230
299.59,16449
301.99,13006
301.41,8639
301.91,2989
301.97,5588
300.79,10526
300.75,4120
300.72,6796
299.76,10472
301.52,6851
301.98,4705
302.21,11985
302.27,45591
303.39,17164
304.05,12359
303.66,26084
303.66,7463
303.74,6278
305.25,7901
304.65,5064
303.3,2076
303.85,2639
304.28,2227
304.09,2908
304.46,6038
304.42,21849
302.11,35019
299.12,47997
296.11,23827
297.61,16718
298.78,19172
300.4,4174
300.43,7579
299.56,4496
300.12,13256
300.23,8273
299.83,7723
299.99,8394
299.51,49755
300.91,23993
301.38,17507
300.89,23613
300.75,7763
301.01,7198
300.41,4926
299.67,3873
299.87,8400
299.39,5027
298.93,3770
298.29,7382
298.26,7408
297.8,31814
297.72,27416
300.13,64008
299.12,18219
297.78,32538
295.55,10714
294.64,6656
293.7,19272
293.05,6524
294.04,2189
293.38,1350
294.27,4724
295.21,13014
296.28,21913
288.48,44841
291.06,57335
286.44,49020
285.63,19277
286.61,22204
285.18,21474
285.71,16108
284.53,15179
284.54,9144
285.68,10373
284.95,17158
286.14,16566
286.73,47135
281.86,41796
280.79,27598
283.91,17546
282.66,23276
283.3,22903
282.76,20885
282.88,11554
284.01,11990
284.42,5787
283.68,4318
283.3,4734
283.8,3458
284.76,21516
280.76,32501
282,26488
282.23,26150
283.03,20130
281.65,13055
281.96,22833
281.85,27972
281.85,0
281.85,0
285.38,43437
285.25,91389
286.36,25980
287.74,11253
287.78,29208
291.34,58159
290.49,30229
292.36,23032
291.86,11666
292.59,7940
292.67,25366
292.85,22741
292.97,65422
292.04,69016
293.06,47956
292.65,30716
284.37,64523
283.21,27578
281.39,41008
282.86,32079
280.48,18042
281.52,15715
282.77,35119
282.83,33183
282.29,42907
280.56,87381
267.98,294350
263.81,156876
262.39,172982
264.28,123925
263.03,51311
261.32,46141
259.17,72275
255.81,93770
256.5,60879
255.15,52817
252.88,84084
251.92,64891
250.82,231163
249,93576
257.49,52990
254.17,25988
255.83,38181
256.4,49760
256.3,40969
257.2,13232
256.29,15182
256.05,24508
256.01,26142
257.07,24484
256.78,18034
256.98,51989
257.45,42264
249.82,54479
251.62,32032
249.99,9714
250.26,15262
248.43,36554
251.67,40492
252.42,47129
252.66,36260
252.19,20846
252.37,21260
251.43,28082
252.28,95323
252.49,42862
248.45,40109
253.64,27955
251.83,26010
252.04,13936
252.08,13875
252.62,19285
252.79,17540
253.92,21214
253.1,9863
254.38,20815
253.74,17066
255.01,62016
262.42,52055
263.2,60710
264.69,34967
264.57,42881
262.41,36746
263.86,28248
263.91,21217
264.32,15988
264.18,14434
264.61,21241
264.72,14153
263.36,22763
262.57,67568
264.6,69325
261.33,34750
262.51,30293
263.09,11394
262.16,21068
261.47,14903
261.23,9242
261.35,13143
261.22,11369
262.01,7387
262.11,5088
262.55,8036
262.47,24845
261.93,35624
260.81,30934
260.55,19395
260.82,8739
262.28,8936
261.13,8436
260.64,7505
260.95,5674
260.65,11528
259.87,11563
260.08,15979
260.11,13543
259.57,34588
263.56,31957
262.33,17133
264.49,11652
263.38,11118
261.97,8671
261.58,7240
261.49,4586
262.02,5544
261.63,4589
261.29,4236
261.54,5575
260.77,6835
261.75,22873
261.96,34531
265.51,21072
264.92,10120
263.98,6930
262.72,7819
261.65,6833
262.34,7151
262.46,2241
262.26,2183
262.41,3289
262.25,3488
262.72,7495
262.76,24143
257.68,32154
255.34,31681
255.74,20211
253.21,37888
253.77,15475
252.29,78194
251.15,46286
250.65,12509
250.84,47447
249.89,24770
251.18,16927
251.94,21690
252.12,47557
250.62,24206
252.13,25443
251.63,18820
250.74,9452
250.56,10212
249.44,10738
249.38,6682
249.16,6954
250.18,14360
250.41,54272
251.23,26637
251.78,48212
255.37,85150
256.15,33416
254.89,19913
255.64,17236
254.25,23288
251.64,12801
250.27,19966
249.15,13769
249.57,20660
250.47,10612
250.9,14621
249.42,15831
249.68,16806
250.34,70636
247.2,85885
245.5,32017
245.7,31310
248.9,9653
249.23,13245
247.49,6239
248.69,8889
248.76,7006
249.8,5706
248.93,13541
248.79,10731
249.16,9333
248.53,42015
245.92,18028
247.21,21776
244.92,9547
245.62,6520
244.34,10618
245.55,6197
244.9,18407
243.57,12927
243.33,5166
244.31,7226
243.72,9777
243.85,9072
243.94,45428
244.85,47012
241.87,13727
242.15,12385
244.54,10535
244.75,6742
245.13,5524
245.75,3754
246.54,7554
247.07,11384
248.1,5611
248.71,5949
249.1,22291
247.8,37684
249.77,28612
247.72,24539
247.59,19383
248.15,23040
249.44,8927
249.16,8654
248.51,19925
248.24,9052
248.16,14714
247.7,9751
247.56,7704
248.59,13130
248.58,23704
248.28,22892
246.74,10355
247.09,8016
247.29,6209
248.42,6831
248.46,7877
248.66,4431
249.67,7700
249.06,2629
250.11,5104
250.08,7106
249.83,4737
249.92,22637
249.81,16356
252.02,8041
252.95,12398
252.64,13378
252.06,4204
252.65,7911
253.31,12895
253.62,6674
253.84,1803
254.06,8973
254.26,11979
254,13046
254.45,21554
256.29,23851
253.44,6133
253.66,6290
252.44,10115
252.19,6044
252.84,3991
252.29,7259
251.9,4620
251.9,7961
251.8,8883
252.1,6605
252.38,7274
252.05,31418
252.66,16203
250.85,20143
250.26,9608
250.98,7498
250.77,8261
251.2,6741
250.82,2840
250.76,6163
250.9,2981
251.19,5787
251.01,5420
250.82,8500
250.92,22630
251.56,29748
252.69,7886
253.19,8414
253.32,9673
253.35,6590
253.94,3814
253.56,3016
253.77,2018
253.9,3502
253.42,4969
253.13,2943
253.3,6090
252.58,21479
251.06,11393
251.29,7197
252.1,3438
251.72,9282
252.1,4926
251.6,5825
252.07,4743
252.27,5792
252.2,4821
252.07,7296
251.45,6779
251.78,7339
251.7,28504
250.89,36568
245.68,31133
247.89,16222
249.22,10164
248.08,12414
248.34,5523
248.91,6548
249.14,7448
249.6,3373
250.31,19477
251.19,9945
251.14,16309
252.6,21953
253.03,29827
248.1,48872
246.52,56979
244.53,54818
243.66,27705
243.81,31232
242.54,25722
242.13,11409
241.05,14954
240.25,22397
242.35,20517
242.49,24057
243.98,39350
232.69,243020
229.89,130581
230.21,88281
233.31,91850
233.36,29807
230.98,41980
230.15,47147
228.86,46682
228.76,21011
228.34,47425
226.96,50048
225.4,63165
224.03,113840
224.2,104069
226.06,51393
227.84,41262
228.69,33392
229.02,31093
229.63,30088
227.94,18692
227.86,20926
226.57,28504
226.52,21817
227.39,15405
227.28,23656
227.02,59462
225.19,36782
227.35,26138
224.98,21709
223.79,15945
225.29,20005
225.79,8264
224.97,7276
224.92,11865
224.88,5850
224.4,9522
224.74,11220
226.1,12209
225.71,29854
222.24,85975
216.53,46365
218.14,23591
217.98,25609
219.45,18644
219.34,9526
218.23,9652
219.19,14115
221.75,32636
223.38,15633
224.58,25767
224.77,17436
224.13,37979
225.66,54629
226.62,49183
227.76,31062
227.39,42220
231.38,48580
232.78,23888
231.58,14972
231.6,15539
232.61,12724
232.53,17972
232.25,15495
232.44,14497
232.22,67612
233.7,47412
234.91,30756
235.74,31524
233.34,35853
234.12,12768
234.45,10768
234.36,8379
235.33,10051
235.25,10617
235.05,9800
235.2,8947
234.73,14572
234.1,31917
234.19,17346
233.33,16174
230.44,25962
227.68,26846
228.82,14006
228.52,15504
227.27,14473
227.92,10654
227.64,15095
227.9,18894
227.51,20330
227.7,30137
226.33,43911
224.53,24156
227.41,17596
228.1,27230
227.09,20678
226.68,8029
227.02,11506
227.36,7272
225.77,5138
225.52,10800
226.62,12703
225.63,13057
225.36,15745
227.2,34758
224.85,54948
226.13,35425
225.46,13797
224.27,9828
223.73,14908
225.81,8269
224.39,8314
223.73,23557
223.81,9287
223.92,4986
223.97,12209
224.29,28790
223.33,48870
224.59,23426
227.78,21466
226.85,17223
225.6,17529
225.38,15764
225.75,10847
227.45,6688
227.49,4997
227.34,1898
227.14,15401
225.19,10547
224.94,30867
224.29,25259
226.34,51067
226.47,20954
227.25,16486
226.68,10211
227.12,8686
226.67,8347
226.8,6925
226.16,6740
225.62,10887
225.87,17888
224.36,23685
223.75,28365
221.6,49836
220.01,45785
217.06,40017
217.92,29452
218.3,22286
219.54,16065
219.96,24968
220.08,16865
220.92,10581
218.31,8756
218.71,8112
217.46,11747
216.69,30815
216.1,77041
209.61,95905
210.03,70698
210.15,21144
210.15,0
210.15,0
210.15,0
210.15,0
210.15,0
210.15,0
210.15,0
210.15,0
210.15,0
210.15,0
217.42,82742
217.09,50388
218.22,37976
216.54,37611
215.16,51869
213.19,41213
213.69,25295
213.46,28620
214.18,47488
215.25,37439
216.69,50839
217.6,29281
214.44,250898
216.6,83706
215.06,71206
214.19,53770
214.74,69606
214.36,63779
214.05,19959
214.78,26096
215.92,20416
215.81,64607
215.13,213677
212.88,93195
210.44,82974
209.35,114351
211.29,121698
217.58,84666
215.75,65583
215.58,21828
214.72,15951
213.63,15453
212.25,33767
211.65,18020
210.12,35072
211.83,12964
210.65,11938
210.45,16266
209.99,59328
212.15,42275
208.39,40517
212.17,46213
216.28,57363
217.39,29068
218.68,47636
217.52,7714
216.13,8397
216.35,6532
216.82,8744
214.04,20641
216.66,13769
216.76,37316
219.7,47411
222.76,23981
223.41,20484
223.86,17622
224.15,29297
225.68,25057
226.17,22509
226.07,22538
225.31,12549
226.05,21524
227.26,25673
227.02,36996
226.79,105643
229.12,80524
224.54,58226
224.73,49618
224.82,47335
225.64,22071
227.24,12345
227.13,10644
228.04,6539
228.09,8103
227.57,9510
226.88,12647
226.47,16390
228.13,55106
230.3,50492
227.49,20565
226.65,16021
225.69,34886
223.1,57490
221.75,33529
221.62,29077
223.17,44235
220.13,25719
221.02,22468
221.1,24394
221.9,29364
221.19,104061
214.85,73882
213.14,72535
214.16,36095
211.27,45993
210.69,31672
209.43,72240
208.3,38365
208.78,30279
210.81,20248
211.5,18140
211.74,72831
210.94,71894
210.81,103944
212.94,48823
211.72,26161
213.5,26396
213.19,16886
213.54,12386
215.02,19541
216.16,18424
216.82,15428
217.11,23755
217.01,25824
216.92,16664
217.86,14313
217.26,52284
216.82,19910
217.53,18450
216.06,27559
216.56,21755
215.63,15663
214.95,14338
214.71,17899
214.88,14696
216.34,14270
215.96,8613
216.89,13232
215.88,17289
215.57,56774
213.12,13698
211.49,51621
210.2,66181
211.74,23789
212.25,6619
213.49,12146
213.07,11864
213,14634
213.12,9699
213.22,8294
212.88,8135
212.8,11477
213.56,27394
217.7,99666
214.02,34997
215.37,23193
217.26,24825
217.35,19505
216.4,7332
216.64,7938
217.27,11667
217.41,32054
217.41,10179
217.2,13204
216.84,24469
217.02,50303
214.85,44850
217.41,19355
217.24,24359
216.34,14492
217.11,13506
217.57,9243
217.42,12123
216.04,19209
214.65,18381
215.41,12480
214.87,21088
214.09,19579
213.97,60509
215.72,19098
212.68,26545
213.61,15411
212.15,20840
210.49,17765
209.47,20039
209.45,42234
207.92,21543
208.23,25386
206.55,26236
204.72,17596
204.54,29782
204.01,84005
202.46,29612
204.96,27075
204.79,38369
205.57,21552
206.72,36199
206.24,54025
206.05,29673
204.92,14751
203.94,18447
202.49,22831
203.16,19760
203.92,28300
203.59,80446
206.74,46203
207.35,31679
206.82,31196
207.7,18690
208.31,12967
208.66,12280
207.25,16505
206.83,8504
207.73,18610
209.46,17100
208.97,15913
209.75,32898
210.13,99276
208.42,26314
205.7,33985
207.36,22199
207.52,19670
206.7,12981
206.75,16448
206.31,20921
206.09,13819
206.35,13399
205.82,52159
207.67,18144
207.5,18735
208.85,72245
205.37,36438
202.98,35795
202.4,43682
201.34,25161
201.57,25794
200.08,34026
199.34,20250
199.59,22416
198.61,27181
198.55,18500
198.47,17623
197.74,48838
197.13,72429
197.6,53380
197.87,29017
195.44,26441
194.87,20553
194.71,11321
194.65,8889
194.28,16357
193.47,18962
193.17,13407
194.02,36129
195.25,19992
195.72,36771
193.8,57540
192.79,66786
196.79,29713
196.32,24317
194.42,16844
193.53,11188
193.24,14741
193.06,16898
192.55,22373
191.87,11819
191.31,16539
191.97,21854
193.56,21577
193.46,47446
194.27,29647
192.27,27558
192.17,30100
191.88,22625
190.73,22535
191.45,21319
191.52,17522
189.94,11119
189.38,10905
189.84,14597
189,21949
188.63,17992
188.82,47756
182.18,163671
190.09,72107
190.81,57238
192.63,58818
193.29,45305
192.42,35732
192.39,34651
193.64,30896
194.2,66896
196.22,32556
197.57,59619
199.22,48290
199.51,135264
201.29,45437
199.03,30032
201.99,26718
202.48,25518
203.62,17631
204.44,21806
204.68,41504
203.4,13733
203.98,9533
203.77,12109
204.88,19599
204.29,21358
205.14,63418
205.87,38689
207.01,34319
205.52,58181
207.82,43733
208.39,15230
207.56,17370
206.12,15738
204.97,35062
205.59,22573
205.76,37139
204.79,19165
205.91,21884
205.85,57257
210.31,95016
208.55,45486
208.97,48826
207.31,44144
207.15,35949
206.25,37506
207.6,36098
208.83,24060
207.41,29264
207.88,36754
208.48,75425
208.14,80205
207.24,139608
213.6,223221
204.99,206335
202.49,90884
201.53,69102
204.92,66423
203.75,77010
207.4,50248
207.7,41468
208.49,35538
207.45,32022
208.11,36934
208.29,35172
207.47,96536
207.56,35356
206.75,36023
203.89,25411
202.66,32317
202.85,21151
203.9,30537
203.13,20561
203.55,24325
204.2,13128
203.82,20081
204.56,23011
202.57,39061
202.36,115880
202.23,45474
201.67,22266
199.37,18158
198.01,19566
197.07,15122
197.31,16413
197.89,15146
197.67,15742
197.67,26753
197.77,31165
197.69,33105
198.7,28852
198.95,79171
200.65,41873
198.64,42525
195.72,30537
196.18,32564
198.37,39104
198.96,51203
198.92,50896
198.29,17848
196.77,21271
196.18,18075
195.99,21229
194.74,34758
194.41,54318
194.41,0
194.41,0
194.41,0
194.41,0
194.41,0
194.41,0
194.41,0
194.41,0
194.41,0
194.41,0
194.41,0
194.41,0
194.41,0
194.89,71791
199.89,62894
200.6,40324
201.7,37506
200.33,39113
201.77,25417
201.11,22399
201.59,14600
201.68,9302
200.72,12799
200.4,26197
200.32,19199
201.17,42696
196.24,42246
197.04,23247
196.52,38642
195.73,20217
195.04,14684
195.94,11668
196.13,11932
195.39,14997
196.12,22007
197.29,9934
197.39,19922
197.87,14189
197.87,52583
201,49555
198.25,26278
197.93,35625
198.74,19664
197.86,23752
197.65,23835
197.45,18204
196.95,15364
197.23,15403
196.63,22918
196.95,16098
195.7,24572
195.28,71889
194.79,18289
194.23,17448
195.73,14736
195.14,29847
194.15,68792
194.41,45856
194.58,15392
191.38,22633
190.37,36836
189.62,12919
189.34,8852
190.19,16163
190.75,31850
196.06,40782
191.46,23059
192.01,28465
192.47,20871
192.26,26232
191.26,19538
191.93,6363
191.23,18342
190.8,20782
190.86,11216
190.28,15381
191.49,32321
192.99,40204
196.49,29994
199.9,30360
202.48,32051
200.99,14106
200.76,11308
200.37,27689
199.3,21583
198.58,5526
197.93,18066
197.83,22116
195.5,36834
199.21,26504
201.04,50104
201.72,32469
204.39,14870
204.57,15054
203.18,13669
203.28,11528
203.38,6623
203.56,4534
204.28,10944
205.21,11631
205.98,9260
205.78,10420
206.29,13158
206.69,77366
206.55,19161
207.17,22904
208.77,8288
208.52,17834
208.76,19501
210.14,17450
212.01,23481
213.01,12862
213.28,42332
214.32,34956
213.6,41263
215.21,41431
216.05,87783
214.94,27825
211.57,60962
208.23,46253
209.94,24255
211.67,15719
212.41,18397
211.94,21063
209.69,15404
209.02,12803
209.51,17220
210.6,36435
209.19,20034
210.27,56445
210.63,18190
212.12,12907
214.05,11404
213.71,34548
216.88,28163
216.37,13775
215.84,5361
215.42,3290
215.26,23810
215.21,13209
214.83,8266
215.54,11420
215.18,85291
210.16,43073
205.79,33572
207.71,27494
208.39,35946
208.31,22558
209.29,20917
208.49,14823
208.2,13358
207.01,12371
207.26,17162
206.72,12591
206.96,20920
207.6,72523
209.08,15180
207.79,13573
207.69,13799
208,10371
209.44,6993
208.85,8746
209.3,11918
208.84,7741
209.36,4680
209.46,9899
209.88,7520
209.72,6371
210.56,28797
211.52,10872
209.09,5199
209.48,7305
208.49,3399
206.51,12591
205.67,5170
206.74,4489
206.63,4524
206.66,2220
207.83,3955
207.7,8281
207.14,7704
205.92,27379
207.85,23666
210.62,24980
208.74,12354
208.2,28311
207.84,16854
206.63,9517
206.86,3154
208.15,8751
209.28,6975
210.55,6884
209.64,9887
211.1,10367
211.81,42132
215.94,39036
215.78,17208
214.76,11845
215.63,13777
216.15,13594
216.83,8394
216.08,5288
216.17,6563
216.22,8310
216.88,13656
217.38,12528
218.08,23111
218.69,62851
216.25,22785
213.76,14196
214.99,14890
213.17,13084
212.76,11524
213.37,7970
213.7,11957
213.84,13962
212.84,11164
212.31,13134
211.49,18957
211.24,20813
210.95,46637
211.93,33172
210.63,20165
211.95,25346
212.96,10926
211.82,7779
211.81,10178
210.99,9595
210.9,6042
211.73,10232
211.56,14694
211.02,10070
211.92,20017
211.08,78956
209.27,19143
208.94,13135
208.66,23639
208.57,17252
207.79,11048
207.27,26086
207.67,28198
207.27,9326
207.87,8044
208.8,14395
208.98,12824
208.76,14852
208.09,84941
211.78,80831
216.47,58065
213.58,22585
214.44,17537
214.48,14030
216,18981
216.81,9363
216.47,6130
215.59,9107
216.1,13632
216.67,17241
216.94,8505
215.95,40688
214.68,60482
211.81,48578
208.14,44672
208.79,28712
207.47,17853
207.17,21541
206.19,12490
207.31,14799
207.99,9371
207.34,5041
207.69,18500
207.33,12472
206.72,75767
202.29,48969
198.82,20584
197.76,86994
197.08,25845
196.7,10295
197.15,17748
195.69,4822
196.09,11072
197.11,5088
197.79,14577
196.4,15977
199.08,10954
197.02,35970
196.67,45424
197.98,27132
198.83,32781
196.48,18363
196.21,16880
195.75,16359
196.38,17853
195.87,17671
196.74,25077
196.62,18088
196.91,17481
197.95,22317
198.11,51074
195.73,18258
194.46,22887
196.85,16061
196.68,12215
195.9,17457
196.73,10285
196.84,6065
196.67,7002
195.61,9420
195.58,16565
194.47,14629
194.55,9773
195,29566
191.32,29335
191.71,23572
191.01,26073
190.23,27117
191.21,32729
192.6,19724
192,16024
192.63,20507
193.56,27736
193.44,16939
193.26,22195
193.96,29068
193.25,53299
196.4,44812
198.16,30799
194.86,25957
195.46,8198
196.43,15218
195.93,11273
194.77,6269
194.6,14430
194.72,7501
193.94,9830
192.42,8654
192.92,6102
191.95,30299
189.21,104233
188.84,32993
190.55,19289
190.83,18922
192.73,28246
192.46,14142
192.27,12248
192.52,13679
193.02,13441
192.74,24713
193.59,15012
193.9,19721
193.3,53211
193.4,36500
190.39,21048
190.53,15582
189.12,9223
190.1,16775
189.46,9516
188.5,11919
187.87,12997
187.83,8660
187.95,10219
187.91,60266
186.9,23421
187.01,49904
185.43,34091
185.16,15893
185.9,9371
185.25,8297
185.01,10298
184.56,10141
183,9870
183.29,7684
183.65,7765
185.32,4519
185.36,3897
184.74,6734
183.76,30810
184.71,16008
186,27049
186.35,28205
186.7,20664
188.43,16482
188.94,3468
188.65,4514
189.1,5620
188.28,6902
188.31,6617
188.12,8631
187.91,13288
188.43,50838
189.86,25218
185.89,25619
185.38,18225
186.21,20746
184.71,13217
184.89,15781
184.06,8456
184.92,10743
185.14,8335
184.74,10020
184.31,12530
183.7,13818
184.45,88460
186.08,21384
183.73,64321
183.85,32718
182.08,24592
181.68,36535
179.34,41960
178.56,14134
178.91,27668
179.44,21482
177.88,26845
176.42,38196
175.52,39801
175.24,98055
174.96,37476
174,47316
172.32,44558
171.85,19681
172.48,25572
170.73,24314
170.5,25170
170,20289
169.78,29361
168.93,27102
169.42,18933
168.88,30824
169.96,58863
167.12,66590
168.41,38324
170.61,24911
169.18,21366
168.94,18320
168.57,18904
169.74,8883
168.54,9746
170.19,13344
169.9,10709
171.29,15885
171.25,13704
171.41,33840
170.53,22907
167.5,26971
167.4,23041
165.75,24150
165.86,14261
166.13,33627
168.41,28193
168.43,16539
166.92,16543
167.54,18454
168.56,16494
169.31,18167
167.78,85670
168.63,48408
172.47,53515
169.47,28725
170.35,39345
172.62,32698
172.12,18863
173.92,21498
173.63,14461
172.99,13675
173.94,20304
173.5,40152
173.22,34843
172.37,54296
179.04,87888
178.28,66888
176.6,56480
177.13,47610
178.42,40936
177.33,43780
178.87,23488
180.83,20390
181.17,65366
182.51,29478
183.23,28607
183.65,41457
183.58,85962
180.01,53744
182.18,25695
178.77,24349
179.79,15522
179.48,16693
179.41,11630
178.09,9387
177.78,9893
178.37,15737
176.74,16088
175.82,19954
175.19,21248
174.7,66333
173.03,27217
174.19,37919
174.56,41389
173.17,32222
173.32,12194
173.55,4442
173.98,5156
171.93,8339
172.23,7690
171.64,5522
171.46,5849
171.72,16435
173.87,61912
174.73,20173
176.6,22865
176.57,30382
174.98,12641
175.47,13535
175.39,38871
175.1,15972
174.81,11825
175.39,10882
175.64,15159
174.69,15696
176.11,18992
175.25,59973
177,24164
174.79,25223
173.1,16788
173.13,25187
172.86,19095
174.29,27026
175.62,18026
175.6,15699
176.34,31066
176.79,37417
175.78,56779
180,29623
182.02,80764
178.51,26720
176.07,52070
173.18,40583
171.77,26005
169.92,20994
168.91,17134
169.93,13213
169.83,10663
169.23,13458
168.77,15683
168.15,16537
168.44,32475
167.8,65427
166.93,38037
163.43,40626
166.36,22560
168.32,13686
168.79,10751
166.26,8022
168.19,8863
169.15,11082
168.98,28412
167.91,23174
167.06,31316
166.84,36467
166.74,72918
164.04,76338
166.52,38034
164.54,58853
161.82,29276
163.03,35392
163.49,40643
165.53,9832
163.08,20193
162.62,19596
161.65,19744
160.42,28203
161.27,41267
161.35,100185
165.11,41699
164.45,35760
164.66,61887
163.15,50830
162.84,26386
162.16,26478
161.83,11132
161.18,9096
165.01,18189
167.14,22363
167.5,27072
167.57,22171
165.19,39237
163.27,33952
166.01,26902
165.57,15973
163.53,13850
164,22375
163.58,27832
162.45,27703
161.69,30558
160.87,23866
159.84,19836
160.48,16248
160.02,16323
159.06,47173
154.87,68997
155.97,59345
160.5,33428
161.45,67839
163.48,51916
160.68,25602
160.58,20071
159.28,18152
158.13,36346
156.35,36281
156.25,40932
155.14,56649
156.75,66325
161.24,60668
164.18,32925
165.37,30732
164.74,11183
165.05,18406
164.57,18555
164.79,16528
164.91,11253
163.93,8934
163.18,8298
162.65,13754
163.97,18384
164.91,33845
162.37,42260
161.47,11840
163.42,7674
160.58,5517
161.01,6381
162.23,4683
161.63,5861
161.05,7564
162.98,5008
162.51,9307
163.39,7342
162.93,8566
161.95,24515
164.9,45436
161.46,21164
158.25,39335
156.72,22671
158.27,18657
158.95,12296
159.57,9101
159.68,14095
160.54,8428
160.15,21866
159.2,8801
160.67,11178
161.2,30674
159.86,25211
158.91,27527
159.3,13101
159.63,10306
157.28,19137
157.24,6620
156.38,19718
156.06,10651
155.05,22175
154.28,22572
154.85,15602
154.52,18623
154.37,90539
153.38,78969
154.7,56062
155.57,52933
155.73,41328
155.09,48322
155.99,32781
156.06,22785
155.37,27830
154.8,24091
155.86,21589
154.93,28051
155.86,41723
153.61,116301
156.93,42470
157.14,39825
155.96,20526
153.93,18617
153.59,10785
153.52,14901
152.89,18044
153.2,21696
153.53,45176
154.94,34283
153.93,38307
154.81,45469
155.84,83222
157.35,41390
154.44,8022
155.08,18596
155.48,27193
157.06,15795
157.47,5897
158.04,9859
157.14,6942
156.87,20320
157.36,15163
157.59,14553
157.22,17770
156.92,51091
155.22,60438
153.15,58451
153.34,40481
153.46,22960
153.21,23768
154.98,16518
155.15,20070
154.08,17019
153.88,14410
154.77,20477
154.51,34866
153.77,26533
154.58,47965
153.86,34614
157.46,19971
159.16,35107
158.01,29739
155.87,26277
155.46,25655
154.93,13683
155.99,9821
156.29,12750
156.8,30998
157.68,17647
157.8,18663
158.25,66229
157.38,73707
158.25,33707
157.92,26287
158.54,20900
158.84,9543
158.64,14585
160.65,12469
160.99,8547
160.06,26056
160.51,17607
160.8,11150
160.63,13676
159.75,43944
158.28,56812
159.88,28803
161.05,30671
159.64,29527
160.78,14887
161.84,13872
162.06,13310
161.34,9874
161.33,10803
161.54,9130
161.71,11819
161.77,17747
162.57,37047
164.54,79434
158.53,59144
159.55,63207
161.65,37384
160.03,69844
161.35,44058
160.36,20109
161.9,21721
160.71,23023
161.49,16338
160.57,35067
158.81,47109
160.55,135531
175.73,283261
180.09,180185
178.02,75686
178.25,50103
176.12,88414
173.95,47588
172.91,53092
172.36,31059
172.94,34677
174.32,36947
175.36,26893
175.2,28288
174.93,103150
172.42,66894
175.96,82350
175.14,46590
177.79,39588
178.84,36809
179.52,24263
181.15,49740
183.33,46646
184.58,46231
186.22,219847
186.8,151360
184.77,57716
185.11,123253
182.11,57555
185.91,45577
184.92,22696
182.4,23348
182.04,15846
182.37,15108
182.12,11064
182.74,18181
182.88,17432
182.97,15414
183.75,25744
183.96,19715
182.72,55554
186.17,48272
185.71,27645
186.71,12564
185.2,13328
182.7,7421
182,13971
179.74,7104
180.88,8568
180.39,12594
181.95,7327
181.06,5291
180.72,20083
179.24,31284
179.22,22904
181.11,35006
184.01,41288
184.8,26573
183.98,15096
184.34,22235
182.86,12027
183.37,9057
184.04,28946
184.04,16915
184.41,19149
184.17,29582
184.55,53989
184.47,35156
185.62,18588
185.97,14120
185.24,8904
185.32,7451
185.62,13020
186.04,15360
186.15,15010
186.37,14047
186.63,21706
186.5,19454
187.41,22664
187.1,38642
185.66,47470
187.64,57347
189.6,39504
189.22,30449
189.11,57637
189.17,25213
188.56,16363
187.52,23602
187.38,28768
187.67,16746
187.74,18305
186.04,20050
185.29,73337
180.89,58453
178.2,45321
175.38,19801
174.89,26191
175.13,22311
176.49,21531
176.56,12953
176.81,14837
176.87,15876
177.13,16558
177.3,19253
178.23,39782
178.11,96278
168.37,60665
167.95,56198
167.44,46513
166.18,35087
165.86,32156
165.18,28849
166.38,35651
165.4,14635
165.23,11991
165.11,15915
164.55,23444
164.62,33940
163.43,76319
166.19,45968
162.81,20584
160.53,34031
161.85,42626
161.13,39900
162.18,11308
160.87,18048
162.39,21620
162.61,18490
161.36,17298
161.5,22132
160.8,15816
161.08,67859
164.39,27869
164.68,20743
165,24641
164.95,13727
164.85,10069
164.52,8106
165.13,9225
163.82,13990
164.1,13430
164.93,27709
164.07,29117
166.47,25681
168.2,59303
161.38,28663
161.61,25155
159.54,10197
158.77,11157
159.3,8918
158.81,8785
159.19,16937
159.29,14415
159.21,12858
157.93,9740
158.35,19747
157.18,27719
157.98,57865
156.72,139851
161.26,56554
159.53,46670
159.86,24502
162.13,19084
161.22,24159
161.51,17303
161.95,15449
163.22,20272
163.14,22623
163.37,18281
162.39,21746
162.59,76348
162.82,44925
165.64,26197
166.16,20642
166.33,16506
165.49,13492
165.13,9387
164.74,11387
164.8,11590
165.17,16855
164.85,20324
164.95,27068
165.21,19484
164.9,45317
162.05,69484
165.63,49361
166.24,37937
167.4,15956
167.14,13428
166.11,9379
166.41,19840
167.08,9436
167.19,8819
166.98,17884
167.39,7089
166.93,12315
165.36,32494
166.49,32627
167.93,20688
169.01,30127
169.09,24748
169.81,18938
168.7,14829
169,17165
167.45,6429
167.94,10673
169.41,8503
169.67,21859
170.56,22114
170.34,59221
174.24,45624
178.07,86124
180.56,61395
180.37,47234
180.85,43560
181.38,29931
180.61,23856
181.45,23796
180.78,23749
180.8,19912
181.78,14577
182.24,13158
182.64,81141
183.33,31889
180.42,25940
178.21,23295
180.77,13662
180.78,14635
180.49,6394
178.74,10617
179.43,6886
179.29,11595
178.23,16696
178.79,13474
178.83,26967
178.6,56314
177.66,44617
176.91,25457
175.68,11894
175.43,11321
173.57,17473
172.47,16832
171.7,13679
172.12,14354
171.26,4768
170.45,9806
170.07,12969
170.01,13755
169.87,62026
169.98,47880
168.6,30838
168.66,18859
168.52,13748
168.15,14259
167.81,12429
167.23,15944
167.79,17193
167.74,9882
168.05,12216
167.89,13182
167.43,13701
168.34,51729
162.77,68713
159.63,64837
160.65,29571
161.62,37339
162.52,15737
162.71,21810
163.18,13512
163.4,9803
162.85,14973
163.57,19163
162.76,18367
161.41,28377
162.12,91736
162.38,34989
165.81,19051
163.31,24930
163.68,13881
164.41,4564
163.26,4222
163.99,3620
163.23,6278
164.15,5907
164.69,8672
164.94,3734
165.08,11404
165.3,30528
163.95,31077
164.13,28029
165.34,19360
165.9,11389
165.05,4586
166.24,7510
167.28,11094
166.69,7679
168.24,6358
168.24,11349
168.96,10122
169.31,13581
169.78,30622
170.96,23715
170.93,25040
170.11,14763
171.13,9471
169.38,7472
169.35,8204
169.61,6921
170.03,9160
169.99,12380
169.53,20277
169.93,13065
170.56,15235
170.95,39220
171.65,14152
172.86,14581
171.9,8391
172.24,11967
171.78,7869
173.05,7699
173.06,6564
173.08,6182
173.14,9203
173.67,6975
173.71,6411
173.98,13775
173.81,24505
171.65,31453
171.12,11643
173.18,11338
173.42,8023
173.67,8588
173.27,6873
171.32,5255
171.22,3915
171.84,12252
172.67,10210
172.9,4154
173.16,5875
172.83,16559
172.26,12249
169.39,10759
170.27,6965
171.3,6303
172.44,7626
172.74,3758
172.72,2609
172.42,8695
173.37,5712
173.55,14194
173.33,6511
172.27,8724
171.74,20709
170.8,71902
162.94,60221
162.6,15975
163.9,10148
164.95,7733
163.95,5492
165.36,11714
165.79,10397
165.24,5323
165.16,16919
165.69,23317
164.67,25913
163.81,62462
160.09,56764
160.88,30659
161.5,52659
162.14,11764
162.61,12468
162.42,25100
162.42,26491
162.62,20193
162.31,11714
161.81,20702
161.65,13986
161.79,25718
161.14,63219
158.71,35883
156.5,22725
155.68,30110
156.45,35902
157.65,39768
158.7,23775
157.92,19841
158.04,8107
158.44,9426
158.57,15231
159.1,17899
158.92,17300
158.94,37493
161.07,25315
161.98,47543
164.67,25513
163.36,26522
163.68,9582
163.99,7087
163.47,2856
163.44,3824
163.89,4978
164.25,3595
164.19,4320
164.11,9113
163.92,48817
166.89,29947
168.94,21588
167.33,12454
167.99,6296
168.87,16471
169.52,5700
169.7,7393
169,15235
168.88,6929
167.59,8316
167.17,9389
166.01,7857
165.95,25218
168.22,12781
166.75,6185
167.09,10291
168.95,9368
169.31,7527
169.86,11120
169.77,11476
170.18,16149
170.01,19391
171.1,18091
171.01,14472
171.1,23060
171.05,66027
173.55,26800
175.96,13975
177.9,24690
180.2,22624
179.4,7068
180.29,9091
180.22,8233
180.01,16735
179.69,16659
179.75,14304
180.05,11309
179.96,12847
180.69,31652
178.35,14260
180.69,19792
178.11,8455
179.4,6562
180.22,7668
180.54,12205
182.07,9464
181.63,8538
181.17,8249
181.97,9662
181.92,9317
181.74,12747
181.87,36190
182.29,22054
181.85,10239
181.64,17062
181.52,21540
180.48,22683
180.83,20739
180.38,14512
180,15789
178.87,10123
178.7,7129
178.58,7567
179.43,9473
179.91,29941
179.15,32781
175.6,21283
174.76,14564
174.45,13762
174.44,19009
174.02,7229
173.86,6996
174.51,13676
174.33,10250
173.89,17657
173.46,34527
172.93,22971
173.18,39987
173.91,11969
171.74,7818
170.51,6352
170.86,6038
170.35,6399
169.73,13458
169.24,10874
168.35,13691
168.28,11771
167.94,14639
167.38,13808
168.14,10825
167.86,26326
172.17,20850
173.06,10766
173.11,8754
174.48,9620
175.03,5864
175.24,4197
175.75,5647
175.54,7743
175.72,7559
175.69,14346
176.02,31772
178.51,29971
179.55,56245
175.69,35843
174.89,17723
174.09,22821
176.75,23637
178.89,16451
178.49,23523
178.2,19706
177.72,6778
178.17,7813
178.64,6535
178.45,6944
178.93,9568
178.65,36896
179.38,20999
178.75,27669
180.23,22845
179,10338
178.2,9369
178.8,14613
178.91,6776
179.09,11577
179.1,5983
179.87,9840
180.81,12797
180.91,25214
181.44,51938
178.89,32787
178.59,11652
180.51,8590
182.08,4634
181.76,7958
181.89,3758
181.53,8155
181.19,5025
179.82,3427
179.86,5890
180.21,14684
180.2,10335
180.23,18357
177.98,19509
178.4,30996
177.83,19143
179.88,5276
179.92,13748
180.54,13724
182.25,17158
182.24,6105
181.1,5119
180.41,3690
181.12,3473
181.29,5694
181.46,28532
183.23,40985
186.14,40776
186.28,21189
186.12,23266
187.08,4445
187.28,5223
187.22,9564
187.42,5985
187.38,16185
187.23,6021
187.31,4556
187.35,2834
187.41,25520
186.3,25273
186.12,22799
186.15,12031
186.21,8814
185.55,6740
186.38,11206
186.85,4284
186.42,6289
186.86,7623
187.61,5311
187.57,7217
187.28,5391
187.59,27529
184.37,37886
185.9,22315
188.51,18601
188.24,17146
184.92,9071
185.85,8678
186.76,6530
187.39,4788
187.83,4937
186.99,6479
186.88,3648
186.97,8777
186.84,23636
188.42,24995
190.77,22057
190.29,6447
190.48,6849
189.44,6381
188.97,14848
188.12,7801
188.19,9628
187.68,10026
187.93,2760
187.42,2021
186.81,5657
186.79,14365
183.62,52534
178.12,41274
178.2,20154
178.48,12056
179.81,9586
179.36,3967
178.88,3927
178.75,4017
179.13,7198
179.07,5346
178.68,11959
179.34,7010
179.58,47574
185.03,25897
185.7,21420
184.53,16355
185.24,19281
185.99,9860
186.22,6082
185.42,3857
185.59,4974
185.61,4979
186.15,4721
185.82,7333
185.28,10136
186.11,49344
189.26,40187
187.06,23190
188.08,17926
186.8,18024
185.46,11040
185.05,23416
185.09,5212
185.35,7521
185.46,7400
184.59,7467
184.18,8303
184.16,13728
183.95,51071
184.41,12469
184.64,24010
183.92,14078
183.7,13768
185.01,3294
184.66,4491
185.77,7425
185.69,2595
185.9,3531
186.09,8086
185.38,4114
186.44,12317
186.66,32220
186.46,22104
188.01,5256
186.62,6527
186.72,10203
187.23,9526
187.81,4349
187.91,2998
188.14,2578
188.19,2887
188.39,2959
188.74,5596
189.1,5173
189.04,29058
186.46,24062
185.97,13630
184.37,15720
184.74,7793
185.89,4961
186.97,3963
186.58,3469
186.09,1906
186.97,4811
187.49,2160
187.5,3021
186.46,5049
187.03,32093
184.95,20517
185.27,12647
185.05,8139
184.17,9207
184.66,9022
184.17,2742
184.55,1251
184.54,2677
185.14,3873
185.16,8133
186.21,6289
185.88,8797
185.29,24854
185.45,24985
184.46,23693
184.32,7240
184.51,4112
185.54,2558
185.09,5712
184.72,4616
184.45,6378
184.81,5765
184.85,3949
184.77,6741
184.93,5759
185.44,24533
182.23,25660
180.2,26157
180.43,29883
179.58,10027
179.59,8625
179.69,6307
179.6,6262
180.16,5039
179.6,5514
180.38,3615
180.45,3637
180.02,4942
180.88,29403
177.43,37412
176.47,21422
175.03,16805
174.36,7806
174.38,12686
174.8,4812
174.39,8182
173.94,3587
173.75,8700
173.85,5996
174.02,8362
173.91,9744
174.22,57125
173.35,37300
173.93,17125
174.44,7752
173.57,12863
173.07,13973
172.94,5604
172.56,17174
173.26,9491
173.63,7041
173.26,7609
173.72,14927
173.18,16678
172.85,47326
174.57,33178
175.39,32955
175.92,40185
176.87,33155
177.71,28067
177.73,128071
177.52,22552
177.18,19636
177.51,61007
178.05,13145
178.13,31428
178,32652
177.71,87883
166.26,276184
165.67,226338
165.96,188068
166.06,93084
165.05,62946
166.42,55944
167.87,34034
168.39,33167
168.07,25428
168.97,45264
168.36,43823
167.79,47938
169.2,168191
171.4,64896
171.76,61394
169.8,55605
167.76,41942
166.67,35153
165.8,18997
165.31,22300
164.93,19751
164.45,37769
163.37,26580
163.62,14551
163.88,33879
162.81,95114
162.01,98180
161.21,67637
161.07,43346
160.33,28787
160.14,52156
160.4,43759
159.58,31360
160.12,32915
159.87,21086
159.74,21937
159.21,34724
159.42,52036
159.63,171458
159.97,51704
160.97,33959
158.21,41479
156.97,29272
156.57,17923
157.67,11070
157.91,10882
157.41,10850
156.74,25815
156.7,30385
156.69,22495
157.18,12990
157.73,51684
157.55,32160
158.1,39208
156.68,30731
155.85,24118
155.11,19523
155.98,14893
155.69,13898
155.03,22318
154.47,26528
153.96,31392
154.17,15834
154.23,22014
154.8,72440
152.57,67709
151.77,45284
151.35,35946
149.13,53854
148.89,31986
149.41,27537
150.1,33668
149.82,117595
150.3,34257
149.72,49832
150.91,71778
150.32,45599
150.13,84913
154.12,24322
152.27,36862
154.48,40702
156.26,32405
156.05,15100
155.93,13553
154.5,14504
154.01,23866
152.58,17150
152.06,19849
152.35,13563
151.98,22143
151.57,65124
151.02,26438
150.05,34251
149.56,39691
151.24,32694
150.62,15627
151.24,17929
150.28,14514
150.04,18796
149.04,10482
149.52,11968
150.16,16203
149.87,18976
149.8,59643
149.41,25905
149.52,20818
148.93,13803
148.82,8794
149.34,5719
150.39,9596
150.12,4386
150.51,8454
150.36,5395
151.11,5364
151.38,9709
151.83,18099
151.36,45235
149.9,59495
152.55,53011
152.95,22176
154.03,25114
154.31,12367
153.61,23196
152.2,23549
153.38,10900
154.05,10121
153.78,8100
153.72,10299
153.74,7316
153.83,33471
156.56,19507
157.86,47135
158.37,22890
158.85,18011
159.11,32319
158.69,27107
158.6,11747
159.47,11263
159.97,12777
159.91,11921
160.25,16343
160.15,25032
160.25,66172
161.42,36697
162.09,10660
161.8,12080
160.82,17437
161.56,11189
160.83,12439
161.09,8807
161.89,7620
162.13,12194
162.2,21520
162.19,12534
162.43,9954
162.71,31819
155.79,23025
157.8,13364
157.57,11710
156.91,11973
156.61,12518
156.95,8455
157.13,7053
158.01,9402
158.71,10101
157.98,9411
157.57,10977
157.34,13759
156.73,62295
156.36,36580
158.57,27230
157.46,12885
158.37,13003
158.47,7913
158.36,7204
158.34,10371
158.69,10265
158.27,10466
157.45,9188
157.23,8929
157.02,12663
156.98,36533
154.61,41719
157.15,21894
155.44,30893
152.7,38333
153.81,9923
153.89,8650
153.67,8343
154.68,6301
154.99,8475
154.32,6693
153.61,5960
153.58,17557
152.17,69207
149.11,38376
147.84,39494
148.33,32049
148.4,16290
148.29,17672
148.67,13723
147.97,27568
148.59,21474
148.24,21988
147.79,30240
148.21,25310
148.95,13481
149.01,51315
148.54,26310
150.25,11144
149.24,11659
150.05,10524
149.55,11702
149.04,14660
149.06,14860
149.65,16403
148.99,27464
148.42,14771
148.64,14247
149.29,33928
150.44,28123
148.95,34157
147.82,15381
148.31,11568
148.7,18735
149.15,11418
149.27,11434
148.66,6454
148.34,6477
147.28,11237
146.83,9314
147.35,16267
148.08,12295
148.02,36740
148.72,20755
148.55,15225
149.57,8517
149.05,8330
149.21,12817
148.8,9709
148.83,7603
148.63,8260
148.33,8547
148.32,36130
147.25,45265
150.31,27607
146.85,79149
147.48,116775
148.38,79169
149.11,56746
148.68,27640
147.72,23066
148.05,21986
147.83,19632
147.86,21634
147.86,22376
148.12,41068
147.32,26402
147.91,47736
148.27,110519
146.11,64617
143.4,60666
143.83,30838
143.84,26402
144.06,25593
143.75,24545
143.01,34631
144.08,40104
144,22405
144.34,20930
143.71,24301
143.16,32422
144.37,77579
145.17,45920
148.66,26779
147.21,13051
146.42,16529
144.67,19962
144.23,14411
143.37,11951
144.2,12115
143.56,18744
143.29,13403
144.32,36455
145.07,21156
144.66,67144
146.97,57269
147.34,37868
146.78,34638
147.37,33884
145.79,15171
145.71,13107
144.7,11027
144.84,19093
144.56,19433
144.56,20795
144.82,29446
145.62,32911
145.59,75324
144.47,58097
145.54,23357
146.31,20674
146.55,28603
146.76,21658
147.23,13017
146.7,9701
146.18,8475
146.61,7587
146.47,20917
147.04,14757
147.16,51505
148.04,85093
146.13,60416
144.93,27274
143.29,30855
143.99,26572
145.15,17633
146.02,10268
145.05,10883
145.15,12855
145,11935
144.12,18407
144.37,12313
144.06,20398
144.6,59995
144.25,35660
145.8,41429
144.72,19881
144.99,18219
145.05,13825
144.62,14021
144.08,7938
144.36,7658
144.59,12575
143.38,13839
143.73,14270
142.98,13248
143.36,68695
142.68,29316
142.32,35292
143.21,34790
144.15,34252
144.6,40829
144.15,21932
143.72,14502
144.23,15383
144.9,13705
145.07,12004
146.05,16239
146.33,18648
146.73,50468
149.37,61504
153.27,62829
153.09,44812
153.94,27600
154.29,20768
154.49,30901
155.04,22729
153.92,28682
153.09,30881
153.81,26525
152.92,22242
153.37,23259
153.01,75011
150.06,28374
152.11,20410
151.15,9365
150.5,8779
151.62,5796
151.84,8270
152.91,7708
153.38,9836
153.61,3338
153.35,7027
153.66,10125
154.02,16094
154.51,37996
153.93,24751
153.88,22819
152.28,14090
154.16,12091
154.26,9791
153.36,9319
153.93,7458
153.9,8437
154.18,4613
153.76,4965
153.76,8748
153.3,10793
153.59,34502
149.34,30161
149.58,24396
149.94,16811
149.95,9455
149.22,16652
148.94,13520
148.67,11373
148.45,10332
148.48,13344
148.13,18851
147.63,18817
147.66,33685
147.45,81844
148.62,29960
146.06,14785
146.07,19036
144.26,23056
144.09,11283
144.46,7807
143.21,8018
142.88,9424
142.85,18476
143.83,32490
143.31,14591
143.69,13059
143.71,44972
142.45,35258
139.05,48552
138.03,34290
138.29,25908
139.77,31739
140.53,23307
141.55,34581
142.53,16453
141.72,13108
141.96,13622
141.59,17500
139.52,25704
139.93,70464
140.34,34761
140.24,37219
138.57,21492
138.4,13873
139.82,12479
140.29,11336
140.32,19177
140.87,13004
140.8,7947
140.3,13066
141.16,13149
140.35,16598
140.67,61180
136.63,50406
137.52,24856
137.98,26025
137.78,43065
141.29,39175
142.2,18420
141.28,15470
142.05,12977
143.39,7133
143.27,9613
142.8,12679
143.82,16098
143.59,50238
145.43,32760
144.05,42763
143.49,22230
143.57,24264
143.37,10963
141.96,6403
141.62,7547
141.65,9570
141.47,12503
142.02,7335
141.17,7126
141.13,13270
140.62,55927
144.14,23289
146.12,17307
146.11,13862
144.93,16376
145.83,9043
145.37,9613
145.81,5914
144.94,5886
144.96,6121
145.01,5390
145.03,9296
144.78,26778
145.38,51420
154.42,252706
156.51,108405
152.71,45071
152.21,45163
150.44,12582
150.47,24311
151.39,17220
151.67,26151
151.88,12022
152.1,13995
152.3,22038
151.2,22217
151.36,71072
149.43,25946
150.65,34212
153.38,20505
152,24084
152.41,28509
152.54,11597
151.18,46876
151.47,10306
150.75,11104
150.38,13531
151.24,7502
150.33,27328
150.68,79405
152.5,27705
155.02,50451
158.04,47873
158.29,47088
158.2,10348
157.75,27149
155.83,27214
156.51,37160
156.51,23990
155.57,26224
154.48,35665
154.92,33308
155.5,77653
154.92,20575
155.6,18721
154.15,18080
153.28,10875
154.34,14977
155.55,11340
155.35,9941
156.16,12012
156.29,8632
156.73,7767
156.88,9189
156.73,18416
157.72,75154
158.61,33442
158.06,35031
156.71,21564
157.94,12185
158,10317
158.69,7623
158.61,10010
158.61,25453
157.93,10993
157.55,6060
158,17075
158.75,14665
158.9,38615
159.5,30434
161.84,16600
160.71,31064
161.31,19131
162.04,27848
162.46,21869
163.01,19192
162.15,19211
162.03,14456
162.16,18363
162.59,16123
162.43,17680
163.32,44143
157.36,61003
159.82,22836
161.08,24279
160.54,28031
161.13,12615
161.1,14354
160.18,21433
158.47,81795
156.61,13960
158.35,11631
158.48,9145
158.18,25448
157.8,44611
160.01,31084
159.65,31363
161.38,13800
159.64,23625
158.83,4577
158.92,4576
158.15,5052
158.76,11919
159.11,3066
158.7,7287
158.33,11833
158,21162
157.9,55567
157.05,14619
157.24,21548
157.13,17083
158.32,12175
158.03,7350
158.09,4778
159.48,7451
159.33,5539
159.52,14325
159.22,16697
159.87,13185
160.26,14004
160.32,55516
160.32,18802
160.06,9882
159.08,9480
159.7,14818
160.4,20649
160.88,18406
160.74,8503
160.4,16027
161.5,9254
161.07,12655
160.71,8046
160.65,24671
160.4,61514
162.45,17657
160.71,14868
160.09,16033
158.63,10157
159.68,8101
158.87,20569
158.55,27642
158.79,14360
158.11,29388
158.33,15770
158.39,10139
158.67,22301
157.95,63118
157.23,28562
154.24,36487
153.44,16941
153.12,27697
151.68,24744
150.94,24847
150.4,15516
150.96,8125
150.7,6932
151.04,14877
154.57,42408
150.38,41092
149.41,83707
146.19,31163
144.9,20851
146.9,30731
147.67,12858
146.1,11893
145.48,13004
146.35,14311
147.27,15677
145.91,22233
145.34,18926
145.42,10369
145.43,22740
145.73,87792
144.7,74878
138.73,102787
138.53,58194
138.62,61704
136.49,63277
134.63,64389
136.06,36276
135.49,26891
135.33,49112
135.19,24087
136.45,23745
137.29,29738
137.64,102378
138.71,35745
138.74,39504
138.75,43410
140.3,25582
140.33,17110
139.1,6208
139.51,5872
140.19,17439
140.93,19238
140.92,26666
141.69,12567
142.04,20241
142.43,69654
143.26,43550
144.06,33968
145.23,18651
145.81,46305
148.11,34907
149.08,37553
149.06,30065
147.56,24415
145.78,24396
145.55,19018
144.12,17451
145.08,20452
145.9,106571
143.59,36083
142.39,36407
143.11,16500
142.01,28512
142.73,13704
142.48,14916
141.3,22487
141.24,22700
140.89,22477
140.54,13110
141.15,20582
140.77,22459
140.85,74707
148.63,77295
151.77,28540
150.01,20834
151.36,21958
151.73,13928
152.81,13304
152.64,14760
151.9,16133
151.39,16596
151.73,16310
152.09,11791
152.47,17988
152.91,67418
154.04,47877
154.78,33887
157.29,39604
157.26,53425
154.62,20014
155.46,11169
156.12,15812
156.35,10972
157.04,13389
157.35,17117
157.11,17097
156.68,32226
155.32,49325
153.47,40693
154.29,25757
154.29,18591
154.2,19784
154.57,21979
154.88,10221
154.82,10311
155.67,9168
157.06,15675
157.23,25954
157.76,33470
157.39,50759
157.36,101220
160.72,114738
161.51,52346
160.96,52685
159.75,100937
160.31,16099
161.58,6483
161.43,29444
161.91,60585
159.78,104582
159.56,65901
161.8,21090
161.77,10049
160.97,47315
157.46,44983
155.05,57263
152.6,36105
152.09,29877
153.14,19200
153.73,9324
154.18,8706
154.36,8564
154.52,10304
153.49,17289
152.78,14267
152.48,36563
151.97,58601
148.25,38106
147.47,30088
147.7,33367
146.58,52904
147.18,19421
148.21,23639
148.56,28373
148.94,20185
149.07,12344
148.6,18387
147.54,18346
147.57,21508
146.81,53396
149.48,19354
145.77,21812
145.52,24499
144.26,31033
144.99,14196
145.43,12367
144.69,7552
145.13,9064
145.26,19125
144.82,12294
144.84,11562
145.4,14400
145.8,44759
144.14,34224
144.27,28577
142.53,24825
142.21,32467
142.58,24822
142.01,21161
141.84,14910
141.52,25218
142.41,24538
142.83,31082
142.23,25483
142.76,22490
142.52,50954
142.92,74689
141.04,41807
143.62,33643
144.27,16811
144.27,13343
144.69,19046
145.19,15803
145.62,15922
146.24,17675
146.34,17003
145.99,19760
145.94,13792
146.56,39065
145.87,48123
147.92,21292
148.14,28846
148.85,35465
149.52,18380
148.19,16506
148.38,28277
147.73,15713
148.86,17114
149.68,26578
149.89,23528
149.54,27493
150.05,62401
149.96,63159
150.07,35267
150.56,16219
151.54,14878
151.14,9007
151.39,10882
151.71,26519
151.71,0
150.1,26147
152.43,38999
151.78,24582
152.13,31668
151.56,18162
151.51,51723
151.37,25908
151.04,11455
151.49,17681
151.17,15028
151.33,35970
151.57,20927
151.04,80600
150.82,23983
151.31,26856
150.92,23487
150.74,107633
149.67,34831
149.98,26752
149.92,14729
149.87,13049
149.07,16359
149.89,14693
149.72,52318
149.63,23982
149.71,58240
149.08,94159
149,36825
150.54,29071
149.4,16771
149.26,15812
150.29,21356
149.58,10431
149.86,12889
150.07,27647
152.91,42841
155.19,20512
155.11,32871
155.97,103255
145.19,624591
142.22,222942
140.84,98319
143.06,143031
142.44,76502
141.78,107417
142.39,31816
142.67,25228
142.25,39058
143.08,87735
143.98,77778
144.64,83274
144.41,191408
141.92,83505
142.1,53362
142.54,56499
141.8,94177
141.74,33056
141.57,31833
141.49,27912
140.91,92388
141.21,32313
141.14,23179
141.13,34735
141.92,61309
142.35,62593
140.64,54905
139.1,80434
138.46,101111
138.74,113673
138.52,84539
137.07,56535
136.19,67506
134.03,82116
133.98,109883
131.3,96526
131.55,56110
131.89,69755
131.66,145193
130.8,139929
130.78,182159
130.62,96468
131.21,58365
131.26,70859
131.96,54302
130.99,42259
130.76,46586
130.36,63333
130.95,65646
130.8,58612
131.14,43963
130.53,180049
130.63,72266
129.05,93868
129.85,57002
129.73,62302
128.5,48373
128.87,33498
128.42,51982
129.12,43338
129.41,29237
129.12,45996
128.85,42031
128.9,45920
129.05,69119
126.47,143059
128.33,99634
129.07,67033
128.04,76389
128.46,59390
129.18,36072
128.19,37299
128.6,65180
128.32,90512
128.51,41135
128.1,76314
127.79,54190
128.33,96646
127.94,46128
128.29,44889
129.01,38129
129.45,90584
130.38,48664
131.04,39020
130.72,24132
130.68,39157
130.26,24108
130.36,32573
130.27,22105
130.03,22476
129.9,61718
129.41,47793
130.33,82543
131.4,51604
130.87,46838
131.65,28716
131.59,24723
131.05,39064
131.2,27873
130.81,32053
130.74,27793
130.44,44985
130.76,52326
130.92,67821
135.23,171329
136.81,81283
135.74,62479
134.83,32872
134.77,35753
133.78,35387
132.7,32062
132.57,24749
133.78,21251
133.17,10638
133.28,17796
132.91,33923
133.41,75992
133.18,59256
134.53,46234
135.03,51612
135.04,33251
134.98,21516
134.69,34582
134.52,23201
134.05,28916
134.18,36222
134.53,32277
132.84,59670
132.73,63339
132.33,78298
129.91,143474
130.6,86049
130.98,18738
130.48,29172
129.68,45111
129.67,22853
129.53,12930
129.01,15582
128.62,39492
128.25,57184
128.2,116099
128.54,50422
129.16,50240
127.06,45086
127.24,56263
126.55,17313
126.54,32065
125.16,35797
126.05,24640
125.51,26043
125.28,23188
125.74,14156
125.21,20481
125.69,18481
126.15,34705
126.84,81672
126.05,37142
126.35,24723
127.6,19677
126.48,26874
126.49,31794
126.38,17423
126.17,11166
126.45,30043
126.03,18734
125.64,30680
125.62,36369
125.86,54283
126.21,123715
125.72,37909
127.05,39513
127.42,26704
127.24,35842
127.17,29738
127.68,53478
127.38,16217
127.47,15882
127.45,17238
126.98,30978
126.6,31330
126.65,30593
126.51,74339
126.37,51834
127.18,41639
128.78,27661
130.03,17504
130,33234
129.53,29948
129.31,12831
128.95,15282
128.69,9698
128.76,25831
128.75,21909
128.47,17910
128.43,54565
126.56,37950
127.05,23583
125.75,20006
125.64,18383
125.54,15153
125.5,13323
125.19,14920
125.15,21166
125.01,16578
125.16,23782
125.42,30611
125.91,70027
127.31,107301
126.85,39742
126.3,30704
127.05,26677
127.01,22711
126.41,12044
126.75,8895
126.94,17669
126.66,14758
126.73,10157
126.96,8308
127.34,14565
127.44,23997
127.39,40941
126.82,31854
126.31,47172
127.31,19917
127.69,46763
129.3,66733
129.37,14644
129.24,18340
128.83,12879
128.6,15583
128.61,12555
128.76,28425
128.6,27844
128.93,58087
127.73,32339
128.77,29143
128.35,19617
127.77,23036
127.93,17276
127.22,21450
127.15,24016
127.54,13572
127.45,23576
126.99,18720
126.64,21529
126.61,34397
126.68,58115
128.27,22979
128.2,14904
128.99,12642
130.14,16733
130.35,8634
130.7,13685
130.54,10829
130.62,15383
129.99,10017
130.26,9745
130.29,11715
130.27,12987
130.73,35157
128.56,25107
129.58,17233
128.93,12808
129.18,11030
128.97,20222
129.59,10846
129.53,10298
129.68,13407
128.95,7342
129.16,10818
129.19,13448
129.33,15025
129.77,37083
133.33,88351
132.59,26946
131.96,25669
132.79,22538
131.53,32585
131.78,19445
131.62,10365
131.74,22658
131.52,18145
131.74,23261
132.23,26771
133.03,26144
133.17,51822
139.23,140952
137.82,95614
136.47,84050
136.6,67153
136.63,74039
137.3,49112
137.31,32033
137.25,42571
137.29,30126
137.21,39109
135.81,70041
137.81,47696
136.8,77129
135.8,67308
133.94,27187
133.56,25486
133.24,27965
133.58,20071
133.52,13129
133.31,9620
132.47,15115
133.66,20074
133.77,13705
134.32,12825
134.5,12212
133.96,49019
135.62,76602
134.9,40036
136.42,17456
137.35,17654
137.39,25981
137.77,16893
137.47,11319
136.97,15961
137.81,38218
138.37,27218
138.52,20361
139.11,49927
139.22,63791
140.96,68456
143.89,58192
144.37,51421
143.86,37734
144.85,40166
145.98,34655
146.42,31455
146.78,28033
146.88,72340
145.78,60773
146.26,68060
145.18,42493
145.42,78602
143.74,47738
146.24,41443
146.02,25595
145.99,13093
146.12,12625
145.74,9359
145.31,10187
145.39,15344
145.63,40542
145.94,32345
145.67,34594
145.4,33122
144.97,62667
143.41,92507
142.94,55004
143.78,22727
143.65,19509
144.76,15254
144.23,22156
144.32,14756
143.69,13591
143.76,29529
142.63,26220
141.78,16172
141.82,35295
142.08,69033
145.65,79852
143.03,108483
144.37,37230
144.33,20132
144.85,25036
145.12,29561
145.97,25776
145.86,23966
145.16,29662
146.57,25059
146.06,31326
146.48,24234
146.21,81101
144.09,57857
146.07,33852
146.44,48537
146.07,71203
145.64,49082
145.5,15807
146.03,12431
146.28,31359
146.78,43381
147.37,14255
147.39,19022
147.46,17404
147.41,66571
147.46,39598
145.53,43839
145.76,46736
144.79,26000
145.28,22213
145.72,15386
145.75,19018
146.29,24058
146.23,12996
146.89,20890
146.39,48546
145.63,34630
146.58,73239
146.91,36678
146.54,39644
146.56,40392
145.36,19334
144.52,24347
144.92,25011
144.55,32756
144.59,14914
144.51,13133
144.38,18231
144.57,20361
144.39,17829
144.37,82067
141.53,53954
143.17,29705
142.71,42581
142.52,40372
142.26,32459
142.14,20075
142.44,33575
142.81,42453
142.79,17755
143.47,12627
144.19,11322
144.19,13652
144.05,43987
142.25,52473
144.42,47598
144.97,74431
145.66,30180
147.17,33158
147.41,20719
148.03,25807
148.06,30882
147.98,24612
148.81,23850
148.98,23122
149.03,35899
148.99,79026
154.96,212159
151.29,65876
153.64,92357
154.31,76976
154.35,42757
155.34,33577
154.99,28969
154.03,23733
153.7,14588
153.65,23542
154.31,24774
153.75,26401
153.73,49942
153.9,49262
154.65,47587
155.31,24918
154.66,12608
154.7,15254
153.84,12982
154.09,16255
153.87,9450
154.08,17567
153.85,14533
153.5,22775
153.42,27106
153.42,44908
148.87,67650
148.33,47326
149.17,39114
150.15,42215
150.93,31116
150.89,23541
151.35,9439
151.8,16089
152.91,12373
152.92,18304
153.27,11369
153.49,17946
153.47,37974
155.9,124663
157.57,71325
158.69,80153
157.49,27252
156.87,20822
157.79,26273
158.42,23456
158.01,13378
158.11,62064
158.77,36534
159.94,59105
160.43,47044
161.59,112069
162.77,83951
163.92,73641
163,54892
161.88,28594
163.52,10873
163.6,17478
163.6,17251
164.5,26922
164,32313
164.13,36981
163.71,34219
163.28,30289
163.43,87266
161.35,35752
163.66,34006
162.45,36423
162.83,35037
163.13,23554
162.82,21310
163.29,13555
162.92,15762
163.4,9638
163.2,22812
163.13,7868
163.09,28776
162.12,79684
161.99,25704
163.47,18376
163.63,17131
163.89,6889
163.93,6737
163.8,15034
163.66,9467
163.83,9496
163.87,8546
164.38,11061
164.89,13964
164.55,21340
164.65,61464
165.22,45855
165.93,29932
166.26,20878
165.46,20330
165.7,13043
165.72,11105
166.01,9078
166.17,28876
166.22,12255
166.08,45276
167.23,54215
169.52,51479
169.74,81939
173.94,85685
170.82,41297
171.77,38110
172,50303
173.4,24782
172.86,58671
174.01,35377
174.36,33982
174.42,23318
174.69,45831
173.5,29960
172.17,21737
171.98,55810
167.57,67891
170.78,26216
171.66,8922
170.7,14901
170.51,18414
169.95,14566
170.3,15916
168.66,22372
168.36,14396
168.32,13406
168.58,14499
168.38,27740
168.5,33631
165.82,16757
167.54,30679
166.92,12809
167.28,10513
168.07,11145
167.54,13133
167.19,8189
167.25,5857
167.08,5989
167.39,7814
167.29,10254
167.11,14827
166.6,25251
165.84,27156
165.61,34797
165.09,19399
165.68,19702
165.05,13374
165.42,13586
165.34,15604
168.5,23592
165.66,19644
165.3,23271
166.93,30075
167.86,29405
168.5,61930
167.48,39476
168.61,17786
167.82,10111
167.59,51781
167.34,59685
167.55,52933
169.12,72096
167.98,13239
166.99,13648
167.49,16716
167.52,14126
167.63,19034
167.39,23781
170.88,136388
172.23,60056
171.93,50405
172.37,49408
170.69,34388
171.65,31982
172.18,44123
172.13,25678
172.06,33837
171.21,29279
171.05,30420
171.36,35836
170.07,111432
165.23,178429
165.24,108169
166.4,110947
164.02,51705
164.33,23697
163.38,22804
163.65,26197
164.28,21758
164.21,21049
163.91,22062
163.94,27460
164.15,35960
164.01,68717
165.77,31424
167.01,27650
166.5,19768
167.31,25561
167.78,14023
167.34,5797
167.58,11486
167.28,8858
167.83,24467
168.19,35330
167.87,24862
167.54,27849
167.95,60721
166.33,68143
167.92,41710
168.93,35399
167.54,20591
166.39,22152
166.44,25698
166.37,37401
165.55,134360
167.27,14970
166.74,13098
166.25,11267
166.87,22944
166.95,69026
166.77,17882
166.87,21221
166.8,24575
166.59,12365
166.85,14012
166.39,15889
166.34,14742
166.28,4634
167.34,16760
168.47,20934
168.77,6921
167.82,8138
168,34904
165.91,55546
166.05,10882
166.98,15625
166.92,18562
167.6,10424
167.41,12004
166.8,8434
166.93,11038
167.15,11783
167.69,7368
167.28,11393
167.03,30070
166.02,95369
162.83,68594
161.24,54851
162.75,25163
162.17,21683
161.4,29382
161.42,22550
161.09,13446
160.55,14258
160.48,15717
161.28,12891
161.88,14875
162.26,14494
162.43,46145
161.16,20544
160.93,16020
160.33,18761
160.87,5904
160.35,8809
160.02,8996
160.03,7661
160.7,8857
160.58,7039
160.12,7235
160.16,7567
160.6,8203
160.3,44257
160.95,26747
161.95,21717
160.29,38391
160.97,18791
160.98,6025
160.82,7312
161.13,11411
161.14,9624
161.52,5339
161.46,5074
160.68,5043
160.35,9158
160.54,18652
162.98,38821
161.69,24199
161.67,12493
160.52,10434
160.06,7575
159.62,12664
159.74,23248
159.71,15135
159.47,7958
160.01,13209
160.88,14220
161.13,40314
161.79,61738
158.17,27734
158.28,19313
158.25,23218
157.95,20341
158.62,19419
159.13,10724
158.6,19378
158.08,23635
157.96,29067
159.24,14261
159.36,11811
159.84,16785
159.48,45738
161.42,39902
161.25,24039
161.4,11299
160.34,17130
160.44,8831
160.67,12628
160.23,12405
160.44,14371
160.72,15256
160.67,25672
160.97,16876
160.1,22096
160.46,54307
160.4,23553
160.54,24511
160.72,12571
160.91,8145
161.32,9290
161.16,5582
161.47,8015
161.61,12227
161.58,4410
162,13501
161.42,21263
161.35,14127
160.71,50440
161.22,91977
163.49,68879
162.64,47217
163.35,52325
162.59,93441
163.53,43983
163.94,28411
163.66,40941
163.13,34977
163.6,48896
163.37,46448
163.35,52839
164.02,155416
190.3,479354
185.74,195757
185.89,165445
185.76,62966
185.24,60941
183.77,44727
183.66,45785
184.3,44597
183.65,41264
184.77,76977
185.86,38054
185.14,67192
183.49,137831
185.29,103876
185.84,86124
184.36,31618
182.92,35847
182.38,24100
183.48,14928
183.81,25948
184.54,20729
184.73,20792
183.9,14376
184.59,26400
183.85,33776
183.87,77647
182.37,56370
185.15,26809
184.25,46703
185.45,41501
184.67,21442
184.58,9853
185.19,11625
184.39,19416
183.8,12754
183.23,11451
182.84,12133
182.26,28504
181.78,61948
181.79,63808
182.72,57693
182.01,42654
180.52,17678
180.85,34677
180.8,26292
181.46,34395
181.45,12696
181.29,7713
180.57,6717
180.7,11526
180.84,19681
180.6,32948
180.51,53381
181.14,36818
180.35,53927
179.56,28604
180.5,15750
181.19,16015
180.81,16239
181.04,8728
180.58,4901
180.56,6075
180.45,7935
180.35,9630
180.11,27117
180.65,42614
180.19,18893
180.32,10796
179.84,24627
179.94,20576
180.18,11266
180.54,24089
179.82,13953
179.08,28259
178.11,27048
178.64,23974
178.01,39464
176.7,81011
175.76,84279
175.26,143052
174.11,96738
175.32,37115
175.97,31124
174.37,20265
173.97,26152
172.77,78900
171.66,140045
170.55,74474
170.78,88951
171.55,54456
170.43,72573
168.23,66868
170.11,21337
169.17,26163
172.09,62611
173.78,36069
173.02,24537
172.39,11867
171.47,21386
171.77,29569
173.14,33962
174.02,37551
174.37,45634
173.3,117091
177.02,108235
179.22,89742
180.58,51244
180.26,34217
182.15,43082
180.95,17376
180.57,22605
180.56,21888
179.93,32605
179.28,16717
179.06,16238
178.94,32200
178.94,47631
176.73,63231
179.07,26361
178.08,23464
178.32,34723
177.8,32823
178.2,27175
177.45,17859
177.5,14955
178.49,15947
178.83,16977
179.82,13480
179.86,16111
179.23,46119
180.59,61487
183.23,27610
181.77,35864
184.34,35619
183.98,34330
184.65,18845
183.58,22028
183.74,20714
184.1,18399
183.92,14888
184.02,16639
183.94,34114
184.31,84514
183.9,27512
184.18,27192
183.49,21538
182.56,21402
182.62,8764
182.5,13195
183.4,12194
183.19,6993
183.37,7831
183.46,9377
182.44,9386
182.44,20003
182.48,50905
181.49,20052
180.93,10160
181.04,16855
181.77,20448
182.41,10824
181.37,15144
181.08,14402
181.91,9010
181.33,10387
181.58,12461
181.78,7032
181.87,15730
181.87,72338
183.2,31937
184.57,37387
182.72,22930
182.54,20413
183.78,27168
183.52,8764
183.74,19788
184,13418
183.78,9858
183.26,28962
185.21,26583
185.27,26255
185.88,44898
187.13,29923
186.97,21202
187.49,12314
186.17,14143
186.15,19045
185.57,16257
185.58,7552
186.09,8263
186.29,15855
186.74,29585
187.44,51971
186.3,39117
186.98,56251
184.69,69352
183.99,41109
185.55,31494
186.97,49422
186.51,19067
186.23,11224
185.97,12316
185.05,21700
184.29,21639
183.94,17403
183.47,12508
184.19,33367
184.37,52075
184.19,34018
186.22,16903
185.08,7820
184.77,9936
184.58,10258
185.59,10281
185.24,10089
185.7,5595
185.48,7131
185.41,12750
185.36,16515
185.77,21784
186.73,70269
186.35,51274
187.58,16644
187.34,95135
187.4,52775
187.37,25972
187.05,17376
187.94,44764
188.88,22627
189.04,33740
188.33,14346
188.4,14156
188.96,30863
189.03,117111
188.62,34445
189.15,27517
188.94,15485
188.78,8846
189.63,16084
189.4,9564
189.74,12050
189.57,11634
189.24,13412
188.48,7640
189.21,10619
189.54,8156
189.22,33369
190.4,49017
192.18,35895
191.7,15483
191.45,12741
191.49,23629
192.19,22743
192.27,11998
192.33,19477
193.07,26228
192.69,25154
193.29,26265
193.87,44156
193.79,75390
194.53,38461
194.03,23549
193.97,24713
194.77,27690
194.15,15404
194.51,6351
194.4,18951
194.39,6685
194.21,13116
194.14,15851
194.44,8447
194.18,11106
194.08,33331
194.44,33046
195,23874
195.16,46645
195.88,15167
195.77,16780
196.35,27621
196.77,25937
196.89,12584
196.48,10817
196.36,27605
196.35,13609
196.81,18536
197.02,57714
195.31,46572
195.28,15562
195.81,11511
194.11,10257
194.03,11740
193.92,5717
193.54,7348
193.39,14395
192.97,13890
192.93,5856
193.21,6697
193.68,9751
193.78,50297
195.02,14102
195.26,14533
194.57,19107
194.83,9614
194.79,8370
194.74,4813
195.15,7118
195.01,4543
195.19,7255
194.93,13009
194.4,15740
193.97,15477
194.12,32340
195.29,13062
194.16,13831
192.7,13587
190.97,8673
191.39,8284
192.51,7075
191.78,5583
191.98,10280
191.24,9310
192.03,9866
191.98,6828
192.04,14353
192.13,44582
191.26,65481
187.62,31190
188.28,16421
187.69,29645
188.71,22849
189.32,10187
189.71,13803
189.42,8341
190.16,13979
190.14,10365
189.99,13919
189.82,13948
190.12,61561
188.15,30482
188.17,5732
188.72,8295
188.98,6093
189.13,5453
188.77,8553
188.88,6322
189.38,10599
189.66,7384
189.29,10655
189.2,7710
189.44,13016
188.95,77231
187.25,24666
186.72,30169
186.25,18895
185.44,15784
185.35,11938
185.59,6463
186.16,9258
186.07,11542
186.27,6100
186.46,14119
187.03,18719
186.64,20992
186.84,54696
187.58,16117
187.51,12729
189.09,17421
187.92,16335
188.33,6339
188.25,7362
188.36,6810
188.42,8476
188.74,6733
188.24,10606
187.61,8901
187.2,15605
186.99,57556
188.03,15451
188.93,11727
189.6,12489
189.65,11685
190.09,12770
190.9,18944
190.46,14180
190.56,16138
190.68,14363
191.03,14470
191.38,14382
191.35,16844
191.3,51610
189.06,18174
190.12,40027
189.84,11758
189.32,13226
189.3,10197
189.41,7122
189.69,20073
189.32,7709
190.21,5107
190.8,5116
191.15,11991
191.49,13152
191.83,52675
192.51,29183
193.36,28436
193.36,34206
193.54,12987
193.65,15208
193.25,12425
193.66,15191
193.9,8241
193.6,9876
193.35,10583
193.41,6929
193.61,5451
194.17,25771
195.94,19976
195.86,17940
194.57,22882
195.03,28813
195.03,8035
195,7974
195.51,9276
195.55,11556
195.19,7425
195.56,9498
195.96,6926
195.37,11551
195.73,38377
193.38,17778
194.13,16284
194.8,9951
194.96,21148
195.45,14864
195.87,6270
195.95,5352
195.77,6148
195.82,4203
195.77,8053
195.56,14857
195.73,14941
196.03,39865
194.45,12195
195.41,7890
196.29,6657
196.52,5757
195.86,4386
196.08,3758
195.92,1673
196.45,6569
197.15,3119
196.34,9648
195.16,9159
194.98,9447
194.14,26981
194.2,20856
194.18,16392
194.87,10193
194.76,5434
194.83,9666
195.1,8014
195.21,6607
195.39,7634
195.56,7118
195.91,8864
196.11,13518
196.07,21409
195.86,56980
195.76,7605
194.34,17010
194.42,9528
192.97,12838
193.13,12856
191.76,16992
191.75,7081
192.17,15786
191.56,9533
192.05,9635
191.65,8052
192,5738
192.41,19683
191.05,31724
191.14,34492
189.46,13322
189.8,14917
189.87,14000
188.81,13645
188.75,8540
188.92,12214
188.65,12226
188.59,17822
188.23,29607
188.22,16180
188.48,47799
189.61,19323
191.08,25383
190.29,7485
189.69,10796
190.29,5427
190.55,6398
190.28,2112
190.25,4814
189.7,2339
188.99,3275
188.78,5446
188.11,11793
188.35,54921
191.37,43136
191.94,17858
191.08,12234
191.4,8200
192.41,14180
192.87,10762
193.33,24225
194.46,20415
194,5859
194.07,6282
193.77,6530
193.94,9697
193.68,26904
193.56,47716
195,22480
195.59,14938
194.39,8397
194.47,8097
194.99,9293
195.16,6908
195.55,4833
195.39,8476
194.89,5910
195.32,3633
195.28,7723
194.74,25777
195.35,7036
194.69,3995
194.89,4409
195.71,3884
194.5,4234
194.61,2672
194.93,2440
195.51,4374
195.84,3080
195.33,3061
194.67,7378
194.91,4832
194.9,20446
195.4,16539
194.74,21138
192.76,22117
190.93,12669
191.11,22658
191.05,8882
191.49,11258
191,8028
190.89,16265
191.16,10162
190.95,10530
191.22,18321
191.11,122648
191.18,5277
192.27,17452
191.68,20926
191.3,8884
191.4,8044
191.49,6936
190.96,4164
191.15,7531
191.05,7963
190.7,24196
192.33,28472
192.49,10192
190.43,57244
189.07,15271
190.44,27440
189.32,22774
189.36,8396
189.63,17165
188.4,10713
188.37,22854
188.94,18133
189.13,12701
189.32,12276
189.01,15772
188.54,17913
189.15,37521
191.02,16089
192.67,10404
193.44,18942
193.4,13335
193.84,18809
193.59,8917
193.39,8827
193.5,14401
193.8,14092
194.05,4285
194.33,10906
194.64,9801
195.14,37234
196.09,33170
194.94,25485
193.9,13101
193.55,14583
193.28,17436
195,8890
194.92,8221
194.61,5996
194.89,4943
194.84,5645
194.4,5206
194.89,7608
194.51,25480
194.58,23373
196.95,29029
197.87,35509
197.87,8463
198.2,17045
198.16,17996
198.58,19968
199.47,18969
199.78,16695
200.35,26578
199.94,15083
199.91,27632
199.11,87559
201.47,103476
201.75,56262
200.91,33892
201.31,29658
201.78,23190
201.47,24406
201.19,20906
201.54,18697
200.66,15672
201.09,13802
201.85,14594
202.08,13798
202.33,35240
199.69,65940
197.25,19976
199.29,6041
199.53,16814
200.1,6099
200.16,13198
199.34,3438
199.48,22225
199.82,7423
199.71,1948
200.05,5252
200.52,9112
199.97,28825
200.68,37299
199.18,18050
198.79,17879
198.45,14285
198.04,9661
198.69,7846
198.06,6032
197.7,7324
198.57,9953
198.05,5200
198.1,12186
197.95,16439
198.52,40260
200.73,34614
200.93,18132
200.51,11142
201.07,10802
201.42,10570
202.09,6828
201.39,3022
201.35,9088
201.1,6195
201.2,8568
201.08,8109
200.78,13580
200.54,64068
198.96,25337
201.37,8153
201.12,23010
201.91,10051
201.89,7616
201.51,5297
201.32,6988
201.42,7192
200.96,3399
201.27,20746
201.59,7711
202.24,10507
202.53,55468
203.55,18491
202.29,12907
203.08,10708
203.86,17640
203.38,24733
204.05,4035
204.09,10887
205.12,19085
205.31,8153
205.54,7711
205.35,8069
205.24,14556
205.87,38426
206.72,27920
206.9,11975
208.54,9760
209.09,8034
209.14,6615
209.16,13093
208.58,8920
208.96,8936
208.76,4533
208.67,4371
209.37,14328
210.13,18763
210.6,44030
209.98,21107
208.11,31546
208.71,12859
208.48,5567
207.4,16802
207.66,4216
207.43,5756
207.92,5185
207.79,5821
207.72,5021
207.91,6515
208.12,8549
207.68,44620
206.36,13337
207.66,24870
208.73,13096
209.45,4353
208.94,5305
208.4,4782
208.44,980
208.74,4171
208.96,17260
208.9,11744
208.92,11773
208.74,7129
208.19,27381
204.63,38606
206.32,19389
204.94,7363
205.61,7489
205.66,8042
205.19,10449
204.78,14171
204.84,5842
204.62,6412
204.8,15301
204.07,11676
203.89,17329
203.76,32524
202.96,47017
204.37,44826
203.72,26294
203.93,18541
204.59,20296
204.65,13191
205.06,13879
205.03,15127
205.65,17516
206.03,21517
205.69,16686
205.89,20844
206.91,44153
208.62,51851
206.21,28982
206.22,24937
206.79,19620
206.84,17420
206.35,11893
207,10162
206.7,11501
207.06,14532
207.69,17874
207.58,30365
206.94,22334
207.36,172219
209.8,32992
210.35,19664
211.38,15964
212.29,12075
211.98,15225
212.14,10119
212.36,10043
212.49,8701
212.06,45119
212.27,16843
212.18,17389
212.31,15121
212.26,53336
216.16,92243
214.32,96513
212.69,44821
213.95,40795
214.38,19078
213.8,12960
213.93,17232
215.12,7893
214.71,12058
214.4,10777
215.02,14473
215.04,20513
215.63,92541
216.05,86988
216.79,51315
214.53,18430
215.67,14534
215.77,31918
215.96,11310
216.35,12547
216.89,17353
217.69,22504
217.65,20831
218.18,17429
218.3,29351
216.97,137728
205.2,223836
208.39,117302
210.83,87259
210.79,71549
208.86,55413
209.6,48877
210.68,58663
211.39,52798
210.12,45436
211.41,25671
211.39,24139
211.67,36100
210.63,123348
210.24,66357
209.67,49944
209.25,15845
209.25,16266
209.09,23738
207.91,26125
207.63,19153
208.81,8721
208.81,13582
208.98,11856
208.77,23358
209.51,25701
208.64,52013
207.52,57485
206.12,40604
205.18,26211
205.13,28465
204.75,19973
206.35,21335
207.75,21614
208.25,18052
208.86,16287
208.53,10234
207.83,23914
207.75,26557
207.38,53578
205.41,22264
206.96,38126
207.35,24486
208.02,15062
207.19,20121
208.25,8930
208.7,8126
208.84,11524
209.13,6169
208.94,11633
210.08,8473
209.91,6743
209.72,40322
211.34,50367
210.8,19323
209.07,20211
207.51,11297
208.12,17999
206.8,23185
205.17,40852
202.91,35655
202.98,29419
203.23,28882
203.88,22617
203.92,20552
203.33,73253
202.51,32428
202.78,39621
203.84,18079
205.26,11677
206.06,12554
206.74,4779
206.96,15800
207.29,9626
206.43,3822
206.03,6983
206.38,5494
206.46,9115
206.53,24673
207.93,69168
214.31,18547
214.17,19302
212.21,10648
212.17,10124
210.88,9541
210.58,8584
210.6,8449
211.05,5376
211.8,12256
211.57,6089
211.91,5757
211.83,39603
213.31,34113
215.44,18800
215.41,14232
216.12,17532
216.34,12331
216.15,6023
215.54,5261
214.95,11971
215.15,21825
214.34,93955
209.13,62081
210.31,45926
210.51,90633
212.33,70066
209.64,70762
206.45,34629
207.17,15962
208.24,36707
207.81,24861
206.16,35927
206.1,24082
205.76,17884
206.53,13840
205.5,18345
206.03,22840
206.01,73139
204.41,68440
204.9,24314
206.44,11516
206.04,7649
207.48,9597
208.21,7450
207.95,8486
208.11,14246
207.59,8516
207.58,14764
206.01,23589
206.12,25617
205.58,70749
205.02,34846
205.94,20665
206.73,13046
207.17,11190
207.77,41173
207.09,38039
207.4,18378
208.5,29245
209.38,27042
210.04,53757
209.65,57686
209.93,31546
209.75,50173
209.94,48082
208.29,44362
208.66,26733
208.26,19824
208.15,20911
208.66,7449
209.15,16142
209.53,9727
209.19,9141
209.45,17898
209.45,23509
209.61,33283
209.26,61126
205.77,39598
208.19,32334
207.35,31375
208.32,31424
209.49,16487
209.37,16593
211.26,27080
212.02,16527
212.48,16419
212.85,13460
213.45,17318
212.99,20562
213.37,106181
213.88,18991
211.4,26625
209.42,24555
206.57,23869
206.94,19729
206.29,23800
206.23,9519
206.89,36797
207.91,10605
207.99,31178
208.2,19095
207.88,17926
207.64,80482
206.72,22284
208.83,46727
209.77,25471
208.62,29451
208.54,11001
208.81,28595
208.68,26719
208.96,31498
208.65,21358
208.93,17278
209.59,19100
209.72,13242
209.39,45019
207.45,31987
206.75,23136
206.43,25323
206.13,24492
205.36,13703
205.52,13628
206.6,9097
206.75,5597
207.01,3698
206.78,6060
207,15196
206.75,10891
206.92,42769
206.12,22792
208.5,12782
208.14,11631
206.63,16662
206.15,5795
206.01,14160
205.85,10263
206.11,1949
206.15,5056
205.5,3308
205.16,5221
206.04,6927
205.26,21592
205.33,10703
206.75,15286
206.25,15845
205.55,14612
205.98,8920
205.72,7719
206.53,4122
206.19,2059
206.54,5679
206.92,11056
207.36,14505
206.6,19059
206.66,43655
205.41,15032
207.28,19190
207.24,13115
208.08,24455
207.34,14017
207.75,13892
207.68,36965
207.12,30730
207.82,9848
207.91,6143
207.98,7714
208.2,9096
208.12,52825
208.89,10632
208.9,12264
207.52,20871
207.9,5729
208.76,7648
209.09,4476
208.56,3063
208.01,4333
207.63,1269
207.54,8881
206.9,11065
207.26,3637
207.19,27241
208.27,16373
209.88,9741
210.35,12973
209.83,6765
209.64,4666
209.35,3245
209.55,4628
209.64,6698
209.09,1265
209.35,1659
209.13,2773
208.94,6566
208.47,36984
207.55,36262
207.97,17532
207.79,11259
206.96,8438
207.75,6647
207.3,10728
208.46,12981
208.46,0
207.66,16261
209.49,14957
210.48,12309
209.74,13751
209.2,5129
209.32,28225
210.31,39764
210.85,23268
210.41,17612
210.68,15459
210.86,7004
211.06,9895
211.13,26263
208.41,27261
206.34,13675
206.1,7372
204.99,11815
205.31,4835
205.8,5037
206.36,10898
206.72,4938
206.49,8168
207.34,3719
206.86,3022
207.23,4106
206.97,17337
206.83,8872
208.82,15562
207.44,8831
207.5,5936
207.26,6005
207.75,4288
207.89,1570
208.34,4018
208.62,1615
207.86,1205
208.08,2414
207.73,6999
207.28,26280
206.15,10765
206.58,14489
208.17,9433
208.5,2594
208.5,3270
207.69,4504
207.71,6094
208.41,7422
209.1,6061
208.35,6775
208.97,7501
209.02,3539
209.18,19151
218.69,100149
216.5,33123
215.09,37448
216.91,21126
216.27,16138
216.76,9237
216.53,7441
217.43,8331
216.94,8300
216.57,4630
216.19,5376
216.91,8353
217.32,59506
218.69,43579
220.69,57767
221.21,15640
221.18,18687
219.81,27304
220.12,54450
220.05,14219
221.16,21562
221.32,8444
221.55,18702
222.96,22088
223.48,27115
223.72,53095
224.91,38738
226.81,26892
225.44,20130
226.88,16819
225.37,10730
225.68,18108
226.48,8161
226.67,18320
227.17,9941
227.17,10951
226.82,11066
227.04,28857
227.06,40511
226.67,15742
227.37,25763
227.29,23321
226.06,14316
226.62,23804
227.28,16323
226.3,7179
225.89,2797
225.93,3801
226.06,9833
226.11,8050
225.02,7431
225.23,29978
225.92,3968
225.73,6368
225.36,6731
226.18,6135
225.93,5908
225.84,6860
225.43,6571
225.44,7540
225.84,3910
225.61,9547
225.59,11073
225.49,22346
225.68,45755
223.58,8022
223.06,11989
223.73,14548
224.04,17758
223.95,34223
224.87,12530
224.37,18637
223.49,9759
223.28,8733
224.34,5790
224.57,14553
224.51,22925
224.78,31020
230.62,52497
231.17,41159
232.41,9526
232.38,23362
233.29,44609
234.65,20825
232.23,16246
231.03,12864
231.27,20459
230.47,11337
230.66,7851
230.93,24007
231.22,50010
227.77,21812
229.15,14362
226.36,32119
227.39,22378
227.66,16302
227.81,12674
226.52,9381
225.85,13190
226.6,9772
226.66,11412
225.43,23194
224.83,16945
224.31,30099
227.16,5410
225.65,11771
224.85,3977
225.65,3630
225.86,6917
225.12,15314
224.23,12177
224.31,7072
225.2,7774
225.12,6750
224.7,4307
224.7,11313
224.31,28893
223.93,15174
221.29,23112
221.48,11716
221.57,6574
221.8,9615
221.02,10820
220.91,7487
220.54,6854
221.19,9093
221.48,10296
221.58,4017
222.02,9770
222.09,31582
222.58,7476
223.07,14463
222.22,7094
222.27,8189
222.73,10099
223.17,9705
222.98,9786
223.97,4973
223.69,5033
224.04,10354
223.79,11490
222.96,10703
223.31,24022
221.46,12169
223.1,6892
224.08,13902
221.56,6049
221.92,8472
221.65,3329
221.45,5287
221.19,6008
220.91,8248
220.64,11225
220.51,12973
221.19,9091
220.93,38821
225.19,20277
224.87,36990
224.61,14615
225.44,8626
226.36,19826
226.01,12622
226.55,14150
226.41,38846
225.36,21173
225.05,51279
223.92,8776
222.7,20192
222.67,47677
222.18,12242
222.8,14403
222.23,24360
221.51,18453
221.71,7629
221.83,5902
222.45,4930
222.22,2959
221.79,6204
222.3,6575
222.05,2339
222.26,4383
222.22,45940
219.05,57069
219.77,30622
220.35,13548
220.53,12472
221.74,24998
221.23,28700
221.12,5117
221.05,5543
221.65,7229
221.75,7715
221.96,20926
221.87,13134
221.74,46026
220.41,7007
218.58,12521
219.75,8206
220.66,8260
220.97,7670
220.95,10930
220.61,12395
220.68,6163
220.82,5567
220.66,8174
220.87,2154
221.27,4127
221.39,31027
218.77,31721
218.63,14173
218.84,13554
217.68,16675
216.65,12025
216.03,11395
215.92,10699
216.72,3590
216.52,5602
217.04,5621
218.29,8921
217.95,5639
216.96,42584
213.8,48379
214.14,42874
212.45,14920
213.04,10793
212.99,15046
212.06,11917
212.31,9577
212.56,3972
213.16,4692
212.68,2702
213.26,3825
213.16,5974
212.74,27079
213.12,17837
210.77,12003
211.07,25298
212.24,11218
212.31,6669
213.18,5346
213.59,7045
213.71,6067
213.03,2507
212.29,4670
211.7,4059
211.14,7493
211.53,24028
212.31,7128
212.17,10784
213.2,6831
212.73,5722
212.26,3267
213.14,2611
213.07,4937
212.31,2831
211.76,1927
212.3,4292
211.84,5916
212.35,5911
212.41,26218
210.56,6582
209.86,8051
209.47,11620
208.66,7536
209.02,5689
208.43,10805
208.38,6833
208.69,5270
208.84,7157
209.07,5878
208.76,7875
208.92,11347
208.58,36513
208.47,14017
207.24,29311
206.2,37454
203.81,36600
203.03,26889
202.14,9823
203.13,9739
203.07,19418
203.4,9345
203.19,19441
204.92,16810
203.89,27806
203.55,72379
205.12,13403
206.95,8059
206.09,7938
204.88,3788
204.94,2948
204.19,1988
204.78,3812
204.14,2123
203.83,3081
204.02,4235
204.86,3091
205.49,4036
204.49,12904
203.16,7512
205.04,5768
205.8,4361
205.29,4246
204.55,4029
204.97,4367
204.78,1743
204.88,2734
205.58,2393
205.9,3418
206.09,5915
206.41,3688
206.1,15723
204.28,4226
205.7,9411
205.88,1883
206.72,6455
207.06,5160
207.5,4258
207.44,3340
208.12,2651
208.47,3521
208.21,2617
207.42,3668
208.07,2817
208.32,14764
206.96,13580
207.85,16130
206.42,19150
206.3,11356
207.26,12948
207.79,8123
206.87,7992
206.54,6728
206.96,2849
206.61,3279
206.4,5401
206.19,6280
204.92,39481
205.2,3459
205.74,2178
206.02,2776
206.35,1704
206,2858
204.95,4903
204.63,23149
204.72,9086
204.49,3510
204.65,7909
205.61,6211
205.14,8767
204.51,11725
203.64,6367
202.98,3931
203.01,3857
202.94,11608
202.29,15711
202.18,21812
202.63,34659
203.01,17495
202.46,2371
202.51,7856
202.02,6377
201.2,9357
201.14,19622
197.9,10793
199.68,5517
199.79,7160
200.2,9880
200.55,6296
201.5,5709
201.95,4059
202.29,4932
202.02,4233
201.92,3373
201.75,4244
201.71,11260
201.34,15131
203.06,18742
204.29,6469
202.97,12331
202.57,10603
201.73,11519
201.5,2427
203.3,7140
203.95,24247
204.01,6080
204.35,10300
204.88,11697
205.54,14284
205.8,33920
206.8,14396
205.77,8615
205.68,17463
205.64,8739
205.41,8075
204.69,4350
204.35,6647
203.92,28022
203.42,31348
203.49,26673
203.59,25829
203.96,7453
203.97,26012
204.81,2332
205.68,4311
205.92,5395
207.04,14280
207.71,19776
207.37,17182
207.17,7399
207.32,6453
207.7,2701
207.68,4009
206.63,8224
206.33,8957
206.44,23314
207.73,5785
206.3,12338
204.54,7206
203.92,7632
204.22,5750
203.87,5382
204.75,3012
204.6,3086
204,3035
204.17,3049
203.89,4340
203.66,7722
203.08,30423
203.13,2039
205.04,5487
204.09,3186
202.97,6618
204.63,5253
204.81,4531
205.91,3918
206.33,3961
205.46,3249
206.04,6687
207.23,10254
207.51,3642
207.35,14167
208.81,11796
207.68,5793
207.57,6094
207.4,7470
207.82,5589
207.73,3439
207.6,4704
208.69,7685
209.12,8644
208.15,8142
208.2,5587
208.3,7905
208.12,26939
203.88,35793
205.58,12808
207.14,31626
207.43,16463
207.62,19266
208.61,7865
208.7,5039
208.51,5743
208.83,8463
208.56,8278
208.6,9834
208.53,7881
209.09,24877
208.6,22012
209.5,19647
209.11,16436
210.26,19899
210.58,7322
210.76,6533
210.43,5084
210.89,14223
211.02,13278
211.07,13095
211.08,20374
211.68,22571
211.72,56053
224.83,164235
223.66,76316
221.5,43486
220.41,24441
219.8,75338
219.31,28328
218.85,12992
219.17,9174
219.59,18895
219.64,7702
219.15,13261
218.7,22219
219.11,93524
219.8,29901
218.9,18177
219.24,9388
218.13,14580
218.64,9385
219.08,9245
219.01,8999
218.86,29952
217.93,10364
217.88,10828
217.61,11812
217.84,16608
218.28,46980
216.18,31962
215.9,12726
216.14,12658
216.41,15793
216.28,12888
215.79,14346
216.07,8781
215.67,11668
215.37,9614
216.02,8251
216.16,11495
216.13,7144
215.48,35091
216.67,11480
218.54,32487
218.04,3735
217.32,6007
217.81,9256
217.19,8425
216.73,7803
216.32,9759
217,8384
217.58,8656
218.3,11984
218.25,5118
218.29,26785
216.75,11398
217.63,10706
217.73,23814
218.78,7594
218.62,8391
218.48,10117
219.37,5592
218.89,4645
218.4,5519
218.86,8193
218.48,11241
219.13,7718
218.9,36877
219.85,20724
220.67,8741
220.77,12426
220.08,11984
220.34,10159
220.5,10599
221.11,8416
221.43,13887
221.74,2810
221.57,13270
221.53,14758
221.43,10708
221.18,55325
222.49,43608
221.83,10048
220.63,5921
219.84,9610
220.76,10766
220.67,8772
220.82,5794
221.21,11238
222.35,5502
222.04,5110
222.09,8255
222.11,11475
222.03,30904
219.84,6682
220.97,7432
220.66,8665
220.02,6954
220.09,4832
220.51,1429
220.54,2208
220.38,2873
220.56,6332
219.61,10437
218.68,11660
218.16,8125
218.52,19844
217.67,12321
217.59,22522
216.78,7030
217.19,4363
217.49,5289
217.02,4684
216.67,2925
216.6,1307
216.38,1591
216.58,2324
216.24,5979
215.67,7415
215.82,25318
216.34,3089
216.24,8070
216.27,4551
217.09,5221
216.64,3115
216.83,1366
216.54,5592
215.89,4412
215.99,7604
215.6,5001
215.26,13293
215.82,4910
215.58,23394
215.56,28620
213.42,11677
212.18,14331
211.17,11634
212.21,11125
212.32,4619
212.65,7437
212.27,12445
211.1,13090
211.07,10203
210.54,20103
210.66,14161
210.76,40507
211.46,7044
212.21,6514
212.52,4988
211.99,1246
211.93,2146
212.06,2764
211.84,1183
211.96,2920
212.21,2786
212.21,3106
212.31,3227
211.83,8720
211.54,34255
211.23,16379
210.7,11724
209.76,9681
210.07,6322
210.52,6114
210.48,9011
210.86,8672
210.95,13788
211.73,12638
211.87,11574
211.79,11470
211.83,12569
212.61,35209
212.08,6366
213.39,2108
212.51,1618
212.08,2193
211.85,2836
212.35,1893
212.5,781
212.49,2474
212.17,3623
212.06,3823
211.77,4912
211.49,6370
211.11,26757
207.36,39186
206.41,19463
206.72,19654
206.52,11844
206.67,7334
206.45,11749
205.68,13722
205.93,14050
206.79,3888
206.41,12678
205.83,11224
205.72,11324
205.36,30957
206.42,25599
205.14,11112
204.92,4123
205.53,4752
205.9,3457
205.11,3131
205.07,3546
205.07,2752
204.29,22487
204.19,16701
203.54,14087
203.3,10885
204.99,19176
202.1,8506
202.43,9616
201.56,10195
200.98,9749
202.32,7560
202.26,8511
202.81,10788
202.6,10226
202.33,8698
203.27,11838
203.24,13014
203.12,14926
202.88,41276
202.39,18104
202.38,13034
201.43,7694
201.25,9449
200.44,4900
200.36,14927
200.17,22302
199.95,15099
199.3,15503
199.14,4502
198.86,7248
199.08,9305
198.65,28210
200.08,8117
200.39,5181
200.46,5301
199.36,6333
200.08,8684
199.41,5022
199.07,2415
198.93,4311
198.62,3473
198.44,7038
199.69,5023
199.75,8836
199.98,22942
197.3,13632
198.99,8318
198.37,10387
199.85,17009
201.18,15452
201.27,3101
202.02,2668
201.54,2503
201.13,3541
200.56,7895
200.55,5781
200.32,2984
200.6,17781
202.17,29845
204.14,7326
203.12,2123
202.76,3008
202.32,2578
202.14,13253
201.48,4280
201.27,2381
200.89,5354
200.3,2663
200.21,6510
200.8,6920
200.28,42151
198.17,22656
198.55,16377
198.84,11266
199.75,5193
201.73,12750
200.74,3056
200.13,3659
200.34,1894
200.23,3323
199.85,4082
199.76,3024
199.84,5016
200.02,26067
200.21,2694
200.17,4408
198.18,7029
196.92,7398
196.86,4419
196.61,5605
196.99,1582
196.88,2836
196.41,8643
194.96,21252
195.23,10001
195.73,15130
195.34,48427
198.28,4692
197.65,11892
197.69,9741
197.42,11158
198.95,5079
199.51,5475
199.39,2285
199.38,4557
199,6554
198.53,2153
198.35,2578
198.45,6235
199.1,18177
199.06,3833
196.77,3985
196.89,3748
196.1,2367
195.92,6937
196.41,5975
197.2,3177
196.44,385
197.06,4004
197.96,2332
197.75,5869
198.39,20973
198.4,42598
197.87,22336
198.13,6993
200.01,12610
201.52,10184
202.73,10544
204.78,11087
204.24,12831
204,6877
204.87,8018
204.65,7715
204.94,5451
205.09,9983
205.22,48973
202.2,5787
202.81,8264
202.73,8501
202.26,5104
202.98,4450
202.99,2787
203.63,2519
203.54,3768
204.57,4056
205.08,4011
204.89,2886
204.87,9277
204.45,22916
204.68,14367
204.8,13764
205.61,11269
205.09,8013
205.23,7462
205.23,5923
205.29,1734
204.95,8743
203.96,6589
204.6,9863
204.71,10475
204.67,10263
204.6,34084
204.05,3475
205.36,6338
204.3,7292
204.78,5888
203.89,3538
203.34,6849
202.63,23442
202.5,11426
201.79,21224
201.88,13360
202.94,4957
203.13,3252
203.19,21167
204.86,9685
204.14,4199
204.88,4975
205.13,2305
204.58,5505
204.7,1562
204.66,1149
204.01,3897
201.82,5301
201.23,4387
201.41,4065
201.91,6565
202.51,16489
203.22,3331
203.85,6571
203.58,3964
202.54,7485
201.51,3033
201.4,1695
202.65,1963
201.89,1749
200.29,3245
201.15,3184
201.37,3915
201.69,8933
201.32,11923
202.71,3778
203.61,8201
205.52,14365
205.97,12333
205.93,5098
205.46,2022
205.64,1781
205.9,4677
205.41,5681
206.1,2594
206.14,4666
205.96,4873
205.91,20825
203.46,12814
205.3,12402
206.33,7184
206.89,9146
207.57,7903
207.81,7117
208.6,6465
208.44,7640
208.24,10210
207.27,2208
207.08,3238
206.96,6539
207.17,21160
205.68,6524
204.99,6788
203.54,11349
202.37,8002
202.85,3909
203.43,1396
202.95,2189
202.55,5223
202.86,3982
202.82,4697
203,3262
202.23,4717
201.89,25592
203.41,15416
204.93,12632
205.18,10630
205.91,16398
206.16,18992
206.63,22500
206.96,4816
206.43,7449
207.3,10518
206.66,11008
206.44,8163
205.94,8018
205.67,35608
204.39,25357
203.95,20449
201.71,17999
199.28,7945
200.27,5056
201.61,5391
201.65,2990
201.96,6770
202.23,4775
201.93,4577
200.93,3028
201.02,6729
200.6,43360
197.06,19439
197.2,17266
197.35,6599
197.58,6691
198.68,22227
198.54,11591
199.67,7417
200.45,5906
199.58,6835
199.95,7074
200.21,11521
200.48,6314
199.27,20156
200.65,12129
200.09,15173
200.34,7645
199.66,10871
198.83,7153
199.28,5830
198.27,11406
198.5,4790
199.21,6531
200.3,5555
200.99,4123
201.34,6421
201.51,26870
200.61,21472
198.15,12123
197.06,5275
196.98,5608
197.41,4657
196.91,5612
195.66,3801
194.48,11147
193.47,17705
193.2,18941
193.48,20993
193.55,17289
194.54,28007
194.37,12412
193.18,27494
194.03,14382
195.2,19679
192.59,7233
192.7,7338
191.59,13566
190.99,20095
192.27,11974
193.78,14321
193.81,7675
194.66,26640
194.18,53438
194.14,19047
194.55,12805
194.05,12225
194.43,9329
195.23,6880
194.75,3953
194.72,2653
194.02,5262
193.21,4148
192.92,2803
193.23,7657
193.61,10333
193.78,20307
196.31,6673
194.6,16376
194.74,8426
195.37,7105
195.87,8144
196.61,5336
196.34,7156
196.05,11791
197.11,7227
196.66,6895
196.42,8579
196.66,13049
197.05,23492
197.87,2478
196.08,13090
197.82,7214
198.41,3915
197.89,2024
197.5,2074
197.56,2207
197.95,2222
198.09,4396
198.66,3315
198.14,2316
198.49,2498
198.75,20072
198.38,15702
198.6,6263
200.26,13856
200.88,5344
200.49,3995
199.64,1961
199.23,1845
198.61,3301
199.45,6923
199.67,3855
199.36,6084
199.99,7455
200.91,20853
203.39,24674
204.25,9807
203.6,6319
204.25,7479
203.66,3217
203.79,4763
203.51,2018
203.43,2572
203.83,4797
204.37,1806
204.76,5626
204.49,5237
204.44,43990
206.04,6693
207.05,14698
204.86,11361
204.89,6572
204.71,5091
205.01,3760
205.93,5871
205.89,4567
206.01,2659
205.76,4516
205.56,5841
205.57,8997
205.23,21447
205.04,10188
203.23,6014
202.99,9186
203.66,6019
202.89,8372
203.22,2375
202.59,4180
202.26,7218
202.02,3795
202.45,5433
202.85,7381
203.5,8387
203.67,23799
206,21591
208.75,12607
208.45,11909
209.98,11398
209.46,8260
209.5,3208
208.4,12582
209,9764
209.19,12622
209.76,15622
209.37,20397
208.44,11324
208.69,22338
209.24,12868
208.6,2975
207.43,3131
207.08,2109
207.71,2862
207.61,5309
207.48,4444
207.88,3515
208.58,4454
208.33,4834
208.72,3927
208.33,7160
208.32,33144
210.46,11140
207.55,9574
206.49,5477
207.08,6582
208.79,8112
208.38,5744
208.17,16296
208.13,11574
208.35,4152
207.81,6532
207.64,6637
206.62,7411
207.07,26475
206.04,6116
207.76,7929
207.6,2341
208.19,7129
209.21,5583
208.72,1417
209.33,3036
209.75,5105
210.21,9045
210.86,8196
211.04,2648
210.7,4142
210.73,16353
209.4,5317
209.59,2781
210.39,5494
212.21,5624
212.1,2527
212.57,2973
212.27,3190
212.82,4765
212.32,2046
212.41,3780
212.8,2063
212.2,2785
212.09,16422
215.99,28252
215.58,32423
216.65,5386
216.89,8296
216.91,4288
216.72,4136
217.13,5321
217.49,5455
217.69,5586
217,12129
217.51,7501
217.29,8146
217.87,27532
217.51,26449
215.26,18758
215.81,14800
215.95,15144
216.69,13501
216.48,9259
216.66,2475
215.49,4490
215.65,4978
216.39,6293
216.9,8694
216.85,13583
216.22,12923
216.45,15914
218.89,23294
218.21,13336
217.66,9647
216.36,4646
216.93,5242
217.62,2617
218.02,4389
218.01,10231
217.62,10240
217.16,6786
217.57,3777
217.9,18747
218.06,7396
218.96,13254
218.93,5394
218.06,5317
217.92,4712
218.15,3052
218.05,8989
218.2,2866
218.15,3635
218.55,3653
218.36,4550
218.43,3705
218.25,32895
218.92,13421
220.02,11613
221.02,10695
220.83,13505
220.13,4399
220.53,2282
220.61,1838
220.6,4200
221.47,1057
221.21,5136
221.1,9350
221.47,11794
222.11,25938
220.83,17857
221.99,16832
221.04,10784
221.17,6595
221.52,6161
221.64,5688
221.75,3655
221.72,3756
221.2,6322
220.92,8738
220.92,6850
221,5688
221.2,23104
221.39,8254
220.86,7280
220.89,5781
220.61,3436
221.01,4820
221.06,5640
221.26,8845
221.42,6471
221.49,4679
221.53,2985
221.2,3186
220.69,2910
220.76,16901
219.91,11144
220.76,9943
220.48,4722
220.6,6418
220.89,7107
221.01,4213
221.03,13235
221.03,0
221.74,26982
221.81,24480
222.01,10327
222.25,9541
222.12,11405
222.43,4958
222.47,4469
222.67,7660
222.15,4654
222.55,5234
222.1,5099
221.89,10192
221.78,45051
220.42,28668
219.13,13514
219.94,22767
220.41,24043
221.1,20899
221.64,21146
221.77,14605
221.56,16238
221.2,13568
221.27,20652
221.49,25934
221.93,29558
221.48,49743
225.22,49701
225.73,40106
225.79,33800
226.46,36487
226.66,14916
226.9,15112
227.66,15426
228.03,11476
228.02,17056
227.1,14116
227.74,14276
227.89,17389
227.2,54725
245.25,98526
244.33,45074
243.63,58918
241.42,26531
242.27,26546
241.58,18487
240.95,17492
241.66,32811
243.46,23031
244.04,27197
245.6,40772
247.09,23861
245.2,86007
246.43,45332
252.53,33134
253.19,45842
254.37,26515
255.53,42555
256.08,24570
258.1,12565
258.38,8213
257.51,10841
256.42,13476
256.13,8301
257.26,15481
256.92,51133
249.56,55584
249.43,25008
248.23,39680
247.9,24854
247.72,15165
248.74,6450
248.78,12858
248.05,21577
247.25,5910
247.11,14691
247.31,7685
246.52,7560
246.78,33171
246.16,23626
245.67,14723
246.9,13449
247.02,10812
246.14,5607
245.41,6057
245.97,7892
245.54,7021
245.7,4229
245.97,5182
246.37,5561
246.75,5882
246.96,32032
248.28,11503
249,4829
248.3,6269
248.75,11672
247.71,8828
248.1,7397
247.83,7484
247.68,7409
247.95,5380
247.15,3273
247.01,3601
246.53,6026
245.72,23395
245.2,18126
245.81,8643
244.84,18186
244.04,13718
244.44,6558
244.17,9436
245.54,7186
246,14212
246.3,5582
246.34,7960
246.69,7032
245.4,16771
245.4,34419
244.47,16561
247.13,16938
247.01,15070
247.56,15538
246.58,5773
247.21,9042
247.47,9188
247.23,6171
247.91,6861
247.88,4661
247.92,5645
248.34,7033
247.71,26064
246.48,15852
249.23,6638
249.13,5817
249.48,8616
248.39,3169
248.29,3498
249.18,2139
249.08,1665
248.85,5006
248.93,3241
249.43,3889
248.83,17945
248.74,38998
247.96,9036
248.83,33085
250.75,13464
251.29,9394
251.51,13834
251.35,11552
251.18,28065
251.76,13639
251.18,5957
251.67,3760
251.45,5779
252.11,12501
252.58,39276
254.02,25628
253.12,29242
253.13,24959
253.89,21809
253.07,11591
252.23,7392
252.29,11788
252.05,7641
251.95,9921
251.68,22048
253.57,15280
254.81,27029
252.83,62395
252.84,30691
252.2,27426
250.16,18173
250.36,19581
251.49,27980
252.53,21784
253.74,28586
252.4,59668
252.15,79528
251.59,30978
252.29,41302
252.54,14114
252.22,47118
251.83,21002
255.38,26469
256.14,8267
256.89,12409
257.59,6523
257.56,8338
257.04,6407
256.87,13374
257.72,34383
256.7,28921
256.75,13773
257.09,49547
257.67,61979
256.02,52472
259.6,16292
259.85,9711
259.04,9952
260.45,8738
260.62,5966
260.7,12154
261.36,5355
261.53,5527
260.62,7227
260.22,9559
260.79,5294
260.62,50959
261.88,26564
261.75,11011
262.12,14959
261.86,9752
261.89,9033
260.7,10119
260.29,5034
260.49,7635
260.45,5391
260.8,5057
260.94,5225
261.05,5884
260.24,28561
257.86,18270
259.38,7672
259.88,12183
260.47,10502
260.48,8428
260.74,4044
260.24,2732
260.86,3460
260.79,3412
260.51,3025
259.94,7187
257.88,8656
257.37,28139
260.9,28295
261.31,11424
261.21,8240
261.6,13910
261.53,6058
261.67,18457
261.72,4373
261.77,9055
262.33,13035
262.33,10359
262.38,13528
262.33,7514
263.33,32308
262.66,17715
263.22,9482
264.02,9888
262.88,11419
263.01,3912
262.78,3188
263.18,2867
263.23,3835
263.24,1928
262.83,8225
261.53,3249
262.59,3889
262.66,13199
261.23,7133
261.97,2608
261.69,3428
261.62,3376
261.54,3927
261.43,2282
261.07,1427
261.04,2632
261.33,3270
261.54,2593
261.8,2061
262.12,3483
262.58,12567
262.09,6306
262.24,9768
262.16,2865
262.03,1588
262.08,1085
261.93,1469
262.24,1356
262.3,1639
262.06,2078
262.15,2566
262.11,2924
262.28,1712
261.99,6993
262.55,4332
262.86,3181
262.53,10686
262.42,3778
262.39,1524
262.11,1175
262.37,1758
262.76,1770
262.47,2286
262.12,1571
262.16,3077
262.4,5300
262.13,15599
260.93,3513
261.51,2547
260.58,3693
260.18,3173
259.41,4014
259.85,7168
259.09,2291
259.67,336
259.67,2741
259.91,3436
259.55,1719
259.64,3753
259.84,24270
255.93,15101
253.95,19069
250.85,9858
251.39,10307
252.72,6041
253.13,8431
252.93,4633
252.32,8332
252.73,7940
251.67,10802
251.77,4598
251.74,10845
251.67,25343
249.18,14280
249.75,16613
249.07,12595
249.24,10976
249.03,8069
248.59,7949
249.41,5411
249.53,2998
249.54,4173
249.31,9586
249.59,5563
249.29,9271
248.86,16839
248.07,14544
246.49,7231
248.02,8376
248.38,5114
248.35,7345
248.52,7015
248.29,2915
247.85,3422
248.35,2037
248.13,4086
247.79,3582
248.25,5442
247.96,16954
248.19,8839
248.39,13314
249.21,7693
249.03,2483
248.61,3211
247.75,3128
247.25,4983
247.56,2896
248.29,3666
248.11,3848
248.01,5277
247.04,5447
246.88,15106
248.22,12382
252.55,28863
254.24,23020
255.37,20378
255.19,9657
255.15,9061
255.75,16517
255.63,12868
255.45,6315
256.18,9195
256.41,30701
256.38,18439
256.85,44467
255.97,16112
257.16,12821
259,22434
258.35,5914
258.88,16153
259.8,16237
259.5,10621
259.26,9619
258.41,9333
259.06,6421
258.86,12622
258.9,17313
257.94,37881
260.75,22274
260.58,10744
261.5,27864
262.17,26764
260.63,39595
259.71,12752
259.61,6771
259.51,5299
259.04,4763
260.02,6628
260.8,7760
260.91,6690
260.3,23901
264.54,39692
263.57,13784
263.17,17851
263.36,32663
264.16,13945
262.99,5817
263.26,5339
264.25,6557
265.23,25471
266.69,15575
267.42,31568
268.17,23278
268.93,49186
267.87,21517
268.44,19457
267.67,9255
268.09,14300
268.9,13111
267.76,6380
268.64,6620
269.08,6038
269.62,3318
269.71,4219
269.65,7610
269.35,9955
269.05,18706
266.33,17180
265.35,8345
266.58,11888
265.3,10524
264.76,16265
265.74,14163
266.58,13497
265.77,15432
266.47,10141
266.15,6165
266.09,11778
266.78,7943
265.95,35818
265.1,9501
260.95,14768
262.22,7711
263.25,9697
264.89,20237
265.49,9761
264.85,8530
264.98,7371
265.03,7121
264.94,7735
265.93,24379
267.11,27815
266.65,38333
269.46,21945
269.26,17856
270.07,28818
270.45,15248
271.04,13895
271.01,14636
269.67,9082
269.78,10510
268.82,8292
269.23,10041
270.48,11669
270.22,13621
270.57,40461
272.3,10234
272.79,11933
272.92,5282
273.15,5491
273.62,5847
273.59,5431
274.34,5655
274.51,7806
275.6,15715
276.57,14094
276.72,17740
276.82,20532
277.17,35013
279.83,35261
280,22271
278.38,16501
278.14,17975
279.4,10885
279.5,6286
279.62,7320
279.16,6222
277.92,4876
278.48,17575
277.95,9019
277.33,10921
277.51,23964
276.22,10196
276.39,16019
275.77,11125
275.47,7088
274.57,4452
273.86,14259
273.08,10391
272.66,12412
272.05,10481
272.27,13479
272.22,8910
272.53,7667
272.27,31958
275.85,18251
274.98,37271
275.1,22585
274.26,13858
273.17,16879
274.43,30890
276.4,31281
275.92,18531
275.4,16040
275.44,13574
274.9,7082
274.38,27867
273.62,19476
274.64,12891
274.24,8495
274.89,10753
274.36,15929
274.52,17849
275.36,5799
275.05,5876
274.89,7572
274.27,10139
273.8,9203
273,9937
273.85,4798
273.79,14403
275.26,12355
275.86,9854
276.97,15607
279.17,6128
278.15,6360
278.58,2753
278.34,4535
276.68,1405
276.88,2678
276.06,3040
275.64,3469
276.53,10964
276.38,46623
277.29,17612
279.75,20019
279.97,15576
279.16,15674
279.82,8557
280.38,6404
280.51,7247
280.45,6941
281.06,7949
280.7,6102
281.16,4065
281.62,16002
283.1,33457
283.68,18113
284.61,31634
282.97,5398
282.86,4706
283.11,2475
283.2,12038
283.49,24072
283.38,19777
284.42,13991
284.21,4719
284.22,9071
284.22,15143
284.31,30244
279.39,28265
279.92,7694
279.86,5415
278.51,7079
279.07,7700
278.92,6309
280.15,6897
279.84,3167
279.58,3689
279.94,5381
278.96,6096
279.35,11417
278.17,17015
278,11406
279.54,7325
280.3,6983
277.79,5780
277.84,5791
277.92,6585
278.05,2907
279.4,4434
279.14,5499
279.99,3161
280.61,6655
280.71,4793
280.33,19206
281.12,15754
281.22,20340
280.37,16051
281.64,14005
281.9,8696
283.29,6713
283.58,2874
282.81,4528
281.5,1998
282.77,5194
282.44,5136
282.05,5381
282.78,17022
281.87,18694
280.17,13490
278.38,8477
278.51,7063
279.6,10264
280.52,7787
282.14,7531
281.98,4529
282.55,4327
283.18,7015
283.71,10443
284.15,6805
284.22,16797
283.88,22714
282.63,36725
282.42,7989
282.91,5824
282.89,7991
280.8,12233
279.05,4218
279.96,6974
280.57,9038
280.71,5377
280.67,12652
281,10436
281.2,27801
282.39,21664
281.55,12084
284.48,13502
283.05,3358
283.78,2932
284.04,2482
283.44,2075
284.31,3507
285.13,3467
285.36,3237
284.87,5097
284.96,4289
284.94,16341
285.8,10555
288.02,11523
288.25,14900
288.45,8324
287.2,13909
286.67,19061
286.1,12911
285.54,4827
286.65,7011
286.86,4217
286.7,5346
287.09,9576
287.6,20766
288.81,8263
289.18,12430
290.08,12962
289.86,5481
289.31,5701
288.05,5306
287.53,4323
287.88,3352
287.33,4575
287.66,5751
287.67,7105
287.6,11457
287.19,33438
286.47,14908
284.11,13252
284.45,11763
284.92,12901
285.1,6975
285.47,2935
284.6,3567
285.5,4857
284.67,3129
284.02,9141
283.98,8190
282.98,5921
283.83,20735
275.19,30784
276.87,20010
278.02,14631
277.65,9428
278.64,6381
278.43,10623
277.67,12373
277.79,10507
277.25,8938
276.88,29371
275.98,14046
276,14582
275.51,29319
281.07,20188
282.77,5636
284.47,10948
282.62,7476
283.04,9008
282.01,6655
283.38,5453
283.5,2092
283.3,5988
284.25,5464
284.11,4834
284.56,6613
285,15818
287.11,15138
284.89,8496
286.03,8862
286.11,6673
285.38,7413
285.85,1943
287.09,5231
286.48,7189
287.21,6650
286.63,4858
286.26,5142
286.42,5833
286.68,13118
286.79,7839
285,11863
285.21,19166
285.79,5866
285.79,5272
286.94,4241
287.19,7096
286.55,14534
287.29,5872
287.32,8527
286.83,6591
285.39,15027
286.11,23365
285.23,15380
281.51,24093
281.32,11680
282.58,12609
282.81,7318
280.69,9061
280.75,9349
281.6,6408
281.27,6149
282.36,6444
282.27,6460
282.7,9124
282.3,27593
276.23,20918
276.11,8682
276.61,7352
275.95,8624
275.82,6118
276.49,5648
276,3548
276.88,3272
277.18,5987
276.66,4431
276.55,8088
276.18,8976
276.31,15231
289.07,25876
288.7,12056
288.52,12301
287.97,6010
288.22,6636
288.28,8289
288.74,9297
289.36,4598
289.25,7738
289.28,7668
290.18,5863
288.92,5122
289.23,28226
293.27,10546
291.15,7412
289.86,3558
288.49,6465
287.78,2400
289.17,4866
287.88,10279
288.27,8505
289.06,17316
288.79,3091
288.33,15465
288.41,14508
287.81,20452
291.22,53010
293.45,30643
294.64,20210
295.63,9921
295.66,19045
298.26,12662
298.9,5184
297.72,11069
297.74,9641
298.65,6737
298.67,8689
297.86,9220
296.92,28541
296.3,30671
294.6,13901
294.72,20422
294.39,16731
294.79,7016
294.25,15830
293.73,8977
292.35,10480
292.56,7057
294.33,17247
294.51,4851
294.65,7149
294.53,15966
294.73,36837
294.44,25199
295.66,30633
295.67,31933
295.65,33861
295.8,10746
295.36,15426
295.09,13300
295.4,12772
295.45,12759
294.62,14973
295.1,32261
295.65,52869
296.33,176498
296.73,46252
297.95,60590
299.74,37652
301.83,18216
300.35,13671
298.21,13964
298.83,21482
300.14,11735
301.54,17459
302.22,22497
303.69,65005
304.65,146117
303.21,36044
307.06,45961
310.7,40174
311.84,31484
312.94,28624
313.17,19710
311.57,13992
313.12,21181
313.73,22267
312.89,21947
311.36,14619
312.01,22497
312.04,49009
309.66,69953
311.46,21143
310.71,13087
310.91,24958
311.27,10858
311.91,20826
312.84,16112
311.73,12412
310.61,19212
310.96,11484
312.16,28509
312.01,21504
311.59,59490
306.57,39329
304.1,19479
300.12,23190
298.07,15950
299.15,33273
297.74,21511
296.77,16076
295.66,10331
294.57,26015
293.51,10064
293.15,14809
293.18,14350
292.3,47847
300.46,91071
299.37,34671
300.19,27320
299.58,16538
300.47,14385
300,9880
299.81,7458
299.59,10996
300.36,39565
299.97,20288
299.81,13342
298.78,6394
299.16,32398
301.8,25870
298.87,15493
298.7,21686
298.44,8206
298.02,16268
299.27,14238
298.62,5218
298.76,5813
298.86,14741
299.52,7034
299.23,6219
298.76,18555
298.64,43873
299.41,26528
302.45,23911
302.75,18967
303.52,32981
301.74,14872
301.95,12351
301.4,4206
299.95,6699
300.55,7437
300.87,6308
302.37,1993
302.81,7394
301.39,27037
298.07,20271
298.61,12932
297.99,11459
299.83,16458
299.32,8387
300.83,9480
301.33,15721
302.55,9062
302.87,9046
301.62,4043
301.69,4352
301.71,9884
301.17,38521
303.25,33827
301.64,16071
303.07,13024
302.66,8804
302.56,9426
302.04,9096
301.4,7097
301.04,5910
301.95,10907
302,10587
302.54,7200
302.7,6950
302.95,22194
301.36,21891
300.48,15657
301.97,15756
302,14712
302.07,6599
302.57,5556
302.58,9689
302.91,6756
303.07,5688
302.91,4587
302.73,6426
302.96,5754
301.69,19690
300.98,20595
299.68,9924
300.21,12174
300.85,17098
300.97,7615
301.19,3997
300.49,7261
300.38,6963
299.68,8811
300.36,6243
300.54,6103
299.05,11555
298.48,37038
294.98,30923
293.77,21702
294.51,19354
294.29,22449
293.31,31850
291.96,30272
291.81,16661
291.03,13611
291.6,9929
291.88,13970
291.63,21913
291.85,20514
291.03,80647
294.7,15891
292.53,14634
294.4,7919
294.61,7073
294.26,5522
294.41,9959
295.18,8402
293.98,10052
295.15,5256
294.65,10161
295.82,11020
296.17,12540
296.14,43374
294.65,10124
293.51,10810
293.22,13667
293.73,5417
295.02,7450
295.68,4683
295.95,6401
296.51,3690
296.84,6224
296.14,5553
296.2,7535
296.21,9830
296.38,19303
298.46,4993
297.39,3303
297.86,3535
297.25,4984
297.97,4095
297.6,3498
298.33,14821
298.96,5979
298.18,8780
298.68,19013
300.98,19710
301.97,15449
302.76,21685
303.62,15062
303.57,16361
305.34,14421
306.84,11732
306.67,8156
307.34,7401
306.6,4668
307.2,8192
306.22,7529
305.53,4063
305.3,5687
304.31,4863
305.41,34598
305.27,4999
304.74,4596
303.32,7106
303.14,21481
304.08,16398
304.43,14482
304.8,9402
305.57,3455
305.16,2884
305.1,7121
305.14,4091
304.83,8396
303.47,28522
298.68,24316
301.19,14614
300.93,16951
300.27,12127
300.99,9911
302.32,7758
302.13,6109
302.07,9840
302.88,8568
302.76,4344
303.14,3685
303.15,7322
302.4,17201
303.51,30777
302.82,8593
302.73,7224
302.72,4118
302.98,3307
303.23,4679
302.53,12081
301.32,8803
301.89,5981
301.84,6596
302.94,1409
302.74,3197
301.87,20581
303.01,29709
298.74,29682
297.87,19448
296.43,6517
295.89,9223
294.88,14078
295.54,5893
296.4,9890
296.28,6284
296.08,8299
297.43,8442
296.64,12101
296.23,21684
296.32,21137
298.04,8814
296.62,10992
297.05,11757
297.72,8275
297.08,9281
296.72,7689
296.24,4405
296.29,5819
296.78,14053
296.48,5748
297.64,4906
297.64,19982
297.37,3257
298.41,8226
297.18,7687
297.02,6602
297.07,6804
296.58,4156
297.92,3753
298.35,1929
297.53,477
298.17,3916
297.93,2770
297.73,1772
297.49,10792
293.56,48981
292.27,16123
294.78,15188
294.9,20653
296.7,6745
296.38,10595
297.68,7748
298.81,14127
298.61,12322
298.78,17043
299.28,22641
299.49,10319
299.8,24629
299.56,13616
300.84,8978
302.22,7590
302.63,6290
302.99,5725
302.78,4016
302.5,3114
301.44,1303
301.39,1101
301.73,2472
301.55,3057
300.84,8043
299.68,13857
304.61,110947
291.94,58034
296.1,15487
296.7,11554
297.08,9528
298.33,3924
299.01,2745
298.52,7766
299.4,9482
298.26,17925
294.78,25316
291.21,20268
290.51,43933
289.51,23935
292.6,11963
293.12,14546
295.82,9331
296,14800
297.61,16424
297.94,8944
299.26,14392
298.59,3915
297.4,3325
297.99,6716
297.85,6493
297.54,13639
297.39,16757
297.67,14283
299.14,12189
298.99,12046
298.4,5088
297.54,6797
297.74,4075
298,5842
298.15,6755
298.53,6838
298.22,5614
298.59,5430
298.73,20504
299.48,11206
299.42,7144
297.79,10704
296.6,6549
297.29,8044
298.36,7275
298.1,4240
297.95,6435
297.79,10365
296.39,10282
296.26,8214
296.3,9045
297.67,23093
294.96,18955
295.85,21659
295.68,8972
295.98,10897
296.12,20933
295.01,12189
295.18,12579
295.74,12286
295.57,7901
295.46,8093
294.9,9493
294.53,9979
294.99,31533
295.7,22017
295.06,17907
292.76,24924
293.29,14821
292.88,20024
293.8,14254
293.1,7907
293.16,13609
294.83,3136
295.27,6722
296.12,9117
295.84,13630
295.72,21493
293.22,20889
293.28,15513
293.21,20319
291.81,8522
293.22,9267
292.38,6507
291.98,7383
292,11508
290.34,18843
290.71,13232
291.26,8000
290.8,6354
290.51,25842
278.47,134623
280.62,59322
275.53,68889
274.21,86973
273.72,26014
274.64,58451
275.41,30980
275.13,35952
273.22,92350
271.28,80362
271.32,52388
270.95,74535
269.8,169413
270.12,26425
271.1,31582
271.54,28015
271.23,15124
274.14,12907
273.87,8537
274.82,12352
275.1,16693
274.88,25837
275,18327
275.27,18796
275.57,21938
274.84,51065
274.26,26073
273.32,14447
273.14,16556
272.4,19626
273.02,14425
272.68,10139
272.69,9919
272.19,9042
273.69,6613
274.41,3346
273.87,2833
273.34,4344
273.29,19170
272.55,14373
271.38,18408
269.71,26349
270.49,26421
270.06,12712
269.69,15824
268.57,20833
267.11,10187
267.75,13179
266.85,16667
267.61,7272
267.51,11279
267.93,39376
268.99,10025
268.43,5665
267.87,8940
267.62,13722
268.13,13628
267.86,8561
266.56,4837
267.32,1740
268.1,5281
268.58,5997
266.77,7082
265.67,6527
266.42,31165
275.44,47453
271.1,37162
268.35,34392
267.34,45513
267.74,16734
268.69,9703
269.26,9229
269.77,14870
271.08,13248
272.04,8985
271.85,15608
271.09,7273
271.02,36148
271.23,50474
269.65,34555
269.29,16954
270.27,13983
269.2,16019
269.05,20242
270.19,12360
269.47,14105
269.22,15638
269.9,12142
270.73,6188
272.32,6152
272.1,21000
274.67,13994
273.73,10395
273.53,8934
273.76,8359
272.31,8430
270.95,5249
271.05,6241
272.16,3703
272.85,15136
274.04,18020
273.12,10574
272.8,12909
273.64,25701
267.85,50601
266.8,65682
267.3,19415
266.33,10341
267.41,10307
268.27,19118
268.21,9138
268.64,5224
269.02,9041
269.27,18192
268.59,9615
268.06,16742
268.96,24900
271.38,15707
271.53,10772
272.21,8297
272.72,7459
271.8,6927
272.13,3912
271.59,3989
271.92,3783
271.49,3604
270.73,9388
270.03,5907
270.41,4506
270.52,9918
271.4,12264
271.1,9777
271.14,10960
270.34,11599
270.93,11736
271.5,17479
271,9288
271.12,2980
271.31,2972
271.3,5785
271.22,6780
271.15,18054
271.17,16845
270.6,27285
269.77,20026
269.53,16143
269.77,9403
269.34,7888
268.31,7285
267.94,15473
266.5,12445
266.33,9692
267.2,5257
266.29,11723
266.1,7811
266.15,33659
265.84,7610
264.2,13580
264.42,10069
264.85,5700
264.67,11698
264.2,7638
264.68,7850
264.5,4584
265.1,5764
265.08,11326
266.96,23728
269.6,24670
268.64,17709
267.47,21308
266.44,24694
267.02,15141
267.54,10201
268.04,5212
267.51,3688
266.42,5694
267.59,4885
268.66,6482
268.11,9314
268.05,6810
268.59,6417
268.46,18278
273.06,17100
272.74,18383
273.03,17132
271.87,10667
271.82,9312
271.92,5412
271.4,17965
270.02,11373
270.22,9736
270.46,8287
270.97,10286
270.79,7375
270.78,28563
272.64,15745
273,12991
272.11,12552
271.86,9522
271.3,6662
271.02,3907
271.26,1774
271.78,4753
271.96,2238
271.94,3064
272.25,3166
271.97,6827
271.3,25435
271.66,14126
271.87,9827
274.5,9498
274.67,3503
273.72,15527
274.41,7313
275.1,10383
274.8,3403
274.83,4141
273.81,3861
273.36,3582
273.59,7202
273.08,10172
272.57,27419
275.73,8283
275.09,14149
275.6,5875
275.24,4315
275.34,5005
275.31,4110
274.87,10394
274.31,10333
274.72,9694
274.77,3223
274.47,4604
274.98,23294
269.02,63125
269.69,17782
269.65,16522
270.67,8030
271.42,5458
270.41,4970
270.44,6063
270.51,12335
270.89,29790
270.86,17139
271.16,11813
271.45,7457
271.2,30506
272.57,17792
275.37,12649
274.18,5187
273.44,5854
272.58,9586
271.77,13767
271.96,2273
272.47,5147
271.7,3395
272.28,2076
272.23,7241
272.68,3910
272.8,16255
273.75,11456
272.8,6563
273.09,4784
272.55,6469
273.24,4030
273.6,3052
273.92,8457
273.14,6136
273.5,4367
272.98,13779
273.89,2882
273.05,3993
273.32,19341
273.17,17122
274.87,6773
274.39,6519
273.45,4656
273.32,4352
272.31,4601
271.9,7877
271.84,4707
272.15,3355
272.07,2857
273.02,4358
273.11,4439
273.63,13473
276.85,34938
278.47,13557
279.17,8719
279.65,13199
280.11,10705
280.09,16154
280.88,24063
281.89,30483
282.77,42434
282.67,7762
281.87,17033
282.77,9996
283.4,52003
285.81,12896
283.31,8486
282.53,8138
283.09,16785
283.68,15320
282.82,4015
281.97,2916
282.96,4308
281.91,3392
282.5,4524
282.83,3064
282.88,5417
282.35,25845
283.15,8555
282.6,20503
282.97,13783
282.48,12889
282.79,3615
283.26,3980
282.84,2545
283.07,13054
283.07,4280
282.35,10659
281.25,7570
282.54,3553
282.6,17496
281.5,7157
283.11,5422
283.51,1746
283.51,3244
283.59,2941
283.35,2096
283.06,875
283.33,2394
283.19,1282
283.02,1768
283.26,2670
282.96,2106
283.12,22492
282.99,19098
281.35,5322
282.73,3772
282.9,4001
283.15,2015
282.88,3953
282.61,8905
282.04,8892
281.13,6445
281.63,3717
280.94,13356
280.2,10277
280.15,31187
280.46,10553
282.52,15082
282.54,5046
281.98,4366
282.97,3638
282.79,9201
282.41,6917
281.71,6942
281.07,18735
280.31,32426
279.66,8597
279.78,6876
280.08,24637
282.31,14260
277.73,27696
276.29,34149
274.96,14330
275.84,16450
276.69,9444
277.69,12371
276.67,4415
276.73,12106
275.27,4190
274.45,17361
274.34,10774
274.12,24377
267.65,54458
267.73,33484
267.84,18106
269.67,17683
270.54,18477
269.89,14546
269.22,18557
267.88,13406
268.33,25560
267.54,10869
267.03,11236
266.68,16775
267.78,58385
269.53,249853
264.87,31573
267.37,27468
267.24,12013
267.12,12851
266.1,20738
265.63,23495
265.21,13083
265.09,19207
264.6,30762
264.41,22689
263.99,18533
264.72,88083
264.51,20995
266.9,20974
268,10448
268.35,6189
267.97,7883
267.71,13988
266.86,12699
266.71,7971
267.41,13318
267.83,13362
267.67,16434
267.5,16575
268.15,44315
220.45,454509
215.93,250037
216.09,163115
213.11,160775
211.84,212858
213.31,119529
214.55,97595
214.72,73456
212.11,75481
210.44,120868
210.59,184475
211.12,136011
212.23,588136
216.21,140482
216.09,60703
214.95,59763
214.32,49507
215.88,40244
217.72,39596
219.81,60654
223.27,132071
223.09,65696
224.61,58502
225.38,53404
226.34,59870
227.44,130912
231.27,173298
230.84,87697
232.09,209439
230.71,57161
228.23,34799
230.89,9453
230.89,0
230.89,0
230.89,0
230.89,0
230.89,0
230.89,0
230.89,0
232.5,48969
236.51,35018
233.78,19008
231.82,19875
230.1,16049
230.99,12876
231.14,5384
230.91,6537
230.89,6826
230.64,9899
231.96,13289
231.97,16667
231.02,49189
232.7,48807
229.04,31468
230.07,29720
229.71,21660
230.06,30577
231.5,17889
230.76,10978
230.31,5442
230.96,10527
231.49,6514
232.19,14744
232.89,17768
232.53,36358
236.7,94758
240.97,27064
242.61,23388
242.63,15988
240.63,12649
239.04,12636
239.64,11588
240.74,6698
239.52,4945
238.27,13008
238.32,23405
240.01,17656
241,29210
239.22,9017
238.62,8506
239.51,13737
238.98,8730
239.33,8734
239.78,6468
239.62,6468
239.69,7507
240.35,10352
239.93,9952
239.65,11199
239.26,6870
239.28,15410
238.5,18110
238.15,9361
240.06,7453
238.68,3945
239.22,3880
239.19,4382
239.79,5468
238.82,11823
237.38,24568
237.8,16103
238.26,6422
238.48,8513
237.83,25669
237.9,32660
235.56,21947
239.08,12661
238.5,6201
237.15,6495
236.82,15704
235.74,7847
236.3,4372
236.91,3848
237.9,3021
238.25,3398
238.33,11333
237.8,18910
237.24,35996
235.95,32535
234.8,24297
234.9,16041
234.73,21229
234.53,8428
234.12,19028
234.5,11255
233.2,17084
233.42,28112
233.02,46834
232.68,28355
233.46,53407
231.7,36960
230.81,31019
229.85,34398
228.36,28741
227.87,23831
227.21,35749
226.89,23988
227.46,29494
227.71,12441
227.42,10244
227.33,15072
226.92,11650
226.93,66800
226.28,34046
231.88,38748
229.34,12181
229.75,15968
229.15,12655
229.69,6163
228.13,6695
228.75,4219
228.67,2846
228.5,7312
228.47,10367
229.13,10165
228.97,25144
227.53,16909
228.48,16774
227.16,15489
226.76,19297
225.86,25556
224.93,11209
225.97,17324
226.51,10662
226.02,18778
226.77,19978
227.32,12530
226.69,21134
227.11,102307
227.48,39462
227.5,21114
227.49,17971
227.24,8611
227.32,8966
227.42,31998
226.38,10004
226.55,9755
227.69,5547
228.23,14563
227.38,9944
227.37,23672
228.35,63689
230.02,46959
234.55,39102
235.18,38177
236.9,32701
237.68,33540
237.59,25223
237.6,25333
237.42,18032
238.39,27793
239.41,18375
239.87,25805
239.37,37575
240.41,97347
237.48,30111
240.09,37698
241.27,23560
240.9,17088
239.43,17363
240.54,16084
241.04,13426
241.63,13779
240.29,14203
240.79,14504
241.09,7843
240.99,20765
240.88,48044
240.32,18824
239.97,21769
240.37,17952
239.76,17382
239.16,27719
239.11,18729
238.91,6917
238.56,9546
237.66,21031
237.64,13027
237.37,13334
238.26,14087
238.24,61180
238.57,18651
238.08,6335
239.04,7133
239.26,30308
238.6,16077
237.69,18128
236.92,6832
237.1,6853
237.33,3598
237.72,6151
238.17,8484
238.45,3671
238.2,40972
238.48,13678
238.68,7293
237.63,8695
237.67,3650
237.86,7137
238.22,4009
238.24,3130
238.46,4866
238.7,8187
238.35,9884
239.17,7774
239.13,9143
239.19,25647
241.49,40008
245.53,39772
247.63,53729
250.52,28992
249.97,28855
252.7,41237
253.35,31403
254.32,43833
254.27,18971
251.89,12976
250.87,8366
249.63,12081
249.69,33449
250.31,81605
253.78,36112
254.37,37478
254.44,23147
256.18,16615
256.2,22511
254.55,19355
254.57,12826
254.55,21223
255.35,10690
254.68,14273
254.71,14663
253.45,58430
254.61,26338
253.72,19444
254.05,29755
252.57,19478
253.25,12309
252.94,9990
252.74,5209
253.19,9323
254.08,11038
253.48,2941
252.99,3572
253.3,10579
253.02,48188
251.62,14228
251.21,7536
251.75,13759
251.96,11626
252.23,16388
252.46,26541
253.13,10095
253.03,12246
253.4,12372
253.64,9465
253.6,9134
253.21,9171
253.25,53053
254.12,45121
255.6,15119
256.6,28007
257.35,10772
257.27,20396
257.04,18797
257.07,41573
257.07,0
258.45,25016
261.78,13752
261.34,28480
261.41,24891
261.03,14895
261.41,85631
259.21,40493
259.59,20299
259.78,22845
260.24,19097
260.25,11587
260.5,57804
259.78,48536
258.22,24415
258.06,14904
256.84,13627
256.47,18654
255.84,46477
255.9,24691
255.64,19949
255.77,7583
255.64,23920
255.41,47198
255.14,40415
255.28,41428
255.07,79966
254,27073
251.49,33204
248.93,24585
249.15,23467
249.91,13553
250.45,13494
249.81,7754
250.1,16731
249.25,8377
249.02,11012
248.35,7082
248.42,9623
248.64,27662
248.91,38150
245.14,17838
244.36,19858
243.47,16389
244.54,8968
244.98,6364
245,10214
245.55,6942
245.65,6685
246.06,39440
247.15,18993
248.79,8865
248.44,21592
250.05,15680
252.03,30278
250.12,15582
250.15,15608
249.66,8681
248.08,15133
249.07,4855
249.37,6327
249.57,3407
248.66,4242
248.83,7291
248.99,4758
248.71,27959
247.97,8991
249.94,16015
250.69,28286
250.84,18514
251.67,11017
250.68,7498
250.75,5136
251.33,6595
251.92,7705
251.63,5307
251.53,8038
251.99,11159
252.13,44056
252.88,13630
252.58,14147
251.95,15518
252.47,4849
252.01,9516
252.87,10878
251.63,4433
251.09,19774
250.44,10535
249.84,9528
250.25,6333
249.86,18386
249.82,30522
250.76,17469
252.35,14510
250.12,9234
251.89,8218
251.35,2447
251.52,8222
252.4,6238
252.54,16374
251.81,10097
251.73,8235
252.34,6473
252.76,11698
252.67,37076
250.72,24757
250.81,15858
250.63,16604
248.72,24717
249.2,11772
249.26,12169
247.39,15064
246.99,8143
248.26,6966
248.91,23730
249.82,8966
249.3,16574
248.81,37855
249.18,16923
247.85,13368
247.26,14627
246.64,9939
246.44,11069
245.35,17474
244.7,8039
245.05,5433
244.84,3722
244,9668
244.34,15150
244.1,42793
243.74,28856
244.67,9975
244.43,8473
244.09,7145
244.97,6414
243.52,5967
243.9,6608
243.65,7775
243.41,11664
244.2,17541
244.11,19966
243.89,13708
244.26,7883
245.04,27592
246.09,35074
248.23,13417
250.05,22005
251.84,16958
249.15,10899
249.82,10613
250.13,11090
250.92,8671
250.83,19368
251.35,18870
251.97,13877
251.93,17887
252.38,27791
253.29,17264
251.79,10047
253.42,10712
252.12,3923
253.24,4344
252.71,3743
252.06,8827
252.77,3245
252.52,6293
252.7,6116
252.61,3084
253.61,5000
253.81,10578
250.58,19013
251.48,8536
251.61,13188
251.39,7863
249.78,4025
249.23,13876
248.71,6450
247.46,12533
248.12,18106
248.44,14935
248.13,8371
247.39,11669
246.93,26730
251.58,33418
251.28,23101
250.06,7491
250.85,14027
253.25,20418
255.01,22371
258.07,28771
259.6,18360
257.03,10303
257.72,7979
258.15,10678
257.14,21944
256.77,42917
255.27,36721
258.97,44108
261.13,34166
258.49,11275
258.66,19406
259.5,21740
260.91,9984
260.67,8140
260.75,14926
259.81,11121
259.53,12178
259.34,13461
259.92,22148
260.33,28609
258.45,19125
256.83,10773
257.51,15050
257.87,25871
258.51,17460
257.76,14330
257.48,33424
256.52,9372
256.9,10271
256.89,10021
256.89,8680
256.98,56742
256.97,10071
256.02,5967
254.84,4624
253.75,6301
253.11,4493
252.36,6714
253.36,5763
252.7,6381
253.52,2700
253.74,3883
254.18,3781
253.85,7123
253.67,15857
253.19,23829
255.98,15362
256.98,10622
256.58,9666
255.88,3368
256.09,8644
255.88,4793
256.05,5540
255.89,8318
255.06,7085
255.76,12209
257.55,21867
255.29,44732
256.61,19756
260.1,13791
258.17,7109
255.69,7953
253.98,15936
252.66,5995
252.93,15319
251.51,8457
249.43,15515
249.48,17726
247.69,13003
247.51,18547
248.5,36568
244.06,52139
239.67,37458
239.79,13746
239.67,12459
239.55,13301
241.27,7459
240.2,7942
239.49,14948
239.75,20636
239.89,22545
241.25,17103
240.24,20798
240.73,56821
232.4,72554
234.96,25159
232.54,34841
235.3,20234
237.49,12873
237.5,10408
238.53,15905
236.5,7840
237.61,7460
236.69,6700
236.36,7460
235.11,19615
235.2,30605
238.37,13595
239.4,18126
237.71,13653
238.65,16392
237.37,10374
238.83,10967
238.73,7713
239.54,9553
239.75,13566
238.95,12540
239.63,3696
238.31,18591
238.09,46400
239.45,19593
242.68,14414
241.82,7970
242.73,6587
241.46,5800
241.36,11100
241.19,3425
240.08,4547
239.71,13761
239.09,5076
238.76,7632
238.39,7639
238.62,38765
240.62,14226
243.1,11925
244.05,7060
243.88,8420
243.58,8781
243.76,10525
244.33,8170
244.29,4199
244.89,8158
244.96,6114
245.3,5675
244.83,16253
245.55,42609
245.95,19188
246.66,22888
248.3,14646
248.93,15220
249.12,6999
247.99,6709
247.9,8289
248.62,6116
249.9,11047
249.24,5274
248.21,4848
248.43,9326
249.25,27282
249.83,16489
246.9,13690
247.37,6223
248.19,5667
247.01,5349
248.86,4522
248.37,3776
247.63,1891
248.22,4122
247.62,5103
247.31,3361
247.2,4559
247.53,23449
250.93,7983
251.57,5792
250.91,11210
251.73,16856
251.39,20618
250.79,5980
251.7,9978
251.93,6140
251.51,10175
251.67,9137
251.66,11126
251.67,7615
251.65,34340
252.86,36584
252.43,8451
252.66,5782
252.57,11675
252.51,15981
254.05,7315
252.91,6822
252.91,18676
253.68,2727
252.87,4681
252.74,6572
252.9,13794
251.81,30865
255.09,23014
257.15,17351
258,15451
258.28,16389
258.52,3507
257.8,12162
257.68,4211
257.74,2920
258.32,9773
258.52,5142
258.36,14757
258.95,5870
259,24287
258.65,4829
259.13,7582
258.85,6086
259.28,4175
259.37,6917
259.82,3129
260.41,5515
260.24,5368
259.8,4581
259.75,3234
259.68,3079
259.57,5098
259.53,23872
260.19,28953
260.7,12799
260.97,16385
260.7,5385
260.71,9712
260.77,10479
261.31,6844
261.59,7307
260.6,8369
260.75,8850
260.31,6622
260.77,3047
261.02,15904
261.91,10833
261.7,15333
261.11,14583
261.02,10331
259.82,15566
259.84,13717
259.61,9701
258.89,8428
259.35,9939
259.05,12961
258.62,13489
258.65,14935
258.82,33749
257.29,32900
258.18,27553
258.43,25112
256.54,12749
257.53,17967
257.36,24560
257.17,19600
257.22,11417
257.97,11216
258.23,10491
258.35,16636
258,13544
257.83,45856
257.69,33495
259.23,15508
258.5,22367
257.47,27076
256,12279
255.7,6989
257.32,7463
256.36,8841
256.52,14243
255.51,19123
255.86,19664
255.11,22438
254.72,48060
258.47,54126
261.77,28803
260.96,12581
259.39,7192
260.73,6070
259.48,9948
259.41,11364
259.56,6417
260.36,7155
260.27,21338
261.26,5598
261.31,8777
261.61,31089
260.87,31335
262.54,12382
262.75,9925
263.4,8444
263.56,6478
263.05,7292
263.66,5752
262.88,5237
262.48,7496
261.8,8819
261.96,14888
262.41,14397
262.27,44726
257.31,41179
259.58,22364
260.36,25474
260.44,26764
259.3,10722
259.93,11783
259.49,10945
259.62,7733
259.87,13280
260.12,15044
260.77,10087
259.95,7419
259.88,28725
259.31,72324
259.61,28403
258.99,42072
256.78,35476
257.06,15312
258.13,25428
256.88,24190
257.46,10847
256.37,13282
255.42,31968
254.9,29564
256.78,26823
255.75,48805
267.65,269903
259.97,119135
255.31,86786
254.19,65813
257.14,40405
257.61,25253
256.65,14344
256.25,13082
256.79,21062
256.87,20414
256.97,24515
254.88,19778
254.77,52339
254.61,29822
252.92,19632
252.88,10615
251.92,13707
251.23,63573
250.05,8400
249.87,7316
250.05,8652
249.73,11224
249.35,32072
249.17,13220
249.27,11739
249.26,84058
250.17,15002
248.91,23337
249.56,10208
248.72,17606
248.26,10856
248.35,9971
247.37,11633
246.37,5219
247.32,12824
246.21,8347
246.14,10033
246.06,9560
245.33,47047
243.33,18759
243.52,17149
244.8,14027
246.36,8254
244.88,5317
245.32,9073
245.86,9705
245.36,6624
245.2,8111
245.05,11435
246.1,7303
245.05,11969
244.95,25576
243.6,13512
245.01,13415
244.9,17969
243.51,8231
242.38,5789
242.85,5825
242.8,4833
243.43,1385
243.08,2506
244.35,1408
244,4149
243.8,7015
243.54,18286
244.73,31555
242.46,28213
240.6,23628
240.37,25645
239.74,11072
239.63,10414
239.04,8370
238.87,8196
239.85,4944
239.55,7709
239.04,7625
239.77,36912
240.46,43712
243.44,25473
245.14,9514
244.46,10072
243.16,11975
242.52,13033
243.23,8769
244.45,12677
245.16,6793
244.11,13094
243.06,7165
242.83,6206
242.38,12217
243.14,33838
244.33,10579
243.55,7946
243.16,15748
242.1,16955
242.73,8896
240.62,8058
241.41,10328
242.03,5936
242.64,6424
242.84,4632
243.29,8485
242.88,8637
242.91,54906
241.77,11883
241.6,24661
239.99,9629
239.92,23611
241.21,23034
242.17,11468
243.42,14910
244.08,11340
244.7,19672
244.58,15617
244.9,21754
244.99,24006
245.51,31880
248.34,29361
247.86,12167
248.24,12285
247.81,7646
247.67,14511
247.79,17237
248.19,14928
249.23,22718
250.07,16066
250.7,11207
250.71,5754
249.95,6464
249.86,32478
249.51,12510
251.02,24708
252.18,10412
252.05,10719
252.5,10188
253.43,9534
252.72,9487
252.79,4443
253.53,4234
252.86,6550
252.08,4133
251.96,10060
251.74,85097
252.62,34325
254.62,14704
252.89,24093
252.56,20198
254.1,7191
253.86,14810
254.09,12840
254.13,10302
254.01,13436
254.41,12068
253.92,10053
254.22,13737
253.74,38513
255.63,30272
255.39,20058
254.97,15764
254.58,16857
254.91,9274
254.46,8176
253.89,11781
253.23,3962
254.19,5051
254.36,27873
254.37,8965
253.5,18070
252.53,50942
252.7,30550
251.02,17811
250.56,7290
250.45,8295
250.07,6386
248.45,8244
250.27,5118
250.42,5216
250.27,9429
249.52,30448
250.03,13211
250.37,14232
250.39,31512
256.9,81491
257.36,12129
257.19,39423
257.44,60386
260.59,46350
262.32,56404
266.13,55954
263.16,26521
263.65,30164
263.36,43189
263.8,18537
262.9,22496
262.38,56996
263.49,37196
263.11,30715
260.56,14710
259.58,14228
259.34,15558
260.88,36905
263.34,19992
263.32,17209
263.16,21412
262.58,21234
262.66,21974
262.74,28095
263.08,50932
264.82,20707
262.71,11123
263.11,12374
262.35,25372
260.53,24026
260.28,17040
260.64,4606
260.41,9393
260.81,9176
261.74,7704
261.48,10470
261.3,8101
261.64,38845
267.04,69941
266.03,30637
264.06,24522
266.11,21965
266.76,9487
266.9,7904
266.09,6546
266.53,13181
266.06,6350
265.47,6202
265.06,9272
265.49,13607
266.12,49878
268.22,32655
270.2,40688
271.23,68388
273.74,31581
273.22,20431
271.8,13160
271.74,8175
270.82,7612
270.8,11431
271.44,10337
271.48,14543
271.55,15103
271.15,55671
274.06,17715
271.35,19627
270.46,17639
270.33,17002
271.83,6093
273.17,6393
272.95,5614
272.19,6608
272.08,18186
272.29,12781
272.84,9599
272.64,19285
272.09,35379
273.58,23172
274,12460
274.03,16723
274.25,26844
274.46,15192
273.86,11193
272.95,15835
273.43,11035
273.16,11809
273.62,14829
272.98,15175
273.24,20867
273.28,62843
271.18,19118
268.07,21791
269.35,24802
269.13,20474
268.22,23431
268.49,14096
268.16,7205
268.96,6000
267.97,7057
268.76,11257
266.82,13464
268.42,10310
269.11,40800
271.65,29635
268.78,23102
267.79,19313
269.03,14095
268.71,8659
268.06,7497
268.59,6548
268.53,7290
267.12,8986
269.33,8447
270.22,5701
269.69,9557
269.41,52698
269.99,22126
272.6,38414
273.46,22397
274.34,16553
275.18,21936
275.86,16848
276.55,13606
276.17,11024
278.14,15536
278.32,12409
277.32,13691
277.77,12517
277.92,37408
276.01,15602
275.96,15080
275.42,2821
275.57,8509
276.46,9605
276.88,3127
277.18,8960
276.45,7080
277.32,3404
276.85,3743
277.14,5176
277.63,6019
277.17,42638
280.64,32241
279.28,14525
280.41,36650
281.05,15696
281.13,8613
282.46,11132
283.44,19129
283.43,4858
283.42,4102
283.03,4202
283.21,6222
283.54,6109
284.16,36068
283.67,32260
284.04,21993
284.46,17057
283.75,16252
283.93,13491
283.31,7964
283.43,11032
283.71,8791
282.39,11687
282.92,8823
282.73,16178
280.66,12142
281.3,40364
282.78,33290
283.64,18806
283.75,16563
283.92,18764
284.38,15129
284.38,12569
285.08,8399
284.88,8799
285.05,7780
285.93,17740
287.96,18540
288.56,38030
288.94,60032
288.18,35614
285.4,26119
286.1,33705
285.61,24219
284.48,41355
285.2,51115
285.38,24480
285.47,19330
285.14,6303
285.03,9684
285.4,6188
285.57,13539
285.8,23886
285.17,20230
284.01,9901
284.15,12247
284.04,6515
283.37,6896
284.52,20370
284.32,6288
284.45,9869
284.05,17915
283.95,5799
284.07,7204
284.38,9072
285.29,43839
286.47,25882
285.71,16028
285.41,42249
285.62,16349
285.45,11707
285.3,15994
283.68,7363
284.68,5444
284.72,13844
285.18,16601
285.05,13988
285.03,18094
285.04,66571
286.8,13704
286.63,26724
286.08,21583
285.92,7538
286.5,5946
287.25,9694
286.97,5464
287.18,5652
287.65,6766
287.76,7146
288.08,4202
287.98,11468
288.61,28917
290.3,14169
287.82,7956
286.96,18698
286.29,6776
287.18,5291
287.31,4157
287.69,2759
287.11,2595
286.98,6495
286.42,8979
286.06,7372
285.68,9667
285.92,30179
284.33,19567
282.12,8854
284.63,9213
284.76,14785
285.38,11964
284.96,6386
285.46,6059
286.22,3971
285.66,6568
286.21,7765
287.13,10117
286.78,14419
286.81,19304
289.12,18299
288.1,7532
287.76,10478
288.27,10593
288.83,12048
288.95,6749
288.42,6390
288.57,4679
288.65,8669
288.93,5926
287.47,4654
287.67,9612
287.69,27682
288.98,9777
288.64,17258
289.04,12837
289.5,11609
289.87,6129
289.88,10759
291.15,13805
291.08,5298
291.13,4527
290.28,6787
290.95,7385
290.3,5529
290.9,16744
285.75,21154
289.02,11344
289.3,15457
287.8,11797
286.9,6584
287.78,6653
287.59,2452
288.41,3604
288.04,4564
287.94,4031
287.76,8662
287.64,26096
287.95,31104
286.08,11640
286.85,28160
287.14,8842
286.18,9031
285.32,6611
285.28,4015
285,5241
285.18,3616
285.21,6481
285.49,3340
286.06,2941
285.35,6242
285.51,12613
284.98,15582
283.16,11087
282.7,4203
282.78,2450
281.92,5790
282.98,3490
281.87,4808
282.48,7101
281.77,5787
280.44,5406
280.14,7867
281.44,6088
280.98,25231
283.43,19119
285.27,17859
284.82,9133
283.76,9889
282.75,6626
283.61,5091
283.9,7652
283.81,4841
283.9,5490
283.65,3756
284.25,6868
283.73,5327
284.61,30433
286.71,32702
290.66,36908
289.77,23635
289.58,26615
287.74,7097
287.74,5452
288.22,7064
287.61,4451
286.66,6854
286.59,6372
287.19,3235
287.28,9309
286.92,22640
290.53,27568
291.74,16403
292.62,11296
291.16,7695
290.26,5796
290.47,4816
290.15,10021
290.4,8824
290.57,3708
290.37,8375
290.6,4246
290.68,5727
291,21382
291.29,10849
292.5,21866
294.85,11379
294.92,6739
294.76,6740
294.67,17321
295.98,19356
296.36,11392
296.23,22383
296.34,15188
297.35,12702
297.04,28159
296.22,61908
294.91,9150
294.58,11659
296.28,13923
296.02,11369
295.52,10694
295.49,9819
295.79,6198
295.18,1803
295.69,5387
294.82,6017
294.66,5147
294.62,3833
294.14,28386
290.02,18670
289.7,27446
288.05,21181
287.06,18027
287.8,8467
288.48,7317
289.46,7134
289.2,4377
289.17,5188
288.17,4852
288.47,7073
288.19,11533
289.51,28975
287.86,9493
290.2,16159
291.68,10064
292.68,8881
293.65,14481
291.78,8807
292.37,11750
291.09,13553
292.54,7337
291.03,16458
290.37,7716
291.55,11637
291.43,39407
294.86,13155
292.05,7070
291.18,6517
290.74,6776
291.65,13701
291.09,11037
293.65,23506
295.79,9638
295.58,8570
296.46,20516
296.21,22037
296.73,22632
295.93,65363
293.37,15174
293.03,13028
293.13,5708
292.61,10557
292.62,8674
292.57,13669
293.15,11217
293.46,10478
293.24,6707
293.56,12835
293.96,6161
293.52,7519
294.37,39295
301.75,32586
302.06,13410
305.26,12930
303.69,15073
303.37,10696
304,8546
303.26,12038
303.83,10945
304.17,17615
303.51,3609
303.21,21704
303.14,13743
303.15,44369
303.46,22959
306.91,20597
306.5,13065
308.92,11455
307.78,6867
307.36,5387
308.4,15608
308.32,14037
307.52,16103
307.52,17675
308.05,18663
307.88,28901
307.75,44244
307.01,29823
308.57,35639
311.33,42463
311.46,49815
313.91,33179
314.82,29248
312.2,23506
311.49,14374
312.17,24173
312.51,9105
312.3,70662
316.32,44824
318.01,61790
322.34,87221
332.06,80340
334.91,142220
338.43,51236
337.21,29463
334.59,26343
334.54,35789
333.66,20192
335.73,46902
335.57,36003
336.74,17003
335.68,23450
336.41,56829
335.87,88818
339.82,37230
341.56,36523
343.68,21017
341.74,17610
341.77,23929
341.52,18606
339.32,16385
338.71,21629
339.96,19155
339.23,12366
338.88,14830
337.45,60128
339.76,21501
340.25,24503
343.06,27664
341.3,15510
341.91,21198
340.66,17166
342.79,18275
342.99,19860
340.94,7436
340.27,28901
338.66,52563
337.57,30333
338.76,60383
338.49,72123
329.67,43659
329.45,39684
330.63,20240
330.85,19846
330.86,20196
330.77,16041
329.96,14750
329.97,9481
329.56,15680
329.76,23910
330.6,39890
330.22,68531
322.89,47589
322.93,29361
322.47,42030
322.8,21715
323.16,18864
323.32,11674
323.1,12334
322.83,14090
323.18,9002
322.85,13710
322.27,21159
321.39,25658
321.72,44172
323.05,24338
320.11,30085
319.9,20395
320.58,17372
319.22,12148
318.72,12695
318.38,15555
318.84,8442
318.31,13002
317.99,11303
317.56,19000
318.28,24330
318.27,71653
315.35,28098
317.88,15749
316.92,25387
316.98,12454
318.23,17103
319.65,14704
319.27,8761
319.11,17406
320.12,17310
321.17,15132
320.39,17356
319.71,17106
320.48,42814
321.3,25883
319.21,10840
320.68,17827
320.96,11173
319.55,10008
321.16,8079
320.45,8932
320.6,7792
320.01,9191
319.69,15921
319.61,4410
320.32,6973
321.32,20665
328.21,34910
329.17,51726
331.94,23274
335.64,23886
337.75,30809
337.15,29612
338.45,25402
337.73,14605
339.37,15615
338.43,12030
337.15,11421
337.18,21531
334.86,59371
335.34,31823
334.78,41704
333.59,16712
333.98,16826
334.59,17181
335.29,12041
337.54,7121
337.65,5995
336.75,17580
337.91,16594
336.98,16174
337.28,17511
338.14,54760
341.02,39821
340.66,7615
339.75,14678
337.84,11490
337.91,15964
336.85,9877
335.55,6084
336.72,6060
337.71,4791
338.4,7009
338.05,7512
338.47,5620
337.28,26198
337.69,21084
337.73,16222
337.09,9830
336.88,22751
337.2,15127
338.72,17452
338.36,11706
339.08,10123
338.73,27259
338.43,15083
338.78,8370
338.74,9062
339.24,31250
332.12,43795
329.7,72952
328.1,78841
327.66,28369
327.13,14076
327.04,13050
327.06,25176
327.77,15923
327.75,17852
327.95,11026
327.82,16335
327.56,26039
327.1,40870
326.15,21886
327.78,19912
326.6,21758
327.7,11286
328.04,16815
327.35,23314
327.53,51141
327.53,0
329.2,29126
328.3,43102
328.45,25559
328.36,18869
328.19,13022
328.39,14171
328.61,9830
328.2,10654
328.05,16622
328.26,17952
328.2,22840
328.17,12970
328.01,37219
324.11,46194
326.33,53585
325.98,28458
326.57,17546
325.72,16158
325.46,19683
325.06,33727
326.18,20163
326.09,42080
327.16,28218
326.91,24554
327.55,40824
328.06,84268
363.3,308056
356.79,97340
357.12,53782
357.25,29416
358.05,35055
354.66,25159
356.02,48918
354.96,26169
357.36,61946
356.77,18268
357.58,40421
358.75,26713
361.14,96655
357.59,92938
356.55,31169
359.17,27460
357.2,15630
357.03,20967
358.57,33812
356.4,37404
356.74,16505
355.43,29547
356.95,20971
356.09,27671
357.04,20636
357.64,64058
361.12,14783
360.36,11462
360.64,15103
361.44,17273
362.15,12092
360.94,11223
358.76,16176
359.38,9260
360.24,6515
359.4,10253
357.55,3932
358.75,6158
359.91,23152
357.78,20901
353.94,28429
352.41,29941
349.29,25144
349.83,11253
350.46,7365
349.95,10361
349.57,5074
349.96,9848
349.69,8951
349.67,16737
348.99,14855
347.66,46090
347.21,22195
350.78,21598
349.76,17535
350.5,11619
348.84,9936
349.04,5523
349.42,4801
347.03,3456
346.68,3305
345.73,3646
346.62,7867
345.61,8302
344.85,24127
348.6,26950
353.04,22359
355.73,20457
354.67,12011
353.51,15163
354.24,9032
354.53,14794
355.45,14822
356.17,16822
356.08,9025
355,27189
352.67,26575
352.58,49199
351.29,49911
353.35,39408
352.18,28365
353.54,31163
355.72,27160
355.01,16116
355.27,7841
355.32,16172
355.55,16673
355.07,19055
354.53,6299
354.18,15008
354.06,47208
360.32,37654
355.93,17736
356.77,22318
352.73,10930
351.99,26118
351.71,14461
349.84,30103
349.43,16554
350.5,5801
350.19,13562
349.51,17673
350.02,19183
349.73,30697
347.95,28112
353.56,14966
351.24,17174
351.09,14033
351.39,11969
349.95,8152
350.33,8574
350.1,7860
350.5,11251
351.66,13249
351.69,7054
352.71,7231
352.19,54903
353.35,37762
348.75,26541
349.29,24492
349.62,23488
349.69,11625
348.5,11314
347.9,8544
346.83,5780
347.32,8271
347.77,11696
345.74,28535
347.92,18487
346.65,46667
351.02,27077
346.97,66193
347.89,14915
347.97,22190
347.93,10675
349.22,21147
350.43,13486
349.89,6885
349.07,8007
348.26,21526
343.45,23959
341.3,32950
337.97,95399
338.63,49609
335.48,27237
335.24,11214
336.17,14446
337.18,20768
336.79,4735
334.91,13939
335.65,5992
335.99,8259
336.06,6870
335.1,11698
334.92,14094
334.51,52573
330.64,20123
333.63,16577
338.16,25911
340.76,30937
341.69,24226
342.14,13833
342.98,12914
340.75,33062
339.65,15244
339.9,16115
341.6,11205
340.98,125827
341,89174
339.16,18872
335.23,17897
340.92,5537
339.69,7891
339.18,12457
339.96,4006
340.07,22219
340.72,2324
340.59,16601
340.59,0
340.59,0
341.13,4257
339.22,6873
339.94,2218
339.57,3470
340.61,3322
341.05,852
340.67,4902
338.81,5748
339.8,5914
339.88,4249
339.08,3013
339.94,4743
340.42,27785
337.28,13168
336.51,24514
334.15,9079
335.11,4686
335.3,4626
333.6,3601
333.24,4294
333.43,4792
333.71,3729
334.72,3995
334.79,2563
336.14,3185
334.7,27625
330.14,9205
328.91,7747
329.21,2475
331.03,3602
331.67,4889
333.01,4909
334.15,4070
334.34,1979
334.03,3929
334.85,4798
334.58,4735
334.54,6257
333.48,20817
333.47,15367
333.33,6933
332.58,11080
331.79,4230
331.85,1239
332.34,1522
330.72,4059
331.57,1523
330.64,2869
330.59,3486
329.94,3614
330.77,3609
331.67,17832
334.82,31984
331.78,7694
330.61,9319
329.47,6196
329.59,3044
329.61,8687
327.21,11807
326.44,7641
326.01,7837
326.17,4574
326.97,6641
326.4,10526
327.49,29459
329.46,20086
329.14,29020
328.48,11372
327.81,19823
328.41,13489
328.93,6936
328.53,7493
328.43,8402
328.57,5936
328.77,10352
329.06,11375
330.08,8902
329.83,33581
331.45,26074
332.81,13856
332.14,9910
331.59,7811
331.03,7241
331.1,15838
328.44,17714
327.76,9917
327.08,13936
325.8,8654
325.53,5959
324.7,6713
325.63,25081
328.05,34750
327.76,13543
325.73,21053
324.78,16139
324.2,9431
323.05,6577
323.27,10272
323.75,6020
323.57,4617
323.65,7713
323.26,10136
322.39,10383
321.12,39455
324.69,25584
321.84,15800
321.01,8443
322.7,13639
322.49,9588
322.64,10455
320.56,19396
321.95,4424
323.33,5163
322.48,6134
324.51,4516
323.56,13791
323.44,30318
319.87,74902
316.46,64172
316.62,23024
314.54,20047
315.47,18103
314.96,14460
315.74,14978
316.93,14850
317.92,11266
318.14,10281
317.38,3691
317.13,8190
315.68,42994
312.18,16514
316.96,24862
313.9,11909
315.13,8081
315.13,6224
314.46,6437
315.37,3497
315.58,1767
315.67,11384
315.31,7744
315.46,2454
315.01,11548
315.4,58265
322.09,41165
322.16,26053
325.54,30522
323.7,10545
322.01,6680
319.93,4862
320.63,4440
320.69,5101
321.16,5441
322.06,10978
321.79,7720
320.2,28535
319.95,37409
327.04,41737
319.9,35372
322.09,30593
321.25,10238
321.54,14624
321.56,4573
320.79,4196
320.04,10347
320.86,12008
320.77,20704
321.04,16715
320.03,21526
319.21,124530
319.33,15375
317.76,13384
318.89,16363
322.47,23144
324.03,8206
322.58,22057
321.78,14076
321,10273
320.06,7632
319.35,13532
320.04,16832
319.29,31706
319.28,55108
326.54,53854
321.21,17582
321.55,22029
323.17,22800
323.94,10689
323.55,6571
324.78,15500
324.28,11636
324.34,12695
324.1,17439
324.22,12227
323.14,10603
322.7,57251
326.56,41758
321.15,23689
322.68,44189
323.5,19784
324.06,13825
323.83,10853
323.59,18129
325.02,11890
324.24,14701
323.83,11033
324.46,13624
324.85,12337
324.67,48602
329.03,23460
326.69,21809
328.51,13719
326.34,36000
328.81,21396
330.11,26006
330.3,8967
329.62,7810
328.8,7756
328.55,14593
328.79,20043
329.05,31248
329.58,52588
328.89,23807
328.46,13352
329.81,11456
329.86,2656
329.8,5617
329.52,3568
329.2,6484
329.94,9788
330.35,5280
331.3,7314
331.51,7713
331.72,7649
331.78,53964
332.78,18225
333.63,14151
332.17,6490
332.36,5641
332.69,5714
332.55,6629
332.71,11384
332.28,4170
332.17,7589
329.94,12532
330.03,4917
329.46,6106
329.76,18514
329.49,81812
333.26,34235
340.85,50722
343.26,43578
340.94,42955
344.77,64603
347.48,45023
346.69,31977
348.27,90665
345.23,38481
347.63,85336
345.22,62921
343.05,116195
352.3,87958
357.1,95310
360.69,45409
363.4,69831
360.77,39179
360.82,31156
358.68,31923
358.85,29613
361.77,20692
359.03,17812
360.06,16045
360.73,22295
358.77,57863
355.53,41613
350.56,50571
349.81,15611
350.73,13806
350.92,13963
349.84,13600
351.55,5852
349.69,8645
350.1,6040
349.73,15296
349.57,25750
351.24,25232
353.16,36645
338.42,81021
342.36,37155
342.43,26382
339.45,17956
341.16,9507
342.87,8831
341.52,7362
341.41,6282
341.57,15635
342.11,13713
341.72,11450
342.02,29964
341.4,91656
345.51,31239
342.45,12235
344.45,7415
343.81,7685
344.58,13330
345.57,8388
344.39,6100
343.4,5493
341.14,18915
340.38,26088
339.45,17487
338.77,12928
337.58,58503
332.49,46715
330.94,26334
334.15,12764
334.98,10161
334.95,13042
333.71,8130
335.06,22212
334.29,7070
335.49,13117
336.62,6833
337.49,9108
337.77,9895
337.76,36698
343.49,32633
338.67,28753
336.76,7271
337.94,6566
338.91,5809
337.45,7089
336.96,11478
337.81,5199
338.27,11511
338.43,7542
338.95,11673
338.51,6468
339.05,21965
342.4,16698
337.35,21595
337.84,15586
338.55,8369
339.06,15676
340.29,6264
340.05,5986
340.96,6914
340.8,16443
342.3,15062
342.99,15566
343.71,13216
343.56,41631
333.34,169746
331.99,61864
331.42,32149
329.22,19341
328.36,31895
330.11,23475
331.61,21217
330.02,22078
329.89,12905
329.02,19849
329.33,32902
327.95,36800
328.97,70463
328.14,40682
327.73,31486
328.36,29083
328.68,13121
327.66,14718
325.53,35423
324.01,36787
322.94,29519
323.57,31102
321.95,12188
321.56,17608
321.32,21663
321.98,41930
325.63,44297
327.11,28103
326.78,26836
327.21,18121
326.79,19613
325.99,14092
326.25,16223
326.45,15897
326.8,16911
326.67,14643
325.68,21439
325.26,18689
324.51,51730
321.14,38032
320.42,30294
320.17,31947
320.39,25751
320.35,18884
318.87,27360
319.61,20887
319.43,29433
319.49,23962
320.14,8609
321.84,9748
323.08,9039
321.85,51764
316.45,31625
317.73,22212
316.81,30083
319.63,9408
319.94,7480
321.56,5144
321.28,7972
322.5,8133
323.08,6705
323.22,8216
323.04,9227
323.86,12718
322.85,28105
323.63,19367
321.76,16925
323.38,9109
322.45,18299
321.87,14517
321.69,9305
322.58,11602
323.63,3774
324.25,5293
324.22,7099
325.88,5225
325.67,6871
325.84,23855
325.11,29045
321.6,18817
320.87,8430
321.76,11076
321.6,9125
322.48,12597
322.46,8695
323.54,12155
323.06,12957
323.4,6618
323.66,12930
323.7,8773
323.34,52188
325.43,34828
322.2,23336
320.35,7083
323.18,7656
323.86,10376
324.3,7518
324.68,5066
324.49,6601
324.75,6001
324.48,11371
323.64,10201
325.14,9993
325.11,33155
325.07,17955
322.86,21050
322.42,14354
321,6545
321.66,5014
321.75,7205
322.29,8202
321.58,10628
321.54,10481
320.77,8803
321.59,7877
321.52,10555
320.43,40291
318.6,42544
316.34,18250
318.17,24238
317.53,13554
316.96,17464
316.16,7210
316.86,7009
316.45,11796
316,17636
316.29,25670
316.78,30987
316.63,19876
316.73,72249
315.66,21455
311.22,19263
310.05,21938
310.98,13250
310.74,10980
310.37,18650
309.02,22114
307.89,28149
307.39,12446
306.52,13427
304.93,20632
304.56,19065
305.74,47982
309.67,27414
304.11,23558
303.4,22844
303.08,11722
306.34,9763
305.56,10777
306.98,9468
307.23,6268
307.62,7612
307.31,8658
306.56,10429
306.83,7607
307.13,42800
303.99,42476
302.56,37781
299.58,27686
299.79,28173
298.71,34978
301.56,8606
301.61,23776
303.81,22022
303.43,9279
303.5,10451
302.38,8485
303.29,17169
304.33,51553
310.24,84905
308.76,24372
308.26,39233
308.47,24876
308.15,24070
306.52,14032
306.32,16526
305.29,26626
304.52,18918
303.87,27356
305.29,36276
305,30789
305.39,95667
293.4,114621
292.31,95914
295.96,52651
297.46,96847
300.23,120786
298.95,57238
300.54,68085
300.37,39336
301.29,98406
299.94,27300
297.39,50484
295.51,78714
295.24,84312
291.96,99802
295.47,102559
298.5,30756
297.55,21249
295.39,21608
296.05,17401
294.47,20560
292.08,26592
292.29,28952
290.71,36225
290.55,26825
293.1,22804
293.44,77538
297.68,26759
294.46,23000
297.92,14082
295.8,14899
295.57,15153
295.82,11948
296.53,9495
295.51,11111
293.77,27784
294.22,11697
293.65,18132
292.27,23770
289.55,41241
287.37,33394
283.67,48839
281.61,149798
282.29,25728
280.43,31801
281.18,17195
282.82,19050
281.27,11147
281.94,20248
285.11,12446
286.25,20359
287.1,30115
288.01,95048
284.94,39906
284.6,48193
285.09,21749
285.7,23615
283.82,28420
284.61,16343
285.51,20263
286.2,18296
285.13,18278
285.88,19653
287.67,14266
288.11,18107
289.04,47518
284.16,32017
286.12,43373
292.01,71454
294.05,26829
292.49,13988
290.23,11956
289.3,14453
288.72,26035
286.72,18805
286.19,21324
283.92,25002
283.63,19333
283.33,67371
281.06,57206
283.94,26966
280.89,35958
279.59,34377
275.95,37536
273.82,37318
274.29,23623
275.93,20607
277.14,19633
278.84,19473
279.59,20727
278.83,16727
279.69,45916
270.92,53656
274.81,28927
272.49,30307
273.75,63681
276.38,33060
276.52,22891
275.92,10459
274.02,11306
272.92,10558
274.09,15793
276.1,17220
277.39,19889
275.61,55125
279.22,29594
278.09,20874
279.39,21056
277.24,16590
278.74,23207
280.48,13800
280.1,16780
280.08,11006
281.82,11803
280,11621
282.08,25819
282.55,12705
282.28,50591
280.02,21996
271.42,38615
272.33,22450
270.87,22811
270.1,33993
268.43,93883
270.45,24997
269.41,23635
268.86,23325
267.88,21163
269.02,22990
270.99,23649
269.33,36183
272.46,22861
272.25,18639
271.01,22461
274.19,19119
275.7,25381
275.82,18680
275.48,7912
276.7,8186
276.11,15335
275.18,17053
275.28,15610
276.08,12617
275.89,59079
275.01,25969
276.33,24791
275.56,14815
275.68,14862
276.13,6796
276.58,9339
276.65,5516
276.78,5691
278.03,11640
278.71,11975
279.24,11115
279.6,9611
279.73,40622
276.54,32616
275.74,16201
277.27,15245
274.18,11535
274.65,11236
274.15,9043
275.06,8151
274.84,11606
275.02,8105
275.36,9534
275.58,12694
276.03,12864
276,41136
276.36,24371
277.23,22020
276.42,13460
276.39,25077
276.21,16803
277,12276
277.24,7021
276.76,7133
275.42,14502
275.18,17058
276.24,20557
278.9,15102
277.06,70670
275.44,27042
275.85,13027
278.37,13328
279.07,9944
279.63,7814
278.21,14601
276.84,5885
276.71,4683
276.36,5620
276.33,4324
275.21,8792
276.01,11642
276.32,30856
273.96,15212
275.01,10601
274.74,8124
276.2,5050
275.62,9765
274.45,7541
277.31,12030
278.31,3847
276.77,8861
277.61,12447
277.54,9104
277.95,5867
278.07,44121
281.21,41194
282.51,23962
282.45,18698
281.91,15241
282.81,8208
282.68,11314
281.62,9700
281.45,13184
282.19,13794
281.35,5128
281.75,12809
283.03,9457
282.93,26139
284.64,21061
286.42,15429
286.64,14513
286.21,7563
286,3260
285.13,12233
284.96,2707
285.16,2172
284.69,5555
284.66,4528
285.63,6757
285.73,3864
285.67,25696
286.02,27859
281.23,22895
280.65,10751
280.18,12500
280.47,8784
279.45,8694
279.35,8038
278.69,8142
278.03,19738
277.53,11130
278.26,10145
277.45,11159
278.37,44474
277.98,9513
275.88,8780
276.5,6870
276.68,8080
276.66,16143
275.66,10038
275.82,8199
275.02,7814
275.69,8223
275.65,5806
276.39,7353
276.18,6869
276.96,23737
274.64,27589
272.34,13547
270.2,10700
269.12,12331
269.43,13700
268.78,9562
268.2,7527
267.81,12243
267.41,8696
267.73,6494
267.45,12213
267.53,9754
267.23,20049
262.19,22560
261.6,23172
260.3,16636
260.21,13905
261.45,11822
262.79,13908
263.82,9205
262.51,9969
262.87,7871
263,7254
264.84,20438
264.61,16532
264.18,54509
265.65,15161
265.23,13925
264.33,12135
266.15,9769
266.87,6862
267.57,5134
267.02,5661
267.31,3383
266.86,3575
266.13,5432
265.58,7420
266.31,13544
266.72,30233
263.71,24235
266.23,20168
267.76,25575
268.62,16626
268.82,17651
268.72,17774
269,9350
270.16,5655
269.99,3810
269.45,4616
267.82,8956
267.77,8418
268.84,30965
259.11,34477
255.21,25370
254.94,14985
252.71,10548
255.09,11104
255.45,14731
256.59,5254
256.34,13199
257.09,13013
256.04,22750
255.61,8607
255.7,17561
254.17,54352
245.48,55560
244.79,90368
240.74,27570
241.05,35853
244.17,18587
242.05,13225
241.41,13362
241.11,6672
242.29,18150
244.3,8408
240.97,21992
240.66,21322
241.21,59516
228.27,72720
237.17,101975
238.58,32281
242.16,30699
237.22,13168
238.73,21058
239.89,13237
237.06,13693
240.98,24491
243.46,22614
241.11,29855
240.48,28563
239.64,48324
251.67,104736
252.74,49137
253.35,21158
249.59,41157
249.12,18871
250.2,20969
248.13,16981
245.64,16563
243.49,21061
245.95,12089
244.22,21304
243.99,17591
241.86,49184
239.68,38520
240.67,32857
242.02,26711
239.58,21717
242.09,22225
240.39,9445
242.24,24311
242.75,77971
253.28,61978
260.83,46635
264.75,41788
258.4,36849
262.57,96109
257.63,25982
254.45,24617
254.37,15418
254.8,17273
253.16,11471
251.46,23878
247.55,33521
250.75,18586
250.22,13343
252.39,28583
253.27,17467
252.19,28266
250.42,65062
252.61,19453
249.8,27274
246.23,26760
248.34,15616
248.27,10770
250.51,13428
249.97,11391
251.83,16029
251.36,13733
253.37,15708
252.89,18089
251.94,16733
252.71,47765
257.53,36022
253.96,11755
255.94,6457
255.68,6467
253.41,2806
252.26,9709
252.56,2963
251.72,7269
252.7,5608
253.34,3195
254.09,3160
254.21,6310
253.7,44490
252.12,15675
253.36,19474
252.5,17780
254.2,13368
253.68,4494
254.19,14868
254.27,3698
253.54,4540
253.11,6995
253.46,6771
253.36,8848
253.26,13177
252.99,34925
250.21,15455
250.2,19522
251.71,19627
253.06,11121
254.03,5798
252.81,3676
252.76,6048
251.75,9479
251.4,21007
247.83,25718
248.52,16966
247.05,25695
245.24,68465
247.31,10900
248.45,14677
245.81,17926
245.91,16632
246.41,15900
245.89,18898
248.11,7127
247.55,5695
246.79,7283
247.23,6896
247.43,9156
246.64,8194
245.47,41202
238.92,37250
236.16,35081
233.89,67999
233.17,53559
233.04,25094
231.82,18382
232.71,31741
233.03,27362
233.17,12682
232.56,19782
231.77,16939
231.08,12912
231.95,86057
236.81,30119
235.57,13968
237.28,19132
238.11,83996
238.29,30824
239.88,28459
242.09,11360
241.72,12099
239.48,27078
239.21,20263
241.15,10410
241.61,22314
239.96,66269
251.13,52280
252.28,44508
252.33,27599
252.63,19614
250.94,16484
249.45,9931
248.75,7417
249.8,9424
250.51,6153
250.46,11829
250.21,5026
249.4,5774
248.52,25344
256.49,31168
259.39,28068
259.82,23588
258.89,15765
259.48,12357
260.32,14936
261.59,12671
261.48,10712
261.92,8845
262.09,7856
262.23,19563
262.55,21431
261.86,56590
262.89,25647
263.99,22760
263.38,17479
264.52,13752
265.33,20194
265.77,16462
265.82,9328
266.08,13274
266.95,8766
264.77,7456
265.59,6137
265.84,7546
265.59,40064
265.99,20450
265.39,9845
265.67,11973
264.73,10552
263.08,23885
262.71,10036
261.68,12356
262.05,11099
261.55,6344
263.15,7468
263.15,8978
263.23,4655
263.79,27766
264.22,21395
263.74,12613
263.8,14609
265.82,3161
264.91,3339
265.04,2846
264.68,4183
264.17,2254
264.9,14365
265.77,12727
265.57,3912
265.68,6215
266.15,14569
262.28,17989
261.72,6418
263.38,6136
263.09,6584
264.15,6872
264.24,3732
263.39,9457
264.27,3548
264.72,4611
263.99,9307
264.51,5033
263.94,12781
263.76,55095
271.76,20916
270.25,9072
270.14,13948
271.61,11748
271.59,5458
270.72,8560
270.35,5567
269.48,8358
269.83,6292
269.21,7656
269.86,5444
269.47,7513
269.27,37134
271.45,26382
271.9,14456
272.94,17572
272.31,22169
271.68,23599
273.35,11618
273.92,6299
274.04,8930
273.26,12121
273.57,12799
273.49,10302
272.95,14541
272.82,51031
271.93,12652
273.43,9174
272.86,13488
273.12,13264
272.82,7998
272.89,11690
272.79,6004
272.82,13754
272.48,10746
272.57,8462
272.36,9945
272.01,14405
271.8,37801
267.11,17093
267.86,9782
270.69,14172
271.68,6723
272.06,4199
271.13,5481
271.36,7845
270.7,8235
270.93,6411
270.39,4687
271.13,2091
271.19,4010
271.19,40506
271.82,14263
273.28,5985
273.71,8010
272.19,18340
273.98,13290
274.59,25301
274.67,8371
275.96,8615
276.02,19320
275.09,24641
274.03,16163
275.5,10662
274.01,57220
278.24,14614
278.05,15094
278.29,12565
277.14,11336
278.82,12534
279.95,9768
280.04,4294
280.38,5903
280.74,4818
279.98,5746
280.15,7808
280.06,14447
279.79,37053
279.91,19391
278.63,14083
276.03,23820
275.44,7597
274.8,5567
275.34,10052
273.96,5264
273.77,3930
273.49,4897
273.03,10520
272.56,7316
272.64,4826
272.89,24787
282.91,39222
283.4,33297
282.76,38622
283.52,13556
283.57,11432
283.97,10609
283.59,9148
284.89,10618
285.53,7412
285.54,9122
286.06,7723
285.64,13696
285.35,41630
288.74,22659
289.5,27649
289.24,19640
289.71,22827
290.06,15245
289.73,9772
289.97,17063
289.81,9268
289.11,5652
288.13,12066
287.32,26710
287.2,20816
287.76,54569
291.42,44759
289.83,30710
293.51,48682
292.16,16411
291.73,13302
290.54,10092
290.18,8346
289.26,6577
288.46,17187
288.8,25548
288.4,14270
288.63,30775
287.73,55098
287.33,15073
289.01,42162
287.55,25054
287.08,15745
288.79,15185
288.4,27354
288,13525
288.15,4611
288.67,12585
287.93,12941
288.16,21648
288.13,13628
287.77,32278
288.86,3942
288.54,6331
288.55,12655
288.75,4575
289.34,7274
288.62,5715
289.01,3924
289.09,4960
289.38,5734
289,4803
289.33,3849
289.79,11002
289.32,23122
285.97,38576
286.83,23544
286.39,16571
286.48,21078
286.67,14849
286.79,32829
286.66,32478
286.17,40708
286.84,13130
286.93,19737
286.21,21622
286.31,24957
286.21,78054
286.11,24594
283.82,13203
283.2,17853
284.11,9255
284.91,9834
284.25,11985
283.88,6761
284.38,5986
284.85,6603
285.37,9755
284.28,7290
284.45,15139
284.81,40913
282.5,14249
283.72,37410
283.67,15186
284.09,16877
284.45,11039
284.48,3257
284.62,9411
284.88,14041
280.9,17568
282.47,27360
281.97,46020
281.38,26243
279.4,41834
280.36,18825
281.74,14005
282.07,16387
282.28,13669
282.55,7990
282.81,8504
282.35,7720
282.31,8949
283.23,7584
283.8,10964
283.87,10828
283.47,9911
283.57,42744
276.27,20641
276.67,21672
277.65,18257
277.13,13052
277.52,10238
277.25,7782
277.39,6202
277.66,12489
277.89,5582
278.43,6163
277.77,6787
277.78,93039
272.35,103301
271.29,75624
272.59,26959
273.58,33459
273.48,25812
273.37,17739
273.91,11816
274.52,19701
275.36,21914
275.86,12140
276.14,9444
275.58,11935
275.58,28141
275.28,61768
275.31,39017
274.88,19092
272.98,43958
272.74,31867
272.96,14952
273.63,12299
274.21,11823
273.4,17769
273.22,23947
272.54,34354
272.96,28205
272.98,46167
272.89,76075
261.53,136630
256.99,70278
255.28,35609
257.01,44461
257.47,27359
256.29,36798
258.59,24395
259.07,28640
259.19,24088
259.18,38636
261.02,66991
264.22,42462
263.2,91286
266.54,49128
263.05,39273
262.27,37929
261.05,18914
262.22,23445
261.66,16636
260.28,16571
259.97,16428
260.05,11840
258.93,16893
261.67,16593
261.92,25873
262.78,77246
261.37,30049
257.89,33744
259.21,17470
260.03,35029
260.39,18012
259.81,15144
259.14,26654
259.6,21524
259.73,13464
259.31,25641
259.96,29488
260.36,40618
259.55,83652
260.89,60758
260.18,58441
260.21,25986
261.96,25945
261.89,19006
261.34,12060
261.61,34011
261.57,13753
261.28,17684
261.05,13559
261.24,13016
261.55,22461
261.47,66634
262.22,41189
261.14,24123
261.05,16807
261.82,19351
261.93,6213
261.09,8597
259.71,8143
260.69,15471
261.18,10934
261.32,11410
261.39,13062
261.57,17114
261.38,48119
261.83,20329
262.78,19452
263.89,25001
265.29,12757
265.54,14980
266.07,7560
265.54,17605
263.76,20904
265.37,36735
266.03,28837
266.04,24436
265.99,30006
264.31,68227
267.72,16726
267.77,27737
269.41,25678
269.83,20519
270.18,10768
270.56,14618
270.8,13318
270.31,16945
270.62,22449
270.92,18902
270.77,18335
271.13,26887
271.64,90456
271.05,30497
269.47,12695
269.61,16819
270.31,11252
270.63,7488
270.92,11931
270.7,5587
271.51,8679
271.55,4092
272.03,4153
271.38,7959
271.37,12206
271.26,31621
270.01,15553
269.11,14199
269.84,8602
271.07,12451
270.49,13601
269.18,22147
268.33,20655
268.66,10845
268.31,13542
267.15,19280
266.68,23322
266.79,44705
265.65,59664
266.33,13501
266.8,11228
266.3,11893
266.78,9972
266.6,8151
266.84,11204
266.41,6803
266.34,7518
266.3,12189
264.72,9998
264.12,8160
264.17,12769
264.18,29799
263.06,34986
263.58,39763
265.52,55167
266.11,45687
266.03,19248
264.91,22446
265.07,20029
264.84,9643
264.78,12530
265.16,14203
265.03,22070
265.09,16713
264.82,42929
261.4,16531
261.13,17822
259.22,24799
260.03,8270
260.58,8498
260.61,3743
260.1,7000
259.91,12009
259.19,10012
258.6,12460
257.4,19599
257.05,34938
256.42,68171
258.48,40888
260.86,19650
260.75,23031
261.35,13193
260.87,10643
260.54,8826
260.32,4780
260.63,5092
261.45,9771
261.17,16123
261.29,10326
261.06,10585
261.29,29449
261.77,31351
264.7,54027
266.87,21608
264.49,11776
264.98,24469
262.76,46518
262.2,37026
261.43,13122
262.02,12554
260.89,7027
260.81,7197
260.46,12934
260.64,55764
262.96,22025
259.84,31914
259.35,13007
260.75,4795
259.51,4368
258.88,5522
258.11,7111
258,18014
256.48,8931
257.36,14230
258.49,12909
257,15533
256.66,58185
259.31,29121
258.85,20055
259.15,19234
259.05,12305
260.47,23376
259.9,9405
259.05,6030
258.84,6755
258.19,9067
258.22,9938
259.06,11520
258.16,10899
258.76,59949
258.53,16734
260.45,37843
262.78,21279
261.43,7899
261.44,12726
261.02,11011
259.72,18869
258.94,22546
260.94,18236
261.34,9906
260.74,7261
260.86,11809
261.33,48783
264.77,31084
267.02,23428
268.11,21573
268.78,14002
269.22,19326
271.33,16453
271.37,14800
271.49,20040
270.56,7661
270.57,8384
270.81,8806
271.02,12899
270.2,48180
270.79,25546
269.33,11926
268.33,13442
267.72,11389
267.2,5068
268.26,3835
268.02,10893
267.15,6644
266.53,7875
265.76,3917
265.55,2099
266.22,9813
266.32,43537
266.98,19086
264.42,20113
265.58,17324
267.37,21397
266.44,12980
267.43,8712
267.57,8288
267.81,6024
267.96,9980
268.25,12977
269.2,12214
268.55,18360
268.64,59596
270.12,18347
271.04,31365
270.55,35573
270.46,15661
270.52,14984
271.23,17303
271.59,10977
271.67,13909
271.2,8263
270.14,11242
268.81,10256
268.07,17907
268.79,88582
272.97,39893
273.81,27414
272.78,40897
271.76,18502
271.54,9561
270.78,11974
270.39,14775
270.72,27330
270.64,12960
270.58,34391
269.24,14077
270.14,14090
270.23,46743
270.06,67860
270.58,41414
271.12,19817
270.64,23491
271.76,15421
270.63,9905
271.12,12200
270.96,6545
271.83,7230
272.15,6067
271.31,6696
270.98,8527
271.22,35982
270,40375
265.45,16366
265.28,8163
265.59,6561
265.39,11602
265.84,7101
265.99,6651
266.22,7218
265.6,10404
265.35,14694
265.8,13029
266.41,16608
267.22,39935
268.3,27899
271.27,21150
271.7,17048
271.88,17593
272.75,17252
271.83,30263
271.58,87097
271.58,0
271.58,0
269.93,37176
271.86,19979
271.24,14182
270.65,12100
269.97,5635
269.63,10154
269.01,4503
268.24,5600
267.79,9994
267.53,12948
266.89,13613
268.05,10099
267.39,36587
269.11,19729
269.58,24092
272.69,24185
273.76,23548
272.71,14517
273.39,6824
273.59,6493
272.49,8593
271.73,4749
272.15,5718
272.26,8983
272.09,11865
271.75,23083
272.75,14700
272.24,12404
270.65,9196
269.41,16937
269.3,10592
268.76,9452
268.56,39380
268.38,32316
268.43,10130
268.64,18904
269.24,8391
269.61,5430
269.49,25065
269.23,30333
263.53,11403
264.4,8950
265.14,12227
265.63,6591
265.57,16752
265.5,10104
265.32,1803
265.2,5668
264.83,11851
264.84,6879
264.26,17796
263.05,50356
260.84,17720
260.32,18147
259.25,9816
258.32,10093
257.9,18380
258.22,6989
257.84,16123
258.22,7096
258.33,5987
258.09,12418
257.55,13468
257.13,52994
256.57,58824
257.28,39332
259.18,22261
258.23,28239
259.56,20721
258.68,20218
258.77,17227
258.91,14889
259.31,16166
259.34,10231
259.71,10506
259.06,15476
259.01,17154
258.35,48007
259.48,16064
258.93,9589
257.64,3987
256.89,3863
257.69,2488
256.5,6932
257.42,4560
257.54,3626
257.58,7703
257.54,8712
256.83,13276
256.48,13655
256.7,45115
257.24,20953
255.37,11318
255.24,12916
255.5,9367
254.63,15084
254.93,7836
254.51,3995
254.93,7191
254.87,6472
255.06,16521
255.58,5306
256.09,10922
256.17,23566
256.55,11152
255.87,17445
255.43,8316
256.44,19213
257.66,5300
257.85,9372
257.57,6291
257.57,17262
257.87,12136
257.63,6399
257.08,10592
257.61,12835
258.11,29960
258.62,7362
258.69,15958
258.13,16965
258.13,3713
258.25,8906
258.92,5927
257.97,4565
258.17,4839
259.14,9086
258.78,7688
259.89,11571
260.03,15741
260.53,28087
262.01,13732
262.24,14855
261.08,14749
261,8581
261.36,12255
261.39,8799
261.05,15305
261.29,11610
262.44,12225
262.01,8067
262.16,13354
261.41,10131
261.2,28578
261.46,49378
261.44,9215
262.05,13585
262.23,6328
261.97,2589
261.81,7571
260.67,16452
261.58,15469
261.86,8715
262.2,5583
261.49,9118
261.69,14393
261.51,34960
262.61,14490
262.59,11044
265.21,11377
265.58,6207
265.55,9235
266.18,12001
265.53,6629
266.38,4437
266.58,5404
266.65,6392
266.23,8605
266.12,8153
265.6,42957
266.34,16391
265.99,8958
264.89,10724
265.42,10724
264.81,8117
264.8,10324
264.81,10872
264.29,14903
264.93,11208
264.89,6750
264.72,10978
264.81,17614
264.67,74204
266.51,8861
266.06,11655
267.27,15489
268.62,19209
268.11,10769
268.16,9883
268.42,4190
268.26,3995
267.96,3136
268.02,3514
267.97,5341
268.21,4613
268.28,35742
268.09,11653
267.17,5956
266.93,10443
267.07,11149
267.3,3542
267.47,2231
267.91,4411
268.46,10090
267.84,3653
267.68,6631
267.88,3049
267.82,5301
267.87,20798
270.01,23625
270.9,21675
268.15,16281
268,5223
266.94,5785
267.11,6376
266.51,4855
267.11,2768
267.46,18197
266.93,11034
267.2,13495
267.24,10487
266.46,20845
265.1,25325
265.63,29663
264.5,5397
265.71,4199
265.91,3422
265.92,2550
265.58,2678
265.5,6985
265.72,7566
264.82,5207
264.6,9192
262.46,17289
262.68,24887
262.24,26103
259.92,23485
259.18,8830
259.79,7756
259.08,6571
259.8,4809
260.08,4737
259.78,9833
257.91,6078
257.98,8881
258.98,5891
258.97,9880
257.98,44204
252.88,25955
251.03,20761
251.65,22588
250.94,31693
250.22,7286
251.7,8327
251.47,5536
250.22,8519
249.44,18877
249.18,13483
249.59,12065
249.61,7894
248.99,38069
250.03,14043
251.23,6125
250.88,7853
251.3,21343
251.48,7634
251.07,5024
251.13,7803
251.15,11141
251.39,4947
250.48,11068
250.8,6561
251.01,9176
251.42,26990
251.55,19378
249.88,25231
249.19,13482
247.62,10833
248.54,9017
249.22,5767
249.8,10038
249.44,8891
249.23,7236
249.3,11319
248.28,20515
247.68,26644
247.66,79205
247.78,23832
246.03,13571
246.1,8314
246.99,11224
246.85,6828
246.19,5411
246.13,11783
246.93,15107
246.34,11644
246.11,9161
246.87,10507
247.24,13734
247.17,48968
250.13,17720
248.95,20100
245.77,18926
244.18,26825
242.51,12295
239.93,29745
238.87,17950
239.38,16197
236.98,28921
238.15,31123
237.26,31354
237.32,35729
238.74,74669
240.47,85291
239.92,69857
239.64,37825
238.28,34557
237.58,58849
238.53,42528
238.41,22895
238.9,20128
239.07,34925
238.59,22407
238.38,21695
238.31,24884
238.95,89924
237.24,26724
239.93,3708
237.76,8187
237.61,9543
236.09,7531
236.31,9855
236.33,17491
235.2,41165
233.71,26736
234.36,10621
233.87,41181
232.72,36084
232.05,80343
231.18,55511
226.29,55352
228.71,24553
229.86,29082
230.7,36235
231.69,20101
231.64,17337
231.53,15826
230.72,19716
230.78,16161
229.86,18529
230.51,15925
231.57,68734
231.21,43741
230.58,34345
231.97,41660
232.63,62076
233.46,28295
233.13,14202
234.26,9766
234.65,14147
234.66,9225
233.76,29604
234.85,10824
234.66,24301
234.8,64948
235.62,33698
232.74,16767
232.82,11147
233.29,9181
231.99,10800
232.73,9315
232.47,26996
233.37,13270
233.6,15083
233.25,12902
232.52,21482
232.54,26988
232.29,69827
234.26,72999
238.63,39281
238.56,35050
239.1,31679
240.28,49437
240.57,32063
242.88,36170
241.77,26324
241.56,11089
241.98,16256
241.41,16974
241.57,12263
240.91,119812
238.37,47653
239.17,30718
239.31,26692
240.32,19897
240.69,24830
240.98,18032
241.16,23546
240.76,18208
241.37,25070
241.22,30291
241.84,19811
242.14,33643
241.98,129410
243.74,48398
243.39,11196
246.15,23490
242.6,23278
243.59,20726
243.13,12883
242.32,10629
242.81,19741
243.76,17923
243.88,18843
243.39,14697
243.89,22970
244.07,54874
244.16,29538
244.73,43422
243.47,18642
243.66,11199
245.45,16777
245.05,17679
244.75,9324
243.74,11774
244.23,5227
245.08,16501
244.35,8101
244.92,13801
245.41,43201
243.4,29089
240.48,9924
242.29,7315
242.74,7024
243.23,8443
242.41,7640
242.92,3784
243.11,8527
242.89,4440
243.72,9099
243.76,6310
244.09,11718
244.32,52331
244.6,37469
244.7,33404
246.85,29066
247,18125
245.84,19863
245.62,13284
245.51,13543
245.68,5640
245.9,10366
246.63,9378
246.34,15690
246.93,15719
246.95,41131
247.45,24826
246.28,14470
245.96,14258
245.98,18730
245.61,18352
245.45,11477
245.93,9198
245.76,6068
245.95,6671
245.99,10268
245.62,8234
245.63,15503
245.96,58429
245.24,10887
246.44,16071
244.43,21315
242.57,30686
242.16,16804
242.2,15819
242.52,13335
243.09,8654
243.48,6449
242.78,8903
242.47,8912
242.7,14663
242.74,35546
244.29,18885
245.54,13279
246.64,9101
245.94,29489
246.59,10784
247.11,12002
247.09,7981
247.3,5810
248.01,11321
247.93,10425
248.06,27440
248.13,40108
248.16,82471
250.74,38344
250.55,25765
251.64,37919
251.59,29988
251.7,21843
252.15,20236
252.94,127995
252.69,17525
253.11,18125
253.76,12986
253.86,30235
253.64,155607
253.49,94669
254.42,24067
254.28,33858
252.73,11889
251.76,14764
252.62,11889
252.75,7263
253.13,10430
253.15,6924
253.21,10912
253.56,10920
253.45,17533
253.77,21621
254.64,67820
252.61,33701
251.74,22648
249.89,25567
248.91,26293
248.15,33330
247.46,26550
248.28,13061
249.35,14103
249.95,14408
250.64,21843
249.82,21026
250.07,35726
250.73,74700
253.15,47865
249.58,30661
250.85,35965
251.13,29180
251.31,22617
252,34058
253.27,43151
253.26,30184
253.91,35211
252.83,25608
253.98,31702
253.97,36305
254.22,117546
238.36,356645
235.51,110583
238.4,79388
238.53,104907
240.45,64391
240.45,47342
240.67,39642
240.51,45804
242.34,50868
241.78,41008
241.99,57599
242.64,69872
242.43,159080
243.2,75488
247.31,41226
246.64,55844
245.89,42159
249.26,34405
248.28,25330
248.38,14161
248.38,18499
247.64,16590
248.38,12335
248.6,11175
248.46,22262
248.5,67430
248.88,33353
249.34,18702
249.49,19660
250.31,16376
250.16,12503
250.15,10914
249.75,12028
249.55,8882
250.48,21888
249.15,16500
249.25,23941
249.42,27849
249.48,72787
250.14,45642
252.32,34299
251.6,57854
251.51,25969
251.46,9511
251.44,13116
251.88,12027
251.32,10748
251.33,14020
251.12,17909
250.64,16559
250.88,17744
251.39,47494
251.17,41115
249.58,31655
246.75,24754
245.79,17048
245.57,22227
245.36,20908
245.17,29697
244.59,15546
244.14,15386
244.35,22826
243.34,30175
241.98,27558
241.27,97577
242.57,17742
244.62,10723
244.78,5782
244.2,16613
243.65,15990
244.51,7378
244.33,5348
244.55,11181
244.71,10941
245.2,14366
245.26,9768
245.32,15925
244.8,31937
245.39,16657
244.21,10478
243.55,25085
243.51,25455
243.46,21173
242.78,16615
242.18,14294
241.73,24994
241.56,14457
241.21,22002
240.65,19956
240.99,13530
241.22,46229
242.24,20496
242.58,27805
240.73,29701
240.37,14121
240.55,9385
241.2,21717
241.36,10921
241.57,13872
240.84,11095
241.54,13577
239.94,12175
240.49,26826
240.52,58965
240.84,22822
237.13,31227
238.21,18260
238.1,9921
237.84,17295
238.56,7030
238.82,6255
239.39,11150
238.35,16232
238.85,16149
238.17,18285
238.12,18143
237.8,53615
239.02,37528
240.3,23673
240.01,14514
240.16,12639
239.91,7346
241.03,11086
240.09,4986
239.97,5911
239.85,13519
240.58,15717
240.94,18522
240.46,22304
241.26,44853
243.15,52474
244.76,18754
245.94,17021
245.75,15661
245.82,4554
243.99,4900
243.76,18371
243.27,15244
242.84,12782
242.54,10123
242.93,11764
243.15,9828
242.94,75813
245.49,17585
244.13,9807
244.02,13172
242.4,11279
242.49,5681
243.23,14910
244.29,7028
244.45,11063
244.72,5072
244.53,3937
244.27,14163
245.05,9143
245,38464
244.59,19366
243.59,16139
245.84,30333
247.29,15277
247.3,18882
247.97,9200
247.13,10454
247.55,9057
248.14,5861
248.69,5020
248.45,9358
248.67,12942
249.09,46060
249.57,18953
247.49,14952
245.74,14030
246.66,10043
246.39,15606
246.59,11415
246.55,12672
245.48,14909
244.79,20130
244.21,23000
244.28,18002
243.63,15238
243.59,32594
245.34,34318
246.75,19208
245.18,21541
244.73,9925
244.32,18711
243.7,15062
243.93,9666
243.02,12778
243.44,14001
244.4,13892
243.98,10420
243.8,22362
244.99,43989
243.47,33394
241.11,27876
241.44,19393
242.03,24157
240.84,24523
241.02,19023
240.42,16858
240,15333
239.71,20312
238.99,11807
239.6,12913
239.13,17939
239.26,49983
239.85,14824
241.66,15556
240.26,9459
241.38,20837
242.07,6954
241.53,6554
242.26,9986
242.63,10175
242.84,12398
242.9,9613
242.48,7984
243.01,11234
243.33,46397
243.98,22555
243.28,21055
242.86,19466
242.16,11466
242.17,11368
242.55,9502
242.2,10205
243.38,9618
243.43,10260
244.19,11098
243.95,10913
244.36,16334
244.44,26985
243.46,56073
242.01,46548
237.61,44990
236.49,22254
237.39,12981
238.08,10758
237.24,34283
236.28,35378
236.51,27656
236.7,10711
237.15,25393
236.01,43780
235.52,80768
235.58,53516
239.86,19958
237.64,9743
236.25,22445
235.73,21601
233.93,13381
233.21,14596
233.07,8316
232.99,9810
233.2,14900
233.28,14172
233.97,20545
233.76,51441
234.44,36202
236.04,20609
236.89,22379
235.88,13672
235.86,14094
235.99,18175
236.49,17326
236.91,15950
237.5,18748
238.17,19246
237.96,11864
238.03,20482
237.41,64579
238.01,60656
240.93,71456
241.26,60452
240.67,24832
239.45,21183
240.32,26032
240.4,32993
240.4,19618
239.75,12023
238.82,11831
239.25,10213
238.67,18476
238.81,56974
238.21,40809
235.76,22891
236.16,18173
236.87,17033
237.73,15073
237.17,35963
237.23,18119
237.61,93540
241.17,166682
248.72,59062
246.68,21787
246.27,27599
244.83,64409
245.52,31396
242.01,39381
238.85,30805
238.75,18994
237.87,8052
237.74,6774
237.38,12026
237.66,13931
237.93,9765
237.72,11656
238.47,11050
238.45,17669
238.36,37511
238.84,41721
237.07,18345
238.68,36669
239.19,10989
239.39,7225
239.77,6414
239.52,6914
239.54,8925
239.21,7021
238.71,10816
239.18,12858
239.59,26447
240.3,73586
238.29,20539
239.71,47273
241.45,21147
241.92,10717
242.69,14444
243.64,16510
244.68,20543
243.76,17115
242.94,9540
243.79,5183
243.92,10063
244.31,15017
243.71,61064
245.98,38029
245.21,27466
243.57,22632
243.6,29706
241.02,18610
240.68,17866
241.13,8618
240.66,14624
241.09,11003
240.56,10985
241.52,14631
241.69,14383
241.22,58560
241.54,38093
243.85,24208
242.62,10176
242.75,15322
243.65,11953
243.21,9598
243.66,5334
244.61,14134
244.73,14260
246.11,30293
247.17,20376
247.55,37905
247.86,58837
245.9,37703
242.75,21670
242.53,19441
242.72,12900
243.82,13312
244.38,16044
245.17,8302
244.8,24403
245.66,17879
243.32,14438
242.81,11738
243.01,22799
242.14,69520
239.09,33608
239.96,17314
239.59,6857
238.62,9287
238.54,12512
236.61,10889
237.06,7904
236.85,14002
236.04,7152
236.97,6247
236.49,12626
236.35,12863
235.78,79319
252.05,218664
252.25,69604
251.47,76051
245.25,74578
245.65,65356
245.31,34717
244.98,48793
247.9,62527
247.88,27737
246.16,59610
244.11,49763
245.79,56876
243.22,220073
245.29,102859
246.73,58746
243.64,92713
242.53,33242
243.13,35433
244.17,20034
244.07,18223
242.15,21537
241.97,20728
242.74,21666
243.41,27752
242.79,62099
243.11,119740
244.65,27110
247.34,33767
249.78,38342
251.39,30545
252.44,41608
252.16,30272
252.03,27281
252.53,22155
253.83,24340
253.15,18607
252.97,16406
253.11,28921
253.46,55126
253.96,47823
255.95,50410
259.08,59595
263.73,72505
263.89,36869
263.31,24015
262.61,27721
263.29,16420
262.96,11449
263.72,11991
263.46,20821
263.21,28501
262.8,59619
260.45,46239
257.5,40026
258.83,44836
259.5,24444
258.93,20684
258.91,15860
258.76,40058
258.44,18184
257.85,23351
256.12,24437
257.1,17884
257.16,16770
256.58,65177
255.75,21467
254.97,7148
255.51,12959
255.54,12290
255.54,7355
254.92,11284
254.7,10750
254.14,9347
254.27,20015
254.05,11729
253.35,10658
254.02,12459
254.28,69488
255.95,19850
255.19,19559
255.3,16556
254.4,10558
254.6,10634
254.01,16788
253.39,6048
253.56,7676
254.28,4975
254.07,4008
254.09,9429
253.67,19255
253.66,103812
256.08,16587
254.84,17085
255.17,7435
255.15,10653
255.34,11438
255.82,4059
254.29,12625
254.77,3227
254.8,3435
254.69,5282
254.85,7118
254.89,8054
254.81,25538
254.65,36444
256.65,38116
256.36,12907
256.74,11680
256.82,10288
257.49,6927
257.01,7155
256.91,6567
256.91,8178
257.33,5822
256.5,9936
256.18,9555
255.22,72317
250.94,35567
249.86,28282
250.45,18717
250.33,17397
250.55,11926
251.24,14008
251.7,19829
252.3,12814
251.76,13641
251.13,28433
251.41,30116
251.79,31038
251.7,58831
249.35,45870
254.7,27306
255.53,7114
257.03,10271
257.37,18373
257.08,6344
257.16,6990
256.9,19285
257.39,17079
257.88,26100
257.66,16038
256.37,13229
256.27,50402
253.87,25409
254.28,14732
255.3,20210
256.38,15357
256.87,14892
255.41,14967
255.89,10658
256.49,7976
256.34,9555
256.18,12956
257.45,12769
258.51,15595
259.34,80944
258.96,42756
257.23,22980
255.1,20946
254.98,21974
256.75,25987
257.45,19734
257.19,15821
258.49,15505
258.3,17160
258.44,28565
259.29,14361
258.64,17665
258.72,86206
256.93,35020
257.46,15841
257.22,9033
255.84,11087
254.05,20909
254.05,8060
254.41,10904
253.55,12155
253.26,6561
253.13,12232
254.16,15254
253.01,15017
253.75,48408
253.49,11672
253.35,9666
253.92,6659
252.84,10277
252.76,4448
252.91,6906
253.15,9618
252.86,7550
253.04,5752
252.18,12819
251.29,12985
251.96,15612
252.46,40328
248.94,63469
240.65,44425
239.35,36090
234.65,34352
235.11,18598
235.28,26056
237.06,21980
236.53,13747
238.39,13723
239.63,10036
239.55,14199
239.84,23675
239.28,54545
235.11,27331
238.17,10946
237.98,15140
237.01,31441
236.58,26673
235.73,16329
236.38,10355
236.75,14287
236.73,8042
237.02,8133
237.85,16903
239.8,15683
238.09,41470
239.14,32611
236.75,31028
236.62,27662
234.83,20436
236.22,22580
237.35,11350
237.69,15685
238.72,10469
238.66,12843
239.1,7731
239.51,12065
240.13,23600
239.85,69087
241.19,16516
243.85,25247
243.68,13123
242.01,8697
241.36,9679
242.19,5253
242.68,2121
243.14,6219
243.52,14077
243.4,7613
243.86,12515
244.06,14786
244.32,57066
244.76,23146
245.96,19163
244.56,5656
243.9,6501
243.91,6123
244.14,13547
245.11,9315
245.75,7282
245.54,5819
245.55,7864
244.9,9009
245.02,14049
245.12,36060
244.48,16721
243.58,10276
244.02,12135
243.2,13082
242.34,5626
241.96,11555
241.35,10789
240.56,4121
239.56,9827
239.82,3863
239.94,5472
239.35,11264
239.39,36789
237.15,20004
238.62,13271
239.02,8968
240.96,7408
243.12,5094
243.7,6163
243.11,4700
243.35,8580
242.71,10512
241.81,9463
242.92,9869
243.41,19257
242.51,53819
241.02,16267
238.61,11036
239.4,8666
238.98,10562
239.42,4664
239.89,8668
239.02,9250
237.97,4281
237.9,7004
237.02,12114
237.16,12339
235.03,30651
236.23,65645
234.88,23521
233.37,28179
231.4,26203
230.59,34850
232.2,22293
231.82,17310
229.77,13607
231.96,18621
231.49,24086
231.12,19317
231.52,17190
232.16,21227
231.38,61830
230.86,52759
230.09,42729
228.5,44726
226.74,93725
226.09,26642
226.63,15653
226.87,4804
226.82,10429
227.06,8738
227.46,20001
226.23,45654
226.01,33054
226.99,75597
228.55,34300
228.85,31999
229.72,24373
228.42,15660
226.15,32134
223.34,18163
223.79,5891
224.4,9040
224.34,6539
222.8,12397
224.71,16012
225.56,38294
224.51,91361
224.18,15135
224.44,16436
223.71,19915
222.68,18477
223.1,30541
225.53,33142
225.5,24794
225.33,18320
225.2,15821
226.46,18451
227.35,28913
226.62,25578
225.69,78225
226.1,21918
227.39,15503
226.9,14811
227.18,15914
226.89,7480
226.89,4016
226.11,10474
226.06,14357
225.93,28400
225.52,21942
225.04,13646
224.76,14239
224.79,80170
225.88,41903
228.12,28140
228.38,22693
230.54,20288
230.86,14526
231.19,10636
231.67,8827
231.79,12114
231.64,11355
231.74,22366
232.03,22039
232.72,28768
232.27,115204
229.76,31148
229.31,30718
226.69,29605
226.36,16562
227.43,10423
227.4,17815
227.06,57398
227.35,8327
227.02,4100
226.79,4976
226.5,13132
226.72,11207
227.01,55994
228.53,16393
230.38,10365
231.19,36982
231.31,9270
230.9,13642
230.63,13911
230.38,31075
230.38,0
230.38,0
228.11,22104
232.08,16771
229.75,9397
231.71,7019
232.45,6828
232.88,6326
232.71,9231
232.99,7131
232.81,7799
232.94,6480
231.74,9269
231.38,6945
231.74,40755
231.76,31732
232.14,22066
233.35,13452
234.99,16697
233.82,13353
234.14,11921
234.82,7615
233.12,12869
233.67,8416
234.38,17668
234.07,12487
234.55,21241
234.86,47087
234.06,33349
234.5,27990
233.61,21556
234.26,29499
235.26,17701
235.87,13990
235.77,9502
236.18,11474
236.7,16658
236.18,12925
236.56,18597
236.66,29549
236.71,84838
242.69,104806
239.01,57038
242.76,49800
240.92,38669
244.32,35587
245.62,41453
245.43,30893
245.61,22026
247.66,20461
247.66,40179
246.5,19283
246.62,36640
245.94,101680
248.76,99730
255.48,76142
257.2,58680
258.7,55843
259.44,27766
259.32,12667
259.6,12666
259.56,27868
260.19,8532
259.82,20302
259.89,22058
259.42,74472
259.93,214553
260.96,54526
261.56,35839
261,41037
257.46,31536
257.28,15882
257.11,22148
256.47,17306
257.14,16398
255.78,10550
256.22,6458
256.46,13092
257.74,16604
257.76,71228
258.94,19869
259.5,14850
260.19,14557
260.77,11452
260.14,8665
260.02,19893
259.26,11321
259.08,8004
259.23,27994
260.25,5004
259.3,6919
259.16,13929
259.93,55046
259.63,18712
258.96,15610
259.15,11011
259.67,13456
261.85,11981
260.94,7956
260.96,11550
260.63,10780
259.81,19924
261.26,15451
261.79,14505
263.02,31609
264.27,105660
262.3,36273
262.44,13729
263.13,6092
261.79,10077
261.64,9124
260.74,7713
261.84,6240
261.72,4911
261.66,11076
261.66,7221
261.63,7026
261.14,7996
260.41,42529
261.92,11687
262.92,9780
261.8,8061
261.62,26687
261.19,7921
261.34,7074
261.54,15646
261.92,4059
261.52,3390
261.06,4422
261.01,6122
261.66,6182
261.98,51889
259.89,56120
255.38,47010
252.29,21829
253.21,24313
254.35,8944
253.83,11353
253.72,6416
253.96,6639
253.49,7595
253.05,5217
253.1,17987
253.22,12444
253.09,55287
252.45,24597
252.89,17232
252.37,12358
253.48,7992
252.82,10128
252.97,6745
252.76,26201
251.75,15144
252.11,7122
253.19,9920
252.83,7201
253.61,14819
254.22,64801
255.2,15969
258.19,11556
260.48,17211
258.93,14243
259.59,21251
260.23,9066
260.31,7266
259.66,9527
259.1,14080
258.59,2088
257.84,5701
258.66,16970
258.24,39719
258,33459
257.8,23668
257.95,25468
257.7,20801
258.87,16649
257.05,10739
255.96,8544
256.51,9300
256.88,10416
256.85,7522
257.22,10519
256.49,9727
257.17,39179
259.87,24622
256.27,18731
256.54,21253
256.43,15366
257.08,8492
257.56,8775
258.22,5240
257.52,7211
258.16,10674
258.35,6321
258.48,7718
258.63,16331
258.15,74179
259.46,27272
260.64,30494
263.24,12390
262.07,9005
262.46,8534
262.72,11002
262.56,6669
263.02,5393
263.03,4320
262.74,3568
262.71,7230
262.91,12822
263.46,31782
261.72,15576
261.18,8253
260.8,20016
261.64,26997
261.58,7445
261.32,8326
261.95,3690
261.44,6816
261.81,2959
261.7,5300
261.58,11152
262.63,5132
263.09,33974
262.44,7453
263.94,4365
265.09,3157
265.19,2264
265.06,1712
265.4,3280
265.09,7799
265.09,0
264.61,4625
265.49,3598
265.61,4188
265.46,4314
265.89,1649
265.51,2138
265.97,1320
265.49,1004
265.54,1268
265.4,2096
265.08,1640
265.12,2082
265.33,13982
264.55,17315
266.75,5317
266.9,5718
265.77,2019
265.79,2653
265.89,2567
265.44,4567
265.35,8939
265.43,9324
264.97,4579
265.87,5368
265.77,7614
265.99,21758
265.91,14249
266.92,18920
266.86,10446
266.28,7328
266.59,6463
265.86,3449
265.91,8418
266.14,2464
266.03,5668
265.4,1855
265.36,2767
265.25,6669
265.44,30787
264.85,9417
264.65,2690
264.54,1279
264.38,2849
264.11,3192
264.44,1945
264.29,2864
264.44,2693
264.74,4354
265.19,3795
264.89,5396
264.57,8879
264.47,32207
264.53,38184
259.35,38598
253.07,37415
253.55,18170
256.55,4732
255.58,7236
256.73,15857
254.28,15695
253.48,23140
252.95,21457
254.36,22413
254.27,7193
253.87,66867
253,29250
254.97,22404
257.68,13309
256.63,19319
256.77,18733
257.66,15164
257.39,3855
256.75,6035
256.43,7607
257.23,3983
257.41,5785
256.16,6100
256.11,29841
254.56,21686
256.92,17939
258.52,16692
259.26,18769
259.75,9666
259.11,6129
259.62,6981
259.84,7763
261.22,5861
261.62,6572
262.19,9576
262.29,14653
262.19,47227
264.34,26907
263.59,22412
265.2,18179
266.03,13978
266.62,12179
266.06,13827
266.58,9898
266.25,12792
266.54,12736
266.95,8744
266.46,8355
266.4,11995
265.84,42392
263.49,22154
262.48,12830
262.01,11260
262.53,9625
261.47,7954
261.42,13361
261.96,5787
262.66,4162
262.07,8282
262.16,6362
262.17,7756
261.97,19206
261.51,44161
259.45,51932
256.38,49784
258.66,21666
257.66,18263
258.43,18615
260.09,11421
260.3,8061
259.38,5518
259.22,6417
259.32,4958
258.94,5764
259.1,14798
258.72,37806
258.49,21122
258.04,12145
258.78,8794
259.51,6987
260.44,5817
260.53,5254
260.38,5542
259.72,2439
259.64,3747
260.03,6707
259.35,7223
259.95,10379
258.42,21218
257.21,28036
253.36,28389
247.75,43086
247.95,36674
247.88,25821
246.22,50708
244.02,30384
242.86,44200
241.99,53261
240.76,29102
241.51,23451
241.94,77204
241.12,191286
238.14,56100
240.23,43155
239.76,31516
238.67,27395
239.04,13988
237.47,28600
238.52,27980
238.21,35109
237.04,23425
236.45,30285
237.27,44443
237.77,24906
237.85,85993
236.14,51422
235.06,23424
235.56,53315
235.32,21610
234.69,26602
233.66,20449
231.31,29506
231.3,19501
232.46,15554
232.97,14611
232.66,20111
233.1,23202
232.28,51630
231.58,86720
227.41,61875
229.25,34944
227.94,14635
228.42,20027
228.89,18196
227.89,12261
228.22,11648
229.59,14932
229.15,10234
228.2,11293
228.03,10803
227.5,49488
222.98,37130
225.97,30045
225.71,43017
226.45,33808
225.15,40586
226.17,24323
224.61,38686
223.95,27981
223.38,40626
222.48,37078
222.11,35583
221.83,55897
221.34,155584
219.63,45255
221.44,39904
220.09,28909
221.69,52689
221.12,30577
219.63,43684
220.11,28904
220.51,30425
220.04,29174
220.43,35820
222.19,46733
222.81,35772
221.19,94225
221.84,43769
222.05,48486
222.87,35380
224.83,36027
225.03,12304
224.69,17234
225.84,10673
226.47,23824
226.51,13981
226.4,11455
226.49,22672
226.5,24807
226.68,62496
226.93,41510
228.62,36731
228.77,28615
228.16,15271
228.32,23813
229.03,15924
229.53,17967
228,8325
228.02,17332
228.06,10615
227.95,11775
227.36,25681
227.2,71192
228.42,30842
227.13,21699
229.49,29146
229.37,32548
228.48,21051
228.4,14998
229.97,16984
229.43,26725
229.56,17271
228.98,17108
230.03,16921
229.92,20975
229.73,54760
230.39,70908
228.64,47860
227.46,28468
227.37,27393
228.06,21461
228.45,23159
227.6,9405
227.64,12243
227.77,10453
227.6,19095
225.9,17165
226.64,40898
226.58,108768
228.76,58195
230.48,20258
230.44,25643
228.5,12533
228.86,19160
228.75,20741
229.45,10236
230.23,21966
229.83,22460
229.54,23131
228.49,36912
228.83,24118
228.95,88215
216.61,130967
212.49,99841
208.46,61110
210.37,49209
211.1,50525
211.5,53551
212.77,30658
211.8,35014
211.31,28080
210.67,40839
211.11,49471
211.01,40891
211.52,80352
212.98,48673
212.95,50643
213.41,37509
213.52,37360
212.77,25196
211.98,48790
211.56,15775
211.89,20419
211.34,15485
212.59,23218
212.12,19078
212.04,26813
211.68,84479
213.68,36537
215.59,24753
214.95,18358
214.7,16127
214.03,13060
213.38,13316
212.64,28098
211.97,13307
211.51,21632
210.69,16655
210.52,36190
209.65,28695
210.11,60106
204.43,67408
200.7,73913
197.79,58634
197.42,44865
197.61,58559
196.73,58307
195.18,45570
193.69,26118
194.11,31888
193.27,63011
192.72,41208
193.52,61393
195.39,109580
192.8,101752
187.5,273485
196.74,91771
197.59,107411
197.3,68957
195.61,59330
193.08,32998
193.74,33244
196.26,20820
196.45,50111
197.54,59094
198.82,93554
199.12,134795
194.38,174631
193.54,79314
192.14,73785
191.37,70736
191.47,83775
193.15,57208
193.55,62947
189.92,57739
189.19,51769
190.08,52507
189.86,68886
189.37,56754
188.7,203219
189.69,97809
188.03,49241
189.77,32421
189.38,27024
190.64,28372
188.88,31795
188.3,54999
188.46,27412
187.63,54346
188.53,28208
190.53,27291
188.96,76438
189,109461
188.49,42609
189.63,30738
191.71,34118
194.17,29804
193.98,23217
193.65,24224
193.45,18636
192.38,49460
193.26,32086
192.85,26914
193.8,29268
193.68,68902
192.51,127069
191.52,55689
197.77,66263
196.45,54769
195.46,47849
195.42,31024
194.94,20805
195.2,20721
194.76,18828
193.5,25642
193.24,25674
193.14,34899
193.41,30561
193.47,63774
192.46,108681
185.85,58908
184.19,27648
184.18,68467
183.07,32239
181.83,42817
183.28,91589
184.43,85026
184.56,25074
184.87,42307
184.32,20900
184.52,35979
183.98,85764
185.24,76431
185.26,49279
184.8,28784
181.78,36898
181.24,42600
180.44,52197
180.62,45560
181.28,69332
181.26,30894
180.87,26184
181.21,40584
181.52,32869
183.9,100480
186.03,126624
189.89,76676
192.86,33176
190.74,47161
189.92,67001
190.56,56664
190.98,33732
190.58,35710
190.07,16171
189.38,12020
189.13,14468
189.13,24736
188.64,84437
189.82,97412
184.3,59324
182.99,43248
184.05,48126
184.32,37795
184.26,23127
184.67,20043
183.75,25504
184.4,17983
183.9,22483
183.24,31403
183.5,37416
183.19,86925
183.47,40864
184.98,55370
186.1,35539
186.74,28084
185.09,22291
185.57,14963
185.83,16292
186.5,21078
186.73,46465
186.83,30713
186.98,48403
186.73,49563
186.67,94711
186.28,53752
184.24,63286
184.66,53114
184.67,33209
184.38,22768
184.87,15200
185.16,13586
184.66,21460
184.84,25722
185.3,27038
184.87,27241
184.9,41813
184.59,109723
184.98,53129
188.65,51336
188.45,24063
187.94,25026
186.67,21802
187.34,23701
186.43,14889
186.56,28047
184.28,45242
185.47,24953
184.1,14564
183.45,31093
183.45,54714
180.56,90982
176.73,71775
175.04,73060
175.56,67853
174.97,38403
175.17,25000
174.69,41715
174.93,35226
175.08,40678
175.05,27273
175.08,32116
176.26,40144
177.56,120391
177.09,146392
182.87,79586
187.4,57917
185.71,33681
184.96,51941
185.22,44244
184.91,26579
185.23,29173
185.55,30385
186.29,28609
185.26,29123
184.11,41531
184.77,80187
182.38,116820
189.44,64302
188.56,33290
188.91,35764
189.1,35393
189.14,28688
189.18,31392
190.45,29127
190.55,24359
190.5,32214
190.66,74597
191.41,104256
190.88,119774
196.27,239817
198.51,91375
195.21,49294
197.95,42179
195.89,40233
195.47,33829
196.21,36212
196.31,37569
196.21,30964
196.92,33862
198.71,66068
199.55,37178
198.65,104874
190.53,106883
191.11,48865
191.59,48367
191.79,40223
192.25,21992
193.02,28631
193.66,26121
194.3,41053
194.92,37175
194.46,31695
193.03,42178
192.78,48357
193.55,103704
191.94,49496
193.65,43215
192.74,25632
193.08,31109
190.92,24657
192.28,11686
191.03,18561
192.15,15758
192.6,17632
191.97,21126
193.21,36972
193,31514
191.99,56448
189.99,61510
191.06,64820
190.55,27878
191.19,48307
194.35,19712
194.52,21239
194.43,11008
194.89,22931
196.67,19770
197.78,20478
197.72,25225
197.62,33839
196.35,121286
195.58,66305
194.98,28047
194.68,23072
194.58,54502
195.25,24944
194.87,21539
194.9,13727
195.18,30798
195.16,21401
194.81,31233
194.91,24264
194.72,29716
193.88,56061
194.15,69734
201.25,55317
201.2,69464
200.66,143751
200.6,31409
203.1,42126
202.67,32820
201.02,23914
201.14,29319
201.19,25349
202.09,80422
201.87,68058
201.48,72729
201.15,39228
197.31,34247
199.54,34268
201.15,29637
200.2,19026
201.72,22289
200.5,16381
199.47,19463
199.45,17413
199.19,24066
199.93,43727
201.19,46019
200.43,67621
199.34,42916
198.09,40731
197.41,42307
199.22,42682
199.61,28768
198.91,33924
197.37,22577
197.98,28382
196.81,29346
196.4,42542
196.43,38940
196.78,36739
198.92,47980
196.51,58692
192.23,80735
192.69,37006
193.45,50458
194.46,14789
194.14,42136
197.45,80826
196.41,33075
196.37,37126
195.29,27201
194.44,15381
193.88,22969
194.87,73618
196.41,54147
196.26,38163
194.93,20995
194.28,23439
192.5,24588
191.64,19511
191.82,22624
192.04,14727
191.98,13581
191.84,15722
192.22,18121
192.16,25150
192.33,52340
193.84,105958
199.17,93285
200.18,78128
202.57,66474
199.65,69181
199.68,56832
199.29,35034
199.53,26832
199.65,28957
198.25,28237
198.04,26427
197.82,33026
198,92993
199.62,57090
195.51,69288
197.02,27389
194.09,30642
193.03,30488
191.82,35734
192.91,47460
191.86,34276
193.06,35082
193.07,11720
192.9,17304
192.5,19100
192.24,98507
194.66,33825
195.39,23592
195.61,28386
196.82,12337
197.58,16267
197.05,21453
196.11,17518
197.43,11665
197.26,19126
196.88,21208
197.59,12479
197.05,13654
196.91,110602
197.56,42721
200.08,31231
197.91,27172
197.21,20375
197.12,18380
196.64,17875
195.94,21626
196,24037
196.37,41933
195.37,16837
194.53,10042
194.9,33765
194.59,75044
192.57,53574
193.54,19861
192.99,7958
193,22680
194.13,23653
193.89,26033
193.93,38749
193.66,13477
194.39,49614
194.58,47567
193.67,27263
193.97,18713
194.5,60863
195.26,41695
197.09,34498
194.52,15886
195.53,16254
194.35,12852
194.36,7705
193.89,7772
193.99,5262
193.86,22352
192.97,24007
193.2,25873
194.28,14793
194.57,43619
192.51,58969
190.77,40967
194.65,17409
194.24,68380
193.27,33860
193.42,52968
193.8,21407
194.56,14918
194.19,17079
194.64,13198
194.18,19780
194.13,23875
194.19,77927
196.03,47314
195.75,17082
195.21,18186
195,44461
194.36,25503
191.9,18780
193.18,18173
192.92,12378
193.31,14542
194.48,13125
194.83,10345
195.29,11001
194.67,55696
191.59,61611
186.34,66004
185.08,44950
184.86,45942
184.93,33460
182.73,25028
184.48,32906
183.69,24985
183.05,23934
183.54,17581
183.47,43691
183.43,35855
183.4,97788
185.43,25248
183.78,24029
182.91,23754
183.35,31341
181.29,35853
180.34,25567
180.82,30515
180.28,42051
180.66,33576
181.14,43759
180.93,40388
181.56,37524
181.49,52853
180.55,41605
186.07,31276
186.17,47392
186.38,29151
185.13,16762
184.41,13026
183.5,11291
184.74,33955
184.89,15166
184.51,11254
184.8,17364
184.98,17385
184.31,52670
182.03,29987
179.45,35477
179.66,26802
180.23,14376
180.27,10599
180.12,16305
179.78,7809
179.47,11569
179.4,13811
178.98,10388
179.11,14912
179.28,25688
179.05,66896
179.51,31002
181.9,19725
182.48,15686
182.93,15323
183.37,32839
184.67,41354
185.14,15085
185.03,20135
184.14,19512
183.45,13232
183.64,18367
183.13,27342
183,73409
184.44,46251
185.32,22971
185.7,35181
184.94,25306
186.41,16176
185.66,15893
186.26,25307
186.9,30053
186.68,9319
185.98,15145
186.63,26875
186.11,19744
186.09,45254
187.99,36003
184.12,22597
185.25,29016
186.18,24697
186.06,22280
186.22,16631
186.36,16478
186,27581
185.79,14791
185.14,22827
184.8,18242
184.79,14133
185.04,36279
184.84,22647
183.15,28985
183.2,17951
185.82,15200
185.52,16788
185.58,12883
185.1,15856
185.36,9583
186.01,25728
185.71,14123
185.53,26264
185.79,23032
185.55,67287
187.07,50184
186.18,47322
185.58,20520
184.67,27727
184.41,22420
184.82,30907
185.1,16777
185.12,19558
185.32,28182
185,24649
185.07,33445
185.35,21304
185.19,81404
184.45,34121
184.1,18424
183.72,9069
182.59,14336
182.96,4235
183.07,13736
183.65,9722
183.53,13720
183.22,9345
183.62,7929
182.98,9714
182.4,21233
183.08,61201
185.68,53656
181.95,32082
182.61,18209
182.45,31548
181.6,18196
182.82,6419
182.77,25556
182.25,22064
180.73,30229
179.52,48337
179.07,43824
178.34,96621
175.92,118998
173.02,54515
169.36,49100
170.32,28948
169.21,42651
168.49,41847
168.74,32800
168.11,52170
168.245,24360
168.33,32195
168.78,38734
169.255,42594
169.72,38841
170.385,85688
171.15,87976
166.2,92676
165.36,36526
165.69,44921
164.81,46099
164.48,28192
165.31,36698
164.92,51576
165.435,27582
164.26,48865
164.12,24070
164.51,30144
165.285,65775
166.45,58844
169.57,58178
171.44,35028
170.68,15527
171.39,28191
172.055,14317
172.95,19328
173.12,15205
172.725,27253
172.4,9745
172.56,24898
172.635,29279
172.69,82616
175.92,56535
173.68,21561
174.23,17644
173.61,26418
173.34,14546
173.51,12860
173.87,13554
173.42,13145
173.09,19879
172.65,46266
171.56,42834
171.03,31021
171.49,58762
174.86,60043
176.11,43882
176.42,18516
176.2,28098
177.525,27757
177.13,18099
177.06,21878
177.26,12979
177.39,13926
177.43,16763
178.17,32548
179.555,38315
178.06,120827
184.2,74437
179.13,38083
179.5,41156
180.01,36119
180.06,43456
180.52,23255
180.62,11736
180.305,23804
180.365,14736
180.55,16281
180.41,30409
180.84,26998
180.47,59627
185.7,77991
186.16,47018
186.49,57192
186.24,79585
184.58,28121
184.21,32884
183.82,23416
183.57,35649
182.56,35288
182.11,17097
181.45,24105
181.35,38414
181.92,66513
182.75,149460
188.21,111042
186.33,33569
185.35,24597
185.25,23144
185.55,25044
185.37,17192
185.635,31042
187.41,23698
186.72,31919
186.91,49494
185.82,37272
185.705,120690
186.68,66644
192.08,60780
192.1,27676
190.84,47006
190.12,25198
190,22236
189.5,18561
189.1,31451
188.31,21485
188.78,16509
188.34,19557
188.61,23604
188.785,93310
188.2,57177
189.52,38304
190.14,31438
188.705,65198
190,78431
190.41,90055
190.67,48498
190.13,44222
189.9,32003
189.74,41587
189.19,48954
189.6,66414
189.81,177881
176.97,111958
173.07,119755
173.51,65150
174.57,51184
173.19,44558
173.29,37344
173.03,32488
172.89,30559
171.66,42367
172.09,32901
173.46,38908
172.98,49792
174.225,214551
175.25,52284
175.45,44408
175.635,41771
174.99,38663
175.18,30588
175.475,23509
175.185,18640
175.69,11024
175.4,13788
175.925,18172
176.915,49162
177.69,41325
177.76,106054
178.26,75848
181.38,80233
184.23,49995
183.41,36065
182.39,27506
181.65,25024
182.245,23277
182.15,31354
182.34,32939
182.04,27296
181.95,18661
181.34,35277
181.015,85599
182.5,75455
183.1,33947
183.075,36634
182.2,26741
182.09,16097
182.02,12811
182.615,15706
182.85,13783
183.41,14850
183.34,18852
182.07,16213
181.59,20526
182.05,51932
178.065,21332
179.26,25546
179.97,11845
180.07,11561
180.005,14738
180.01,23492
180.3,5741
179.99,8164
180.13,8359
180.3,11132
180.825,15552
181.42,17311
181.355,42676
177.8,105931
173.295,53773
175.43,61194
176.61,39683
177.6,46108
176.865,33323
175.965,31954
174.66,26881
175.27,20734
175.14,24648
176.53,10860
176.61,19668
177.8,130727
182.185,76143
180.6,47901
180.165,24017
180.58,32338
182.255,28293
182.56,35613
182.97,14251
182.605,37736
183.54,34730
183.55,23818
183.96,25822
183.61,30665
183.99,91265
184.54,59001
186.69,82382
190.095,46853
188.38,20536
187.09,26304
186.48,23153
186.56,12341
185.87,21238
186.27,22927
186.19,20519
186.25,17942
186.02,26888
186.33,67636
184.92,51196
181.91,41405
183.89,23986
185.8,33254
185.47,19389
185.09,21900
185.25,11519
185.185,7645
185.79,14943
186.01,14268
186.16,23799
186.5,21433
187.165,67971
186.995,58520
182.73,33469
186,21067
183.73,34009
182.615,21044
182.59,17002
182,18700
181.965,16131
182.15,20208
181.55,34730
181.65,37886
180.23,60898
179.96,97713
185.275,100322
186.995,58804
186.16,46314
187.015,34474
187.36,30760
187.93,25411
187.57,23774
185.91,31891
185.24,42880
186.76,35307
186.98,19933
187.055,19131
186.29,71687
178.29,86397
177.42,38096
178.1,33660
178.19,28833
179.7,35626
179.02,38549
180.37,20905
180.9,24745
181.47,21671
180.91,20463
181.22,18920
180.52,33883
181.32,82579
179.485,41360
180.11,17870
180.05,15522
178.95,15875
178.575,21011
178.45,17557
178.515,22515
176.94,17110
177.1,11892
176.9,26440
177.29,14265
176.59,14730
176.84,80757
176.96,45039
175.09,25684
175.04,15602
174.53,15605
174.66,10813
173.79,6681
173.67,16275
172.8,15818
171.97,11186
172.77,11712
172.31,16375
171.85,21968
170.89,73181
168.445,39853
167.61,35968
167.97,23378
167.19,27343
166.68,27270
165.96,36801
165.585,20781
166.01,31385
165.255,22425
165.035,25311
165.55,41485
166.08,49005
166.03,111595