179.79,82975
183.53,26371
183.5,11430
183.17,15157
182.54,14856
182.05,11630
183.01,12722
182.84,11582
181.85,15254
181.86,8454
183.01,10310
182.7,9415
183,32300
183.57,24839
182.52,50834
180.22,26018
180.24,11052
180.71,11684
180.55,19877
180.19,14641
180.42,11314
180.07,32520
180.79,4975
180.57,16494
180.91,15133
180.7,47925
179.73,74677
176.78,81216
176.39,45105
176.25,74160
175.22,70420
175.1,41183
175.6,41652
175.43,41589
175.77,23240
175.93,18777
176.43,25151
176.67,15884
176.46,38694
176.38,120816
175.92,37639
175.59,32525
175.49,8900
175.76,33665
175.54,23416
175.13,36270
175.28,29491
175.76,22312
175.77,5447
175.7,44962
176.27,15718
176.3,46606
171.35,75189
172.87,76609
170.72,24826
170.92,26986
171.18,18753
171.55,17510
172,9847
172.25,9190
172.64,6711
172.67,14434
172.65,9819
171.55,10608
171.79,27363
174.5,25880
176.85,9259
176.56,7282
176.53,6274
176.13,7705
176.6,7734
175.91,2800
176.33,2140
176.43,5707
176.33,9985
176.66,8601
176.23,6916
176.66,29779
177.14,11644
176.58,13592
175.6,9815
175.39,4827
174.69,7522
174.16,7686
174.73,12579
174.33,3578
174.5,12716
174.54,10177
174.26,11751
174.53,11162
174.95,26873
175.86,18635
175.13,12137
174.73,6779
175.63,4365
175.08,6675
175.1,2469
174.63,1670
174.36,2723
174.63,8500
174.63,3190
174.44,5604
174.23,7957
174.14,31323
173.96,10311
174.1,14663
174.09,16418
175.18,10845
174.32,6983
175.02,10748
175.56,4611
175.12,2952
175.35,4077
175.07,3460
175.59,2800
175.22,5536
175.19,20367
175.36,18376
175.96,10631
175.78,9141
175.96,7137
175.74,5632
175.69,8386
175.7,8002
175.9,5907
175.9,6987
175.74,4727
175.82,5796
175.78,7559
175.73,30549
176.37,17160
176.34,14376
176.96,14416
177.15,3883
176.94,2570
177.41,4226
177.83,2696
177.47,2900
177.58,3732
177.41,4218
177.27,4744
177.25,4697
177.09,48417
179,16644
178.68,15127
177.63,9107
178.49,10474
178.73,11175
178.56,4235
178.9,3231
178.08,3986
177.93,2435
177.91,2403
177.69,2974
177.48,2971
177.46,24762
177.59,26972
175.56,13191
174.82,10367
174.81,9718
175.41,16572
175.85,7758
175.7,24760
175.04,5052
174.51,5391
174.74,3020
174.83,7589
174.76,10980
174.52,45841
174.81,15984
174.11,10136
174.83,6294
175.36,8011
175.1,7295
174.9,6665
174.68,4205
174.53,5424
174.29,8276
174.49,7941
174.08,6700
173.63,8550
173.48,61168
173.05,15727
171.76,16906
172.17,7906
172.83,4000
173.18,3586
173.16,3771
172.76,6322
172.75,5799
172.84,7600
172.74,5928
172.73,8740
172.74,9771
173.18,21635
173.55,16716
172.07,4424
171.54,9976
171.98,1800
171.45,6512
171.27,4291
171.54,3898
171.54,3364
171.54,12716
171.52,7831
172.07,6285
172.4,12900
172.39,18453
172.77,13516
172.39,7254
172.11,17758
171.74,6732
172.14,6235
172.08,4507
172.06,4894
171.89,7141
171.78,7669
171.57,7187
172.32,10242
172.54,7873
172.95,19219
173.72,12825
173.32,12366
174,5945
174.55,5975
173.89,7610
174.59,21221
175.01,7041
175.08,3602
174.83,2778
174.45,2601
174.78,2800
174.8,4848
174.56,21005
174.55,19987
174.16,6861
174.5,4380
174.49,8058
174.86,6487
174.74,2877
174.43,4700
174.24,3847
174.2,3586
174.04,3065
174.13,5830
174.06,7292
173.55,20416
173.53,8526
172.65,5834
172,14090
171.52,12148
171.49,6694
171.41,4327
171.34,9768
171.63,16455
171.57,9572
171.36,10973
170.85,9221
171.22,11197
171.38,29150
172.41,16841
172.86,3469
172.83,7796
172.75,3200
172.75,3931
172.88,2408
172.57,2100
172.95,3488
173.02,2936
173.22,6000
173.39,6649
173.36,7085
173.32,12862
173.11,32070
172.86,5819
172.63,6632
172.14,5810
171.85,3348
171.63,4891
171.65,4501
171.59,8203
171.49,4554
171.31,6050
171.56,4813
171.84,5619
172.18,30064
172,17976
171.16,3451
171.35,8677
171.01,9900
170.72,24736
170.2,17340
170.11,11684
170.03,16776
170.11,22583
170.54,17400
170.54,16752
170.71,5228
170.92,22572
170.87,9721
169.69,13916
169.33,6142
169.75,17924
170.04,7623
170.21,4243
170.22,2486
170.23,6090
170.03,3963
168.96,26419
168.72,17348
169.07,12018
169.61,46986
169.32,17303
168.64,16838
168.08,14621
168.32,14166
168.68,14514
168.62,11268
168.19,12413
169.53,19556
170.69,12073
170.53,14131
170.27,13611
170.29,13323
170.41,53644
168.02,17998
168.77,26648
168.18,27279
169.12,14343
169.57,10124
169.92,9700
170.15,9842
169.68,7154
169.65,12174
169.96,11106
170.24,12124
170.06,20046
170.04,59252
170.74,21114
171.68,8497
172.43,9915
172.44,6632
172.77,13092
172.41,8546
172.07,6089
171.92,5569
172.14,8599
172.07,4639
171.95,5310
172.02,2765
172,28113
172.61,10347
173.76,6463
173.85,10109
174.71,5308
174.82,3068
174.29,5773
174.19,5287
173.85,5456
174.36,2216
174.57,8639
174.86,2421
174.75,5601
175.09,16561
174.04,18394
174.02,11548
174.17,11927
174.53,13936
174.16,8413
173.91,11822
174.23,11427
174.43,9118
174.46,10079
174.15,9704
174.28,10808
174.39,11864
174.3,45617
174.98,10908
174.55,9598
174.42,5430
174.36,4991
173.95,5823
173.97,6340
174.39,11090
174.7,3505
174.38,5340
174.37,4351
174.44,4971
174.56,7097
174.43,21823
174.82,7960
174.96,5099
174.61,5001
174.35,5000
174.58,1515
174.32,4869
174.23,11135
174.02,5514
174.2,1147
174.58,1996
174.42,2467
174.63,5734
174.9,30925
175.43,12180
175.4,9358
175.67,10057
175.59,14637
176.06,16716
176.43,5721
175.76,6885
175.65,6024
175.4,4737
175.76,5460
176.02,6833
175.82,9454
176.03,31226
176.03,14147
177.65,33551
177.47,8697
177.87,6317
177.57,3056
177.03,3891
176.9,3786
176.92,2724
176.55,4507
176.83,2968
176.97,4205
177.08,4436
176.84,13057
176.68,7359
177,4750
177.05,5213
176.73,4703
176.82,4810
177.07,4689
177.04,6441
176.8,8417
176.52,4191
176.54,1429
176.71,2577
176.67,5023
176.74,14721
176.88,13780
176.89,7065
177.09,8089
177.55,3110
177.86,1427
177.72,2857
177.78,1338
178.11,1885
178.31,2103
178.05,3248
178.17,4235
178.16,4740
177.99,16229
178.62,6576
178.2,5030
178.36,7157
178.59,9506
178.22,10115
178.18,10971
177.94,15725
178.03,5817
177.77,4456
177.6,9580
177.91,3492
177.82,2761
178.06,6031
178.44,15319
177.77,13077
176.59,8217
175.72,8037
175.9,8709
176.17,5656
176.6,4653
176.79,4306
176.79,2790
177.08,1097
177.12,1449
177.1,1189
177.42,10767
176.4,77180
176.65,38089
177.78,11837
177.33,18839
178.2,10188
178.16,6626
178.18,2773
177.85,8699
177.63,2117
177.69,16973
177.34,7375
177.7,6000
178.28,25836
175.99,16263
175.13,18643
174.27,23783
174.67,9288
175.74,8885
176.1,7465
176.34,7982
176.32,9665
176.08,11459
175.2,13810
174.7,18971
175.19,11721
175.23,30201
176.95,15993
178.75,9217
178.44,4783
177.14,6456
177.79,6118
177.69,5184
177.36,2628
177.5,2432
177.57,2953
177.49,2957
177.65,4699
177.89,5091
177.98,17761
177.34,8345
178.52,5923
178.29,2622
178.25,2794
177.67,3243
177.64,2869
177.9,8176
177.9,7674
178.03,11133
178.21,8952
178.31,8630
177.94,4876
177.82,10038
178.01,10457
177.42,45567
177.78,20296
177.97,12171
177.62,22918
177.66,54311
177.47,1479
177.25,10927
176.99,6822
176.59,2767
177.1,4645
176.76,5305
176.32,29802
177.47,11462
176.47,9963
176.09,5718
176.05,5874
175.69,2820
175.69,2216
175.97,2415
175.89,2749
175.71,3046
175.76,2344
175.77,1181
175.96,2192
175.73,17922
174.52,13630
176.29,12568
177.32,24647
177.53,10357
176.66,5463
176.61,7248
177.07,4013
177.47,4464
176.89,3364
176.89,5420
177.59,3642
177.77,6156
177.98,23450
179.04,16255
180.41,19796
179.44,9577
179.5,5202
179.9,6474
180.13,2400
179.82,6863
179.63,9170
179.44,10780
179.42,6446
179.1,6798
178.87,11514
178.75,29891
174.68,44107
174.45,26672
174.69,18374
175.43,32791
175.05,10851
175.59,14467
175.02,12144
175.07,10117
175.17,9110
174.99,9109
175.2,21419
173.97,20756
173.9,35786
175.25,19454
176.85,8723
176.81,7505
177.61,8847
177.42,4302
178.1,5889
178.17,5091
178.28,5717
177.55,10165
177.54,4481
177.44,7437
177.05,6279
177.41,23247
177.83,15105
178.28,15049
177.49,8992
177.85,4517
177.71,6118
177.93,3519
177.86,2719
177.88,2567
177.79,2149
177.81,3469
177.91,4232
178.26,11886
178.24,14265
178.83,3143
178.38,4864
178.2,7986
179.15,4115
179.04,7091
178.78,3006
178.43,3633
178.57,1446
178.82,2979
179.11,2766
179.3,2461
179.39,6150
179.49,24940
180.84,9097
180.95,7308
181.47,11158
182.82,9245
183.86,9065
182.74,5355
183.07,5430
183.14,8360
183.69,8519
183.53,4122
183.48,3983
183.48,4093
183.46,17152
179.05,37573
178.27,21740
178.38,10934
178.76,9923
180.05,7553
180.07,1632
180.19,3147
180.13,4959
180.4,7908
180.43,3520
180.14,4040
180.31,1851
180.44,12181
180.51,28594
176.57,33445
176.33,6589
176.66,9385
175.54,11828
175.32,11017
175.9,5509
176.42,5306
175.87,11699
175.64,9699
176.11,4968
176.46,5156
176.22,22858
176.94,6605
177.93,1760
176.51,7563
176.89,2624
176.78,6969
176.77,3854
176.25,2346
176.17,2759
175.67,2039
175.43,2314
176.25,5191
176.5,7772
175.86,27189
176.28,10994
175.57,10334
175.62,8953
176.39,5186
175.75,12318
176.73,7415
176.94,6218
176.88,9807
177.34,3846
177.33,2757
176.94,6394
176.56,9054
176.5,27842
176.13,12248
177.87,8215
176.41,8602
176.86,2091
176.9,1462
176.31,2234
176.67,2363
177.07,2608
176.54,2106
176.76,1491
176.32,5274
176.48,58573
176.31,35309
177.05,28454
175.33,11808
175.56,13115
174.9,4889
175.14,3457
174.69,7915
174.98,3769
175.39,1799
175.37,2673
175.33,2920
174.97,3132
175.08,3788
175.09,26156
175.14,10530
176.4,6270
176.6,6460
176.56,5686
176.26,6977
176.41,11220
176.14,7867
176.45,3359
176.95,5036
176.76,5460
176.95,4098
176.94,5852
176.99,20613
176.72,5733
176.21,7195
176.06,2428
175.49,4472
175.07,7056
174.5,7819
174.33,21559
174.45,14973
174.39,10808
174.29,32506
174.45,5226
174.26,11530
173.91,36511
174.25,12010
175.78,9460
174.41,7667
174.47,5662
173.78,11202
173.65,10580
173.81,7309
173.67,5392
173.82,4538
174.11,15096
173.99,7229
174.21,6303
174.03,15833
174.83,17416
174.77,5785
175.31,13974
174.13,12951
173.79,15245
173.71,4551
173.77,7232
173.95,1929
174.19,7096
174.08,1742
173.91,4761
173.61,7600
173.67,27495
173.35,10166
172.41,8099
171.73,16700
172.05,6822
172.33,2244
172.57,3361
172.56,2658
172.4,1876
172.12,2620
172.12,6235
172.16,2336
172.13,2927
171.99,29049
171.62,19965
172.43,12768
172.94,9924
173.47,8287
173.27,5260
173.61,3884
173.57,4298
173.95,3227
174.05,4852
173.76,6813
173.32,7951
173.68,8465
173.31,22076
174.44,20503
176.29,23319
177.08,24346
177.54,12432
176.97,5326
176.12,4399
176.59,3127
176.63,1994
176.98,3175
177.57,2402
177.67,3598
177.76,3363
177.56,29133
177.08,8306
176.54,6755
176.2,8370
175.78,6734
175.46,4678
175.2,7225
175.14,2686
174.97,4724
174.59,6036
174.5,3277
174.83,3655
174.81,10614
175.04,25165
174.87,16741
175.15,23449
174.14,10482
174.02,7010
173.9,5142
174.28,8285
174.72,5575
174.33,727
174.26,3014
174.29,3411
174.24,5178
173.96,8186
174.01,15043
173.57,18127
173.12,18859
175.8,14783
175.82,17481
175.75,6618
175.65,5257
175.84,2675
176.25,3131
176.18,4499
176.05,2383
175.89,8177
176.77,8027
176.67,29231
171.09,69537
167.95,32098
168.19,25468
167.06,27340
166.94,22172
166.96,18964
167.54,9487
166.73,15783
167.47,7855
167.15,17618
166.79,22935
167.14,24494
166.89,55230
172.77,171367
180.78,141671
183.81,61362
182.77,41481
183.44,23943
183.01,17136
182.73,17159
183.53,9299
183.85,11889
184.03,16085
184.64,25250
184.66,24298
183.61,79693
181.6,32332
182.39,24959
182.22,9836
182.43,10734
182.39,20000
183.76,29580
183.05,9408
183.63,21001
183.58,7992
183.57,4943
183.25,4804
184.19,4599
184.73,33504
185.29,22475
187.77,15150
187.8,22282
187.76,11430
188.85,10800
188.92,4499
189.44,5001
189.85,5247
190.6,3825
190.23,4350
190.01,4939
190.46,10298
190.41,26584
190.84,16681
189.65,9995
189.07,3230
188.87,3056
188.48,5173
188.87,3917
189.24,4614
189.36,4721
188.47,9162
188.5,13808
188.66,7064
188.95,9322
188.69,20300
188.5,26611
185.87,17550
185.76,6187
186.37,5459
186.37,14229
187.21,4290
186.69,9838
186.56,3565
186.7,5222
186.92,5359
186.89,9100
186.72,11539
186.28,19994
185.78,12783
187.42,17797
186.94,17302
187.63,13466
188.01,11126
188.5,8489
188.56,4835
188.36,6722
188.75,4729
188.83,7840
188.69,5987
188.34,10012
188.32,23856
187.82,17718
188.51,20403
187.48,9844
186.6,5841
186.85,2820
187.03,3565
187.75,11152
187.67,5364
187.65,4619
187.69,3621
187.49,5035
188.03,7220
187.92,16452
187.26,9270
188.05,11798
188.64,7329
187.89,15049
188.07,5220
188.03,8238
188.09,5188
188.74,3869
188.85,3831
189.3,14665
189.41,5570
188.93,5469
188.89,25991
190.25,33730
190.67,17475
190.5,17045
189.96,4138
189.55,3442
189.38,4439
189.09,2033
189.02,2035
188.49,4478
188.65,2045
188.58,6797
188.48,17847
188.3,44640
188.31,11861
187.74,10842
186.74,5835
187.18,4812
186.93,3643
187.24,3264
187.17,1841
187.07,3447
186.85,2998
186.83,3761
186.46,10136
186.3,7540
185.86,32589
186.66,14594
185.64,11883
184.47,4895
185.8,5312
185.19,5343
185.28,5702
185.44,10560
185.57,8686
185.67,12812
185.82,7255
186.16,6522
186.02,4785
185.95,24319
186.31,10009
186.75,9604
188.32,4802
187.87,3736
187.93,6210
188.56,3413
188.29,2767
188.42,8528
187.71,4415
188.01,4037
188.22,6429
188.34,3433
188.39,18063
187.11,6710
187.44,5444
187.32,5652
187.96,2623
188.44,7845
188.29,7488
188.26,3628
188.73,2570
188.78,3203
188.81,2657
188.71,2391
188.58,5802
188.52,28261
188.01,9671
188.02,12296
187.9,4840
188.3,3016
188.42,4094
188.4,4556
188.57,3779
188.76,5910
188.38,1320
188.3,2082
188.4,4855
188.45,3766
188.31,35659
186.47,17691
185.96,16773
185.95,11364
185.65,10395
184.81,15111
184.2,8710
185.51,3151
185.57,3959
185.46,3410
185.52,8340
185.86,5473
186.2,5225
186.11,16958
186.47,13807
185.59,7680
186.68,8403
186.13,7220
185.87,1968
186.06,4029
185.88,2533
185.5,4746
185.02,2168
185.36,4065
185.8,5384
185.89,3464
185.85,18700
187.21,9559
187.68,7281
187.65,8395
186.67,2599
186.67,3791
187.47,3417
187.96,6552
188.27,2104
188.44,3323
188.28,2183
187.99,4661
187.52,5031
187.47,12656
188.02,8273
188.89,17785
188.49,5802
188.89,3659
188.48,1805
187.89,3383
187.56,3532
188.12,3779
187.96,5850
187.71,3159
187.5,3765
187.09,5198
188.05,25205
188.77,6911
188.27,6734
188.01,7176
187.47,7315
187.37,7051
187.02,16253
187.03,5120
186.58,5921
186.84,3258
186.8,3212
186.75,3638
186.67,6412
186.88,15216
186.32,15889
186.19,11111
185.54,11461
185.92,5390
186.21,3460
186.52,3195
187,7653
187.58,5526
188.06,3176
187.75,1519
187.7,3177
187.51,7783
187.51,22159
188.17,14444
189.67,13310
189.55,5049
188.99,3837
189.29,3984
189.37,3572
189.21,4365
189.63,3716
189.93,3901
190.08,5726
190.63,9972
190.74,16525
191.05,46548
190,16301
193.16,23444
192.32,17232
192.6,17301
193.01,19384
193.13,5240
192.31,3120
191.7,4031
191.56,3027
191.36,10012
191.16,10651
191.25,10650
191.46,29295
188.45,16678
189.7,14994
189.26,5936
188.65,24067
187.61,9386
186.91,8282
186.52,7266
186.1,10415
186.1,6291
186.78,5930
186.21,9373
185.84,13347
186.58,30685
188.26,8536
189.67,12887
189.11,5805
188.16,7089
188.82,4879
189.37,8172
189.16,9962
188.71,3948
188.15,2283
188.78,5700
188.53,3039
188.47,6899
189.13,13828
189.85,2302
190.12,21787
190.52,2650
190.72,3451
191.07,10439
191.61,6367
191.52,4258
191,3942
190.91,10195
190.54,6211
191.66,7356
190.34,8087
191.15,27516
191.81,59914
193.23,29705
192.86,18177
192.14,11756
192.11,8036
192.04,7034
192,17330
191.94,6554
192.11,10281
191.84,8335
191.07,11246
190.62,5691
190.32,25989
190.06,9848
190.43,5159
190.15,2932
190.17,3180
189.61,2769
189.79,2721
189.65,6563
189.8,2324
189.59,1812
189.21,6522
189.31,3148
188.95,3819
189.62,18816
190.13,11225
193.44,11420
193.38,3302
192.62,1606
192.77,2289
192.63,2019
192.55,2834
192.1,1471
192.08,2099
192.44,2770
192.69,3117
192.57,6954
192.63,18323
191.08,24093
188.74,25251
188.41,8096
189.18,2351
188.77,2391
188.21,6872
187.89,4201
187.37,5558
187.31,3112
187.53,12963
187.65,5258
188.16,7395
187.82,24198
188.65,5406
188.57,5136
189.34,3076
189.74,2474
190.07,2785
189.81,2890
189.36,3106
189.44,821
189.47,5029
189.66,4630
189.88,2665
190.12,3429
189.94,16454
189.07,8562
188.58,11190
187.92,11698
187.57,17971
187.04,3487
185.92,6968
185.17,5516
185.41,5245
185.66,2769
186.37,5614
186.52,10598
186.51,4149
186.4,39512
186.1,9283
185.91,11808
184.65,6640
185.66,8004
186.02,14738
186.28,2439
186.75,3651
186.33,5868
186.8,9704
186.92,3732
186.96,1485
187.21,7113
186.5,8612
185.29,12950
186.45,16377
185.41,12575
184.86,9834
185.29,13099
186.14,8311
185.72,18231
186.02,31572
186.01,8826
186.18,13655
186.2,12381
186.16,13379
186.05,45070
188.08,11778
188.85,14140
189.71,7456
189.13,8120
188.83,5153
188.4,3494
187.81,2828
187.78,3347
187.89,4112
187.79,5893
187.56,2277
187.41,4799
187.36,17883
186.26,8051
184.97,8996
185.42,7412
186.09,7096
185.28,6288
186.11,5551
185.48,5062
185.59,6704
186.16,3071
186.73,3197
187.13,3309
186.86,4670
186.79,34527
187.86,6463
190.6,9502
190.7,8813
191.03,4917
190.99,2843
191.35,6889
190.81,28649
190.74,6175
190.91,4763
190.89,4591
190.75,7942
190.17,5471
190.55,20104
187.75,14861
187.49,3737
187.37,5299
188,7012
188.1,3406
187.75,12790
187.56,2794
187.87,4343
187.6,3467
188.04,3942
188.79,1214
188.59,3340
188.87,14283
190.02,16869
191.98,59111
192.83,57380
192.71,24981
192.82,5390
193.29,7493
192.74,33522
192.28,7656
191.9,7039
191.82,5909
191.63,5773
191.39,7621
190.99,11477
191.62,5214
191.93,3277
192.64,4068
192.85,3245
192.54,2446
193.11,2783
192.44,2122
192.21,1487
192.42,1883
192.38,3694
192.63,2832
192.32,5811
192.39,17246
192.75,12034
192.79,10110
192.38,3998
192.94,2436
193.11,6016
193.74,4866
194.03,3144
194.24,5160
194.58,2515
194.56,2948
194.26,3229
193.62,5307
193.96,24911
195.89,11392
196.33,6775
195.85,9580
196.62,9751
197.07,13646
197.06,1955
197.15,3968
197.37,3049
197.12,5518
197.09,6147
197.27,4687
197.58,4295
197.48,21808
199.37,13400
199.02,40299
199.94,28469
200.67,16551
200.06,20358
200.2,962
199.87,1206
200.17,1298
200.23,1183
200.43,3708
200.58,2049
200.38,1789
200.54,11248
199.91,4188
202.4,8440
202.3,3698
202.47,5088
202.59,2766
202.83,4605
202.87,1912
203.08,2414
202.71,3001
202.85,4261
202.56,3178
202.32,3790
202.48,14625
203.66,8031
203.92,4719
204.52,4002
203.56,7224
204.05,2188
203.91,2513
203.89,3291
204,2278
203.91,1845
204.58,2413
204.38,2973
204.62,5790
204.42,22717
205.69,5977
205.23,6460
204.69,3463
205.08,2804
205.18,2883
205.88,5147
205.84,3582
205.73,1311
205.84,8957
206.11,5227
205.99,11059
205.9,9196
205.4,38134
205.89,10036
207.77,11227
207.65,3480
207.32,2995
208.03,3098
208.25,4170
208.08,2187
207.96,1395
208.2,4495
207.9,1345
208.25,1822
208.24,2650
208.61,12854
208.96,9113
209.57,4739
209.29,3315
209.32,8372
208.76,4117
209.46,1645
210.12,3216
210.11,2027
210.39,4001
210.2,3681
210.2,2003
210.12,2869
210,12769
210,0
210,0
210,0
210,0
210,0
210,0
210,0
210,0
210,0
210,0
210,0
210,0
210,0
213.97,16697
213.76,19673
212.25,4386
212.61,3425
212.4,5369
211.74,1370
211.96,3825
212.39,3583
212.05,4713
212.08,3050
212.32,1295
212.44,19437
212.6,14247
213.8,9192
214.74,9352
213.34,11271
214.18,5285
214.25,3205
214.8,2659
214.55,2621
214.29,2709
214.32,2346
214.3,9755
213.75,1429
213.25,12175
213.08,9009
213.56,7154
214.03,8959
214.47,6535
214.08,6666
213.83,4209
213.96,3826
214.26,1564
214.08,1130
214.02,4087
213.43,4148
213.09,10868
211.97,12835
212.49,29244
211.34,8164
213.48,6373
213.75,12700
214.18,10697
214.54,3388
214.84,3378
214.93,2182
214.99,1496
214.91,4079
214.95,2306
214.51,3225
214.51,6347
214.59,20524
215.54,65548
214.18,55080
212.34,51138
213.29,33257
213.06,33818
212.95,28452
213.48,20250
213.23,17373
212.85,22102
212.5,25874
211.63,24351
211.77,38180
211.48,39502
212.94,12276
213.1,11794
213.53,7621
214.15,4484
213.7,5764
213.14,5647
213.41,2620
213.9,3632
214.07,5613
214.25,9703
214.09,10249
214.06,17468
213.66,14750
214.42,12983
214.81,22471
213.51,8715
214.71,12810
214.29,7219
213.75,10714
213.13,9367
213.51,8982
214.01,7389
214.21,11909
213.75,13208
214.5,15221
214.25,30006
215.48,17169
217.16,13354
218.89,14529
218.9,17382
217.82,11938
218.54,9814
218.71,9440
218.19,6721
218.67,10209
217.88,11803
217.71,12797
217.44,27930
217.75,36014
219.17,16173
218.06,20510
216.85,12815
216.79,12499
216.4,8626
216.08,9758
216.09,10319
216.29,5877
215.85,5536
215.86,4976
216.29,8764
216.27,11720
216.07,24432
216.83,22662
215.11,14566
215.06,24016
214.68,12699
215.14,13708
214.18,10307
214.26,7849
214,7193
214.53,14069
214.53,7808
215.01,9129
215.09,11262
214.91,27018
215.75,23279
216.47,20330
216.06,17552
215.52,20009
215.37,15837
215.05,14583
214.96,13491
215.15,14022
215.15,20707
214.09,23029
214.1,19755
213.93,31150
214.16,53377
213.17,14603
215.21,13267
214.59,6964
214.82,6985
214.7,11850
214.57,7944
214.67,5598
214.59,4166
214.25,5695
213.71,15724
212.76,14674
212.71,14448
213.16,24992
214.75,18998
213.39,13571
212.32,11382
212.65,10766
212.87,8124
212.91,7693
212.74,6173
212.77,9070
212.78,5993
212.91,8343
213.25,10425
213.42,31216
213.61,24471
214.54,13538
213.53,16201
214.72,9437
215.25,9866
215.38,7439
215.65,5984
216.28,5609
216.26,9580
216.06,10687
216.17,11400
216.45,12424
216.88,14577
216.72,19847
216.46,25749
215.6,14920
216.39,13075
216.99,11224
216.5,8900
215.84,10621
215.51,10951
215.74,7726
215.81,9930
215.58,12626
215.77,8284
215.74,8783
215.81,22365
220.49,43216
220.71,31370
222.05,22750
224.31,19343
225.53,12284
223.81,16903
224.06,7374
224.57,11353
224.8,11426
225.56,10358
225.33,11923
224.94,16361
224.76,53303
229.35,86050
228.48,46439
229.68,42680
227.76,23850
225.62,25380
226.56,12700
225.58,30604
225.61,80152
226.75,21870
229.09,19471
227.53,17817
226.28,27354
225.77,59262
225.82,37282
226.49,19629
227.05,21649
228.43,20816
227.21,29095
225.9,12849
227.21,9897
225.75,9364
226.49,6082
227.05,7179
227.36,9811
226.82,10048
226.7,17593
226.8,18428
227.17,10850
226.92,10481
228.13,9812
228.87,8329
228.93,5068
229.4,3403
229.45,2428
228.38,3917
228.68,7708
228.33,7512
228.43,7052
228.54,30892
229.7,21169
233.23,18819
233.58,19641
234.6,8087
234.61,8670
232.75,9078
232.97,12055
233.27,14224
234.37,7442
234.18,6196
233.62,4929
233.24,7786
233.11,23137
230.63,26519
231.43,11422
228.97,10082
228.3,14441
228.72,5463
228.95,5955
229,3400
228.48,2009
228.87,6213
229.53,5724
229.47,6509
230.7,6276
230.39,23241
228.98,4364
229.99,4930
230.37,5845
230.58,6425
231.33,4456
230.68,4689
230.9,3172
231.22,3351
232.07,2540
231.3,4220
231.27,2795
231.14,3668
231.79,27031
228.81,18453
228.36,20706
229.36,10878
228.23,9071
228.59,11445
228.39,11978
228.75,25116
228.75,0
228.75,0
229.7,23954
228.5,19987
228.19,11085
228.59,10008
229.82,13394
229.67,14760
229.74,5667
230.3,5828
229.9,5055
229.09,7148
228.22,5602
228.15,8788
228.29,33440
226.94,22453
227.81,14994
228.62,15226
226.67,15418
227.16,12405
226.71,16810
226.41,11650
225.74,8888
225.76,15264
226.32,8070
226.24,8390
225.5,14942
225.36,43305
226.5,22864
227.99,17852
229.25,18245
229.82,14747
229.6,10653
229.6,11233
229.57,11198
229.14,9202
229.38,15605
229.25,15683
229,15175
228.53,15788
226.55,38190
226.08,42243
227.5,15975
229.23,16944
228.91,8232
229.81,19616
229.32,6585
230.12,8070
230.35,9113
229.99,9379
230.33,6196
230.26,12205
230.35,11679
229.57,40403
231.06,28202
231.73,26739
229.47,25287
227.6,17728
229.17,15285
228.31,13892
229.39,14555
228.55,14135
229.16,10221
228.21,10747
227.82,11871
226.83,19421
227.68,46359
231.37,25496
232.44,17423
230.91,12771
231.07,11313
230.77,9523
229.89,5702
230.68,5187
229.99,4617
230.95,4952
231.08,5619
231.14,7581
229.93,6835
230.35,30418
232.55,14052
232.9,28334
234.08,7163
235.92,5899
235.46,7228
234.91,6535
234.5,5748
235.07,2780
234.82,3809
234.88,3955
234.79,5348
235.3,4542
234.99,33535
235.33,11586
235.7,12685
235.48,8318
234.96,6617
234.18,6251
234.4,3722
234.64,2704
234.29,3178
233.93,5414
233.95,4285
233.7,2691
233.8,7015
234.86,33829
234.05,14721
235.29,6617
236.24,6336
236.69,7033
236.94,2303
237.28,2621
237.2,2224
237.46,3958
237.54,9654
238.82,13332
238.48,6714
237.31,6983
237.41,30222
237.28,10765
236.97,3572
237.48,5899
236.81,6445
236.91,3196
237.72,4095
237.81,2300
238.26,2117
238.39,3164
238.15,3708
238.13,2554
238.08,3677
239.03,27824
240.88,25447
238.58,20946
236.72,15014
237.31,9896
236.18,14929
236.61,14798
236.22,17124
235.83,9800
235.64,12370
235.52,15917
235.41,13993
235.49,13812
235.92,63408
233.54,18711
233.86,15933
234.52,20460
231.88,11944
231.78,6173
231.21,14868
230.89,10164
230.55,9037
230.59,24304
230.1,13469
230.67,12171
231.44,23651
231.78,44406
228.88,42455
231.31,16665
232,11834
232.94,9215
231.68,14044
233.24,8201
233.93,9253
234.7,4165
234.16,5980
233.51,18746
233.96,11681
234.67,22481
236.79,41945
237.11,21596
234.25,13609
235.28,9168
233.96,7494
233.29,12269
233.7,8166
233.56,10051
232.65,6992
232.84,4811
233.24,8084
233.74,10632
232.78,12896
233.28,42575
231.2,18500
230.3,14407
227.93,18643
229.64,17836
229.02,22055
227.51,7928
228.11,10966
227.23,7948
228.48,7484
229.49,6505
229.32,9073
228.35,12015
228.34,74486
224.77,34996
224.19,30067
223.29,17363
222.54,12023
222.87,9288
222.78,10635
223.01,7117
222.84,5700
223.88,5959
224.63,4030
224.11,8015
223.96,14077
224.16,31304
227.33,14055
223.59,11206
224.54,14629
224.79,18840
224.87,9950
225.45,4845
225.74,7131
226.32,3758
226.59,4751
226.37,8690
226.32,6509
226.17,4245
226.14,33659
226.89,4130
226.41,9339
226.56,9100
227.37,7810
227.19,2064
228.1,2369
228.43,2214
228.34,2326
228.77,2605
228.47,1847
228.18,3385
228.43,4347
228.63,17874
229.15,9614
230.15,9624
229.78,7662
229.69,4701
228.44,30618
229.79,1502
229.25,2969
229.33,2159
229.25,1278
229.25,2177
229.76,1614
229.85,2709
229.46,23311
230.89,2338
230.98,2903
230.95,3757
231.63,1913
232.01,3257
232.11,2918
232.33,8089
231.56,2659
231.78,1775
231.75,2073
232.28,2573
231.75,3472
232.03,11685
233.05,8059
233.06,6151
232.87,6137
233.43,2597
232.98,2695
233.34,4210
232.48,3430
233.04,3025
233.17,2260
233.54,1236
233.07,3487
232.94,2673
232.77,16804
233.97,9319
235.03,9908
234.75,2691
234.81,1881
235.38,406
235.53,412
235.39,5264
235.86,523
235.46,1614
235.71,2490
235.87,3210
235.94,5896
236.33,23204
236.98,4231
235.93,2246
235.8,1537
235.35,3440
235.73,1765
235.22,822
235.63,1975
235.7,1468
235.6,1589
235.64,2894
235.44,1102
235.47,2265
235.43,14389
235.06,4301
234.75,2145
235.77,2081
236.29,2633
236.55,955
235.93,1440
236.3,1380
236.73,1657
237.21,2678
237.34,2521
237.39,1328
237.3,2494
237.72,28506
237.6,9000
235.71,14357
235.2,15193
234.18,9923
232.61,11793
233.48,14218
233.56,5180
232.84,9820
233.26,10221
234.24,9671
234.52,3396
234.36,11097
233.7,41512
234.5,27703
235.82,18585
237.28,7839
237.6,19800
238.49,4970
238.31,5307
238.04,3249
237.38,3428
237.61,3575
237.05,4750
237.73,6099
237.4,4506
238.31,16062
237.1,42977
235.89,13376
237.26,17043
237.17,7645
236.79,9728
236.31,4695
236.38,19827
236.77,7934
236.77,5429
236.56,15796
235.78,10684
234.75,25982
234.66,48437
236.17,17188
234.82,21900
234.86,9744
234.85,14848
235.45,3841
235.41,7957
235.85,8750
236.31,5087
235.66,8892
236.19,12276
235.98,10635
236.49,7459
236.39,26898
235.49,13596
234.06,10989
232.98,22143
231.1,29299
230.76,11586
233.02,7595
231.37,3912
231.98,4261
231.18,5485
231.23,9555
230.48,11618
231.21,10612
230.67,40655
226.31,25030
223.09,22358
222.27,9756
221.28,16994
222.19,13462
222.57,4837
222.33,10870
222.95,15376
223.28,5588
223.94,3345
224.1,3665
224.69,11848
224.41,73752
227.47,35200
225.75,25201
226.11,17226
225.46,15066
227.15,8758
227.46,9071
226.67,15290
227.38,6247
227.52,3309
227.96,3062
227.49,5584
228.47,5502
229,41179
230.12,20352
231.9,22713
232.95,18160
230.9,12255
230.79,3934
231.13,5268
229.95,7128
230.34,4209
229.91,3406
229.81,7220
229.95,4678
229.69,3532
229.51,23463
231.95,6435
230.74,9111
231.35,11072
231.17,6654
232.28,4544
232.16,4761
230.93,6287
231.13,8054
231.3,3821
231.49,3457
230.46,7365
230.21,15016
230.38,30702
227.05,44819
226.81,19388
225.14,31449
224.19,29313
222.34,8047
223.67,15943
223.2,11506
221.89,11320
221.86,9128
222.36,6671
221.49,8587
221.89,15170
222.53,45140
219.38,41263
216.54,31652
217.29,34051
217.32,8615
218.06,13714
218.47,10633
217.33,8036
216.98,8270
217.67,5314
219.25,3201
218.96,4534
219.55,6438
219.06,27067
220.37,20584
220.43,15259
218.53,9313
218.78,8805
217.96,4113
218.66,7439
219.03,5342
218.7,1567
217.88,9029
217.74,8541
216.97,7468
217.73,9007
216.82,45462
217.05,27727
217.54,12358
216.23,11729
216.2,22445
215.34,20838
214.17,25688
213.57,26215
212.07,30213
210.91,12189
210.62,11996
211.12,25489
209.65,55981
207.43,106597
204.87,57710
206.56,25590
207.02,25979
209.78,37096
210.21,15437
208.49,13687
208.03,5924
207.3,6386
207.66,8323
207.54,10042
207.29,14922
206.96,22910
206.47,93717
203.1,23032
203.16,17870
205.34,15190
205.34,0
205.34,0
205.34,0
205.34,0
205.34,0
205.34,0
205.34,0
205.34,0
205.34,0
205.34,0
208.72,35386
208.17,26256
210.17,23465
210.15,14267
211.06,5668
209.21,16985
210.86,16754
209.76,13633
211.29,14510
212.34,17731
212.5,17473
213.13,24977
211.49,57339
213.87,11349
215.01,31370
213.79,16892
213.27,13156
214.51,17211
214.05,7080
214.34,4872
214.48,7422
213.83,8687
215.2,19557
214.65,35515
210.65,31836
209.26,36049
212.88,26734
212.22,31370
208.65,33346
210.99,19167
210.02,11887
210.14,17734
208.7,14632
208.02,16382
206.43,15596
208.37,7058
207.66,3842
208.31,12771
207.94,52699
209.42,12813
207.72,5556
208.86,7430
210.96,16631
212,7209
212.35,8738
211.68,7598
211.86,1755
212.6,8777
213.4,17136
211.75,11178
213.98,19348
214.56,52944
215.36,22116
214.87,25926
215.29,10353
215.76,5864
215.39,8346
216.44,7658
216.91,5108
217.43,17824
217.68,15357
217.7,12007
217.98,12081
217.57,12799
216.91,55123
219.18,22395
217.6,20369
216.11,12221
216.44,9244
216.73,3163
217.73,6675
217.32,7516
218.06,8901
218.15,4839
218.29,6329
218.02,9271
218.58,6769
219.14,27439
219.36,9715
218.62,6833
217.84,5508
218.86,3072
218.87,2815
218.93,4301
219.59,3578
220.12,3553
219.75,2818
219.98,1093
219.6,5870
220.22,5263
219.88,25367
216.72,9497
219.04,6251
219.75,4405
219.5,3078
218.95,4689
217.65,5860
218.06,4911
217.55,2729
217.99,3509
217.72,6140
217.9,7026
217.05,8265
217.16,37536
215.19,16809
210.5,13386
209.49,12780
207.34,24735
208.02,12422
209.08,10178
209.4,7986
210.23,14055
210.68,11341
211.93,16738
211.77,22287
212.19,25920
212.72,63605
211.71,16167
210.18,20223
209.98,8287
209.22,10277
208.57,9121
208.25,6471
208.22,4568
208.44,6365
209.25,5746
209.56,7710
209.44,5750
209.47,7782
209.37,27655
209.08,27663
209.5,12045
211.25,18191
212.13,7186
213.08,5806
213.19,4272
213.31,6156
213.57,4268
213.19,3372
212.88,3645
212.07,4251
211.76,6244
212.96,20527
215.85,13015
216.46,6924
216.7,8039
216.17,9661
215.79,6597
215.89,7006
214.92,9222
215,6085
215.01,6714
214.97,6109
214.99,17973
214.69,6741
214.71,20356
212.02,21518
212.82,9892
212.49,7502
212.79,6928
212.8,7036
213.1,3863
213.97,12425
211.56,5801
210.72,9977
210.68,9109
210.17,10921
209.51,12722
208.82,42550
209.43,9831
209.89,9212
210.05,3421
210.51,4195
210.58,4754
210.17,5113
210.41,8397
210.09,8659
209.55,13078
207.56,18396
207.57,5577
207.91,13334
207.54,16293
206.12,6984
206.01,5842
206.44,5397
205.65,3699
206.2,6036
207.25,5305
207.93,5456
208.56,5459
208.18,13185
206.84,10389
206.98,4171
207.25,4966
207.81,16248
210.26,9671
209.72,11247
210.25,12566
210.45,10266
209.88,4383
210.51,5180
210.01,5316
209.47,6190
210.5,5117
210.39,6358
210.29,4431
210.16,7454
210.01,33675
208.68,16278
208.13,9835
206.82,12274
206.15,11393
206.63,4763
206.77,8263
206.21,3816
206.78,3267
207.03,8350
207.29,18274
208.68,18241
208.23,12190
208.62,30514
207.39,21833
206.46,26826
206.02,13865
207.49,12759
207.06,4147
207.22,6198
207.79,6121
208.26,7189
208.3,12743
207.88,7132
207.25,8625
206.56,25201
206.15,34486
205.19,16315
205.72,16246
205.09,13687
204.36,16838
203.94,13770
203.18,14155
203.53,13122
203.18,14471
203.86,5146
205.21,25733
206.59,93948
207.42,23342
205.6,46532
199.89,80579
202.74,46630
201.29,36976
199.29,32972
198.41,30233
197.89,27284
196.6,30162
196.21,30015
195.99,37235
194.86,26074
195.11,12246
196.6,16399
196.72,70762
203.41,124620
208.09,68573
203.43,64730
202.04,42057
202.12,37339
203.63,25240
204.55,25814
203.83,35388
203.4,27518
201.98,85249
200.42,59937
199.41,50894
198.64,137667
192.08,63652
194.5,39262
193.56,19699
192.36,28174
192.53,25025
191.9,26929
190.68,22509
191.17,25292
192.49,34114
193.02,23717
194.24,26538
195.12,19227
195.31,64648
196.81,27193
194.49,26066
194.21,22810
195.98,24158
196.9,15588
198.16,15013
199.06,14064
199.24,10082
200.05,10158
200.09,6197
200.9,18695
200.29,20800
201.37,52946
199.69,27092
200.36,32283
198.86,34670
200.75,18531
201.42,16405
201.49,5496
200,11014
200.02,10168
199.98,17423
201.07,15974
200.07,12430
201.33,19986
201.94,47620
203.41,25574
204.63,26179
205.43,21587
204.91,13950
206.08,9514
204.34,16875
204.63,7332
205.27,11329
204.14,25076
203.99,14051
204.21,8392
203.36,16625
203.37,47459
203.73,25584
207.51,20169
209.35,18404
209.75,13442
210.96,8740
210.62,12146
210.47,7801
210.09,6439
210.28,9921
210.85,10106
210.38,12523
210.67,8381
210.96,51613
211.25,11113
211.25,10815
209.53,14011
207.5,12112
208.08,13219
207.92,9394
208.42,7411
209.12,7775
209.55,9099
209.81,7576
209.94,5955
208.56,13357
208.65,36828
206.44,16977
206.75,18014
205.85,12628
205.13,9481
205.68,11519
206.62,12210
206.98,7958
206.97,7373
206.04,9320
205.21,11903
205.61,4091
204.52,10730
205.13,32486
205.81,43955
208.4,34915
207.89,36909
208.6,30040
208.62,40260
205.42,23334
204.7,12362
205.31,15139
205.36,7377
204.9,19331
205.11,29296
205.07,51356
204.87,64023
204.87,0
204.87,0
204.87,0
204.87,0
204.87,0
204.87,0
204.87,0
204.87,0
204.87,0
204.87,0
204.87,0
204.87,0
204.87,0
209.66,20326
210.36,8640
209.34,8234
209.02,16717
208.22,11799
209.61,5803
209.82,6075
210.23,10947
210.79,6262
209.34,10696
209.17,8998
209.02,12938
209.63,57884
205.44,16957
203.93,14636
202.63,14428
202.04,5073
202.5,5540
203,10630
203.87,7213
203.61,10129
204.31,9300
204.21,8929
205.11,8367
205.45,12263
205.7,38023
205.73,10302
208.33,11445
207.07,10682
207.59,23849
207.65,6351
207.19,13140
206.37,8687
206.62,11301
207.14,12366
206.54,9347
206.62,7061
206.07,9282
205.07,28063
206.34,15410
204.52,7977
206.84,7063
208.3,8073
207.34,4504
206.88,4119
206.46,8978
206.32,4159
206.51,9492
205.59,11515
206.58,16061
207.42,23174
209.02,59667
209.59,8700
210.46,6872
211.15,9548
211.48,6351
211.26,5230
211.81,4254
212.47,4320
212.27,3054
211.75,7998
211.54,9996
210.83,6003
212.15,9836
213.36,31941
214.23,18197
213.52,15417
215.08,11142
214.23,13037
213.83,7371
214.26,5066
214.14,6033
213.85,9573
213.09,10312
212.89,13140
209.02,19878
209.59,15424
211.21,36860
211.44,18934
211.05,15039
211.58,14308
211.23,13422
210.94,5003
210.66,10172
211.62,5917
212.11,7394
212.92,7065
213.23,10844
213.61,14513
214.22,11622
214.45,41479
214.81,23087
213.31,37755
212.44,23202
212.18,13929
212.66,13223
212.3,9867
212.35,11801
212.28,14678
212.22,7319
213.08,8155
213,10371
213.86,20537
215.86,58335
217.69,23030
214.9,25021
212.4,24722
212.82,21306
211.35,14558
211.13,11736
211.31,21718
209.02,16051
208.41,11641
208.49,14856
209.26,8303
208.12,15062
208.46,32969
209.45,18084
208.39,9489
209.36,11569
209,4253
209.29,9526
209.08,5802
209.6,6882
210.74,10054
210.83,5251
210.73,10383
210.48,8404
210.46,9031
210.39,31153
209.16,13397
205.56,15894
205.69,11142
205.2,15708
205.86,9940
204.52,15926
204.06,10669
203.72,13004
202.62,15677
203.21,7169
202.97,16211
202.49,8679
202.81,44479
203.24,9998
203.11,9553
202.79,10427
201.83,12529
201.13,12106
201.85,4992
200.61,1727
201.29,4862
201.69,2668
202.03,5620
201.2,7676
201.12,15170
201.41,33698
202.99,45449
196.47,27853
197.14,19538
196.87,11503
196.09,9887
196.15,11102
195.84,14555
195.76,19522
195.63,18797
196.09,22923
195.98,13831
195.83,27254
194.7,83408
194.68,79579
192.77,35299
193.12,33823
194.24,24711
193.78,16873
193.65,6444
193.76,11586
193.37,15888
193.46,12917
194.1,9803
193.71,19920
194.76,12076
196.19,31907
200.26,36705
201.08,33926
200.28,14674
201.65,13388
203.02,10243
202.81,8607
203.07,4294
202.95,5373
202.46,12825
201.84,13962
202.33,10594
202,16284
202.15,36390
198.38,60934
198.27,15367
196.99,15445
197.11,37356
196.51,28285
196.2,28834
194.88,18937
195.08,10446
194.16,11290
194.12,21049
193.68,15721
193.49,33915
192.45,111563
189.6,50616
190.34,41670
189.67,36845
190.33,31122
188.88,16809
188.9,14814
188.79,8298
188.22,12334
188.27,17455
188.81,18698
187.55,14849
187.74,22746
187.06,90116
186.71,19754
186.53,21928
185.63,20754
186.34,11030
186.05,9356
186.07,10453
185.62,9150
186.09,8719
185.64,10308
186.09,23017
186.3,19166
186.47,16763
186.02,48086
185.35,16595
186.8,26608
185.94,17236
186.05,11687
186.08,12383
186.43,7694
186.34,7754
186.12,8729
186.26,12547
186.68,7550
186.71,11373
187.38,13354
187.41,34632
186.98,25270
189.21,44019
186.55,27400
188.41,20931
188.74,9992
188.65,9139
189.1,10106
189.54,10342
189.43,13567
188.98,20854
188.7,15235
188.59,21052
188.55,60506
184.76,20511
185.22,41157
184.3,20794
183.29,34130
181.78,59527
181.56,15853
182.21,14078
181.72,29418
181.69,21554
182.7,18320
182.93,16164
184.85,17257
184.11,64151
183.26,27956
183.45,18880
183.26,15964
182.8,13504
182.48,18654
182.69,15941
182.86,17599
183.77,19605
184.68,11547
185.25,20104
185.19,20306
186.06,18632
186.82,53498
185.62,16510
186.33,18679
189.69,23361
190.64,19091
189.64,14008
190.09,22136
189.81,12322
189.83,8183
189.89,8567
190.21,14177
189.93,12664
190.84,19326
190.99,40582
188.35,28245
190.1,15226
188.58,9704
188.45,7526
188.24,3276
188.91,5305
188.85,8252
188.44,3015
188.03,8760
188.04,38153
187.9,5992
188.29,20583
188.16,64235
191.98,44955
191.25,29747
191.14,19941
190.25,16264
190.23,16620
190.24,11172
189.93,14572
190.54,10419
189.71,7301
188.35,11406
187.78,13183
188.27,12988
187.41,30068
187.02,12001
187.24,10605
187.31,6500
188.72,4853
189.39,4947
188.92,4528
189.54,4488
189.92,3022
189.83,6497
189.31,3567
188.85,7768
189.01,9251
189.38,35999
189.6,19389
187.81,21615
188.47,14380
188.59,8312
188.83,8073
187.37,7551
187.39,3223
187.4,4985
186.67,9961
187.09,14113
186.8,8384
185.93,10397
185.5,24486
184.59,12298
183.16,19423
183.3,5501
183.75,6076
183.01,3086
182.66,8755
182.4,7975
182.29,9246
182.39,28722
182.18,13320
182.07,9233
182.5,8927
182.1,50143
182.55,14464
184.85,8094
185.15,10420
186.13,11594
187.4,6784
186.99,7446
187.29,6351
186.81,4016
186.71,8438
187.16,9193
186.98,9748
187.11,16656
187.86,31367
189.96,26700
190.63,18275
190.52,11848
191.46,13302
192.54,15915
193.39,8895
192.58,7290
193.06,13250
193.01,8537
192.74,9332
192.5,16007
192.53,24560
193.69,39681
194.19,13526
193.59,11877
192.73,8922
192.05,2783
191.35,15849
191.01,3189
190.79,5081
190.78,4253
190.72,8305
189.58,5504
189.68,5436
189.06,5646
189.68,26232
188.13,31687
185.08,17770
185.88,10039
185.36,11704
185.56,5890
184.38,12367
184.59,7875
184.59,4555
184.22,5044
183.38,9538
182.91,23073
181.62,14800
182.77,47200
181.95,25488
179.9,7794
180.59,9921
180.98,4833
180.71,3543
180.92,6162
182.16,9198
182.51,9723
182.38,9346
182.32,8788
183.62,9514
183.49,13735
184.67,47958
183.77,27550
187.21,31167
186.82,15309
185.72,11857
184.97,10697
184.74,7707
186.36,5020
186.91,6342
185.7,4789
185.66,7476
186.28,6012
186.24,6201
185.36,23583
184.24,25309
186.58,21288
184.2,17794
186.03,18281
186.18,12899
186.53,9937
187.58,8645
187.74,11009
187.01,11299
187.32,9482
186.03,9583
185.09,14214
184.4,34992
186.34,14718
185.5,9866
185.23,12434
186.81,15367
188.38,6941
188.13,7187
189.37,5839
190.12,3599
190.68,4872
190.17,5283
190.17,8906
190.95,13199
190.48,28372
187.28,8881
188.51,12198
185.89,8908
186.24,5715
186.56,6723
186.15,7039
185,4438
185.06,2310
185.58,4315
184.59,4448
184.18,2888
183.72,5329
183.31,37823
183.28,14635
184.91,23973
187.75,20997
187.08,11168
184.95,6423
186.09,4835
185.68,4285
184.29,4766
185.1,5254
183.95,6042
183.49,8273
183.89,11313
186.46,37816
186.65,16599
186.44,19848
187.49,38434
186.59,9288
188.86,4762
187.93,10680
187.07,5240
187.39,4975
187.16,6302
187.16,6695
185.48,9311
186.42,5128
186.31,25841
186,4172
187.48,5646
186.79,6697
186.89,9277
186.29,7862
186.01,16792
185.75,16536
185.18,8993
184.75,17626
184.65,14530
184.75,36906
188.17,47454
191.09,50464
188.5,17105
185.67,18360
184.33,20081
182.63,8619
181.86,19861
180.77,11495
181.5,6412
181.97,6091
182.68,4467
181.8,5647
180.14,7218
180.84,16627
178.9,45897
179.25,22038
175.85,21037
177.35,13054
178.81,15328
179.33,9212
178.2,9158
179.45,7297
180.25,7060
179.49,5183
178.69,10551
177.63,19865
177.14,16621
176.87,44486
175.01,35761
180.08,16062
179.03,10264
178.34,10278
178.9,4911
179.86,4779
181.1,3438
180.24,6714
180.84,15502
181.69,7432
181.34,9957
182.72,20970
181.98,49312
183.01,22021
179.41,22666
178.32,19563
178.06,17037
177.2,20046
177.61,13295
176.56,12677
175.95,8562
177.71,10450
180.12,8110
178.87,10068
179.13,18856
178.36,31372
177.54,29980
179.84,23022
178.98,23591
178.25,21140
177.43,16284
177.2,25491
176.15,18886
174.34,19247
174.12,22002
174.51,24014
175.6,29613
175.49,24912
174.41,91070
173.57,31587
176.58,33034
177.76,14011
178.59,17263
178.32,13100
176.21,14217
176.82,16313
176.08,10694
176.12,9543
174.68,15110
174.64,9039
174.5,23176
175.72,65923
176.86,25596
180.46,15927
181.38,9873
181.91,15026
181.26,10254
180.16,7514
179.77,5336
179.54,4111
179.33,2868
178.41,3735
178.28,7290
178.79,11062
179.44,34570
177.99,40812
177.13,24291
179.11,13027
177.52,17361
177.59,8938
179.63,4387
178.8,2394
178.64,5389
180.18,5473
179.95,7701
181.07,15626
180.94,13306
180.53,40482
184.03,67095
178.92,37517
176.59,46477
175.06,45943
174.4,43689
175.55,14749
176.7,15378
176.4,31146
177.34,31543
177.89,22394
177.79,16037
178.97,24203
179.54,51213
173.24,151318
175.25,36086
175.04,28484
174.29,33110
169,19898
169.46,33640
168.3,31276
170.24,28410
168.67,16420
166.99,12193
167.75,13833
167.7,24984
167.23,97249
168.9,30767
172.92,23056
173.79,14267
174.63,10970
174.09,9767
173.61,9068
173.9,10993
173.39,7222
174.4,11804
175.59,10864
175.58,14380
176.2,23529
175.62,42002
174.39,20067
170.9,19251
169.21,13867
167.3,14013
167.32,13989
168.73,18109
167.18,17540
166.46,16312
165.65,19990
167.08,16930
166.86,22098
168.49,26740
168.93,39421
172.01,15307
168.29,13239
169.23,12298
169.74,12712
170.34,13848
169.67,5881
170.46,2663
170.85,3920
170.74,7201
171.58,12391
171.63,9404
171.88,11479
171.54,44860
171.08,40316
171.45,39105
169.46,31874
168.85,18532
169.87,15392
169.39,13532
169.72,6794
169.04,12121
169.17,12636
169.08,24020
169.23,23937
169.54,22137
170.34,62883
168.51,22267
171.58,16997
174.18,32203
173.44,12604
172.16,5656
171.95,8021
171.88,16458
172.16,7451
172.61,4696
172.46,17808
173.42,14261
174.28,16348
174.84,30760
176.48,7717
178.71,11155
179.16,5219
179.77,9423
180.4,5963
181.4,11899
181.32,8599
181.16,5316
181.25,5862
181.55,5821
181.12,6826
180.9,10614
180.68,37636
181.66,24913
182.86,8801
181.48,5748
181.45,2305
182.46,3314
183.27,7216
183.34,4869
183.34,5863
182.81,3694
182.89,4711
183.25,7516
182.8,11784
183.74,41093
182.86,38652
180.52,19633
181.01,10237
181.12,10167
180.65,9117
181.92,7308
181.14,3176
182.01,4771
181.35,4773
182.09,6765
181.74,11484
181.14,15863
181.8,91983
181.51,25963
179.87,28039
177.74,16141
177.64,15201
177.59,8237
177.43,7367
177.76,7149
177.94,5419
177.77,4316
177.87,4170
178.34,6185
177.79,14303
177.77,33077
177.53,18886
178.85,22013
177.57,8610
177.4,13916
178.09,5920
178.32,3216
179.09,5695
179.33,4328
179.77,5699
179.69,5547
179.77,5979
180.16,6273
180.02,29239
179.1,19987
179.63,14717
180.11,6862
180.61,3969
180.33,3610
180.69,2028
180.79,2280
182.32,3385
181.39,3881
181.27,4855
181.6,4223
181.06,7739
180.5,35904
180.82,21506
181.39,13722
183.07,9032
183.43,11322
181.93,3475
182.87,14999
182.39,5514
182.95,6742
182.76,9922
182.43,8044
181.47,6667
182.13,9924
182.05,39371
175.81,30358
177.72,22018
177.88,16694
178.48,8968
177.59,8365
177.48,8293
177.3,9889
177.93,5061
179.13,2079
178.62,5891
179.22,4634
179.66,6324
180.33,30927
179.78,30149
178.38,11541
178.68,6926
178.48,6202
179.3,8053
179.41,8192
178.86,6802
177.96,8980
177.77,8189
177.54,6801
177.95,7888
178.12,9913
178.53,57114
177.49,22467
181.88,6868
181.57,5701
181.33,6567
181.3,10744
182.4,6549
182.52,2815
183.39,2503
182.77,7108
182.7,9238
181.95,5745
181.15,22693
180.1,30058
174.97,30287
174.61,16306
174.16,8343
173.98,8016
173.43,3847
172.95,3258
173.5,3259
172.88,3389
173.33,8174
173.6,6036
173.18,6649
173.72,6158
173.36,31279
168.91,34687
169.16,24343
168.3,16273
166.86,17261
166.67,15657
166.86,18366
167.31,7825
167.55,5952
167.68,8756
168.01,14110
167.59,10553
167.13,12999
166.69,26579
167.17,19802
167.04,9429
165.78,7292
165.92,7053
165.47,7479
165.26,12753
163.71,8401
164.45,5367
164.67,10645
163.72,3955
164.79,4831
164.04,8868
163.8,27495
165.89,15824
166.59,15956
165.19,12591
164.64,8482
164.46,3088
164.73,5832
165.45,4493
165.02,3607
165.63,12059
165.71,20232
163.58,28885
164.93,19538
166.5,32883
160.89,41537
160.92,37745
159.11,29938
158.29,17274
158.42,11762
158.74,8404
158.31,4490
158.48,7341
158.43,13599
158.01,11634
157.57,24493
157.85,29927
158.73,79609
158.01,21966
159.47,19176
158.73,15509
158.88,16159
160.68,16386
160.03,9860
160.56,7358
160.54,6071
160.87,6905
160.85,5331
160.61,10485
160.21,27877
160.21,74509
162.23,25715
161.69,18319
162.1,7121
161.52,14834
159.18,14205
159.43,13718
158.93,10352
159.74,5354
159.2,10635
158.47,14543
159.05,8873
159.51,15168
159.09,41667
157.71,19302
157.95,26772
160.54,9798
160.37,11453
160.29,12138
158.97,5423
159.63,5591
160.38,8084
160.85,8449
161.06,8543
161.02,8616
161.14,19317
161.25,52064
161.09,27406
162.02,11646
161.16,10786
161.77,7560
161.87,5391
161.63,6571
161.07,8374
160.36,6773
161.15,7011
161.03,4462
161.14,7257
161.94,9506
162.04,41853
164.08,29722
165.48,18269
166.44,15857
167.71,8857
168.23,5723
168.35,6049
168.06,4889
167.86,5604
168.07,9372
168.34,5967
167.66,8330
167.93,10685
167.93,37499
168.99,17271
169.1,19480
169.65,14896
170.65,28217
170.67,4744
170.61,5033
170.26,5808
170.75,7943
170.26,5429
169.91,6144
170.25,6137
170.13,7597
169.92,26860
170.15,13979
169.21,21500
167.17,13087
167.22,13554
166.67,17735
165.34,20701
165.19,13768
164.61,15777
164.63,21308
164.21,18933
163.13,20195
162.69,33467
161.92,97734
161.99,20281
162.61,11909
162.56,12647
162.81,4728
162.78,5373
162.82,6878
162.16,3320
162.57,5643
162.12,7241
162.84,10346
163.16,8539
162.13,14866
162.66,44708
159.8,22898
158.48,18342
158.33,11425
159.69,8379
161.19,9105
161.31,7862
162.18,4779
161.52,4669
161.92,5273
162.06,5498
161.59,9584
161.43,8301
161.61,40997
161.99,25486
164.25,21840
162.39,7171
161.39,14282
161.84,4653
161.62,19984
162.03,6448
161.91,6142
161.94,9485
162.81,6282
163.19,5870
163.69,8674
163.5,27405
161.99,19153
163.01,12919
162.27,10768
162.32,5253
162.93,11731
163.48,8335
163.67,3364
163.46,7281
164.54,6101
164.42,5117
165.44,11151
165.24,11099
165.66,47602
166.99,11098
165.11,9038
165.33,12710
166.22,8354
165.28,4925
164.52,2894
164.15,3006
164.31,4634
164.16,8446
164.26,12141
165.24,6983
166.03,7873
166.16,22155
166.02,7700
166.66,24385
166.75,7863
167.67,11354
167.56,3778
167.34,2932
167.54,3000
167.4,5959
167.03,4977
166.7,4709
167.37,4195
167.43,5156
167.53,43367
167.04,11127
165.85,13391
166.72,8242
167.14,7290
166.83,4081
167.01,3097
166.56,5575
166.72,6270
167.19,4907
167.64,9429
168.56,9688
168.56,8859
168.35,33623
167.34,18772
167.69,7803
167.41,5722
167.04,6002
167.23,4748
166.85,2509
166.52,3818
166.62,3397
167.59,1590
167.32,3793
166.9,5099
166.76,10845
166.47,24208
168.39,13036
169.53,9551
168.39,9433
169.16,6155
169.51,1172
168.74,2782
169.19,7049
169.11,4965
168.76,2502
168.09,1263
168.41,4678
167.69,10246
166.99,46011
165.07,10997
164.97,7104
165.05,6663
168.34,8755
168.32,9763
168.06,10977
168.37,5410
168.61,2342
168.8,1955
169.06,3852
169.59,5599
169.43,9778
169.1,16950
165.54,12038
166.08,7669
165.56,9129
165.25,10201
166.42,5161
166.77,4023
166.53,2209
166.08,2447
166.89,2663
167.38,1181
168.5,4223
168.08,4569
168.68,12646
171,8366
170.8,18700
171.35,14500
170.89,5143
171.46,3705
170.83,3766
170.36,1178
170.68,855
170.71,2462
170.38,4897
170.35,2856
170.36,7391
170.55,23078
172.41,13837
173.61,17328
172.98,8016
173.51,3794
174.02,5971
174.5,4983
173.91,7863
173.72,4094
173.62,7538
172.7,3553
172.32,4334
171.98,8402
171.97,17734
173.42,12209
172.53,15222
173.21,5672
173.69,4757
173.92,5749
174.4,8063
174.87,4890
175.35,1717
174.75,2030
175.45,3881
175.62,2231
175.65,4262
175.77,16506
175.02,10143
175.17,13447
176.01,9003
176.6,8678
176.76,5272
176.88,4344
177.29,4620
177.04,10941
176.18,12004
175.73,8898
176.95,8994
177.19,5879
177.55,24512
177.5,18372
177.45,7687
176.22,9365
177.38,10522
177.66,6759
177.87,2665
177.98,2440
178.26,2683
177.62,3943
177.92,8099
178.31,3798
178.65,5305
179.18,29015
180.87,26591
182.94,13144
182.83,4388
183.42,5117
182.14,2308
182.48,4593
182.15,4277
181.64,3034
181.11,4818
180.95,2639
180.92,6510
180.92,5672
181.61,28868
181.69,29307
181,18261
180.83,5300
180.85,7352
180.77,4031
180.43,7613
179.89,6771
180.46,5412
180.73,13413
180.32,12778
179.95,9442
180.02,11417
180.02,54628
175.05,47635
175.83,29781
176.55,6057
176.93,8373
175.14,10823
174.48,4879
174.63,4311
174.54,3207
174.92,2161
175.07,5754
174.67,4950
174.8,9992
175.1,15661
175.11,58754
171.62,17663
174.35,10557
173.9,4630
173.14,4255
174.1,3740
174.03,6475
173.5,1230
173.99,5347
173.92,6741
173.79,16131
175.67,10334
176.93,15884
173.88,62948
172.84,16340
173.33,30684
174.26,39457
175.62,33917
176.09,12322
176.72,21766
176.83,15264
177.3,8602
177.74,7386
177.21,12246
177.03,15328
176.85,36388
176.05,24416
176.28,25433
176.35,8195
175.69,14071
176.08,9936
176.11,15061
176.2,12675
176.51,16370
176.42,10130
177.08,16293
177.65,14606
177.8,9076
178.12,38389
177.87,31493
180.09,11303
178.92,59949
180.36,32352
180.72,26486
180.64,5808
180.75,4252
180.89,4082
180.37,8037
180.12,11145
179.86,7077
180.41,6713
180.7,24665
179.13,23042
176.8,16720
175.79,12430
176.75,7661
176.62,5460
176.92,12737
177.44,3939
177.09,4126
175.92,7703
175.38,6963
175.79,5638
175.72,6710
175.52,38980
176.6,17426
178.13,17793
177.38,5814
177.96,6981
179.43,12094
179.47,10556
180.01,5650
181.21,4256
180.68,4725
181.02,3980
181.37,3947
181.68,5429
181.57,21379
181.78,25215
183.61,14705
184.32,12362
184.5,12507
183.95,4965
183.64,7623
183.11,4780
182.39,2903
182.27,3068
182.14,1710
182.06,3468
182.33,14277
182.94,20977
181.84,10682
182.5,18665
184.51,7046
182.73,7687
182.86,4446
182.21,6295
183.13,3415
183.88,3290
184.24,2006
184.01,1967
183.92,3280
184.38,6929
184.31,19714
185.6,31197
189.06,11344
188.5,12104
189.29,11170
189.24,9332
188.34,18748
187.78,10916
188.29,8843
187.74,5326
187.92,5220
187.82,4631
187.23,7960
187.02,28918
186.42,33658
181.93,30635
182.18,15316
182.07,20135
181.87,13673
181.04,15096
180.51,10660
180.67,10824
180.31,9483
181.19,8349
181.02,9131
181.19,12150
180.99,37792
185.5,19111
186.16,14738
185.87,30156
186.81,53542
187.06,3535
186.94,16580
186.53,3638
186.52,3338
186.38,1629
186.58,8718
186.86,6743
186.34,6754
186.66,17600
186.82,38004
189.03,47000
188.98,13357
188.37,8898
188.06,5648
187.1,10088
187.56,6079
187.36,4527
187.26,2950
187.6,6132
188.15,13303
187.45,4322
187.47,101933
188.68,14506
187.83,16623
188.49,8450
188.66,14409
189.45,17317
189.32,8007
189.76,6727
189.8,6639
189.62,7717
189.82,2737
190.01,3038
190.34,14331
190.83,27909
191.46,22265
192.4,15815
192.05,10862
191.67,10749
191.76,7754
192.31,8021
192.8,4114
193.17,12232
192.65,10254
193.13,6228
193.41,10753
193.72,19566
193.59,41442
192.34,37125
195.89,19730
197.51,14192
196.99,13606
198.71,15930
200.79,12100
200.04,9826
200.44,15629
201.56,9612
200.89,14695
201.4,21035
199.37,14784
199.62,61466
196.87,89632
203.08,105715
203.54,47651
201.53,38925
200.89,26010
200.46,31318
200.06,32848
199.68,21107
199.55,21134
200.49,20682
201.06,17243
200.81,22848
200.35,59510
200.05,20053
201.08,21476
201.59,8376
200.03,7837
200.69,3235
200.65,2756
200.02,4797
199.7,3100
199.98,2885
199.79,13767
200.05,6761
200.23,10473
200.56,26877
199.87,16735
198.22,8597
197.91,5568
196.66,6738
197.25,4994
197.19,3684
196.88,4592
196.9,4315
196.47,7658
196.13,10733
195.83,7464
195.47,17012
195.85,36718
193.93,16127
196.93,21456
195.09,9143
195.85,6451
195.72,5216
195.69,5338
196.16,5872
196.41,5884
195.73,5844
195.59,8100
196.05,11070
195.52,10258
195.46,29856
195.12,14221
194.43,20184
194.39,13894
193.79,5303
193.06,3759
193.2,5230
193.26,3931
193.44,2385
193.37,2865
192.63,2669
193.3,1934
192.86,8298
192.88,24931
191.96,11201
192.37,12724
194.26,15818
193.84,10860
194.68,9229
195.04,6976
194.65,5015
194.02,5174
193.82,4362
194.12,5694
193.76,5334
193.87,7085
193.95,25476
193.54,16554
195.2,16164
195.48,9822
195.74,12836
194.42,9649
194.52,4757
194.32,4104
194.2,1584
194.32,6261
194.32,7998
194.37,5161
194.27,6512
194.71,23117
196.74,10095
196.64,25244
192.78,10775
191.57,7638
190.76,3472
189.71,8910
189.19,2852
189.19,6491
188.73,7175
188.76,4092
188.19,3376
188.01,7767
188.22,28569
185.82,28334
186.66,18345
186.46,13811
186.68,10913
186.66,9568
188.01,6888
187.65,5953
188.28,7427
188.26,9945
188.53,9322
188.51,8055
188.47,11182
187.35,40016
188.37,17571
186.42,15329
184.59,14730
183.65,4541
183.72,5027
183.92,5323
183.57,3425
183.47,2485
182.77,4706
183.05,3415
182.89,7952
182.68,11749
183.34,24241
183.02,19438
181.52,14863
180.76,14035
181.63,8029
181.03,3048
182.19,2542
182.07,3129
181.95,1306
181.36,3680
181.06,4413
180.86,4888
180.73,11631
181.12,34972
179.69,17696
180.66,9784
180.61,7712
179.92,6915
180.18,8880
180.02,3248
180.21,4866
180.08,10999
180.41,5692
180.18,11105
180.61,13282
180.9,21838
180.68,21222
183.45,11251
181.9,5406
183.07,8614
183.93,8482
184.41,5953
184.72,4678
183.44,5857
183.06,6020
181.62,8435
181.25,6448
182.02,5319
181.75,8389
181.56,30806
182.26,23719
178.88,9978
179.3,7241
180.05,3460
180.2,1439
180.84,2167
179.58,1826
179.7,1603
178.82,4740
179.04,5198
178.56,4001
178.66,3830
179.16,18318
180.14,15484
181.69,16887
182.73,9368
182.59,5917
183.37,3140
183.84,4361
184.23,8371
184.81,5131
184.76,10750
186.03,5935
186.58,4312
187.43,9957
187.23,29957
185.74,11142
186.46,18364
186.53,13460
187.7,10576
188.27,6745
188.1,9249
186.56,5153
187.48,5951
188.12,10524
188.56,15400
189.01,17838
188.78,21267
189.26,35496
189.15,17644
190.32,13489
191.07,10794
190.82,15602
190.37,6144
190.24,10466
189.97,6342
190.52,13874
190.59,5361
190.91,15832
191.14,6804
191.33,13369
191.33,54783
192.3,19349
193.97,8417
193.55,5718
192.44,4488
192.93,6741
192.06,4982
192.29,4087
191.75,3781
192.13,2010
191.86,7395
190.97,2803
191.37,3452
191.51,23899
187.37,36730
184.92,40170
184.45,5652
184.19,3698
183.9,2375
183.93,3913
183.07,2761
182.93,3739
183.46,2936
182.66,5347
181.83,11108
181.22,10356
179.83,50707
180.47,18598
178.06,13424
177.77,17112
180.47,14050
180.21,5906
179.94,6638
179.11,7027
179.75,5296
180.11,11868
178.28,9810
178.27,6160
177.67,17106
177.09,30482
179.17,13246
180.34,10060
179.5,13460
178.69,12761
178.48,3409
178.04,4039
178.17,5223
178.89,4911
179.01,6405
178.25,6704
178.34,7359
177.35,9340
176.66,34752
176.21,16176
177.19,13228
178.87,21059
176.73,20025
175.83,10533
176.97,5608
176.09,12584
176.45,15972
176.06,11640
176.03,15965
177.04,21459
177.38,8808
177.34,26797
177.31,16665
180.95,18787
180.64,5545
180.6,4405
179.97,1542
180.08,3128
179.84,4464
180.53,5458
180.62,6079
180.06,5178
179.59,5936
179.97,13112
181.25,23241
178.52,15633
179.11,15979
178.11,12477
178.13,6916
177.67,7307
177.84,4667
177.41,5135
176.88,3980
176.13,3873
175.69,13314
175.74,9275
176.13,20286
176.57,22880
178.26,11666
180.31,6915
180.19,4841
179.89,6838
179.73,2804
180,5466
180.02,3094
179.79,3086
179.75,5310
178.86,22731
176.57,22105
178.93,10834
176.5,28856
174.47,15291
174.56,15338
173.56,6034
173.37,5999
173.77,4930
174.15,5177
173.92,3637
174.37,9267
174.61,10232
175.25,5615
174.42,7272
175.24,10793
175.5,40718
173.61,21956
173.58,8874
174,12937
174.23,14317
174.97,5546
174.22,3847
173.09,11281
173.47,5396
173.26,8815
173.28,9289
172.66,6819
173.2,6474
174.15,30573
174.9,12877
175.53,12582
175.34,6409
175.19,5627
174,8393
174.8,5583
173.87,3552
174.13,3365
173.01,5635
172.99,3683
173.22,4777
173.97,7290
173.86,26884
174.4,16880
176.25,14965
176.1,15468
176.42,7534
175.22,7485
174.37,6510
173.77,6749
174.31,5399
173.37,5913
173.67,6608
173.62,8187
174.66,17551
174.14,27095
178.55,40129
178.32,14428
178.68,14629
178.8,4515
178.71,14447
179.89,6699
179.64,3794
179.43,5302
180.01,7204
180.08,6804
180.16,13168
180.21,22771
180.53,36499
178.25,17425
177.96,9475
177.81,10034
178,3683
177.73,2646
178.06,1428
177.65,4853
176.79,3964
176.62,5755
175.64,5462
176.4,5352
175.56,10783
176.38,31658
175.79,24534
175.98,17445
176,16365
177.18,9069
176.95,4461
175.83,4979
176.61,1992
176.62,4326
176.77,3940
175.82,4003
176.11,4330
176.01,4494
175.4,63728
177.47,18937
179.06,18086
181.19,15978
181.09,12418
181.39,9130
180.88,10928
180.62,15256
180.73,8584
180.94,12298
181.1,19097
181.45,19701
181.57,15105
181.41,50153
183.07,12495
185.06,7181
184.58,7659
184.95,5208
184.88,4593
184.33,2810
184.46,3298
183.41,5276
183.22,3772
183.49,5110
183.18,2354
183.89,6131
183,37405
181.12,12296
181.71,6378
182.4,4441
181.74,5077
182.28,3561
182.56,5219
183.03,3904
183.77,2517
184.33,4318
184.11,9886
184.75,5566
185.28,8702
185.63,23192
184.24,9785
186.06,10629
184.8,9456
186.63,7996
187.15,13032
186.71,13139
186.46,3727
186.73,2896
186.72,3692
186.86,4348
186.42,4191
185.93,4153
186.55,18737
183.82,5017
183.37,7153
183.45,4276
183.33,4555
182.55,3568
182.72,2221
182.29,1931
182.3,878
182.83,1489
182.66,2118
182.29,3058
182.01,2156
181.71,22135
181.67,10356
180.6,8407
181.9,6322
180.67,4111
180.48,2388
180.79,702
179.81,4623
179.24,1941
180.08,1737
181.07,1444
181.12,9255
181.23,10095
181.29,28500
181.67,10208
180.98,5905
181.36,2958
182.16,7490
183.33,4900
183.3,1949
183.34,1799
183.59,1751
183.21,2284
183.28,4436
183.33,5805
181.52,12607
181.75,23528
184.1,10074
182.73,5655
182.57,2165
181.65,3022
181.62,1629
182.02,2113
181.92,2757
181.47,2142
181.38,5678
180.84,11628
181.75,6901
180.95,7931
180.51,27757
176.2,32373
174.86,39153
175.44,18260
176.96,29080
179,19308
179.66,11559
178.67,21619
178.83,7170
180.67,3293
180.43,1974
179.57,11698
180.33,8217
179.56,33049
180.87,13678
180.29,7098
178.65,9573
178.09,7367
178.55,4621
177.41,7180
177.45,3284
177.42,2920
176.77,3794
176.76,2164
175.55,1250
175.88,4677
176,26775
179.17,6368
179.43,5965
180.27,5567
179.82,7809
179.71,6079
180.04,4609
180.04,7196
179.78,8084
179.91,7005
180.45,8084
180.03,7244
180.73,7797
180.29,32987
183.67,36105
182.73,10596
181.8,5477
182.04,13909
180.41,6830
180.29,4606
180.51,8219
180.56,5302
180.64,10165
181.14,9923
181.47,10318
180.21,8109
180.14,53212
175.5,69842
171.98,41534
172.7,23658
171.09,29635
171.92,11231
171.97,7083
170.36,8721
169.7,22174
169.29,21485
169.67,16311
170.96,37088
170.74,43195
171.18,178198
171.05,27815
170.25,16131
172.38,17369
171.3,8686
170.17,4310
169.89,8194
168.53,8217
168.2,11460
166.88,11261
166.42,7664
166.1,5235
166.49,18418
165.91,46247
165.86,9119
167.64,26079
167.12,15328
165.78,15746
166.08,5623
167.06,9654
166.81,4239
168.09,4882
168.6,6793
169.04,3162
169,8600
168.81,10074
170.32,29095
172.19,21583
174.54,16509
172.45,9338
173.42,16107
173.17,10818
174.07,8255
174.72,7375
174.03,6559
174.23,8164
174.26,9584
174.61,8469
175.69,10573
175.72,61053
176.86,29629
178.51,19988
179.92,16189
179.94,10400
180.63,14469
181.51,9971
181.37,18060
179.91,12499
179.52,7561
180.25,2395
180.71,3812
180.72,8139
181.2,44758
180.52,13303
179.22,27665
180.7,7585
180.56,6712
181.61,5648
181.78,9771
181.46,4128
181.05,8684
180.91,5418
181.34,4610
180.8,4139
180.77,8600
180.93,26051
182.3,12717
180.11,18704
181.63,10904
181.35,4725
181.62,6393
181.62,4692
181.12,4089
181.82,3615
181.73,2318
180.66,2451
179.93,4560
180.45,6102
180.59,29840
181.12,6869
181.93,20281
182,7908
182.74,4843
183.02,2922
183.3,3873
184.27,4973
184.39,7447
184.69,5178
184.86,6603
185.85,14513
185.73,12450
185.7,45935
183.45,28415
182.65,13733
182.79,11894
183.76,12964
183.31,16638
182.68,6222
182.7,5840
182.51,9232
182.53,13070
182.1,5262
182.32,3011
181.82,8036
182.02,44343
185.43,22292
183.93,22220
182.52,12978
180.52,14563
180.09,10866
180.18,8276
180.35,5580
180.68,4943
180.6,7402
181.16,3897
180.91,6932
180.76,11980
180.66,51125
180.48,20612
178.35,19152
178.26,16093
179.44,28788
179.85,7970
179.17,7507
178.52,5551
178.49,5050
178.31,5652
179.59,28704
181.27,31351
176.71,46224
174.66,69582
168.86,43359
167.65,30589
169.48,19352
168.84,10311
168.72,4789
169.15,31687
170.57,7353
169.21,14708
168.25,13725
167.87,11570
167.91,6075
168.34,10923
168.61,57187
169.55,59087
172.72,54770
174.86,22402
173.16,21779
171.37,10335
169.13,16561
168.68,14656
168.1,14386
167.83,19228
167.36,27527
167.8,14507
168.76,67072
168.85,124598
171.26,19585
169.57,29254
170.09,12356
171.52,14817
172.2,15089
172.17,13892
172.67,18345
172.53,10796
173.21,8480
173.28,9970
174.51,13615
174.11,22933
174.79,54322
175.46,28440
174.23,24513
174.88,15021
175.43,13956
176.66,6240
177.25,2144
176.87,4354
176.96,9610
175.34,7216
175.19,4850
173.73,7599
175.03,12408
176.14,42748
174.8,25506
176.13,20472
177.88,12989
177.45,9603
177.47,8407
177.4,7803
176,10554
175.99,11319
175.79,6979
175.05,8982
174.97,8559
174.91,9561
175.05,28669
183,36018
188.29,24354
190.68,25739
189.9,19846
189.38,13903
190.32,11803
189.12,9332
188.19,9547
189.9,10474
189.83,6684
189.64,9856
190.04,12775
190.51,56477
191.64,23397
194.12,17111
194.99,16440
195.92,12805
193.86,6556
193.17,5477
194.14,4726
194.42,12824
194.13,6809
194.43,8143
196.12,11497
197.1,11627
195.53,36844
194.66,28211
195.92,23220
194.25,14097
193.73,14955
191.21,9400
192.33,10715
192.97,5419
193.13,6464
193.65,15003
194.1,11864
193.53,7635
193.26,15593
192.54,56410
193.58,49855
192.91,31761
193.81,17334
194.71,15972
195.55,32261
194.69,9463
194.28,10633
193.87,13007
192.39,18924
192.75,13126
194.62,14894
195.18,22957
195.08,62408
198.25,71923
203.72,29176
204.38,27043
205.08,19752
206.37,25002
204.13,20508
204.18,20157
204.42,29891
203.62,24585
201.46,9491
201.48,31669
201.29,32290
200.43,39700
198.51,16318
195.72,18755
194.43,14967
192.1,13294
192.62,5745
194.21,6842
194.45,9172
195.32,7054
195,7255
194.67,9537
194.08,9134
194.14,13157
193.81,41893
197.37,11077
195.97,5708
194.78,6010
193.69,8021
194.01,4004
193.89,3773
193.5,2914
193.91,4490
194.54,3044
194.28,3900
194.71,4737
194.47,6325
195.04,33512
196.4,18144
195.93,10104
194.95,6219
195.96,10820
195.56,6863
195.09,6247
195.07,6343
195.03,7264
195.28,5822
195.46,6159
195.14,7849
195.49,10063
195.56,38372
197.54,12138
198.42,12725
199.2,14577
200.84,12234
200.92,13219
200.68,9216
200.01,4012
199.77,7389
199.91,4931
199.78,2245
199.4,4273
200.19,3761
200.33,31591
200.97,12494
199.5,10527
198.8,6417
198.01,9781
197.71,6195
197.19,2796
197.3,3415
196.76,2798
197.09,6042
197.31,7842
197.03,6714
196.74,3268
196.99,23146
197.38,6357
196.92,8824
196.22,7005
196.82,3416
196.53,4041
197.17,3497
196.94,11543
196.94,0
196.2,8467
196.06,4561
197.03,4318
196.64,3125
196.27,4918
195.88,3874
196.03,3706
195.76,2704
195.28,5921
195.13,1812
195.1,3052
195.29,5632
194.79,30956
194.48,9131
193.85,4117
194.4,4229
194.4,3673
193.15,2990
193.58,5972
193.74,2242
193.95,1465
193.72,3683
194.05,2860
193.33,6693
193.51,2980
193.53,11895
192.85,32773
190.61,14938
190.2,4022
190.83,8702
191.38,7159
190.73,7734
190.29,7303
190.66,5051
190.51,15159
193.65,13383
194.85,6751
195.14,20205
196.92,91063
200.44,12927
201.14,12385
199.07,5610
200.43,4020
199.09,6421
199.81,5948
200.6,10321
200.9,2463
200.61,3141
200.43,1721
200.69,2359
201.12,7981
201.32,35288
198.62,19626
199.62,21599
199.3,21699
200.51,14793
200.8,12211
201.35,8260
201.38,8198
200.71,7332
200.48,12405
200.33,7909
200.75,13422
201.51,9424
201.14,35276
197.06,17227
194.98,20048
194.65,16310
194.65,7953
193.99,7126
194.22,6723
194.4,5356
194.14,9013
193.94,11081
192.62,17749
192.78,20178
191.83,17082
192.56,57395
191.88,29602
189.9,25627
189.83,18493
189.95,14369
188.76,17356
188.05,12621
187.48,6763
188.11,13868
186.6,10393
187.42,9116
186.31,9022
186.89,17547
186.6,81896
189.72,40490
191.09,24823
192.21,24291
194.53,23539
194.37,34730
193.92,17889
194.44,13912
195.9,11437
195.14,9304
194.34,11618
194.41,12421
193.8,17420
193.18,46751
192.21,23939
192.19,12281
192.45,8335
192.2,19900
191.37,12475
190.83,15930
189.97,6415
189.86,5671
190.24,8175
189.83,7843
189.92,15192
190.19,13658
190.15,37685
187.85,13961
190.13,14362
189.82,12814
190.92,9606
190.5,10031
190.51,10326
190.15,6123
190.06,6161
189.92,9667
189.58,10279
189.4,7147
189.65,41783
189.21,32362
188.87,18973
188.4,16714
188.25,7162
188.5,14550
189.43,12931
189.93,14868
189.33,11389
190.11,5106
190.07,9510
190.26,7579
190.12,10581
190.4,13950
191.08,58894
202.6,28990
200.18,36655
198.07,21756
198.66,8405
198.13,9249
197.02,8046
195.63,6431
195.76,8234
197.02,15215
196.85,6282
197.12,9182
196.97,11327
197.18,57598
197.41,17040
199.5,19989
199.83,15938
201.92,8034
201.98,7487
201.61,3900
200.73,6295
200.14,7665
200.11,5173
200.01,22969
198.3,24453
198.19,13872
197.49,48591
195.03,14423
193.52,10514
193.75,7969
193.07,6409
192.76,8570
192.82,8965
193.28,6585
193.16,7977
193.28,6965
194.09,5809
193.55,8154
194.54,9632
195.21,33789
192.94,21103
191.98,18697
190.93,15521
191.66,9446
191.45,8741
190.9,14160
190.68,13371
190.35,23407
189.94,17975
190.92,10501
190.67,12208
191.4,15004
191.7,73367
192.06,18440
190.41,14007
191.68,10564
190.08,13889
189.47,5507
190.44,4555
190.28,5731
190.57,4349
190.01,2235
189.3,4445
188.98,2255
188.66,5518
188.97,27147
187.14,26435
185.65,20943
188.52,6093
188.15,10345
187.11,7943
187.39,9281
187.8,5184
187.96,4106
187.96,7245
187.85,5567
188.42,6063
187.76,6954
187.86,24731
189.77,9693
187.39,13329
187.72,6318
188.97,5286
188.37,2828
188.01,10336
187.69,5189
188.37,6508
188.17,6229
188.15,3939
188.64,6891
188.18,19879
188.13,23298
185.84,7227
184.25,7851
183.65,6996
183.75,6710
183.53,7437
183.62,5683
183.25,3829
182.76,6736
182.51,6389
182.68,5964
183.98,7662
185.11,9512
185.78,25954
184.85,4933
184.83,6777
186.84,5280
186.01,4208
186.58,2321
187.29,3176
187.52,2899
187.15,1887
187.67,2256
187.49,1434
187.67,2119
188.26,10917
188.25,15024
188.39,4647
188.81,6695
190.09,3958
189.9,5643
189.81,4907
190.03,4884
189.56,5605
189.64,6155
189.01,3103
188.59,3715
188.81,10664
188.84,16237
189.24,26972
188.28,8620
189.54,4968
188.49,3359
187.5,2712
187.42,1523
187.16,3735
186.72,4422
187.32,5092
187.74,4990
187.33,5892
187.15,4559
187.62,4139
186.73,23420
187.95,3387
189.02,13385
188.94,4083
189.06,1585
188.9,3287
189.34,5186
189.11,1459
189.14,3649
188.97,3505
189.32,5653
189.08,5689
189.08,6271
188.63,15850
186.57,9383
185.06,12172
184.99,6531
184.69,9348
184.98,4091
185.3,2837
185.73,2959
185.21,4055
184.86,3412
184.85,2975
184.74,11679
184.66,6333
185.22,19101
187.69,10441
185.13,8538
185.37,6271
185.88,5194
184.68,4080
184.47,5698
184.44,10123
185.02,18813
186.04,23011
186.39,10472
185.16,2947
185.9,2888
185.62,12341
187.71,9601
186.19,8164
185.4,7466
187.36,27481
188.45,6204
188.32,4712
188.12,2648
187.73,3039
188.57,2400
188.33,14966
186.93,7990
187.35,9695
187.15,34468
186.07,11749
186.72,14521
186.67,6034
186.22,7531
186.17,5774
186.17,4261
186.62,2434
186.03,2488
187,3324
186.87,2470
186.83,6859
187.54,9625
187.49,21936
186.83,31938
183.43,22733
184.66,22678
185.35,27635
185.52,14526
185.69,8938
185.52,10537
185.13,4593
186.6,4529
186.76,5416
187.03,6223
187.79,9379
188.07,33335
188.82,18297
189.88,4754
189.59,6875
189.76,11708
190.03,5444
190.48,3596
190.55,2616
190.08,3765
189.67,3891
188.69,3099
188.12,4654
186.78,7461
186.65,20962
186.36,9124
187.61,13476
187.1,22940
186.6,24626
185.84,21179
185.88,16572
185.62,15823
185.6,17223
185.55,14182
186.35,17142
186.47,18473
186.25,27594
186.76,74047
190.33,14074
191.87,11691
193.6,12326
191.71,4741
192.81,6075
192.89,4763
192.79,5446
193.06,6749
193.41,5014
193.53,6659
193.69,7436
194.32,15171
194.3,39981
195.42,16641
194.53,5837
195.58,7560
195.32,7777
195.61,4560
196.21,5012
197.03,5404
196.68,4911
196.26,7254
197.5,6157
197.13,10877
196.88,9661
196.45,28048
195.07,21576
197.82,17845
197.78,15967
198.78,10797
198.38,7173
198.04,12386
198.4,7780
197.99,13160
197.94,16314
198.02,18375
198.24,13228
197.81,16591
198.23,38067
198.03,39393
198.71,14810
199.87,16162
197.76,13348
196.97,10077
197.04,7450
196.34,8262
196.15,9974
196.53,8411
196.44,11689
195.76,9645
195.99,13605
195.59,38677
196.97,24033
199.35,24329
199.63,9662
198.28,9387
197.49,7524
197.16,7383
196.19,10817
196.13,16699
196.27,16913
196.11,25289
195.55,17237
195.46,15859
195.18,40969
193.4,11440
192.33,6786
190.45,11529
188.65,5752
188.73,5649
188.76,4609
188.71,6782
188.95,9534
189.07,10783
189.43,2736
189.48,5921
189.53,9127
189.07,36093
187.93,20945
187.24,25196
186.61,11249
187.32,11782
187.93,11348
187.94,8629
187.94,15366
188.25,5574
188.33,11498
189.13,5426
189.39,6355
190.23,7371
190.75,27709
190.2,11447
191.57,9149
191.54,8085
191.49,8699
191.87,6234
191.81,7296
191.69,6536
192.42,3517
192.56,7278
192.51,5559
191.69,6582
191.3,19605
191.39,46531
191.31,12834
191.34,10314
191.86,14259
193.32,8979
193.28,7556
193.08,7361
192.73,7118
192.48,5017
193.03,12261
193.14,8175
193.54,11449
193.43,10564
193.05,58193
191.63,13172
191.11,21568
190.11,8859
190.57,7667
191.81,5552
192.69,4565
192.6,8347
191.96,10047
192.53,8834
192.25,12319
192.22,8559
193.16,7819
193.02,18780
193.21,7535
194.17,9459
193.16,3930
191.95,4572
191.64,6570
191.81,7115
191.76,2404
191.71,4803
191.13,8155
190.86,15706
190.85,16475
190.68,19819
190.11,61699
188.55,13560
189.44,12323
188.61,11718
188.55,6443
188.95,3996
189.03,4258
189.29,4568
189.94,6307
189.58,7096
190.01,5452
190.23,8299
190.48,8606
190.72,48455
189.63,8696
190.25,3555
190.52,12574
190.81,9526
191.9,3889
191.36,4655
191.35,5009
191.02,17391
190.76,5955
190.58,7774
190.27,8512
190.36,5882
190.23,24021
190.95,19630
191.03,16685
191.73,18196
192.8,16840
192.98,11248
192.89,6309
192.99,7496
193.22,8837
193.59,9536
193.83,10871
193.69,11138
194.14,12129
193.82,27610
194.61,10607
193.49,9903
193.23,5381
192.5,4094
192.99,8175
192.45,9589
192.65,2959
192.7,2713
193.78,4201
193.73,6858
194.29,16396
197.4,34852
200.32,52599
202.91,11041
206.6,12066
205.03,19951
208,11943
207.35,15152
208.09,22720
208.11,12880
208.68,9968
208.33,7441
209.37,14103
208.51,13669
207.35,12633
208.22,29540
203.65,21434
203.56,14857
202.97,12581
202.98,13524
203.38,9792
202.07,6930
202.7,9728
202.07,10817
202.14,14252
202.25,13263
202.41,14438
202.37,25701
202.45,54104
201.57,12316
201.17,11060
202.28,11476
203.05,5933
203.06,7015
202.81,5737
202.08,6953
202.53,4359
201.96,4496
202.5,5244
202.39,4607
202.36,14781
202.14,26555
199.79,13732
198.38,7827
198.08,20207
198.1,18259
198.3,9275
198.37,4132
198.02,14720
201.33,10595
198.93,7294
198.93,2089
200.18,8970
201.24,6093
201.23,21426
200.79,5236
200.19,8830
199.42,3632
199.3,6172
198.68,4944
198.97,4516
198.85,5629
199.05,13084
198.93,2010
198.86,3887
198.91,3766
198.86,6393
199.38,21868
201.33,19753
201.12,14571
200.94,10344
200.51,9251
199.39,12098
199.03,4784
198.44,6985
197.46,8902
196.88,5118
196.63,5284
196.52,2349
196.1,8188
195.74,27580
194.29,5090
193.88,7048
194.54,10302
195,3796
195.16,10888
194.79,8700
194.62,8888
194.98,6573
195.68,7089
194.69,3434
195.2,4645
195.38,6695
194.86,18242
196.37,14759
197.26,9155
197.43,4648
198.1,7048
197.74,10614
198.24,4813
198.77,4827
198.89,5989
199.06,5873
199.36,2684
199.05,4858
199.59,9194
200.17,32637
199.35,6258
200.54,11212
200.89,10574
200.23,9269
199.45,5981
198.92,6113
198.86,6235
198.84,4372
199.61,4963
199.62,6627
199.99,4412
200.1,13240
200.23,28832
199.54,6180
198.94,6732
200.46,4282
200.97,7304
201.55,11301
201.71,2489
201.14,1897
200.93,1503
201.21,2964
201.71,6033
201.82,2574
201.12,8218
200.87,16022
197.34,9863
198.83,9091
199.05,7811
200.68,7111
200.35,3634
200.71,3542
201.39,10114
202.46,10685
202.14,10048
202.07,9239
202.05,8400
202.3,8853
201.3,39634
199.62,11659
197.92,8999
197.79,7543
196.99,5550
196.71,4698
196.74,3034
197.15,7161
197.23,4068
197.43,6238
197.35,9010
198.2,13406
199.22,13109
199.05,47805
192.86,28087
189.85,25781
190.03,12996
190.58,7451
189.99,7928
189.49,11323
189.4,11245
189.95,6267
189.83,5200
189.44,8078
189.56,10197
189.95,19977
190.03,62887
189.18,13921
189.84,5101
190.29,7738
190.68,5807
190.97,2227
191.06,5104
191.51,2916
191.42,5947
191.72,3655
191.28,3992
190.18,4695
189.58,6285
189.49,21749
190.04,6333
190.92,6563
189.7,7236
188.91,4283
188.64,5930
187.79,5122
187.28,6642
187.18,13112
187.23,9075
188.38,7085
188.82,7550
188.81,7444
189.59,22596
187.24,3966
187.35,7538
186.68,6846
187.07,11020
187.81,4148
188.16,3817
188.72,2728
188.55,3376
188.01,2888
188.55,4480
188.76,2978
189.5,10541
189.4,19101
191.41,12173
192.38,18060
192.72,10028
192.44,11408
191.94,6019
191.42,5861
191.55,7455
191.84,7269
191.77,8355
191.77,8408
191.71,6830
191.52,7817
191.31,38061
191.29,5822
192.53,7903
193.16,6724
193.56,8020
194.41,8869
194.36,9748
194.73,8419
195.16,20453
195.06,13491
195.34,8765
194.52,4467
194.1,12777
194.09,37795
192.11,73054
186.87,49646
182.66,44738
183.19,22359
181.63,33763
181.46,25913
182.03,10185
182.13,19697
180.49,13074
180.24,18390
180.36,18206
179.82,29501
181.15,65563
180.79,13836
183.04,11099
182.56,9802
182.63,7714
181.99,5494
182.24,5244
182.53,6207
182.11,4870
181.82,3538
182.48,10215
182.54,8047
182.31,15606
182.43,30521
183.67,9763
183.94,9173
185.46,11029
185.38,8302
185.93,8652
186.7,11540
187.46,7598
186.89,3211
186.79,4429
187.21,5461
187.52,4789
187.74,6061
187.65,31414
188.17,11203
190.3,20244
190.37,12488
190.36,11813
190.18,10033
190.34,4774
190.02,6504
189.71,6828
189.35,3036
189.12,3855
189.39,4208
189.35,7190
188.89,22903
189.69,11499
188.94,35257
186.51,14860
186.4,8460
186.93,6529
187.14,5451
188,5768
187.62,7344
186.64,15015
186.58,8644
185.7,12168
185.49,14274
186.03,24221
186.02,12680
186.07,12059
187.53,7031
187.91,7442
187.96,13700
188.62,5567
187.77,3896
187.72,5643
187.21,3527
187.55,2912
187.63,4656
187.65,13965
188.08,44766
189.74,4487
190.35,16461
191.02,11733
190.61,12009
190.16,2590
189.58,3322
190.43,3533
190.07,4593
189.74,8334
188.9,6450
188.1,5563
187.79,5045
186.74,22025
186.13,11280
186.32,9789
186.74,5588
187.82,7116
188.8,5075
186.58,5919
186.28,7919
185.46,6063
184.69,6144
184.44,6202
184.69,4349
186.21,7824
185.14,21045
183.02,17579
188.23,17173
186.92,13144
187.49,11895
188.13,7599
187.33,7616
186.46,5235
185.88,4201
185.86,6070
186.62,7914
186.89,4000
186.68,8216
185.56,25931
187.46,10177
185.99,12369
186.88,4714
186.46,4069
186.68,3075
186.43,3993
186.01,4743
185.79,3382
184.52,5421
183.79,8815
183.03,8542
183.02,11187
182.11,28462
184.14,8924
184.28,12472
184.22,15497
184.07,9477
184.39,5888
183.9,4849
184.28,4960
182.66,6868
184.04,10911
184.76,5438
185.89,13838
185.52,10647
186.13,24964
185.36,11875
186.13,16558
186.03,22337
187.1,13162
187.61,44534
187.28,9256
186.45,9572
186.79,37699
186.43,7319
185.82,7242
186.37,8623
186.82,14460
187.24,30894
188.02,25473
187.13,7635
185.03,6608
185.27,4773
185.42,9447
185.14,7458
185.25,3526
185.62,3289
185.57,4849
185.52,6269
183.81,5661
184.7,8526
185.21,38948
184.83,8354
185.43,9787
185.3,6686
185.67,4855
185.11,5798
184.63,6661
183.68,6880
184.44,3660
184.47,4750
184.06,8352
183.94,9777
184.21,1329
184.57,16468
186.53,8107
185.82,20478
184.88,12585
184.93,8353
185.39,5692
184.07,6108
184.17,6462
184.23,5705
184.47,4784
183.33,15077
183.64,8573
183.91,7039
184.26,26546
184.76,11118
183.84,10498
185.21,9570
184.85,4085
184.45,5344
184.36,5078
184.41,3945
184.22,3800
183.94,4929
184.37,13492
184.39,14527
183.67,7933
182.79,37000
180.56,11069
179.91,15696
179,11731
180.32,7686
179.64,5966
179.79,7875
180.18,4488
179.65,10318
179.57,4130
179.3,3092
178.11,8448
178.29,9763
177.4,27006
177.13,15300
177.73,15292
178.47,13580
176.72,17022
176.69,7022
177.35,4462
177.48,2731
177.65,4933
177.68,1482
177.57,3342
177.79,3510
177.85,7185
178.12,23914
177.71,11852
178.71,6442
178.9,7659
178.54,2483
178.27,1758
177.78,4552
178.66,2211
178.89,2546
179.34,3258
179.09,1815
179.61,3566
179.77,5659
179.77,26852
178.81,1661
179.71,13679
180,5198
178.73,4248
178.87,2164
178.72,2199
178.39,1420
178.4,1522
178.4,2727
177.99,4721
178.2,5830
178.42,2232
178.27,17186
178.86,6592
179.47,3418
179.15,4975
178.54,6688
178.98,2058
179.17,8570
179.22,3040
178.72,3670
179.27,2046
178.93,2650
179.33,3096
179.77,2999
179.96,26111
182.13,6462
182.7,11165
182.47,5598
181.81,6035
181.56,15974
180.93,5852
180.9,6276
180.86,9268
181.3,2891
181.1,6401
180.87,6568
180.71,8729
180.9,31453
182.01,3293
183.84,3361
183.15,6228
183.68,16350
184.52,5821
184.54,20350
185.6,8674
185.51,3739
185.23,3556
185.61,6263
185.96,7445
186.58,15568
187.36,47642
188.77,13944
189.64,10355
190.42,12449
189.79,6735
189.64,5423
190.12,4186
190.27,4867
190.01,10479
190.19,5371
189.88,3296
190.1,9516
190.48,14120
190.99,38635
190.98,17571
191.29,9569
190.13,15807
189.46,10205
189.04,8948
188.97,6301
189.44,5339
189.17,7730
189.94,7413
189.57,7751
189.46,4164
189.76,5972
189.73,19540
190.51,6400
189.03,9738
188.13,6725
187.83,8740
187.3,9380
187.33,7178
186.54,6378
186.64,6255
187.52,6827
187.15,9853
186.75,5959
186.9,5938
187,29177
185.92,15424
183.89,17299
185.39,11246
185.27,10846
185.63,10374
186.04,3914
186.78,4644
186.76,5805
186.58,2914
186.17,2626
186.36,4460
186.35,6092
186.59,39089
185.24,7479
187.46,8044
187.95,3847
187.62,6907
187.87,6315
187.91,5721
187.8,1978
188.49,2295
188.23,3725
188.12,4593
188.1,7671
187.88,6843
187.57,18098
188.82,5432
189.41,7783
188.88,6648
189.1,2333
189.03,3303
189.48,5961
189.65,5936
189.42,2019
189.27,2508
189.33,3685
189.72,7170
189.93,8286
189.81,24025
190.55,13334
190.86,14181
190.26,5417
189.81,4514
189.7,3442
189.8,2527
189.76,2408
189.46,1308
189.83,2985
189.78,6253
189.19,7712
188.5,5948
187.75,23474
186.93,8166
184.93,11114
185.98,10359
186.69,7350
186.45,6806
186.97,4796
187.86,4604
188.2,5227
188.22,3568
188.72,5186
188.82,5106
189.19,7656
189.2,23414
189.27,4840
190.31,6139
189.42,3429
189.37,6676
189.48,1135
190.01,652
189.57,2088
189.45,2114
189.24,4954
189.29,6717
189.59,6371
189.52,5376
189.38,20050
190.43,6365
190.61,14101
191.13,5546
190.63,3186
191.18,4579
191.52,3608
191.41,3934
191.4,4107
191.4,3857
190.88,4905
191.07,4455
191.56,4248
191.86,16518
193.56,12577
193.84,14666
194.22,9996
195.11,14293
194.94,2864
194.82,2985
195.14,2596
195.22,1659
194.98,1652
194.91,5179
195.22,4129
195.06,5196
194.99,22022
194.43,7057
194.24,10614
195.5,4357
195.72,5431
195.01,13321
195.56,11890
195.39,3779
195.32,2778
195.53,3769
196.04,3682
195.74,3447
196.12,6391
195.89,43575
195.76,10147
196.82,8817
197.16,8281
197.57,6760
197.63,6332
198.98,6226
198.93,6978
198.94,6807
198.37,6538
197.89,7607
197.97,7459
197.25,26768
196.12,28771
198.58,5531
198.2,9874
198.4,5186
197.72,3803
198.02,5438
198.07,7748
197.77,3745
197.96,5529
197.95,13482
198.17,5190
198.36,6094
198.2,8395
198.05,28697
197.93,6386
198.62,7131
198.05,7466
197.87,8059
197.75,3856
197.38,7124
197.36,4915
197.58,3260
197.63,2116
197.92,3433
198.02,4955
198.01,9127
198.03,35913
198.93,35579
198.28,16690
198.06,19502
198.36,8044
197.79,30126
198.05,33664
197.58,4697
197.02,3301
195.94,4064
196.04,4323
196.33,6153
195.51,6156
195.38,28161
193.73,7421
192.58,12089
191.4,9785
190.98,11374
191.44,7197
191.14,7907
190.81,3255
190.7,5192
190.95,4391
190.38,6966
189.93,10599
189.39,21976
189.56,63238
189.22,9092
190.81,9673
191.04,7184
190.8,12382
190.72,2811
191.09,1180
191.22,3386
191.18,3105
191.7,5398
192.2,2468
192.51,3636
192.87,6750
192.71,24251
193.45,6913
193.67,18683
194.23,7781
193.25,6957
193.71,8932
193.92,5569
194.27,5582
194.61,9159
195.08,11225
194.69,12275
194.86,14219
195.22,15993
195.36,16703
195.78,5775
196.03,5509
195.93,4683
196.17,7436
195.62,3147
195.95,7155
196.47,5278
196.92,4263
196.7,4143
196.48,11357
195.93,8289
196.12,4573
196.11,16091
195.86,3564
195.33,1694
193.22,2826
192.38,2245
192.05,3908
192.37,2783
192.57,3184
192.97,2193
193.44,7200
193.27,6074
192.89,5883
193.34,5254
194.37,13002
194.65,7388
197.52,4624
197.57,5687
196.93,5632
196.15,1663
197.36,1447
196.91,1931
196.88,1695
197.28,4021
196.77,9350
197.44,11704
197.48,7857
195.01,35320
193.89,5522
193.67,7994
192.21,6112
191.61,3159
191.71,3818
190.88,3000
191.05,3824
191.29,3607
192.1,5683
192.22,3748
191.37,5622
191.36,6996
191.28,24517
192.83,10723
193.54,9554
192.55,4626
192.67,16412
192.61,6117
192.88,3189
192.88,2832
192.86,3626
193.4,4858
193.88,6962
193.98,6186
194.48,3114
194.28,18644
193.44,5041
193.12,11536
192.88,6560
192.26,2936
191.49,1049
192.4,291
192.61,5117
192.33,2159
192.26,1321
192.72,1380
193.06,1830
193.16,2784
192.81,13519
192.29,5953
193.53,9293
193.4,8799
193.88,5379
193.5,4651
193.44,6423
193.55,5749
194.05,7617
194.22,5335
194.59,7355
194.76,9022
194.57,8924
195.18,28727
196.53,8253
194.87,11920
193.74,7981
193.17,4803
193.42,4480
192.5,5468
192.13,3482
191.38,6334
190.63,7317
191.28,5309
192.02,6308
192.44,11508
193.38,17416
192.33,14926
191.29,22400
191.7,11307
191.46,10286
190.77,11248
191.71,6469
191.44,5515
191.39,4299
190.87,3250
191.11,2647
191.26,4299
191.56,6984
191.07,25155
191.72,8825
192.65,10292
191.78,9325
191.96,7604
191.17,4293
191.84,6940
191.05,6769
190.53,6022
190.62,4350
190.11,7252
190.12,7514
190.37,10483
190.85,24608
191.22,23548
189.06,26760
188.63,22464
188.47,10471
189.41,9283
189.24,10871
189.62,3578
190.03,2822
189.75,8431
189.89,6207
189.8,10659
189.5,6654
190.09,38584
185.3,107110
186.96,32171
186.13,25880
186.95,21586
187.8,12431
187.51,8554
188.12,6890
188.28,10659
187.6,13413
187.63,9361
187.46,8370
188.24,11333
188.2,55097
188.03,18331
190.22,16301
192.13,20953
193.44,13833
193,7702
192.73,8871
192.93,2892
193.66,2140
194.04,3357
194.48,8176
194.54,9753
194.33,7001
194.59,42224
195.72,5275
194.43,9773
195.8,3793
196.29,8009
195.43,5048
195.55,2530
195,4017
194.88,5506
194.86,2802
194.56,3293
195.2,3201
195.76,3365
196.1,10511
196.22,6357
195.3,5693
195.93,2740
196.4,10504
194.65,4502
194.29,2033
193.55,1381
193.87,1672
193.87,3136
193.84,4679
194.05,1273
194.33,3033
194.27,15817
194.87,24355
194.65,24891
193.44,28117
192.05,28309
191.91,18361
192.36,7327
191.85,4467
192.42,12794
192.64,10535
192.1,11448
192.61,15373
192.59,19403
192.37,47710
191.02,48744
195.42,25486
196.62,13871
196.46,9303
197.21,13422
197.28,10626
196.02,7717
194.96,6485
194.44,6648
195.54,8419
194.79,10296
195.41,24161
195.56,55150
195.73,11613
192.69,15258
191.63,7733
191.14,10493
192.13,8423
191.76,4140
191.38,3099
192.12,2986
192.3,2057
192.27,2844
192.1,4692
192.41,4146
192.99,23406
191.07,10466
192.16,8910
191.68,10829
191.56,8798
191.19,4628
191.43,5011
191.72,4029
190.9,2070
191.34,4668
191.15,6842
191.06,5046
190.48,9591
190.62,31137
190.29,13527
192.11,9946
193.35,4804
192.91,8512
192.6,5824
192.62,5333
193.36,4971
193.1,1913
193.54,6349
193.97,6661
193.86,3968
194.3,8492
194.85,24401
194.83,16619
193.91,9909
192.88,6494
193.76,7475
193.21,4906
193.63,2647
193.77,2975
193.13,10153
192.33,3647
192.55,5194
192.99,4234
193.36,3164
193.92,22495
190.93,9714
190.89,10093
189.98,5836
189.13,2480
189.03,6903
188.43,3010
188.82,2152
189.1,1757
189.3,3898
189.77,3370
190.72,7292
190.42,4150
190.09,23671
188.25,8363
187.31,6802
189.01,3537
189.84,5049
189.82,5299
190.24,7193
191.04,13452
191.62,10481
191.68,8276
192.51,11717
192.33,7749
192.57,9641
192.65,27385
194.64,6208
194.7,8208
195.53,13750
195.45,8992
196.2,4574
196.83,4936
197.11,3507
197.24,3632
197.99,5079
197.99,2465
197.76,5494
198.04,5642
197.62,14397
196.46,23753
195.47,20061
196.03,7327
195.51,9683
196.36,8539
196.37,10511
196.03,3680
195.89,3748
195.68,2148
195.74,3492
195.24,14560
195.18,7671
195.02,76844
195.19,23067
196.09,20842
196.12,25670
196.43,68333
195.83,51203
195.69,20682
195.76,4588
195.56,4367
195.3,9786
195.78,34502
195.94,41080
195.98,38473
195.98,46890
196.38,31319
197.94,12612
198.28,10355
197.79,9441
198.46,10839
197.64,18667
198.76,8825
198.96,7842
199.21,9971
198.82,5112
198.95,7769
199.18,7103
199.37,23755
199.81,20507
200.05,16434
199.67,4585
200.12,4375
199.85,1922
199.46,2261
199.51,1079
199.79,638
199.47,2006
199.5,2937
199.24,2174
199.26,4517
198.85,38583
198.92,5218
198.35,5449
198.6,4144
198.92,4315
197.69,3023
197.45,1733
197.58,1126
197.45,2445
197.29,1954
197.29,20295
197.47,2104
197.36,1378
197.3,12284
197.84,14166
199.88,4229
199.14,2305
199.55,6898
199.81,1457
200.17,1713
200.77,2147
201.18,2456
201.18,1777
201.21,2925
200.96,1261
200.95,1776
201.45,29923
202.44,16426
203.26,4334
202.86,2444
202.92,4590
203.6,9799
203.99,5534
204.54,3818
204.4,5845
204.47,5279
204.72,6577
204.31,5452
204.73,6618
204.59,19041
204.49,13194
205.21,5655
204.07,4075
204.9,6302
204.31,2637
204.49,2340
204.43,907
204.3,1824
203.96,1267
203.54,2160
202.11,5091
203.22,2529
202.74,10988
203.76,15295
205.08,8050
204.69,4991
204.93,2936
205.07,3512
205.6,2422
206.05,1077
206.1,2636
205.95,2726
206.33,2205
206.25,2841
206.82,2022
206.6,15111
206.58,6059
205.29,2610
206.64,1920
205.38,3222
205.65,2695
205.71,2507
205.91,2003
206.23,2845
206.3,1802
206.35,1551
205.55,1351
205.18,4054
205.05,19579
203.56,9183
203.71,7671
202.95,4189
202.64,4624
202.56,2382
202.84,4583
203.08,3381
203.82,2119
203.68,887
203.74,1499
203.83,1892
203.71,4610
203.71,21309
203.43,7127
202.98,6815
202.26,4176
202.67,3576
202.77,2539
202.86,5793
203.36,5986
202.4,1591
202.41,3061
202.91,2604
203.16,5665
202.84,12899
202.33,20718
202.16,9544
200.24,10461
201.01,8329
202.11,10625
202.41,4790
202.36,26122
202.49,4039
201.98,4768
202.3,1159
202.4,4504
202.78,5857
202.66,10961
202.31,19354
201.76,10129
203.1,10712
203.08,5563
203.63,5870
203.49,2559
203.38,3073
203.24,3087
203.66,4320
203.43,5174
203.05,2790
202.68,8975
202.24,7467
202.56,19615
204.09,12337
205.57,12893
204.44,6847
204.48,3670
204.67,959
204.99,7395
205.57,10087
205.93,1512
206.05,3198
205.18,2382
205.47,3441
206.15,3381
206.32,27764
208.52,6481
208.37,7453
210.47,14113
211.13,9272
210.77,11404
210.45,21847
210.72,7033
210.79,8910
211.03,8820
210.96,12458
210.88,28474
211.09,25993
211.08,61498
209.8,27087
210.5,16202
210.38,6887
209.63,7530
209.85,6690
209.81,4428
209.8,8160
209.3,37953
210.05,14078
210.04,23982
210.07,45942
210.22,6377
209.81,38584
210.64,44711
210.32,10669
210.5,13454
210.03,7878
210.19,11494
210.06,8566
210.32,16978
210.16,21960
210.21,7439
210.07,8270
210.22,47160
210.09,65456
210.3,35470
211.03,18694
212.33,14483
212.37,25729
211.4,13421
211.47,11831
211.44,23399
212.23,23299
212.32,30382
212.49,8726
212.69,12007
212.93,31456
213.45,10394
213.45,28499
211.57,8793
211.91,12038
212.5,3907
212.66,11525
212.46,21129
212.5,20746
212.37,33560
212.37,0
211.87,15152
212.99,15671
212.52,22914
212.38,54170
212.06,34324
211.64,15111
211.84,38943
212.39,4125
212.38,3227
212.05,3126
212.1,4884
212.49,4446
212.84,12485
210.29,8461
209.93,8695
209.12,9827
209.56,10029
209.13,5244
209.29,5299
209.9,8233
209.88,5881
209.85,7849
209.84,5807
209.47,6929
209.99,6436
209.47,17861
208.64,3919
209.1,4461
209.15,3795
210.14,3003
210.59,1658
210.26,5490
210.7,3123
211.03,3317
210.75,2141
210.49,2155
210.27,2403
209.87,3401
209.61,18683
210.58,6096
213.87,8619
214.35,7279
213.99,6282
213.57,4009
213.63,3550
213.87,3272
213.94,2833
214.79,4491
215.16,5742
215.28,4815
215.38,11408
215.65,23491
217.57,10766
217.03,11578
217.56,6409
217.58,3963
216.16,8346
216.24,6344
216.36,3514
216.45,2856
216.72,6351
216.54,4059
216.49,4239
216.7,5805
216.75,17537
218.46,8300
220.28,9586
220.51,5658
221.35,6676
221.06,5574
221.18,6630
220.13,5783
220.69,3103
220.66,6965
220.55,4385
220.6,4169
220.14,6581
219.22,21363
219.36,6958
218.51,8275
217.03,8600
216.85,5850
215.99,5073
216.35,2543
216.26,1735
215.76,1582
215.98,2442
216.1,2624
215.71,4049
215.77,4809
216.21,12188
216.76,2352
216.28,5515
216.44,1066
217.22,1416
216.8,2525
216.67,1373
216.48,1951
216.58,4161
216.56,9327
216.71,6456
216.09,6713
215.77,7532
215.85,18159
215.63,9754
216.22,4673
216.65,3952
215.45,4325
216.42,6517
216.49,1550
216.61,4775
216.53,2024
216.16,2792
216.15,1799
216.11,4171
215.71,15260
215.79,40563
214.33,3404
215.51,3406
216.17,6044
217.83,5044
217.47,3435
216.86,2785
215.31,2753
216.09,2161
216.08,4002
216.28,5069
216.8,6556
216.73,4157
216.87,13480
216.67,5759
218.18,8958
218.74,6789
217.68,6666
217.63,3796
217.34,4847
217.47,3249
217.26,2471
217.74,1715
217.56,3816
217.21,3136
217.52,4247
217.75,16195
218.23,6408
216.68,2805
216.53,2363
216.86,1992
216.59,8956
217.06,8991
217.11,3503
217.22,1978
217.59,4277
217.27,8078
217.39,5658
217.3,6433
217.28,31440
219.24,9866
219.86,4222
220.17,8331
220.99,7571
220.91,6149
220.53,5629
220.7,5630
220.52,2627
220.92,5429
220.81,6518
220.85,4351
221.56,7187
221.48,13022
221.66,7035
220.98,3637
220.45,3004
220.99,3758
220.74,4199
221.3,3362
221.08,2839
221.1,4329
221.46,2030
221.48,1815
221.58,3456
221.2,3713
220.91,14520
219.16,3967
220.63,7261
220.63,6175
220.79,4114
221.1,5787
220.93,8325
221.41,3096
221.3,2730
221.57,1303
221.43,791
221.95,1418
221.63,3115
221.73,12180
221.69,3413
221.44,4271
222.23,2903
222.12,1650
221.98,1443
221.89,2252
222.23,5531
221.7,3316
221.38,2015
221.02,5182
221.1,6097
222.16,6985
221.11,8977
223.72,12900
224.37,17781
223.57,8107
223.49,12266
223.7,7682
223.56,3486
224.39,3315
224.55,3272
223.14,4140
223.4,6572
222.59,3919
222.6,7036
222.53,11556
224.1,4759
222.95,6589
222.86,4401
223.38,7627
223.69,4357
223.65,2723
223.49,2278
223.18,4738
222.76,3432
222.52,4178
222.95,1836
222.42,2971
222.93,16628
223.13,3783
222.62,4520
222.99,8342
221.78,4172
222.06,3720
221.69,4438
221.9,2298
221.74,2857
221.56,2514
221.53,2162
221.72,3398
221.57,5110
221.24,23883
221.66,2898
222.35,4391
221.75,4150
221.24,3931
221.57,2692
221.35,1132
220.96,4248
220.71,1042
220.8,2403
220.83,2124
220.93,849
220.94,1548
220.59,10550
217.69,15270
218.63,8609
218.25,6719
217.83,2434
218.12,2021
217.79,4230
218.38,2103
219.12,2110
218.89,1304
218.25,942
218.14,1194
217.76,4384
217.39,12210
216.55,5184
215.75,5746
216.51,1267
215.87,1767
216.12,3264
216.33,3863
215.96,4134
216.44,4046
216.91,1900
216.26,3427
216.49,2520
215.91,7347
214.91,14589
212.09,11087
212.87,2988
213.61,1783
213.42,2311
212.95,3344
212.81,2534
213.83,1312
214.13,1903
213.66,883
212.94,1216
211.87,2247
211.42,1713
211.87,9928
212.26,9711
212.59,5741
212.83,3560
212.03,5241
211.17,2398
211.5,1861
211.45,3671
211.65,2991
210.98,2547
211.49,2407
211.44,1481
211.69,1852
211.3,12325
208.39,7249
206.68,4091
206.45,3403
206.16,2695
206.31,3060
207.97,1350
208,3217
208.24,3668
209.18,1652
208.82,2826
209.11,2213
209.56,2602
209.44,18819
209.08,663
209.2,4913
208.86,4306
208.89,8221
208.33,2986
207.1,2425
207.54,1370
208.08,1596
208.49,6247
207.93,1189
208.79,2974
208.78,1879
208.51,9197
209.46,3751
210.61,6542
210.86,2297
210.42,1697
210.11,4745
209.09,1206
208.36,1700
208.33,1587
208.09,4807
208.2,5432
209.14,2219
209.48,3949
208.93,10770
209.31,5852
210.58,6620
212.07,9079
212.15,5639
211.93,5139
212.56,6228
212.94,7634
213.14,3091
212.64,3919
212.14,3253
212.65,2336
212.79,4832
212.35,14548
213,22098
212.53,14690
212.57,10417
212.6,4927
213.32,6134
213.55,5206
213.52,5117
213.98,3889
213.66,8334
214.05,5572
213.64,4274
213.7,3529
213.65,22861
211.92,13323
212.89,14416
213.29,1063
212.25,1320
212.34,1735
212.09,1978
212.19,2130
212.26,853
212.85,745
213,1652
212.88,1634
212.71,5286
212.07,12218
213.31,5199
213.45,3703
212.61,3519
212.69,4633
212.52,5387
212.63,3942
212.1,4609
212.51,6061
211.77,4683
212.4,7148
212.62,3744
211.98,4023
210.72,12651
211.88,1963
211.35,1161
210.23,3301
209.96,1562
209.92,2071
210.22,2730
210.38,2245
210.37,1628
209.08,844
208.93,2735
208.44,3812
207.51,2749
207.12,14579
206.07,4932
206.45,5813
206.42,4449
207.16,3035
207.04,8707
207.35,2697
207.37,6474
207.69,4141
207.52,3566
207.75,7392
207.77,4641
207.55,7679
207.85,13196
207.31,14433
207.87,4817
206.01,4313
206.12,3390
205.6,3672
205.35,2762
205.71,2789
206.15,3247
206.1,2105
206.02,2163
206.25,3429
206.63,3880
206.84,19972
210.16,18727
212.44,17591
212.73,12090
214.54,4753
214.43,3110
213.5,4206
213.29,4691
214.07,11183
213.93,3361
214.07,3133
213.9,4382
213.88,8542
214.02,20432
214.24,5473
214.33,6598
213.98,4304
213.43,805
213.94,1846
213.86,1135
213.79,1277
215.03,2966
215.02,1534
214.41,2607
214.35,4275
214.27,6312
215.23,15844
215.34,2303
216.7,4842
215.3,1646
214.47,3700
214.07,3210
213.7,3222
213.7,908
214.01,1735
213.8,7266
213.48,1422
213.1,3383
212.64,5728
212.6,11295
212.48,3419
213.3,3587
212.19,4535
210.54,3466
211.35,1706
210.79,2814
211.09,1659
210.78,1491
210.57,1855
210.79,901
211.73,1077
211.64,2169
211.55,11867
212.22,3120
212.92,1652
213.27,3618
213.24,2630
213.01,1193
212.59,990
212.36,4732
212.56,501
212.1,1953
210.94,3530
210.37,2701
210.31,611
210.74,8249
211.08,2265
212.77,5538
213.76,2381
213.91,1838
213.97,2404
214.38,1135
214.66,837
214.38,623
214.49,3872
214.16,1682
214.32,3625
214.24,1838
214.45,15367
215.41,5159
216.46,8244
215.95,5517
216.09,3383
216.72,3676
217.5,5849
217.59,4665
217.98,9588
218.03,2545
217.69,4963
218.22,3711
218.43,9421
218.67,24838
218.65,6319
218.62,4826
219.06,6396
219.18,4699
219.21,3714
218.9,2675
219.09,2381
219.08,2344
219.53,2149
219.35,2251
218.98,2531
218.77,6701
218.94,21533
220.14,4710
220.78,4550
221.2,6795
221.58,3885
221.28,4979
220.35,5906
220.52,5267
220.02,5406
220.18,5377
220.35,7470
220.31,6168
220.09,7912
220.51,32082
221.13,21241
219.25,10504
218.29,7313
218.52,5708
218.96,2916
218.87,1924
218.89,2038
218.68,1533
218.44,2331
218.71,8873
219.46,2576
219.52,2127
219.13,13637
218.67,2796
218.73,3419
217.94,3166
218.06,4725
217.03,3216
217.14,1957
217.17,1206
216.99,1275
217.29,1430
217.42,612
217.79,2765
217.73,5229
217.73,11612
218.52,19425
219.41,8174
219.09,8900
220.24,9919
220.61,3142
220.98,6858
221.14,4099
221.15,2439
221.55,1620
222.03,1263
221.61,2556
221.27,7247
221.28,14255
220.75,6476
218.96,5747
220.19,3154
220.62,5131
220.8,2689
220.52,1992
220.54,3639
220.35,2546
220.33,4360
219.93,3558
219.46,2899
219.27,7629
218.87,13048
220.18,2406
219.85,4681
221.03,2069
220.46,2907
220.12,2981
220.18,1688
220.29,2987
220.66,2103
220.56,1783
220.38,1318
220,2566
219.96,1562
219.75,8537
219.63,7699
220.55,10854
221.11,3048
220.41,2691
220.01,1986
220,1876
220.23,2535
220.4,2482
220.41,4296
219.21,3616
219.06,2419
218.66,3318
218.47,17001
217.72,2572
218.07,5410
217.59,3291
218.18,7727
216.96,9571
216.62,6253
216.6,3521
216.92,3188
217.46,1088
217.42,2604
217.24,1659
216.91,6819
216.58,18443
218.06,3730
217.62,7809
216.8,13969
217.57,2183
217.93,7808
217.82,5410
218.55,2587
218.45,4528
218.65,2528
218.36,3507
218.67,2012
218.89,2618
218.5,10828
215.72,31318
213.02,15875
212.53,21179
211.9,16137
212.03,35356
211.43,12090
209.97,12786
209.9,6208
209.68,16893
209.63,10765
208.89,6261
208.83,9062
208.82,29568
208.45,8256
208.22,10467
207.73,5150
207.1,3952
207.59,4450
207.96,3670
208.41,1865
208.46,3115
208.58,3039
208.04,10434
206.94,10006
206.35,6980
206.05,42395
204.98,15713
203.54,15120
204.38,7324
203.95,7527
204.26,7183
204.24,7035
204.37,4278
204.38,2619
204.94,3111
205.2,5120
205.44,9439
205.46,9514
205.79,22142
207.14,8285
206.02,5256
206.39,3394
206.22,760
206.54,4294
207.14,14055
206.65,6242
205.89,5171
205.67,4165
205.2,6377
204.92,4771
204.61,7680
204.48,44968
201.7,31758
200.58,18771
200.5,15763
200.46,15800
200.34,10182
200.32,8483
200.51,11684
200.23,9928
200.84,9246
200.71,7227
200.42,11177
200.2,11757
199.41,61835
198.76,3703
198.57,7793
198.69,8633
199.25,5717
199.78,4491
199.35,4983
199.98,2616
199.73,886
199.32,2960
199.19,2378
198.97,3246
199.19,7896
200.06,36941
199.46,8167
199.76,8233
199.92,7497
200.16,8687
200.61,6153
200.83,10734
201.58,5577
200.92,11574
201.2,3850
201.14,4344
200.82,4124
200.83,11004
201.17,25881
200.45,1678
198.86,6352
198.89,4203
198.99,5699
198.75,9224
199.11,2881
198.98,6972
198.67,7370
198.64,11068
198.39,20831
197.38,13210
197.96,24644
197.72,37913
198.84,2524
197.76,10362
198.97,7320
197.98,7126
198.25,7532
197.11,6136
196.71,9531
196.49,6823
195.79,7111
195.79,4127
196.42,4078
196.42,8084
196.52,28371
196.01,4845
196.61,7325
196.75,6092
197.76,940
199.12,2918
199.27,2461
198.94,1362
198.34,1637
197.68,2270
197.43,2503
198.1,5032
197.94,3231
197.98,11499
198.15,5984
198.64,2627
199.1,4176
198.83,3739
198.52,3423
198.23,1614
197.76,995
196.76,1636
197.11,2546
196.62,2757
196.67,2491
197.75,3001
197.02,12595
196.42,7650
196.72,6158
196.36,7053
196.55,6450
196.86,4609
195.56,4588
195.08,6732
194.6,3393
195.16,2465
194.68,1300
194.42,3916
194.49,4168
194.78,21594
194.13,6971
191.91,10021
188.92,10420
189.56,7752
189.14,5638
189.05,8080
189.9,4971
189.74,3438
189.28,8467
189.08,6046
188.55,5853
188.81,9734
188.79,27186
190.48,5859
189.51,7168
188.2,8604
188.47,2942
188.74,4297
189.28,6592
189.89,3917
189.47,4586
188.99,3078
189.02,4155
188.9,4600
189.1,6055
189.23,18160
188.82,2986
188.12,3739
188.28,2749
187.9,6458
187.47,1795
188.13,2733
188.88,1278
188.55,1307
188.48,3477
189.08,3425
188.82,2531
189.34,5045
189.34,16062
187.73,8059
188.2,5424
188.05,8771
188.51,5606
189.62,2629
191.32,1531
190.25,1228
189.87,2743
190.41,1299
190.38,810
190.72,3089
190.72,5449
190.16,16678
187.76,12849
186.39,6529
187.37,1982
186.53,3749
187.17,2511
187.95,683
188.09,6500
188.16,1693
188.74,3864
189.47,870
189.79,2981
190.26,2913
190.05,9645
190.19,2467
190.75,12661
191.89,8885
191.58,2959
192.47,3357
193.04,1617
192.95,2511
192.9,3033
192.47,3046
192.86,3133
192.68,2913
192.37,2904
192.02,15425
193.12,6408
191.05,9197
190.99,2781
191.23,8391
190.49,14844
191.17,4418
190.98,2256
191.91,3880
191.39,1993
191.64,1784
192.07,2632
192.06,3265
192.09,34452
192.23,3289
189.04,6776
188.62,7130
188.32,6355
188.3,5534
189.38,8716
189.78,7190
189.44,5211
187.68,7301
187.05,6340
187.06,5161
186.88,6961
186.57,24692
186.76,3059
187.15,8961
186.69,4137
185.71,4279
185.72,3615
185.1,10730
186.12,7656
185.76,4534
185.06,3090
185.68,1764
185.92,2920
185.57,3895
184.94,20610
187.31,15135
187.28,12890
187.89,4491
188.62,15240
187.55,10572
187.27,4002
187.36,2216
187.55,2139
187.58,3385
187.96,2271
187.53,1948
187.66,5614
188.17,16898
187.13,9190
187.25,6903
187.64,6918
187.11,1235
187.5,3008
188.05,2545
188.42,2569
187.31,2408
187.63,3261
186.82,3485
186.83,4848
186.86,3622
187.59,12119
185.16,12920
184.62,7846
184.57,7425
183.88,15546
184.59,4591
184.06,10053
184.13,3561
183.99,3973
184.47,5527
184.57,8429
184.5,4386
184.02,4188
184.01,17090
183.18,5687
182.41,17440
180.97,11717
180.87,5721
182.14,6472
182.01,14368
181.87,15211
182.9,3391
182.36,12295
181.32,9760
180.72,3310
180.59,5205
180.41,27390
180.2,2725
179.4,10194
179,13068
179.9,4454
180.47,15056
180.5,12045
180.82,3707
181.26,6335
181.22,5430
181.09,5549
180.4,5319
180.74,6105
180.54,23203
180.54,7833
180.24,4112
180.42,6763
181.09,5588
181.15,4469
180.33,2789
179.86,2273
180.5,1440
179.78,2822
179.47,3146
179.53,6659
179.52,11544
178.16,15764
179.35,9632
178.38,4980
178.81,4109
178.74,1866
178.25,1407
177.92,2106
176.79,3000
176.82,758
176.91,1507
176.37,2428
177.2,2465
177.59,3115
177.32,10753
176.6,3158
176.51,6659
177.09,7439
177.31,13847
178.12,6322
178.1,3080
178.3,2997
177.67,3494
177.54,2859
177.77,6020
177.7,11214
177.38,4731
177.5,21063
178.77,12573
178.46,7379
177.93,5803
179.33,9935
178.44,3735
178.38,4420
177.71,3436
177.23,6343
176.84,3896
177.38,9200
177.25,10083
177.61,7851
176.83,31087
175.91,3656
174.73,5312
175.7,3644
176.09,4740
176.58,2436
175.6,1727
175.19,2444
174.87,2118
174.55,1843
174.19,3289
173.74,2262
173.65,4023
174.5,24780
176.18,6186
175.58,10730
175.97,7329
176.72,7174
177.01,4960
177.3,3221
177.27,2550
177.17,3610
178.48,4877
178.79,4119
178.77,3299
178.97,3491
179.27,18409
179.45,12748
179.48,8110
179.77,7925
180.46,4472
180.42,2082
180.64,6467
180.46,3594
180.64,3019
180.96,6578
181.29,4033
181.11,4589
181.84,3953
182.07,20447
181.81,9716
181.34,7594
182.09,7949
182.99,11151
182.98,2604
182.96,6121
181.88,5870
181.01,6895
180.52,5928
181.04,7037
180.87,9357
181.24,8564
182.21,26113
184.91,17752
185.59,5663
186.25,3403
186.11,2621
185.5,2224
184.7,3312
184.78,1746
184.99,1276
184.97,2230
185.21,1545
184.8,3648
185.02,6318
185.13,13140
185.73,11270
187.55,8185
186.45,7384
185.67,7262
184.91,5932
186.06,4442
185.92,6284
186.24,6334
185.74,3186
185.97,6866
186.66,4509
186.56,6666
186.04,24102
186.23,8682
185.52,5745
185.49,6514
185.28,6592
184.77,4275
185.29,3704
184.76,2585
184.73,3654
184.51,2428
184.84,2808
184.4,2276
184.77,2471
184.59,14301
185.06,5249
185.11,8531
185.53,8459
185.57,7353
185.67,8097
185.34,5671
184.89,3583
185.27,4171
184.99,4384
184.91,9353
184.79,6233
184.67,8777
185.12,25602
185.62,27164
186.95,4531
187.41,8031
186.06,20706
185.85,13265
184.81,12156
184.36,7874
184.39,7649
184.69,5066
185.04,8354
185.13,5906
184.88,14045
185.55,22387
183.79,5433
184.39,27772
184.66,11929
185.04,5240
185.21,2916
185.45,3035
184.95,10251
184.81,15117
183.99,5641
183.51,7141
182.69,2727
182.44,2711
181.84,19002
180.69,5709
180.91,4954
180.31,5416
181.45,5760
182.18,3434
181.88,2437
182.36,5313
183.71,3401
184.04,2029
184.32,3447
184.53,5407
184.55,3477
185.12,16290
183.92,24687
183.58,12361
184.07,12953
184.17,24115
184.44,10847
184.87,6022
184.5,4361
184.22,4089
184.09,8428
184.35,5892
184.39,6542
184.5,8487
184.61,31378
193.92,35227
192.26,10283
193.77,8514
194.5,8060
194.13,5110
194.06,4474
193.49,5486
193.67,2465
193.58,3863
193.45,4744
193.36,2767
193.62,4845
193.58,28208
193.29,10737
195.16,8995
195.5,5643
195.73,7896
196.19,4344
195.86,5707
196.08,8924
195.85,8379
195.8,6718
196.04,7887
195.61,5998
196.05,12687
196.04,38243
195.24,6159
194.98,5496
194.71,14150
193.12,23547
192.51,19988
191.98,12707
192.27,4196
192.82,1436
192.73,3807
192.55,1820
192.02,5827
192.73,7828
192.41,20089
194.21,3867
193.58,7744
193.56,2343
193.45,5937
193.25,2452
193.44,6085
193.64,7140
193.78,1918
194.02,970
194.33,1201
194.1,2868
194.2,9838
194.5,29224
194.13,13298
194.39,3794
193.99,3497
194.93,6134
194.46,1712
193.96,2026
194.19,1958
194.71,2522
195.29,4813
195.19,9999
195.03,7547
195.02,11277
195.32,21187
187.96,43591
189.37,26354
190.81,9805
190.56,9989
189.41,7453
189.32,5723
189.44,3995
189.57,5308
189.58,4456
189.25,9189
188.67,12032
188.9,11173
188.69,54307
189.84,24060
188.02,10033
188.46,10223
188.3,5447
188.49,4810
189.22,5080
188.88,1662
189.07,3608
188.9,4012
188.86,4539
188.77,6202
188.68,5643
188.96,20302
188.49,6384
188.06,6618
188.4,7573
188.8,4426
189.34,4408
189.6,4273
189.59,8957
189.59,0
188.98,5935
188.72,9647
189.44,8325
189.97,5085
190.42,3166
190.32,2621
190.4,2847
190.66,3225
191.26,2661
191.3,4520
190.74,3453
190.44,5694
190.7,16182
189.9,7725
188.8,4573
189.28,13042
190.5,22123
190.96,8754
191.36,6848
190.82,5089
190.45,4842
190.38,5875
190.23,4609
190.37,5711
191.01,4083
190.67,32199
192.02,10420
192.01,7697
191.48,5092
191.5,3562
190.64,2364
191.38,6012
191.82,3324
191.7,5234
191.77,6740
191.53,5404
191.36,5022
190.98,9454
190.52,27717
190.64,5752
188.63,10045
188.53,6237
189.13,6528
188.6,5980
188.38,3788
188.16,1715
188.24,4669
188.14,1318
188.14,1662
188.17,1912
188.64,4388
188.07,16902
189.73,8392
190.83,9997
191.24,7204
191.75,9044
192.47,8027
193.38,9217
193.58,3715
193.99,2240
194.33,3164
193.98,3812
194.4,3678
193.9,6454
194.41,24552
194.25,13194
197.65,19980
198.31,23086
197.67,54111
197.99,8527
198.85,4338
198.74,4792
198.47,5057
198.32,9458
198.3,3741
197.69,5859
197.54,6818
197.16,22716
195.74,10483
196.33,9346
196.49,4862
196.33,8697
195.55,11020
195.5,5128
194.74,2885
194.59,6932
195.01,4576
195.07,1350
195.63,4985
196.02,4754
196.04,16764
197.76,6911
199.6,61659
199.31,36899
199.16,13947
199.2,8183
199.19,8350
199.19,16404
199.03,5998
199.28,6783
199.23,6861
199.08,5062
198.87,11482
198.99,29428
199.2,31476
198.75,28574
198.87,12914
198.47,4691
198.28,6801
198.17,7789
198.12,5331
198.17,28648
198.46,32765
198.46,91574
198.78,6065
198.26,4620
198.23,89437
198.18,19834
197.29,11039
197.84,6414
197.66,6459
197,5745
197.44,8056
197.37,1402
197.17,2486
197.5,1229
197.96,2776
198.16,1750
198.57,5458
198.31,24023
198.56,10926
197.76,11089
199.04,4524
198.07,7228
198.42,6582
197.94,6322
197.75,5751
197.66,2532
198.38,9584
198.22,2649
197.81,2525
197.32,7718
196.87,31090
197.12,9025
196.37,9188
196.81,6540
197.6,4773
197.65,6137
197.52,7726
197.81,9358
197.88,10239
198.15,14421
198.29,7075
198.6,11119
198.68,25027
198.57,62946
198.38,11844
197.88,6687
197.02,9680
197.4,9583
196.74,2871
196.71,4705
196.63,4610
196.98,3353
196.81,3158
197.29,42838
200.64,21872
203.31,25638
204.06,69677
210.11,113501
212.01,112380
211.66,105071
212.07,21075
212.16,84801
213.3,36736
213.81,114824
214.14,41820
214.44,18960
214.07,23585
214.36,28842
214.85,50381
215.3,124353
214.77,160065
214.87,134064
215.27,30000
215.22,13375
216.03,9492
216.17,32804
215.51,16100
215.34,27341
215.68,16441
215.24,70698
215.05,47377
214.88,57501
215.05,100663
215.94,69323
215.04,52298
214.84,32773
214.44,4199
214.04,4253
214.02,11137
213.94,20146
214,18138
213.7,12099
213.63,11130
213.24,11011
213.54,14598
213.48,68296
214.11,63492
215.63,17148
215.3,9000
215.25,24851
215.06,20592
214.85,26072
215.06,14578
215.04,14193
215.27,31989
215.53,18446
215.32,10235
214.9,7745
214.69,88362
212.07,23822
211.92,8239
213,6378
212.61,4697
212.55,18622
212.62,18704
213.11,44778
213.39,21139
213.4,48288
213.44,68064
213.69,18598
211.7,8327
211.51,25776
213.31,22803
213.18,34183
212.83,4802
213.03,29120
213.06,11129
212.77,14337
212.61,12729
212.61,9011
212.61,14100
212.62,6918
212.65,20443
212.21,4670
212.69,64949
213.54,8814
214.34,2815
213.43,5268
213.2,7983
213.05,4052
213.1,2252
212.75,1748
212.73,1542
212.94,1771
213.05,2002
211.66,5376
212.73,6297
213.03,19206
212.67,4130
213.15,1888
212.66,1694
212.54,1752
212.86,6080
212.63,1668
212.86,2532
212.63,6261
212.81,1129
212.85,2425
212.77,2353
212.63,2710
212.54,10807
211.91,2910
211.93,3397
212.01,1744
211.78,3005
212.3,2686
212.49,5553
212.64,5922
212.47,2119
212.43,2771
211.91,2412
212.14,2146
211.92,5231
211.91,16662
212.48,1650
212.21,5272
211.99,2179
211.96,2508
211.9,1460
212.39,1267
212.38,2208
212.52,1018
212.67,3278
212.72,2436
212.69,993
212.49,3627
212.62,15432
212.87,4593
212.78,3180
211.89,3266
211.56,4633
211.27,2599
211.13,2926
210.73,2591
211.43,5349
211.4,3276
211.45,3545
211.52,2802
211.66,7412
211.84,17349
211.43,8503
211.64,21370
211.58,4131
210.51,12499
209.89,13570
210.28,3912
209.69,11413
209.9,5901
209.25,3736
209.65,2278
209.17,3615
208.9,6058
208.58,32795
206.28,34009
205.65,16307
204.91,12446
203.71,11978
203.42,12651
203.22,9053
203.6,14485
204.11,8311
204.58,1679
203.95,18433
204.26,14637
203.37,12069
203.11,43009
201.95,10990
202.71,8872
202.6,6137
202.4,60991
203.14,8983
202.47,7288
202.41,8918
202.43,7976
202.37,19944
202.07,4069
202.01,4039
202.37,6204
202.13,21471
201.32,29908
202.83,37570
203.65,17628
203.38,6852
203.03,10171
203.03,7380
202.44,2167
202.41,8359
202.74,3443
203.07,3483
202.93,3345
202.31,6982
202.47,15521
203.71,5307
204.68,14876
205.59,6755
205.98,4617
205.88,5083
205.29,2246
204.89,970
205.86,567
205.81,7524
206.06,2317
206.71,5170
206.78,2912
206.86,14720
205.61,5914
206.76,6325
206.62,1982
206.11,1282
206.15,2674
206.37,2591
206.84,2271
206.72,1355
206.57,2309
207.06,1068
206.65,3298
206.84,3898
206.7,12092
207.88,15083
209.01,3788
208.79,9085
209.14,13128
208.66,3383
209,3949
208.87,4021
208.41,3680
208.82,2628
208.82,4592
209.46,2753
209.67,5956
209.31,20858
209.52,12007
210.06,13135
209.3,9718
208.65,3875
208.43,4725
208.38,3714
208.46,2241
208.75,3621
208.82,2568
209.35,8234
209.59,3743
209.92,5898
209.79,14069
209.89,5884
209.29,5091
208.5,1871
208.06,1636
208.55,1491
208.17,1895
208.23,5677
208.5,3928
208.72,2356
208.86,850
208.49,2197
208.5,1491
208.81,6032
208.8,8045
207.89,9205
208.84,9648
209.59,12185
209.89,9678
209.4,3675
208.5,5591
208.71,6913
209.56,8462
209.16,3176
208.44,8711
209.01,3599
208.99,16917
209.36,8628
208.39,6028
208.6,6548
209,8128
209.11,8477
208.84,4234
207.78,3965
207.79,4754
207.21,6671
206.96,7259
206.74,3037
207.08,5714
206.84,19900
208.8,11110
208.73,18581
208.62,7837
208.27,13443
208.17,5564
206.73,8484
206.26,5163
206.04,8442
206.11,5356
206.41,20083
207.4,9380
207.35,6071
208.04,37768
207.57,5214
207.41,4993
207.71,2071
207.96,3732
208.94,5503
209.26,2191
209.69,5429
209.67,2651
209.89,2841
210.01,5105
210.52,4055
210.35,6976
209.73,26238
207.58,13095
209.78,13101
209.63,6182
208.65,3040
209.2,3172
208.83,2755
209.16,2671
208.65,2731
208.59,1329
209.27,3920
209.3,2334
209.08,4199
209.68,11064
209.56,9677
208.42,7653
207.83,5327
207.41,5366
206.83,3488
206.85,4681
206.3,4824
206.04,2093
205.97,3557
206.26,4503
205.47,10349
205.76,5467
205.83,23148
205.95,9811
203.9,9971
204.06,12252
204.87,6792
205.16,6655
205.21,5265
204.68,8100
204.29,3560
204.07,5363
203.36,7512
202.58,6728
202.49,8170
202.29,37452
202.5,12216
202.23,20147
201.41,13935
201.25,7837
201.39,6726
201.35,5084
200.91,3367
201.36,6673
201.51,6005
201.6,4998
202.35,5935
202.46,5432
202.47,26014
203.29,5877
202.79,6926
203.26,5568
202.94,7993
203.04,4559
203.23,4726
202.64,2797
202.09,3286
202.4,4412
202.26,8009
202.37,6806
202.56,3964
202.46,18484
202.83,10019
203.14,6255
202.37,2320
202.1,2624
201.98,1914
201.49,1002
201.51,1232
201.04,2288
201.59,1726
201.31,976
201.32,2044
201.1,8237
202.58,17493
201.94,21667
203.04,17304
203.24,18822
203.7,21053
204.97,19239
205.44,20966
206.24,20390
205.68,12511
206.12,19945
206.34,18669
206.83,21274
207.22,29307
206.97,20880
205.49,23250
204.43,14541
206.13,18211
206.99,18602
206.58,13072
206.37,8972
206.67,10225
206.95,14758
206.77,8504
206.88,25181
205.24,27904
205.64,34519
204.9,19178
203.46,22515
204.69,29836
206.38,23001
205.68,21269
206.87,29197
208.6,20468
208.35,18265
210.25,31180
209.8,11594
209.96,19467
210.71,27475
210.93,20357
210.88,45809
207.88,46912
204.96,33178
205.36,32014
206.42,24414
207.88,21759
207.84,12052
208.53,22715
208.58,18729
209.48,18457
210.77,21349
211.45,8048
210.97,30326
211.09,33704
207.42,4859
207.91,14849
206.55,3581
206.43,4563
207.29,2978
206.92,4368
206.92,0
207.96,1366
207.95,1573
208.22,760
208.63,926
208.93,1926
208.83,8664
208.94,4514
209.94,7204
208.58,10155
209.04,4921
208.89,4621
207.66,4936
208.36,3822
207.65,5437
207.72,1638
207.73,2900
207.49,2267
208.36,2377
208.52,8294
210.28,3001
210.96,1911
212.36,6946
211.71,2577
211.82,3265
211.74,1715
211.81,13086
212.32,17267
212.8,5388
211.92,6427
212.06,6594
212.19,10258
212.47,35155
213.19,3367
212.96,2937
213.2,3157
212.27,3546
211.37,1849
211.29,4863
211.04,6131
210.12,1952
210.42,2241
210.71,2073
210.5,3370
210.71,3071
210.32,18819
211.43,4950
210.92,4378
211.1,2623
211.15,2191
210.67,4756
211.26,3131
212.28,3335
212.18,2387
212.37,2042
212.3,1960
212.42,2559
212.46,4094
212.64,13243
216.76,15739
218.59,6873
219.45,7437
220.17,8304
220.99,6775
220.39,3271
219.84,3668
220.22,3093
220.49,2307
220.77,2436
220.29,5252
220.01,5480
219.72,32233
215.44,12846
214.48,12111
216.07,5614
216.21,4702
217.47,4580
217.22,2899
217.9,2423
217.7,1746
218.04,10930
217.29,2582
215.98,7033
215.49,6880
215.19,26539
215.49,11449
214.84,2261
216.36,6699
216,11811
216.23,8920
215.94,5070
216.58,6709
216.58,10088
216.34,6890
216.85,7487
216.95,5846
216.63,9411
216.65,26180
217.86,6325
217.92,3265
217.74,2591
217.82,1985
217.58,1358
217.94,1324
217.84,2448
217.76,2122
217.98,2854
217.88,4357
217.89,2357
218.35,4600
218.37,17632
217.83,6891
216.57,16712
217.2,11150
217.77,9034
218.78,3438
219.22,14055
219.1,2960
217.93,3557
217.65,3785
217.44,5206
217.77,7138
217.15,5013
217.78,13452
213.36,8864
214.04,9074
214.68,9306
215.49,5512
216.13,6064
215.59,4203
215.4,4428
215.65,4928
215.7,3705
216.14,1550
216.33,2286
216.73,3736
216.7,15877
216.22,6448
216.17,2925
217.77,3484
217.62,4150
217.46,4064
216.87,1197
217.5,2219
217.57,3171
217.32,976
217.53,3123
217.32,1784
217.31,3666
217.32,17377
219.7,8560
219.95,4012
219.31,2872
219.86,3716
220.18,1698
219.94,2738
220.23,1108
220.32,2315
220.76,2328
220.93,14312
221.5,2802
220.92,3290
220.41,9218
222.25,11801
223.03,10805
222.38,18162
222.02,9663
222.03,3468
222.09,3429
222.45,2360
222.66,2655
222.87,1144
222.41,3111
222.19,2497
222.28,5884
222.56,24516
223.08,9517
223.58,5788
223.6,19440
223.34,3676
222.67,5726
222.44,4111
222.59,3356
222.36,4241
221.87,6914
222.33,4493
222.51,7978
221.99,10930
222.18,31349
222.66,47921
229.39,22662
227.74,16561
228.13,18473
227.93,10915
226.92,9303
226.69,11214
226.96,12753
225.55,5598
224.68,8635
224.6,8431
224.63,13596
225.46,44804
227.62,19515
228.67,13571
229.21,12020
230.64,14284
230.5,9026
230.61,5758
229.09,7845
228.59,8181
228.85,6777
228.65,8257
227.8,6713
228,6006
228.01,23643
228.92,5620
230.49,4792
230.68,5476
230.68,3030
230.1,10335
230.13,2401
229.7,5869
230.13,2420
230.3,2083
230.58,2926
230.67,6016
230.21,15363
230.54,34879
230.16,5281
230.58,2806
232.51,5260
233.07,4162
232.48,4448
232.94,2111
233.41,4088
232.91,2874
232.82,3204
233.12,3721
233.22,1945
233.72,3988
233.91,14631
233.95,12984
233.2,8576
233.6,7657
232.81,6690
232.7,6231
232.43,4791
233.06,3639
232.78,4450
232.87,3181
232.92,5377
232.67,8275
232.67,6105
232.46,12708
231.29,10402
231.9,4717
231.67,4740
232.04,2029
232.3,3473
232.69,471
232.57,2606
232.31,1263
232.05,2217
232.19,2269
231.74,3898
230.16,10032
230.72,29636
230.63,6314
231.44,9545
231.17,4800
231.84,3366
231.19,1250
231.1,430
231.3,855
230.93,7313
230.48,9657
230.08,4471
230.24,3194
230.57,2955
230.61,11342
232.78,2509
232.66,4258
233.56,3423
233.45,3861
232.28,5868
232.29,1221
232.48,1748
232.2,1938
232.46,2491
232.9,4140
232.78,6187
232.6,3585
231.44,15809
231.62,4607
233.55,3261
232.82,5640
233.47,7209
232.6,9047
233.06,4317
232.65,3512
232.16,3029
232.11,3813
231.65,2596
232.64,4332
232.42,5589
232.04,13163
231.39,7417
230.34,8796
229.78,2482
230.17,2744
229.05,6200
229.78,3236
230.32,1933
230.37,3536
230.34,1656
230.33,2298
230.35,1646
230.6,2936
230.79,14861
231.77,3288
232.41,4588
233.37,4550
233.51,3295
233.39,4951
233.27,4537
232.38,4204
232.26,3265
232.33,3822
232.92,1776
233.3,4910
233.51,5015
233.59,18468
234.17,5045
236.14,6536
236.19,4930
235.95,4249
236.33,3701
236.83,5747
237.29,1741
237.51,5858
237.74,4607
237.73,7605
237.12,6918
237.22,6203
236.58,16703
236.67,11107
234.68,5851
234.77,3870
234.1,4287
233.73,6986
233.88,2753
234.4,4239
234.14,3368
233.64,4591
233.73,9058
233.98,4692
232.92,13232
232.69,20739
233.96,6043
235.81,5975
235.03,4563
235.08,6418
234.95,2235
234.04,2791
233.5,3313
233.61,2649
234.22,5416
234.17,5256
233.84,5970
233.99,5954
234.19,14145
235.73,13903
233.29,5080
234.18,4629
233.94,4316
234.17,1840
234.41,3642
234.63,3618
234.56,6789
233.81,7009
233.99,3420
233.97,5203
233.86,7735
233.67,12706
234.49,7769
235.89,5717
235.76,3949
235.56,6564
235.55,6858
235.84,6853
236.1,3700
236.47,2623
236.42,3052
236.85,4563
236.95,6290
237.09,20190
236.76,28310
238.09,5682
238.12,4269
238.49,3407
238.45,4950
238.27,4939
238.26,1873
238.07,1194
238.56,1427
238.71,2607
239.52,4029
239.52,13837
241.3,11323
241.18,18124
242.59,22752
245.71,28432
248.78,20163
249.58,9831
248.46,8592
248.58,5757
249.3,3004
248.98,4193
248.91,7153
249.57,4430
249.8,9004
250,11103
249.42,20994
250.75,6615
250.34,4003
249.16,5377
249.08,3967
248.9,4573
248.71,4407
247.83,3543
248.24,2157
248.18,3856
248.3,3718
248.57,2531
248.69,3736
248.63,11053
247.83,7449
247.74,3603
246.44,2151
246.48,3039
245.78,4426
245.44,2165
244.95,2771
244.77,4506
244.39,2536
244.37,3962
244.37,2433
244.05,3355
244.12,25445
242.6,7581
243.3,6698
242.91,3718
243.13,7224
242.59,1030
242.15,4526
241.81,2350
242.49,1203
241.92,4060
241.68,2500
241.73,1837
241.56,8298
241.75,17404
242.26,5025
242.22,7670
241.5,3595
242.24,5683
242.16,10236
241.31,7849
241.32,7527
241.19,3625
241.57,3690
241.46,3616
241.54,2170
241.43,4844
241.72,16226
241.84,6409
242.46,6118
242.61,5313
242.88,1700
243.16,2078
243,1891
242.76,1367
243.27,910
243.06,3129
243.51,3611
244.08,2009
244.46,3032
244.37,19799
242.98,5772
241.74,5219
240.97,5119
240.97,7358
240,3674
239.8,1162
239.83,4529
238.95,2408
239.07,2063
238.72,2653
238.9,2994
238.84,3084
238.36,12090
235.51,7040
235.3,5651
235.63,4962
235.05,3340
234.82,3583
234.21,2941
233.85,972
233.74,2105
233.67,1835
233.31,1424
233.72,1823
234.5,3246
234.47,17033
230.86,8733
233.26,9576
232.68,4749
232.72,2578
232.34,6650
231.8,5948
231.7,1621
231.61,890
231.44,483
231.19,3746
230.88,3348
230.54,5171
231.04,16543
234.22,4351
231.82,4356
231.63,3886
231.06,2559
231.15,1698
230.82,1546
230.52,525
230.75,1162
230.45,2744
230.07,5763
229.17,13088
228.91,2024
228.62,10468
228.12,2598
228.79,3460
229.59,1457
229.71,4678
229.09,593
229.8,2191
229.83,1154
229.65,678
229.62,1043
228.81,15528
229.22,2268
229.32,1545
229.54,10240
228.25,8489
229.9,2050
230.73,17495
230.88,8383
230.8,2224
230.66,1415
231.46,2961
231.92,3781
231.71,2544
232.18,3497
232.06,3590
232.37,3432
232.27,23467
233.66,2660
232.19,5475
232.16,3978
231.86,2714
232.13,3451
232.49,2778
233.04,3674
233.27,4803
233.66,10010
234.06,4443
233.72,4674
233.38,9839
234.34,15300
228.21,10015
228.14,8121
228.11,9269
228.07,5033
228.68,3138
227.83,2469
227.92,3271
227.64,8322
228.05,3745
227.71,2737
226.16,4233
225.65,6712
226.28,14654
228.74,12799
227.05,8352
224.12,5517
223.8,4496
224.09,4638
225.98,3182
225.66,2634
225.21,7661
226.21,4503
226.05,5938
226.05,8202
225.91,5616
226.03,14483
223.99,4425
222.45,5766
222.55,3060
222.26,3806
222.61,3409
222.33,2432
222.44,5906
222,5943
221.66,3308
221.59,3130
221.6,1695
221.53,7396
221.14,15265
224.19,4664
223.93,6535
222.37,2699
221.59,4863
221.82,6481
222.73,4908
221.9,2641
221.79,2408
220.58,3635
220.63,2514
220.4,3325
220.39,1643
219.95,13555
219.89,2932
218.5,3088
218.42,2271
218.06,5656
218.57,3465
218.98,4186
219.07,6811
219.43,8251
219.01,6261
218.43,9820
219.37,9406
219.81,3770
219.13,10380
220.03,2733
219.86,4280
219.25,3804
218.53,3010
217.93,1467
218.05,2002
218.46,2769
218.46,5133
219.51,7012
220.27,6391
220.25,5321
219.98,5481
219.74,23002
220.21,7044
220.27,7359
221.08,8160
221.76,2331
221.92,2883
221.61,1135
220.52,2554
219.47,3789
218.66,2635
218.34,3629
218.48,1970
219.06,3674
219.23,15769
219.83,1441
221.61,6504
221.97,11782
221.87,8004
221.59,13093
221.21,2291
220.42,11152
220.68,3471
220.14,4614
220.17,2758
219.83,2717
219.69,3559
219.93,13195
221.68,3955
221.62,3020
221.19,4670
220.73,5506
220.46,4287
220.2,3270
220.44,3160
220.94,3468
221.54,4505
222.4,2475
223.08,4108
222.76,3964
222.04,15036
222.58,4163
222.92,3235
223.36,3005
223.75,3546
223.98,2964
223.52,1768
224.01,2141
224.24,1228
224.66,1640
224.88,3961
225.13,4812
225.08,2936
225.13,13814
222.57,3139
223.34,5204
221.79,2919
221.19,2200
221.15,2649
221.12,2801
220.41,620
220.87,1617
220.71,2015
221.25,1747
220.98,2084
221.04,1782
221.41,3922
217.9,6469
217.29,9797
217.91,4677
218.66,4472
219.56,2402
220.55,2054
220.82,1415
220.96,1709
220.97,2618
221.6,2796
221.21,1355
221.41,4184
221.7,18621
222.09,4486
223.65,8157
224.44,8266
223.53,7242
222.96,5500
222.99,4339
222.66,1467
222.43,2207
222.56,2935
222.44,3162
222.32,3637
222.06,11724
221.66,26886
221.83,8521
221.8,5137
222.6,2621
222.25,2607
222.58,2427
221.94,2036
222.39,1324
222.36,2203
222.3,1149
222.05,4385
222.21,6867
222.17,5780
221.45,25955
221.17,6677
220.72,4747
220.93,3635
221.28,3027
220.63,3609
220.32,2850
220.49,7955
219.81,3167
219.99,1905
220.72,2473
220.01,2669
220.52,7946
220.61,21763
219.03,4201
217.66,8530
217.66,8153
218.14,4003
218.59,2301
218.31,3511
218.82,2608
218.94,1213
218.81,1213
219.02,4800
219.43,9027
221.88,10830
221.6,22622
221.23,8802
219.43,7798
219.35,7405
218.8,10669
218.3,2235
218.67,4237
218.43,9014
219.03,1468
220.26,2625
220.07,2951
220.46,2312
220.59,2710
220.27,9292
225.24,12788
227.31,8402
225.56,3538
224.25,2251
224.21,2076
224.46,1578
224.18,645
224.01,1868
223.79,2244
224.35,1222
224.29,1996
224.03,3222
223.88,14818
225.58,6221
224.7,10458
224.98,4974
223.87,1597
223.81,925
223.09,1817
223.08,1063
222.96,1459
223.09,1775
223.24,2500
223.55,2776
223.56,5265
223.1,12823
224.06,2565
225.01,7896
225.22,7249
224.7,4270
224.36,1704
224.37,5638
224.09,989
224.01,2674
223.69,5199
223.01,2269
222.64,2412
222.84,2796
222.73,29985
220.96,6330
223.02,6473
223.28,1570
223.77,1684
223.67,2737
223.5,4665
223.32,3661
222.72,1724
222.48,1681
222.88,2608
223.46,1502
223,6070
223.9,13737
223.89,6455
226.39,13096
227.78,3372
227.29,2194
227.08,2831
226.71,3552
226.92,3337
227,2087
227.32,5260
227.1,2314
227.35,5345
227.25,6146
227.8,10946
227.26,6088
228.07,6069
227.82,3351
227.53,6018
226.72,5373
226.68,1901
226.08,1047
225.78,413
226.05,683
226.03,1254
226.28,1600
226.3,2690
226.36,8623
227.16,5689
226.23,8612
225.95,7648
225.23,2870
225.03,4808
225.22,1444
224.36,2031
223.76,2893
223.6,4989
223.31,6961
223.82,7047
223.58,9413
224.56,27730
224.23,9819
225.49,2920
224.56,3734
223.66,3578
223.84,5918
222.82,5633
222.51,3179
221.65,3141
222.17,2186
222.18,4362
221.49,7596
222.3,3076
222.76,11372
226.92,8265
226.34,5629
227.45,3775
227.72,2822
228.03,3618
228.05,3584
227.68,3456
228.18,1313
227.94,906
228.08,176
227.4,1688
227.48,2950
227.16,10515
225.45,2495
224.22,6883
223.82,10984
224.17,3101
224.38,1954
223.87,1676
224.39,2682
224.46,946
223.71,6108
223.76,4209
223.15,2428
223.97,1833
224.08,17232
223.34,3732
223.21,3651
223.19,4912
223.06,3062
221.97,3460
222.13,667
221.85,3468
222.07,1564
222.24,1953
222.17,2444
222.1,3246
222.42,3440
222.24,19138
220.13,10990
221.75,11406
221.73,10054
221.95,12723
221.83,5412
221.15,2670
220.94,2630
220.74,2046
220.51,3686
220.63,3478
220.74,4511
220.64,8053
220.81,22053
222.91,35305
215.78,32574
214.38,24169
214.64,16562
214,16461
214.56,3896
214.18,4364
214.24,7119
213.86,6089
214.36,9892
215.09,14239
214.94,7274
215.22,33540
215.65,9616
215.15,10689
214.96,7384
214.76,4858
214.71,4655
214.77,5410
214.76,2399
215.13,1219
214.19,2365
213.97,2793
212.75,4216
212.84,6889
212.21,12862
212.66,3395
210.38,8371
210.1,6696
210.87,4360
210.82,2124
210.9,6792
211.38,12214
210.66,6697
211.03,3900
210.17,9834
209.44,9478
209.1,8927
209.23,18736
209.26,3878
209.17,4910
208.83,658
208.2,4846
208.78,2818
208.78,1372
208.92,2882
208.47,3545
208.32,5853
207.92,3094
207.6,9324
207.4,5944
207.27,17958
207.41,10082
207.81,8041
206.9,9639
207.03,8046
207.5,5824
207.28,5200
207.17,3934
206.94,5160
206.82,7514
206.91,7109
206.33,8404
206.67,11318
206.44,42572
205.54,2839
206.28,7193
205.59,4091
204.95,3994
205.34,2102
205.22,1412
205.87,2219
205.52,3665
205.63,5032
205.47,6194
205.73,8412
205.8,7557
206.09,25073
207.47,6520
206.62,7011
206.59,4881
206.94,6248
207.16,3873
207.13,1758
207.08,4099
207.79,6864
208.41,5283
207.95,7498
207.18,3009
207.1,3983
207.46,11484
208.56,6590
208.7,5682
209.52,3615
209.49,2868
209.92,2666
209.22,2287
209.06,1436
209.1,3108
209.81,4555
209.75,3950
209.58,4382
210.27,9961
210.98,28065
211.66,7506
210.14,5072
210.5,4643
210.37,1370
209.04,2870
208.66,2621
208.33,1049
208.22,915
208.84,2408
209.19,2199
209.63,1814
209.44,3129
208.81,15165
207.91,4340
209.04,10785
209.52,8680
209.48,3405
209.58,1048
209.04,1464
209.02,3183
208.66,1304
208.72,2012
208.69,4838
209.63,3312
209.34,4608
208.69,17779
208.67,7939
208.14,3874
209.1,5144
209.26,1238
209.84,2577
210.47,2269
210.51,2860
210.2,3986
210.09,1696
210.01,1535
210.5,331
210.9,2628
210.46,13023
210.21,1998
211.77,4991
210.66,3749
210.6,4192
211.25,5190
211.11,3137
210.35,1757
210.44,2232
210.52,3512
210.28,4089
209.89,1467
210.51,2260
210.25,20254
207.17,3979
207.87,4403
208.78,4732
208.61,1657
209.11,7193
209.3,1628
209.27,594
209.13,2271
209.9,938
209.42,1589
209.61,1955
209.29,711
208.8,7495
209.01,3095
210.02,3855
208.93,2334
208.06,3134
208.59,959
208.81,1272
208.78,1150
208.95,1764
209.19,1144
209.33,2343
209.84,2849
209.68,3240
209.85,14494
209.76,6608
207.7,5534
207.47,3711
208.68,2120
208.86,1197
209.18,2183
209.22,2718
208.97,1367
208.98,1890
209.46,1790
210.09,3308
210.29,2754
209.89,15977
214.93,8019
215.45,11268
217.14,8746
218.1,11110
217.74,4555
218.07,3000
218.07,6589
217.96,4856
217.15,5283
216.82,7146
217.91,4573
217.98,9121
217.19,15424
216.46,4122
215.56,4374
215.75,4228
216.54,1856
216.84,2529
216.75,1560
216.76,1680
217.05,1704
217.78,2653
217.89,1033
218.14,2791
218.43,5956
218.64,7924
216.65,2736
215.59,6568
213.46,3527
213.9,1974
213.88,2911
213.91,4617
213.77,5078
214.35,3386
213.96,1212
213.55,1368
213.91,5347
213.79,1236
214.15,15334
213.7,5278
214.54,5606
216.34,3642
216.95,3398
217.29,2947
217.07,1343
217.6,2260
217.41,1565
217.62,1055
217.74,2499
218.21,827
218.1,3992
218.62,8609
218.69,6950
219.11,5626
219.36,10312
219,3230
218.69,1714
219.29,1108
218.98,1552
219,1198
219.25,656
219.37,745
219.47,620
219.88,1574
219.76,9307
218.07,8278
219.05,5953
219.12,3148
218.57,8912
217.78,5850
217.53,5839
217.91,7417
217.74,7949
217.81,11596
218.35,4877
219.28,6638
219.49,5580
219.26,29668
219.15,3355
219.47,2276
220.53,1502
220.76,3950
220.93,3082
220.51,2186
219.98,1390
220.2,1777
219.57,3640
219.25,4388
219.66,2304
219.56,3949
219.38,23935
221.02,12706
220.44,5244
220.76,5011
221.08,4743
220.72,4502
219.77,3375
219.57,6586
219.85,2825
219.63,2652
219.79,4165
220.89,3451
221,3639
220.07,8061
218.56,11322
212.72,10868
212.52,5397
211.65,8327
210.94,6987
210.66,2269
209.65,1455
209.73,4056
209.78,6183
209.39,8729
209.83,8181
209.35,11178
209.67,30658
207.78,9952
209.29,9024
209.61,4552
209.09,4381
208.97,2809
209.96,4439
209.78,2427
210.11,5680
210.5,1121
210.26,2800
210.3,3664
210.34,3800
210.23,15327
211.01,13918
210.6,12146
210.21,9721
210.73,4299
211.1,5107
211.22,3274
211.07,2680
210.68,3313
211.5,6493
210.82,5020
210.08,6974
210.76,6569
211.12,20643
212.31,4589
211.36,7202
211.74,10386
212.61,7135
211.61,3707
211.86,2198
212.37,5086
212.64,5059
212.5,1832
212.36,6411
211.55,7199
210.44,7309
210.72,16298
211.35,9290
210.8,9121
208.35,11921
206.84,7570
206.96,4105
207.18,1246
206.58,1597
206.34,2339
206.58,6486
206.37,1397
206.52,2729
206.13,5305
205.74,16474
204.76,10377
205.14,17052
205.39,8613
204.47,11473
204.93,5341
205.13,2179
205.02,2340
204.88,3369
204.35,4051
204.45,2134
204.89,2962
205.1,5018
205.11,20852
207.91,8709
207.88,3309
207,5706
206.14,3870
206.02,2544
205.71,3927
205.47,12995
205.47,0
206.04,5099
205.38,4065
205.23,5080
205.55,1958
205.14,3197
205.16,2514
205.33,2003
205.99,1760
205.74,3090
206.24,2060
206.36,2434
206.62,2459
206.19,11922
207.15,7377
208.34,11145
208.67,7236
210.01,7682
208.7,14064
207.17,3033
207.55,5520
208.38,2980
208.56,12956
208.32,5476
208.81,6769
208.9,6440
209.01,29811
208.56,4620
207.77,6960
208.03,4892
208.09,5292
207.54,6691
207.77,5981
208.21,6266
208.87,3252
208.77,2569
208.44,8730
208.37,2060
207.96,6748
207.9,20985
209.23,10094
209.74,5817
209.49,1407
209.66,1650
209.65,1776
209.87,2485
210.5,3246
210.63,1513
210.54,1808
210.6,2995
210.83,8918
211.16,2227
211.47,16566
217.72,9668
217.91,12478
218.93,16402
220.17,15158
219.48,3460
219.31,5537
219.3,6212
219.75,5415
219.31,4965
220.29,2498
219.98,3366
220.28,5428
220.51,49567
222.28,11683
223.96,11611
226.24,6795
226.51,7672
226.85,4902
227.11,4437
226.92,5108
227.17,2852
228.54,10619
228.64,9541
228.21,8296
227.49,9391
227.32,19334
224.27,11167
222.97,7800
224.49,4298
224.29,2375
224.85,2319
225.8,3769
225,2281
224.59,2678
224.12,1755
223.9,1718
224.52,2536
224.4,2973
224.49,19375
224.37,9593
229.28,8529
228.65,10548
229.53,14230
229.47,6311
229.51,4725
230.67,3647
230.82,2929
229.94,3933
230.08,2905
230.42,2840
231.07,3416
231.78,17474
230.32,23249
232.89,24535
232.84,15031
232.88,12426
234.01,10075
235.32,7125
235.78,16561
236.02,9585
235.78,9758
235.61,13905
235.31,21512
235.91,22678
235.35,25181
232.93,10391
237.14,11016
235.97,10701
235.15,8800
235.28,8379
234.06,8134
232.27,7542
232.59,3488
232.99,2787
232.67,8119
230.82,7739
230.27,9067
229.51,27803
230.43,9856
231.43,15312
230.74,6372
230.59,6210
229.87,5807
230.4,2699
230.77,2884
230.55,4059
230.07,4481
230.74,3309
229.95,846
230.47,2048
230.34,9856
230.47,7520
228.72,7157
228.58,5173
229.95,3227
229.63,2265
229.74,3999
229.31,1948
230.12,1885
230.23,1574
230.34,1754
230.95,1919
231.47,4112
231.56,11473
232.27,8822
229.89,5546
229.31,7820
229.25,5356
229.72,3998
230.31,1289
229.39,9295
229.38,3256
230.27,1675
230.65,4022
230.67,3138
229.82,4915
229.52,18601
228.4,17369
228.06,12494
227.18,5274
227.89,5838
227.85,3165
227.75,3279
227.54,4090
226.83,4060
227.02,4326
226.86,1821
226.28,1488
225.69,7490
224.73,14301
223.94,8778
227.89,11037
228.56,6415
227.96,3574
228.45,4911
229.09,3345
230.09,3587
230.23,4826
230.11,2968
229.41,4976
229.56,3301
228.56,2837
229.84,21022
228.52,11988
233.8,7433
232.09,6729
230.25,3547
230.97,3483
231.81,2951
231.53,3788
232.76,3079
232.57,5652
231.26,2973
231.41,2091
231.28,5152
231.7,21805
230.46,4592
231.41,5632
232.29,6652
231.99,3484
231.89,6498
232.05,4240
232.11,8743
231.52,7475
231.32,4626
230.72,7753
231.77,2302
232,4162
231.81,34361
232.7,5954
232.3,1649
232.11,1470
231.71,2896
231.43,2192
231.42,5034
231.74,1532
231.52,2640
231.9,1500
232.49,1994
232.63,4183
232.18,8610
232.86,21735
234.58,4585
234.9,7636
236.69,4086
236.54,1436
237.04,2054
237.45,1260
237.46,2338
237.37,1558
237.08,2767
236.59,3537
237.53,4118
240.34,10344
238.14,23148
239.73,5573
237.04,3278
234.52,5273
233.26,4589
233.76,3993
234.11,2390
233.97,3106
233,950
232.91,3025
233.1,1678
231.71,1599
231.49,4618
232.17,16248
230.46,8251
231.14,14167
228.62,11750
228.92,6413
227.57,3974
229.26,4199
231.1,3085
230.49,4690
229.5,1630
229.61,3997
230.95,4381
230.77,3586
231.93,10906
229.41,11069
230.46,5614
228.37,9933
228.74,11662
229.5,13354
231.56,11740
232.39,13140
230.64,1917
231.01,3752
230.53,1377
230.89,4927
229.83,6559
229.52,20156
228.63,3751
231.86,6282
232.73,6666
234.09,5506
232.07,5173
233.81,3142
234.18,2465
233.78,3702
234.71,2007
234.64,6765
235.29,5858
234.71,15429
235.79,16957
234.77,6425
233.13,5654
230.44,24011
229.54,16189
230.44,4421
229.11,5842
227.5,7424
226.25,7666
225.67,4992
224.87,3380
224.04,4221
223.83,13161
224.92,46474
224.58,8634
226.72,11323
226.68,2833
226.76,5268
227.52,8900
227.43,4132
227.22,3272
227.24,3543
228.59,3673
228.15,2244
228.53,2871
228.14,3864
228.36,15386
228.18,8886
228.04,8636
228.58,8557
228.98,5464
228.55,6559
228.77,5671
228.21,3086
228.97,2270
229.83,1645
228.37,3479
228,1787
228.78,5108
229.25,13932
226.32,17770
223.24,15374
224.7,13539
224.63,7373
223.18,3556
224.33,5660
224.65,3310
223.91,2274
224.3,3124
224.62,2142
224.84,1797
224.32,7720
223.49,26862
220.77,17119
224.65,14193
224.63,5234
224.9,6930
224.91,5325
226.12,9208
227.81,7996
227.98,3675
227.96,4722
227.9,3867
228.21,6497
228.21,5814
228.45,31247
228.18,10951
230.4,7842
231.15,7072
230.5,6625
230.13,7232
230.4,4429
229.25,7942
230.03,2869
230.28,2608
229.9,2567
230.25,3463
230.61,3774
229.81,29326
234,16304
231.22,15245
231.93,8392
230.65,5217
231.29,5844
230.88,3908
231.26,5444
231.37,3664
231.98,5675
232.04,4944
232.04,6756
232,7462
232.5,32389
233.59,2740
233.13,1429
232.27,2874
231.75,2235
232.02,1890
232.29,1132
232.47,681
233.19,5961
233.26,1316
232.93,531
233.18,5332
233.63,12867
233.2,7950
234.1,7136
233.33,9053
233.37,2789
234.38,5448
234.89,17771
233.95,8169
235.1,3758
235.1,4282
234.81,3558
234.94,9722
234.67,10526
235.28,5318
234.77,16381
236.33,18685
235.17,26040
235.85,14825
231.46,14112
232.75,6441
233.31,1555
232.69,1985
232.04,991
231.61,1930
232.01,2507
232.34,2491
232.13,3770
232.45,10777
233.92,6741
233.96,7490
233.58,6893
233.12,3140
234.14,1703
232.73,2053
232.85,3116
233.07,1531
233.6,3839
233.61,2041
233.74,4805
233.97,12526
234.38,22650
234.88,7335
233.27,4266
232.98,2734
233.83,2808
233.34,3480
233.37,1089
234.21,4133
232.81,3625
232.99,2390
232.14,2852
232.97,3064
233.18,3495
233.08,19605
233.6,6909
233.6,8052
237.95,5694
239.49,7335
239.92,4349
240.09,3167
240.58,3503
240.75,3306
241.71,7591
241.43,6235
241.69,2496
241.73,6997
242.66,21828
243.29,5949
243.74,4672
243.93,4061
243.14,7627
242.22,4772
242.55,1829
242.95,2675
243.76,1975
243.44,2221
242.76,2433
242.99,3341
242.89,3033
242.43,19509
241.32,2870
240.11,2077
240.41,2392
240.57,3142
240.47,1557
240.27,1614
240.31,2377
240.42,2571
240.92,3210
240.12,2272
240.08,3165
239.87,3657
239.56,13236
240.74,3745
241.47,3051
240.98,7002
241.86,2320
241.03,1954
240.17,485
240.07,1256
240.66,1041
240.18,1352
239.28,1892
239.27,2577
240.47,1403
240.57,14008
240.33,2130
239.67,7047
240.77,1205
240.22,7415
240.79,1739
240.8,584
240.77,503
239.93,549
240.68,995
241.26,804
240.73,1693
240.05,4755
240.15,21785
239.72,4688
239.83,2412
239.88,4198
239.8,6401
238.53,2947
238.84,3406
237.71,4492
238.38,1901
238.6,1485
238.93,2117
239.04,2589
239.5,2456
240.35,15509
240.34,18539
239.62,11862
238.63,17096
238.48,24459
238.64,18743
238.54,10787
237.95,2678
237.06,2602
237.6,4339
237.65,6398
238.09,9633
237.5,8578
237.48,38828
235.97,3745
236.23,11906
236.15,4131
235.86,3054
235.7,5111
235.19,831
235.4,1154
234.27,1352
235.11,2284
234.94,4875
235.17,1788
234.68,6212
235.46,24609
237.37,3999
234.7,6961
235.32,2502
234.74,3653
234.6,7161
234.07,2346
234,1537
235.23,2984
234.76,4524
235.97,3837
236.26,876
236.15,5138
236.09,16037
237.9,3391
237.85,5300
236.97,6864
236.82,6714
236.01,3105
235.96,106
235.91,602
236.48,3524
236.8,1646
236.42,1130
236.19,778
236.64,6300
236.77,21183
236.88,14875
234.76,8660
234.88,3792
235.86,2727
236.61,3365
237.42,5641
237.32,5149
236.6,3174
236.61,3359
235.87,4015
235.97,7757
235.98,3723
236.24,24629
235.1,9728
236.77,7305
237.13,6825
238.54,9653
239.9,14580
238.56,10498
238.62,10981
239.42,5603
239.83,3614
239.4,9228
239.1,9096
238.88,13649
238.84,32264
236.16,6394
233.5,2030
232.49,7700
233.65,16618
234.11,11331
235.05,2844
235.88,2930
236.61,3399
237.2,4356
238.01,5791
238.5,9972
238.86,8371
239.29,22845
240.87,8541
240.64,6493
241.29,4146
241.14,2889
241.4,1640
241.36,1928
240.66,2165
241.99,3502
242.7,4552
243.21,3497
243.07,4969
242.88,8186
243.37,27663
244.69,15112
246.47,10745
248.21,15010
248.16,9216
247.64,7074
248.37,11848
247.99,4250
247.29,4871
247.37,4990
246.78,4896
246.52,5267
246.7,17194
246.65,24453
248.38,5559
248.59,5638
247.65,7891
247.72,9295
246.16,4426
247.17,6405
248.11,5072
247.91,5092
248.19,3388
248.15,4059
248.42,3541
248.56,5547
248.16,20316
249.09,6165
247.93,4159
250.04,1816
250.78,3755
250.21,2692
249.66,2102
248.92,2428
248.42,1864
249.06,2017
249.2,2337
249.06,2073
249.08,2877
248.51,14737
248.45,6551
247.8,5710
249.07,2504
248.01,2507
248.34,2135
248.39,1436
247.89,5053
248.05,3712
248.31,1509
247.67,5586
252.58,8054
250.08,4150
249.92,16572
252.44,13590
253.06,6169
252.97,12835
252.12,8769
251.17,2616
251.96,2122
252.05,1280
252.19,3854
252.97,3680
252.92,7297
252.97,4797
252.81,7009
252.11,24958
250.78,13042
250.9,5770
251.4,6548
251.64,7531
251.72,4040
252.16,2639
252.49,2816
252.66,2705
252.14,3344
252.17,1685
251.76,1416
251.79,8864
252.11,21506
252.25,7504
251.35,4444
250.77,3336
250.49,3961
251.08,4763
251.07,3085
251.39,2919
251.51,2135
252.34,682
252.18,1711
252.2,2972
252.68,3619
252.96,23393
256.86,14178
255.69,9227
256.44,7436
256.72,7075
255.85,4705
255.18,2297
255.48,1882
256.79,2122
256.45,2100
256.03,3071
256.22,3372
256.89,1683
256.92,15367
256.86,8212
256.29,6372
256.09,7206
255.81,3671
256.12,4453
255.54,3888
255.97,1810
256,4850
255.89,7339
256.31,3363
256.14,8915
256.36,1667
256.11,9004
257.12,19423
255.35,9860
255.95,7013
256.32,9076
255.77,10329
255.89,2883
256.9,2331
256.98,2401
257.59,2134
257.75,3826
257.69,1894
257.59,5351
256.79,14393
258.33,11440
258.62,6936
259.83,6294
259.43,3813
259.44,1565
259.13,2081
257.99,2089
258.14,921
258.02,1707
257.88,560
257.14,4086
258.24,2167
258.03,16487
259.41,11870
260.01,10116
259.75,9210
260.86,4033
260.47,1022
260.86,1175
261.04,1689
260.66,1214
261.1,3929
261.13,2421
259.88,2493
259.89,3189
260.85,18236
261,8481
261.48,9005
260.58,4653
260.54,5497
261.46,3055
261.88,2594
261.71,8037
262.27,5548
262.7,6044
264.08,3818
264.69,9299
264.18,9419
264.74,31577
262.87,6875
263.01,7662
262.57,6639
262.61,14499
262.7,5175
262.73,4616
262.72,5425
262.09,2529
262.13,4724
262.97,5128
262.13,7823
262.11,6409
262.62,29895
262.57,4026
260.99,5929
260.47,3723
260.56,4888
261.86,2574
261.86,4403
261.77,2189
260.79,1844
260.6,2023
260.97,2782
260.66,1284
260.53,7090
260.77,10739
261.05,11881
258.76,15863
256.02,18016
256.54,6876
255.85,11179
257.84,5954
257.51,3712
258.01,3120
258.09,8749
257.66,5672
257.46,5963
258.09,8311
258.14,29920
256,17539
257.89,13020
258.88,6474
258.6,7668
260.03,10813
258.88,6542
259.3,7153
260.23,6393
260.4,3882
259.78,3521
259.57,8544
259.63,21329
260.15,28348
261.58,16789
263.52,11268
263.17,8806
263.03,6641
264.22,3874
264.08,1822
264.18,5195
264.46,3815
263.84,2968
263.89,2624
264.56,5814
264.62,10675
264.99,12428
267.38,14525
268.31,4002
264.38,3866
265.49,5699
264.92,12702
265.55,1250
266.15,1066
266.23,1824
266.72,4947
266.63,4523
266.15,8189
266.46,8297
267.47,28457
262.79,21369
264.54,6883
264.79,5312
264.15,7065
265.04,5376
264.94,4651
265.79,3426
265.18,4582
265.12,3149
264.4,3505
264.18,5812
263.94,16437
263.55,25032
267.07,11530
265.36,8360
266.5,5509
266.58,6363
267.18,7603
267.12,4706
266.39,1852
266.58,1596
266.45,2883
266.21,958
266.35,1803
266.26,4190
266.54,18526
266.49,9313
268.34,3167
269.3,4038
269.46,2833
269.51,3519
269.85,2834
270.34,2917
270.08,2663
270.48,2428
270.31,7375
271.61,3804
271.36,6945
272.02,22170
273.15,11892
274.34,13100
276.59,15271
275.76,9012
277.37,4544
276.36,5112
275.46,4710
275.57,3430
274.29,2788
273.54,3744
273.13,3137
273.03,11091
272.84,24532
271.64,5287
274.17,7404
272.8,7235
272.23,9592
272.6,4728
272.82,4385
273,3977
272.64,4201
273.1,4098
273.61,3964
274.21,3548
274,5009
274.37,24945
274.28,15888
274.3,7227
273.48,3054
273.11,5731
273.08,4811
272.94,2996
272.86,3640
273.5,3071
272.94,1222
272.8,5928
272.22,4537
272.37,6110
271.95,21788
272.51,11773
271.17,12275
270.78,18822
271.5,20548
271.85,8020
272.93,6604
272.05,3175
272.82,4616
272.63,2262
272.45,3347
272.74,6088
272.13,5245
271.82,13126
271.55,6425
272.83,4882
270.73,6515
269.72,4110
268.81,1713
268.87,3781
267.91,2577
268.37,1546
267.56,2329
267.41,3424
266.87,5734
267.07,4363
267.02,23462
262.88,36293
260.73,14450
261.78,9198
261.52,8636
261.59,6108
261.87,5038
263.18,5051
263.17,5601
263.44,8578
263.6,9811
263.82,14811
263.38,21357
263.85,29628
262.62,11003
263.93,5443
263.13,4046
263.39,5523
263.09,6172
263.66,3139
263.15,3510
263.54,2533
262.65,9710
263.04,10575
261.92,5349
262.02,7105
261.86,18355
263.05,11134
263.21,13888
264.23,3578
263.75,2618
262.66,3807
262.55,3494
262.97,3726
263.48,3534
263.64,4528
263.57,5080
263.58,4083
263.85,6803
264.03,14789
262.74,6815
262.42,2338
262.31,4794
261.46,4963
260.79,9859
260.88,6000
261.24,7185
260.44,11849
259.62,21270
259.24,11474
259.66,16911
259.74,17300
259.36,43230
262.72,6941
261.99,5439
262.42,4478
262.13,3783
261.56,2144
260.68,2770
260.44,4161
260.18,5168
260.29,3453
260.45,5514
260.43,6547
260.24,5449
260.38,13975
254.37,19750
255.5,13309
256.27,9120
256.2,8673
256.29,4371
256.31,10679
256.43,1888
257.11,2150
256.29,4393
256.25,3788
256.17,6569
255.8,4911
256.1,34754
255.09,5732
257.3,5322
257,1865
256.88,6210
255.97,7049
256.3,8233
255.49,6301
255.12,6499
254.89,7197
254.54,6666
254.59,4146
254,3782
253.78,20388
254.14,6163
255.64,8585
254.41,4185
254.13,4117
254.14,2542
254.13,3102
254.18,2746
254.53,5250
254.61,4723
254.92,7102
255.24,4500
254.94,5866
255.45,37188
257.9,9012
256.79,4475
258.02,3976
257.11,4071
256.47,4590
255.69,12068
255.69,7884
255.8,8776
255.33,4809
254.97,1550
254.78,2964
255.1,8903
254.59,21979
254.88,14827
259.37,11363
259.45,13409
258.84,8996
258.3,6757
257.59,4773
258.21,6445
257.97,4985
258.14,6409
257.5,3605
257.4,6455
257.52,2767
257.39,12024
256.81,36957
259.22,6086
259.9,1884
259.15,2850
259.63,2608
259.46,652
259.74,2181
260.15,2448
260.13,2401
260.33,1713
260.54,2883
260.27,3548
260.69,16840
258.25,46432
253.69,22637
252.7,14615
250.13,12911
252.09,9647
252.06,15129
251.17,8316
251.41,13316
251.95,8732
252.61,8763
252.37,5238
253.15,19919
254.69,28354
255.44,12395
258.35,12018
258.58,7919
257.57,5018
256.62,4868
256.58,4977
257.31,2304
257.37,3096
257.38,4441
257.06,4109
257.23,13067
258.03,8880
258.68,18436
261.24,6608
261.72,4369
262.73,10209
262.83,2310
263.41,2671
263.52,4731
262.64,1950
263.18,1112
262.88,1808
263.09,1377
263.25,3082
263.48,5763
263.54,18921
265.61,9299
266.55,11680
268.06,4624
267.77,5419
267.24,3969
267.85,4581
267.38,5124
267.15,2492
266.27,3413
265.95,3613
265.95,5085
265.84,5938
266.14,24380
267.84,6770
265.92,21037
263.16,8605
263.21,8517
263.49,4478
262.94,1462
263.41,2578
262.77,4479
262.84,4906
262.61,5015
263.18,3653
263.21,5519
262.81,23617
265.43,11392
266.22,5031
265.54,5444
265.63,7333
265.22,2921
265.47,3573
264.87,2704
265.24,2159
264.61,2155
264.47,4129
264.08,4886
263.39,5264
264.49,18514
264.84,9380
264.06,10581
265.38,6137
264.31,7002
264.65,6737
263.93,11349
264.07,3690
264.4,1532
264.04,2286
263.82,2867
264.41,6428
264,10344
262.49,18596
262.36,4463
261.97,4352
261.47,3191
261.24,5361
261.56,1265
261.81,3297
261.72,1174
261.77,2421
261.52,4084
261.01,1112
261.19,3198
261.29,4300
261.77,22397
260.44,13054
262.84,10724
263.56,6995
264.07,6600
264.34,12179
264.84,11307
265.2,10734
264.85,3942
263.96,3590
263.36,5242
262.75,3855
262.9,7671
263.1,24066
257.39,32609
254.31,19066
254.34,7933
255,10188
254.51,8474
253.38,6791
254.83,8442
255.02,13407
254.1,4811
254.53,5979
253.69,4595
252.47,8704
252.44,41618
252.49,13299
254.04,12962
254.23,12696
255.36,10256
253.9,18901
254.97,7591
254.66,7553
254.88,5912
255.22,3605
255.32,5633
255.12,6235
254.78,7479
255,24860
256.2,6485
256.05,10475
256.21,11332
257.54,1627
257.36,2597
257.15,3596
257.62,2031
257.64,3284
257.4,2623
256.97,2880
257.21,3312
257.17,5531
257.54,11221
258.76,8842
258.82,10545
257.74,6330
257.97,4936
257.01,3091
257.39,5758
257.12,4502
256.89,2783
256.78,4385
256.35,5488
256.06,4283
255.85,5716
255.66,22659
261.94,14823
263.43,14782
265.21,11281
265.87,12637
265.65,6756
264.58,2642
264.83,3901
265.32,5343
265.96,7579
266.67,10690
266.49,2932
266.9,9970
267.47,26468
265.81,3991
264.51,3829
263.66,4060
263.62,6432
263.51,3483
263.39,1036
263.4,4396
264.06,2394
264.7,3640
265.03,9880
265.92,8369
266.01,5668
265.44,18523
266.66,14469
266.85,6015
267.33,4869
267.02,8490
266.42,2125
266.11,3275
265.88,3954
265.92,2565
265.82,1856
266.06,2816
266.01,3135
265.68,3420
265.08,20542
264.56,11903
264.76,9889
266.1,4736
265.73,4042
265.43,4743
265.57,4129
265.75,23280
265.75,0
265.6,13281
262.63,12593
262.38,10710
263.42,9356
264.56,4960
264.45,4432
264.38,3869
264.62,3043
264.76,2785
264.51,2579
264.42,3569
264.46,2136
264.43,11725
265.24,8668
263.57,2392
263.39,1923
263.02,2961
262.42,4257
262.7,3319
264.82,1199
265.04,1499
265.14,3322
265.99,5428
266.63,6395
266.85,7597
266.82,23093
264.92,6632
264.73,4831
263.44,2576
262.66,11925
262.68,3310
263.58,2012
263.64,2009
263.45,2778
263.09,2238
263.59,3419
263.93,2052
264.26,2149
264.53,7855
263.32,13302
264.73,14439
263.64,6656
263.5,4518
263.14,1956
263.16,4563
262.89,3141
263.31,3731
262.81,6074
262.66,6545
262.29,5599
262.76,6105
262.62,32862
264.55,8859
267.33,11282
268.57,10101
268.78,6572
266.82,6880
267.42,3759
267.15,2947
267.1,3701
266.96,3066
266.89,3645
266.4,5889
266.52,5877
265.84,19975
266.12,29983
268.68,19265
269.93,9427
268.1,7403
267.36,9525
267.57,7367
267.86,6733
268.12,5648
267.08,4673
266.44,8458
267.31,3637
266.39,2868
266.34,11427
264.47,8820
263.4,11122
263.74,8048
263.72,5260
264.08,3574
263.33,4957
264.18,4474
264.8,1591
263.6,1656
263.32,2708
263.24,1435
263.29,6276
263.23,15088
263.51,22501
264.46,20568
263.03,13240
261.75,8864
261.03,5311
261.92,7594
261.79,6145
262.87,3381
262.43,5830
261.27,4953
261.34,8279
261.55,7612
260.98,33197
259.87,19753
257.4,10585
256.09,15003
256.26,6957
256.66,5201
255.76,5495
256.45,6451
256.5,2486
256.33,2984
256.34,1767
255.99,2366
255.76,6537
255.96,14412
255.53,6754
255.85,11807
255.53,8227
256.34,7751
256.79,5837
256.62,10973
255.46,5332
255.03,5868
255.45,4038
255.18,2324
254.76,4835
254.9,6553
254.69,13200
255.23,8102
256.07,12285
256.14,9241
255.35,8564
255,4992
255.06,2212
254.94,2087
254.63,2065
254.37,3503
254.13,2151
253.88,5229
253.78,8205
253.24,26267
251.44,16657
251.24,7089
250.16,3962
250.74,3681
250.68,3548
250.62,10257
249.52,5586
249.57,3023
249.88,1730
249.85,3384
249.63,3060
249.55,5705
249.57,19700
249.25,7214
250.18,7399
250.77,2692
250.74,4295
250.23,2447
250.76,1567
250.85,3228
250.7,1441
251.44,4670
250.98,16961
247.05,15211
245.47,16015
245.58,32989
242.33,25115
240.77,15109
238.71,12997
238.99,11092
239.52,9648
238.85,11842
238.63,7004
238.58,5688
238.95,5261
239.3,6476
238.53,6962
238.55,16666
238.59,39262
237.63,29898
238.2,9258
239.43,8764
239.44,6676
240.17,12617
241.11,11589
241.67,7129
241.39,6254
240.7,4079
240.47,3439
240.69,7116
240.01,3622
240.52,30914
239.49,15370
238.81,4887
240.76,17690
241.03,29611
241.48,10263
242.1,16990
242.1,13797
242.05,10162
242.34,7073
242.34,0
242.34,0
240.87,11299
241.99,8089
242.3,8518
242.34,4295
242.54,8836
242.44,3365
242.5,6139
242.1,6895
242.49,5023
242.6,5039
242.61,4438
242.77,14860
242.38,13784
240.88,11378
242.82,12490
241.72,7224
242.49,9528
241.93,7512
240.94,1541
240.63,9144
240.68,5103
240.6,953
241.14,2650
241.33,1099
241.79,8772
240.82,17744
239.57,8753
238.19,7304
238.29,5520
239.15,5523
239.91,3950
240.07,4432
240.49,5013
240.47,2820
240.39,2390
240.32,2478
240.33,2710
240.39,4212
240.24,16039
240.34,6423
240.52,5325
240.57,4351
239.92,2189
239.25,1302
238.9,491
238.79,1878
239.66,1709
239,1544
239.39,3553
239.58,1627
240.01,1886
240.15,12430
241.46,8017
242.22,12297
240.65,4545
241.22,6269
240.32,9450
240.31,6319
239.5,11374
239.01,3085
238.51,4051
238.72,5474
239.49,5362
239.28,5716
239.93,17037
241,13777
239.27,13785
240.25,4273
240.27,9519
239.88,5824
240.26,7203
240.54,5870
240.75,7422
241.14,5314
241.13,5955
241.2,6697
240.95,9759
241.18,37843
241.17,18853
244.7,19963
243.58,13881
244.26,9050
244.61,5455
245.23,11222
244.81,12357
244.29,4100
243.86,12207
243.5,9349
243.38,11137
243.48,22442
243.04,23613
242.96,14437
243.92,9809
242.08,15279
241.85,11580
240.76,10320
239.96,7052
240.14,11546
239.93,4105
240.37,5064
240.38,9650
240.95,9349
239.85,9978
239.86,29090
238.66,21594
236.49,20205
237.25,13929
238.86,10630
239.38,2373
239.62,1854
238.97,3457
239.09,6449
239.4,15775
238.42,13337
239.05,13492
238.7,16659
239.27,20157
237.97,19544
239.99,18505
240.24,18920
241.75,19460
242.15,23230
241.72,10519
242.16,3766
241.75,3491
242.08,9956
242.25,6446
241.45,13301
241.52,22182
241.05,29498
241.01,19144
243.68,9925
241.91,17589
241.54,5894
241.15,3921
240.42,11183
241.39,11157
241.35,7125
241.5,12497
241.65,13834
242.17,9102
242.16,15158
241.81,13644
242.85,12476
243.68,21442
244.34,14050
244.64,14167
243.43,1506
242.23,5224
242.97,12545
243.43,9042
244.08,11172
244.39,6304
244.45,5482
243.96,13333
244.2,26842
251.08,17997
251.51,16927
252.13,18385
250.41,14122
249.69,5198
249.02,6962
249.1,11167
249.55,11170
249.52,13750
249.43,9545
249.78,7582
250.75,14909
250.42,28130
249.49,15734
249.03,12991
250.38,14608
250.57,6271
250.98,6413
251.38,11774
251.25,9414
250.94,4134
250.57,4283
250.15,9098
250.76,13735
250.86,21776
251.31,21408
252.44,16049
251.79,7315
252.35,7105
253.47,11287
253.44,9565
253.94,6200
254.38,9002
253.71,3565
253.55,6927
253.67,7751
253.6,9865
253.44,12549
253.71,22681
255.63,16918
257.37,11870
258.02,5094
258.61,4075
258.85,9864
257.93,1541
258.35,5740
257.88,6955
256.79,9408
256.27,16483
256.39,9782
256.49,20664
256.81,20938
256.13,9001
252.56,6413
253.62,9520
253.51,8748
253.41,3299
253.19,5136
253.16,6145
252.6,7076
252.93,5774
252.61,10568
252.18,7490
252.49,16352
252.49,25287
252.56,11759
252.01,12358
252.13,13561
253.82,11875
254.04,7239
253.88,11508
254.21,6020
254.5,6549
254.51,6390
254.44,9478
254.49,6871
254.88,20104
254.65,16239
254.48,14888
253.74,17707
254.89,10345
254.96,6724
255.66,8406
255.86,8040
255.71,7918
256.21,10868
255.79,10511
256.19,11898
255.84,11939
255.74,19453
255.48,25599
256.87,16286
258.91,14959
258.7,12897
258.21,14601
259.4,7100
259.9,7877
260.91,13183
261.08,11753
260.85,2419
261.25,13147
262.13,13326
262.17,11231
261.96,23590
259.29,10861
260.07,15609
259.37,12768
259.93,4115
258.48,9535
258.62,9033
258.2,7872
258.06,11112
258.28,12476
257.7,8685
257.4,10838
257.94,21091
258.72,17308
258.71,12964
258.47,15796
258.99,14091
258.64,8656
258.84,3080
258.79,1572
259.23,2935
259.36,1860
259.08,4594
258.03,13527
255.17,8004
255.88,22023
256.17,24536
256.87,8789
257.45,22577
257.5,11724
258.4,11574
259.1,9829
258.99,5116
258.84,7818
259.03,6422
259.43,9850
259.55,10748
259.37,5217
259.12,10775
259.14,26501
255.14,9800
256.77,11578
257.09,13511
255.99,12312
255.88,13787
255.52,10967
255.82,2617
255.43,1490
254.27,4592
254.03,2584
254.77,5743
253.84,14958
253.74,19228
249.7,5391
246.94,10935
250.37,11300
252,4567
251.6,2152
251.62,1357
251.67,3081
251.5,3448
251.79,1872
251.79,6708
251.72,4639
251.49,5447
250.92,15389
250.02,3090
250.32,2229
249.9,9374
250.86,3936
251.72,3928
251.16,3387
251.14,2710
251.47,1458
250.94,554
250.57,2819
251.01,6421
250.92,8079
250.73,23141
252.12,7197
249.28,8764
250.05,4055
250.6,4955
250.92,3236
251.1,2059
250.8,1396
251.66,3266
251.87,5190
252.39,2566
252.71,3192
252.48,8391
252.24,17223
254.05,3095
252.5,1990
251.53,2146
252.01,2379
251.94,578
251.75,2459
251.38,747
251.41,4259
251.27,1508
251.68,2136
250.49,1707
250.79,9946
250.03,44224
249.86,5416
250.33,8252
248.12,8122
246.54,6835
247.13,4542
246.13,2959
245.84,2107
245.77,2866
246.15,2465
245.84,4235
245.96,4740
245.59,5067
245.68,18814
249.21,3351
246.95,2624
248.53,2944
248.87,3118
247.42,914
248.3,576
248.66,1057
248.78,1371
248.89,2192
248.96,3118
249.41,2937
249.86,6372
249.93,31749
249.47,2728
251.25,2926
250.56,2296
251.33,2161
251.17,2930
250.84,2460
250.95,2762
250.2,2429
250.55,912
250.41,3388
250.43,2335
250.84,2513
250.6,13951
244.62,20555
241.92,4022
243.78,2749
242.66,8910
242.06,2097
244.09,3233
244.51,2758
244.6,3322
243.54,3069
242.98,8484
243.32,5240
242.74,5840
242.39,32934
245.49,4033
244.59,7728
245.29,6574
244.78,9910
246.1,7852
246.1,4204
246.43,2533
245.72,4409
245.92,4213
245.81,4773
246.61,3605
246.64,3707
246.9,22408
247.93,6742
247.99,2414
247.42,3410
246.89,6029
246.88,1998
246.95,2082
246.82,2842
246.61,1625
246.89,3779
246.33,6687
245.49,2986
245.72,3335
245.11,9289
243.78,4587
244.03,2616
244.14,4240
244.79,1817
243.82,2077
243.67,2367
243.35,1370
243.47,1762
243.02,1131
243.14,8664
243.1,2239
243.18,5134
244.03,13282
241.58,11952
240.58,8017
241.11,7032
240.47,1791
240.58,1120
240.16,2228
240.33,2076
240.62,2086
240.81,1043
240.51,6784
240.91,7246
240.76,6776
240.61,30979
240.13,5377
239.8,6712
239.28,6587
239.23,1965
239.08,2963
238.88,3562
239.08,3831
239.31,8335
238.84,6041
239,6014
238.92,5492
239.15,10211
239.77,21992
241.33,5318
239.46,6161
237.92,4069
237.13,6497
236.75,3365
236.04,2773
235.7,2108
235.17,4152
235.22,5556
234.53,7359
233.62,8300
233.41,12728
233.5,26217
232.66,14752
230.95,10432
232.45,10434
232,7894
232.01,5962
231.72,2890
231.59,10642
231.61,12583
231.62,12014
231.05,9199
231.55,15167
231.3,22249
231.59,66351
232.67,18156
235.43,15802
235.83,15698
236.47,11563
236.3,17243
236.12,12071
237.26,14422
237.55,16315
237.22,4719
237.15,7617
236.66,17818
238.19,8415
237.44,37040
245.16,49087
239.56,11788
242.3,12716
243.71,6645
244.59,10382
245.69,14797
245.63,11615
244.11,7456
242.86,9302
242.74,9765
242.17,8414
241.43,11696
241.66,32678
240.84,12320
240.78,7034
240.22,4671
240.46,4803
240.8,3219
240.49,3016
241.66,2595
241.45,2404
242.11,3627
242.34,6347
241.02,18153
240.53,3757
240.46,19716
242.22,4032
242.18,7017
240.57,10931
240.64,6564
239.31,3435
240.31,1971
239.95,4294
238.72,3347
238.83,4397
238.35,3187
238.87,9692
239.21,3364
240.06,31709
242.53,6194
242.89,6364
242.51,3656
242.2,7347
241.09,3476
241.79,2888
242.3,4273
241.6,5671
240.51,8253
240.91,5353
240.89,7915
240.23,7105
238.78,30065
238.52,9331
235.01,7644
234.59,1456
233.88,2941
233.85,5391
234.65,6108
235.23,4113
235.63,6144
236.61,3381
237.95,4960
237.27,9166
237.11,5660
236.77,39186
232.53,17832
233.45,14535
234.18,4956
233.81,4973
233.12,7136
233.97,3276
234.38,4087
235.26,8821
234.61,5849
235.03,9940
236.04,5250
236.38,11359
236.41,52542
235.51,9716
236.11,10220
237.32,8343
238.57,11350
239.08,5591
237.75,16373
237.52,7668
237.7,6681
238.01,2877
237.52,4533
237.62,6855
237.04,3785
237.91,26643
236.77,16069
235.77,18781
235.27,11514
234.48,5417
234.03,3843
233.34,4801
233.24,5347
235.11,3017
235.54,4152
236.34,3312
236.36,3963
235.62,7774
236.48,32534
232.49,3083
231.6,5443
230.09,8356
228.1,7065
228.23,3147
228.34,6236
227.44,1452
226.64,3863
226.56,3618
226.54,3711
226.62,7850
228.56,11107
227.74,23451
225.83,5897
222.9,11264
223.1,7463
221.34,9833
221.93,7623
221.91,5583
223.3,5286
223.2,6065
224.66,3236
223.3,5885
223.96,6733
223.75,6261
223.38,28395
221.74,6659
218.19,6975
219.17,3583
217.98,8464
216.38,8834
215.52,4484
216.62,7694
217.37,5102
215.79,5702
215.28,3410
215.59,5844
216.44,14582
216.76,41365
218.26,8645
217.24,11802
216.45,9126
217.36,6295
218.21,2526
217.63,2943
216.96,4357
218.3,2754
218.85,2639
218.23,3061
218.5,4528
218.53,5266
218.72,17255
219.23,3451
218.83,3389
219.81,2640
219.95,3169
219.76,5528
219.52,4157
219.89,1974
219.94,7305
219.35,3189
220.23,3196
220.82,2949
220.64,5986
220.93,29190
219.19,5928
219.32,6483
219.59,5835
219.3,3863
217.67,2335
217.21,4739
217.87,1564
217.52,2939
218.05,1854
218.04,3904
218.12,2747
217.89,6549
217.86,14277
218.74,4431
218.45,3874
219.93,542
218.85,927
218.9,2557
219.13,1019
218.62,1652
218.59,968
218.01,3759
217.02,16051
218.08,9924
219.44,13578
219.46,14164
219.99,4133
221.3,9701
223.56,5165
223.65,5801
222.87,3531
222.79,2043
222.1,967
221.77,5382
220.96,6408
220.96,2776
220.73,2142
221.15,2370
220.78,15117
218.83,7839
217.48,2436
217.62,2393
218.65,3065
217.89,1567
218.1,2174
219.18,3238
219.25,4232
220,5071
220.36,3410
219.48,4051
219.7,5145
220.16,32646
223.47,3804
226.26,5780
226.15,4221
226.39,3825
225.93,4154
226.7,9531
225.99,11419
225.63,8468
226.15,8855
225.41,4875
224.95,8139
225.68,6928
226.75,22550
226.29,3407
225.55,5052
226.89,2767
227.03,2418
226.93,633
226.37,2077
225.49,2133
226.49,6471
225.07,2417
224.95,7492
224.31,12701
223.78,14350
223.73,36715
225.43,1437
226.07,3125
226.89,2241
226.73,1398
225.77,3522
226.28,1371
226.68,860
226.31,1118
225.14,1644
225.75,3794
226.18,3671
225.67,5999
226.07,23510
225.96,6988
226.96,8809
227.5,5828
226.58,3262
226.19,2192
225.81,5493
226.31,4910
225.58,3699
226.02,6199
226.39,2955
227.1,2745
226.97,4315
227.68,31259
226.15,3958
222.39,5492
223.21,6504
222.3,5028
222.86,1764
223.16,1711
223.05,3853
223,3215
222.92,3844
223.33,3681
222.67,2775
222.99,7198
222.54,21610
222.33,15534
224.05,28632
224.72,8884
225.78,7790
225.33,5890
225.8,2090
225.63,3544
226.08,2302
226.01,1864
225.9,4584
226.79,4223
226.76,10202
227.79,37634
226.79,6208
225.53,5580
226.06,6637
227.22,8528
227.23,4298
228.18,5229
228.02,4128
228.03,2664
227.75,5331
227.7,5701
227.21,9776
227.79,5354
227.6,25822
227.66,6321
227.51,10177
227.89,3873
227.86,5301
228.11,6361
228.17,5773
228.59,4373
229.7,3535
229.63,3980
229.48,4403
228.5,4851
228.69,6950
229.59,27523
218.02,24175
217.6,7764
217.98,11655
216.41,6942
217.88,8485
218.95,4369
219.03,3067
218.07,5669
216.32,9996
216.51,8193
216.15,11895
216.85,14228
216.81,58976
214.63,22852
219.84,20970
216.73,18681
216.21,23260
220.72,13736
221.88,6599
220.12,4509
219.56,6600
220.22,9815
222.4,5429
220.45,12778
219.52,16743
220.7,30826
212.72,12993
210.76,16712
213.07,10982
214.45,8647
208.73,8607
209.74,6117
209.95,5843
208.83,11450
210.74,4408
212.55,7269
211.84,5679
211.53,10085
210.47,31021
214.64,7106
215.76,5031
217.46,9706
214.57,2820
213.18,4304
213.55,1796
213.67,6910
211.17,5438
209.11,5655
210.11,3569
209.49,5479
208.5,13248
206.99,25117
202.77,10346
204.34,6077
203.42,8147
202.64,5531
204.12,4600
202.72,6507
203.87,5798
204.46,19138
214.58,12496
218.05,9373
217.2,11772
214.17,5905
217.71,36414
214.51,8537
213.85,10804
213.26,7320
212.65,4712
212.68,5853
211.2,6845
211.17,6089
212.29,5647
212.6,6988
213.74,12635
217.4,8395
215.47,12433
214.37,36456
212.08,10342
212.24,13128
209.93,11899
209.93,6142
209.91,5227
210.76,3532
212.32,4021
213.03,6674
212.37,5958
214.55,3199
213.97,2951
213.48,6435
214.13,23679
217.21,7942
216.59,6121
217.13,7240
219.12,6071
218.17,7250
216.45,3602
216.55,5640
217.07,11000
217.82,5936
218.41,4853
219.41,6884
219.36,12591
219.47,21052
218.28,11809
218.19,11510
218.03,7084
217.4,3352
216.38,5841
216.95,4407
216.57,5761
216.16,3621
215.31,3889
214.68,4430
214.01,6795
214.26,3353
214.34,21772
215.69,2297
213.51,441
213.16,1302
213.29,3123
213.65,2966
212.33,2333
212.31,4384
212.21,2394
212.13,6277
209.72,4998
210.03,4036
208.64,6791
208.35,17190
211.57,6217
212.2,6598
211.75,3994
212.31,5069
213.35,2107
213.36,5564
214.15,5094
214.72,3148
213.95,1108
214.99,1437
214.78,7683
214.48,6120
214.23,28508
212.84,2603
210.11,2117
208.84,3383
207.05,3295
206.71,5776
205.83,2703
206.17,5060
206.56,2757
205.74,2909
205.53,4991
206.15,7080
205.47,2705
205.92,11328
209.32,4110
211.22,5855
211.96,4595
213,1948
213.01,8509
214.43,2838
214.82,1472
213.93,6059
211.79,3481
211.92,2920
212.77,2903
213.84,1937
213.93,22988
218.32,2201
219.73,2974
218.97,2124
217.52,5091
216.84,4020
215.35,2642
214.52,3823
214.71,7463
214.8,3523
214.57,6104
213.69,11228
213.96,12717
213.71,16305
213.32,4433
215,1343
215.64,3571
216.18,8131
216.97,4553
216.98,3118
217.42,1218
217.7,2840
218.19,917
217.39,923
217.64,933
218.06,2031
217.65,9091
217.9,1474
217.47,2853
215.95,594
216.53,1801
215.47,1580
215.46,1160
215.4,202
215.31,900
216.3,3338
214.68,1719
215.92,2215
215.82,1318
215.93,13200
216.26,3612
218.06,4058
218.24,4157
217.63,2706
216.8,1394
216.47,1485
215.71,2132
215.8,1031
215.34,1978
216.06,2881
215.88,2395
216.27,2172
216.38,15364
215.88,4161
217.68,1052
217.88,707
218,2645
217.45,533
217.56,1127
217.79,813
217.2,1063
217.68,889
218.64,1697
218.31,3741
218.96,2562
219.41,12387
216.97,9747
215.85,1740
216.76,1694
216.46,2258
217.27,2097
217.69,1916
216.69,2341
217.59,2635
217.81,1133
217.54,7129
217.91,2115
217.48,4666
217.33,14083
218.6,4453
220.07,2362
219.77,1213
220.6,1729
221.03,3636
219.88,2513
219.48,2099
219.11,2163
219.42,1759
218.42,3663
218.87,3122
218.81,5128
219.04,17459
220.48,1666
221.28,3366
221.41,5073
221.02,4835
220.66,1955
220.96,7865
222.69,5069
222.88,3154
222.16,3856
222.33,5642
222.67,4117
222.45,2311
222.75,10795
221.47,1715
220.81,5154
222.12,969
222.13,1820
222.47,2645
222.46,709
222.32,2790
222.03,1395
222.1,550
222.4,2344
222.44,646
222.37,2022
221.64,12618
219.47,5609
218.98,8274
219.89,4955
219.34,3353
219.18,1168
219.23,2846
219.72,1526
218.89,2186
218.69,1996
218.52,2085
218.91,3801
218.87,5096
218.78,18139
219.4,6576
220.06,7901
219.59,4989
218.92,4653
219.49,3196
219.71,3197
219.18,3153
220.13,3903
220.1,4060
218.82,3718
218.45,4261
219.07,6612
218.23,15164
219.85,4792
219.86,5970
219.61,6304
218.26,5220
221,2822
221.49,4451
221.46,4471
222.17,3732
220.9,3472
220.26,739
221.03,2941
220.98,5465
221.24,13953
219.85,3646
219.66,5408
218.74,3620
218.74,4475
218.59,2519
218.46,2015
217.84,1926
217.35,1390
217.93,3771
218.43,1933
218.06,2265
218.37,6968
218.09,17355
226.65,8915
227.03,5809
227.31,3829
226.84,5168
226.69,6292
225.98,3433
226.41,4335
227.49,10106
228.1,5793
228.09,1550
228.09,1731
227.53,14143
227.59,25196
230.39,3011
227.76,3422
227.94,3524
227.94,2548
227.72,2838
227.16,1852
226.28,3383
225.24,1444
226.5,1034
226.29,2678
226.2,3371
226.73,2063
226.37,18351
225.48,5320
225.71,8790
226.13,9582
225.86,2526
225.5,1930
226,2615
225.8,2027
225.4,2841
225.08,2133
225.25,2747
224.65,3286
224.76,5959
224.16,22798
223.91,5229
223.92,1664
223.9,3261
224.79,12623
225.9,3999
226.26,3381
226.41,1244
227.08,2980
226.4,2768
226.63,1989
227.25,4645
227.74,4388
228.01,11698
228.02,2604
228.19,2615
228.31,1307
228.59,3494
228.62,1972
228.38,643
228.88,1565
228.72,1483
229.04,1844
229.31,2191
229.23,1401
229.24,1675
229.13,14627
225.92,6876
227.26,4168
227.73,3119
227.79,2292
228.61,4330
228.85,4696
229.76,5466
230.28,5329
231.14,14756
231.08,6094
230.43,4615
230.29,8242
230.35,28286
232.09,15615
230.16,5412
230.58,9181
229.26,4493
229.42,3866
228.9,5428
227.97,4122
228.34,5626
228.17,10930
227.7,10452
226.6,8567
226.29,10468
225.96,29245
226.61,36649
224.32,11568
222.99,3567
225.39,8061
223.99,6112
223.25,5054
223.67,6727
223.26,7865
220.96,7485
221.31,8971
221.88,10543
222.02,13736
221.92,33833
220.76,3925
221.46,4774
220.04,8236
219.94,5055
220.08,3530
220.72,2121
220.58,3875
220.09,5390
220.22,4655
220.93,10156
221.08,7232
220.85,18069
221.02,35126
216.69,8989
217.74,2382
217.74,7348
217.05,6560
217.78,10284
216.69,18101
216.89,10297
216.58,8179
217.1,3940
217.08,2106
217.08,7149
217.23,6470
217.23,32646
218.63,16582
217.99,22177
218.82,20447
219.86,14478
220.18,14058
220.2,13669
220.18,6690
220.79,10522
220.41,8364
220.52,9890
220.92,11716
220.68,15014
220.7,53324
221.02,5581
222.25,2665
221.55,3670
221.14,4221
220.75,3870
220.86,4676
221.41,4619
221.78,1577
221.36,2816
221.08,2246
221.28,4187
220.91,6616
220.72,24562
221.56,3143
220.96,7042
220.02,3639
219.96,4120
219.09,7176
217.7,4249
218.37,11543
218.39,14027
218.36,12420
218.43,9056
218.8,7722
220.07,15427
220.37,25485
218.71,8245
220.59,7720
220.29,8971
220.39,7447
220.52,3547
220.05,5930
219.71,7624
219.78,3403
219.94,16460
219.86,5671
220.9,4227
220.64,4414
221.22,35401
219.77,12718
218.09,9741
217.61,2078
218.45,5127
218.41,3552
218.73,2282
219.04,2263
219.31,2209
219.24,3467
219.93,4920
220.57,5160
220.84,5002
221.07,21314
221.51,4058
222.41,2192
222.39,3801
223.13,4638
222.93,2551
223.36,4791
223.59,4246
223.81,3221
224.06,3184
223.73,5753
224.42,3176
224.07,8032
224.41,29483
224.25,4162
224.44,9295
224.2,692
224.24,723
224.6,2288
225.01,1899
225.02,1202
225.27,1860
225.54,1856
225.38,2328
224.69,4107
224.47,6030
224.26,27635
223.5,2594
223.25,2727
223.74,3146
223.88,1339
224.57,1552
224.46,1534
224.7,879
224.84,629
225.29,967
224.72,977
224.35,1114
223.99,3308
223.32,27174
224.36,4320
223.22,2889
222.99,1333
222.64,3731
221.61,2992
221.68,1408
222.12,3817
221.21,2572
220.93,3572
220.94,4128
221.13,5246
221.18,4860
221.14,19761
220.97,4643
219.37,4592
219.52,6121
219.87,3289
219.08,4591
219.67,3932
219.89,4331
219.66,6132
220.47,4607
220.31,3702
220.32,3016
220.18,2815
219.94,18507
218.98,2171
219.31,4973
220.14,4957
221.36,5621
221.02,3373
221.07,1830
220.62,2606
220.85,1780
220.9,1322
220.67,2503
220.08,3826
220.47,3260
220.33,11902
221.35,3613
220.78,3990
219.23,1517
219.47,6106
219.45,7115
219.37,5089
219.44,2625
219.37,2107
219.71,4304
219.1,1551
217.64,2786
217,7738
216.83,23496
217.17,2340
216.3,3587
217.19,2384
217.87,3512
217.82,2550
217.95,2721
218.15,1564
218.47,3824
218.73,4934
219.82,4236
219.75,5760
219.81,7807
219.02,34548
217.28,3736
217.55,2474
215.76,5648
216.22,3253
215.99,4162
216.28,5062
215.44,3595
215.29,1984
214.52,1940
214.48,6166
213.3,4111
212.84,8820
212.49,22683
214.15,9654
213.49,1884
213.55,3422
213.2,4581
211.79,2684
211.07,422
211.64,882
211.41,1347
212.3,2649
211.73,2622
211.9,4857
212.08,8343
211.67,23752
211,4624
210.38,4474
210.92,7743
210.76,8131
209.86,7237
209.73,2651
209.96,3031
209.22,2908
208.66,1444
208.05,5664
207.42,2773
207.41,6269
207.46,32473
208.15,6625
208.09,4965
209.13,3329
209.11,2636
208.54,1958
208.11,4097
208.14,4038
208.03,2473
207.55,3953
208.11,7904
207.63,4941
206.46,6848
206.66,17568
207.57,5645
206.82,3941
207.22,8312
206.99,1276
207.82,2412
207.13,980
207.35,1875
207.35,2560
207.1,3596
207.34,4127
208.02,4422
207.69,3882
207.92,26667
208.29,4539
209.56,6733
211.31,5179
211.04,3910
211.69,7461
212.05,2490
211.55,3498
211.09,2847
213.09,6232
213.05,6877
212.99,4597
213.04,8353
213.98,17948
215.25,3013
214.81,2968
214.62,1764
214.8,2329
215.46,737
215.67,3069
215.67,1203
215.43,576
214.82,911
215.17,1080
215.4,1607
215.53,4625
215.92,10333
214.71,1488
214.96,5653
215.03,4268
215.65,1308
216.4,778
216.97,1545
216.68,2237
216.02,2169
216.17,2634
216.02,4057
215.91,2263
216.58,4728
216.61,17316
217.16,18685
216.72,5658
216.89,5461
217.56,8528
217,3386
216.71,2623
217.21,2628
216.8,3000
216.12,5774
216.15,3632
216.54,4872
216.5,3991
216.55,19976
217.75,1951
218.05,3028
218.75,2268
219.29,1099
218.98,912
219.48,3609
220.69,2092
220.24,5542
220.26,5427
219.58,4020
218.86,2061
218.18,7484
218.05,18420
220.09,6477
219.02,6841
217.99,4750
216.64,1943
216.59,1977
216.08,2132
215.96,4362
216.03,3410
216.7,4717
216.74,2664
216.92,5782
217.33,8282
217.5,20546
215.26,5477
218.55,6192
222.12,6416
223.32,5239
226.22,3255
226.72,3578
226.7,7150
224.23,4215
224.88,9393
225.1,4078
224.74,6428
224.6,7688
224.63,33325
224.74,4467
223.3,5102
222.77,8101
222.06,5090
223.61,2891
222.93,1605
222.74,1360
222.81,1320
223.01,1378
223,3054
223.35,4019
223.45,4511
223.05,17528
221.17,16699
220.92,11727
221.18,3413
222.07,2050
222.48,1779
222.84,3344
222.87,17656
222.87,0
222.87,0
223.52,11881
223.05,7114
222.39,4201
222.06,10143
220.99,11217
220.54,3323
220.47,1945
219.74,2139
219.3,1466
219.5,5656
218.85,3727
219.67,4323
219.41,34535
219.48,4154
219.9,8204
221.19,7821
221.61,10185
220.91,7858
221.4,5275
221.6,7154
220.23,4150
219.72,3754
219.76,3859
219.94,7183
219.85,6062
220.15,17242
220.05,2344
220.18,2769
219.76,3726
218.41,2210
218.36,1779
218.6,5107
218.51,2313
218.12,3091
218.4,3387
219.73,3796
219.91,5871
220.08,2339
220.42,12027
220.41,7187
223.86,4933
224.77,3050
224.93,3802
225.13,4142
224.99,1996
225.31,938
225.31,0
225.33,879
225.41,916
225.01,1155
224.73,3658
224.11,9826
221.87,1358
219.64,1684
219.59,13036
219.75,1991
220.16,340
220.14,592
220.05,1924
220.37,1819
220.94,1365
219.91,942
219.84,1961
220.4,2500
220.39,26399
219.28,5957
217.66,8679
217.02,4558
216.63,5027
216.77,2322
216.59,2769
216.02,2084
216.51,3482
216.54,1657
216.94,3124
217.32,1172
217.89,2890
218.27,19169
217.9,3923
216.82,9678
215.32,4855
215.04,7771
215.24,1551
214.23,4663
214.02,4090
213.26,2995
212.95,4433
212.01,3193
211.51,4913
211.49,2098
211.84,16126
211.41,3991
211.01,1028
210.65,5176
211.1,5964
208.94,5145
210.44,2277
210.58,3137
210.62,2667
210.51,2087
210.93,2456
211.32,2847
211.62,5076
211.99,16847
212.48,5088
212.54,7026
212.56,3536
212.52,7229
212.78,2370
213.23,5922
212.78,2755
213.15,3089
213.27,7589
213.58,4561
214.67,7563
214.54,4581
214.46,24578
215.07,3958
214.7,1584
214.56,2823
214.68,3163
213.91,1573
214.2,2457
213.5,1432
213.8,986
214.02,2072
214.03,1804
213.89,3705
214.34,3037
214.73,18909
215.63,5038
216.79,4457
217.5,2674
217.23,1423
217.35,2916
217.69,3187
217.32,3759
217.61,1458
217.28,5734
217.35,2028
218.09,4134
217.66,3551
217.13,42100
220.18,3911
221.9,7142
219.98,4119
218.52,3750
218.96,8976
218.94,7119
218.49,3944
218.84,2927
220.19,3444
220.12,5568
220.89,3735
221.67,7819
221.71,17412
223.56,7817
224.5,7184
224.62,2914
223.56,2563
223.33,4182
224.33,6202
224.15,1503
224.52,1475
225.3,2114
225.53,1473
225.01,15766
224.79,5409
225.14,14229
225.25,4782
225.01,5172
225.83,10744
225.41,9846
224.11,6636
223.86,9040
223.11,5501
223.59,6217
223.84,7205
223.93,11113
223.89,6211
223.31,10610
223.35,26856
223.53,1741
222.82,2422
222.3,485
223.11,476
222.66,839
222.6,1032
222.61,1416
222.98,1500
223.49,1226
223.59,3468
223.38,1768
223.59,2420
223.82,41633
223.21,5991
223.09,5019
226.45,4303
226.53,4868
227.62,4859
227.77,2572
228.29,6357
227.17,3373
225.98,3475
225.64,2772
226.27,4744
226.98,9373
226.59,28925
226.96,3823
226.38,5220
227.51,5376
226.12,2512
226.08,889
225.78,1798
225.72,1203
225.99,2035
226.17,934
225.2,2430
225.41,1300
225.84,3598
225.83,13408
227.35,6250
226.06,4473
226.68,2788
226.51,2598
225.36,3881
225.68,2687
225.9,471
226.33,796
226.22,1268
226.92,1943
227.2,4842
224.07,5740
222.75,15795
222.98,7288
224.41,4194
224.41,4781
223.49,2220
222.21,7520
221.31,5085
221.86,4089
222.3,4596
221.12,4049
221.55,5893
221.47,3061
221.47,6782
220.91,16983
220.47,15888
221.09,11674
221.69,6295
222.85,10752
222.28,10463
223.95,3999
224.18,15096
222.56,5033
222.88,12367
222.64,3996
223.08,7531
223.14,8934
223.13,28664
223.22,13697
226.16,4052
227.43,5594
228.72,5743
228.98,4787
229.53,2876
229.36,4118
229.84,2241
230.05,4217
229.26,4544
229.44,6389
229.46,8825
230.48,30083
231.07,4943
232.17,3817
231.99,6255
232.8,5481
233.33,3379
233.49,3198
233.64,3316
234.26,2011
234.58,3214
234.14,7102
233.95,1496
234.61,2999
234.59,19663
234.23,3325
233.75,2210
234.13,1675
235.46,2405
236.14,3359
235.93,1930
236,1424
235.77,3141
235.98,3256
235.48,3310
235.47,1778
235.17,3761
235.53,46500
236.13,1651
237.17,4601
235.62,1508
234.97,9663
234.3,4033
234.25,3611
234.52,2842
234.11,1675
233.6,2826
233.69,4104
234.31,7275
234.46,9999
234.35,22550
236.38,2335
236.14,3744
237.4,6756
236.77,10073
237.75,7536
237.69,2663
238.49,8341
238.02,7030
237.61,10871
237.48,7274
237.93,6440
237.64,14598
237.77,29839
238.03,6130
237.95,4034
236.65,3756
235.76,5528
235.3,1863
236.98,1193
236.97,1913
236.46,2321
235.66,2990
236.33,6097
236.15,5099
236.23,5949
236.42,25223
237.86,8297
239.83,5692
240.25,2771
240.54,8392
240.86,4335
241.42,4012
241.25,2535
241.18,3539
241.55,7543
241.47,6079
241.25,6310
241.31,7238
241.03,20861
243.77,20007
245.88,41950
248.27,42214
249.19,42818
251.7,18850
251.21,6420
252.06,9927
252.69,8302
252.59,5076
253.03,9790
254.01,15939
253.67,7125
254.4,33363
248.46,18117
249.3,19733
249.09,14523
249.93,9542
249.95,1759
249.47,7477
248.71,6355
248.96,2266
249.65,9148
249.63,10183
249.37,5801
249.09,10298
249.52,35243
249.88,4991
248.32,1453
247.46,2983
246.23,2478
246.69,2546
246.51,2004
246.56,4596
246.61,6047
247.02,3592
247.79,5083
248.28,4958
247.94,6548
247.81,37885
247.93,7288
248.68,3439
248.23,2291
247.35,2117
248.19,3568
248.04,2204
248.19,1748
248.29,2283
248.38,2862
248.11,5015
247.69,3559
247.79,3927
247.09,31319
251.41,20639
254.12,11920
254.1,11092
253.59,12740
252.43,11063
252.37,22428
251.87,7437
252.54,11859
252.46,8928
251.82,7676
251.56,11820
252.3,6586
252.32,33900
261.41,25257
255.36,15122
253.33,9890
255.48,22097
253.87,10280
253.84,4085
254.31,4224
254.12,8595
253.81,10829
255.99,7802
255.08,5468
255.1,8327
254.21,39839
252.47,11160
253.51,9105
252.29,4945
252.03,7975
251.89,5145
251.41,7103
251.66,4544
251.71,5148
251.54,3458
252.2,8865
252.49,8737
252.91,14783
252.99,27316
253.56,4363
254.61,17819
258.91,31022
260.19,6064
261.34,4132
260.49,8974
261.23,5796
261.21,4091
260.98,4425
260.61,3192
260,3271
260.17,11376
260.01,31773
258.95,6470
255.73,8560
256.04,3650
255.58,6996
255.99,5445
256.4,4577
256.67,2260
256.58,1683
256.48,3120
256.38,2252
255.72,6066
255.77,4258
255.59,18523
254.87,4877
253.99,6213
253.18,1839
253.38,4125
253.37,1718
253.65,3766
253.22,2511
253.07,3245
252.77,2013
252.93,2844
252.81,1964
252.98,10720
253.4,21715
254.75,6014
256.51,6564
255.94,2942
255.32,522
255.23,1907
255.03,1846
255.06,1832
255.08,716
255.04,2729
254.55,1875
254.99,1730
255.06,2762
254.73,14246
254.79,7470
255.04,3567
253.07,4251
252.66,1885
252.62,1937
253.24,2561
253.16,1131
253.02,1826
252.96,388
252.72,1815
252.45,1544
252.97,2837
253.47,7642
254.26,2094
254.63,3123
254.1,1926
254.12,1105
253.23,3441
253.05,3639
253.19,3327
253.15,1392
253.72,1609
253.67,3454
253.33,1779
253.58,3878
253.61,20714
253.54,7757
253.61,7934
255.18,1134
254.93,1078
254.52,3714
254.6,105
254.65,2187
254.82,1778
254.8,822
255.06,866
254.85,1757
254.88,3052
254.68,15384
253.54,1226
254.36,10176
255.62,1776
256.04,3881
256.38,10817
256.32,8892
257.35,5485
257.31,10620
257.32,1483
256.65,1197
256.94,3651
256.93,7629
256.7,16803
259.3,3458
259.84,2846
259.4,4108
258.81,4865
259.88,2401
260.53,3842
260.33,3751
259.87,329
259.66,1341
260.04,3049
260.22,2350
259.9,7319
260.58,15228
264.8,16453
266.51,29183
264.42,7147
264.51,4081
265.87,9321
265.41,6408
265.24,8093
265.21,5263
265.95,7860
265.24,4599
265.29,7885
265.85,17272
265.62,78280
265.71,22589
266.23,25663
266.46,13741
267.23,10862
267.47,6466
266.16,11153
266.24,28386
267.03,12049
267.82,7978
267.21,9281
267.97,9033
268.32,18284
268.47,67882
268.45,7844
266.13,11149
264.49,5920
265.37,3978
265.08,801
264.48,1802
264.53,1392
264.1,1690
264.21,2147
264.74,3743
265.53,10488
265.18,8389
264.57,25121
264.33,7456
263.33,7479
263.48,4920
262.53,2986
261.97,2780
262.87,1034
262.16,1210
261.99,1030
262.09,1655
261.54,2786
262.04,3697
262.47,5691
261.95,17955
264.27,2514
267.5,3326
267.06,2202
268.54,1772
268.86,2684
267.88,1971
268.17,3683
269,3686
268.72,2704
269.17,2802
268.77,1994
268.41,2878
268.31,24628
265.74,4606
268.45,7945
267.44,3376
268,2070
267.86,1612
268.12,2083
268.36,10056
267.62,4362
268.46,4494
268.14,4163
268.44,3950
267.97,5582
268.09,16637
267.79,4842
267.95,3650
266.02,2206
266.97,2472
266.91,2000
267.36,856
266.79,793
267.3,146
267.28,1430
267.49,3044
267.14,7728
267.76,3230
267.85,16772
268.5,3782
266.98,5815
266.01,3319
267.38,1076
266.61,1746
267.02,718
266.48,1248
266.43,312
266.73,1571
266.71,1889
266.51,1620
266.92,3716
266.22,22569
267.8,3616
268.09,4411
267.87,1214
267.78,5463
266.91,1954
267.27,896
266.87,837
266.53,1196
267.06,2528
268.03,8130
269.19,14863
265.01,11540
264.59,27994
264.34,5429
264.58,4740
266.33,2797
265.15,3642
265.78,1792
265.73,4714
266.55,738
266,17493
265.97,6062
265.91,4550
265.03,5455
264.89,9858
264.12,32856
262.7,1561
263.57,3154
263.35,2300
263.53,2159
262.99,3242
262.76,2540
262.32,2527
261.94,1573
261.83,3143
261.9,3650
261.89,3480
261.88,4012
262.92,22976
260.96,6459
259.63,3230
258.44,5521
259.3,4634
258.88,2227
257.83,1719
257.82,4951
258.02,5409
258.18,3786
257.8,2553
257.63,3269
257.79,6400
257.66,16609
256.92,2859
256.44,8120
254.66,6880
254.4,2902
254.25,3535
253.75,6002
254.05,3422
254.17,5365
254.36,4192
254.88,6678
256.04,4489
255.7,4850
255.91,29585
253.74,6365
253.24,12274
255.37,2976
255.34,2277
254.95,4598
254.21,2696
254.87,1610
254.97,2966
255.06,4502
254.08,5763
254.23,11152
254.29,6508
254.67,54679
251.26,14003
252.98,9706
252.55,2896
252.73,4363
252.35,2417
252.68,4278
252.27,4511
252.1,5196
251.94,4015
251.68,6341
252.95,6471
252.17,2993
251.87,33082
251.66,3194
252.94,6309
253.01,10196
252.72,2713
253.29,2152
252.69,1971
253.15,1232
253.06,1251
253.46,3165
253.38,3104
253.3,3564
253.67,6452
253.51,41965
253.36,4864
250.32,6168
248.22,11008
248.58,4191
248.27,8035
247.37,3833
247.6,3506
248.15,3377
248.41,3975
249.72,4000
249.74,6558
249.28,8118
249.5,20656
249.2,5180
249.13,7038
247.66,5270
246.6,9544
246.86,4433
246.55,2310
247.68,2385
247.47,1498
246.99,2331
246.94,2095
247.17,1919
247.37,10275
247.8,36817
247.35,3669
245.83,5222
243.8,3728
243.35,3953
244.16,917
243.92,1744
243.74,2490
243.67,3621
243.08,2908
243.56,2110
243.86,5146
244.38,5871
244.09,19709
243.08,2522
245.22,3863
244.53,2003
244.52,3213
244.13,4087
243.96,2427
244.22,1837
244.09,1319
244.2,140
244.38,695
244.67,2275
244.64,3890
244.37,32979
243.03,4670
243.65,3750
243.98,2860
243.64,1519
242.8,4323
243.96,924
244.12,1712
243.93,1702
243.59,1572
243.34,1828
243.49,1720
243.25,4813
242.95,21636
242.13,3600
237.67,7466
238.47,3773
238.95,3825
238.29,4217
238.69,947
238.54,3092
238.81,5914
238.94,2711
239.36,5228
239.1,4908
238.54,10406
238.87,21665
237.83,5820
235.31,3652
235.08,6358
234.64,3556
235.22,4466
235.42,2016
235.44,2217
235.45,2996
235.42,3838
234.93,2905
235.3,7802
235.43,9069
235.56,27077
235.79,7557
234.59,6553
234.89,8562
234.69,3531
234.6,3715
234.62,3432
234.52,2435
234.32,4684
234.49,10266
234.55,8173
235.01,2432
235.17,5806
234.84,16291
234.16,8783
232.02,3340
233.36,6383
233.62,6136
233.14,3838
232.72,2719
232.82,2341
232.54,1471
232.04,2527
231.54,3261
231.36,3140
231.56,4181
231.71,20090
232.81,1345
231.28,4297
231.3,3225
229.66,3796
229.52,1805
228.71,1029
229.19,2157
229.43,1699
228.88,1068
229.43,1221
229.1,4334
228.64,3584
228.91,22790
230.5,10954
230.7,15951
231.76,9657
232.1,3221
232.28,3294
232.33,4691
232.26,2392
231.99,1304
231.59,4160
231.54,3016
231.82,2357
230.94,4341
230.8,22606
230.56,7143
233.03,12869
233.19,8921
234.44,10386
234.42,9611
235.31,7374
235.65,5625
236.27,4516
236.67,6557
237.32,7271
237.08,5808
237.34,13770
238.09,36089
237.3,13499
240.67,11857
241.66,7570
239.95,8296
239.88,5673
239.64,2412
239.52,1995
238.4,5567
238.44,2952
238.53,3413
239.06,3907
238.98,6623
238.43,26489
238.39,3066
238.2,5002
237.34,1887
238.31,1958
237.66,2570
237.98,3990
238.36,7968
238.43,3612
238.24,2047
237.7,3112
237.86,2989
238.44,7847
239.31,23463
240.21,1891
240.85,1045
240.45,1485
240.97,8572
241.26,4873
241.47,5182
241,8947
240.28,6167
240.18,5400
240.87,7676
241.33,8406
240.99,13586
241.04,57168
241.57,5421
241.03,12688
242.27,7539
240.87,13273
241.16,9307
239.24,6175
240.08,5465
240.31,4999
240.25,5685
240.09,7693
239.49,6790
239.56,12078
239.58,21021
238.11,3559
240.21,5574
240.86,7536
242.62,6462
242.74,4142
242.38,4754
242.6,999
242.62,7465
242.7,1914
242.67,1297
243.29,3004
242.73,4923
242.04,19424
241.88,4295
240.54,19618
242.58,3884
242.37,3159
243.05,3088
243.3,5175
243.22,5056
243.17,2375
242.88,3221
243.29,6609
243.04,5420
242,10138
242.12,34906
239.17,9509
239.43,5505
238.52,3025
239.35,3941
239.37,3695
238.12,2057
238.61,2839
240.05,3919
240.52,5929
241.75,4149
241.55,6073
242.02,5775
242.31,12753
243.39,3901
243.2,3875
242.31,1668
243.2,3137
243.16,2004
242.71,1854
242.17,4972
242.08,1656
241.92,1095
241.04,2477
241.34,1304
241.49,2588
241.27,13253
241.6,2811
241.52,3465
240.83,1752
240.05,4385
239.88,7780
240.91,3398
241.13,4711
241.11,2342
241.03,2469
240.68,2584
241.07,2425
241.21,6311
241.92,13607
240.02,5900
241.44,2819
241.96,7393
242.42,436
242.3,1697
242.14,3381
243.02,2079
244.32,1972
243.52,1943
243.66,2595
243.3,1211
243.11,4007
242.6,12566
240.28,3090
239.97,2591
239.79,1913
238.93,1772
238.79,2450
239.13,1302
240.56,2863
241.06,1139
240.62,2669
240.03,2700
239.8,12538
235.21,17828
235.74,25191
235.31,10444
237.78,7475
239.13,11119
240.12,3364
239.68,7802
240.4,3771
240.1,6650
239.89,4181
240.23,3943
240.17,3623
239.33,3668
238.19,6562
237.63,18113
234.58,3171
236.09,5329
236.47,2437
236.88,3144
236.51,4145
236.23,3791
236.63,1732
236.19,3223
235.91,3689
235.69,4844
236.12,2312
236.47,4894
235.94,23155
233.21,5626
232.39,5432
231.23,4631
232.47,5978
232.64,4311
232.28,2541
231.73,4442
231.44,7914
231.14,7178
231.77,2728
232.86,4689
232.99,5180
233.59,18873
233.79,5295
231.67,6572
233.24,4388
234.17,4571
234.6,2477
234.62,3454
234.26,3043
233.86,6570
233.99,5914
234.35,4795
234.41,4077
235.05,5563
235.38,28032
234.25,5164
232.87,13503
230.39,13350
229.95,9836
230.31,8585
231.71,5609
231.92,2491
231.93,4525
232,4540
230.7,4364
231.11,5044
230.87,12561
231.59,29489
231.94,7572
230.3,4584
231.23,4279
232.46,4877
230.84,3477
230.95,3407
231.16,2780
230.48,3036
229.93,2580
230.02,3194
229.81,3415
229.66,3898
229.7,21123
229.82,13692
230.45,8529
229.79,10667
230.03,13395
231.35,9008
230.93,8799
229.56,8936
230.24,5694
230.07,3196
230.5,3743
230.76,4779
231.88,5607
231.23,24124
229.81,10377
227.72,9828
227.79,6137
227.87,9162
227.95,5182
228.84,9783
228.66,9068
229.33,4630
229.32,4112
230.01,4601
230.57,5050
230.87,7914
231.09,27215
232,4768
232.47,9943
232.93,6355
232.3,3463
232.37,4780
232.64,2266
233.07,3309
233.6,4240
233.88,4403
233.37,5146
233.54,5305
233.22,11103
233.42,20482
232.34,5845
233.56,11069
231.31,3350
232.01,5750
232.09,3481
234.07,4169
233.92,2153
233.84,4987
233.11,5361
232.86,8169
232.96,3223
232.62,5455
232.27,21455
231.92,6927
233.38,7959
232.9,6753
232.24,9153
231.4,5369
232.27,4386
231.62,7244
231.55,6905
230.94,9978
231.49,5999
230.89,6752
230.08,9632
229.45,29276
228.15,8567
225.65,16673
226.66,6128
226.46,8082
226.19,5859
226.83,4997
226.67,4063
226.84,3917
226.46,4132
226.61,6704
226.25,5688
225.98,8364
225.48,43637
225.26,18883
225.5,15901
225.46,19446
225.29,23998
225.32,20013
225.8,11284
226,11464
225.26,8104
224.85,11390
224.33,12070
224.64,16628
223.69,27657
224.02,57306
218.53,34617
220.38,26570
220.67,20475
219.94,18135
220.16,13241
219.65,11682
219.56,16214
220.02,13115
219.91,12875
219.71,9345
220.39,14571
219.87,18458
218.42,69242
225.86,91194
225.22,45310
226.29,22966
227.94,15737
228.13,18292
229.36,20434
230.08,13931
230.52,15523
230.36,15697
230.27,15179
228.33,16034
227.23,14997
227.36,50317
225.82,18439
224.86,8669
228.17,5957
226.99,8215
226.17,17749
225.35,7951
226.48,6475
225.87,5233
226.59,4055
226.3,7585
226.35,6849
226.29,11953
226.49,31578
228.02,13943
230.53,8432
231.99,9115
231.61,10530
230.67,10009
232.92,12994
233.54,9895
233.37,9481
233.37,7806
234.08,9366
234.08,11461
233.43,10639
233.01,49180
231.81,13287
227.52,12095
228.47,7565
228.75,10749
228.8,4894
229.16,3602
229.17,4174
229.03,2767
229.47,1697
229.86,4171
228.75,5192
227.97,10466
228.02,33892
228.39,15766
232.66,12565
233.08,11267
234.09,10185
234.35,13283
234.96,9849
235.29,9659
235.29,9887
235.6,7573
234.81,9518
234.94,11752
235.45,14079
235.88,46610
235.94,6974
237.09,3698
238.34,2936
238.75,3909
239.05,2378
239.71,3476
240.21,4881
240.22,2283
239.92,1372
239.95,2627
240.12,3343
240.31,4479
240.34,20047
239.91,5607
239.49,6457
240.45,4715
240.21,5961
240.19,2534
240.32,5922
240.07,12888
240.07,0
240.07,0
239.31,13460
243.88,20644
244.34,8732
245.67,4132
245.94,5657
246.37,6277
246.47,4921
246.56,4252
246.78,4073
245.83,2078
244.98,4059
245.07,7883
245.18,76795
243.92,8200
242.65,8173
241.5,15247
241.26,8219
241.05,5655
240.78,6099
240.98,5400
240.81,5066
240.84,6342
240.97,6873
241.03,6297
240.88,10392
241.56,39655
241.73,11391
243.9,13559
243.87,6766
243.24,6113
243.63,11128
244.4,5923
244.62,4151
244.53,6505
244.73,8197
245.15,8162
244.74,7142
244.41,9193
244.3,43515
245.32,8274
243.69,12373
243.49,7195
244.32,6664
243.57,5580
243.7,7838
244.25,12609
244.12,6641
244.27,7163
244.28,7054
243.45,13272
243.32,15373
243.41,47196
244.32,7376
244.82,5076
244.69,3300
245.06,4973
245.66,7341
245.33,6402
245.53,4351
246.08,6616
245.86,6007
246.1,5140
245.9,5845
245.9,6186
245.66,33115
244.71,24060
245.18,15058
245.02,10255
244.4,5594
244.56,3389
244.45,17140
244.43,7510
244.81,12755
244.77,3715
244.56,4338
243.95,6999
243.88,9461
244.19,45894
241.56,6297
241.51,4854
240.71,4285
240.17,3914
239.71,3963
239.8,6782
238.76,5578
240.36,4679
240.85,3085
240.6,4985
240.77,3584
240.59,4466
240.18,27679
241.09,8561
242.84,13139
241.97,7475
241.51,5200
241.29,6160
241.19,8442
241.15,11949
240.73,5703
240.84,6899
240.78,12452
242.28,10055
244.42,12348
245.42,33898
247.24,7518
249.14,8470
247.52,7032
248.37,5438
247.63,4589
247.8,4325
247.86,3060
247.53,2435
247.01,2950
246.48,2060
245.75,4104
245.98,6495
246.33,31354
246.75,4838
246.25,5966
245.81,3636
245.37,4397
246.01,1610
245.05,2512
244.43,2906
244.48,3004
244.1,1404
244.25,2973
243.78,2638
244.7,5924
244.87,16333
245.29,6912
245.04,6909
245.62,3415
245.5,2306
244.94,3888
244.35,4209
244.23,3267
245.02,3325
244.82,2654
245.38,10779
245.83,12588
246.87,10783
246.76,24558
247.61,8844
245.2,13345
246.28,10598
247.19,4772
246.64,8753
246.27,3564
246.58,10171
246.19,5629
245.63,4686
245.01,7996
244.69,8008
245.12,10023
245.59,19565
243.7,4515
245.04,3682
246.06,1924
246.54,5863
246.61,3614
246.12,4059
245.84,4474
245.87,4188
245.78,2567
246.15,1898
246.4,2831
246.61,4675
245.84,14618
249.91,25987
249.95,6771
249.66,11732
249.64,5625
249.26,2683
247.91,6621
246.25,3910
246.41,2073
246.73,3211
246.35,4039
246.01,3129
245.51,3250
245.95,28543
244.24,4733
241.29,6317
240.53,2607
240.73,4305
240.54,2769
239.35,1421
239.9,2688
239.56,2056
239.9,3506
239.12,2918
239.25,2620
239.72,4516
239.83,30292
237.91,4396
239.7,1939
240.2,2419
239.98,1868
239.87,884
239.85,1651
239.93,1774
239.98,1822
240.13,996
239.67,1525
239.42,728
239.62,4981
239.92,17792
238.25,7486
237.89,6845
237.93,6617
238.77,4687
238.41,2066
238.42,2728
238.77,1613
238.95,2863
239.35,3442
238.97,2235
239.32,3074
239.14,4151
239.43,28024
239.22,1659
240.02,1317
240.72,2445
240.83,1600
240.92,1137
240.93,2378
241.4,4528
241.4,0
240.24,4402
241.32,4238
241.39,3059
241.11,2868
241.07,1551
240.81,1348
241.08,1791
240.91,1456
240.81,1056
241,1847
241.23,2198
241.56,1957
242.05,10866
241.9,2117
241.47,2419
241.12,3374
240.74,2532
240.79,3314
240.64,3156
240.56,2892
240.98,2116
241.24,1974
240.94,3644
240.79,3779
241.21,2672
241.19,19035
239.99,6023
240.42,3083
239.77,2775
239.31,2268
240.14,1957
240.29,1082
240.47,1363
240.65,1601
240.74,1110
241.03,994
240.98,1549
241.18,4202
241.06,14677
240.15,1708
240.7,3119
240.25,2119
240.1,1156
240.34,1494
240.43,2749
240.38,1269
240.2,3636
240.07,2108
240.26,3057
240.32,6723
239.59,6192
239.55,17576
238.72,7800
239.84,5564
239.81,4306
241.9,8031
242.56,3923
242.65,8045
243.31,6613
242.78,3094
242.53,8276
243.35,9915
243.83,10184
244.59,8918
243.99,20594
242.76,13948
244.93,13315
243.87,14971
242.55,10967
242.64,7000
244.52,2825
243.94,3404
243.99,8164
244.27,6898
243.85,6373
244.05,4306
243.12,12999
242.74,49846
238.59,8584
241.34,8387
241.16,13272
240.8,7541
242.54,3804
242.49,2884
243.47,3500
243.88,1729
244.17,1841
244.64,1753
244.32,2818
244.77,4101
245.63,24510
250.73,21705
249.93,10637
249.39,2644
248.84,1760
248.83,3022
248.85,1941
248.74,4473
246.89,6747
246.7,2932
245.98,2490
246.15,5507
246.59,6665
245.99,23153
243.03,4405
249.07,4326
251.03,5967
251.87,5069
253.04,6137
253.6,17042
253.51,13579
253.81,7928
253.8,7676
254.66,7203
255.03,7057
254.69,10324
253.54,25024
257.6,23736
259.67,18276
259.84,9408
259.59,9194
260.5,8152
262.14,13860
263.24,6833
262.23,6499
263.46,12117
263.23,9087
263.77,8204
263.8,10716
264.73,45638
263.22,5268
266.3,14866
266.3,13013
266.95,12230
267.46,4308
267.81,7964
267.79,5290
267.67,4435
268.22,6080
268.1,6332
267.13,7049
267.4,9537
267.63,29787
270.72,4698
268.29,4389
269.96,5248
270.03,8580
271.04,4364
270.57,4350
270.06,3268
270.22,4058
270.04,3208
270.69,4712
270.41,3673
270.71,4745
270.24,32620
270.82,3923
273.19,4934
272.24,3290
272.37,13007
274.47,16160
273.96,15955
275.14,10000
274.85,9984
274.59,9592
273.88,12989
272.72,14957
272.17,20850
272.74,67285
273.14,7182
272.57,10120
275.27,10567
274.94,4601
275.12,8814
274,4181
273.24,4332
272.84,5871
273.16,5080
273.15,3720
274.16,7592
274.52,10616
274.9,19015
273.77,13442
274.22,10716
272.47,11037
273.47,9773
275.32,6965
274.33,7323
274,5420
274.1,4471
274.25,4791
274.37,5207
274.1,8365
274.21,8151
274.51,31165
270.58,13603
271.54,11035
269.14,9479
268.68,8398
267.17,7300
266.92,12261
267.11,4907
265.91,6764
266.44,5544
266.41,9246
266.58,14442
265.59,17643
266.47,37690
267.32,11794
268.66,11166
269.44,3146
271.02,5120
271.5,7189
271.74,13400
272.1,9082
271.47,6237
272.35,3769
272.36,11209
274.26,16485
275.04,6804
275.17,46650
278.26,15800
276.53,12918
276.71,15162
276.07,21182
275.14,4473
275.64,9035
276.18,10941
276.3,15837
276.28,6404
276.26,9310
276.02,8798
273.98,14404
274.14,33248
274.33,28814
274.56,38160
273.32,7606
273.51,8159
273.62,6265
273.77,14360
273.88,7233
273.64,7031
273.94,9189
273.8,5417
274.1,9402
274.53,12236
274.47,24376
276.87,7414
274.83,8846
276.24,4636
276.81,3186
276.2,5055
274.72,6106
275.04,5758
275.09,3473
275.67,3507
275.51,3660
275.97,3611
276.08,4313
275.99,26276
275.46,5333
274.09,3842
272.98,3606
273.75,9624
273.16,7796
272.5,7755
271.67,5722
271.31,4338
271.52,6481
271.77,9185
272.28,6083
273.02,5058
273.09,35793
272.54,2207
271.24,5022
271.2,3564
270.67,7466
270.06,3358
269.88,3064
270.1,2143
270.1,4299
269.16,12844
268.98,10210
268.28,13405
267.63,7648
267.33,235911
267.2,5629
267.26,9465
266.37,8334
266.96,7186
266.87,8217
267.08,4643
266.55,7817
265.62,8425
265.67,10615
265.05,7511
265.61,10663
264.59,9845
265.74,28499
265.24,10359
262.68,7072
262.76,5667
262.46,6606
262.38,12482
262.69,9138
262.7,5553
261.87,5566
262.66,6557
263.92,8879
264.17,8590
264.33,11417
265.03,22360
265.71,8965
264.83,8032
264.94,5603
265.24,5949
264.51,4574
266.05,3020
266.68,2474
266.54,5333
266.66,4285
267.08,6210
267.62,7440
268.67,5145
268.02,30207
267.2,14511
272.55,24370
278.05,13185
274.58,6002
274.68,10947
273.9,7358
273.68,7539
274.03,8543
273.55,9904
272.66,11933
271.96,10673
272.27,13072
273.07,27743
275,20064
276.8,10005
277.4,4535
276.74,10893
277.53,5765
276.58,3661
275.7,3762
273.68,4082
272.72,6296
272.72,5534
274.53,12301
275.47,7220
274.96,28032
274.79,6928
273.39,6215
273.28,7263
273.18,8056
273.71,3803
274.01,4192
274.96,4497
274.15,5791
272.91,6024
273.66,6751
275.26,9779
275.52,7847
274.77,19980
274.54,9423
277.11,5144
276.87,5433
276.91,3303
276.72,3257
277.01,9580
277.45,3690
277.26,3826
277.97,5208
277.77,4636
277.95,4162
277.56,5459
277.31,20798
277.05,3957
274.51,5910
274.77,5275
275.85,3633
274.94,4632
275.09,6138
274.96,3606
274.87,8251
274.62,3370
274.44,6697
274.64,7341
275.33,6579
275.1,21993
277.66,12965
280.48,8326
279.62,4840
280,7797
282.6,7095
282.68,8523
282.89,4752
283.11,3105
283.49,7007
283.29,5535
283.69,6040
283.67,8128
283.62,40951
281.22,11020
283.37,6659
282.61,5040
281.92,3898
283.15,5760
285.44,10003
285,7546
284.93,6302
285.51,7366
284.77,10370
284.56,6701
284.76,9705
284.54,28565
288.58,9910
290.71,7137
289.68,6704
290.75,11304
288.61,13904
288.4,13556
286.57,3982
285.81,7266
285.88,6788
286.26,6735
286.84,6333
287.74,7901
286.66,37400
284.55,8158
282.47,5097
284.95,2692
286.41,2251
287.02,4244
287.8,6050
287.09,4253
287.46,4205
287.47,3461
286.59,3180
286.54,3616
285.56,7110
284.96,31907
285.21,7913
281.23,8562
279.81,7996
278.65,6674
279.34,2705
279.8,5520
279.33,6500
277.76,4168
278.16,2918
279.15,2809
278.91,5326
279.5,5763
280.2,25188
277.92,6473
280.88,2032
281.55,1798
282.37,2369
281.83,2020
280.93,2426
281.39,3436
281.57,2859
281.06,3986
280.58,3138
280.56,4648
280.01,5168
279.9,23574
278.54,14937
277.97,3889
276.43,3664
276.81,3530
275.75,4947
276.35,3471
277.27,2227
276.54,2517
276.95,5163
276.88,4335
276.18,9930
276.93,5154
276.76,27723
277.09,6294
278.97,8221
279.71,5354
278.83,5353
277.39,6144
277,4731
276.07,7503
276.53,5873
276.66,6155
278.57,9061
278.67,13352
278.58,10730
278.86,37062
279.2,19217
275.72,13752
272.99,8091
273.55,20438
271.84,9895
271.75,8080
271.73,6874
271.32,8247
273.07,7504
272.65,11343
272.47,13607
273.42,9911
273.71,61367
276.83,11022
278.95,10676
279.05,6573
279.02,10231
278.31,12553
278.66,8741
279.08,9811
278.23,7798
277.28,6609
277.59,9855
276.45,8011
277.37,12426
277.03,33999
267.87,28584
265.41,14663
264.25,14787
263.19,15343
264.14,14899
264.36,9920
262.47,17174
261.47,6560
263.78,11389
264.72,9219
264.12,10814
264.06,24718
262.17,43674
262.68,10858
261.22,8975
261.65,10390
264.25,5736
261.69,5737
261.17,7253
261.19,6161
261.5,10472
262.65,3087
262.94,4399
262.97,4665
263.2,11561
263.9,37396
260.95,7517
260.1,7989
260.34,5791
260.96,7328
261.67,7587
262.12,3850
262.65,3201
262.84,5123
263.29,3901
262.75,4899
262.35,5739
263.16,5882
263.64,25728
257.03,10865
257.63,10110
257.53,12556
257.37,11717
257.32,6826
258,4090
258.2,2920
258.35,10595
257.82,4387
256.5,4999
257.24,4739
257.05,6611
256.36,27009
250.61,6360
251.67,7297
251.3,7694
252.06,3763
253,5117
254.33,4910
254.99,2462
255.57,4250
256.13,5601
257.11,9039
257.01,6392
257.28,5109
256.64,33247
256.57,5081
255.64,4278
256,2856
255.68,5747
256.68,3790
256.1,2964
256.13,1070
256.1,2031
256.32,3071
257.01,3428
257.06,7800
257.46,11458
257.44,25824
254.28,16045
255.42,7283
252.86,5475
253.7,3433
252.1,5282
253.07,3133
252.08,3318
252.53,2332
251.74,1979
252.11,2151
251.61,2089
252.82,3887
253.67,20547
249.09,6772
248.65,5187
249,5251
249.78,3991
249.45,2382
249.7,4039
250.95,2339
250.53,6424
250.2,3291
250.59,5329
251.48,4871
251.56,9753
251.36,20677
247.91,8969
244.59,3277
242.78,6702
243.99,1573
244.78,2865
244.24,3634
244.42,1757
244.69,5771
244.14,3620
244.17,6578
245.78,5598
246.08,9171
248.94,24740
247.77,7620
248.26,5961
249.4,5104
250.91,3699
251.56,5482
251.78,5105
251.11,4934
251.38,5625
253.13,4884
252.22,5662
250.74,3213
250.58,5057
250.16,13593
249.6,5278
248.21,6283
247.15,4945
248.53,7183
246.48,7861
245.6,6647
245.74,5084
246.21,4271
247,3803
246.5,2760
246.8,1327
246.31,1553
246.18,22287
243.24,7231
243.69,8320
241.7,8091
242.04,15311
241.81,5191
241.42,5512
240.86,15835
240.68,9297
240.97,9859
241.38,11621
240.49,15775
240.19,17773
240.13,50499
239.11,6078
238.12,9288
237.29,5324
237.82,4414
237.06,4026
237.45,3010
238.23,3877
237.78,2830
237.82,2519
237.64,4169
237.54,3417
237.54,7001
237.6,18230
239.45,5634
242.28,8650
242.35,7841
241.58,6691
241.4,4154
240.25,6128
240.87,7218
240.65,6912
241.39,9932
240.73,8880
240.85,5420
241.43,4784
241.06,18340
242.4,6676
241.48,7181
240.19,6040
241.18,2926
241.06,2965
239.55,3365
239.84,2928
239.46,3411
239.55,2516
239.37,5598
239,10989
239.32,6419
239.48,15194
235.73,4336
236.26,14951
233.37,5019
234.35,5416
233.66,3566
233.72,2899
233.49,4590
233.48,4589
233.11,6152
232.82,4426
232.58,4436
231.22,8162
230.18,25114
227.51,9566
229.22,15143
227.72,5233
227.81,5785
227.65,6660
227.13,7805
227.6,2610
226.77,2305
226.95,3073
226.95,3116
225.95,4470
225.8,21202
227.48,36001
228.14,7330
226.39,4152
225.66,5084
224.66,4712
224.54,2598
224.41,4358
224.73,2219
225.12,4059
224.87,7048
224.38,6484
223.52,5859
223.53,6540
223.79,27987
229.06,37642
233.65,14238
235.02,5822
234.4,4503
235.12,3919
233.78,4541
232.88,3243
232.92,3881
233.07,5158
233.99,4357
234.62,7666
234.68,9601
234.64,32625
229.43,2732
229.5,3007
231.01,8519
232.89,4181
233.21,2594
232.22,3031
233.46,3492
233.51,2842
232.72,2782
233.11,4483
233.43,3873
233.43,5647
233.33,38214
237.23,5968
233.12,9342
233.81,4258
234.36,8208
234.78,7804
234.31,7212
234.64,4782
235.08,5621
235.09,2851
235.35,3603
235.38,2955
234.98,4522
234.71,19302
233.05,4532
236.29,2353
236.96,3245
236.47,4175
235.05,4941
234.15,2342
233.28,3176
234.45,3936
233.63,3476
234.01,3394
234.41,2831
234.62,3195
233.64,18545
233.95,3077
233.69,8717
233.35,3030
233.65,7692
232.9,4731
233.1,4620
232.62,7003
232.05,9159
231.45,6338
230.56,9979
228.99,28332
228.81,12074
228.67,35114
230.85,10883
231.98,9684
231.37,9642
232.31,8364
232.16,5266
232.49,5256
232.03,5614
231.61,2642
230.7,7690
231.18,5991
231.53,11220
231.59,10920
230.57,31196
235.06,5407
233.35,3640
233.08,1857
232.37,6599
232.73,4224
232.48,4894
232.23,7735
234.13,5083
234.84,3283
234.81,4230
234.57,5129
233.85,3901
234.26,21986
235.33,7647
235.63,6273
236.46,4380
236.91,5456
236.09,3010
236.13,3409
235.42,3923
235.75,5036
236.23,1986
235.54,5016
235.12,1580
235.27,4097
235.33,19876
228.27,5466
228.47,10965
229.78,22311
230.57,12061
230.74,11750
229.65,7103
228.49,3999
228.31,4273
228.52,3254
228.85,4125
229.24,4573
230.11,4664
230.32,12982
228.53,1839
229.78,4931
231.54,3616
231.75,6754
232.79,6101
233.75,4832
233.46,1813
233.46,2552
233.32,4142
233.05,4244
233.87,5276
233.73,4758
233.58,19308
232.13,8794
229.57,6550
230.42,4829
228.99,5448
229.37,1543
228.77,4260
229.43,5646
230.38,3197
229.53,2578
229.78,2460
229.72,2284
228.88,3811
229.54,18065
243.81,14622
243.67,9241
243.89,8939
242.84,7169
241.91,11531
242.65,5021
242.69,4940
242.8,4747
242.58,4424
243.37,5724
243.22,6761
242.31,6454
242.36,17906
239.55,9207
242.02,6889
241.27,5214
240.83,2915
241.67,6924
243.55,5406
244.76,4355
245.98,4631
246.16,4612
246.5,6686
246.1,3593
246.25,11785
247.16,38848
247.52,6086
245.87,3449
246.3,3115
245.06,1938
244.84,4425
244.56,2520
244,3822
243.64,1954
243.88,1163
244.16,2297
243.98,3577
243.69,5963
242.74,34745
241.83,7029
241.71,5649
241.28,6539
241.29,5064
241.51,2941
241.1,3062
242.32,4539
243.07,4727
243.57,7066
243.63,9849
243.96,4123
244.21,4213
244.12,26916
244.73,6418
245.02,8144
246.27,4405
246.78,3389
246.87,4406
246.67,3923
246.27,2082
245.52,3571
245.71,4119
245.88,3241
246.07,3995
246.51,2665
246.72,17783
244.95,1505
244.6,4924
243.37,7348
242.47,3893
243.56,3693
242.95,2258
242.86,2801
242.65,3811
242.99,4240
242.61,9418
242.52,7001
242.6,7278
242.83,22803
244.33,4790
242.59,3465
241.58,4695
242.58,3417
242.61,2336
242.15,3035
242.44,4205
241.62,1742
241.52,3456
241.31,2334
241.59,5640
241.43,3671
241.49,21618
247.45,9170
249.61,23108
253.52,23258
252.76,27336
251.17,13379
252.58,17091
250.76,12130
251.83,14449
251.14,6320
251.17,6407
250.95,5989
250.43,10486
250.22,36815
249.62,1571
248.23,3277
249.03,2553
249.5,3369
250.35,2838
250.46,2016
250.09,1915
250.09,3148
250.94,2846
250.56,5020
250.95,3762
251.35,5403
252.24,48796
253.23,10177
254.79,9196
253.95,6349
253.59,26390
252.83,3391
253.29,4384
252.46,3423
251.36,5239
250.28,7559
250.63,6666
250.32,6089
250.69,4441
251.2,35287
250.62,7378
249.685,3906
248.51,2998
249.03,3305
247.995,2080
247.06,2986
246.02,6858
245.43,3639
246.26,2933
246.095,3479
245.24,4991
244.79,8614
244.595,26296
244.85,3337
245.035,5191
246.94,3385
246.765,3405
245.64,1823
246.37,782
246.69,2930
246.755,2360
245.2,1983
245.31,3222
245.91,2885
246.27,4245
245.91,10340
245.515,7895
245.63,6664
246.885,8437
246.67,12550
245.77,16678
246.21,8857
245.09,6509
244.91,8314
244.405,6473
244.04,8120
243.965,10366
244.04,12169
243.58,31194
244.55,14530
244.385,7206
243.605,2464
243.74,2382
243.24,3857
244.27,6122
243.205,10983
243.27,10716
242.75,10604
242.835,10612
242.755,8778
243.135,11723
242.3,35605
244.38,9790
241.61,6464
241.01,5337
241.5,6018
240.98,5177
241.42,4336
241.66,4648
240.98,4041
240.75,6505
240.22,6675
239.95,2570
240.395,5224
239.36,22957
237.38,6918
233.68,12101
234.02,12933
231.88,16113
232.37,15891
232.32,10160
232.49,10299
233.39,11917
232.76,9749
232.48,9519
231.45,8312
232.57,12899
231.74,30383
235.21,2297
235.305,5979
237.4,5492
236.26,2967
236.11,3418
236.93,3814
235.76,4669
235.32,4315
236.01,3880
236.71,4831
237.905,6221
238.82,6684
238.635,25967
238.64,6219
237.92,5610
237.13,6192
236.23,4265
235.44,4685
235.05,5531
235.21,4320
234.91,4200
234.67,6183
234.16,5463
233.53,14390
233.485,11980
233.79,36190
231.63,9182
230.475,4217
230.985,3973
230.23,5694
228.66,12843
227.3,8937
226.5,6614
225.67,5283
226.79,10946
225.595,10327
225.11,30913
224.54,41715
224.18,52052
224.6,6418
224.735,7546
225.44,2654
226,6704
226.38,4382
226.365,3488
226.43,1376
225.6,7446
226.26,4191
227.26,3328
227.42,6946
226.915,8209
226.86,22016
230.505,10535
229.39,11716
231.9,12512
232.47,10765
232.13,4065
232.16,4322
231.9,4744
232.49,5202
232.12,3679
232.625,4553
232.53,6657
232.53,13692
233.585,52237
234.8,4313
232.33,5449
231.175,5121
231.9,3167
232.19,5367
232.53,5304
232.26,4697
230.64,7784
231.09,8689
230.99,7937
231.38,5221
231.57,10547
231.24,30521
232.96,4604
228.965,2701
230.725,3865
230.855,6775
230.92,1459
231.825,5048
230.38,5372
230.05,6278
230.02,6366
229.16,4937
229.12,10196
228.27,5986
229.34,38390
228,4461
227,5894
228.99,4952
226.45,4814
226.6,4059
226.315,3985
226.25,3107
225.655,10354
226.205,7765
226.32,7472
225.12,5033
225.08,4863
225.1,35499
228.61,14514
225.845,7186
225.81,5620
225.49,12471
226.5,13283
226.25,4813
225.91,20856
226.13,8308
225.84,13438
225.98,6369
226.14,26424
226.35,11370
225.685,33524
223,12339
221.52,7944
221.45,7474
219.705,6614
218.64,9932
219.11,9468
219.3,11963
220.045,14370
220.32,10863
220.505,8468
220.335,9532
220.945,10380
221,34811