231.8,121387
233.49,100065
234.74,50533
235.2,50175
233.86,52641
233.22,47078
234.03,26910
233.01,23595
232.53,46799
232.63,48079
233.84,40685
234.08,62614
234.42,103250
235.74,88263
237.68,53500
237.07,15739
237.4,22917
237.82,33904
237.6,14373
238,10045
238.21,14672
238.48,14580
238.7,17142
238.41,27255
238.94,30513
238.55,51947
236.57,41029
235.32,43629
235.37,29632
235.3,37946
234.67,17495
234.42,31791
234.33,23422
234.53,24533
234.12,40340
233.82,41393
234.1,31803
234.35,33072
234.48,78508
236.41,54413
235.38,26891
235.94,32468
235.75,59675
235.62,28865
235.2,22467
235.68,18241
235.84,17383
235.95,28376
235.25,33317
234.68,22323
234.39,31573
234.62,106627
230.03,112544
230.81,72889
231.86,39566
231.7,26680
232.13,20824
232.27,15740
232.47,18939
232.71,13098
233.02,20571
232.29,40318
233.43,15581
231.86,18646
233.15,60252
234.63,50227
236.51,17341
236.97,19307
236.99,16200
237.62,25923
237.9,29348
237.37,16226
237.47,18797
237.92,13297
237.88,10603
237.88,22976
237.49,18310
237.97,80514
238.14,65987
238.21,72385
237.02,48478
237.03,31954
236.45,30211
236.09,33665
236.13,27412
235.88,30715
236.18,24114
236.26,28684
236.03,24291
236.24,41597
236.25,84856
238.36,177416
240.13,74278
240.74,40643
240.88,29238
240.84,31322
241.12,22915
240.88,18051
240.67,8929
240.99,47435
241.05,30984
241.19,30781
241.36,42641
241.25,114801
242.06,64418
241.77,21097
241.56,32247
242.08,34501
241.92,18549
242.11,16354
242.14,20267
241.7,32905
241.78,27802
241.54,27570
241.45,18320
241.75,34417
241.95,77127
241.82,56564
241.74,36400
242.06,24719
241.93,30866
241.82,15683
241.78,12468
241.71,13265
241.77,21653
241.51,37877
241.39,24656
241.56,22135
241.45,41032
241.51,36325
241.58,37327
240.67,37622
241.09,40895
241.17,27291
241.32,29124
241.39,20744
241.06,17407
240.99,13332
240.96,30442
240.66,36765
240.24,21593
240.35,24069
239.98,72980
241.48,86573
241.69,42173
241.17,37190
241.43,29568
241.52,27637
242.05,13912
242.13,36532
241.97,95679
241.23,36401
241.18,54065
241.28,49434
241.21,36891
240.97,126040
241.59,83537
240.44,84740
239.13,42161
238.49,24476
238.93,35119
238.84,28421
238.73,14844
238.53,33521
238.38,10486
238.69,20510
238.72,20136
238.92,17593
238.43,46678
238.51,65102
238.99,43313
239.36,26069
239.14,32599
239.19,18512
238.68,22195
237.77,17251
237.86,27144
236.95,25217
236.89,29259
236.8,16676
237.03,19712
237.16,83028
235.94,88422
234.45,71687
234.44,52082
236.01,30788
236.32,30891
236.1,19772
235.89,16483
236.21,15043
236.25,19264
235.94,20626
235.82,21904
235.61,22876
235.96,87471
238.34,41584
239.53,27637
240.81,29648
240.86,19843
241.41,114128
241.48,20471
241.47,16668
241.25,10808
241.07,16858
241.4,14971
241.62,13284
241.51,19797
241.45,55374
240.43,69369
242.44,40745
242.52,38630
243.26,57049
243.17,32867
242.76,40554
242.78,25389
242.68,18693
242.48,35103
242.58,15674
242.7,27903
242.97,41926
243.07,146941
245.53,53846
245.01,30912
244.48,25023
244.44,29496
243.74,34509
243.18,31391
243.43,43510
243.62,14903
243.06,26036
243.08,18415
243.3,15997
243.75,25106
243.53,36252
244.15,67320
245.02,44467
244.24,32169
244.17,23168
245.11,19978
244.49,20863
245.04,21527
245.36,21084
245.19,8936
245.12,17901
245.11,25125
244.38,24156
244.2,42579
244.26,72844
246.12,45753
246.35,45056
245.37,24117
246.39,29480
246.96,29242
247,22590
247.59,25689
246.83,63227
247.19,45826
246.67,30527
247.06,31112
246.9,61764
248.03,54829
247.85,52999
248.26,26130
248.04,17698
248.21,12756
247.61,27260
247.01,25946
247.1,13831
246.96,8169
247.3,16533
247.61,13292
247.71,20838
247.72,46226
248.04,75750
247.91,39353
247.53,17988
247.87,22812
248.03,18674
247.99,15569
247.96,11770
248.07,18274
248.28,15119
248.52,17899
248.43,15910
248.55,32324
248.59,73277
249.89,54495
249.47,27594
249.61,24020
249,16555
248.92,9846
249.53,13273
249.32,9058
248.8,19429
248.42,13610
248.51,17563
248.2,17158
248.19,11184
248.06,31226
249.42,54572
250.18,37681
250.18,31188
249.73,16703
249.5,39485
248.94,28422
248.55,13398
249.01,25687
248.77,29915
248.14,59971
246.45,35282
246.81,35750
248.28,70768
246.24,87725
247.96,69305
248.62,52540
248.51,38861
250.09,77971
250.57,38263
249.72,36105
250.4,32881
250.93,41975
250.98,30965
251.37,31123
251.17,38511
251.31,73459
249.77,109458
250.37,86264
251.42,97269
250.56,50894
249.63,38103
250.05,21210
250.87,30363
250.86,27610
250.35,26943
250.65,31171
250.59,30112
250.32,38849
250.82,128723
249.99,71154
250.4,36538
250.72,108166
252.71,47576
252.76,33326
252.95,27183
252.23,20596
251.91,15408
252.16,27846
252.67,22854
252.37,37682
252.19,51053
252.06,74166
252.39,78586
254.03,55228
254.07,21547
253.69,21221
254.3,14529
254.19,17806
254.61,12527
254.46,8529
254.42,9670
254.43,24967
254.39,21018
254.99,44815
255.49,50206
255.76,45733
255.99,34222
255.25,29474
254.83,19280
255.09,28386
255.19,23810
254.8,45116
254.84,26137
255.33,10148
255.14,25276
254.78,18556
255.11,29569
255.45,80140
255.98,61934
256.64,66471
257.05,47525
256.64,31998
257.02,24261
256.91,28128
257.22,44897
256.25,29430
256.3,16653
256.22,20824
256.17,18668
256.27,13990
256.05,32123
256.27,35853
255.6,30395
255.73,14953
255.51,7065
255.84,5826
255.59,11614
255.18,30267
254.99,38917
254.85,25344
255.19,27381
255.39,24036
255.67,24267
255.51,71349
255.75,95689
257.66,42131
257.71,42743
257.28,48701
257.78,19596
258.02,11356
258.17,11872
257.77,10928
257.66,11241
257.56,16038
257.58,14534
257.98,21802
257.65,71769
258.45,75059
259.11,41509
258.72,22605
259.36,29212
259.23,26076
259.47,16509
260.08,22505
260.5,15494
260.59,10427
260.77,52350
260.91,47048
261.22,49695
260.88,94769
260.21,81864
259.94,78752
260.32,28132
260.75,32537
260.39,23391
259.95,13360
259.36,16223
259.93,12648
259.89,17127
260.15,18792
260.01,30645
260.04,16575
260.32,64160
259.48,43121
260.33,39136
260.45,20256
260.14,33342
259.87,15586
260.25,13819
260.17,42718
260.04,36804
259.88,12527
260.26,15740
260.48,10478
260.65,6379
260.46,46757
262.41,99690
264.28,36187
264.4,37333
264.54,24840
264.81,29670
265.67,28972
265.98,18638
266.23,23323
266.29,17242
266.48,21716
266.42,11237
266.47,35045
267.19,69548
267.37,150396
267.59,65691
268.53,53977
268.14,44098
267.81,39966
266.7,37145
265.79,66262
265.9,22547
266.05,26323
265.66,9770
266.21,23609
266,32994
266.73,64607
268.78,63729
268.53,63216
269.25,61240
268.6,42043
268.28,49110
269.02,36472
269.03,36333
269.18,30783
269.2,64084
269.19,28085
269.57,13750
269.56,34497
269.1,72111
266.21,94373
267,60920
266.17,57652
264.83,41065
266.22,55089
266.77,27748
266.68,18547
266.92,32235
267.2,18405
267.38,10172
267.13,14581
266.91,17772
266.7,54884
265.11,61485
265.65,38747
265.32,34690
266.83,29298
266.5,27614
266.7,24619
266.82,13675
266.93,27547
266.61,6678
266.81,16644
266.64,12777
266.79,15795
266.8,102928
268.58,53343
267.29,27010
266.56,30591
267.08,22787
266.81,19949
266.7,24510
266.48,18025
266.61,16201
266.63,22797
266.76,15003
267.1,22803
266.84,22140
266.91,56105
267,45308
269.82,54541
270.7,61317
271.09,28362
271.87,27065
271.63,23368
271.27,12556
271.23,19178
270.22,15537
269.4,8463
270.11,14010
270.4,11341
269.93,28040
271.62,67798
271.37,50067
271.93,49415
272.43,27272
271.82,36612
270.96,20242
271.72,14849
271.79,29877
271.28,18379
271.47,22839
272.22,20131
272.13,16959
271.99,79886
271.33,86640
270.97,29837
269.81,21971
269.85,34863
270.48,42331
269.94,26103
270.5,18805
270.9,15878
270.19,25840
269.68,15084
270.41,10869
270.45,11786
270.01,75210
271.29,139588
271.87,42568
271.23,19991
270.42,38210
269.74,36955
269.72,38558
270.65,31647
270.77,29357
271.46,21313
271.25,7957
271.25,15007
270.96,23824
270.81,45068
268.45,144244
267.98,85730
266.07,48952
265.61,53224
265.92,49183
265.92,53100
265.91,27294
265.83,36316
265.08,34259
265.45,32164
266.2,30835
265.58,25548
265.52,61767
267.44,53053
267.13,35070
266.45,28235
267.69,19632
267.75,23949
268.09,28584
268.33,38884
269.43,44122
269.27,46545
268.7,42040
269.92,45139
269.57,44475
269.77,85930
268.25,68897
269.28,29043
269.73,36062
269.89,28445
269.83,20286
269.9,9038
269.4,39712
269.07,9440
269.46,4753
269.67,9362
269.7,6163
269.62,11346
269.93,45831
273.09,55948
274.48,12692
274.72,24205
274.92,30733
274.78,25386
274.42,15459
273.95,13801
273.97,11139
273.92,4477
274.16,19025
274.64,40843
275.23,35542
275.12,96675
276.88,85518
276.98,50457
277.3,28841
277.42,29690
278.39,59915
278.25,42396
278.23,26059
277.98,28042
278.66,20913
278.26,14147
278.56,28385
278.26,22504
277.94,52593
277.97,62179
277.06,55199
275.74,51742
275.93,48346
276.64,36475
277.56,59493
277.76,23136
277.39,36573
277.8,47372
277.79,52381
278.08,69947
278.43,47817
278.53,107000
278.2,85477
277.66,50788
275.94,46502
274.36,33881
273.96,83162
274.15,66163
274.36,37251
273.61,75050
272.53,58313
272.79,64427
273.9,68053
275.35,124191
274.92,107164
277.92,243522
276.8,100965
278.34,61343
277.98,38970
276.89,47338
276.47,42255
276.14,44538
275.82,33725
275.47,28588
274.59,39468
275.07,133982
275.17,36007
275.51,66184
275.38,58073
277.22,40881
276.09,34077
275.95,30511
275.7,43061
275.32,33418
275.62,18929
275.35,26230
275.76,29248
275.83,32327
275.82,38575
276.13,30343
275.91,75423
274.19,69897
274,42405
274.33,31097
274.4,26054
274.57,28634
273.82,31788
274.16,15494
274.22,21287
273.88,23551
273.66,51545
273.18,49973
274.03,52783
273.99,102419
275.39,96749
273.84,21591
274.67,25448
274.31,35373
275.23,20041
274.8,24753
274.78,13020
274.6,13075
275.13,15649
274.83,12306
274.82,13346
274.87,23079
274.13,53634
274.59,58188
274.02,47555
274.35,30553
274.14,28577
273.88,59125
275.79,36537
275.67,23554
275.99,24002
275.66,13299
275.44,15063
275.73,21252
275.81,23884
275.95,43880
274.9,163556
275.84,51111
273.88,31504
274.13,24044
274.46,19666
275.48,15522
275.39,9086
275.61,32092
275.81,17166
275.46,45359
276.12,46955
276,26250
275.93,57264
276.02,43321
276.73,32564
277.22,22629
277.41,52903
277.26,24409
277.17,16808
277.25,13232
277.04,16390
277.56,21634
277.57,19807
277.79,18695
277.91,24627
277.72,64776
277.69,55677
277.58,27803
277.59,13904
276.91,19185
277.28,13792
277.44,7290
277.31,10839
277.39,14439
277.11,13545
277.26,16214
277.15,23506
277.14,22405
277.6,83798
278.72,58186
278.29,24930
278.35,39487
277.78,20348
277.6,10784
277.43,19744
277.03,19970
276.97,15051
277.07,16350
277.13,22744
277.42,22393
277.4,13802
277.2,42444
277.74,47835
277.89,19154
276.93,28005
275.29,21300
274.83,9611
274.94,15910
275.23,11672
274.98,11046
274.69,16242
274.98,10177
275.1,12162
275.34,9654
275.09,88293
276.24,36998
276.54,21743
276.04,14584
275.36,16456
275.28,23196
275.51,13680
275.93,12456
275.91,21729
275.98,16767
275.73,14753
275.77,12161
275.92,22194
275.89,48787
275.72,33102
276.62,35753
277.41,30558
278.5,17517
278.08,13736
277.97,12947
277.83,9811
277.89,10888
278.38,13040
278.44,15537
278.57,24395
278.65,30622
278.61,46916
278.3,48871
279.71,56275
280.38,30092
280.54,26123
280.47,20569
279.95,16546
280.22,13704
280.45,13833
280.48,25206
280.66,33777
280.74,24607
280.88,25990
280.98,72574
281.8,124509
281.94,53849
279.39,37074
279.63,16936
279.89,12333
280.6,13264
281.24,14394
281.65,11042
281.55,32571
282.04,28892
281.99,28048
282.05,20518
282.64,59175
281.21,59415
280.76,26216
280.71,29396
281.64,21441
281.22,32844
280.04,21984
281.32,34820
280.95,28442
281.63,33847
281.5,24787
281.76,19958
282.04,27052
281.79,76397
281.22,53220
283.48,28860
283.21,32432
282.73,15129
282.58,17984
282.77,17376
282.98,13459
282.72,50177
282.68,9774
282.79,85913
283.19,55173
282.86,19962
282.44,109918
278.25,59757
280.23,44030
281.17,36571
282.23,30268
282.77,27248
283.78,129581
284.51,42639
286.01,44922
285.39,29358
285.55,29931
284.71,35417
285.67,40814
286.32,108457
288.82,219469
291.7,146262
293.8,98697
293.13,46338
292.56,88862
292.66,55395
293.66,79465
293.19,17971
293.4,30865
293.13,33687
293.16,48515
293.25,56381
293.64,105624
292.66,56367
293.02,35917
293.04,27297
293.18,20857
293,21151
293.06,15863
292.54,12403
293.05,26506
292.68,25733
293.21,46745
293.24,49354
293.8,32635
293.67,59948
294.15,47203
292.58,32527
292.79,19526
291.9,26529
291.29,40380
291.57,16663
291.2,23546
291.43,17055
291.47,29935
291.91,16396
291.93,18383
292.18,21476
292.12,99343
292.99,51866
291.01,28566
290.97,22286
291.19,13708
291.19,16496
290.49,15057
290.49,12391
290.55,17999
289.9,17878
290.03,35449
289.59,27731
290.34,26518
290.83,54123
290.18,46984
290.28,169419
289.25,203037
289.17,110971
289.4,70873
289.59,21291
289.85,24784
289.85,38932
289.82,17687
289.66,19931
289.48,67509
289.38,35382
289.06,58176
288.26,67326
286.64,85461
288.76,38451
288.7,24353
287.97,39696
288.87,12649
288.38,11157
288.54,12644
288.99,13637
288.63,36754
288.28,31754
288.28,31698
288.58,63959
290.18,40747
292.19,22319
292.73,23853
293.12,25043
292.45,15784
292.31,14428
291.73,12689
291.89,22654
292.32,16649
292.25,11730
292.5,21281
292.17,33064
292.47,79754
293.05,54343
291.75,30764
292.03,26019
292,29561
292.79,21951
292.72,12092
292.77,23345
292.57,63647
291.96,18181
292.15,23318
292.04,28926
292.19,41345
292,100373
291.76,56489
293.55,31109
293,24979
292.51,37507
292.73,14423
292.33,19266
292.03,29814
291.72,12053
292.12,13579
292.3,21166
292.01,29160
291.72,40703
291.58,92745
291.24,41252
291.79,48759
291.17,23475
290.81,24675
290.43,18035
290.13,19516
289.74,13169
289.88,15814
289.77,13487
289.61,30986
289.61,28652
290.13,29599
289.83,82191
290.44,35509
290.79,26833
290.57,28160
290.6,19127
291.28,17118
290.93,26620
290.86,12089
290.7,15527
291.11,6437
291.11,11298
290.78,11952
290.75,10665
290.69,51232
290.06,89255
288.44,57365
288.12,31480
289.33,34429
288.82,23953
289.43,21962
289.54,13225
289.48,12444
289.68,29040
289.37,13515
288.99,20768
289.17,27380
288.94,88673
288.9,57293
288.19,37862
288.18,38706
286.93,31651
287.8,28796
287.33,24352
288.27,13051
287.83,13419
288.1,11704
287.96,15038
288.04,9875
287.95,29796
287.98,67238
289.75,53020
290.41,20726
289.98,22880
289.18,29818
288.09,24049
288.36,42574
288.17,15484
287.93,34191
287.23,35773
286.68,39454
286.86,37637
287.28,30995
286.81,98263
287.82,57416
286.93,62905
286.39,57203
286.57,31435
286.24,31102
287.05,35832
288.08,25286
288.66,22115
288.42,18719
287.99,19677
287.5,14431
287.05,26185
286.18,96699
286.87,71978
286.23,44499
284.17,30504
284.81,24441
283.9,23019
283.74,23889
284.49,23207
285.29,31008
285.24,17367
285.16,37971
284.4,30288
284.65,45820
285.68,116139
288.87,85178
288.01,37227
288.97,27668
288.66,35797
289.26,31484
289.97,41950
290.21,30290
289.6,23456
289.35,22896
289.69,28601
289.05,39314
289.32,42348
288.96,96770
292.34,126732
292.09,40370
291.22,35309
292.41,30131
291.34,17183
291.44,28466
292.13,38395
293.25,20616
293.36,23259
293.03,18621
293.15,19081
293.33,29277
293.76,93113
292.79,47334
291.73,43468
290.75,23839
290.53,25425
290.62,10585
290.83,23297
291.07,5851
291.39,9948
291.55,20600
292.34,20922
292.38,13718
292.87,21368
293.29,116530
293.18,66426
291.33,50828
290.54,61803
290.07,38019
289.5,40364
289.49,28405
289.82,12348
289.8,16797
289.37,26671
289.14,36689
289.19,35249
289.42,33171
289.23,121621
285.38,121848
286.07,91368
284.86,57793
283.39,57030
284.39,53463
282.62,34514
282.38,28042
282.2,40073
282.34,25083
282.2,34741
280.64,41540
280.21,45023
280.49,121291
285.07,67688
285.75,35022
284.68,22599
283.86,27682
285.16,24050
285.52,15796
285.12,9100
284.98,13536
284.05,13897
284.32,37899
284.19,71638
285.39,71975
285.61,120714
286,65373
285.4,44612
288.4,57786
288.02,32408
287.7,20414
288.09,15547
287.93,11716
287.34,9906
287.16,19450
286.44,46025
288.11,43260
286.81,44949
288.64,66044
287.76,47205
288.48,30446
289.29,36057
289.68,17404
288.91,20129
289.27,22552
288.85,22963
288.74,21551
289.17,20725
289.24,12748
288.95,20811
289.44,24802
289.02,58656
287.43,35868
287.7,26621
286.97,20240
286.58,23318
286.39,19680
286.76,21282
287.49,13954
287.54,12174
287.74,23769
287.35,15300
287.32,13312
287.88,15456
288.25,69961
285.19,104814
283.48,50074
285.12,29410
284.55,31918
283.98,24032
282.94,18638
283.02,23373
282.56,20381
283.58,20066
283.46,29355
283.49,33814
283.03,28981
283.75,90028
278.89,140219
278.34,125355
276.17,105963
275.2,88985
274.38,78869
275.29,91071
275.69,50710
274.65,40258
275.31,30767
274.73,65637
275.87,129782
275.35,105444
274.54,183276
274.26,71927
275.77,59013
274.52,34796
274.82,21271
273.73,37387
273.79,48958
272.79,39976
273.65,28057
273.95,19751
274.39,33985
275.9,28072
275.91,32642
275.01,82265
275.31,106330
276.03,70667
277.23,53993
275.61,50230
275.87,78003
273.73,79300
272.14,53765
271.92,31559
272.36,27991
273.21,38199
273.99,37673
273.46,69874
273.51,140076
271.84,82949
273.38,78183
272.33,33954
274.6,42081
275.43,58376
275.9,48914
275.95,29846
275.68,35103
276.18,29532
276.64,51327
276.9,48323
277.96,26067
278.13,47440
276.67,84186
273.72,60865
272.83,61822
271.02,40911
272.11,32319
271.98,40142
271.11,40529
270.7,46846
270.77,30685
270.87,25329
271.84,23964
272.29,40335
271.79,92078
273.95,103855
275.41,42927
276.52,43273
277.43,34625
277.78,31834
278.65,23807
279.13,18937
279.28,20165
279.44,22724
279.68,19904
279.21,20953
279.29,25276
278.79,96821
275.23,110951
276.44,41301
278.47,72598
279.24,36808
278.42,19624
279.27,27264
278.25,17008
278.62,36662
280,36434
281.14,45421
281.73,36595
281.25,35172
281.56,77735
284.51,76059
284.64,36225
285.2,27670
285.68,30460
284.82,17396
285.53,14384
285.14,33471
285.71,33430
285.33,39504
284.81,23260
284.46,26274
284.17,28843
284.91,87090
285.43,55110
284.38,44518
285.63,37942
284.72,23896
284.72,17083
284.07,13993
283.95,14953
284.15,18845
283.3,18671
284.14,16200
284.77,14039
284.57,9905
284.43,63939
282.26,48212
285.47,23376
286.49,15135
286.33,17939
286.24,15372
285.91,16099
285.68,11653
285.84,15902
284.98,11853
285.06,9620
285.32,9768
285.34,17512
284.41,44532
284.43,49242
282.34,31944
283.21,33683
282.31,29775
283.02,37895
283.58,22977
283.73,22250
283.23,21485
283.23,22450
282.96,23733
283.61,23624
283.05,34290
282.91,64239
284.14,105006
284.97,38691
283.5,36300
283.44,21294
283.48,31726
283.8,16083
283.65,8317
283.37,17883
284.09,22793
284.12,32656
284.42,34965
285.03,40631
284.88,119488
288.29,131787
289.02,54055
289.47,28159
289.29,24783
289.68,20178
290.07,20352
290.69,35507
290.66,28048
290.56,16628
290.4,26753
290.97,29828
291.06,33875
291.15,106029
291.81,84726
290.44,57279
289.82,62063
290.17,41489
290.57,23645
290.19,50857
291.41,23858
292.11,20315
292.2,39876
293.19,32252
293.07,24570
293.06,26116
292.68,68337
292.22,130609
293.44,53648
292.92,32244
293.27,55403
293.33,34749
293.49,37164
294.23,40566
294.99,26977
296.07,20597
296.39,38137
295.71,41727
295.71,42771
295.78,83303
297.13,70789
296.89,34314
297.4,30958
297.69,14333
297.2,13391
296.7,10948
296.9,15748
297.02,13759
297.05,24500
297.28,15431
296.88,16525
296.53,28991
297.1,54008
297.98,87015
297.44,39371
297.25,28476
296.62,42978
296.13,41301
296,76525
295.95,28452
296.16,19554
295.18,24581
295.61,12121
295.88,22860
296.08,23559
296.16,83367
295.93,80525
296.81,60477
297.61,39775
297.79,61667
297.05,38248
297.65,34811
297.91,26017
298.14,21983
298.25,44065
298.17,34974
298.21,35256
298.33,52754
299.42,81227
299.1,69272
298.33,20313
298.94,28849
298.63,22526
297.66,24502
297.03,18737
297.57,18699
297.98,11361
298.15,20394
297.56,16901
298.34,17928
298.27,21591
297.87,60965
297.87,121942
296.27,30415
296.91,40011
296.71,34607
297.04,39515
296.91,29736
297.34,19874
297.8,14572
297.56,16998
297.27,23176
297.3,33328
297.51,23754
297.32,81658
299.71,129570
297.77,72949
298.71,63119
299.17,59375
300.79,64257
299.67,66717
299.05,47844
299.04,51740
298.39,43972
298.97,36268
298.68,53296
298.47,60006
298.65,160873
304.59,239701
308.05,115202
309.52,122603
311.54,57069
311.17,62814
310.72,54688
312.43,62275
312.37,46860
313.92,45666
313.73,37527
313.48,52162
313.01,79250
312.49,162085
312.44,93181
310.08,60277
310.15,78811
310.76,54376
311.97,33518
312.02,30331
311.79,23621
310.91,23969
311.47,21996
311.89,18050
312.07,33485
311.7,48214
311.64,162721
312.53,148091
313.61,72532
314.47,72311
315.95,54469
316.27,44586
315.55,42973
316.94,32086
317.2,54464
317.69,60768
318.04,69330
318.18,65001
317.97,51573
317.83,117108
319.38,107131
315.39,64128
315.4,81165
314.68,84888
315.75,42819
316.24,54877
316.65,33152
315.79,25256
315.67,22089
316.22,32927
316.32,28624
316.75,41900
316.69,144319
318.19,56273
320.05,39443
319.98,19496
320.24,39087
320.04,31229
320.76,25001
320.43,25877
320.5,25231
320.48,24215
320.56,183974
320.65,37128
320.99,75493
321.04,149155
321.79,134881
320.85,69778
318.85,29402
319.43,17360
319.11,16974
319.89,13365
319.59,17089
319.54,10487
320.07,14089
319.97,47238
320.99,34614
321.9,25481
322,64908
320.77,120336
321.4,36206
323.66,57101
322.8,44565
322.72,17773
323.18,22915
322.79,15147
323.27,14330
323.65,16522
323.9,14548
323.53,17288
323.48,34685
323.59,74692
326.32,81821
325.14,45211
325.01,38676
324.75,34173
323.98,53174
324.8,31884
324.24,26170
324.02,35527
322.32,38148
322.78,48255
323.32,31348
323.69,36540
323.94,113537
325.15,42200
323.61,43979
323.02,22712
323.12,17247
322.87,20110
322.71,20682
322.73,14150
323.03,14095
323.65,18840
324.13,12511
324.11,7381
325.07,27414
324.58,27796
324.6,52631
324.55,39182
324.5,23488
324.76,19705
324.34,22779
324.17,27346
323.83,18772
323.9,10426
322.94,19688
322.57,18927
323.12,16126
323.64,24162
323.71,45074
322.27,151840
320.81,34500
321.03,20051
321.11,18677
320.81,22463
320.37,13207
320.41,16490
320.69,30749
319,35533
318.39,27831
318.24,38371
318.72,40712
319.03,61848
319.15,56025
320.92,18331
320.7,23930
320.52,13071
321.04,15442
321.28,13677
321.06,16169
320.94,21202
321.21,11773
321.09,14683
321.02,17503
320.38,19788
320.41,33214
321.83,70776
322.22,23555
322.65,21438
323.1,65920
324.42,35164
324.51,29438
324.43,12593
324.2,19309
324.34,24778
324.48,18751
324.18,28657
324.05,30233
324.49,70101
325.01,64553
324.04,44832
322.77,35028
323.16,13495
322.99,17139
322.94,15826
322.11,13310
322.66,22315
322.99,16839
322.82,8263
322.58,9908
323.2,30493
323.43,47677
323.57,71568
324.79,34952
324.57,31042
325.49,43746
327.22,22293
326.83,40024
327.23,21161
327.89,18938
327.6,22996
327.97,24345
327.75,25640
327.44,50174
327.57,96339
327.42,69983
326.73,90240
327.82,39878
328.07,25338
328.97,23794
330.25,32593
328.75,20698
328.55,20104
328.32,12679
328.37,15427
328.08,24293
328.11,17530
328.1,59008
326.17,42659
328.18,35468
327.84,39599
327.6,17216
328.08,29908
329.63,23559
330.41,25386
329.06,18983
329.39,14265
329.21,20311
329.06,20612
329.18,23188
329.46,102117
330.91,83767
332.55,45372
330.92,30720
330.94,22064
331.93,24149
331.53,27193
331.62,29201
331.56,16348
331.42,27032
331.38,16581
331.08,22394
331.05,32439
331.4,76023
332.64,135918
335.02,75389
337.09,215393
335.66,146686
333.28,87237
331.62,79201
330.55,51212
330.38,25107
330.85,22090
330.69,25077
331,25027
331.38,22258
331.33,61659
325.05,104071
327.24,108652
322.6,49941
322.8,35750
324.17,31630
323.89,20088
323.72,18150
322.89,18470
323.09,17424
324.11,22569
323.88,20747
324.58,30643
324.73,94256
324.66,48413
323.42,40934
324.72,42304
323.8,31045
324.55,23075
324.34,22476
324.28,23800
324.68,17535
324.76,24438
324.62,23519
324.17,20403
324.87,26612
325.42,78704
322.86,99692
324.79,82642
323.93,58936
321.86,66709
319.41,50044
319.6,66719
320.52,114643
320.52,0
318.73,200
323.33,106041
325.55,62613
326.17,43514
325.67,30243
324.79,32221
326.25,46189
325.68,53307
326.04,21413
326.05,19190
325.87,14179
325.36,28987
325.79,31042
325.66,105580
323.83,95614
324.35,65527
325.59,79900
320.7,71823
319.8,65451
318.46,54436
318.81,46290
319.05,36392
319.14,42616
320.48,30463
320.78,54342
320.03,48584
319.33,132856
323.61,94559
324.2,95378
322.73,66771
324.04,57814
325.61,67289
325.6,46213
326.2,78883
324.31,92080
324.29,88602
324.04,92194
323.75,56083
323.15,104404
320.81,195352
318.86,92671
320.72,82949
318.82,68288
318.11,45877
318.98,43783
318.34,42736
320.09,58862
319.54,38412
318.89,32699
318.8,44311
318.72,42840
318.47,82550
318.52,135705
320.54,120449
316.12,106974
314.38,138395
310.89,129970
311.89,129834
308.89,58065
309.31,67712
308.97,61391
308.27,65086
307.7,64276
308.97,50456
308.93,89098
309.6,227347
312.7,109506
309.33,96220
311.18,50954
311.42,27488
310.79,39531
311.23,32688
312.25,26665
312.79,33253
313.78,38224
314.07,93037
314.24,42604
314.16,38036
314.66,133649
320.71,112985
321.03,107499
322.77,55285
323.81,65242
323.31,49574
323.21,30972
323.25,108082
323.86,72517
323.27,60142
323.6,61562
322.66,69941
322.26,82437
321.76,165110
323.75,99028
321.21,78555
320.93,58479
320.22,75390
320.6,37539
320.1,33142
319.69,24165
320.14,50643
320.55,40054
321.09,44444
321.21,29832
321.5,32268
321.31,120648
323.05,74212
323.1,34133
322.08,26576
322.21,19982
323.47,37643
322.81,23458
322.35,24699
323.21,21830
323.03,21302
322.73,22876
322.83,22926
322.33,39158
321.76,81880
323.24,88138
326.61,93206
330.66,59259
329.11,62231
327.67,28788
328.26,39167
327.36,42184
328.5,52753
329.07,51882
328.76,58128
329.12,47392
328.12,49156
329.17,150581
328.9,119146
329.72,53840
330.35,34849
329.74,51245
329.71,47230
329.18,38489
329.56,21384
329.59,49292
329.06,23211
329.53,35342
329.86,24323
330.33,35110
329.55,113120
321.28,118256
318.69,62104
318.3,94062
315.49,99852
315.23,68071
314.63,60973
313.67,61219
313.76,42532
314.67,26202
314.02,35890
315.09,31691
315.7,55468
317.02,145781
317.29,43982
317.75,38318
317.93,25747
318.24,42302
316.2,59810
314.61,36709
314.78,21908
314.49,42118
314.62,29678
313.56,62012
316.05,52051
317.63,79288
320.76,184622
324.11,120223
320.59,92269
320.84,42976
320.25,55928
317.48,47318
316.4,96799
314.88,73683
314.72,61858
315.54,43350
315.79,100467
313.69,141142
313.3,91048
314.07,160133
309.68,125525
310.02,106144
308.25,81986
311.32,59036
311.89,58000
309.76,18763
311.15,27579
310.34,30664
311.9,12467
311.83,16455
311.41,19606
312.74,33771
312.08,143022
308.87,78512
310.31,64590
308.07,58906
308.26,73294
307.28,49855
308.15,39831
308.35,28071
307.59,33520
307.45,48896
307.87,29706
307.81,44938
308.32,42003
308.55,79242
312.06,59738
311.09,30065
308.92,24957
310.14,33822
311.02,42385
312.13,36801
313.82,28801
314.54,28834
314.3,37101
314.66,36774
315.22,36107
316.2,30761
315.6,96373
316.82,103035
316.87,61987
317.75,58028
319.5,41708
319.2,22953
319.97,34247
319.6,26852
319.71,20288
319.32,22860
319.16,23667
319.12,34131
319.98,49536
320.31,172224
321.43,49465
323.32,37072
323.98,35187
324,25227
323.43,18365
323.59,13547
322.85,14496
323.28,20608
323.11,14203
323.04,15783
323.5,19344
323.77,31778
323.8,81213
324.04,49433
327.49,25713
328.46,23858
328.54,32276
328.36,16576
328.12,16850
328.86,14967
328.82,14491
329.03,19642
329.39,24461
329.46,26220
329.12,26575
329.7,65479
331.23,49645
331.09,17001
329.89,18396
330.49,16147
330,20171
330.86,14825
329.75,13294
329.63,15054
329.74,11338
329.51,13039
329.25,13753
329.64,17926
329.54,88027
329.74,80769
331.96,31174
330.09,37734
330.18,16190
329.43,17849
328.96,14924
328.2,13366
328.95,13732
328.9,9917
329.3,14882
329.33,20937
329.94,22261
330.22,49550
330.24,38608
329.45,14874
331.02,21735
329.66,12074
330.29,12659
329.75,8469
329.69,6766
329.58,12417
329.1,12537
328.97,12645
328.7,10997
329.26,13440
328.88,104417
326.89,46423
325.82,36010
325.9,18053
325.24,50289
324.9,27828
324.62,17153
324.71,12353
325.41,14107
326.15,11267
325.53,23003
325.55,21654
325.58,22952
326.04,86911
323.64,91084
318.53,74995
321.02,44192
320.68,36090
320.3,31874
320.2,27264
321.05,28528
320.7,28005
320.81,31855
322.04,38720
322.12,26121
322.09,32372
322.09,104194
322.94,92925
322.4,44560
322.31,66256
318.61,127810
316.98,112408
316.6,91273
316.42,76162
315.97,18365
316.18,32630
315.35,37416
315.28,22536
316.48,50985
318.28,125444
314.42,160455
311.62,66809
311.87,78066
311.65,37612
311.87,49378
310.57,21599
310.53,45971
309.42,43156
310.19,26506
309.89,73720
308.96,60925
307.94,89584
306.84,167116
302.23,231530
303.67,130640
306.51,84957
307.01,78894
304.8,63075
305.26,61692
305.03,56414
305.17,35173
304.05,35219
304.51,43270
303.95,57036
304.09,48876
304.18,125116
303.11,89614
304.51,46255
301.82,47990
300.18,40627
301.72,30774
302.74,29719
302.27,16859
302.92,18112
303.04,22804
303.03,18420
302.89,26847
304.19,35613
303.85,107380
298.8,166485
296.37,114672
295.35,50867
295.71,73590
297.91,45462
297.21,30710
295.44,40315
296.65,61480
299.33,63687
299.43,79374
301.23,57413
301.22,50889
300.92,180537
302.6,143173
301.3,79741
301.5,66247
300.97,56618
304.3,55032
305.36,44487
303.91,22167
303.93,22632
304.32,35101
304.01,33184
303.55,44692
304.29,71449
304.34,157942
308.6,159020
310.85,97951
311.26,138006
307.85,41851
307.62,21563
308.32,19683
308.26,18031
308.77,16779
307.78,26593
307.49,22152
308.07,33345
307.13,36420
306.73,89244
309.42,59472
307.79,51007
306.67,55192
303.38,100572
303.47,37642
302.69,61879
299.09,60967
298.78,48404
299.17,26338
299.55,53086
298.5,78371
297.04,133068
296.47,275571
293.71,178891
298.18,71824
296.37,80850
297.48,65758
296.29,42969
297.55,92679
297.97,97600
297.04,66045
296.8,56879
297.88,41158
297.09,62536
297.26,71605
299.06,141202
293.7,244339
296.43,102140
298.78,71701
296.06,44894
295.04,50687
295.78,25592
294.67,26926
294.15,45794
293.29,49722
293.71,20762
293.43,42013
293.76,52209
292.79,153674
295.7,197533
302.45,106798
299.73,91923
297.16,66120
296.67,52069
298.21,54736
300.36,48878
300.42,43045
299.33,36847
298.81,38595
297.15,36439
297.56,60675
296.1,182456
298.56,110703
300.04,75462
299.15,34352
299.45,29760
300.07,45212
299.96,28010
299.52,31434
298.89,43823
297.76,32176
297.15,41555
296.37,41774
295.45,69923
294.43,229151
291.97,166495
288.74,109997
288.76,114944
290.82,103569
293.29,66771
291.86,55890
291.28,30742
291.08,43960
289.44,47511
290.2,47757
289.11,69756
288.45,136808
286.95,325483
282.1,282140
280.35,170880
277.42,148369
276.3,129340
274.75,211660
272.12,248174
270.34,166688
274.87,206880
276.37,124770
279.83,147317
277.82,63294
279.48,130810
281.1,313233
281.47,217193
278.13,131442
280.37,95517
277.99,131299
277.48,116065
275.82,106037
277.88,127332
278.35,94152
279.72,123509
282.03,95303
283.3,88992
284.4,119830
280.98,338318
297.53,359373
290.84,215483
289.48,152306
289.72,106309
290.39,104544
289.92,75812
292.75,64715
292.67,91144
291.46,53632
291.4,187611
291.89,172823
288.35,286516
287.37,376353
292.32,223885
295.71,176078
293.31,94313
294.61,103729
294.17,56925
294.83,53905
291.94,53300
291.89,54201
289.22,57118
289.77,46415
288.63,39172
289.05,50528
289.17,157615
290,135789
284.97,101750
288.33,69375
291.69,63700
293.49,66263
294.57,55370
292.7,34032
292.12,45089
292.97,39008
293.49,52964
289.98,43437
292.6,62343
293.57,192386
298.19,140184
300.04,130220
299.32,77805
298,61305
296.99,79382
299.03,38343
297.67,34872
297.56,50315
296.91,44065
297.15,45098
298.31,46621
298.19,68446
297.55,196443
299.79,152544
296.56,90853
295.88,77421
296.42,52612
297.03,29898
297.72,26962
296.82,44439
296.08,26550
296.05,19832
295.55,37290
295.12,33349
295.35,38016
296.95,123369
298.57,102020
302.91,83923
301.62,47517
301.75,43912
299.7,47747
300.32,28380
300.16,38173
301.79,56858
300.46,46305
300.86,43879
301.31,50236
301.85,47338
302.44,132285
298.92,322477
298.25,68229
300.05,31241
298.66,79317
297.46,55470
297.06,67397
296.5,35008
295.73,43508
295.53,40526
294.85,86791
293.99,134840
293.3,111687
293.49,233402
289.83,93322
293.76,53732
293.3,41763
292.71,27782
294.6,29304
294.7,28161
295.29,32428
295.81,29756
296.56,26621
297.05,34427
296.21,30467
296.91,49458
297.19,96617
295.25,87275
294.95,30051
295.15,31773
294.67,38066
293.62,53390
292.65,41591
291.92,97713
291.62,72085
293.02,33634
293.03,25257
293.77,34519
293.22,44934
292.69,171292
290.82,86102
290.08,45053
290.78,33118
291.86,29899
293.74,17870
293.9,19949
293.97,15992
293.76,24422
293.56,18057
294.25,33224
293.09,31839
292.92,31614
293.49,85306
299.15,120519
298.68,43439
297.37,42366
297.97,31820
297.7,50481
297.11,18901
297.98,23335
298.05,31221
297.9,15379
297.91,28093
299.09,26013
298.63,42764
299.24,108657
293.05,146377
296.84,66599
295.8,99571
295.62,92090
294.71,108979
295.31,99290
296.13,147859
293.75,97670
292.14,108413
292.58,103849
291.98,44030
291.72,48267
291.49,202371
292.74,84212
291.13,64582
290.06,32258
289.76,33914
289.36,45087
289.84,30050
290.12,32675
289.08,40601
288.82,86580
285.73,80698
286.08,66801
286.07,93129
285.53,196676
283.22,101340
284.45,120130
283.17,58962
283.77,46312
286.04,57678
285.21,20720
285.75,27346
285.66,30569
285.19,74421
282.24,93482
283.1,44240
284.19,63975
284.21,94956
289.65,106018
289.25,60102
288.78,53675
289.45,35189
289.18,29593
289.16,51538
287.49,29994
287.63,24454
288.42,20339
288.73,27847
288.62,27051
289.17,44589
289.41,133805
288.53,68922
284.35,42726
284.83,46956
285.22,42785
285.84,26378
287.15,36087
286.73,43828
286.6,19461
286.94,22449
288.36,71280
289.48,50184
289.86,44686
290.67,93574
286.36,88379
285.35,63804
284.27,103569
284.77,57445
285.32,59400
285,47536
284.22,21355
284.41,24130
283.82,32143
283.98,27310
283.83,52412
282.87,54469
282.46,163435
283.72,78737
281.87,42181
280.27,47441
280.06,33047
280.39,38936
279.94,40833
279.78,36396
278.24,37577
277.46,42951
278.37,71331
279.96,104567
280.55,120764
278.71,164148
275.54,112880
279.94,88826
281.03,89383
278.85,45080
278.28,42082
277.56,63024
277.26,56543
277.33,40370
276.9,46288
276.42,75482
277.4,62652
279.12,54671
279.92,112948
280.83,92348
279.69,61095
278.51,144706
277.77,45753
277.28,61087
278.35,26544
278.68,19643
276.82,25401
275.72,37933
275.56,50552
273.76,114258
272.8,72664
272.88,160455
263.7,365131
268.88,135323
271.37,87724
273.34,101879
276.13,49469
275.62,73894
274.04,50877
273.92,56794
274.4,81297
276.91,33739
277.85,78948
280.34,95340
281.15,214492
285.27,130965
282.87,57318
285.98,46092
285.55,55099
286.17,40401
287.43,53713
287.39,54531
285.91,52205
286.23,48617
286.32,40405
286.54,57713
286.33,61751
287.19,110130
284.8,65394
286.82,78011
285.45,46708
287.26,28791
288.1,29817
288.09,34267
285.95,22359
285.52,24846
285.5,19844
285.85,36417
283.88,32250
284.84,36688
285.4,195264
286.73,113461
289.11,54793
289.44,32473
287.7,42171
287.5,40956
285.63,35949
286.13,31851
286.81,46711
284.91,22454
285.21,24287
285.58,39262
284.59,69748
284.15,152461
286.08,89454
286.71,46280
287.61,39224
286.68,66614
288.33,40918
288.44,33214
289.5,32736
289.52,29516
290.37,32492
289.93,32354
290.25,35198
290.87,62329
290.59,220495
293.02,58758
291.1,36096
288.49,30140
286.76,36653
287.63,38010
287.49,23873
286.22,39676
287.8,23260
288.26,35389
288.19,41608
288.05,70207
286.21,73522
286.04,106543
284.69,85269
282.62,51372
280.51,64328
280.1,93341
278.47,59114
279.54,52070
281.98,61026
281.42,61789
280.99,46657
279.77,43548
279.79,50937
278.52,95519
279.19,189466
279.32,146728
274.28,160719
271.03,143421
271.05,80395
273.26,66628
273.49,38594
272.54,41536
272.5,54776
273.38,37134
273.95,50075
273.68,55681
272.56,76207
272.15,169560
268.94,113642
266.26,91470
264.93,78520
266.1,94339
262.32,92510
264.19,92101
270.89,109446
273.81,73971
271.56,64550
267.96,38717
269.67,40246
269.68,62434
268.33,111387
274.19,126201
274.52,49549
275.67,56667
277.15,21804
275.55,46821
275.68,30258
277.04,29344
277.3,24915
277.5,26382
277.13,50634
278.37,49096
278.19,77276
279.42,194347
273.79,106284
274.92,50716
274.31,41506
272.73,57996
271.97,56796
272.43,36922
273.43,26729
273.09,23113
274.54,37673
275.25,33672
276.67,34360
276.79,35108
276.23,75662
279.11,75068
277.46,55241
276.6,41299
277.91,31591
276.11,21218
275.11,42338
274.51,26334
274.93,40661
276.34,22698
274.9,15723
275.96,27871
274.26,77841
273.06,204911
271.17,251775
273.79,136385
274.94,100944
275.17,123215
272.73,86979
272.84,68147
271.05,56037
270,49067
269.65,87751
269.74,61983
268.71,42172
269.3,76089
268.82,166236
271.47,117401
271.15,37946
271.46,55279
271.86,57712
274.1,80552
273.52,38445
275.86,66732
275.25,46277
273.95,95117
275.13,40545
273.69,51324
275.57,66202
276.74,168942
279.85,79286
281.3,44467
282.41,55407
282.1,57058
281.73,32144
281.42,42579
280.95,36736
279.76,34070
278.94,23413
278.5,87289
275.31,57715
279.42,69562
282,258671
283.61,64541
283.64,37098
283.12,47813
281.48,33264
281.46,54383
281.28,38058
282.02,25407
282.54,36951
283.82,28418
284.08,42886
282.73,27817
283.77,38521
284.09,92423
284.75,70716
285.56,48652
286.88,34605
285.94,24471
287.11,24630
286.81,26021
287.07,40474
287.95,26795
288.36,26960
288.5,25813
288.68,35100
289.13,55037
290.21,160612
289.19,64859
287.63,48430
286.34,82983
288.46,45217
289.74,60831
289.62,24435
288.8,35787
286.52,52714
285.91,31016
286.7,44443
287.85,40571
286.77,52749
287.77,91632
289.89,73224
290.22,28296
293.01,46667
293.58,34285
294.79,45457
293.84,51033
293.15,30158
293.18,39662
292.75,42725
293.5,17312
292.85,17564
293.29,46071
293.68,134266
290.73,106587
289.94,55348
291.91,40734
291.25,28761
291.95,31118
292.42,31083
293.08,25580
292.29,24611
290.82,18887
291.23,26979
291.16,33630
290.98,28837
290.93,98881
289.81,50929
289.58,26852
288.81,18327
289.6,30691
291.37,36098
291.32,48106
291.03,22822
290.83,45736
290.96,26035
291.1,31623
291.8,32919
292.01,46476
293.13,120222
295.33,53309
293,47844
293.94,42773
293.8,46871
290.24,59810
290.26,37923
291.52,21384
291.25,17842
291.6,42117
292.55,30242
292.64,27699
292.95,23045
291.48,75687
294.59,76035
300,103157
298.24,36977
299.36,32366
298.35,43788
295.8,20519
296.02,18428
296.9,16853
297.54,12911
297.58,21902
298.03,43123
299.56,42364
299.58,114576
303.74,91295
302.55,38680
300.51,24572
300.72,41571
301.86,24229
301.93,32491
301.7,19599
302.24,25736
301.93,42220
303.19,42551
303.37,63931
304.19,69758
305.11,154581
303.44,54113
302.81,39203
303.08,33965
302.34,24650
301.81,20326
303.41,28222
304.47,26971
305.38,26397
304.33,21477
303.95,23247
303.61,16422
303.41,30173
302.89,106045
303.87,73089
301.68,65411
301.81,53849
303.14,40752
301.97,37538
302.24,25615
301.3,15713
300.59,27757
301.56,22844
301.21,39859
300.89,19288
302.12,29466
301.12,173613
299.33,54041
296.93,61958
298.52,58821
298.6,21215
297.66,48450
295.78,12899
296.47,17482
296.09,14025
296.63,12299
296.9,21288
297.65,26407
297.52,28593
297.03,110793
300.22,79206
303.8,59243
302.88,18279
302.42,21427
303.08,37554
302.93,34094
303.58,19009
303.11,19815
303.15,27061
303.53,22848
303.62,19354
303.78,23974
303.87,96299
303.15,68206
302.76,43352
302.39,55110
302.77,36256
302.17,23207
301.78,30087
300.48,18700
301.55,17023
302.18,14591
301.41,11753
301.9,14436
301.78,70898
300.6,135817
295.16,97814
292.91,101557
291.74,96502
291.74,131980
290.75,44615
289.96,53252
288.45,45703
288.23,76633
288.52,60990
289.31,88880
288.19,48080
292.07,70257
289.14,180651
286.76,81451
291.67,41866
292,76650
292.04,35876
290.77,35984
289.36,35322
289.91,29358
289.6,32153
290.72,27772
291.28,32264
290.63,26238
292.49,36147
292.87,112500
290.44,55894
287.24,20489
288.82,22652
290.34,17326
289.85,20469
290.75,24763
291.16,23197
290.74,19789
289.93,30439
289.04,28298
287.83,29928
288.41,38650
288.43,106229
282.01,106928
278.34,67386
276.8,62004
277.3,62489
276.68,47816
276.67,22234
276.41,28372
277.67,37073
277.62,34824
277.64,44904
277.27,41221
277.76,46794
276.52,149300
279.8,133999
280.78,62228
278.91,69682
277.06,33479
278.09,43927
277.05,60125
275.81,37150
275.86,35384
275.93,42931
274.54,95613
271.71,68872
273.1,81076
271.75,144652
273.24,86699
273.53,34116
274.79,27688
274.43,32479
276.25,17730
276.39,24234
276.76,26321
276.73,26784
277.21,17421
276.56,21793
277,26194
277.88,46691
278.57,92481
278.49,52569
275.78,67847
274.43,70282
274.29,21964
275.08,18418
273.71,22603
273.01,32998
272.95,18326
273.15,18497
274.05,20520
273.63,24754
272.06,65835
271.52,150524
269.98,121656
270.73,55009
272.84,27937
271.77,23702
270.87,17941
270.82,29125
269.85,20300
269.8,19974
270.23,30946
271.76,28102
271.64,24291
271.45,30852
270.65,90948
270.43,72318
273.19,50264
274.09,37445
274.63,36718
275.15,17842
275.02,12569
274.29,26633
274.53,22244
273.91,24892
274.33,23936
274.36,15648
275,36698
275.98,129676
280.1,66364
276.94,63202
278.66,30466
278.71,28491
277.18,28978
277.87,44058
276.45,21049
277.11,14545
277.64,11021
278.25,24130
277.56,21288
276.71,30294
277.71,105515
279.14,72172
282.21,53610
281.98,70553
279.45,72294
279.65,90644
276.84,68463
277.36,59890
277.07,47250
276.92,66195
275.62,74805
274.05,67834
273.54,76650
273.06,134640
272.46,74470
271.3,32570
270.51,46994
270.82,41741
270.17,31098
268.19,23768
268.63,28893
268.17,34422
268.16,46269
266.76,62215
267.06,29558
266.67,40728
267.3,122694
264.18,116839
263.71,123297
268.12,50114
266.55,62036
265.85,34286
265.11,24094
266.7,27942
266.84,48953
268.69,32301
267.02,47252
268.99,69966
269.09,52519
270.09,205129
268.18,196561
266.07,105613
265.68,94836
264.16,119167
263.95,93906
263.49,49436
266,37096
265.64,75492
263.97,74758
264.27,145898
264.42,127153
265.19,159365
262.46,259545
273.03,442120
275.78,175967
272.83,162489
276.3,135856
279.18,128987
276.71,213641
280.37,245349
279.54,127910
279.34,69831
279.78,77415
278.12,101839
276.39,94712
275.09,272816
275.9,84311
273.55,71376
274.28,58515
273.76,51767
275.08,32447
274.62,19263
276.76,31608
278.7,37995
279.7,44591
279.78,33697
279.94,64103
281.04,53163
280.73,160651
279.18,116047
278.13,60575
275.75,94400
275.21,39050
275.67,35238
274.77,30010
274.58,26054
273.96,15346
274.51,14739
273.25,25326
272.44,37568
271.99,53114
270.85,197270
268.85,91500
270.83,113122
271.92,124706
270.92,54562
269.41,112147
271.63,159204
272.07,104233
271.14,31126
270.88,27829
270.12,26053
269.04,36736
269.15,87387
273.61,173968
274.59,74485
274.14,48409
272.78,39927
271.99,34766
273.44,19355
273.3,21530
272.44,21521
272.58,56627
273.37,46027
273.24,29857
271.36,44103
273.28,23520
272.94,75831
273.46,69262
271.66,70132
270.26,57522
269.09,38939
268.18,27469
270.21,22644
272.22,26353
273,27005
272.82,34308
274.22,52181
272.9,101046
276.35,65755
278.66,189989
276,115168
273.12,188108
269.11,128042
268.49,80337
267.85,55688
267.06,81174
268.5,50562
267.95,81056
267.5,38369
267.15,35759
266.6,38310
267.37,59425
265.74,260993
265.86,105939
262.97,88224
265.1,88929
268.68,54603
269.63,39819
266.81,35507
267.86,27642
268.82,31006
267.66,47364
265.24,33416
265.1,82406
264.63,104455
263.7,198827
261.3,160246
259.3,100290
257.29,57224
257.23,59509
257.1,52028
258.33,38218
259.45,40411
258.12,49712
258.52,38169
257.05,35172
256.62,51975
258.15,67857
256.32,193699
262.88,145241
262.98,65856
262.25,75902
258.75,94726
258.04,58248
259.32,45364
259.2,38197
258.84,47473
261.05,75900
264.55,44123
262.75,35183
262.99,41850
261.47,117530
257.2,95447
260.55,88841
258.61,48167
256.96,65290
257.3,33774
256.76,32397
255.68,47293
254.65,55305
254.64,41952
253.11,46377
253.9,51229
252.93,43825
252.6,212923
248.87,176869
246.19,93190
248.88,107479
249.89,98504
250.71,48367
246.33,57252
246.63,34569
246.21,85383
244.69,71221
242.44,71250
242.6,55353
242.54,59873
244.31,219702
248.95,109657
251.03,112490
252.83,49257
252.25,58541
252.78,50844
252.78,36091
253.4,87630
253.02,33909
252.02,74026
250.72,73645
250.17,64816
251.69,45548
253.04,152549
251.3,93379
248.23,59034
250.02,64402
248.85,31367
250.11,26666
251.93,29489
251.71,28833
251.66,81482
253.88,99428
255.47,91988
256.49,56799
255.44,45765
253.7,157796
257.69,112874
257.2,77416
255.69,45392
254.47,34294
256.18,34795
256.43,32705
256.55,25819
256.35,23787
256.29,26585
256.05,56871
254.84,58272
257.27,53105
257.82,134007
254.88,66997
253.27,56665
252.65,33121
252.28,58573
249.65,63787
249.08,42324
249.22,31327
249.99,32505
248.61,39176
247.43,59766
247.65,42817
246.41,56535
246.33,163198
245.86,215476
246.7,133585
246.43,71366
248.06,43233
247.69,66126
248.57,36472
248.53,68614
246.12,55292
245.24,52366
246.66,58255
246.17,60972
247.78,87716
245.52,145150
249.15,75042
249.64,46296
248.55,34557
245.8,59389
245.26,55015
244.68,63856
243.18,76625
241.94,23853
241.14,28713
242.44,29656
240.93,48773
240.77,59777
241.39,143093
247.9,80705
248.92,49598
249.94,36854
249.67,36149
251.32,55356
252.22,31654
253.03,33531
252.03,41198
251.54,24675
252.32,22864
252.3,29842
251.93,27932
251.58,117280
249.95,227302
248.64,187848
247.09,91181
247.28,40707
248.2,49134
249.56,56741
250.22,32195
250.07,35449
249.43,36698
250.73,28117
250.44,68726
249.83,68998
251.55,215513
250.46,103830
251.36,87735
252.35,76656
251.76,55380
251.42,69274
251.66,41196
251.14,42121
251.77,29933
251.66,22787
252.14,156606
254.81,139080
255.74,54313
255.41,81018
254.31,100300
256.69,56862
257.01,52717
257.09,38172
256.66,25515
256.91,30624
257.89,24434
257.99,21622
258,18308
258.49,27380
258.25,35538
258.03,49775
257.22,120888
260.51,64755
262.61,43013
263.6,37098
262.95,37475
263.38,28909
263.93,35092
263.42,24851
263.33,42972
263.16,39648
262.65,21637
262.58,36113
262.78,33599
263.89,134357
264.3,109396
262.49,65767
262.28,53062
263.02,44686
262.28,52129
264.74,52874
264.5,57572
264.96,39301
263.64,43450
264.88,42470
264.9,53423
263.23,63139
265.37,222976
266.93,93423
269.08,72207
264.24,40715
265.18,57241
263.55,18929
262.89,29760
262.68,23043
262.59,29817
262.53,24200
263.36,46115
265.46,33012
265.27,37840
265.38,146116
256.36,279070
258.04,85383
257.08,43391
258.01,71448
259.65,76148
259.98,62402
261.4,99764
262.47,101838
263.05,54795
264.08,68122
264.49,73502
264.06,71252
264.65,241482
261.63,173296
263.97,84945
263.7,30781
262.52,56414
260.65,58443
261.25,38928
261.56,18233
262.48,32255
261.63,22275
261.43,17591
262.49,27996
261.98,61588
261.04,113318
263.79,66430
264.98,46415
265.02,30324
265.49,46129
262.33,34213
262.05,30802
260.36,20219
261.39,19238
260.65,24161
261.99,26059
260.55,28018
260.44,35134
259.57,77742
258.25,52081
260.29,31513
261.38,30833
262.77,36941
262.25,43079
262.57,37161
261.48,35418
262.47,54842
262.78,48627
262.53,35783
263.62,25450
263.41,30150
263.87,95778
263.55,36157
263.9,51070
263.8,25636
263.04,21467
264.09,63896
263.76,46290
263.58,40113
262.87,19732
262.44,41869
262.46,40865
261.76,37572
262.5,29547
262.88,79192
259.53,96954
263.86,88748
264.06,49031
263.05,82209
262.65,40108
263.02,35561
263.1,30608
263.25,28745
262.4,39553
262.6,38736
261.84,42618
260.14,69515
258.79,153308
252.67,110743
248.29,109536
246.69,150541
246.31,189767
247.14,43486
247.51,35125
247.03,29052
246.77,30663
246.93,46631
247.16,28740
247.39,34685
248.21,66443
248.07,152812
237.58,141430
239.89,181169
240.46,128005
238.33,93508
238.23,111174
238.12,52914
238.66,61814
237.95,89589
237.23,38656
238.34,34975
236.91,60228
236.19,97756
234.5,222984
236.31,97790
236.17,46335
234.81,29939
235.99,46208
235.25,43924
236.72,26822
236.17,25608
236.85,78642
237.26,33724
236.27,26592
236.61,34773
235.62,45338
236.27,172272
240.74,92978
241.95,57595
241.52,24477
241.28,27567
241.28,40135
241.61,38787
242.59,21570
241.33,20954
242.42,28786
241.27,56664
241.08,106550
243.52,114243
246.31,195915
238.53,81723
239.12,55937
237.98,65078
236.79,55814
237.86,30225
237.91,30863
237.5,53205
237.79,62897
238.18,52720
236.17,61538
236.3,49034
236.1,66221
237.34,255642
237.3,113438
240.3,123896
238.68,123833
237.7,106233
240.3,121317
239.21,78527
240.03,43889
241.03,65320
242.34,50752
242.15,47849
242.34,39867
241.84,51302
242.19,117296
242.71,206168
245.44,91667
246.6,93201
246.63,68141
246.13,42082
245.67,32867
245.28,26843
246.02,35498
245.83,33270
245.51,67487
245.45,41466
246.23,55544
246.3,166336
243.71,94291
246.3,65944
248.51,95387
249.25,66248
248.54,50846
246.37,44790
246.5,34682
247.21,26597
247.5,32237
247.33,58117
247.56,45219
247.84,68806
246.46,125684
247.8,113674
248.49,65728
248.36,116052
250.52,71257
249.77,46163
248.66,58640
248.54,42198
247.59,42820
248.48,40931
249.2,49278
249.79,62453
250.1,89359
250.16,162387
253.83,194287
256.19,116317
257.64,85947
256.84,73116
256.13,96288
256.28,39735
256.04,35651
256.2,29955
256,31993
255.93,29121
256.45,31003
257,58893
257.32,267542
260.02,81582
257.49,54049
257.31,41464
259.05,38689
258.07,31078
258.04,36942
256.7,37726
257.58,31386
257.03,43423
256.52,36269
256.87,32203
256.68,49841
256.36,117308
255.87,118904
255.31,72069
254.36,64064
254.29,43487
252.35,59865
251.39,46452
250.71,52089
251.2,37741
251.17,27587
250.99,34638
249.73,33960
249.66,52708
249.27,155708
249.2,86090
252.77,63729
252.69,52377
252.91,33655
253.03,49376
252.62,26815
250.93,26241
251.78,33578
251.77,21909
252.61,44685
253.6,26551
252.05,37086
252.84,101164
249.28,111048
246.95,101234
246.59,76665
248.93,79477
250.1,61994
250.58,43180
251.08,50360
250.82,45252
250.21,29972
251.03,55128
250.31,42905
249.09,85747
249.4,229604
248.37,95994
250.13,96264
247.97,51839
248.21,70129
248.55,73044
248.18,43762
249.09,39078
248.26,29076
249.1,44256
249.78,44973
250.08,42972
250.88,77838
251.14,121303
248.4,79419
248.29,48278
248.85,32647
249.34,18657
248.62,49794
249.62,52239
250.51,31298
249.76,32907
251.85,36600
251.78,22940
252.44,74767
254.17,61909
254.52,111253
255.73,164558
256.87,76102
256.49,56276
256.86,44693
255.65,40202
256.19,28535
256.38,26537
256.57,33537
256.94,18459
257.04,61984
258.14,58387
259.22,76876
259.4,150406
257.13,61786
259.65,58319
260.73,32515
259.96,32688
259.23,30548
259.84,19571
259.6,45109
259.54,20535
259.4,15410
259.88,30488
260.14,42406
259.7,54113
260.17,98201
256.81,56574
255.81,62416
257.22,59595
257.72,42126
259.12,29797
259.86,16748
258.18,19000
257.24,21511
258.29,28757
258.54,19383
259.45,23408
259.62,33410
259.15,107865
257.49,43803
254.5,21008
255.87,35946
256.03,26302
256.82,28434
256.76,21557
256.82,17189
256.81,13791
257.91,13312
258,21991
257.25,21233
256.62,42943
256.55,92481
257.75,145401
250.85,166752
248.48,73923
249.51,95091
250.04,68772
249.22,42738
249.33,27631
249.95,39600
249.38,50905
248.81,77790
247.45,81045
246.99,112554
245.71,357294
241.94,141490
242.41,95987
241.55,98241
242.92,42525
242.96,30232
243.11,42838
243.77,28433
245.11,53004
244.69,32590
244.49,48225
244,42979
245.3,52639
245.03,195551
242.62,70194
240.24,65324
238.85,44848
241.71,33938
242.87,42546
243.95,30523
242.95,19209
242.84,23091
244.63,33801
245.22,39466
246.56,35941
246.8,39923
247.21,100295
248.09,100539
250.34,113154
252.24,40202
251.02,53958
250.44,57227
249.4,36809
248.86,31835
248.41,38241
248.19,31691
248.07,25184
247.54,25764
247.74,49932
247.78,203226
251.78,204719
252.03,131130
251.2,69170
250.54,116243
249.61,62246
250.83,38254
250.77,23749
250.81,27252
250.52,43136
248.05,42421
248.22,28139
247.52,29540
247.05,82729
249.82,141101
247.77,71713
248.15,55843
249.32,45797
249.66,22078
249.76,20269
249.8,24456
250.11,20659
249.88,26843
250.96,36082
250.65,41948
250.81,47801
250.86,265502
252.16,64776
252.2,50430
253.49,45880
255.11,40519
255.09,51899
255.75,41032
256.11,61710
254.92,36833
253.62,28056
253.14,22443
254.77,20481
254.14,46054
254.71,144378
251.97,112091
252.35,64912
250.22,48714
251.16,62554
252.97,39090
253.41,31230
255.7,29871
256.24,25466
255.89,34888
255.84,37534
255.82,40941
255.68,45694
256.07,108744
257.15,101936
255.28,56716
255.08,45281
254.64,41679
252.98,34692
252.95,46547
252.49,20815
252.43,26400
251.68,27595
252.07,24333
251.55,36493
252.01,31084
252.95,173753
253.07,71176
250.22,51465
249.81,39910
251.02,34690
251.12,24530
251.37,13959
250.67,16341
251.22,15191
251.32,23029
250.4,26643
249.99,28555
249.63,42453
249.45,166694
251.89,170043
247.77,72194
246.09,65767
245.94,65716
244.79,107580
243.38,102504
242.89,88315
242.71,67866
243.49,45712
242.56,68952
242.41,59610
242.68,120460
243.18,220672
253.15,393064
255.6,123413
255.47,91336
255.23,83578
255.58,60171
256.32,63096
256.89,52815
255.81,50247
256.09,46335
256.56,82983
257.29,166986
259.87,154169
261.25,372281
261.59,139374
261.39,80927
262.58,76549
264.96,105902
266.7,58113
265.95,50309
266.11,41219
265.78,52432
267.48,57704
268.36,51707
268.43,83443
268.79,110351
268.94,191714
269.27,172745
270.81,102665
272.25,101433
271.08,55665
268.98,49815
270.82,29502
270.74,31326
271.25,28889
270.71,18697
271.42,28982
271.84,32750
272.15,49840
272.84,194378
269.36,84105
269.93,52825
269.61,43744
272.65,25076
272.14,12724
271.91,24489
270.7,15319
270.05,11957
268.59,26971
268.73,14435
268.84,11762
269.77,22389
269.39,100584
267.18,53354
265.54,49371
265.3,49293
266.76,17344
266.63,22443
266.59,30851
268.8,42841
268.82,26586
266.88,36416
265.71,32531
266.36,32574
266.75,25494
266.69,97465
268.52,48967
270.22,41719
270.93,25757
270.36,36593
271.73,43732
272.5,38970
272.92,36012
273.78,42034
274.43,24783
274.47,18151
274.2,33749
274.05,72176
273.89,140284
273.28,57077
274.16,33481
272.6,28404
273.24,18328
272.6,19893
274.19,18587
274.65,17559
273.02,11204
274.15,11452
274.04,14171
274.2,20607
274.56,25830
274.59,66387
270.43,59641
272.96,39391
274.25,22864
273.34,27049
270.97,28950
271.66,19296
272.36,19792
272.94,19500
273.61,11146
273.34,10020
272.85,11517
273.21,33378
273.1,75966
275.49,59545
276.6,36552
275.75,18202
274.98,23001
274.23,42072
273.94,19533
272.23,16008
272.66,8984
271.88,16124
272.2,29736
271.34,18680
271.51,21776
271.52,57718
270.86,61300
269.65,53544
271.51,40024
272.11,31235
272.81,17446
272.49,20150
271.41,27835
271.77,24758
272.73,53454
273.51,38123
272.85,39465
273.77,39327
274.13,110688
280.2,76244
279.49,56127
279.08,36667
279.74,55525
280,75301
279.89,42718
279.36,27777
279.35,17712
279.66,29728
279.71,38609
279.63,32314
279.42,48314
279.7,255897
282.21,102267
280.25,53354
280.28,46410
279.65,63248
279.37,42218
279.81,16256
279.99,17925
279.8,13919
279.92,11143
279.43,18564
278.61,40997
278.42,39611
278.55,109307
279.85,49541
278.91,20883
279.57,14733
279.79,35966
280.59,45136
280.08,32133
280.53,12226
280.3,22876
280.85,22445
281.11,21003
281.49,47276
281.85,77041
281.99,134622
282.19,54321
283.3,23448
281.77,20547
281.67,34152
282.78,21080
283.76,12624
283.72,16782
283.88,21427
284.06,18559
284.28,17005
284.47,33144
284.97,41009
284.81,77225
282.87,84027
283.59,51952
282.43,57383
282.16,39155
283.24,25219
284.31,28046
283.52,11362
283.47,13631
283.85,21123
284.34,22181
284.4,22007
283.06,9277
283.85,79001
281.52,86152
283.84,45405
283.38,22374
282.33,22015
283.02,15341
282.32,13207
282.95,19352
283.25,21379
283.65,16363
283.38,90138
284.47,26746
283.86,30705
283.45,105939
282.06,48102
281.61,59577
281.73,20765
282.21,16556
282.98,14545
282.92,19751
282.24,7024
282.55,22815
282.79,22840
282.59,24754
282.64,25471
282.77,34189
283.49,106460
280.34,57328
278.34,24332
279.11,28807
278.18,40319
278.25,23630
278.32,18346
278.28,33597
278.57,16115
277.98,23057
278.22,25397
278.14,18592
277.96,26989
278.28,84528
274.09,53604
271.98,60209
271.02,42280
270.37,25688
270.24,24373
271.19,20377
270.95,15422
271.11,16638
270.56,14765
270.4,17411
270.36,23318
269.85,24283
269.91,92377
268.68,53371
269.48,46807
269.56,43828
268.42,40420
268.52,24644
268.81,29165
267.74,20822
268.74,30632
269.29,21041
268.93,14878
269.4,12002
269.26,18783
269.15,73810
267.86,66655
268.13,33112
268.19,29211
267.84,26910
268.93,28582
269.13,18634
268.33,10851
268.2,7720
267.69,7518
268.03,14654
268.18,21128
268.33,21789
268.69,115608
269.58,69261
268.99,36307
269.4,24987
269.05,24992
267.69,23538
267.93,21130
268.03,6295
267.95,16238
268.31,20233
268.95,15893
269.05,10778
268.71,18915
269.33,109154
271.18,35391
271.47,76923
267.89,44636
266.21,28809
264.77,18729
264.43,16445
263.96,18583
264.95,18801
265.02,16770
264.04,21483
263.43,19360
262.82,42987
262.19,94511
258.12,39695
257.68,34978
258.6,19785
256.81,44421
256.7,31612
257.67,19984
257.8,24822
258.58,17610
258.22,20056
258.13,17090
257.67,23490
257.88,42052
258.37,180860
259.16,113053
257.78,98813
256.2,43369
254.7,37869
255.36,27770
255.24,34772
255.23,27161
254.78,16038
253.99,35129
254.46,43381
253.96,25256
254.55,43308
255.48,80069
257.4,97498
258.31,74663
256.35,34964
256.29,25017
255.53,19876
257.3,10925
256.77,14039
256.21,23603
255.58,17824
255.45,14438
255.5,15399
255.01,24199
255.66,119804
251.58,72115
252.23,50083
251.08,43903
248.47,37020
248.78,55799
248.52,27848
249.21,34059
248.56,25995
250.18,16713
249.25,32049
250.7,23840
250.76,28655
251.11,114804
254.25,41861
254.41,20124
256,38857
255.9,20777
256.26,16199
255.85,21905
253.88,30068
252.01,24364
250.31,28672
248.81,24315
249.33,16666
249.16,32791
248.88,94528
248.99,73137
248.11,51489
247.12,45958
248.95,26134
248.3,21138
248.9,20740
246.76,23376
247.09,23399
245.37,34158
245.72,20721
246.65,15197
245.97,15175
246.41,114626
247.58,61482
247.68,55297
247.33,50017
247.01,39482
247.94,20190
248,16563
247.84,27828
248.86,30093
248.21,18813
249.72,24559
250.72,31876
250.99,33384
251.2,126264
249.78,51963
250.61,43350
250.46,23105
252.32,18130
252.6,20531
251.62,34520
248.34,14894
248.99,22165
250.11,16936
249.55,11434
249.67,20905
249.42,14541
249.68,85520
253.04,64084
254.89,35706
256.43,38141
257.37,28746
256.73,25180
256.32,24734
255.51,28526
256.33,14347
256.8,27592
256.78,37728
257.07,41815
256.91,46967
256.96,111092
257.92,45267
259.4,27347
259.55,25584
259.2,27231
259.49,22517
258.12,14187
258.27,16074
258.63,14366
259.31,14758
259.28,16983
258.65,9576
258.96,38617
258.56,80526
251.24,56250
250.08,40721
249.95,49758
248.47,47246
247.52,65322
247.92,39989
247.92,32189
248.61,44536
249.42,36166
248.61,25192
247.78,21335
247.08,39334
246.21,173404
246.24,96066
246.32,50578
244.05,39511
246.22,27995
245.24,15257
244.85,22698
244.94,25813
245.41,22529
244.87,40116
243.78,20812
244.11,26385
243.69,36355
243.4,152618
242.99,79454
243.43,62649
240.32,52730
238.67,73406
239.93,27862
238.85,32683
238.65,40598
239.59,38313
240.65,20941
240.01,35733
239.38,34522
238.64,39619
237.3,132995
237.31,125197
236.02,35486
236.48,58344
235.77,32947
236.23,30486
237.18,35276
235.61,21551
236.33,18162
235.67,27689
235.58,27621
236.65,42720
236.82,46994
237.32,100127
235.34,46703
236.5,12492
236.34,16666
236.79,36191
235.93,35740
235.01,30611
234.6,63096
235.69,17043
235.8,26188
235.3,17097
235.64,23135
236.27,83852
237.95,88138
235.09,49122
235.63,35294
234.95,71332
235.99,27285
235.64,30656
236.52,17289
235.36,29993
235.08,23719
234.18,40891
233.07,38312
233.76,40029
234.65,38656
235.36,171337
237.29,38573
237.85,23622
237.74,18660
237.02,12499
236.99,14376
237.52,17732
238.18,8937
238.06,8644
238.19,17018
238.76,98124
234.85,110282
239.43,42863
234.53,143762
230.89,131429
233.4,106790
233.23,70872
232.76,71744
233.01,49048
234.28,37123
233.9,21904
233.46,28378
233.49,30797
234.57,19727
233.4,34364
234.93,54492
235.95,150793
232.08,100381
231.98,25779
232.55,36224
233.16,30849
232.64,26993
231.48,23839
230.99,15822
231.56,17974
230.9,23942
230.93,32422
229.51,23693
228.7,44649
230.18,116354
230.68,67915
233.75,37294
234.26,44611
233.78,28930
232.12,38496
232.74,23506
231.35,17612
232.29,19811
231.06,16923
230.23,22192
231.03,22787
231.9,27509
231.49,105890
233.09,66733
233.31,39476
232.46,21521
232.9,16510
230.65,31219
230.01,56027
228.52,19586
228.82,17670
228.98,27957
228.5,25737
228.5,41467
229.62,37097
229.08,130922
230.03,138830
228.54,84853
231.6,69169
232.09,62539
231.77,38698
233.05,35842
233,32818
233.2,27715
233.77,29607
233.22,28411
233.69,31902
233.62,70223
234.51,240132
231.99,93992
229.34,89754
228.37,66321
228.69,36561
229.13,34286
230.1,50940
228.96,38078
228.56,39066
228.84,38340
228.37,53657
228.53,41814
228.26,59807
229.22,198072
231.37,116166
232.17,87672
231.76,25905
232.23,51316
233.18,37874
230.84,33643
230.41,20601
230.25,21269
229.94,39331
228.96,32391
229.08,53238
228.14,52742
229.12,277729
228.95,71127
228.39,79679
230.5,33099
230.72,32029
231.23,25995
230.6,27516
230.47,23995
231.11,25450
232.22,20088
232.71,32849
234.21,58085
234.47,37402
234.5,137009
238.05,148099
242.17,86739
242.33,57218
242.62,56772
242.12,43145
241.58,29712
241.99,31528
240.93,25070
240.4,26703
241.15,32018
240.47,32838
241.83,33942
240.95,145949
238.91,65411
238.79,39379
237.46,28644
237.42,35560
238.32,30072
238.73,32241
239.98,26699
240.66,28399
241.21,24463
240.68,45632
241.98,27850
242.52,50271
242.75,138614
241.09,66743
241.34,89758
239.89,151060
242.28,49978
242.43,32868
241.46,14299
241.3,21900
241.35,20768
241.39,28326
241.22,28062
240.7,30140
240.31,30661
240.81,106471
234.22,285281
230.57,107966
229.56,75742
229.31,44100
229.68,59746
229.34,88009
228.53,77179
228.15,33797
228.05,38010
227.75,50982
227.46,34253
228.21,64289
227.12,193289
226.52,107109
224.49,59405
224.28,73072
222.55,38095
222.97,30411
222.7,61541
221.46,14932
220.94,39468
221.32,63496
223.47,43837
223.26,32464
223.32,16337
223.19,99009
221.21,99971
219.04,77004
219.38,65135
219.43,54840
221.12,58769
221.66,32342
222.08,24953
221.86,20163
221.17,33419
221.81,38604
221.26,47147
218.52,76131
218.68,143282
218.94,101770
219.96,37769
219.11,28547
217.99,47610
218.94,45215
219.58,34480
218.64,20749
219.25,46463
220.11,29587
220.48,77074
221.15,36670
219.74,31842
219.83,114130
213.46,171243
216.75,157427
217.91,76389
218.74,213231
223.62,140946
226.38,62560
225.52,41660
226.5,61688
228.12,83583
228.21,86985
227.07,48072
228.93,67178
228.35,193258
229.01,186991
227.31,93224
225.2,46856
224.92,37429
225.37,25434
223.63,31447
223.68,29281
223.35,23975
223.6,26296
223.97,27683
222.9,26468
223.53,45179
223.37,200737
229.17,176522
230.47,34665
230.23,30972
229.28,43697
230.01,43669
230.36,20095
229.81,35639
229.32,38936
229.81,39299
230.75,59474
230.96,25745
230.68,37811
230.53,206650
236.81,119134
233.17,65823
233.05,40496
232.69,85269
229.84,86834
230.5,64427
231.05,29713
231.53,24656
231.48,28367
232.27,33154
231.89,31035
230.65,25274
231.35,109868
230.23,156639
230.42,128425
232.59,37142
231.02,30770
230.18,34877
230.64,21063
229.9,25572
228.93,30994
228.57,17737
228.29,14671
229.31,36207
228.16,36462
228.79,94420
229.38,71847
232.15,30587
234.37,26009
233.61,30600
232.53,23921
232.86,28820
230.82,25589
231.14,21599
229.97,25504
229.24,19480
228.65,51805
229.26,27832
229.35,81359
228.2,101671
231.32,48477
230.36,33249
229.42,23781
229.87,35641
232.21,26254
231.37,17061
232.39,45052
233.14,32661
234.21,49250
234.25,25825
234.29,49360
235.52,147647
237.04,151490
237.71,105154
235.44,56897
237.33,45970
237.4,46880
238.8,50538
239.22,25242
239.09,36411
238.12,32918
238.29,41893
239.24,75936
240.18,93277
240.27,182391
240.57,207602
242.42,56746
241.75,59086
241.52,83518
242.56,56820
242.71,40306
242.81,43890
241.84,74928
241.95,42711
242,54999
242.83,52263
242.5,70245
243.27,221574
224.63,760805
224.6,536012
227.06,368495
228.67,133715
230.24,148794
229.81,147527
229.55,103165
228.27,153724
226.84,127764
228.42,94477
227.72,129439
226.79,128935
226.07,413578
224.52,197070
220.8,169776
223.7,81939
221.48,72219
221.31,44820
220.83,54350
219.43,37684
220.21,42556
220.32,57678
220.26,50120
220.33,77092
219.92,83042
220.81,193216
219.88,145269
222.78,146538
225.28,143946
227.12,84193
226.13,55766
225.89,61794
226.86,41081
226.41,36352
226.91,49240
227.28,63426
228.28,94561
229.03,77435
229.56,218500
227.23,107056
225.58,60262
225.01,39533
225.38,45725
226.72,50694
226.75,35789
226.86,33051
226.23,47220
226.94,43126
226.87,36965
226.62,33890
226.62,57805
226.01,176059
228.24,191646
224.13,152218
223.11,67745
222.28,113475
223.52,61137
222.91,80054
221.84,54079
222.02,31502
221.44,53383
221.81,33734
222.24,44475
222.21,91626
221.97,240920
222.71,92430
220.06,90707
219.99,64908
220.11,66646
218.56,63794
218.68,55664
218.21,49167
219.13,22232
219.15,61575
220.29,139261
224.06,172478
218.54,117187
215.58,290241
213.86,225727
210.5,91645
212.39,114261
211.72,79077
210.45,84469
210.04,81067
211.12,86320
212.05,80558
210.68,51529
210.47,63371
210.57,72858
210.5,135280
209.72,378124
211.38,242019
210.34,132768
212.4,125722
212.41,76478
209.95,90335
209.59,107178
212.13,61369
211.32,42425
210.61,27510
210.87,33540
211.82,73213
212.6,83596
213.25,217390
215.59,83169
217.65,75821
218.59,48809
220.03,42574
219.12,41238
217.07,27836
217.13,26608
218.04,38323
219.24,40266
219.94,46080
221.13,50907
221.41,67930
221.38,165295
222.34,164071
223.04,52558
223.08,37867
222.88,97800
223.96,82572
224.49,60332
224.33,44942
224.25,52889
222.12,39903
220.82,71149
219.76,35774
221.22,44197
222.99,90415
220.89,49661
220.76,46087
220.71,57051
219.72,26629
220.31,16844
220.81,32370
220.08,23311
220.19,25943
219.59,24961
218.85,38757
219.33,68910
218.21,47227
218.6,156663
229.17,222446
233.2,108929
231.69,79592
231.96,103523
231.95,82980
233.07,62491
233.12,51958
232.27,49793
232.77,47966
232.83,60991
232.56,52278
232.79,132420
233.88,393525
236.16,108937
236.69,52311
238.76,32948
238.82,72161
235.98,38434
237.54,33385
239.07,29287
239.56,50981
240.29,54160
240.59,48273
239.78,49614
240.26,54169
239.79,176486
235.23,151456
234.81,77350
235.39,48460
234.87,40660
234.73,98854
235.56,60518
235.57,72492
235.71,87714
236.46,52645
236.62,56664
236.85,35164
236.38,47952
236.16,240247
239.16,288995
238.39,75362
238.1,54809
237.58,37235
237.9,66052
238.35,43004
237.49,17535
237.8,47473
235.34,79710
234.53,80574
235.63,40741
235.68,39527
235.95,219049
236.49,97587
236.58,50966
234.68,26885
234.6,24489
235.42,28282
236.11,20667
236.17,18107
236.68,16773
237.02,25509
235.78,31941
236.11,46259
236.58,41461
236.11,148470
232.16,133846
233.66,69885
234.71,44788
234.08,47524
234.59,51655
236.48,38287
235.86,54052
236.43,36390
236.63,32082
236.34,86248
235.73,36751
235.66,31535
234.28,112738
237.26,106792
235.59,47392
234.67,30389
233.76,43753
234.09,17945
233.89,25186
233.53,16969
233.33,14050
234.11,13750
233.34,20864
233.25,30858
233.35,41195
234.53,131069
235.26,97551
237.12,42616
235.59,50684
235.72,50669
236.22,30523
236.16,27461
235.72,21740
235.36,39968
236.32,25121
236.48,23667
236.44,15939
236.11,18294
236.01,66636
237.43,252959
235.24,158161
235.79,34663
236.91,33368
236.55,16449
236.32,19993
236.62,17650
236.64,18377
237.46,25606
237.97,23220
237.67,25889
237.81,34754
238.11,99161
238.85,51212
240.51,25701
240.72,31823
241.09,28677
240.79,24260
239.39,24029
239.72,15118
239.06,10539
240.08,21445
240.67,21435
241.51,18993
241.3,19967
241.41,88525
240.98,43342
241.48,24382
241.44,11856
241.63,20437
241.04,22734
241.26,13389
241.44,39920
241.44,0
239.85,94895
238.61,43104
236.82,40725
236.92,52067
236.72,21781
236.8,14771
236.62,30738
235.83,31512
236.18,21304
235.38,20542
234.8,36182
235.32,47252
234.71,121841
235.42,39754
234.49,36870
234.98,25232
234.48,37716
232.38,26216
233.53,17900
233.45,16056
233.97,16213
232.95,16821
234.06,14092
233.82,15775
233.91,17293
233.94,85926
234.12,87832
237.53,65399
235.73,45152
234.91,21438
235.27,30479
235.98,18755
235.66,10647
235.74,18114
235.67,106207
240.24,106699
243.22,68807
244.06,80438
245.36,459748
247.78,106898
248.44,87480
244.69,50473
247.49,25250
246.58,21866
246.73,27737
247.37,25923
247.88,30442
247.45,29192
247.94,29448
248.63,55195
249.2,45383
248.79,126901
243.5,65669
244.27,49740
245.27,35869
245.18,32809
245.79,33429
246.37,31019
246.86,22256
246.47,20079
246.76,15294
246.87,23555
247.09,29308
247.89,42987
248.37,73468
245.48,49578
245.64,28050
245.03,20625
246.28,18812
245.32,31920
244.44,43867
244.26,47901
242.75,33993
243.17,27086
242.38,27642
242.11,31929
242.43,56963
242.78,164338
244.34,65554
241.73,27523
241.03,25911
240.8,39882
240.39,23237
240.2,28305
239.83,38755
239.04,27110
238.56,25523
239.03,17227
238.2,28451
238.45,33046
238.09,135684
238.44,42911
236.49,41295
238.32,31535
239.54,34265
237.22,20878
237.84,21225
237.91,19963
238.73,16718
239.27,10064
238.44,22567
238.5,22285
238,49476
238.1,75725
238.75,59699
239.75,47479
240.32,37228
240.6,17784
240.6,17114
240.87,15753
240.56,13649
241.25,12722
241.75,39176
241.76,29814
239.85,17516
240.49,30069
241.51,83938
238.75,38953
239.57,36318
239.22,33723
241.5,33733
240.79,19946
241.04,15655
240.98,18442
241.01,17478
240.55,10295
240.61,16984
240.6,8706
240.61,87038
240.9,148644
241.27,107088
244.77,44323
244.36,42718
243.38,29397
243.84,32886
243.95,23229
243.41,21253
243.83,58200
243.9,23907
244.01,27492
243.73,21412
244.67,42144
244.86,94864
255.83,140290
255.6,88440
252.87,38883
253.31,59073
253.31,57633
251.34,52734
247.58,41213
248.12,28786
249.22,20086
249.1,25865
249.35,26005
249.21,50947
249.29,144224
250.55,57617
253.93,61995
253.96,28665
254.06,53823
254.96,49235
255.11,45851
254.41,51233
254.13,40871
254.41,41082
253.68,81509
251.19,66450
250.04,108746
249.86,173482
246.85,59981
244.85,43497
244.17,50488
243.75,46494
242.87,27931
242.35,38571
242.51,21245
242.09,27442
241.4,24645
241.77,26484
241.94,25865
243.3,42426
243.62,134821
241.98,114630
242.19,53235
239.71,42140
239.21,39044
237.92,40871
237.57,38677
238.2,34665
237.71,52036
237.52,21298
237.93,43742
238.16,23518
238.98,42544
240.25,312434
238.76,73654
235.48,97601
236.43,41520
234.95,49855
234.24,38041
234.66,33911
234.46,23320
234.54,25475
234.12,27991
233.33,35191
232.88,26749
233.28,34533
233.24,103284
233.43,81365
234.51,45397
235.41,25836
234.87,40069
233.65,21746
235.03,17877
235.53,11770
235.76,20270
236.04,26260
235.93,16104
235.87,23386
235.53,18732
236.02,70715
235.46,80489
235.93,50587
237.02,36167
238.14,32526
237.94,13591
237.47,10346
238.07,9739
238.82,11607
238.33,7694
238.63,16898
239.01,9382
238.52,23878
238.14,98563
234.95,27979
233.27,30249
230.29,47543
230.12,31371
230.02,30869
230.03,19377
229.3,10917
229.34,23119
228.29,32817
229.09,23718
230.06,20563
230.88,41392
231.64,123894
230.31,63069
228.61,28635
231.23,17756
230.86,12524
231.31,18023
231.93,13875
232.19,10849
231.93,5869
231.89,7429
231.38,13578
231.59,12936
232.15,16780
231.85,52770
232.57,40700
230.55,34699
231.7,18624
231.42,13345
231.75,15030
231.48,11767
231.62,11607
231.23,14636
231.07,16519
230.54,14680
230.33,14992
230.56,16784
231.26,52360
230.89,45352
232.47,41300
231.97,28235
230.89,36394
230.48,29701
229.7,24264
229.86,28209
230.75,34183
230.78,19164
230.17,22173
229.72,20822
229.66,32974
229.12,114763
229.72,34891
231.98,25580
232.87,32130
233.81,17278
233.66,28560
234.69,32131
234.81,18898
234.44,18621
234.37,14800
235.02,20118
234.86,17539
234.76,34880
235.11,125804
231.91,23954
231.85,27425
231.6,22934
231.87,22487
231.68,16265
232.61,10744
233.05,12855
232.91,15978
232.06,11387
231.58,16278
231.5,14930
231.62,27920
232.06,91056
236.83,68292
235.1,45883
233.56,40029
233.56,47582
232.25,26821
232.1,35366
232.1,24133
232.01,23303
232.31,18913
232.57,19545
232.54,23222
233.23,28393
233.39,76748
226.47,269201
223.03,246943
221.29,103329
221.8,133636
222.52,149886
223.09,110094
223.19,70212
222,50398
223.01,49636
222.8,97417
220.24,69697
222.3,64714
221.75,213300
221.34,182251
219.36,122415
219.34,69226
218.4,77808
218.18,62090
217.4,35174
217.38,44427
216.53,97696
217.25,32640
217.92,32931
217.65,48748
218.52,79786
217.2,146356
217.36,146304
214.79,111123
215.75,94584
217.15,71016
216.61,55184
217.28,43822
217.09,47222
216.7,82288
217.26,34279
218.31,75037
219.86,48126
219.66,57657
219.32,177650
220.89,77860
223.3,38094
223.15,43829
223.62,52335
224.63,53650
224.44,60373
224.91,46633
224.86,29305
224.6,25170
223.28,32202
223.63,30010
222.07,45951
221.66,95755
221.92,95081
224.02,40852
223.15,36847
222.84,22225
222.86,34160
222.04,15917
222.25,33272
222.44,48341
222.71,36255
222.96,13342
222.62,25872
222.2,23848
222.23,53510
225.5,69600
226.11,44562
227.64,63342
226.62,26098
227.4,28053
227.93,35808
227.8,37953
227.83,21927
227.94,19198
228.04,21915
227.8,49591
228.42,54688
228.27,179349
229.5,65542
228.72,137724
232.01,111111
231.09,73785
232.08,58787
232.65,39984
233.07,23576
233.15,75547
232.36,25361
233.54,19378
232.54,31532
232.11,24101
231.99,97485
231.08,82691
230.37,61582
230.72,41711
230.56,61456
229.88,45644
229.55,25142
229.98,17210
230.37,23544
230.63,33365
231.55,26087
232,44624
232.13,35206
232.47,121311
231.88,116784
233.7,38472
234.11,33739
233.23,26370
232.67,18501
233.24,24257
233.08,10337
233.37,22961
233.33,49697
234.52,41743
234.02,23371
233.73,31478
233.97,125822
235.55,186326
234.99,70799
234.25,146421
232.16,71427
231.11,59790
231.26,47649
231,66282
231.18,21494
230.7,55361
231.09,64726
231.72,30986
231.01,28018
230.41,154285
228.13,127644
226.85,65833
226.81,52885
225.22,106318
225.13,37510
225.17,43722
225.18,37523
225.82,66685
226.4,44421
227.32,40223
227.78,39101
227.92,32907
227.77,127775
228.72,175468
229.67,46177
230.49,32411
230,46556
232.13,62013
232.44,46066
232.31,25532
232.29,16950
231.93,22268
233.38,41302
233.06,60457
233.48,84854
234.04,211958
234.8,205634
235.46,118727
236.02,111952
236.42,66767
237.81,87617
238.29,87585
238.03,62324
237.88,64984
237.92,68681
237.54,55943
237.1,55389
236.31,86576
236.41,263462
236.43,211731
235.77,175401
236.83,108745
236.72,51400
236.24,62722
235.84,70297
235.85,57579
235.61,68012
235.67,57671
236.17,83312
236.32,71130
236.27,73036
235.45,228290
228.28,489489
225.32,261038
228.33,109861
228.59,161119
230.94,160517
234.28,114936
232.33,44367
233.21,35791
234.99,84527
234.23,82600
235.66,59754
235.22,90387
234.3,125613
237.62,152514
236.84,56831
238.58,69974
236.35,50093
237.55,58985
238.31,47518
238.86,18329
238.11,27696
237.96,24713
238.47,47375
239.62,43598
239.85,55624
240.67,186756
242.51,87453
241.54,56447
242.56,29882
241.15,46168
241.78,23463
242.03,34874
241.85,23430
242.25,36661
241.66,39843
242.13,33795
242.08,28692
242.27,41741
243.13,117090
238.06,85735
238.46,44359
237.05,79751
236.75,38343
237.66,25798
237.38,23862
237.43,20492
236.6,25211
237.03,22569
236.73,15614
236.41,25747
236.47,25849
236.13,154021
237.4,53605
238.36,27110
239.05,30813
238.44,23757
239.77,19185
239.47,18420
239.47,14732
239.91,28746
239.62,18443
240.44,17640
240.43,61519
240.36,46871
239.87,167731
241.55,56102
240.56,30439
239.89,85905
239.77,13545
240.52,22101
240.87,14808
240.74,21550
240.61,12278
240.69,20466
239.81,31710
241.37,123623
245.76,62404
246.71,164608
252.38,108622
251.57,105509
252.45,60425
253.52,60084
254.47,100588
254.77,70706
254.15,47627
254.96,49178
255.39,93119
257.61,68478
255.95,68037
254.75,80450
255.54,222489
252.87,103412
254.54,75578
255.75,55398
255.1,36477
256.66,35284
254.68,22453
255.71,20665
253.75,54943
252.55,35850
252.02,24206
251.48,57913
250.95,34986
251.68,154413
250.36,59019
250.14,31420
248.71,26570
250.51,33424
251.47,21017
250.53,17951
250.29,27869
250.16,19255
249.26,13401
249.73,31710
250.45,32644
250.55,21847
249.65,81075
253.72,140929
254.16,112189
255.36,141500
255.85,75999
256.69,74481
257.38,51512
256.27,90645
260.78,76131
256.46,40189
255.79,42205
258.26,57249
259.85,72690
261.03,204956
266.33,348813
265.72,148255
265.21,66406
263.32,98522
261.17,65171
262.78,54665
262.98,35540
262.82,48110
262.39,25341
262.03,50523
261.31,30869
260.62,49563
259.48,211453
266.93,311964
264.55,80915
263.25,71493
263.89,35392
262.02,54459
261.9,40872
261.81,48530
260.86,52382
260.04,64863
258.9,43936
258.73,42585
258.59,45933
256.78,160387
254.94,73969
255.47,85474
256.15,60413
255.54,33090
255.74,21585
254.69,45413
254.54,20396
255.04,21429
255.55,20135
255.07,23347
254.67,108865
255.18,38260
255.04,97809
260.74,145344
265.58,113215
265.11,132643
264.91,66958
266.6,104308
266.69,56876
265.81,72215
265.38,39729
265.46,30867
265.14,41479
264.33,57922
264.18,61997
264.16,131154
265.69,165563
264.76,177498
265.67,89959
263.8,55425
263.51,78738
263.69,42134
263.75,25854
263.9,52102
265.25,60965
265.74,45366
266.1,31167
266.06,43020
265.58,130191
262.12,86169
262.98,73113
261.51,73523
260.48,34573
261.8,37303
260.58,33038
261.24,28325
261.43,29519
261.99,42820
262.26,69653
262.42,50926
261.55,36040
261.97,142318
257.96,104876
258.15,53797
259.6,49148
259.63,78184
259.06,60755
258.7,42838
259.16,28943
259.85,29379
258.86,36155
259.34,56021
259.18,75777
258.97,80297
256.4,195993
253.39,130256
251.21,69196
251.68,44142
250.93,59576
250.99,55299
251.23,57585
251.03,43621
250.43,24824
250.49,45729
250.8,56566
251.44,50407
251.81,30301
251.22,96266
248.28,67834
248.18,49996
247.59,27195
247.52,53912
246.38,56755
246.01,51734
246.07,25895
246.57,18732
246.69,23755
246.87,33198
246.79,33450
246.78,22360
246.27,104598
248.2,98649
247.48,44189
246.08,38380
247.06,20111
246.44,26425
246.57,9833
246.95,16921
247,17727
247.48,15685
247.21,25204
246.55,27301
245.47,37994
245.02,55229
249.64,118326
250.44,70976
249.39,47703
247.1,37524
246.58,47445
245.48,26840
245.83,25847
245.78,40489
245.41,28746
246.09,31626
247.67,23807
248.08,30428
249.53,91317
243.99,48048
243.71,28449
243.48,33141
242.78,20100
243.36,15318
243.77,12238
243.65,9323
242.9,16727
242.84,12455
243.06,10704
243.24,12530
243.73,21995
243.31,133704
246.87,53648
246,41230
245.92,27395
244.9,43859
244.27,20648
244.61,21118
244.31,12379
244.91,14848
244.91,10793
244.81,12974
244.46,16369
244.03,37815
244.21,81337
243.08,44399
244.09,18465
243.83,13027
244.08,18777
244.31,5397
243.89,11327
244.49,10543
245.15,10652
245.51,17475
245.24,26548
244.49,28459
243.94,23397
243.51,93069
245.06,95510
244,47135
241.91,29725
242.58,54767
241.65,31139
242.6,22395
242.17,17162
242.02,9001
241.66,18246
241.41,21226
240.74,28511
240.77,47351
240.58,112230
240.85,114850
240.96,57149
241.88,33027
241.94,23392
241.23,19509
241.74,21397
241.56,10154
241.55,20212
241.43,25702
243.67,35938
244.92,22421
244.24,37146
244.84,125555
246.37,65088
248.48,64910
249.08,26879
248.21,22522
247.94,22264
248.04,25802
248.04,14628
249.05,18389
249.15,14674
249.02,15241
249.51,34485
248.92,27479
248.8,70469
250.43,49550
251.52,42211
252.71,51360
253.33,27930
253.48,32466
253.38,12425
252.55,13618
252.46,14342
252.35,8442
251.92,7376
252.11,21001
251.7,21853
251.1,63652
250.27,47826
250.38,56789
248.86,38671
248.78,14334
248.75,27101
248.75,12076
249.76,14772
249.52,20240
249.06,16805
248.47,17669
248.27,13712
247.59,43644
247.68,69115
248.16,49275
246.2,42749
246.31,22358
246.62,23238
246.57,23014
247.89,11869
246.49,8208
246.93,23656
246.16,17844
246.2,19610
247.16,30208
246.8,28122
246.44,41126
249.9,86721
252.15,59548
252.6,45919
252.53,23214
251.86,17668
252.28,24175
251.91,21738
250.66,15660
249.2,18750
248.19,24036
247.87,24053
247.77,32986
245.92,110760
245.19,71779
243.05,50062
243.89,36856
246.29,64115
246.33,28546
245,25558
244.74,17895
244.14,18403
243.28,42676
242.13,24042
242.35,19520
243.72,20388
243.11,90108
241.77,129882
244.6,43088
245.33,75064
248.02,55818
250,37815
250.12,30181
249.93,21570
249.38,18101
249.12,19408
250.06,31936
250.97,28441
250.73,55453
249.25,148805
250.89,136346
250.88,64974
252.05,37332
251.98,60477
253.81,40976
254,42713
253.83,34612
253.69,34831
252.89,35060
252.72,46503
252.98,22433
252.96,49557
252.24,190403
253.74,135849
256.13,111334
256.36,112622
258.64,42087
257.78,72020
258.09,36124
255.91,101180
255.85,65505
257.88,33764
257.63,34058
259.09,36550
259.93,45047
259.28,180535
258.81,126381
258.43,59394
257.82,115504
260.41,137265
264.01,255117
266.77,187442
269,108705
268.77,68601
268.15,102505
269.12,84065
268.71,48051
269.07,131202
269.86,238564
271.95,227634
275.03,178342
275.72,82314
273.98,81236
271.19,50014
271.07,32986
271.34,27890
272.18,37575
273.45,45212
274.18,51668
271.78,43059
271.7,63129
272.58,194328
270.65,187822
265.39,174005
265.76,147341
264.31,81483
267.17,72434
264.81,60316
264.81,39254
264.55,35961
264.8,50406
265.06,54523
264.77,39390
264.55,53029
264.39,152914
268.43,95084
267.57,102337
264.13,82864
264.57,54106
264.39,72429
263.99,40481
265.45,28304
265.55,40208
265.25,46413
264.77,52624
265.38,52030
265.81,71586
266.75,173511
267.12,80524
266.8,91690
270.58,80541
269.71,55932
269.83,59389
271.35,65410
269.47,21649
270.46,73855
270.69,27608
270.95,68124
272.58,96031
270.71,53876
271.34,134729
271.48,90281
270.97,32284
271.47,50964
273.64,37561
273.59,29728
273.8,37980
274.05,17334
273.54,50439
272.95,16737
272.4,48186
270.4,32549
271.27,46186
270.32,101302
270.88,59258
271.35,40820
271.66,20387
272.44,27215
270.87,38042
272.87,48379
271.42,22366
271.78,23063
272.05,19626
271.77,30010
271.8,22868
272.66,24726
273.57,112499
274.08,93313
273.87,38174
273.19,36670
271.82,65087
271.56,33387
269.56,23717
270.41,12518
269.97,14908
269.86,19856
270.07,24703
270.19,19753
270.52,34649
270.55,123175
269.54,80303
267.21,45946
267.28,37495
265.87,28831
267.2,37734
267.46,22868
266.89,21610
267.12,16706
266.95,59987
265.91,22526
266.71,27221
267.32,29669
267.72,74550
272.75,46939
273.39,31545
273.3,19198
272.5,19189
273,28210
273.22,48426
273.26,13708
272.89,15134
273.49,10952
272.75,9423
272.94,24083
273.26,28971
274.16,103456
277.66,71691
276.96,58018
276.95,48723
276.14,32916
276.05,11340
276.65,37782
276.31,34352
275.55,30070
275.14,23208
275.65,40438
276.49,48287
276.75,26509
277.07,48192
277.04,73963
277.24,61419
276.79,41195
277.27,45482
277.64,29118
278.62,22910
279.13,27130
280,15277
279.78,14014
279.92,20760
279.97,17199
280.55,36815
282,136188
279.55,77194
280.43,28953
281.35,38316
279.17,49372
279.15,42668
278.59,23491
278.04,35896
277.82,21921
277.62,19132
278.3,16124
278.27,17051
279.6,33639
280.15,92669
280.53,64210
282.4,76122
282.44,33826
282.41,27655
281.68,41743
282.41,13182
281.82,13901
281.4,44037
281.48,14222
281.16,28205
280.17,38474
279.53,47162
279.15,60950
279.14,57555
279.28,33275
278.26,42146
277.08,27862
277.15,14695
277.52,16310
276.62,9891
276.85,11431
276.96,10283
277.34,15530
277.2,18580
277.52,28925
277.28,65807
276.27,30879
276.99,24767
277.34,15813
276.84,15841
278.48,30982
279.83,40019
281.45,31020
281.29,34043
282.19,60437
283.73,84274
283.65,41825
283.96,59091
284.79,225632
282.36,60290
278.61,34130
279.29,28492
279.7,15578
280.6,6906
280.31,14620
280.2,15695
281.64,6953
282.04,4581
281.61,12042
282.04,20948
282.88,14304
282.05,45050
278.98,130509
277.39,67615
276.56,54584
276.18,38348
276.07,32176
276.38,25425
276.59,44335
277.18,30396
276.75,22459
277.06,27801
277.21,17065
277.56,30187
276.84,115729
278.05,78565
276.93,34137
279.21,39065
276.91,31238
277.84,15342
278.51,14514
278.81,11255
279.23,13272
280.17,11664
279.99,22966
278.4,20186
278.12,35401
276.99,96662
276.98,60003
279.18,33194
281.15,36003
281.06,30180
281.06,11170
280.85,25415
281.09,24720
281.26,21545
281.47,30801
281.86,38717
281.96,32329
282.1,53101
282.56,190939
280.28,77043
281.04,47707
279.54,35368
279.7,25323
279.79,32864
279.62,36847
278.69,40980
277.5,29320
277.7,38988
278.37,24137
279.18,26543
279.14,30257
279.05,120182
283.36,83159
281.99,30526
281.13,11478
280.95,9587
280.75,9751
280.2,8109
280.16,7854
280.5,5196
280.35,7168
279.89,8356
280.36,6950
280.93,15273
281.3,57129
284.81,56803
283.11,36995
280.77,25737
281.09,12631
281.25,9321
280.78,24773
281.23,8839
281.09,9345
281.15,14261
281.19,13722
281.58,10046
281.16,17853
281.44,50770
279.27,82959
278.67,50766
279.17,17575
280.28,16765
280.82,12912
281.27,20599
281.92,10154
281.79,11931
281.84,14790
281.87,15298
281.62,16598
282.01,24128
281.7,51377
278.6,88384
280.34,51441
280.55,15537
280.15,7405
280.43,35940
280.64,20857
281,9434
281.77,14814
282.09,10644
281.54,29835
280.16,37028
279.82,50750
278.6,63890
278.44,106710
276.65,86588
278.24,68017
277.77,30908
278.11,26442
279.02,22820
278.76,15463
278.51,12134
278.52,21222
279.16,21396
279.32,26966
279,34061
279.2,59142
275.8,116810
277.46,54333
277.32,33487
277.13,48474
275.31,139777
272.94,72469
273.55,44161
273.99,54189
274.01,19201
274.54,89206
274.89,56240
274.97,42235
275.03,81260
272.8,86942
274.3,72614
272.8,50631
273.27,41845
272.89,55893
271.8,68253
271.61,56325
271.43,73243
271.81,58331
271.47,91880
270.56,117861
270.41,154499
269.91,292682
289.71,539869
287.91,244995
288.49,122529
289.21,96131
290.17,91160
291.83,67285
292.16,31255
290.08,39780
290.33,47877
289.25,44625
289,39124
288.5,58424
288.89,195590
289.24,225012
293.48,67543
294.65,66233
295.71,95793
296.1,63611
295.72,46984
295.84,28091
295.64,50330
296.23,48569
296.27,34271
296.59,48551
297.01,65338
297.77,161446
296.94,120448
299.73,123504
301.61,115687
298.47,37185
298.02,39614
298.67,22557
297.7,31388
297.92,19474
298.6,17190
298.38,26707
298.57,19779
298.76,18561
298.75,109260
299.45,45997
300.42,22290
299.29,27534
300.16,85891
299.19,26067
299.89,19628
300.07,19186
300.76,20776
300.52,13243
300.07,12006
299.43,17784
299.27,13378
298.7,34414
300.44,63610
300.94,71429
299.07,31414
298.26,37348
297.93,13332
297.03,18994
297.7,16939
298.01,24287
298.97,17672
299.12,13071
298.65,9030
298.7,21484
298.39,43113
299.53,58072
298.45,52826
297.32,52951
298.57,28602
299.19,9743
299.79,19834
299.16,23554
299.77,19515
300.09,9892
299.78,32414
300.52,46516
300.16,55805
297.48,114507
299.37,58337
296.98,46846
296.7,48599
298.3,58429
298.9,26650
298.53,13916
299.44,5799
299.72,18208
300.54,14453
299.87,13822
298.99,15329
299.05,14817
299.12,47724
298.49,278463
300.07,40159
301.1,20695
301.71,26043
302.21,23854
301.88,17505
301.72,9440
302.3,23206
302.81,23959
302.77,20337
303.8,26161
304.37,36864
304.57,132411
302.93,71481
301.32,30544
300.92,41608
300.39,17818
300.36,16376
300.33,17752
299.71,11122
300.27,7246
300.43,11386
300.36,21555
300.78,22009
301.64,25498
301.35,83639
301.02,68068
302.14,46199
301.45,32055
301.07,28139
300.73,23251
300.14,12076
299.76,15565
300.73,6337
301.07,7888
300.96,11675
301,22463
299.8,26792
299.81,60494
301.78,79030
302.96,55611
303.23,37834
302.74,21538
303.6,34747
303.89,14852
303.32,14086
303.55,28702
302.45,16417
303.56,24088
303.81,20763
304.58,28872
305.49,58210
302.89,132399
300.4,34929
301.66,36972
302.58,27056
302.9,21264
302.39,15693
302.57,8720
302.52,28742
302.33,10976
302.55,10046
302.81,22299
303.32,15718
303.18,49898
303.04,44532
301.26,42817
300.5,28418
300.96,23789
300.21,31259
301.19,10426
300.5,21088
299.9,16808
300.83,11105
299.99,21345
300.02,17701
300.39,16325
300.79,65546
301.87,40469
301.64,35849
300.51,14116
302.03,20718
302.41,5119
302.63,5442
302,16119
301.84,10889
301.72,9417
301.89,9953
301.84,10145
301.82,12202
302.22,39336
302.74,67711
304.89,46377
305.11,34411
305.58,26872
306.23,32135
306.29,46360
305.89,21000
305.67,10791
305.54,12919
306.14,16423
305.39,12572
305.48,31965
306.07,88132
305.67,48183
305.19,39867
304.76,21551
305.27,32786
305.03,11474
305.81,15575
306,8240
306.48,36013
307.16,17460
307.27,18396
307.26,9034
306.54,14282
307.19,90775
307.98,66111
308.82,41600
309.72,26846
309.29,35997
310.76,24012
310.33,15129
310.02,26167
309.85,15823
309.87,14274
309.66,20754
310.19,14110
310.65,21659
311.19,113279
310.59,113678
311.04,34871
311.28,17405
311.17,12302
310.57,21387
310.93,8017
310.06,7752
310.91,6636
311.42,10815
310.79,4765
311.15,8975
311.34,12505
311.4,50971
311.72,88604
314.24,100490
314.02,42640
315.11,24210
314.67,8001
314.03,10424
313.68,4488
313.81,20245
313.91,10932
314.09,9856
314.36,15977
314.3,18112
314.24,95671
313.37,114536
314.23,62189
313.22,40713
312.27,54600
312.26,36140
312.29,45340
311.37,42149
310.67,17056
310.61,13866
310.54,27847
309.34,27553
309.53,40199
309.34,145216
308.12,87653
308.93,40708
307.05,31277
306.57,31688
306.98,25964
306.74,28176
306.21,20151
306.78,21222
307.16,14161
307.89,11641
307.1,13117
307.09,30926
308.35,90355
316.3,307183
313.99,90333
315.35,115420
317.05,120144
318.39,90505
316.64,47570
318.54,94124
317.79,45912
318.49,36090
318.67,56438
319.03,44287
318.04,63777
319.51,174786
317.16,134984
320.79,46866
322.22,41583
323.69,77339
324.46,50194
325.79,33895
324.72,18469
324.56,21838
324.89,18315
324.89,20268
325.24,18429
325.67,35188
325.82,87971
328.07,253396
324.55,61826
324.72,49917
325.98,35022
325.94,14879
325.46,31797
324.75,33860
325.16,37559
324.65,17455
323.89,36092
325.24,25488
325.44,22853
325.74,143024
325.29,78719
327.71,63772
324.8,41059
324.65,35858
322.64,20014
323.09,28784
321.75,29329
322.16,11881
323.22,27832
323.63,22201
323.89,27881
322.86,29255
322.86,235998
319.5,91613
320.95,54822
320.67,27095
321.47,27272
322.17,17293
323.39,6406
324.05,13823
324.07,17599
323.65,19839
324.68,16347
325.03,14209
326.12,21950
325.4,53235
327.25,102059
326.29,39090
326.16,34652
327.75,21807
327.81,14248
327.89,14678
327.28,18387
327.45,31826
327.5,23751
327.63,11390
328.56,22465
329.16,13169
328.59,76153
328.25,130321
328.71,34784
329.44,21608
330.28,13382
330.5,28481
330.89,25523
330.73,9332
331.27,12300
330.6,12253
330.6,10290
330.19,26488
330.05,20773
330.11,72520
328.29,237136
326.76,260875
327.38,121527
326.87,42247
325.65,66618
327.48,21167
326.45,16646
325.71,16974
326.3,16169
326.07,15927
326.73,16801
326.89,31181
326.99,64034
324.63,77271
323.72,137455
322.03,61129
319.86,47390
319.31,35990
318.27,29676
317.76,29979
317.34,28496
317.42,34664
317.08,16329
317.26,24483
317.65,23644
316.72,162643
317.25,73281
317.5,32609
318.4,26706
319.12,16147
319.22,22032
319.22,14413
319.53,10281
318.08,10220
317.52,12013
317.19,11369
317.92,9324
318.35,22859
318.5,67425
318.34,94421
322.7,37209
321.81,40326
320.55,33160
319.18,52747
318.66,27361
319,8912
319.94,8051
320.85,8237
321.53,9263
321.18,15216
320.94,14167
320.7,125747
321.76,65498
319.95,46564
319.52,21091
319.19,24802
319.69,27796
321.17,12611
320.78,10995
320.69,10653
321.38,35209
322.83,44827
322.56,67489
323.72,55090
324.04,146334
327.37,96767
325.49,41690
324.26,31603
325.33,20137
326.13,14511
324.83,23002
325.42,16597
326.59,18959
327.02,21495
326.94,39483
326.08,21306
326.96,23471
326.43,87525
327.56,65870
328.67,52742
329.23,14508
329.18,30305
331.07,19772
330.7,18415
330.73,10106
330.6,17993
329.72,18536
328.3,47624
327.28,27162
328.9,37624
328.99,135960
330.3,99833
333.98,121618
337.17,99434
337.94,45479
337.56,21166
338.09,20977
338.97,19577
338.58,29754
338.05,33379
339.39,28047
339.55,32499
341.48,42738
341.42,114546
343.85,129750
338.92,58719
340.35,30586
339.32,28893
338.52,10197
339.62,16698
339.31,11539
339.45,9183
338.54,10625
338.64,12847
337.92,25639
336.79,33557
336.2,150707
332.13,69489
332.15,62654
329.35,49416
329.76,22040
330.07,31639
329.02,19571
331.19,10163
331.92,23639
332.02,12193
331.43,17357
332.08,13800
331.58,13531
330.94,84300
329.08,78638
328.17,25906
327.28,25091
327.12,27686
326,30737
325.61,18939
326.86,14374
327.18,18885
326.63,8286
327.34,10469
328.21,13696
327.78,22024
327.25,70847
326.93,91324
329.85,95198
330.32,89644
328.82,38371
329.55,30340
330.95,22688
330.13,14235
329.88,11504
330.04,15445
331.06,19695
331.1,28307
331.83,31296
331.43,74132
327.43,98222
327.83,20852
328.83,25965
329.07,20820
328.22,17761
329,17481
329.57,12091
330.34,26640
330.51,5249
330.08,12174
329.71,12954
328.53,21047
328.69,111167
326.79,44797
328.35,47150
328.14,21507
327.42,50995
324.68,22255
324.29,32429
323.77,28697
323.5,23759
323.31,21482
322.94,16177
323.14,22944
323.39,25646
322.8,107660
325.17,43972
326.24,32995
324.84,43651
323.88,53063
325.13,7664
325.43,22281
325.02,11497
325.84,9557
326.49,10076
327.65,22097
328.35,27386
328.68,23686
328.55,100995
327.52,38239
328.45,42771
329.49,22681
330.5,18334
328.85,17108
329.96,8747
329.29,9377
328.02,16512
328.28,21054
328.24,12611
328.63,9578
328.16,23908
327.54,42812
327.63,34596
327.73,35399
326.39,24364
327.29,17241
328.72,6195
328.37,6455
328.19,9497
326.95,8291
327.21,3364
326.52,11797
327.04,16675
327.78,15141
327.16,50921
330.95,41207
333.66,30739
335.13,30990
334.28,18926
333.9,19188
333.09,6115
333.23,8540
334,11848
333.66,11504
333.77,7026
333.5,6630
333.54,10646
333.64,72045
332.05,45097
332.72,33649
331.63,24052
329.92,32596
329.88,11704
329.98,23991
329.82,33639
329.82,0
327.81,60668
331.98,19451
333.38,42809
333.71,27138
331.55,18306
331.74,15958
331.89,22370
331.57,15451
331.44,5166
331.27,16388
331.11,8395
331.27,18451
331.34,53231
330.32,140761
331.62,50349
333.51,56455
331.62,21030
331.49,13088
332.57,28894
334.45,30421
334.45,37571
334.9,24514
335.1,8886
334.15,12912
334.03,14166
334.03,51643
332.28,49196
333.38,17938
331.38,20736
331.82,15954
331.92,7084
332.5,14568
333.33,6313
334.25,7949
334.55,7823
333.13,5029
332.99,5566
332.37,10805
331.38,53667
327.62,168560
322.77,67975
324.99,32535
323.45,33179
323.35,42431
322.04,62870
322.34,31951
323.28,18494
323.9,16911
323.18,16713
324.4,17974
324.32,22191
323.62,75612
324.23,142779
321.77,63615
321.95,36680
323.17,24240
322.85,17631
325.37,29348
323.49,14268
324.25,9914
324.22,14555
324.98,11341
323.78,20193
324.75,7327
324.24,61732
329.61,82517
332.01,67252
333.4,59331
332.55,44546
331.38,50890
329.38,14295
329.76,10033
330.59,8121
330.7,12397
330.97,6798
331.13,82325
330.53,13878
330.27,49935
332.35,45978
333.49,31286
332.92,20584
334.28,20823
333.77,16957
333.97,14266
334.33,12763
333.96,9837
333.8,27860
333.89,20341
334.48,12816
334.9,23890
335.79,48036
340.36,121431
340.13,121585
343.29,69627
342.27,122781
342.13,9798
341.85,17299
340.04,16402
339.73,10036
339.36,7196
339.3,7383
338.98,13140
337.95,27478
337.78,54298
338.51,73613
336.18,43322
336.61,14093
337.88,20640
338.11,21017
338.6,25041
338.24,61444
338.61,22510
338.54,49635
338.98,23335
338.96,26145
337.98,47595
338.85,96478
338.61,70189
336.18,39701
336.16,21511
337.3,32471
337.07,309045
349.69,233582
356.45,166824
355.17,89763
356.13,50441
356.36,28231
356.57,32666
356.45,56000
354.62,257572
354.18,135655
351.4,36740
350.16,43966
352.02,35960
352.52,34775
351.89,64723
348.22,27617
347.24,26607
346.65,43721
345.67,39104
345.96,27695
346.91,45938
348.02,107042
346.24,60021
348.56,57743
342.55,44872
342.85,37668
342.55,43918
342.14,49204
340.81,33735
340.81,34873
341.13,17230
340.96,28929
338.78,41080
338.65,67203
338.79,104434
341.85,94615
340.4,79204
338.93,60183
339.82,30015
339.67,48308
339.09,26763
337.76,59245
338.43,35386
338.99,38847
338.91,59294
337.78,42709
336.93,77464
335.43,562674
338.68,124991
336.52,48967
338.54,44345
337.06,45205
337.28,40550
336.93,30090
337.18,17864
336.72,26356
337.7,16268
338.56,26912
337.73,28225
337.56,28189
337,57654
339.85,79109
340.42,39059
339.53,35078
338.91,24937
340.17,44711
341.28,35497
341.38,32733
342.76,34272
343.45,33706
343,27668
343.47,33035
342.91,31254
343.29,206808
334.12,215159
334.2,144290
328.98,144466
326.97,96405
329.76,37083
329.71,51253
327.93,32967
328.18,30664
327.91,33833
327.72,46778
328.12,54073
329.07,48440
328.72,196894
333.21,140889
330.98,102710
327.75,78511
328.71,49693
329.6,60358
328.26,54568
329.35,38008
328.59,64983
326.62,46899
327.15,50578
325.14,41478
324.19,50378
323.98,169744
326.66,101012
328.72,54460
330.39,32005
329.39,22571
330.57,28695
332.05,17184
332.05,12945
331.43,14685
330.92,24523
331.52,15342
331.7,24583
331.87,48016
331.09,116823
329.8,65562
327.36,61586
327.82,30376
328.6,52591
327.59,113179
327.3,52703
327.63,48829
327.52,84671
327.04,58289
327.35,42219
327.45,21094
328.48,20452
327.66,71253
328.1,106087
327.28,65410
328.62,27101
329.87,17695
330.58,12779
330.8,18465
330.01,8299
330.85,20106
330.22,23078
330.69,25169
330.7,17925
330.32,23829
330.07,75963
326.28,48703
324.48,49440
322.88,35663
322.31,44835
322.12,22800
321.13,30669
319.72,21166
321.38,16064
321,14259
321.21,13176
321.57,17791
321.48,25760
319.95,47536
319.24,51099
321.75,16780
319.79,16102
321.6,21483
322.05,11840
321.12,10392
321.76,15117
322.26,13896
321.91,11883
320.81,15861
320.84,10076
321.29,16609
320.67,37145
325.01,98758
323.64,65526
324.14,23138
325.02,11946
325.8,12013
326.07,12012
326.77,12888
326.95,12115
325.31,11651
324.64,13711
323.04,23664
322.15,27445
321.44,47009
322.19,38541
322.75,23709
323.35,10340
321.99,32435
321.39,6563
322.87,29972
322.22,32751
322.23,12984
322.13,17438
322.51,14550
322.58,25224
322.7,20292
322.77,53882
320.31,43319
318.82,47635
317.81,26555
316.55,17242
317.7,19849
316.52,15786
317.22,22228
317.73,16128
317.64,11583
317.49,16283
318,18181
318.18,13144
318.14,49463
319.61,42862
318.01,41551
317.47,40743
316.03,35170
315.03,26795
315.68,10692
316.4,9599
316.38,15597
317.47,6692
317.41,16246
318.37,9610
317.91,17434
317.75,77903
319.29,62227
320.71,47289
319.37,43037
317.93,25802
317.26,15238
316.11,35188
316.46,26199
316.1,33383
315.87,15501
314.8,14821
316.16,11740
316.7,14036
315.98,36328
313.65,50678
313.36,24494
314.92,17335
314.19,13710
313.18,14043
313.58,17963
313.7,15477
313.59,7330
314.48,7844
314.3,6419
315.02,7791
315.17,9933
314.87,39883
314.77,26470
314.25,41355
314.24,24199
316.44,22612
316.06,15968
316.28,8532
315.38,7059
315.55,9797
315.77,8144
315.58,2749
315.14,11865
315.22,16067
315.94,65133
316.27,29792
316.79,17077
315.08,8723
315.5,20760
317.26,21779
318.02,9652
317.5,8183
317.12,6790
317.78,12004
317.62,11461
316.64,5616
316.61,13960
314.52,100051
314.95,30820
315.6,29992
316.53,24137
317.25,15397
317.19,9477
316.07,15970
315.63,5742
315.4,4938
315.19,32054
316.51,17687
317.37,10348
315.93,19574
314.38,42898
314.34,38967
313.82,22857
313.13,16814
313.21,13458
312.84,9288
313.53,12232
314.26,9380
314.58,3771
313.09,3623
312.81,18338
313.17,23559
312.59,21697
311.29,55650
308.63,56117
307.35,41949
306.34,14164
308.77,28644
308.79,12001
310.3,28512
309.34,12432
309.63,22065
310.15,19235
310.36,8853
310.04,16003
310.04,14257
310.44,86242
311.84,47996
313.8,32356
311.86,25280
312.81,34339
311.68,22970
312.67,17350
313.8,22177
314.9,17776
315.43,15689
315.65,10719
315.72,27113
316.28,38482
315.99,92794
319.38,42713
318.02,31550
317.99,21736
318.81,35486
317.95,37414
317.78,15935
317.19,6834
316.96,9174
317.01,16624
316.97,22117
317.63,9311
316.97,14439
316.32,59251
317.64,53450
320.1,34530
320.94,34667
322.13,23825
322.19,17143
321.73,17937
321.61,9189
321.91,14528
322.6,12487
322.52,5500
321.78,18411
321.28,15877
321.38,49216
326.57,74251
323.23,34567
318.78,25577
318.05,27898
316.48,29921
315.43,20345
315.99,23219
316.28,22683
315.82,8106
316.02,10182
315.87,34417
315.65,35510
315.22,110865
315.51,28484
317.23,26456
315.25,26019
313.44,22553
314.5,19235
313.48,13698
314.82,6168
314.81,8291
314.54,8455
315.01,26112
317.13,11297
317.28,14696
317.59,86815
319.28,45466
317.24,16229
318.19,15582
316.68,9649
316.26,9496
316.64,14558
316.54,7416
317.98,8749
318.15,6802
316.2,7841
315.93,9201
316.46,14451
316.53,48901
315.91,34861
316.96,74738
320.64,48106
321.03,20179
321.58,28120
321.79,22664
321.79,31480
321.66,24084
321.63,21598
321.15,51642
321.23,16930
321.1,28461
321.52,79487
322.42,59796
323.17,25414
321.17,22174
322.38,25979
322.12,18506
322.08,21842
322.7,27536
322.47,15232
322.46,4813
322.3,12238
321.89,10176
322.75,15311
322.63,34844
323.1,52564
322.91,35924
323.45,41198
321.98,21703
321.39,37259
321.72,20752
321.04,26647
321.13,22520
322.18,11428
322.16,20863
322.62,24701
321.56,24781
321.8,75574
324.99,87920
322.74,32867
323.56,28167
321.76,26932
322.51,16836
321.43,11367
321.9,9200
321.88,14359
321.15,17696
321.44,9077
320.87,10291
321.65,15565
322.07,51135
322.91,41841
322.95,22430
324.22,39390
325.85,46362
326.98,23805
326.82,16091
327.32,10280
327.08,5312
326.72,12226
327.41,10295
327.39,9469
327.84,11378
327.27,90666
327.47,70858
327.36,81966
325.2,20819
325.09,35738
325.88,16483
325.53,19813
324.59,32732
324.48,20375
324.9,11320
324.98,11829
325.35,17863
325.65,29458
325.51,81103
324.93,32227
324.92,11962
324.86,22841
325.49,23187
324.41,13252
324.4,20792
325.33,12282
324.25,16233
324.35,19505
324.16,29384
323.05,28378
324.06,18781
324.17,99883
323.69,60196
327.22,48975
329.42,35967
327.51,23605
328.88,39736
328.73,23177
328.51,18243
328.41,11667
328.85,13221
328.97,24783
327.99,21409
327.27,17490
327.23,60558
330.93,54271
330.25,28638
330.16,16540
329.76,14606
330.8,9348
330.19,11275
330.63,9865
330.08,12160
330.82,13053
331.46,13656
331.85,10009
331.32,13652
331.53,56281
329.5,44764
329.38,50851
327.94,57830
327.2,69438
326.43,30805
326.83,37830
327.13,20060
326.92,23548
327.65,25776
325.98,39672
326.05,28348
325.76,32560
325.71,124733
325.13,43853
328.36,31581
327.67,13031
328.03,18240
329.15,11246
328.48,14537
329.54,14898
329.35,10485
329.74,15928
330.29,23982
330.3,30881
329.44,23051
329.04,75581
332.88,99278
331.43,55946
331.42,62799
333.46,59841
333.3,45697
333.74,36454
333.6,38321
333.72,23950
332.98,24437
332.7,23804
332.06,20697
332.44,29974
331.94,88776
330.37,46318
326.99,38896
327.22,15470
326.27,32212
325.91,20381
325.99,16141
326.09,8592
326.59,12217
324.87,16631
324.78,9659
324.18,12313
324,21494
324.99,58608
321.49,68622
322.99,17244
322.65,19157
322.54,10191
323.56,10664
323.73,14404
323.06,6664
322.67,12674
322.23,20707
321.97,7129
321.76,19074
320.55,23248
321.48,57364
319.88,67699
320.32,35356
319.35,17658
319.06,23866
319.67,11691
320.17,11993
319.88,9969
320.22,10552
320.72,13271
322.2,21001
321.81,13816
321.37,16860
322.11,65455
323.3,39698
322.71,17676
321.49,16568
321.09,6395
320.19,11931
320.76,7087
320.56,8846
320.44,6636
319.88,9306
319.35,27905
319.06,28419
317.85,29552
317.33,92194
313.32,59870
311.61,184874
314.24,117007
317.12,34994
316.17,14972
315.64,10406
314.99,7853
315.18,34142
316.73,12671
315.83,11322
314.41,25781
314.45,34662
314.58,96974
315.25,45987
314.14,28850
313.35,26206
314.73,18850
314.48,9415
313,6096
313.63,6894
313.61,6240
312.17,11332
311.92,11418
311.51,9517
311.49,22697
312.77,102306
310.93,40149
310.5,19883
309.99,20575
309.15,14467
310.43,15973
310.53,14656
310.65,13942
309.6,15279
309.71,5674
310.3,6567
309.79,14097
309.58,26401
310.06,50195
309.45,80175
307.3,65135
306.53,31389
307.05,16708
305.19,22084
305.7,20290
306.36,8765
306.44,13935
305.86,20937
305.72,12443
305.01,15369
304.63,23503
304.43,76357
306.54,41502
306.41,44294
305.87,29694
304.5,27777
305.77,9723
304.75,9636
304.89,15188
305.34,14186
304.47,32680
304.19,25247
305.54,23431
306.7,39656
307.28,50449
305.23,47341
305.63,35806
305.06,38517
305.55,30493
306.97,36987
307.98,17025
309.44,6965
308.29,10821
307.88,10534
307.35,6577
308.04,7842
307.55,11776
308.65,29090
311.74,76215
312.55,38968
311.97,14948
311.57,36353
311.45,21485
311.5,24998
311.85,12746
310.92,10014
310.11,13397
309.6,9344
309.28,24732
310.54,18822
310.04,91138
310.18,54730
310.97,55913
312.06,30921
311.92,34315
314.95,39878
312.57,14435
312.39,39347
312.26,18348
312.59,17938
312.5,14083
312.8,12044
312.9,28589
313.5,113133
314.84,25831
314.57,34077
309.94,20804
308.32,35491
307.87,43488
308.35,15823
307.83,14574
308.1,11985
306.78,12279
306.55,18853
306.39,25265
306.77,38756
305.71,85420
308.26,54067
310.77,43704
310.13,26257
310.82,30063
312.11,16685
312.86,24619
312.24,19038
312.13,28820
311.13,26740
310.47,13985
311.26,19024
311.86,27665
312.92,90512
313.36,44607
311.47,34448
310.51,13891
309.37,18972
310.15,17209
310.57,10685
310.76,7280
310.72,12140
310.67,21642
311.63,11413
312.15,24986
313.02,21018
312.77,70597
310.82,28401
312.95,22631
315.63,21731
316.16,30425
317.7,21490
319.05,35284
318.86,9954
319.19,19380
320.36,16607
320.76,12867
321.27,40148
321.66,25336
322.58,76490
318.2,53303
320.81,26837
320.46,23987
319.96,17313
320.68,15367
321.24,10004
321.6,8837
321.74,6394
322.71,11579
323.7,15567
323.74,10396
323.64,15305
323.25,31734
324.76,117865
322.97,60158
322.6,95004
323.34,89824
324.04,51125
324.34,29662
324.25,12992
323.7,23364
321.99,10480
322.21,30701
322.07,32675
322.53,15296
322.95,70662
324.92,55427
325.22,44092
324.7,53247
325.19,32278
324.38,10766
324.5,9826
324.09,19999
324.13,14120
323.32,18552
323.85,21896
325.07,9154
325.19,9634
325.28,76936
324.31,63247
325.58,47743
326.23,42184
326.14,49508
325.96,14514
325.97,13076
326.28,11599
326.07,28687
324.58,22405
323.56,22393
322.95,15248
323.68,9763
324.56,46741
326.34,64004
327.2,63086
325.26,28830
324,40780
322.41,21762
321.62,44877
321.75,16696
321.98,21495
320.61,13798
321.95,11111
322.25,11897
322.74,18794
321.71,48111
325.13,64008
326.41,47781
328.89,48847
328.58,16903
328.16,15545
327.36,19178
327.64,18708
327.65,10638
327.15,29406
327.59,6124
327.42,15138
327.76,17911
327.61,62079
323.57,57182
322.65,31270
324.93,22704
325.25,21167
325.35,17039
325.74,16352
326.61,11476
326.62,10130
325.86,10181
324.74,17105
324.63,15147
323.88,21911
324.69,105966
326.05,58698
328.46,48357
327.15,44973
325.79,19417
326.36,23201
326.7,28543
326.18,22097
325.3,30777
326.32,13079
325.65,12359
325.36,23865
324.28,26548
323.39,69146
325.83,84657
327.72,71081
326.07,36204
327.16,33765
326.77,39631
327.91,49964
328.85,24704
328.59,38614
328.66,30031
327.56,11042
327.55,23249
325.81,18963
325.56,57309
325.24,82174
323.49,40772
322.08,59959
319.31,37084
320.14,27123
321.14,14472
320.73,8821
322.14,17818
322.04,6954
322.26,15152
320.88,10821
321.03,15664
320.97,94354
319.02,76529
321.11,33010
321.24,33391
322.17,23134
322.84,16248
323.16,41781
324.27,58494
326.2,39798
325.28,23753
325.28,40389
325.22,22283
324.94,22964
323.57,63399
324.85,89863
324.23,41778
324.75,61632
324.56,30392
323.73,41508
324.16,32109
322.39,23307
321.8,19827
323.02,23232
323.4,21440
324.38,29890
324.62,36650
325.23,106644
338.57,386878
338.09,180588
333.81,110724
333.11,83868
332.42,92772
331.7,73397
333.18,51099
333.07,44332
332.2,69555
332.93,91777
333.37,40981
333.52,135008
334.35,307480
334.31,158689
328.79,151408
327.21,104699
327.62,69515
324.58,67807
324.48,100413
322.22,57270
321.78,28753
321.65,44001
322.68,39393
323.54,61627
325.18,31565
323.21,123960
324.43,170472
327.03,73814
327.77,46993
327.89,48892
329.68,18309
328.11,11902
326.9,13644
326.02,25641
324.93,11227
323.95,30961
323.31,29620
322.72,23844
323.27,67437
327.15,105797
331.89,44153
328.78,21223
328.52,21027
328.37,13176
329.65,9596
328.73,23828
328.72,26442
330.65,24049
330.61,11158
330.06,20791
330.71,40153
331.48,57898
332.49,66222
329.75,40694
330.92,31646
330.22,29678
329.16,56877
329.66,18756
329.63,18519
330.36,18066
330.57,24009
331.61,21141
331,25099
331.57,34186
331.1,91576
333.36,81657
337.09,63094
339.04,67511
339.16,28401
338.48,22099
338.44,14455
337.69,17080
337.21,13172
337.46,12953
337.53,15970
338.36,55455
338.66,39190
340.1,138344
340.61,90630
339.89,44969
340.38,29668
342,60409
340.92,43519
340.7,28248
340.78,11269
340.99,27241
340.94,16383
340.91,18106
341.16,12213
340.85,32955
341.48,65303
343.02,79415
343.81,36346
344.17,46189
344.24,25097
344.26,29253
344.71,13006
346.14,22205
346.83,13670
346.8,17918
347.14,17572
347.37,12657
347.03,13485
347.4,85016
346.76,83682
349.47,32483
349.29,25289
350.26,12978
350.1,19064
350.04,9453
349.83,27034
348.78,29903
347.77,14042
349.16,15620
348.48,12450
349.04,12712
348.88,67262
352.82,59429
352.47,23341
353.72,31426
354.57,18108
355.32,15248
354.63,13912
354.4,9572
354.69,9091
355.4,12488
355.41,10753
355.39,15521
354.61,24501
354.45,73317
354.99,36183
355.7,29069
354.29,17831
354.95,11466
355.2,12001
355.45,11621
355.23,10644
355.4,17382
356.13,11747
355.93,4371
356.35,8487
355.3,14181
354.7,35698
355.39,84220
356.65,32772
354.52,21729
355.68,14645
356.33,36396
357.25,31727
356.95,36324
356.32,29935
355.99,14680
355.64,14908
355.42,10484
354.17,11804
354.44,43112
354.63,49004
356.72,28489
356.84,20135
358.32,41124
359.87,11816
359.95,14445
360.52,18081
361.24,13416
361.73,17308
362.01,11302
362.2,14663
361.84,27525
362.38,83091
361.18,44335
359.63,36035
359.64,21423
360.81,20696
361.02,16874
360.53,15275
360.31,5891
360.4,9562
360.2,10404
360.52,6983
360.56,11769
360.47,12280
359.71,44895
363.99,96336
363.95,60804
364.11,28536
363.78,34811
363.9,21075
361.66,24441
362.12,21193
362.97,4427
363.29,14803
361.34,14435
362.28,19042
363.21,42750
363.82,59752
365.29,31920
364.12,26685
364.11,34312
363.43,18421
364.17,20942
363.04,17014
362.98,27790
361.78,19868
362.21,10027
363.51,10491
363.93,10856
363.66,15497
363.64,59333
364.83,116625
369.03,75215
368.64,70839
367.15,44053
366.68,30778
367.66,32806
368.6,23052
368.8,17950
369.54,9369
369.18,26396
368.78,26330
369.47,15228
369.25,83399
367.27,98461
365.26,36198
365.12,38279
364.09,41873
364.59,18406
365.72,16898
365.55,6007
365.67,11939
365.96,7654
365.93,7278
366.36,10603
366.37,27678
365.24,399865
365.32,201922
369.25,92289
366.83,67946
368.16,58388
368.96,52884
369.52,54328
370.26,42995
370.4,33426
372.18,25556
371.34,31457
371.35,43437
371.95,40570
371.58,93445
369.35,54140
368.71,58324
365.4,62449
365.94,35958
365.71,36248
365.89,46756
366.9,63290
366.27,34404
365.41,22742
365.76,40065
366.01,15963
366.22,16600
366.15,45343
371.63,80358
370.5,86240
370.73,13848
370.8,24925
371.79,11878
372.05,11884
372.08,7126
372.01,14915
372.56,13509
372.4,20352
372.24,14704
371.41,14998
371.52,45078
370.87,18458
371.32,17784
369.59,13974
369.48,8733
369.7,9950
370.13,5082
370.27,19742
370.27,0
370.53,25840
371.41,18346
370.64,23498
371.31,10384
371.27,13533
372.69,30762
373.4,38177
373.83,10395
373.45,2867
373.36,5560
372.73,9334
372.74,6680
372.61,75173
371.84,65523
373.72,25244
374.72,26300
375.1,13709
376.1,13624
375.93,10805
375.65,10099
375.3,14842
374.85,10558
374.67,19527
374.45,11560
374.93,13309
374.5,41867
377.43,99637
375.21,57526
372.85,39358
373.25,59010
372.05,47610
371.91,25804
372.05,19591
372.71,13607
372.69,14090
372.53,23327
373.16,11814
373.45,27176
372.28,55949
372.11,60898
372.2,25331
371.89,31333
371.03,26063
370.59,33388
369.78,15462
370.08,16618
370.5,17569
369.7,12186
369.47,22282
369.53,17339
370.26,19155
369.53,109114
370.47,101665
369.62,112045
366.44,78237
365.79,46064
366,65263
366.82,75902
367.13,72537
368.38,46572
367.13,60891
366.79,40008
367.96,21622
368.9,18261
368.65,128971
362.89,124546
358.84,92312
357.45,67571
358.28,29113
359.48,30505
361.35,19257
361.98,18920
362.92,37571
362.13,21076
362.09,25520
361.99,13940
361.68,27639
362.49,64119
360.14,76121
363.53,37130
364.24,55186
365.54,35393
364.55,32590
364.63,8297
365.75,9627
365.61,24408
365.53,13659
365.37,8594
365.74,11480
365.93,10101
365.96,67843
367.71,43660
365.47,40345
363.86,24552
365.14,13740
363.46,17093
363.55,11048
362.86,13142
362.5,19001
363.55,8031
363.68,7695
363.47,11527
363.5,25456
362.98,50966
362.07,53566
360.79,43590
363.5,25993
362.43,17138
362.39,16752
364.35,16249
364.52,14341
364.21,10688
363.74,8562
364.06,37903
364.75,18077
364.03,21815
364.92,75280
362.83,70044
364.34,47346
366.58,23142
367.04,25256
366.32,19287
365.82,22313
366.28,11716
366.59,10127
366.67,9662
366.94,14892
367.06,16128
367.26,15730
367.4,51414
362.26,138800
362.35,52458
362.49,44876
363.47,33839
362.23,21483
362.06,25312
362.24,15463
362.89,12128
363.62,19539
363.21,9881
363.96,21420
363.55,14283
363.76,68716
364.46,90923
365.48,31773
364.85,25252
365.72,21256
366.11,21345
365.79,14330
365.88,13504
365.91,15980
366.01,20710
366.21,13559
366.07,15985
366.29,16225
366.63,96894
370.28,46359
369.43,60960
368.78,56289
368.85,44262
368.06,27695
367.77,20624
368.07,27270
367.63,16522
367.01,14159
367.12,33453
368.59,29001
368.13,95372
365.46,135474
367.05,141016
364.04,68583
362.15,80367
362.93,84864
360.21,40692
360.83,29887
361.31,25094
360.3,44101
359.28,45069
358.67,34243
359.37,77962
359.36,117815
358.95,202899
361.3,121745
363.08,42613
364.32,44410
364.96,44136
365.53,25643
365.1,27173
365.19,37121
363.87,20014
364.42,16511
363.33,17079
363.91,14810
364.48,22925
364.65,452486
363.44,51908
363.51,40279
366.24,34373
364.29,25019
364.7,10988
364.86,24416
365.16,50802
364.76,12253
366,9403
366.02,25486
366.29,15088
366.42,16592
366.52,51488
365.49,78503
364.63,50369
365.09,41555
365.34,16452
366.16,11864
365.61,13688
365.33,10352
365.68,10761
365.76,20435
365.78,15162
365.97,12971
365.69,22307
365.74,87605
368.74,107741
367.99,23315
368.84,35498
368.61,15022
368.3,16102
368.4,26826
369.25,43675
369.45,25927
369.25,17736
368.77,17560
368.46,24394
365.6,37676
364.73,99543
366.35,57952
365.73,32180
365.37,17966
365.18,20984
365.38,9151
364.75,10786
364.3,9023
364.08,13011
364.8,26679
365.2,16498
365.52,18066
365.68,7905
366.54,43166
367.34,30246
367.75,16052
368.4,15042
368.25,14520
368.5,7007
368.12,11143
367.67,9157
368.31,4250
368.64,4932
368.46,8379
366.91,11481
368.26,7870
368.43,38848
368.58,26676
369.01,15689
368.83,21904
368.47,13525
368.12,8779
367.71,6466
367.71,4418
367.66,4336
367.71,3421
367.42,10668
367.92,4117
368.19,10075
368.34,29552
367.67,15576
367.45,16021
366.86,11710
367.27,6611
367.2,7611
367.6,7367
367.57,5722
367.13,5919
367.69,5368
367.51,6895
367.07,15433
367.05,7587
367.07,23349
369.14,22493
368.53,11619
368.48,14378
368.54,8442
368.61,4786
368.74,3024
369.08,5584
369.59,3650
369.54,2628
369.44,8319
369.42,9536
369.55,15588
369.53,52480
369.76,17102
370.38,25001
370.68,18078
369.26,19327
367.29,7876
368.04,4139
367.42,4419
368.32,16453
368.89,8527
369.83,6922
369.77,8124
370.31,16427
369.89,61202
367.43,74820
361.47,39484
361.83,40378
362.05,22251
363.78,33037
364.73,22323
364.23,8980
363.09,13009
363.39,10961
363.11,11005
363.27,15358
362.13,11379
363.07,77315
362.97,65511
365.74,41358
365.78,26050
366.19,24498
365.58,24362
364.55,39190
365.44,13829
366.1,24042
365.32,6339
365.12,13321
365.82,11608
365.35,14637
365.09,97764
364.66,37035
365.02,24246
365.8,26226
365.86,12938
365.71,9750
364.83,6249
364.56,8496
364.21,4474
364.33,10255
364.06,16056
363.71,30747
363.03,26261
361.96,63496
363.11,72265
363.56,27452
365.14,18785
365.38,22894
364.59,9869
364.32,38179
362.71,12960
362.52,13955
362.81,57570
362.22,72378
362.18,69810
360.95,22359
360.65,59366
363.4,117812
364.34,45505
363.97,24550
364.03,66608
363.93,29038
365.03,12307
364.85,24332
365.5,27880
365.48,27707
366.14,21125
367.48,48981
368.09,42328
367.94,148556
365.57,37995
365.59,65609
365.46,34188
367.4,14980
368.1,12444
369.09,14857
368.95,11560
369.26,16563
368.16,28781
368.94,15369
368.72,10591
368.95,16558
368.81,71155
370.1,63798
373.46,27026
374.57,22652
375.02,17134
374.94,19593
374.44,16678
375.47,35511
375.93,14140
375.65,12416
376.06,38382
376.54,24244
377.41,21606
376.47,94360
379.57,93966
380.56,48595
378.8,30853
376.53,43259
374.41,29103
374.56,13688
374.42,9790
375.73,9534
376.9,9746
378.22,14573
378.14,9778
378.74,33208
377.96,48924
379.04,40270
378.8,23266
379.8,16022
380.41,13062
381.14,22333
379.78,11725
380.26,7579
380.9,6901
381.15,8983
381.78,7793
381.64,10076
381.31,9072
381.01,37784
387.08,92936
385.23,44591
385.53,29498
385.92,32977
385.01,31888
383.89,24120
383.1,16605
381.81,22206
382.46,12455
382.25,21302
382.13,23907
383.14,19474
382.89,54421
381.41,60162
379.32,48955
380.45,25523
380.85,23050
382.73,20131
383.11,20824
382.05,8904
382.88,12196
381.76,44001
381.04,23398
381.55,17044
382,19615
381.36,56650
385.22,88670
385.55,25186
385.57,33747
385.84,26050
386.24,12295
386.23,10349
385.38,10415
384.25,13515
383.84,16830
384.88,17516
386.08,13629
386.13,14170
386.2,36046
388.84,55489
388.41,35711
388.08,32026
388.24,40067
389.22,30756
388.76,29686
388.73,21664
389.5,19243
389.68,26849
390.34,25916
389.66,23018
390.22,64760
391.08,171813
393.28,100651
391.28,65026
387.16,29159
388.47,17697
390.36,17175
390.47,17221
390.17,7897
389.89,4569
389.2,10625
390.68,18014
390.33,14165
390.75,12590
390.57,36694
388.9,48555
388.98,37955
388.76,25170
388.76,12252
388.32,12281
389.03,8459
388.98,10302
390.46,12092
390.61,9072
390.77,8198
390.52,7762
391.18,7849
391.75,45103
394.71,58565
395.83,33290
396.92,24914
396.72,52868
396.45,13547
397.33,16638
397.96,13266
398.33,12222
398.39,11443
397.42,15595
395.97,6242
396.17,19826
395.88,48055
396.91,55717
397.49,38897
399.34,10621
399.9,19801
399.57,12906
399.46,16730
398.53,12947
398.6,19519
398.34,12150
396.72,13925
396.42,13511
396.87,12936
396.74,40384
397.16,44029
397.03,36743
397.77,17384
398.32,12675
398.45,19295
398.79,5187
398.17,8106
396.27,8540
396.77,7631
396.33,6063
396.22,8545
396.99,7282
396.57,29899
398.76,83978
400.7,31250
399.09,22868
399.16,28150
400.08,24680
400.27,16085
400.3,17135
400.19,9052
400.25,8699
400.12,11943
401.2,13411
401.54,15980
402.46,55636
405.33,44992
403.87,46541
403.57,51805
402.66,38347
403.14,26577
402.85,36157
400.53,28753
400.25,29695
401.12,39571
401.17,39034
401.18,38028
401.11,37441
401.86,85158
400.12,192149
399.82,59527
395.92,34151
396.59,37346
396.78,40744
396.19,26965
395.38,14328
395.56,27001
396.45,19428
396.19,36820
394.47,40913
395.81,30289
393.63,122581
395.37,98277
398.89,99799
399.72,60139
396.75,45917
397.08,40261
396.99,25729
396.32,29823
397.15,14446
397.07,15525
396.89,24020
397.16,26893
397.76,22778
397.04,80878
397.33,105830
400.71,67096
401.05,47352
401.33,22864
401.19,22701
403.01,19496
404.31,25558
404.9,21237
404.37,17599
405.01,21718
404.75,15088
404.49,62577
404.08,163037
402.67,64031
401.16,31495
399.79,23094
397.71,27734
397.29,35862
399.29,12425
399.52,14459
398.87,15584
398.26,17099
398.32,12463
398.35,12592
398.85,17978
398.63,50876
399.22,70840
398.14,31037
397.7,38334
397.95,40453
397.28,31370
397.14,28082
397.25,15860
396.76,28221
397.52,15709
397.94,12109
396.71,12281
397.05,17349
397.6,50154
400.71,32788
402.13,37585
404.91,35224
403.95,11385
404.56,12231
404.73,9292
404.84,7933
405.04,6498
405.72,5604
406,6349
405.64,8058
405.87,11355
406.02,44309
407.03,48392
407.01,16006
406.63,21524
407.53,61427
405.72,23725
406.38,17546
406.04,11519
406.29,15464
406.82,14200
406.57,23276
405.88,23307
406.4,18209
406.97,64804
408.13,50989
410.39,37137
411.8,16724
411.9,32022
412.87,15757
412.17,15416
412.28,28163
412.72,9366
412.62,26875
412.44,19979
413.03,9434
413.04,18145
413.06,83669
413.45,34916
410.09,39794
410.41,18779
412.13,9390
411.72,9996
411.95,9890
411.56,9211
411.98,16399
411.13,13573
410.16,19728
409.11,37241
407.99,18538
408.67,57220
397.96,81586
400.57,41815
402.02,25552
401.4,22277
401.96,16521
400.94,21897
400.5,17228
400.02,19550
400.49,19164
399.49,31438
398.65,19504
398.43,27846
398.47,69299
401.97,83952
399.2,52576
400.82,28734
399.59,11607
400.62,14291
399.25,14707
401.28,8136
400.78,9001
400.57,8501
401.07,28912
400.65,7301
401.17,11710
402.09,98641
402.26,48456
399.62,33836
398.98,35354
399.94,32023
398.83,23791
398.59,14771
399.69,8901
399.2,16016
400.01,13807
399.7,17502
399.59,15149
399.48,15021
400.23,64977
401.48,73232
398.37,34934
398.71,20981
399.49,13370
399.72,12826
399.85,14939
399.84,15705
399.57,15119
399.06,9662
400.23,20096
401.11,18955
398.67,15867
398.37,67890
397.09,98811
393.68,35223
393.15,29527
394.54,14751
395.73,11174
393.72,14145
392.96,22125
393.7,9219
393.56,8437
394.5,6131
394.97,12856
395.56,27049
395.73,30002
394.2,41487
392.82,22663
393.23,12427
393.72,13160
393.84,12463
393.98,13419
393.32,10801
393.47,13142
393.04,8069
392.91,13575
392.6,17038
392.72,12852
392.7,65624
404.15,107608
404.8,45047
405.3,42036
403.41,22912
403.65,16534
402.58,10065
403.43,6241
403.32,7190
403.94,10341
404.35,11877
405.36,18381
404.59,27449
405.17,74782
409.43,34385
408.02,24700
406.65,18052
405.05,14446
404.39,20861
403.95,5065
403.2,7391
403.5,4522
403.68,6308
404.18,7968
403.69,7406
404.38,9836
403.81,39854
405.22,33390
402.37,22314
403.3,11568
403.29,14679
402.27,11614
402.85,6831
403.12,5304
402.56,4578
402.86,8251
403.21,9140
403.05,9303
402.6,12606
401.92,33552
401.72,37130
399.96,23303
400.22,10390
400.28,13141
399.05,9102
399.41,11128
398.82,12528
397.84,16586
398.41,12681
400.1,17452
401.07,42440
401.13,9893
400.78,58753
402,25112
399.32,14652
400.67,12496
401.19,11058
401.66,7703
401.02,7653
400.55,6370
400.41,5387
401.05,7256
401.51,9155
400.67,15304
401.04,12249
401.71,40830
402.57,62701
403.59,22222
402.45,16264
401.37,9181
401.52,16795
401.57,12354
401.7,8075
402.59,6643
403.22,9646
403.46,9133
403.3,11445
403.72,11306
404.43,108172
404.86,49752
406.57,24058
406.45,31124
406,16321
406.75,13592
406.47,11945
407.3,15594
407.85,15795
408.64,9861
408.83,14048
409.32,12013
408.96,31571
409.46,63658
407.19,43029
410.05,31496
408.17,18642
409.63,21330
409.59,12383
409.68,10303
410.13,14067
409.74,9222
409.36,15039
409.34,12607
408.65,19584
408.89,12582
408.94,36435
407.68,72371
401,60588
399.02,58573
397.36,26489
398.55,25220
398.16,13822
398.38,16214
397.09,18382
396.45,23587
395.48,15018
395.95,22840
395.32,26463
394.75,106122
396.81,59983
395.07,83051
393.84,51019
396.27,58007
397.13,25773
398.49,18384
398.41,14810
397.81,12777
398.19,20437
396.72,29973
396.92,29699
395.37,48763
394.94,74292
399.98,48266
398.2,49028
400.31,31930
401.33,23531
401.66,24295
401.92,15820
401.93,17997
402.11,12726
402.39,18062
403.04,9937
402.78,15683
401.81,10586
402.32,67574
401.72,33351
402.9,27604
403.78,26222
402.57,19516
401.85,25435
400.95,9810
401.88,15477
398.9,19879
398.66,16439
399.48,7392
400.22,8829
401.02,8864
399.44,40227
397.63,38327
396.11,23194
396.78,15746
397.55,20645
396.64,13784
397.78,18302
396.99,10423
397.96,11612
398.54,15379
398.41,11300
398.57,7296
399.04,31931
398.77,63290
401.62,41455
403.44,41860
407.07,36965
407.14,17782
407.35,15993
406.92,13678
407.03,16919
406.32,11864
407.35,13657
407.86,16831
408.96,30515
408.47,20863
408.93,50005
411.76,47354
405.98,35057
406.46,29000
407.9,16283
408.02,10910
408.55,13209
408.66,16992
409.04,5461
409.39,6027
409.43,13354
410.01,10965
409.87,7357
408.26,37694
413.63,116122
415.42,64952
419.66,32188
418.98,37735
420.26,34310
418.97,21497
418.58,16457
418.15,27318
417.36,22410
419.06,28000
419.66,24482
419.19,30113
416.88,77173
413.17,103383
412,55739
411.09,27903
411.9,22771
410.44,21406
408.91,25906
407.84,19627
407.07,16284
407.83,19354
408.92,12923
408.32,32257
409.67,21248
410.53,71770
408.08,51933
411.19,36246
413.45,15389
412.97,18398
412.52,9571
411.92,9742
412.69,35352
411.59,26940
412.28,16554
411.85,8184
412.96,11198
412.5,20497
413.14,42314
411.62,52230
412.22,18689
412.5,18990
413.6,12328
414.68,16329
414.56,20494
414.86,12829
414.41,13810
414.45,12423
413.86,25382
413.11,19760
413.14,15734
413.31,50881
415.82,23643
415.29,25897
415.76,13619
414.63,7631
416.29,4990
416,11466
416.65,10785
416.69,8608
416.18,9250
416.05,25894
418.58,24694
418.26,17535
419,82884
423.37,32947
422.7,23299
421.45,20241
421.54,24203
421.51,30506
422.39,17623
423.68,14694
423.5,13531
422.6,26725
422.39,5885
423.22,15409
422.7,13119
422.89,34559
423.13,26523
421.89,13390
421.56,8731
420.63,18194
420,10501
420.69,7278
420.38,3518
421.9,2611
422.22,4747
422.6,4074
423.2,2214
422.69,9452
421.95,31001
418.59,101935
416.75,26116
417.97,21863
418.6,12119
418.14,11146
418.19,13154
417.96,12550
417.97,6977
417.29,14237
416.92,7492
417.41,5504
417.85,9152
417.3,42753
419.18,19880
417.36,18585
417.98,14702
417.89,10746
417.65,8972
418.44,8905
417.18,13436
416.2,12646
416.38,4608
416.4,5789
416.59,12445
416.92,11477
416.64,42620
417.71,21985
415.8,20996
414.41,16227
414.57,16577
413.45,14411
413.24,6547
413.73,5504
413.97,8708
413.63,6488
413.04,4862
413.74,11452
413.07,11133
413.85,50500
414.57,32627
414.75,30045
414.28,36691
414.94,15625
414.6,14569
414.59,14793
414.01,12929
413.65,10384
413.62,9259
413.84,6040
414.33,4373
414.97,7280
414.96,49966
417.48,43202
417.77,15910
418.55,11398
417.43,6671
417.53,5948
416.81,3598
417.42,6621
416.97,3710
416.63,4700
416.23,4084
416.72,6776
416.58,4939
416.6,34756
413.94,52615
413.09,22051
412.75,13165
413.61,16048
414.53,11933
414.62,8275
414.51,6164
415.2,9115
415.67,11944
415.43,8783
415.05,19882
414.88,20326
415.17,71559
413.72,47520
413.59,106044
416.31,76351
416.61,52588
416.47,23046
415.89,46082
416.37,14581
416.05,4521
416.05,29164
416.02,5553
416.29,12323
415.54,63496
414.08,51607
418.77,31068
420.32,11504
419.35,7737
419.46,14691
420.09,9984
420.67,9918
421.11,11361
421.57,3926
421.3,6698
420.03,9696
416.74,17996
414.78,30482
413.39,50478
413.78,44081
415.91,15867
415,16831
417.6,9523
417.97,14158
419.35,14980
419.25,6397
419.89,11615
419.34,12435
417.67,8936
418,6441
417.87,10472
418.47,50316
418.62,32835
419.08,16329
420.19,13856
420,10000
419.38,7330
418.32,5385
417.82,5102
418.47,5126
418.13,6131
418,6635
418.19,6356
419.03,11506
419.34,54198
420.02,15992
419.6,10235
418.03,19833
416.59,6614
416.73,6789
417.5,10662
417.95,5289
417.23,6188
417.89,8708
417.21,6548
417.07,9790
416.54,22004
418.71,64881
416.55,45945
415.13,29210
414.23,24851
414.26,20586
414.71,10149
414.16,9843
414.22,7243
415.53,13601
415.5,18390
415.21,7742
415.37,12325
415.02,8406
415.68,30710
419.38,70015
418.01,23646
417.3,13741
417.49,16641
417.88,14430
419.58,11142
419.36,10471
418.58,14816
420.77,15644
421.6,17058
422.5,13285
422.63,12892
421.97,44254
417.78,61219
418.19,27646
416.04,19234
414.99,19157
417.46,9945
417.38,7233
416.02,10513
414.76,13091
413.59,17543
414.37,21100
415.48,10697
414.74,15330
415.05,46042
419.42,29385
420.12,30964
416.76,15485
415.84,11425
416.3,7151
415.51,10202
413.72,5962
413.6,8672
409.64,17361
409.22,9139
408.3,9214
408.58,26047
408.31,58061
408.18,30664
410.07,28239
409.29,12440
409.56,15130
410.45,7003
409.7,9322
409.82,10444
409.74,6134
409.72,15550
409.52,9301
409.05,8633
410.79,12027
410.38,24391
411.33,57699
410.53,27206
409.55,11976
408.77,23691
407.04,12845
406.59,19449
405.27,12769
405.22,16901
406.87,12473
406.77,17898
406.5,25440
406.06,16792
405.65,34208
404.71,43841
402.18,31607
402.2,19534
404.35,5954
404.73,21088
405.22,10493
403.19,7362
402,12710
401.38,18542
400.02,33870
399.63,30938
398.84,38293
399.1,93982
397.9,45532
396.36,57937
394.2,28908
396.12,45396
395.25,18999
394.44,29778
392.62,25074
393.71,11840
393.11,13680
394.99,22025
393.85,29361
393.33,32932
393.3,96060
394.25,73313
393.86,49806
391.89,26419
390.81,33160
392,30791
392.89,14206
392.9,23782
393.27,13581
393.85,23195
394.87,23161
396.47,20187
395.92,12015
395.28,39402
398.23,48078
399.9,30233
401.34,30050
401.3,21025
400.39,18350
400.49,17213
401.21,9631
400.89,12853
400.85,9143
401.5,8679
401.22,9933
401.38,15699
400.79,53229
403.29,44753
403.27,29325
402.71,20033
402.8,15652
401.96,13199
401.02,8662
400.93,9946
401.75,12562
402.87,17136
403.79,25267
402.4,19010
402,17999
402.93,33368
388.07,317333
385.57,125607
388.1,71514
384.72,86988
386.44,59414
387.13,52375
388.42,25818
389.42,50419
389.8,30285
391.88,38541
391.35,20604
390.52,38728
393.16,118060
406.16,153660
403.04,62198
403.73,74948
404.77,29155
402.78,19837
403.51,8878
402.49,10865
403.35,12706
403.23,18393
403.53,16921
402.27,18521
402.81,24268
403.41,57897
399.54,137515
395.22,55405
395.11,11010
395.92,23450
394.42,18964
394.57,10957
395.13,6969
395.27,5038
395.05,14097
395.97,8999
395.02,14319
394.58,22643
395.02,58557
395.23,58275
393.43,36351
392.77,24643
392.92,67201
390.72,17982
391.25,7589
390.37,11102
389.18,5944
389.41,5268
389.81,9489
388.27,13467
387.73,22979
387.8,84333
386.44,93937
386.16,26078
387.72,39001
388.62,17235
388.63,42732
387.16,14205
387.71,8219
388.44,15153
388.92,13805
389.18,36700
390.61,37083
394.57,45576
394.37,69717
391.65,93603
391.78,46154
390.31,31454
390.59,19341
391.12,4364
391.12,8057
389.43,19139
389.43,10620
391.09,14330
390.48,34934
391.43,15413
392.61,11869
392.11,57197
396.33,72409
399.8,31264
399.69,18860
399.38,13871
399.33,16853
399.99,8906
400.22,4422
399.71,4503
399.71,7501
399.89,6307
400.15,8676
400,16969
400.39,37053
402.57,39078
401.25,39290
402.24,17608
403.04,10136
403.42,13947
403.7,8143
403.95,4728
404.2,3812
404.38,4300
405.33,5854
405.86,4478
406.17,13622
405.89,46346
408.32,54329
406.14,55904
405.49,23296
406.54,19172
406.46,14343
406.59,8934
405.98,13851
405.65,12612
405.98,13658
404.85,15311
404.75,18234
404.28,30029
403.79,75813
401.65,47105
402.19,51580
404.42,6648
405.49,10207
405.78,2743
405.53,3366
405.17,5016
404.91,5652
404.74,3172
405.67,9767
405.06,12428
404.76,9666
404.45,56197
404.32,43779
404.27,27744
404.6,16148
405.94,14979
406.27,5596
405.12,11103
404.78,10847
405.26,8305
405.71,10146
405.33,6948
405.64,7911
406.13,13954
405.98,45799
406.69,31598
407.74,31644
407.1,22792
406.98,21206
407.58,13504
407.23,10913
407.63,4001
408.23,3516
407.79,17845
408.24,15268
408.18,10489
408.44,10312
408.23,23366
411.37,41760
405.8,10226
406.6,8962
407.18,11706
407.45,3403
408.12,7790
409.03,8519
408.76,9398
408.63,6033
407.93,2486
408.18,2874
407.83,4249
407.71,15239
405.91,37543
405.88,29274
409.2,18480
408.23,8370
408.27,9888
406.74,12501
405.97,5567
406.44,5511
407.24,1573
407.87,7281
408.81,5180
410.46,7700
410.59,40947
412.25,53985
412.67,28861
413.73,15944
414.94,8848
415.78,36303
415.96,11905
415.78,10616
416.21,16161
416.74,4560
417.26,9875
417.82,10454
417.56,12073
417.69,67957
416.22,41362
418.23,8174
418.34,9899
418.96,29039
418.59,9642
417.19,7277
416.6,6867
416.82,8067
416.35,12040
416.56,12531
416.03,16433
416.58,7323
415.74,58457
416.66,59242
413.12,21020
414.1,6054
413.9,15814
413.98,13221
413.87,7353
413.76,8595
413.64,4921
413.55,3604
413.77,7054
413.13,5367
414.18,4104
414.54,33141
414.6,47006
420.44,29376
419.23,20794
418.13,13238
418.93,7343
419.09,5631
419.43,20686
420,16201
419,11090
419.34,7981
419.25,4445
418.71,9374
419.3,44705
421.06,42278
421.62,29841
423.06,19011
423.26,18425
423.96,62753
426,13379
424.72,7027
423.73,11047
424.47,13879
425.13,6007
423.54,5907
423.43,6674
423.15,27544
425.33,51597
425.4,34250
426.05,17362
425.14,13808
425.49,11481
424.76,11764
424.21,13040
424.06,9310
424.51,4735
423.66,12693
422.22,8166
422.32,9628
422.69,50312
427.5,63359
424.59,45171
425.94,24208
424.9,29159
426.19,11245
425.92,6633
426.32,6304
424.53,7088
424.34,12978
421.9,6189
421.21,12294
420.23,25653
420.38,24503
421.57,38258
420.18,19335
421.26,18996
422.3,12138
423.59,6901
424.1,7342
424.2,3505
424.14,5188
424.51,10113
424.63,8917
424.58,4665
423.56,6279
424.16,36646
423.89,78380
422.17,41678
422.64,12687
422.84,13366
422.67,12645
422.67,11439
423.17,8328
423.1,11311
423.15,8781
422.99,6194
422.93,9642
423.08,24433
423.16,39061
420.57,33497
423.73,24176
424.55,10928
424.17,9034
423.53,18230
424.31,9055
424.6,11628
425.01,11727
424.41,14685
424.7,15764
424.24,19292
423.81,18494
424.13,35033
418.27,51124
416.02,72882
414.66,54230
412.48,50329
413.62,66683
413.61,20217
413.48,15843
414.04,12303
413.95,15564
413.59,25472
412.51,25986
412.34,20599
411.22,98420
411.03,66118
406.72,36680
404.57,101965
402.24,33621
401.36,28060
401.2,36589
400.21,27653
400.1,17866
401.21,18859
401.13,22558
400.13,15393
400.96,52309
401.87,258887
410.09,44959
407.97,29602
408.64,16325
407,4529
407.05,2153
406.67,8608
403.71,6548
404.2,5525
405.96,11691
406.45,13861
405.64,7124
405.43,6915
406.17,53220
406.93,30164
405.9,23953
407.05,10211
406.76,4318
406.29,6264
406.76,8005
406.85,11590
407.41,7745
408.01,9512
407.93,12758
409.74,7415
408.97,7980
408.63,31465
412.35,48590
412.68,21750
412.75,37853
414.12,14188
414.92,6850
414.79,8472
416.03,14251
416.97,12152
417.26,7349
417.26,7713
417.36,16609
417.76,16314
416.93,56449
418.1,34454
417.7,24444
417.76,15945
417.19,13719
415.74,22603
416.06,9207
417.45,3787
417.74,6250
417.3,8205
417.64,6880
417.3,7447
417.62,6437
417.99,27713
419.61,18375
419.45,17206
418.29,18591
419.34,6655
419.43,11654
419.51,14940
419.68,5133
420.26,12784
420.11,3474
419.95,9488
419.12,8103
418.84,8927
418.66,30274
418.69,40872
421.37,21464
421.58,15284
420.8,8473
421.37,8783
421.18,6972
420.73,3792
420.07,4055
420.01,6324
420.94,5956
420.55,9868
421.51,12167
421.21,27947
419.8,28259
420.78,30375
421.62,21542
422.41,10441
422.33,17119
422.63,8509
421.8,14118
422.18,29215
422.54,18656
423.38,19531
424.82,13812
425.34,33338
425.78,55491
429.35,42834
432.31,19225
432,18461
432.14,30073
432.39,28250
432.78,17093
432.73,11138
433.58,12637
433.73,16323
433.01,22907
433.41,18601
434.82,34489
434.43,45005
434.92,31279
435.81,24940
436.06,19411
436.34,18265
437.09,6467
436.28,13533
433.98,8739
435.56,4151
434.83,8407
434.75,11722
435.37,9991
434.6,20843
435.09,22206
432.43,34322
435.93,19378
435.38,26299
436.88,20737
436.07,10335
436.48,4753
436.47,4092
436.51,4853
436.78,3634
436.26,8345
436.48,5611
436.18,6265
436.1,19411
436.68,51773
435.79,38915
436.71,28179
436.48,19096
438.03,13093
438.55,9113
439.37,27926
440.7,19056
441.94,22870
443.34,19652
443.45,25031
443.2,43932
444.52,99386
443.71,38791
441.81,19217
440.82,25676
440.41,27411
439.91,21010
440.52,17353
441.08,4971
441.19,6697
441.81,6507
441.4,22734
440.29,6775
440.11,21107
440.34,29315
440.55,40934
436.81,34456
436.56,28216
437.63,21881
438.2,16638
438.38,14348
437.58,19333
438.5,24340
438.87,11878
438.75,12901
439.04,17087
438.78,22429
439.13,47564
440.83,125897
441.41,36555
440.93,34604
441.61,30824
441.9,23582
443.19,26190
443.38,22232
442.79,9555
442.51,13570
442.97,16131
443.26,15995
443.22,21057
442.66,79946
443.93,63373
443.64,40983
444.06,48118
444.35,39569
443.95,13025
444.02,15236
443.5,6948
443.46,10979
442.66,14687
442.41,11139
442.29,14970
442.21,15524
442.34,45879
442.16,29810
441.68,21660
443.06,17638
443.04,15754
443.45,16733
443.97,7115
443.42,7084
443.1,7564
443.47,15535
443.85,12415
444.22,11589
444.17,13419
444.62,25849
442.92,37399
444.55,22349
445.25,24860
447.14,19307
447.03,10616
447.19,15444
446.71,6896
446.52,25330
445.69,11395
445.99,13606
445.52,9007
445.67,17182
445.43,45361
446.04,45362
448.87,67776
449.96,33674
449.27,15689
448.56,27392
447.62,17244
448.08,17438
447.94,11497
447.94,11272
447.16,11597
446.84,17401
446.75,14173
446.32,57889
447.03,39678
447.9,15947
448.19,19829
447.78,71726
446.85,48184
447.42,43321
446.77,27243
447.19,7421
447.27,5854
447.1,6692
446.78,6438
446.88,8924
446.72,71216
442.68,46976
442.16,38756
445.55,27420
444.87,31151
445.79,19608
446.71,12774
447.68,12897
448.33,6929
447.16,8042
447.49,8318
446.59,6686
447.7,18507
448.09,80158
447.08,36139
449.66,20472
450.66,32559
450.89,24038
450.9,19262
449.53,11120
449.55,8614
450.37,20976
451.54,11565
452.7,9136
452.44,18994
452.71,11625
452.74,29055
452.16,60548
453.17,32720
452.04,10827
452.66,13326
454.08,12086
453.21,12431
453.37,38004
453.37,0
453.48,39214
459.98,18484
459.56,16231
458.47,28151
458.95,14394
460.23,11821
460.67,7119
460.18,10954
461.72,8739
461.07,4823
460.9,9008
460.91,10623
461.15,46367
460.34,43371
460.41,29807
459.48,16882
459.3,15716
459.84,26379
460.03,10919
459.29,6160
459.32,6861
459.34,11882
459.18,7238
459.64,6774
459.29,7640
459.2,43568
460.76,41639
458.42,40366
458.05,23409
457.41,18153
457.17,14836
455.73,19442
454.92,28254
453.91,15195
453.65,14543
454.15,28165
453.1,13583
453.27,12555
453.05,68425
455.05,55388
456.34,24595
456.91,55688
454.56,28237
455.06,28956
454.4,20918
455.32,21331
457.83,21646
456.82,27728
457.69,15580
457.9,37012
458.68,20297
457.85,65533
456.68,49287
455.04,60163
450.32,51414
448.81,28601
446.41,19972
447.18,26529
448.33,15378
448.77,10528
449.16,17690
446.87,9950
448.04,19949
448.27,16688
448.65,35560
448.26,85312
447.3,25438
447.5,26810
448.08,27246
448.55,18441
447.75,8103
447.79,10971
447.62,24273
448.58,15076
449.68,6231
448.98,5500
449.79,12225
449.89,70805
446.94,28761
448.47,14433
448.19,30862
449.73,25079
449.42,26728
448.84,6361
446.77,7863
447.4,9446
446.16,13376
445.7,7677
447.01,3982
447.5,21770
448.15,27361
447.8,47641
445.43,45850
442.41,35030
442.23,32134
442.79,17112
442.77,13760
441.7,12222
442.66,16603
441.41,18495
441.58,11732
441.81,13226
443.2,13855
443.48,40505
436.54,89592
437.9,37618
435.24,19690
434.19,32309
435.31,15394
434.94,24690
434.64,29391
435.13,12060
436.09,14421
437.11,16959
438.16,12094
437.7,20884
437.89,48891
438.5,60131
433.53,34637
433.58,30294
433.11,21394
430.24,22020
429.09,19097
429.78,17971
430.77,23101
431.68,11248
431.6,11489
432.49,10183
432.4,20322
432.48,69524
427.47,68438
431.96,31879
432.61,13832
433.6,7081
431.17,3891
432.33,3186
431.75,4257
430.82,8201
430.14,13839
431.02,7381
430.51,27533
432.22,8840
431.78,46506
436.04,30508
437.58,6804
437.28,9917
436.72,11512
433.81,13496
434.28,5826
434.88,7867
436.62,6000
436.72,6548
437.67,9929
438.51,6340
437.48,15184
437.21,34815
438.24,23318
440.16,11299
439.65,7475
440.35,5472
441.78,3473
440.84,4952
438.98,5088
438.44,4798
438.45,5045
438.96,3829
438.29,4384
438.33,5209
438.25,18075
434.35,30068
433.19,20664
430.77,42871
428.4,33605
426.45,32105
425.86,27619
424.95,33898
423.68,47509
424.25,30630
423.42,26602
422.49,14799
422.99,25538
422.86,36295
423.2,51648
416.41,91494
415.37,41131
418.07,48888
418.05,56889
417.3,37555
419.28,20704
419.74,39207
419.35,32630
419.3,36469
417.59,28136
415.6,43996
416.45,83477
412.61,56111
414.2,34790
416.88,23690
417.22,28248
418.21,37513
420.34,42093
421.67,18961
422.51,16269
422.88,42316
420.67,8824
419.69,7357
418.49,7660
419.03,46092
426.23,30400
422.64,19669
421.63,10958
420.47,13741
420.06,10314
421.66,5571
422.41,5690
422.93,6976
422.59,8272
422.21,5821
421,8465
421.33,11137
422.03,31493
421.77,66248
421.6,8204
421.31,10392
419.41,14026
416.61,29083
413.95,14700
414.38,12780
412.82,20193
412.49,19186
414.08,23911
415.21,21775
414.83,33377
415.2,74349
414.62,324012
413.07,129800
412.17,92552
411.76,56292
412.36,49771
410.52,29701
409.78,114553
409.26,83051
411.44,65873
413.32,164519
413.17,53352
413.06,81083
410.65,89117
414.94,116731
421.1,49873
418.47,27314
418.02,15895
412.75,20076
412.11,24649
413.42,11105
411.98,22465
412.61,27005
410.1,19390
408.85,31514
409.38,33031
409.66,88498
406.87,56951
402.19,37585
401.55,31715
400.8,42843
399.93,32657
401.78,20243
400.92,25264
400.35,21981
400.29,17697
400.34,24459
401.57,23139
400.31,24602
402.58,88801
383.99,276849
388.93,107850
389.49,116855
391.26,48006
393.62,30612
393.6,18114
395.36,34414
391.68,50284
392.1,19167
391.2,20163
389.53,52036
389.37,27403
390.16,87876
394.49,64519
394.64,38707
396.71,21983
398.64,36002
396.02,23778
399.36,18899
398.76,13346
399.48,22809
398.39,29205
398.28,29372
398.7,16907
396.85,17284
396.51,80393
403.18,41617
403.64,34337
402.8,15919
402.97,25262
401.89,26616
400.13,15400
399.41,13969
396.47,12281
395.9,21044
394.83,16490
394.53,32020
393.52,22012
394.66,47437
397.23,19781
397.31,12592
400.2,12270
398.47,12883
398.1,6773
398.09,6067
397.14,8455
397.35,7138
398.57,12387
399.04,20583
399.09,23884
397.17,28744
396.11,65621
398.63,23768
398.09,25025
398.64,17876
400.17,8371
399.02,3686
398.8,6120
398.34,14322
399.56,9983
402.15,9794
401.11,6820
401.01,4881
401.15,17374
400.88,28926
401.98,28565
399.38,17333
400.24,18654
401.64,13155
399.91,7746
402.86,6204
402.71,5693
400.23,3235
401.45,3728
400.96,3306
400.28,2023
400.88,11905
400.17,26262
404.15,26805
406.12,21843
405.09,14055
406.61,17408
407.7,9689
407.68,9613
407.8,14283
409.22,9181
408.96,17343
408.45,12148
408.76,9336
409.15,16555
408.28,63268
409.65,47876
409.72,13994
408.64,10824
409.33,14421
410.72,14845
411.67,16850
410.28,6705
410.81,14015
410.93,15547
410.46,5865
410.54,6414
411.01,10558
410.12,49782
414.76,52486
415.71,34242
414.78,24938
413.58,40752
413.88,14794
414.85,15589
415.22,12813
414,8337
414.38,5635
414.95,12105
415.21,14283
414.98,14020
415.14,68324
415.91,24624
413.02,19718
413.25,29544
412.95,19486
413.16,7992
413.58,6122
414.31,11313
414.63,6155
414.8,3584
414.22,10042
414.13,13425
414.06,12590
414.03,24413
414.23,28817
414.75,16442
412.96,17229
413.36,17012
413.09,10003
412.64,10008
413.26,7372
413.99,13623
413.79,13533
414.02,5968
414.64,8502
415.17,16073
414.76,42681
417,49603
418.56,109343
417.66,56977
418.07,20713
417.02,7894
417.97,24887
418.17,22086
418.6,14473
418.83,19600
419.26,23172
420.28,14119
419.96,20653
419.41,54942
419.17,37690
419,21583
419.26,23133
418.65,9031
418.88,10388
417.34,10975
418.29,9299
418.63,6801
419.11,6365
419.16,8580
419.37,14443
419.31,21305
418.27,38585
419.4,43862
420.73,18481
418.87,23118
416.74,28123
414.41,32903
413.34,19484
415.14,19251
412.17,19854
410.99,18297
410.3,20697
411.61,15126
410.89,29198
410.05,120659
412.2,46889
412.91,42143
413.35,34349
410,8995
410.89,13171
409.22,21751
408.09,13738
409.18,15649
409.95,8303
409.58,15826
409.83,15827
409.67,10688
411.41,58560
411.87,45908
410.93,37753
409.35,17460
409.26,8494
409.79,9840
408.46,25449
409.54,5895
409.17,6192
408.66,12517
407.15,12441
407.94,8348
408.67,15021
408.4,51279
408.17,60916
407.29,32396
409.21,14643
408.23,26163
406.69,28744
406.33,19708
407.37,9700
407.23,9331
407.98,18757
408.59,8135
409.16,10534
409.06,8690
408.82,34493
409.78,33694
407.75,31791
407.77,21677
404.97,28908
404.25,11393
404.22,23769
404.24,20389
405.51,9958
405.27,26067
403.22,17614
403.87,15675
405.28,26217
405.74,63612
409.93,73998
416.15,46835
415.01,34440
415.28,29977
414.55,14354
414.3,9330
414.48,10342
414.58,11878
413.34,13572
413.1,16519
410.48,27280
408.6,32236
409.12,91349
410.51,37545
411.81,13038
411.15,14004
410.11,43869
410.45,55885
410,21273
408.02,7791
409.49,12636
408.85,22242
407.57,29776
408.25,9960
409.13,17011
409.63,75430
413.16,41882
413.32,22030
412.5,30276
408.74,25213
408.65,16426
406.79,20695
406.65,15205
406.53,16214
406.91,16457
406.27,25439
404.69,18153
405.59,29873
405.1,95660
401.08,53417
402.03,49328
403.46,31402
405.84,30854
404.48,19676
404.68,9743
405.03,24473
404.53,10778
403.38,8742
404.05,12130
404.79,8794
403.99,11969
404.77,42488
403.54,30777
406.75,56730
407.27,17852
404.78,30696
402.93,7813
402.27,10887
402.72,9423
402.28,15971
401.72,15580
404.5,13547
403.5,13366
403.09,22832
403.12,55038
405,47434
402.77,25150
401.01,30343
398.04,46120
398.08,30515
397.18,17292
397.14,21790
397.91,16146
397.7,8006
397.05,15135
396.79,29232
396.73,24733
397.31,99050
402.6,83430
402.06,32484
399.57,42162
397.7,26411
398.63,23518
399.95,13592
400.82,12972
400.27,14571
400.22,13830
399.43,9930
398.66,13837
398.79,13392
398.83,79072
403.72,58019
409.67,40825
410.59,16228
407.81,11015
408.89,12307
404.71,11027
404.98,8324
405.85,9658
406.91,10748
407.28,13114
407.51,13393
407.43,38672
407.33,86203
410.05,69210
410.52,41401
407,45330
405.39,25691
406.87,24981
409.06,23839
411.21,17224
411.27,42876
412.43,34382
413.64,28522
415.22,51187
415.67,49491
416.49,101451
418.42,65528
416.24,38601
416.66,25266
415.25,19046
415.55,17417
415.15,14056
416.24,16358
417.9,12979
419.28,18897
421.04,28682
422.07,21007
421.38,16863
421.15,69543
420.9,26737
422.01,22092
422.25,28108
423.64,36697
423.61,24754
424.07,28941
423.62,19046
425.31,30402
426.27,22139
426.24,25172
425.5,16436
425.29,19089
425.75,94052
425.61,60589
427.04,23098
426.11,43323
424.8,25850
426.12,39701
425.1,45199
424.86,25530
424.77,20382
424.94,19415
426.55,15850
425.83,9663
425.7,9008
425.65,43812
434.83,84187
434.05,55819
432.72,37935
431.94,23162
430.76,25483
430.84,22025
428.69,16728
428.71,8780
429.91,25253
430.21,21366
430.34,10236
429.67,16998
429.53,60272
430.21,18804
427.59,25156
427.16,11601
426.94,18026
426.95,12373
425.78,25342
427.61,8742
427.67,10121
427.71,7407
429.77,32591
429.43,31369
428.03,36678
429.44,65242
435.74,80145
432.32,47378
434.66,31960
433.1,22562
434.4,18220
433.78,31260
434.42,21400
433.39,17764
433.3,18536
434.34,21767
433.83,9868
434.39,19290
433.84,62326
432.14,35838
431.73,17337
430.8,22056
429.99,29442
429.68,33765
430.85,26356
432.16,17353
432.18,28819
431.87,49713
431.76,56064
431.05,48707
431.08,59459
431.24,145550
429.17,48609
427.79,17550
429.53,18314
430.18,15219
430.6,8921
430.25,10798
429.59,15776
428.21,8517
427.97,20780
428.91,10338
428.77,6935
429.17,5883
428.91,30861
428.24,40078
424.08,41418
421.92,39268
423.43,27814
424.24,29363
424.73,10494
425.24,9397
424.22,11530
424.18,17933
424.3,23651
423.39,28106
423.5,17957
424.04,63213
424.73,41679
425.66,49092
425.37,41174
426.35,14317
426.62,27272
426.58,15115
427.04,10575
426.88,15889
427.16,10164
427.41,11736
426.74,16075
426.89,10641
426.93,52780
430.13,80147
428.25,32843
425.86,31037
425.19,27222
425.59,16643
426.46,19397
425.17,4460
425.19,10302
424.65,13874
424.75,24776
425.5,27846
424.97,23470
425.69,57074
426.53,35442
425.86,26441
426.13,18126
425.77,10725
424.77,22100
423.37,30320
423.7,13898
424.22,8254
423.8,19346
425.15,12881
423.75,16536
423.94,13868
423.92,85162
423.16,29002
421.45,43171
421.75,28323
421.39,40363
422.98,32947
423.31,10442
423.41,11606
423.26,13970
422.62,17587
423.12,15422
420.9,13734
421.65,15671
422.23,79117
422.63,63191
417.48,36223
416.27,21191
416.63,40438
415.18,18955
416.52,10114
416.96,14650
416.22,10301
415.25,17897
417.96,13126
418.66,8147
418.19,17795
417.65,77530
417.71,80230
413.39,20301
414.23,38859
413.08,42404
414.15,14458
413.67,11156
414.05,16526
412.56,9607
412.96,11406
413.41,28638
412.88,17762
413.38,21763
414.09,73513
413.03,41960
413.57,25828
411.35,15545
411.56,16486
412.03,9714
413.03,7532
412.54,7405
410.17,11566
410.64,9351
411.67,6079
411.37,6179
410.95,10130
410.41,52935
413.36,35720
411.41,37124
410.62,25595
412.81,10846
411.19,4907
412.93,12243
412.85,15868
413.6,3718
413.29,19912
412.59,30668
413.14,19549
413.26,28144
412.22,99577
411.39,106633
409.93,49805
411.04,31376
410.82,32837
410.68,24767
410.22,20377
409.66,32434
408.5,16828
408.56,21471
408.53,17881
407.53,30599
404.53,45631
405.42,92618
406.09,80699
408.65,32773
408.15,45899
408.89,19049
408.88,16444
409.87,11619
409.52,34693
408.72,11444
408.04,13562
408.23,21921
408.7,28765
409.2,29463
409.06,65371
410.87,38651
410.67,48239
411.79,34727
413.34,32106
414.27,53776
414.84,35664
413.79,67729
413.08,14727
413.52,21165
412.52,21230
412.85,15766
412.45,17229
412.62,75121
409.75,67590
410.65,30775
410.4,29623
409.66,20521
411.2,19631
412.06,23047
411.73,14435
411.17,12101
411.4,17370
410.95,13125
410.41,17932
410.56,15529
410.54,86329
411.32,56847
410.05,65035
412.01,22112
410.76,9888
410.56,13590
410.42,18536
409,16794
409.59,8354
409.94,9863
409.66,11769
410.46,17167
410.91,12024
411.2,39929
413.02,56796
416.83,34375
418.65,28244
414.87,13775
414.33,20995
415.75,7099
415.24,7785
415.3,16344
415.55,18830
414.97,17413
415.08,19585
415.54,16443
415.41,65982
417.2,41374
415.7,43407
412.9,40352
411.78,38995
411.84,23919
411.11,59316
411.82,25290
412.68,22974
412.08,19393
412.3,16150
412.67,23669
412.6,19923
412.4,140560
410.47,55333
406.07,42441
408.65,31182
408.93,24747
410.62,24835
409.32,16913
410.19,12406
410.92,10107
410.01,9729
410.16,10154
411.08,10639
410.91,15065
410.87,43231
417.47,69869
412.79,22633
412.97,23368
411.35,13637
412.83,15091
413.72,17891
413.02,12368
413.04,11506
412.83,14522
412.81,20612
411.04,5327
412.39,17853
411.89,49211
412.53,39857
412.55,31177
412.48,19238
411.54,17207
413.4,14613
412.19,9552
411.94,15451
412.38,11832
412.56,13114
412.68,13129
413.09,6042
412.94,22129
412.95,55027
411.77,32526
412.05,29771
412.21,34312
410.35,24499
409.13,14208
410.44,15838
410.51,7013
411.04,16822
411.7,5424
412.04,8973
411.99,7192
412.14,20918
412.55,57054
413.75,98703
421.37,98082
423.33,61307
422.14,32646
421.25,17173
421.9,17234
420.92,19841
422.63,10632
422.5,31839
424.37,42797
424.71,15865
423.83,22513
424.16,82686
425.91,69365
424.29,97265
424.04,40611
423.82,38542
422.99,25923
424.1,25454
422.41,23021
421.81,18861
419.99,19684
418.79,25571
418.44,33564
419.43,27651
419.67,70991
420.41,41544
419.85,61296
419.22,23450
419.19,20144
419.52,18023
418.85,13187
418.85,13085
419.48,13102
419.69,13533
418.86,11445
419.44,20655
419.57,19558
419.99,62466
421.89,91534
426.6,41804
426.02,38735
426.09,30037
425.82,33379
424.93,14087
425.7,11948
425.36,16090
423.4,21764
423.25,32410
423.58,11575
423.92,17429
423.6,59649
426.64,45073
424.12,20471
424.9,29795
424.34,26656
424.09,23095
423.71,24720
423.49,17647
423.18,47751
422.62,14778
422.97,36561
422.54,26930
421.88,22679
422.41,82453
422.75,45880
422.93,53519
423.3,36733
424.21,34580
424.6,16541
425.29,30160
425.06,13669
426.32,16884
426.26,17699
426.35,19259
427.42,19125
427.28,29944
427.98,68181
432.57,121083
429.95,69579
432.82,56970
431.25,62345
431.19,45835
431.58,29930
431.3,25584
432.12,59626
432.3,63818
429.28,38568
429.52,31687
429.61,58878
429.9,217289
410.5,292157
406.07,146240
402.86,96932
403.01,87507
403.22,75306
403.75,108396
404.17,102268
404.91,42385
404.15,54292
403.39,61931
403.98,86579
404.31,75833
405.16,172882
404.07,127271
405.92,65793
407.12,66497
408.6,69638
410.15,54753
409.2,31365
409.03,29960
408.91,21093
409.75,26664
407.78,17446
407.25,21512
407.37,30036
406.78,89726
404.96,52547
404.35,32907
405.09,27083
405.03,36683
403.34,35063
401.96,26374
402.39,27472
402.37,34396
402.87,27538
403.11,15391
403.12,13600
403.4,27888
402.74,89430
403.83,74351
408.08,51776
407.74,27184
406.98,38210
408.85,22055
409.66,21911
409.52,16653
408.44,28744
407.05,26986
407.05,22611
406.57,21738
406.43,22286
407.24,69186
407.65,161781
412.93,80858
415.2,47043
411.31,48674
411.06,39756
411.29,103830
411.03,25578
411.28,32791
412.2,20332
413.47,21696
414.1,27042
414.67,24597
414.65,105591
415.62,82327
417.36,51201
417.91,40473
418.8,33851
420.61,27529
420.38,51810
419.69,36321
419.46,65640
419.91,58995
419.68,34809
420.24,32026
421.38,38659
421.4,76803
420.5,65288
421.31,59073
419.35,25014
418.95,28977
418.8,37420
418.89,25152
417.54,19328
417.47,11762
417.73,16258
418.55,9516
418.76,5280
418.22,19218
417.94,61401
417.72,49024
418.09,86500
415.48,67278
414.49,61455
412.27,57711
413.79,28499
413.92,26324
412.26,26480
413.99,23099
414.46,11713
414.51,13940
414.37,12002
414.02,77276
412.78,62445
414.11,40484
414.17,33368
414.17,25149
415.13,43441
415.07,46243
416.18,27300
414.89,24150
416.82,35263
417.99,23977
418.48,15105
418.81,27867
418.54,76412
416.77,56467
414.08,43181
414.37,31257
414.87,23390
417.84,30314
419.86,35011
421.74,41922
423.68,33554
423.43,34408
423.89,22550
422.2,25845
421.52,40116
420.21,119345
420.11,119922
420.52,72319
421.14,33111
420.81,37348
420.75,54918
421.96,12419
422.45,122592
418.75,40196
421.68,21197
421.15,26846
422.24,26324
422.6,41259
421.4,78981
415.71,69315
414.26,44616
412.71,31947
411.77,25196
412.23,34513
410.02,25689
410.32,25699
410.15,17522
410.22,25365
409.87,39753
409.26,42639
409.42,48966
409.97,124201
410,44811
410.44,38581
412.69,32125
412.61,21059
411.59,17316
411.1,17498
410.35,19337
410.79,18693
410.89,31867
411.1,28865
411.22,21901
411.79,22115
410.95,66661
408.85,47020
408.11,36554
408.31,42922
408.46,32131
409.16,31959
409.98,19681
410.32,18624
410.85,18040
411.77,18311
412.94,16819
411.75,24906
411.17,17729
412,61676
412.41,46236
408.6,58564
406.45,23560
408.35,25614
408.53,24673
410.87,20853
409.1,11239
409.13,10018
409.45,15642
409.36,24629
408.44,14530
409.02,22115
409.81,94062
415.63,60976
409.86,46427
407.23,42882
409.91,22218
411.3,24483
408.94,24962
410.63,13919
411.15,19008
411.65,29383
409.72,38048
408.85,24850
408.95,43566
409.76,61396
407.42,40253
410.65,33122
407.9,32878
409.38,34045
408.99,26124
409.56,20663
410.19,23744
410.56,23384
410.95,28046
410.54,17547
410.57,16444
411.03,31632
410.56,93400
414.62,96085
411.96,40303
411.78,31960
411.84,31446
412.56,28385
411.83,25970
411.41,25038
412.02,21544
412.65,32622
412.33,19460
412.31,8954
412.56,17712
412.64,66273
415.96,126390
420.23,59932
420.68,48203
421.6,22758
421.28,22731
421.75,16235
421.55,22738
422.74,22643
422.17,19460
422.57,23844
422.33,21102
422.98,22555
424.12,85383
421.47,73313
421.41,39595
421.68,37879
420.39,35838
420.43,24438
420.16,18574
419.8,12499
419.29,22160
419.66,18945
420.25,22082
420.2,20883
420,23362
419.81,98801
416.04,69686
415.95,49037
417.55,25458
417.97,22182
419.07,22297
419.59,28701
420.1,66104
420.1,0
417.81,35631
422.11,30219
426.62,31542
427,38094
426.13,16975
427.29,14697
426.78,14328
426.89,19045
426.61,10224
427.23,14715
427.27,20483
427.03,15084
427.48,45740
425.59,31472
427.42,76440
425.49,24621
426.59,22146
427.32,28597
426.47,25708
425.87,51430
426.22,33463
425.85,22927
425.95,49113
425.51,21721
426.06,28672
426.43,67485
428.63,110373
433.74,59908
433.88,53521
434.98,31335
433.28,30816
433.27,20756
433.32,19999
432.73,10563
432.79,23169
432.62,48830
433.65,15156
433.91,26099
433.42,89297
434.31,77692
432.91,31151
434.08,26388
434.49,30251
435.42,42089
437.11,31550
438.57,35315
439.67,38771
439,12750
438.62,27083
438.75,27699
438.72,25341
438.16,75485
438.06,47929
441.08,28464
440.57,21147
439.13,21927
440.14,20617
438.5,21584
438.73,16071
438.12,23164
439.06,25456
439.29,13855
438.81,10140
439.45,10275
439.96,71702
438.75,60449
437.87,46630
439.42,50532
440.8,24310
442.83,28790
442.39,21770
442.96,11408
442.11,14268
441.86,12353
442.15,14929
441.95,30828
441.87,33818
441.81,69715
440.1,67458
443.86,45032
443.5,20779
443.64,34526
442.07,35290
441.97,17820
442.98,8765
441.59,16555
441.59,18364
440.45,19779
439.66,56552
438.23,40326
437.66,55042
439.93,42875
441.77,40182
443.47,28496
444.23,34983
445.47,17063
445,19534
445.29,17228
445.09,9173
444.85,19408
444.95,10904
444.32,10517
444.23,25551
444.73,43408
445.25,65656
447.88,59803
448.73,59466
451.09,44962
449.93,33451
449.07,22506
449.88,12186
449.83,17123
449.59,16623
448.82,14936
448.09,11361
447.46,24164
447.34,92057
443.95,62214
445.59,48236
444.47,38565
443.44,31350
443.12,28270
442.67,25007
441.81,31064
441.54,35360
443.13,16123
443.43,7361
442.88,11707
442.92,10807
443.2,49898
442.15,139827
442.74,69013
442.18,24754
442.79,25539
443.81,44393
444,49223
443.77,39990
443.74,24181
444.87,11024
444.52,29480
445.29,34133
446.09,49180
447.42,99756
446.34,55850
446.24,65833
447.49,38191
448.63,41473
449.33,39102
450.58,24796
450.1,30657
449.15,21532
449.36,13978
449.52,23922
449.34,37210
449.8,44052
449.58,90775
446.99,72043
443.99,42107
446.06,30224
446.73,34231
447.74,24475
447.8,21807
447.07,12757
447.74,24444
447.2,15388
446.06,35838
443.93,44325
441.73,88544
438.91,182426
437.56,69360
435.56,47234
437.09,50523
437.59,38107
437.82,28150
437.82,29467
435.86,37805
435.85,20436
435.81,15586
436.34,29890
435.58,18737
434.82,36453
434.47,101406
428.86,66234
425.13,55012
430.36,47244
431.9,33675
435.99,36296
437.8,35545
439.12,24579
437.33,37659
435.35,34227
435.03,29527
435.23,33098
433.84,45157
432.71,99034
432.26,36944
431.64,10801
430.55,27882
431.93,16031
433.21,7125
433.92,12577
433.27,12715
433.29,7256
434.3,41809
434.3,0
434.3,0
434.78,18656
434.36,15771
434.05,15685
433.93,8659
434.74,5434
435.07,2791
434.77,6973
434.33,7661
434.8,5301
434.76,4854
434.77,3977
435.5,6022
435.28,30311
430.83,42449
426.3,41302
424.14,19601
425.22,17385
425.61,21044
423.62,24983
422.76,12314
423.64,12761
424.3,6298
425.7,9379
425.84,13010
426.52,23518
425.08,106212
421.97,49889
418.4,37111
419.53,11220
420.26,20801
421.12,13317
421.64,10335
422.43,16622
422.87,15533
421.96,22142
422.91,13489
422.85,18138
422.83,15178
422.51,65863
421.86,31307
421.47,24669
421.07,16480
420.75,18332
419.45,12557
419.11,14536
418.27,29176
419.41,15134
417.83,11961
418,11883
417.97,17029
418.5,20600
419.11,96138
421.37,44311
421.4,30322
418.99,27556
417.84,15339
417.41,22274
417.38,25419
413.99,51366
411.66,30887
411.96,61685
411.78,20993
412.89,21019
412.73,19492
414.24,67292
417.67,43230
418.08,26498
416.9,15440
417.26,16317
417.35,15325
417.66,16253
417.07,9830
417.96,13762
418.64,9511
418.69,16389
419.52,7880
418.84,8916
418.52,43744
424.09,111295
427,53832
428.33,23775
428.1,19600
427.73,14687
427.02,19490
426.17,19194
424.4,23192
423.87,31950
421.86,18335
422.95,14301
421.82,12238
422.53,68200
425.01,69012
425.88,45518
424.52,43460
422.72,33494
421.6,32318
420.62,16513
419.51,21987
419.78,16681
420.04,13523
419.34,12946
420.46,20793
419.71,23047
418.06,76550
419.83,54764
421.64,28968
421.77,33461
422.03,11848
420.68,17193
420.76,20344
417.72,19935
418.92,15862
420.13,19548
419.24,25936
420.93,31294
419.45,28870
420.16,104083
420.64,100703
415.71,88347
413.83,66596
414.11,30420
413.54,28603
412.55,27283
414.38,29507
415.74,21977
418.2,24736
419.06,40084
417.36,32514
416.91,27204
416.03,109428
411.04,51446
411.02,54529
410.35,46818
410.93,34910
409.52,43821
408.89,34659
410.05,16452
411.43,15088
411.11,32844
411.01,37543
412.01,29988
412.82,20584
412.16,53043
413.81,52940
413.02,49472
413.01,55326
412.17,31091
412.19,25979
410.42,11779
410.67,16577
411.02,11984
412.13,23381
413.09,11283
413.01,27430
410.36,99435
407.99,108609
415.42,97703
419.92,39641
421.26,45960
420.8,61801
421.94,26529
420.81,18231
421.19,31792
420.7,13368
421.58,9341
421.88,16767
422.56,21156
423.25,26358
423.66,80606
425.26,101631
421.98,32333
422.03,16000
423.3,38249
422.9,17139
423.14,12686
423.25,8135
422.74,13558
422.37,23796
421.5,15274
422.89,16955
423.74,15992
422.71,70664
430.08,128223
424.88,75634
425.12,72770
424.91,51495
425.81,55891
424.98,38215
426.53,52999
427.37,30142
427.79,21300
427.13,45124
426,20946
425.82,30917
426.28,145309
426.05,67067
422.39,35408
424.31,27869
423.43,15143
423.96,26631
424.76,19635
424.51,22177
425.72,28730
425.31,57511
423.95,66194
425.12,36861
424.18,14691
424.91,62563
433.5,118975
437.06,69438
435.55,63791
437.05,50849
438.32,49136
440.02,56043
440.54,24040
440.99,33382
440,54107
440.5,47391
441.25,18717
441.07,29359
441.17,112275
437.56,46666
439.53,27952
438.74,15103
438.73,32527
439.27,22704
439.43,17618
438.81,12076
438.36,14361
439.21,16440
439.59,9019
440.06,16389
441.06,21692
440.82,55139
441.23,55981
440.63,42294
439.52,24110
440.81,17175
442,24144
441.56,29106
440.54,19376
439.91,19535
439.73,27652
438.13,16351
438.19,19678
437.92,16881
438.56,76299
420.05,258328
425.63,91258
427.02,67241
425.29,68469
423.21,89901
423.31,26459
423.05,32128
423.86,46493
425.29,31800
427.58,33472
430.12,29739
428.85,34115
430.37,103109
429.74,102636
430.68,87518
438.1,53081
437.31,37812
437.69,43702
438.94,33916
440.35,30814
440.74,36095
441.81,31498
441.2,29597
442.51,61970
443.66,49585
442.34,179736
442.47,83941
437.43,62901
437.8,24430
438.47,33839
438.08,35951
439.7,36891
439.4,11979
438.7,20083
438.9,14915
438.07,27103
437.9,47342
440.53,61014
440.77,94234
414.41,336444
417.65,299134
411.1,106816
411.05,103232
411.33,77666
412.36,81392
410.53,73259
410.53,60226
411.81,71601
410.99,75781
411.3,92635
411.74,78666
412.02,260710
414.94,89006
415.17,98158
413.36,84942
413.28,59763
412.09,48017
412.78,50548
414.54,50490
414.36,56684
413.53,91250
412.98,98397
412.42,84884
412.32,65290
412.34,98479
407.66,169542
407.26,98449
407.69,49100
408.82,56906
407.85,65131
407.19,42118
407.62,57774
408.02,23970
409.2,19198
410.89,36095
411.1,52792
410.14,58799
409.65,157163
407.94,133362
407.37,47166
409.13,31259
409.44,19615
409.22,20308
408.61,18136
407.07,33215
407.78,22128
407.79,21974
407.6,33522
408.56,35503
408.6,28347
407.99,86802
407.57,44786
407.46,39635
407.7,26384
407.43,33218
408.69,37149
409.29,14242
409.11,36357
409.01,21421
408.01,32187
408.58,24370
409.02,21730
408.94,35512
409.13,71243
410.37,66960
413.12,25705
413.03,26033
413.14,36550
413.59,15062
412.77,17455
412.05,17085
412.71,23234
412.24,16935
411.48,29262
411.86,19108
411.05,24200
411.08,116248
412.16,61865
412.38,60687
408.65,54809
408.18,33831
407.41,42692
406.47,42410
406.29,21695
406.4,23489
406.82,26915
405.1,48722
404.34,37504
404.74,19199
405.22,119650
409.72,117296
408.4,27183
410.18,27738
411.02,26544
410.87,14171
410.07,24298
408.05,38263
408.67,12753
408.86,12664
408.48,21955
408.13,31136
407.79,38648
407.55,98559
405.64,43375
407.12,24021
408.23,19422
407.69,16166
406.72,8447
406.43,13679
406.45,18898
406.15,14544
406.03,12808
406.34,12041
406.72,21129
406.99,18220
407.71,35289
403.47,54226
404.35,45441
405.1,50492
404.31,42219
403.84,25090
405.43,37496
405.26,42892
406.64,79951
406.4,37847
406.1,33445
405.55,33751
405.72,35812
404.26,71680
403.34,77499
403.74,75425
404.03,45102
405.84,22379
404.71,13449
404,12861
404.39,13083
403.92,12880
404.17,24321
404.72,30834
405.96,22169
406.41,19709
406.62,77503
403.81,186172
402.64,49923
402.32,47684
403.85,28546
403.84,39765
404.07,17765
403.65,15677
403.83,20062
403.99,18272
404.6,11644
403.83,18558
403.27,24955
402.95,64151
404.12,60054
405.98,52347
404.09,26600
405.22,17489
405.11,14438
404.97,20628
404.43,15026
404.68,14100
404.06,16175
403.84,31434
403.5,9109
403.22,21150
403.67,61993
404.57,55643
405.41,35840
404.3,27296
404.44,149448
406.33,29800
406.7,31876
406.54,18859
407.03,41905
407.82,44207
408.04,28406
410.02,31151
410.62,28949
410.65,65230
412.27,91593
410.75,44715
413,54339
413.09,92279
414.87,25594
413.44,41494
414.5,17114
414.23,19403
414.32,24481
414.03,20592
414.32,20494
413.58,25638
412.65,54389
414.38,45347
411.39,35544
410.15,56076
410.78,25239
410.43,24572
410.39,29193
410.21,38835
409.52,30191
409.36,44859
407.33,25121
406.03,32417
405.56,69056
405.97,80250
405.84,169849
398.44,100568
396.92,48956
400.26,47015
400.21,41025
400.06,21294
400.89,20936
400.93,18505
401.55,22497
401.16,28913
400.77,30763
401.42,28443
401.69,94037
398.15,149078
398.26,97134
395.5,65647
396.65,78224
394.97,101853
396.29,50028
396.89,52379
396.09,70369
395.26,71386
395.33,56095
394.5,59418
395.2,41558
395.87,172799
394.7,90373
396.9,62900
399.11,41881
399.62,42043
399.71,15643
399.28,14315
399.63,29878
397.99,33959
397.02,29324
395.54,22452
395.87,20520
395.47,27327
395.58,49399
398.22,102244
396.59,44424
396.4,30289
394.76,28044
395.04,24413
394.2,30489
394.85,24069
394.25,20076
395.36,29833
394.76,32359
392.96,49235
392.1,69892
390.81,156940
389.78,111666
387.33,56562
388.71,52714
389.24,45584
386.5,27175
388.52,29193
388.83,31882
387.32,36967
388.26,34630
386.95,30711
387.81,24185
389.29,35357
389.97,148165
395.21,120167
389.92,60430
391.61,42582
391.28,29290
390.83,24046
391.62,25783
392.05,30051
392.04,23607
390.29,27843
390.78,20617
390.51,35623
389.48,45148
387.11,134873
380.46,186379
380.53,73875
380.19,57602
382.09,57810
381.31,57729
382.01,67252
383.03,50607
381.78,42312
382.48,23414
384.51,42373
385.58,54593
387.83,73231
388.87,100428
386.06,82084
388.27,62008
388.6,46663
389.31,42688
389.06,38618
389.12,33876
391.82,70082
393.89,42415
392.45,51625
393.66,84877
395.81,75601
396.81,117146
397.79,182711
391.12,156969
394.14,110333
398.26,37786
397.54,50399
396.91,34554
393.6,33619
392.81,32136
394.37,37101
394.08,60715
393.86,73992
392.24,119529
391.66,59655
394.07,122523
389.46,109226
389.26,67680
388.33,56501
387.63,38879
385.15,53256
383.83,35436
384.74,32450
385.36,30858
386.89,21128
388.72,46789
390.66,26209
389.93,40114
389.39,109548
376.27,87284
378.51,121396
380.07,81445
379.17,73944
380.27,50491
378.95,53956
378.45,38013
376.5,58394
374.19,36734
376.48,31870
378.91,55239
381,34241
380.23,99216
380.04,131306
377.65,66103
377.61,45397
376.86,44639
378.78,32707
379.79,35284
381.23,25335
380.28,16309
381.19,48663
378.69,36372
379.94,52271
381.49,83798
380.48,109669
380.08,93076
377.4,57480
379.68,39634
379.8,38316
376.89,41361
376.5,39688
376.39,31714
376.73,23411
375.66,27767
375.08,33807
377.12,31378
377.1,35291
375.75,76993
376.89,82609
379.92,50355
378.6,44945
382.7,40164
382.37,51647
384.01,27926
383.29,20753
384.57,22501
384.74,14518
384.34,9550
384.26,20941
385.41,17991
385.12,91252
383.19,55523
385.95,39083
386.08,34167
384.96,27579
384.03,20874
383.3,19493
384.06,27984
384.66,23073
385.53,29170
387,30075
388.79,26486
389.22,19325
388.12,68839
384.34,76535
381.12,52438
380.99,47830
380.25,29120
379.47,49392
379.74,33999
380.41,48193
379.3,47205
379.37,37016
379.79,22913
380.15,29940
380.04,57055
380.14,80082
382.07,54003
384.09,33920
384.18,15824
382.58,18708
383.24,14579
384.61,7834
384.13,16095
383.74,21140
382.14,16490
383.04,26371
383.25,32762
385.4,24703
384.7,64531
382,41564
383.82,43041
387.89,30084
386.57,27641
385.55,27995
384.66,43844
383.84,17264
383.65,18826
382.74,12272
383,17971
381.7,17753
382.92,13558
382.95,71087
380.3,44616
381.98,18671
381.88,40727
381.93,20572
380.97,29970
380.62,28703
382.65,19305
383.08,20022
381.81,18834
383.11,39254
382.39,24787
383.01,31051
382.7,170595
392.29,103904
389.11,60940
388.7,29871
388.97,29543
389.97,51752
390.01,22994
389.46,35897
389.39,24548
389.6,19583
389.13,18021
389.03,30025
389.77,28990
389.9,76837
390.78,46786
391.72,55453
391.85,29539
392.55,24376
392.33,19559
391.55,21487
391.43,26716
391.53,14620
391.68,20278
391.76,19512
392.32,12936
391.74,26157
391.07,39292
392.07,64927
389.32,43409
389.93,30125
391.51,20685
390.83,17335
389.63,25191
389.8,34697
388.94,18996
388.72,31544
387.1,15376
387.36,22299
386.11,21913
386.6,97192
387.05,51395
387.15,60027
387.78,33363
387.67,19789
387.63,22433
387.31,29871
387.75,18130
386.75,29889
386.86,18900
386.89,21757
388.01,13107
387.96,18572
388.82,67891
385.24,39818
384.51,33271
381.56,34790
379.67,42714
379.67,31966
378.64,41791
377.71,34593
376.47,64079
374.73,54399
375.73,28126
376.39,45054
375.28,38735
375.01,77178
369.78,131427
367.71,90835
365.19,79763
365.39,72188
366.52,93555
368.15,53974
369.07,61279
366.97,100168
368.33,37588
367.7,52534
369.61,42609
369.15,50938
370.06,238935
371.81,107673
375.39,75717
374.61,46077
377.28,40833
378.23,29771
378.16,47074
377.65,27437
378.11,28039
378.18,23407
376.87,39595
375.81,35821
377.56,22782
377.42,111443
375.36,63041
378.34,51127
378.64,40046
378.83,34157
379.59,38885
378.36,27070
380.38,31543
381.2,32715
381,33519
379.13,41436
377.38,33598
378,27829
379.4,59695
371.76,252202
369.38,116460
370.66,62723
368.8,49474
371.28,65635
372.08,35534
374.02,38409
373.56,34620
372.87,41442
373.75,66110
372.72,43513
372.73,56817
371.98,149946
361.22,252058
369.7,191143
367.83,163445
365.09,189483
363.9,69676
364.37,59776
361.84,58630
361.77,32578
361.73,54557
362.94,47814
360.05,41430
358.46,66923
360.35,244536
347.7,230290
350.53,278303
352.76,135238
357.8,115329
350.27,54595
353.12,41680
353.17,48021
350.07,84565
356.39,73503
357.78,86693
355.4,70621
354.65,89587
352.73,165972
365.46,165941
368.87,72899
369.24,73401
366.5,53850
364.36,46348
363.94,55834
361.9,65836
358,85912
355.62,57567
357.97,63614
355.76,66155
356.11,110895
352.97,208254
350.42,114318
358.1,65949
358.32,53633
354.94,59965
358.32,61108
357.78,58043
360.5,45494
363.19,137163
376.65,186620
381.43,127483
382.25,84750
379.52,78981
384.85,225184
379.16,114446
377.56,75554
375.42,38645
376.63,53421
374.72,51951
371.56,90167
366.66,85369
371.5,54705
371.14,45620
373.1,58355
376.77,50630
376.4,88323
377.14,136836
377.88,76391
381.56,68908
376.47,43370
380.27,30367
379.53,36146
383.1,31327
383.51,42174
383.89,27996
382.55,53968
386.05,23830
385.41,30270
385.08,36096
385.52,125698
389.74,68439
387.95,45099
389.67,39021
390.03,35333
385.77,46365
383.29,51875
382.78,27914
381.34,31824
383.42,20560
384.99,32108
385.5,21004
385.26,32054
386.51,76611
385.32,63099
386.75,62266
384.17,51919
385.8,42913
384.88,32279
384.56,24033
385.32,25628
382.77,38716
381.93,48673
382.31,14881
382.83,21733
382.81,42414
382.44,72229
377.76,83803
373.26,45077
375.75,29813
375.82,47980
376.69,25571
373.85,14238
374.57,15784
374.38,12984
374.23,43754
370.34,34773
370.13,35392
367.8,61740
365.85,150691
370.78,67915
369.62,55928
367.43,32041
366.89,33982
367.66,38298
368.16,50730
368.98,43670
368.68,34208
367.59,31682
368.25,55453
367.93,54702
366.6,80294
365.59,102288
360.29,60612
358.25,52628
357.48,41946
357.46,46146
356.77,79275
355.74,26437
355.51,31267
356.1,28634
355.84,21711
354.64,18266
354.82,38544
353.27,40196
354.51,124032
360.61,72597
358.51,65433
360.1,47777
361.9,40329
361.43,76030
363.21,41847
364.46,31506
364,49969
360.88,31585
360.39,22979
362.76,21388
363.7,33071
361.75,101462
373.36,112484
376.31,48969
376.06,35570
376.64,46496
373.97,31923
373.1,33088
372.15,28360
374.04,26885
374.19,17510
374.21,26338
373.29,25226
373.16,38928
371.43,198495
372.86,51894
378.53,35919
379.99,29280
380.3,28023
380.56,30798
380.42,33204
381.61,20065
381.38,14024
382.3,23621
382.74,14068
383.26,29964
384.02,40207
382.89,100341
384.32,72620
384.02,45209
383.23,23269
384.49,19608
384.21,16037
384.83,13073
384.91,21987
385.48,26831
387.55,41616
386.89,15250
387.21,14687
387.14,21808
387.45,87720
388.98,87740
386.97,30777
386.48,15938
387.46,14017
385.47,9358
384.86,17508
384.47,8380
384.68,14647
384.19,15819
386.38,35126
387.99,17774
387.92,26031
388.48,89228
388.53,44177
390.43,44862
390.72,10456
391.42,21947
389.67,7512
389.72,10270
390.2,16192
389.12,28295
389.71,31644
390.44,9107
391.15,12215
390.47,8914
391.05,58042
387.1,86872
382.16,67739
385.48,37791
385.58,40876
387.49,21060
387.45,32200
386.36,17996
387.31,31523
387.11,16888
387.45,40340
387.61,26820
387.22,36225
387.4,169530
428.02,722141
428.49,225321
427.79,139485
428.8,132755
428.85,62523
425.85,74622
425.97,97172
424.53,69868
425.85,76992
426.39,62620
426.72,55250
427.53,118295
426.72,260819
429.2,178893
433.68,95201
434.52,68389
431.88,42509
431.62,33812
432.86,47545
433.97,35225
434.39,25320
433.14,38405
433.25,28644
432.9,35195
432.25,45976
432.34,77799
429.59,60582
432.88,36829
431.82,22642
434.12,19891
433.27,43499
434.2,22040
435.93,23191
435.67,18861
435.53,17336
434.59,26901
434.42,32959
434.75,30641
433.46,78386
428.47,84028
430.29,23925
431.55,26184
432.46,14675
433.01,15101
432.7,19648
432.72,15207
432.42,25119
432.63,13220
431.27,6501
432.43,9496
432.4,12358
432.12,44697
430.34,77414
431.37,42079
432.04,53623
428.9,59338
429.95,29010
430.28,23894
431.01,14470
432.63,24495
432.35,19950
432.04,25633
430.12,32192
432.72,22744
430.49,108825
434.41,79917
434.65,23028
434.39,15272
433.49,34806
436.62,44189
438.37,38217
438.69,27058
439.71,22239
440.16,25276
438.65,14801
439.16,14251
438.72,28093
438.66,105787
436.61,40242
435.74,22110
434.04,19190
434.17,13759
433.91,25952
434.31,21822
433.06,13341
433.49,8486
433.51,21744
434.66,33348
434.59,31580
435.51,49025
435.77,65174
442.54,157280
437.74,54076
440.57,26592
440.5,19836
440.33,24162
439.73,13801
440.54,26603
442.32,24087
442.96,16595
443.67,16469
444.57,17896
443.7,27484
443.56,90036
444.25,53400
446.17,36893
445.41,46743
444.72,48253
444.61,22284
444.23,20195
444.48,15351
445.23,21507
445.17,15099
444.78,24096
444.13,25079
445.15,22350
445.96,69778
444.74,89007
449.92,45866
449.42,45635
449.54,29648
449.25,25597
449.26,18934
448.91,17891
447.95,14741
447.42,12682
447.85,13607
448.21,18996
448.37,25458
447.95,96746
448.02,58896
450.63,51100
450.93,41258
450.51,32046
451.84,28366
452.72,32272
452.49,16838
452.94,18062
453.38,39661
451.66,25509
450.95,27945
450.38,49283
448.83,98027
449.91,90146
446.76,69037
446.95,39999
447.41,26536
447.41,28035
447.18,64547
448.1,57295
447.49,31034
448.03,32690
449.41,24556
450.19,27528
450,25157
450.43,66180
448.3,84954
453.61,68883
453.08,26649
453.85,26606
454.15,23728
454.59,32038
455.45,39194
455.63,38131
456.11,18817
455.81,20655
455.4,20202
456.06,33248
455.44,57818
452.85,44932
452.39,27753
452.91,21253
452.86,26531
453.6,11392
453.45,13083
454,31769
454.2,29909
454.69,25561
454.13,25858
452.63,26513
452.69,35804
454,89869
452.12,73375
453.43,46620
453.32,41161
453.63,52532
454.28,43175
454.74,48618
454.22,25958
453.67,60260
449.83,49069
451.87,36572
451.02,39345
450.62,36986
449.82,75945
451.76,138399
456.61,84798
455.19,29424
454.7,28532
452.37,22163
453.57,19775
453.55,14955
452.1,24771
452.86,14296
453.43,20742
453.68,29129
453.96,19858
453.84,68025
447.27,61708
447.2,37136
448.75,22970
447.79,28150
448.19,16647
447.91,12422
448.4,27519
448.81,26135
450.26,27110
450.41,20960
449.69,17648
449.34,20782
448.89,70699
453.8,55334
454.8,70845
455.33,32310
454.5,24288
455.2,46173
455.68,39869
455.61,33766
456.12,37675
456.44,24204
456.67,18029
457.01,26054
456.81,34150
456.81,123124
458.56,88719
457.94,38014
457.02,26469
456.76,25561
456.91,34815
455.98,18203
456.09,21517
455.39,31306
455.27,19343
454.96,23169
455.9,21588
455.54,24879
455.11,82354
458.49,49485
456.03,21546
456.12,22938
457.07,30281
456.62,13962
453.35,26774
455.86,42339
456.47,14984
456.01,9373
455.55,10329
455.03,12053
455.59,18789
455.55,128974
456.81,41428
455.7,25223
456.74,28739
455.98,18280
456.47,17175
456.64,29435
453.6,34136
454.06,19367
454.37,20145
454.67,17237
456.19,21422
456.49,31330
457.95,131584
454.86,64953
458.05,32327
457.82,31456
458.33,34003
457.91,15493
458.55,14294
458.19,10975
458.67,18325
458.33,21663
457.86,26628
458.88,14859
458.9,18513
458.9,49661
459.26,55343
460.07,44469
459.14,26056
459.57,37158
459.72,28336
460.02,22196
459.85,23862
460,14654
460.4,15226
459.83,20892
460.84,20424
460.74,23676
460.66,66841
461.33,64284
461.92,43471
462.07,33925
462.12,26873
461.79,19825
462.06,13831
461.14,14425
461.49,17393
462.07,14193
462.23,12385
462.07,15957
461.76,30238
461.64,45937
462.27,46429
462.18,26625
463.67,63239
463.99,23125
464.95,49987
465.27,52458
465.5,40732
463.77,23530
464.67,31518
464.99,60179
466.26,25925
466.65,48293
464.83,69112
467.37,110109
469.46,57760
469.03,31025
468.38,14660
467.86,19716
467.99,9224
467.5,13260
466.81,15740
467.91,14181
468.23,10473
468.89,15466
468.33,17510
467.87,39433
466.97,65100
466.78,31920
467.45,16476
467.37,22957
467.42,32438
467.79,26406
467.94,30477
469.18,12699
469.61,13706
470.03,18821
470.13,29673
470.58,25345
470.54,60148
468.58,65518
467.39,29218
467.25,32297
466.35,20974
466.31,29193
465.93,11964
466.7,18996
467.1,14628
466.77,11026
466.03,28821
465.53,57442
467.22,37733
467.47,90943
467.24,59522
470.36,39579
471.91,43167
472.21,22812
472.01,22538
471.19,15306
471.41,17203
471.79,19032
471.89,21713
470.37,22804
469.02,17008
469.34,19702
469.35,54281
472.45,81036
472.36,51234
473.76,25683
474,34408
474.01,10575
474.97,25304
475.94,33738
475.88,54010
476.7,19852
476.69,24470
476.65,20846
476.96,36382
476.91,107399
473.06,63035
476.12,42557
472.45,28640
473.65,39540
473.62,12779
474.54,20117
474.46,22848
473.84,17739
472.72,7851
473.14,13729
471.3,23824
471.63,20437
471.6,73236
472.61,78855
476.87,43475
477.3,31921
476.75,42699
477.4,20425
477.53,28128
477.4,7192
476.94,11957
477.44,15736
476.19,11514
475.86,19439
475.56,14707
475.76,73703
472.58,49339
472.66,22568
473.32,22593
473.08,27586
474.1,27050
474.73,19576
475.15,19105
474.33,21112
473.5,22439
473.22,15620
473.97,16142
474.41,12154
474.95,45515
475.56,50400
474.5,30061
475.5,21084
476.61,26441
476.08,18827
476.06,8423
476.2,6794
476.21,14565
475.56,12861
476.86,17762
476.6,20689
475.48,19505
475.75,75230
479.32,84131
477.96,42403
476.64,39342
476.92,21824
477.22,23110
477.25,56527
476.99,26283
477.46,20574
475.87,48102
475.83,27136
476.04,17809
474.62,23086
474.64,74959
475.05,102610
472.67,66299
472.89,51246
474.16,52871
476.18,28999
477.25,22071
477.55,46235
478.21,71950
483.55,31717
484.05,46318
484.1,17654
483.1,24671
483.52,59790
486.13,104927
484.76,30722
484.81,48916
486.22,73302
487.75,100647
488.28,54227
487.87,54128
487.48,37369
487.79,34297
488.82,33116
488.37,34055
487.81,27142
488.03,79637
488.99,71750
490.46,41253
490.87,30616
490.02,24823
489.76,29542
488.92,25175
488.79,19403
487.92,24033
487.78,16487
487.7,10169
487.64,24291
487.9,41708
488.3,68188
490.41,59691
493.12,40620
492.42,30296
490.8,28661
490.38,18404
491.32,20638
490.98,46208
492.73,32742
493.07,35174
493.55,37720
494.79,48578
494.46,48443
494.53,168326
494.44,54020
494.22,45462
494.82,39367
493.93,21887
495.06,27237
496.17,37643
495.09,38124
495,15765
494.58,44020
494.32,31970
492.48,30120
492.1,23190
492.1,110123
494.21,62755
494,63991
493.07,40723
493.8,34016
494.56,52207
495.76,30815
494.95,29934
495.18,16161
494.77,17667
494.69,17147
495.19,32073
495.92,18251
496.11,88937
493.58,78770
494.57,38960
494.19,55581
492.53,65592
490.72,40217
488.96,47423
488.99,49649
490.71,61468
490.43,45888
490.42,37566
489.66,36980
489.36,56773
489.52,68778
486.73,85747
488.03,38821
488.82,34475
488.97,28266
489.14,28435
489,17358
489.36,15347
488.4,22517
487.41,51843
487.66,20228
487.15,20435
487.33,24349
487.35,80962
490.96,65980
493.21,97943
495.48,48207
495.73,74698
495.51,57063
496.68,34385
496.08,65539
495.7,311
495.7,0
494.49,44772
494.93,33699
494.69,37395
494.71,10851
494.9,17338
495.45,28189
494.86,14608
494.21,14020
493.51,13023
493.63,30398
492.43,21242
494.23,18928
493.82,45331
494.47,35861
493.76,21026
493.17,19827
492.43,32308
492.18,14678
492.32,13881
493,11606
492.72,13718
493.21,12537
493.48,14787
493.05,13016
493.19,7662
493.18,31296
497.41,104365
502.32,77696
501.63,33319
499.1,44583
498.42,30075
497.11,39566
498.25,33346
497.36,24707
498.58,13518
498.8,13937
499.57,8890
499.66,17012
499.38,50091
500.14,49440
498.41,41797
495.77,18845
496.66,29317
497.25,39722
497.42,38027
497.23,19814
497.28,27983
498.03,26737
498.49,13765
498.56,16702
498.91,17443
498.66,46876
495.51,34915
497.99,30189
498.57,23540
499.07,27065
499.88,15749
500.95,19629
501.62,13238
501.68,17982
501.68,11371
501.17,11782
501.37,15489
500.14,20504
500.32,28293
498.58,46097
499.75,34061
498.46,19035
499.96,20498
500.03,15765
499.85,16895
499.55,9135
499.48,9629
499.77,21832
499.74,15785
499.97,11743
500.15,26424
500.15,37860
499.9,52566
502.44,34723
502.59,20308
501.91,31316
504.33,28733
504.16,15060
504.37,20268
503.52,13310
503.93,8928
505.03,7339
505.1,13357
503.94,10942
503.67,36008
502.27,72912
499.92,42472
500.95,34177
501.54,22711
501.42,30072
501.51,13757
500.96,10613
502.16,7837
502.65,12805
502.22,5886
502.84,6731
503.33,14000
502.81,35857
503.05,44711
506.91,49999
507.01,31884
508.32,31969
508.92,33203
510.01,25377
509.86,12711
509.8,27481
509.85,16510
509.76,14546
508.89,14127
508.52,18809
509.11,87598
511.21,63711
509.12,45172
507.53,33513
507.49,17459
507.46,20863
506.66,13736
505.8,11229
506.88,6416
508.06,8603
508,7700
508.68,13027
508.66,13038
507.15,81331
503.78,64080
508.96,19347
508.43,14735
507.71,25729
507.56,15431
507.77,28621
507.5,27968
508.01,29886
508,14771
507.26,14758
507.57,14335
507.6,18202
507.18,52554
508.02,47662
505.05,25898
506.13,38812
505.88,14005
505.29,20363
504.24,17311
503.78,17481
503.97,15134
504.63,14594
503.57,16507
503.02,26170
503.41,16465
502.89,38570
503.86,75647
500.16,56474
499.77,39240
499.58,34660
499.52,27674
501.59,27777
500.45,29198
500.87,15353
501.24,17703
502.26,25321
502.45,16541
502.39,14009
502.4,45809
505.83,70541
506.38,44736
505.89,16741
507.26,31217
507.72,18866
508.92,12704
508.79,24307
509.19,29947
509.78,13527
509.06,15496
509.68,39116
508.97,29389
508.67,48632
509.44,52584
509.35,34347
509.62,18866
509.65,26156
510.8,15820
510.65,19256
511.51,15632
510.84,15431
512.35,19512
513.85,26043
514.4,17948
514.37,14642
513.55,52672
511.09,43423
511.75,29815
511.26,22043
509.75,28674
509.69,17110
509.39,14334
509.31,8891
509.13,12371
508.31,24360
508.66,26961
507.58,22699
507.22,21276
507.89,45169
512.71,81996
512.3,43653
511.38,47914
510.13,36975
510.37,20733
511.08,16146
509.79,11781
510.31,8141
509.89,16466
509.2,15553
508.67,15638
509.32,12453
509.39,49974
512.92,60397
509.48,32155
510.46,32488
510.47,33788
510.12,30088
510,40469
510.28,23534
509.89,30795
509.94,31455
509.95,33754
509.73,63600
507.65,60563
508.28,108016
551.99,549375
533.18,210353
534.59,117456
532.26,87841
533.9,62888
533.74,48057
533.37,49135
533.11,37153
531.43,39204
530.29,47014
531.22,56444
530.7,78333
529.18,224894
532.5,195018
526.24,124299
524.95,74485
522.49,58320
520.6,48458
521.01,39581
521.11,65322
518.02,59786
520.49,39205
520.39,29763
521.17,29703
521.48,34642
521.03,84068
525.08,84066
533.1,37307
531.89,38226
531.51,28209
530.57,29307
532.47,36511
533.67,30999
533.8,17549
534.36,27903
534.79,49598
534.38,49381
532.89,47358
532.09,95848
533.7,60910
532.02,77008
530.98,76896
528.81,48645
529.32,30311
529.03,27631
529.94,22083
528.8,34508
528.46,10328
529.32,15407
527.48,55292
525.9,45846
525.94,112473
527.76,100136
523.48,48058
523.24,71380
522.96,36138
522.75,36362
523.49,21205
523.48,17991
523.13,20618
522.73,21341
522.79,41559
523.27,31847
522.85,28552
522.41,95077
523.69,71673
522.32,44306
521.49,18861
522.36,20003
521.53,21979
519.17,12731
519.16,17397
518.96,17648
517.87,14294
517.55,28618
515.6,16643
515.89,19870
516.38,47294
519.54,42577
520.17,28129
519.93,22037
517.89,49113
518.31,20881
518.31,14435
517.98,15383
518.57,19228
518.9,22944
519.69,16734
519.58,14199
519.55,10119
518.98,53311
519.35,58929
520.58,39289
519.98,28093
521.99,31977
521.87,20580
522.89,18430
523.92,18236
522.75,12783
522.56,21902
520.66,15260
519.44,14544
518.88,15388
518.44,54664
520.84,85694
521.5,40339
523.31,26231
521.79,25706
523.39,19860
523.61,32287
524.79,37780
525.23,19360
525.15,40456
526.17,23474
526.69,12325
526.63,18200
526.69,57551
529.04,71150
527.15,34534
526.58,35893
527.27,38082
524.4,30091
524.9,26459
523.33,33682
522.39,26034
522.08,16515
520.8,29624
520.86,30341
519.61,41648
519.47,97770
519.38,52767
520.26,36481
520.58,29202
521.28,18931
520.02,18396
520.33,16639
521.45,15857
520.91,24668
521,23129
519.48,26913
518.04,28345
517.97,25779
518.43,109383
519.38,47889
518.63,39929
520.16,34993
518.71,28684
519.99,40731
520.85,24161
520.97,24812
521.84,19025
521.73,18635
522.79,38017
520.94,33686
520.08,26532
520.14,128220
518.54,53391
516.3,28926
514.74,61857
515.17,31355
513.81,31974
514,37308
514.26,30024
513.01,32443
513.4,23251
512.36,18852
513.12,35337
512.62,50707
511.3,151024
511.25,57329
510.6,41946
508.37,48273
506.85,44556
506.69,34274
506.96,27364
507.54,24490
507.48,26107
508.24,20533
508.27,40197
507.74,28293
506.75,26415
506.05,92900
507.39,130885
503.6,48947
504.46,70013
503.75,78359
502.91,45210
501.97,31685
503.16,26603
502.21,40762
503.02,42062
503.71,53566
502.51,44417
502,39549
504.04,84896
501,42937
501.13,56666
505.38,31003
504.71,29151
504.55,23600
504.41,21152
503.44,38148
502.56,25307
502.37,48445
503.2,29362
502.92,27115
503.55,23232
503.98,68445
502.22,47060
502.03,118041
506.71,122663
507.79,80454
506.1,55689
505.44,38875
504.73,18831
504.14,29389
505.69,16960
505.91,18323
505.8,24258
505.88,42505
504.93,80784
504.59,68476
504.77,26539
505.05,24514
505.27,30389
505.27,18349
505.17,20527
505.08,16673
504.74,29039
503.71,41514
503.11,43929
503.39,37368
502.63,29445
503.19,69201
502.17,65343
500.86,28201
502.24,27353
500.67,17051
500.54,17819
500.26,17152
500.15,29276
498.81,36623
498.42,36245
496.86,34668
496.78,49844
496.99,74120
497.76,247193
499.92,51680
498.15,49759
502.06,46279
501.89,37699
502.44,28022
502.36,29174
501.97,33029
502.98,31070
503.33,37642
504.24,24518
504.63,26440
504.13,51028
504.03,121041
504.94,74741
504.93,25711
503.92,18145
505,21844
505.12,19049
505.98,23820
506.82,12482
505.51,18095
506.76,22729
506.2,22563
507.19,25679
507.68,8864
507.6,57788
505.97,39106
502.96,36238
503.87,20966
504.71,19585
505.93,22491
505.16,15245
505.28,18119
506.23,12363
505.94,11637
506.37,16365
506.66,16568
506.43,10371
506.64,60991
498.2,105108
501.39,60409
502.98,43839
501.11,48770
498.89,27980
498.81,21575
498.92,15536
499.51,25774
499.82,28672
500.14,26900
499.49,19530
501.12,29859
501.79,91404
501.6,90049
502.5,39914
502.76,39603
504.59,33634
503.07,34554
503.09,18894
502.42,24429
501.56,28665
501.97,23073
501.12,17613
500.97,18568
500.94,40732
501.13,132031
502.26,45865
501.81,23557
503.98,31556
505.23,24572
505.62,37950
504.71,21812
503.91,16257
504.51,13706
504.58,14115
505.2,18720
505.04,23914
505.45,9111
504.71,42693
507.04,154186
500.12,39562
496.89,31965
493.18,34458
495.12,30289
494.28,18692
494.77,37913
493.01,46213
492.5,29855
491.52,45853
492.63,75726
491.01,55342
492.44,89447
496.04,79305
496.81,35550
498.62,28642
498.09,28001
498.56,19550
498.29,14381
496.72,15403
496.43,15018
496.36,18913
495.83,21780
496.42,18343
496.09,22115
495.3,79041
499.1,48349
499.12,41853
498.82,22541
497.79,21380
497.44,15368
497.56,17431
496.55,11638
496.84,23822
497.16,19061
497,49499
496.55,43894
496.87,39549
496.05,55870
500.66,114413
498.44,60609
499.42,54434
497.7,45976
498.34,49684
498.76,43503
497.1,18998
497.62,27996
497.69,14180
498.69,16301
499.03,13467
499.74,18351
497.35,51165
500.13,63581
498.18,50818
500.14,28610
498.8,28282
500.66,16032
499.87,24405
500.38,18471
499.06,22602
498.29,20904
498,22764
497.93,25546
498.51,18018
498.79,43511
504.42,84373
505.6,43713
505.1,26768
506.93,40738
508.63,40150
509.01,29674
509.74,26166
510.03,27126
509.89,40087
509.69,32835
509.07,24757
510.25,33038
508.52,67457
506.68,63943
508.57,42376
508.53,30774
510.57,27695
510.4,17891
511.01,22574
510.3,16112
509.72,21861
509.78,18316
510.45,19094
511.18,14726
511.16,21552
511.56,94138
514.27,53403
509.13,38584
511.17,24023
511.23,22878
510.4,27231
510.82,14220
511.14,18177
511.32,12104
511.43,20082
509.92,24963
509.34,35987
508.53,41538
508.26,117940
508.26,71192
504.38,26673
505.97,15755
504.99,10681
505.23,17641
505.9,9487
506.5,11618
506.06,10130
506.38,17916
507.54,25876
506.91,20147
506.63,27149
508.61,39398
508.39,59356
508.02,48592
509.64,22713
509.18,23853
508.4,15249
506.07,31523
506.8,21763
507.68,14749
507.06,12105
506.31,27060
506.12,24176
506.72,22123
506.66,47526
508.57,56108
512.15,19446
511.02,30482
511.77,23085
510.11,20685
509.93,20682
510.66,23773
510.2,16267
509.56,25957
509.29,31302
508.5,32637
509.31,40140
509.03,220345
513.72,60139
512.36,29148
512.68,39121
513.86,19319
513.02,48539
511.76,33841
512.51,17559
512.98,16121
512.78,7082
512.42,11282
512.92,15249
511.84,20813
512.3,37938
511.86,28575
509.5,29905
509.5,21118
509.01,30607
508.8,44355
508.35,23960
508.2,13236
508.39,19415
507.69,26607
507.79,31280
507.9,25101
506.71,35078
506.73,69589
508.92,80852
506.45,34986
508.02,13648
507.5,18670
507.36,17791
506.18,20269
506.12,12657
505.49,17133
506.06,8134
505.49,4983
505.93,9761
507.5,18321
507.11,39084
505.36,68466
504.08,72177
506.16,21241
507.67,30658
505.99,21194
506.53,14692
505.98,16539
505.87,11275
505.76,12819
505.09,32675
504.7,55195
505.07,16092
504.38,43392
507.83,69407
510.63,47115
506.06,23654
505.62,15704
506,13387
504.65,13080
506.34,11016
506.89,12054
507.41,8736
506.42,13106
507.82,15060
509.18,18174
509.58,40203
508.59,56538
513.44,42408
513.29,27912
512.1,24646
510.97,27225
511.61,22757
513.31,19582
512.77,16094
512.75,15904
512.17,17693
512.72,14647
512.51,25023
512.54,43935
511.03,39149
510.55,29026
510.81,46964
514.51,43551
512.5,21702
513.89,17569
513.8,17034
513.18,21887
512.71,14663
512.98,29215
514.82,27396
515.55,44570
514.88,88593
512.42,111107
510.4,31384
510.73,27134
512.21,37682
512.54,28192
511.79,35667
513.99,17589
514.9,19135
516.59,35914
515.45,39264
516.62,18643
517.29,29651
516.6,59646
515.43,45316
516.26,33314
514.97,85864
512.48,76183
509.42,39012
512.07,27843
511.8,25372
513.33,15409
513.63,16715
514.92,23355
515.29,15705
514.91,21740
514.91,80759
514.75,41206
516.79,27003
516.09,18215
517.45,18315
517.26,12706
517.6,14242
517.96,23555
516.91,31323
515.8,32298
515.46,25383
516.23,34256
515.16,20272
515.57,48962
516.81,49550
520.66,25357
520.46,36667
522.02,22646
521.58,21467
523.13,23558
521.26,18773
521.59,20699
522.65,54898
526.2,40320
527.74,58233
527.36,37687
526.56,90947
526.1,72325
522.95,50513
524.09,23523
523.89,29709
522.41,37906
520.64,11343
521.32,16027
520.11,13074
520.19,7051
519.59,6337
520.13,6007
520.83,10284
521.67,40029
521.02,55044
523.59,26511
522.84,19187
522.77,17421
522.75,16852
522.7,11029
522,9254
522.14,11172
522.19,13189
522.06,23180
522.16,12069
521.74,17602
521.95,59423
520.03,49516
519.65,34070
520.05,32197
519.73,39013
517.54,46373
517.5,51627
517.4,39269
515.99,18398
516.71,20435
517.32,21097
517.5,13889
518.06,69488
519.39,61804
517.8,43544
520.39,26977
519,26566
516.93,54152
513.95,36444
513.73,14957
513.54,25008
512.11,22135
512.51,28443
511.82,20501
513.39,27266
512.65,20967
511.15,89784
513.94,46043
512.67,40759
512.88,38869
511.36,23738
510.77,18954
510.91,24607
511.86,12312
512.12,10919
511.11,13655
511.18,11558
512.04,11756
511.34,13606
511.85,58734
507.07,63084
507.68,22964
508.64,26041
507.95,23935
508.56,27020
509.29,14827
510.48,17196
511.02,18526
511.86,26709
512.4,20476
512.49,24098
513.12,28911
511.33,66093
512.82,43357
512.97,56498
513.86,25653
514.42,20544
513.76,33450
512.63,22010
512,11246
510.44,23051
509.13,13442
511.03,8683
510.97,8240
511.84,6902
512.07,43463
510.36,37969
512.37,30456
512.94,13976
512.76,18008
511.79,13032
511.51,12979
509.87,27874
510.86,15190
509.46,15804
508.93,15369
506.54,13021
508.29,11053
507.31,44981
506.92,41602
507.94,43469
509.17,36397
508.02,18000
507.77,36465
509.08,13911
511.76,5774
511.02,6372
509.63,7551
511.22,11107
512.78,8889
512.39,19172
512.76,40926
512.43,40455
512.37,32883
514.31,32311
515.86,22211
515.05,29104
515.15,15585
514.52,10215
514.37,14289
515.59,9913
515.64,20401
515.49,24529
514.56,21219
514.22,54591
515.23,66126
516.1,35460
512.72,39422
514.37,34175
513.91,19683
513.58,16383
513.62,25260
512.27,42360
512.12,17422
512.82,15866
513.92,86795
514.98,93823
514.92,68561
518.53,75935
520.36,42944
521.37,78406
522.73,41152
520.7,32472
521.44,35550
520.95,87145
520.49,20208
518.27,20601
516.7,17121
517.23,15008
517.58,19761
517.92,55653
520.32,53973
520.27,27360
519.18,17634
520.63,46219
521.18,32167
520.31,12831
520.47,9421
520.21,12421
519.9,11252
520.74,9589
520.99,23556
520.96,34438
520.33,82714
520.09,73692
520.85,27931
520.94,20395
520.58,21433
520.89,14927
520.35,13535
521.53,21095
522.23,15284
521.61,20443
522.13,16772
522.62,17142
522.88,23559
522.66,107926
529.37,76109
529.58,50767
530.78,41019
530.46,22408
530.42,30199
530.44,28047
529.51,22749
529.26,14526
528.64,12595
529.69,12747
530.2,18870
531.15,19954
530.61,69856
548.17,268124
544.1,85303
543.31,58728
540.2,30347
541,54943
539.09,49711
540.45,40293
540.09,27073
540.77,25287
540.11,37882
541.53,32776
542.98,26960
542.39,84839
542.47,102851
536.24,51208
535.91,34933
535.84,48223
535.4,34783
536.4,35803
536.09,25820
536.55,25223
536.43,35341
536.73,32058
537.61,77278
537.12,36878
536.56,126279
528,225508
525.82,164066
526.31,113863
526.04,86071
523.14,97393
520.67,113757
524.31,41826
523.97,39735
524.67,48447
524.59,36486
521.56,30997
521.51,50976
521.77,130947
526.4,137390
517.12,131175
515.76,64278
518.79,42385
516.97,86241
514.43,39036
515.72,23961
515.14,38162
514.57,33247
514.52,46359
514.89,57553
515.1,42114
516.51,177659
517.64,136989
520.49,52263
517.11,36774
517.88,40310
516.5,33169
517.21,31986
516.62,28906
516.28,29225
515.32,32091
514.72,44443
514.04,68249
514.32,59830
513.18,114048
509.89,80171
510.45,51122
512.41,35348
512.31,18196
511.05,17846
511.11,24820
510.38,25769
509.32,32299
508.15,40744
510.08,24314
510.17,35704
511.52,17718
511.66,117197
511.09,80663
509.76,73419
512.16,71190
508.31,87265
507.83,86051
506.96,57524
506.64,34940
506.58,32872
506.73,29002
507.29,32646
506.28,32866
506.23,37007
505.72,165324
502.98,109928
497.07,89946
499.28,76038
494.23,51929
496.09,45967
495.89,77857
495.64,40110
495.94,40209
495.64,30312
496.49,30865
497.7,56634
498.09,44970
496.73,255539
494.94,103524
493.32,59603
494.18,46235
493.06,47679
493.09,25304
492.84,31380
492.75,17857
492.74,16006
493.55,33824
492.79,26949
493.84,35147
493.88,40949
494.74,155791
497.95,110215
501.22,63633
502.41,20689
500.17,32412
499.91,31773
498.78,27719
499.37,36456
501,27559
502.44,28800
502.88,23993
502.81,30809
504.14,29308
503.71,94441
502.8,35508
502.6,20558
502.27,21571
501.02,20469
501.28,19102
502,21102
502.5,15356
503.32,16411
504.58,23216
506.21,23838
507.07,26126
506.98,32668
506.76,72117
506.92,34085
505.01,33048
503.59,26593
501.72,57249
499.61,72742
497.64,54120
499.88,49806
503.44,56692
506.1,49477
506.7,36579
507.49,64116
508.18,45216
508.73,119038
508.2,60500
507.45,32373
509.54,36536
509.09,28500
507.92,31428
506.49,18234
507.82,18806
505.23,13579
504.81,33314
503.63,40711
502.49,27958
500.57,40127
500.89,95987
496.17,81316
500.34,71066
503.28,53197
504.82,47966
507.45,37424
508.3,29388
507.37,20718
506.2,17695
505.9,24939
507.29,30669
508.42,25891
508.83,48890
507.9,137608
505.86,71520
506.83,41199
505.49,24122
505.53,19145
505.35,15386
508.01,23332
508.25,20224
506.07,11449
505.89,13654
504.53,15953
504.9,15291
503.25,33166
504.28,61963
493.19,100165
491.88,139089
491.5,48586
487.3,55990
490.05,46607
489.51,36619
486.8,26801
490.71,19187
490.5,24591
490.04,24280
491.07,38019
492.69,34265
493.22,81088
488.1,73775
492.69,38980
492.66,54135
486.19,48904
487.02,31063
486.79,40874
485.33,42555
483.34,22590
484.11,37131
484.21,27764
482.36,45164
483.35,45123
485.54,106880
491.86,91994
491.95,39444
491.72,37731
489.54,49378
485.33,35719
480.89,76164
480.7,47568
479.28,26910
480.63,21377
478.23,31157
478.77,25168
479.03,46022
477.87,129051
477.46,98641
473.82,98383
472.1,66123
469.72,51905
470.01,41273
472.81,37464
473.28,33096
472.77,37124
471.66,33933
473.52,26021
475.5,27469
473.54,38645
472.24,144378
474.06,130482
469.55,76102
471.41,35949
472.8,40124
474.23,42279
474.96,27222
474.78,36010
474.74,26436
474.16,23890
474.17,26593
473.1,36642
473.57,45729
473.24,136896
472.95,122521
468.47,54954
467.57,39987
470.57,30798
471.32,37251
472.75,42038
474.91,25926
474.69,25652
475.79,21168
475.8,26737
475.28,29185
475.23,59873
476.05,156842
485.2,126392
481.66,66462
482.21,85873
483.94,46680
485.65,63205
486.94,35739
485.74,155154
486.49,33725
485.73,40244
485.23,39275
485.79,47761
485.42,33624
486.17,94347
486.26,66706
490.17,44856
489.46,30825
490.54,27643
490.24,21436
491.15,21533
489.91,75494
489.91,0
490.54,40
486.64,99166
486.79,40888
485.64,33182
487.44,27260
487.18,18023
487.76,12504
487.83,30253
487.79,26956
487.53,13757
487.76,13184
486.7,20235
485.8,16905
486.71,91767
485.61,63326
487.94,44365
489.46,35511
490.61,35745
488.75,16437
489.26,21481
492.12,19273
489.44,18679
488.99,12680
488.97,18343
488.72,15171
489.11,24998
489.13,45031
474.81,177817
475.98,88163
477.23,132562
480.4,53767
478.99,33777
479.22,38719
481.32,16288
481.98,24954
480.73,33010
479.56,18117
480.63,23615
482.04,24239
481.26,152380
478.67,91945
476.75,62133
476.96,26428
476.95,22152
477.04,29252
477.49,24735
477.27,21775
477.76,59999
477.96,26214
477.44,41880
476.05,33286
477.8,36863
478.38,70653
481.5,64589
480.53,54664
482.03,37969
480.73,45026
478.19,29305
478.84,18328
479.13,11350
479.69,10723
480.32,10547
480.41,13501
480.74,23882
480.74,12216
480.82,48866
483.63,79313
487.94,49164
487.86,45966
488.53,46937
490.49,33717
490.07,24826
489.53,32405
490.04,34810
489.71,27858
488.7,19254
489.22,28854
488.6,30478
488.74,87473
488.14,50412
490.14,24472
489.28,23741
489.82,15244
489.71,10240
490.7,11818
488.82,10233
488.65,14693
489.27,15728
489.9,10019
489.8,9627
489.61,18541
489.84,53569
482.64,159788
479.28,67882
479.38,62677
477.51,39011
479.31,33008
479.73,30809
480.43,56648
479.61,99243
475.97,64417
476.59,61386
475.38,97081
477.28,134523
476.99,208643
475.16,120624
477.25,71249
479.3,46337
479.64,33838
477.94,24372
478.33,23220
479.63,26699
479.2,55453
480.87,85166
483.73,27660
484.42,27837
483.25,45242
483.29,104722
478.89,63904
479.84,35459
477.38,45442
476.51,63267
476.38,43449
475.82,43602
476.88,28993
477.35,57122
477.65,13406
478.08,17171
477.89,17377
477.44,25080
477.25,107155
479.07,104307
474.51,46733
471.91,21678
473.01,27474
474.27,24082
472.97,16888
473.26,26535
473.22,24183
472.53,40155
472.91,52908
473.02,70841
473.19,32145
473.61,63530
470.87,57417
473.78,55898
472.97,30827
473.59,36928
472.36,29881
473.96,43628
473.45,25520
471.51,17794
472.07,24112
474.76,23044
474.16,38433
475.13,38945
475.44,109040
476.22,47993
475.58,41948
476.54,46252
475.31,33766
475.99,45357
474.97,38345
476.15,56934
476.92,42328
477.41,29174
477.73,17695
477.86,38068
478.12,46436
477.2,159619
477.28,68467
482.37,91205
483.61,58663
486.42,29548
486.52,42985
486.04,25497
483.78,13166
485.66,13150
485.55,16328
485.19,17258
484.37,10418
482.98,26850
483.17,61339
486.57,102492
485.49,64147
484.36,49420
483.39,22258
484.05,30168
483.21,49313
484.45,18054
483.9,19249
484.15,18773
483.63,19113
483.19,20194
482.68,31803
481.81,191188
485,73993
483.81,48373
483.52,29663
483.67,17795
484.54,29181
485.29,11268
484.74,11310
484.98,13786
484.72,13291
484.75,20919
484.8,40402
483.84,30016
483.89,88305
483.86,63553
484.64,39368
484.78,16172
484.74,19955
485.73,15746
485.36,14863
485.51,8381
485.15,14720
485.36,8515
485.81,10830
485.97,19258
486.17,9740
486.15,32222
484.45,25216
485.42,15408
486.64,11030
486.81,8904
487.3,8560
487.7,7374
487.43,18949
487.43,0
485.72,16127
485.97,10641
485.46,6479
485.9,18243
486.21,11609
486.13,11617
486.81,10690
486.03,19713
485.73,2482
486.45,6553
486.34,4672
486.31,4737
486.13,23455
483.82,21703
486.39,12513
486.31,11495
486.11,17000
484.62,9600
484.48,7871
483.84,8202
484.3,9610
484.5,10341
484.42,8743
485.21,11710
486.28,14293
485.91,38273
484.82,43207
487.26,42500
486.29,20448
487.66,20528
487.47,29468
486.96,12922
486.97,9799
487.14,8008
487.09,9379
487.53,8647
487.43,15065
486.61,13039
486.69,56829
486.65,34668
484.83,33019
484.51,31448
483.55,26006
484.14,21938
484.65,16685
483.92,13600
484.42,13316
484.71,12749
485.23,13184
484.67,15207
483.91,17881
482.3,59348
483.28,80170
479.41,88927
474.22,85161
472.93,51965
472.1,39539
472.12,48975
472.84,29691
471.2,49217
470.8,47360
469.47,39684
471.63,99751
470.83,38702
471.44,158531
472.86,115810
471.69,89533
471.99,47990
471.32,53935
473.07,25168
473.97,23182
474.19,27344
473.68,39574
473.73,17809
473.95,27903
473.65,29104
472.95,31998
472.58,134554
472.36,57205
470.39,54837
470.58,46148
471.08,34051
471.11,15495
470.2,29277
471.69,46695
474.46,19976
472.97,31577
475.22,30093
475.62,26625
475.69,34034
476.09,65779
478.85,113777
482.62,47681
482.41,49051
486.67,54727
486.54,48824
486.73,31918
487.04,30437
487.71,20333
487.25,19685
486.43,28454
484.4,21408
483.92,27230
483.37,55551
479.79,64732
476.76,62055
477.47,69250
476.9,36616
476.42,32157
477.62,20217
476.63,13216
477.12,18958
476.55,16297
476.02,19587
475.72,20288
475.46,32705
477.2,74415
473.21,83527
471.79,60326
474.72,48065
472.89,56177
475.41,25525
476.78,22523
476.46,33135
475.87,22260
475.73,21084
477.87,14125
477.39,26389
477.64,17752
478.43,35934
475.22,75693
478.83,52443
477.49,43270
478.03,31570
477.72,59632
477.77,40053
477.33,21526
477.11,13300
477.42,25895
477,21627
478.08,18686
478.65,37300
478.06,106157
473.61,71134
471.81,66544
467.06,79790
467.32,58341
467.64,41226
469.45,26070
468.64,26830
466.59,36495
467.62,24048
466.21,50418
465.78,31054
466.11,48868
467.14,106894
465.4,122434
463.38,84424
463.51,46230
460.76,45119
462.87,51770
460.58,42711
460.53,53406
459.72,42488
459.55,53734
458.69,36063
457.81,68808
456.71,76825
457.23,246345
462.87,126955
457.86,76718
457.82,49686
458.41,37752
459.09,27091
459.59,17271
458.95,29591
458.07,24608
458.5,22550
456.94,40323
455.77,80478
455.84,62823
455.59,90863
456.62,107130
457.93,68618
458.71,43927
458.32,40247
458.72,48794
460.06,22223
459.54,19043
460.04,23388
461.27,19819
461.38,16457
460.99,17209
461.18,19356
460.15,75341
450.11,112121
452.39,123988
452.17,64049
453.16,22368
454.45,29562
454.31,19102
453.28,42460
452.66,25601
452.52,42570
451.9,34538
452.06,30921
453.34,37980
453.73,81152
451.56,167807
450.51,93147
449.23,63346
450.02,46330
447.46,87138
442.88,53544
443.28,86766
441.32,96714
439.68,46940
440.14,89402
440.65,107949
445.79,67649
442.5,130744
446.91,141147
445.08,80040
445.81,37215
445.61,53232
448.17,40296
448.45,39111
448.89,32250
450.52,38585
450.83,34189
449.94,31638
450.65,34301
449,33923
449.36,71423
450.48,193670
456.39,112773
462.33,72464
466.62,66057
465.65,80582
466.61,38744
468.76,54394
467.29,40197
469.67,28834
466.99,21684
468.48,32554
467.53,37675
466.69,163697
464.19,150624
467.9,127883
469.01,57684
468.88,60269
471.2,56436
471.86,41247
472.43,38231
472.2,21737
472.8,24587
471.65,25282
471.6,26557
471.34,17542
470.86,97784
472.51,136195
476.61,75113
474.88,111897
476.91,59039
478.17,51930
479.48,41749
478.71,44391
479.62,40451
480.13,36705
481.62,39705
480.98,33962
480.7,49801
479.42,91709
482.34,84401
479.71,49251
479.89,54874
477.98,27705
478.14,27115
477.86,27165
477.41,21698
478.05,17549
477.87,27839
479.56,37655
479.66,61720
479.45,45480
478.68,176170
439.3,968825
427.59,457286
425.33,434065
422.26,354279
421.98,236155
422.87,212928
423.77,133252
423.51,203657
422.92,169882
422.41,141674
422.89,95949
422.79,146628
426.37,502212
438.52,226365
434.51,130252
431.81,137566
430.02,157763
430.2,109862
429.6,100902
431.01,65453
430.74,65189
430.15,78538
429.84,64298
430.03,92124
428.77,130099
426.24,345664
429.28,302283
428.89,123730
426.81,71827
426.1,60981
424.82,94598
423.73,69672
423.95,62986
423.97,45267
423.94,69083
423.47,53851
422.96,55336
422.08,60422
423.3,92212
420.98,201298
414.43,184926
411.34,136841
412.51,136829
412.27,119210
411.62,134361
410.18,135135
410.25,121126
411.37,104628
408.83,93951
409.96,147095
409.17,120862
408.7,273655
409.75,206958
409.32,180867
417.05,115564
414.5,81169
415.44,80041
414.5,51399
412.2,55078
413.4,38094
414.38,46991
416.6,48410
416.48,67257
416.76,39917
414.25,143793
406.66,268267
399.83,288509
400.77,152235
399.39,151503
403.43,129852
404.71,86916
404.84,93396
401.83,71657
400.41,71901
399.32,115909
396.88,130376
394.92,146822
392.54,289610
397.49,366837
395.04,209344
394.68,105831
393.16,86656
396.79,63943
395.35,73733
397.04,58612
398.06,49675
398.58,62615
396.87,79734
398.18,71950
398.56,51052
398.69,283636
403.66,332236
406.61,175651
409,191566
410.85,186681
411.06,183930
411.12,208256
411.39,85373
411.02,73102
411.02,81665
412.12,58091
413.55,147108
412.91,160249
412.01,192089
418.7,319490
420.17,306765
419.8,149623
420.76,113402
419.31,143512
419.41,193434
419.29,153280
417.57,236714
415.18,29848
416.39,35836
415.79,36618
414.51,95552
413.61,79139
415.23,122232
405.02,110264
402.73,95111
403.53,66825
401.47,81076
400.88,49073
402.72,67651
402.41,60531
403.28,134616
404.2,76715
404.35,86323
403.62,49887
403.01,148175
403.89,169446
400.49,152854
401.44,90473
398.94,66834
398.66,64565
399.36,36184
401.47,53162
402.45,51356
403.14,113131
404.68,50983
404.45,60096
404.55,87241
402.64,120378
403.19,165649
401.66,151082
402.67,99118
399.27,69284
398.75,59579
401.35,69332
402.9,43893
402.37,31242
403.56,20256
402.67,20795
402.1,28117
400.85,35120
400.03,117709
398.15,150362
394.14,71937
396.08,73549
396.92,63004
398.03,65464
397.8,46617
396.68,52207
394.95,50245
396.06,28797
396.34,41904
395.61,34199
395.89,28792
395.47,91391
396.85,60725
397.96,45229
398.91,44991
401,59949
400.46,23674
400.18,20576
400.2,20388
400.16,25325
400.32,24821
399.47,18444
399.69,40090
398.1,23373
398.5,96392
400.515,95913
401.9,84450
400.62,73885
400.75,86311
400.08,61660
398.79,58646
399.08,32821
397.885,48641
398.19,41389
398.13,42373
397.7,44239
396.95,33938
397.32,77969
396.195,127027
396.55,179749
396.8,95532
399.63,58406
397.525,38721
399.18,54583
396.88,41559
397.545,63288
397.025,44463
398.745,36943
396.905,62570
396.88,41657
396.79,106655
395.03,208756
388.68,118963
388.5,150513
385.665,100136
386.515,69314
385.75,43711
386.4,34988
387.47,38498
386.77,49521
386.35,56955
386.18,153229
384.01,78431
383.27,118855
383.92,167774
385.07,84724
388.24,59469
386.87,48760
386.64,79963
386.22,51600
386.41,32504
386.98,29814
386.41,39655
387.64,32637
387.445,32050
387.92,62648
388.13,122750
390.425,311758
398.09,110332
398.99,120431
398.61,89727
397.49,95160
396.66,106939
397.34,48422
398.605,37805
398.72,72858
399.27,50851
398.715,61704
398.39,60546
400.96,186407
404.59,168228
405.8,131901
401.7,96635
402.12,81328
400.92,316871
399.095,59478
400.95,50319
400.15,67517
400.17,24678
400.91,33235
401.31,35046
402.25,44360
401.27,72809
390.935,195289
394.325,96033
394.08,73025
395.96,54617
393.93,42986
395.07,37391
394.87,44989
394.78,52306
393.86,46630
393.155,30683
393.045,51266
393.23,49701
393.84,196909
392.855,99934
397.98,54155
398.58,48530
399.34,66289
397.145,47333
400.68,26283
400.14,35687
399.51,37046
400.305,25544
398.66,20633
399.805,21470
399.46,18958
397.26,77397
393.095,98245
394.32,44989
393.83,69844
395.9,94413
399.975,73224
401.07,39160
401.86,42412
401.775,29258
404.58,35031
405.52,26967
405.83,98021
404.28,85774
403.725,65876
401.35,108585
405.88,71399
405.49,72175
405.2,54399
405.56,53812
405.125,71616
407.27,47277
407.96,73055
410.08,34164
409.23,31508
409.01,30643
409.27,41304
407.955,208344
404.55,115300
410.91,106902
407.33,48707
407.13,55774
406.6,49200
410.31,67259
409.29,60666
408.69,38554
408.5,43780
408.215,26937
409.16,46071
409.54,53292
409.95,229716
409.315,133916
410.65,62405
411.37,45784
411,61451
412.14,37676
411.87,31464
410.71,41850
409.73,32511
410.16,38097
409.96,38903
409.86,21855
410.52,44355
409.25,101087
404.67,124012
405.43,67888
405.07,62704
407.495,85595
408.565,44798
408.16,62908
406.93,24710
407.185,19161
405.15,28217
404.88,40984
405.07,20323
404.98,33348
407.85,90791
409.895,98984
404.725,98779
404.44,52151
405.99,48335
405.995,41307
406.365,106472
407.35,45463
406.06,22855
406.33,24869
405.69,51227
405.73,35771
404.595,49750
404.72,82035
405.96,62419
407.285,40200
404.465,43238
404.255,34724
402.73,36885
402.77,30295
403.285,19697
403.815,16826
404.26,32727
403.585,35925
403.7,30310
404.335,30597
403.89,50338
404.65,55780
402.67,61408
403.455,55391
405.2,61913
403.69,35085
403.89,60624
404.86,50612
405.01,58706
404.375,28477
403.78,30852
403.02,39475
403.2,42271
403.88,62990
400.79,106764
401.285,115269
401.115,41370
399.15,39011
397.84,91772
395.53,36140
396.485,46317
395.17,26669
396.63,26733
396.86,24780
396.02,17635
395.725,33287
394.63,70825
397.91,82864
395.33,49950
397.31,26175
397.87,35842
397.69,31059
398.16,31231
397.91,35501
399.03,56089
398.815,46055
398.22,73284
398.89,54726
400.165,73810
399.78,91668
399.9,136853
401.82,92338
400.35,75725
399.81,72945
399.13,58402
398.78,22655
398.63,49352
399.7,34149
399.79,9314
399.33,11847
398.69,34190
398.84,66900
398.82,73817
397.03,75611
397.99,48565
394.63,30122
395.17,27290
395.72,38164
394.92,40082
393.74,31551
393.39,54228
392.78,49055
394.37,32970
393.64,53196
391.905,48731
392.31,178619
389.875,163107
390.28,79052
388.74,74527
390.03,71301
389.32,66034
389.59,63193
389.03,57745
388.45,42118
387.96,48696
387.81,47569
387.61,58068
388.28,124713
388.435,175641
386.19,100533
382.72,64803
385.76,79330
384.27,54293
383.47,48895
384.29,63561
384.61,68933
383.54,33581
383.38,37269
383.14,42313
382.44,58319
381.86,53594
382.22,105526
383.9,81683
386.01,48175
385.38,35309
385.59,53742
386.82,51233
383.58,48302
382.505,31136
382.63,31025
382.37,35082
383.13,35860
382.47,47068
383.35,31291
382.95,98771
382.41,85888
375.535,123374
372.83,85337
373.125,109040
373.65,44263
372.73,53187
373.915,23114
373.65,34479
372.84,34110
373.18,37217
373.95,42064
373.49,35145
373.95,109780
376.835,100843
373.43,87137
373.74,58744
373.24,69047
371.445,42452
370.38,44026
370.91,41226
371.02,48789
371.37,39938
371,26968
370.08,55158
370.26,55389
370.38,86149
370.815,191307
373.8,85084
371.89,86347
371.415,102157
369.995,113084
367.875,59714
367.42,58961
368.12,58945
368.42,59762
366.93,70392
366.42,70774
366.65,85822
365.56,140558
361.845,144518
357.395,107347
358.35,94305
359.91,69183
360.41,64745
360.28,78301
360.01,48873
359.73,52369
358.93,56301
358.84,60468
358.8,74776
357.85,115409
357.61,222184
361.7,119191
360.75,101139
362.575,145114
364.97,116112
363,80994
363.72,104438
361.995,121523
361.41,109055
359.725,102394
359.12,72410
357.91,109853
357.38,138181
356.99,199658
364.4,117928
367.11,69417
365.425,73783
363.47,64455
364.135,33147
363.85,38853
365.01,49052
368.01,65035
368.9,53222
368.49,59233
369.77,80985
370.505,82536
371.15,187540
373.3,145282
369.615,46292
371.52,53843
371.74,49136
371.21,31662
372.17,23346
372.6,29974
372.49,31363
371.83,20986
370.75,52848
369.06,31781
369.31,40051
369.3,77376
367.205,55920
365.92,45623
366.625,55641
369.99,31832
370.845,38478
370.275,19085
369.73,21383
371.055,16791
371.64,22801
370.96,22633
371.11,33500
371.37,70882
372.52,98598
373.51,82583
372.84,37959
372.64,27406
372.005,29750
371.3,16157
371.595,20202
372.005,32951
372.09,24789
372.28,23809
371.66,23361
372.92,41656
372.555,39249
372.41,76656
370.345,53629
369.65,63668
369.715,56194
367.33,56863
368.17,45411
369.28,24956
370.59,16422
370.67,21471
370.46,17115
370.77,46125
370.22,43267
368.74,55177
370.83,116263
384.77,99695
379.01,69144
378.74,51582
378.24,36461
377.47,40882
378.52,36743
378.11,38493
378.41,40196
376.845,53602
375.7,48744
374.4,54411
372.26,70912
371.46,160352
372.435,107248
368.33,102236
367.47,72380
368.1,60839
368.825,44578
370.17,36923
371.29,45207
372.01,38678
371.73,56483
371.92,62840
369.6,36536
370.49,48777
372.27,124558
373.27,181178
372.805,112466
372.99,90740
372.255,67812
372.18,67072
370.74,42810
372.215,56063
371.44,41045
370.79,49600
371.14,47000
370.38,41656
371.01,48849
371.49,129155
373.53,136204
374.43,171895
377.475,71299
379.38,81707
380.37,79720
379.88,43896
381.42,39905
381.1,42246
381.695,48123
381.995,58281
381.81,62891
382.57,78837
382.33,154918
387.605,135494
390.05,131151
392.53,75949
391.645,87091
391.72,68566
393.6,90215
394.315,50105
394.35,44931
394.16,52214
392.825,56663
391.26,58404
391.27,59356
392.27,134824
397.775,123852
402.74,95950
406.27,77159
407.745,71598
407.93,49548
406.95,47529
409.2,49418
408.05,55920
409.75,50966
409.99,82547
412.47,104044
413.79,104331
413.215,148834
419.975,281696
413.3,108600
414.94,81445
414.95,62424
416.51,46649
419.53,52015
419.4,36474
418.76,44084
419.1,42677
419.565,40441
417.49,47039
419.22,53507
418.345,190449
424.82,145957
424.715,115786
426.125,123458
430.06,131549
430.3,114190
428.09,58580
428.58,49403
427.08,85126
423.86,71303
424.565,74101
421.015,44451
421.73,48557
422.61,142304
421.2,69608
420.575,45799
419.42,27879
418.225,45736
417.985,39566
417.42,28944
418.99,21808
418.76,27202
419.05,15430
418.365,22278
418.62,56189
416.99,27294
417.425,59678
420.23,70958
424,60918
425.08,72442
424.25,75204
424.66,53204
426.19,64838
424.935,52582
425.05,66814
424.8,63550
426.18,58227
425.865,63147
426.525,71850
426.51,153447
426.12,105563
428.19,98368
431.19,54777
430.43,49144
432.135,38734
431.78,42984
431.68,33163
430.595,55349
431.3,36817
431.12,36231
430.71,31433
431.32,34228
431.965,110090
419.43,209926
417.34,127852
418.83,64391
421.64,71900
422.25,36440
419.38,37362
417.84,41922
417.735,43060
415.22,49971
414.52,32876
415.14,35580
414.43,30397
416.34,68468
416.97,129117
419.58,77606
417.575,60777
418.36,35580
419.92,45972
419.62,52929
418.91,17861
419.91,24280
418.82,25492
420.815,19109
421.995,32783
422.43,37922
423.57,76672
422.145,89179
419.95,82767
424.62,60741
423.84,44593
422.98,49479
422.31,24197
423.61,20619
424.42,27101
425.08,25695
425.63,24807
426.635,40170
425.88,34993
424.63,168149
424.34,80164
426.525,80183
426.4,57364
425.98,79440
425.74,70019
427.66,40505
428.475,31201
428.47,41562
428.79,36554
427.86,26716
426.515,41061
427.625,38756
429.02,90483
424.575,141395
425.55,66602
425.165,40422
425.24,50910
424.415,75298
424.37,35235
421.9,36269
422.42,21997
423.13,25351
423.38,32697
423.655,64615
425.03,52444
425.18,158006
410.56,405525
404.98,230396
401.35,200083
406.28,149184
403.09,80673
402.58,61884
400.95,138130
399.055,85103
401.03,84126
402.6,65727
406.12,171616
407.51,177070
408.36,524508
411.91,174561
412.23,147234
412.45,70857
414.08,83906
414.51,72347
415.975,51323
414.27,33259
413.22,32060
414.515,26850
415.19,34491
415.53,33492
414.905,40791
416.31,143211
411.54,120492
415.68,103308
420,32650
417.23,46044
416.01,51632
415.02,37328
415.72,72054
414.135,82046
414.475,27474
414.54,22566
414.71,24663
413.35,59084
413.2,110245
415.28,99513
410.635,81418
410.67,52756
410.255,43801
411.445,40597
409.34,50651
409.76,31141
409.57,22228
410.145,28256
410.18,27349
409.965,49294
411.095,42224
412.61,63784
407.865,143655
409.95,141369
416.385,92326
414.895,82602
413.62,41778
415.12,22488
414.25,24139
412.65,16266
413.44,18710
412.43,20832
413.835,20712
413.36,26193
413.25,112739
420.115,116861
423.85,63668
424.2,58038
425.805,53807
424.54,48797
425.48,26380
424.76,26201
421.34,40525
421.23,30949
421.93,24510
423.22,27339
422.99,36014
421.55,154291
417.385,140179
416.4,102065
415.83,94946
416.37,67530
416.97,47137
416.095,35225
415.81,31926
416.265,53558
417.295,29894
415.8,31374
416.11,30104
414.78,51931
414.82,102449
407.76,154514
410.03,84030
410.78,58686
409.45,97334
411.795,28559
410.39,21027
410.91,36759
409.58,35475
409.14,18950
411.1,15267
411.35,16408
410.35,31069
411.53,76216
414.4,200467
408.33,78460
409.15,70699
408.36,66875
408.385,33200
408.69,45608
409.45,33147
408.98,47336
408.77,26222
408.86,26353
408.38,79389
408.37,79689
408.96,109194
403,104338
402.81,39641
403,58558
403.02,83272
403.28,54836
404.27,57316
405.63,32003
405.755,41837
404.05,35952
403.89,44784
405.395,56718
405.07,64539
404.63,109745