23.16,53680
23.63,26523
23.41,21649
23.11,24210
22.75,28425
22.53,25692
22.6,28077
22.45,28247
22.35,40702
22.16,34853
22.42,22231
22.31,40696
22.36,160446
22.67,58289
23.22,52796
23.5,24155
23.19,28869
23.51,32162
23.51,12301
23.56,10464
23.59,15661
23.64,13283
23.58,19804
23.81,33651
23.58,35253
23.54,64771
23.61,42043
23.74,34753
23.81,20393
24.09,22685
23.93,11139
23.9,14230
24.15,5745
24.24,8336
24.23,15351
24.35,11342
24.4,21823
24.5,32325
24.59,116769
24.74,62208
24.75,46028
24.54,26063
24.54,22989
24.65,24535
24.73,46958
24.51,16938
24.49,24485
24.43,9699
24.48,11929
24.6,24614
24.45,13731
24.57,68818
23.44,56441
23.39,27555
23.4,23006
23.37,19184
23.62,18458
23.53,27395
23.8,13320
23.86,21811
23.91,12063
23.84,32930
23.6,19525
23.36,19352
23.56,78440
23.57,32033
23.41,22988
23.37,29755
23.25,22015
23.34,17282
23.31,21041
23.13,24187
23.11,17276
23.2,17839
23.07,14844
23.21,22227
23.32,24712
23.52,64608
23.82,26508
23.87,31953
23.75,38235
23.82,38865
23.73,23731
23.8,22915
23.74,25932
23.63,22227
23.75,24163
23.82,18880
23.69,25060
23.8,40653
23.79,107781
23.82,33965
23.81,27523
23.7,15284
23.67,19983
23.77,9214
23.69,12886
23.65,17910
23.82,12635
23.83,18409
23.91,16026
23.91,17333
23.87,24917
23.88,46696
23.79,38478
23.68,26544
23.72,22806
23.5,18947
23.24,25401
23.33,10737
23.34,12537
23.28,5895
23.28,11698
23.27,9197
23.23,6271
23.19,11064
23.14,45058
23.16,29688
23.25,20584
23.2,15002
23.51,6447
23.48,12517
23.61,23212
23.67,15925
23.68,15874
23.72,17348
23.6,7025
23.6,30565
23.65,24842
23.8,58425
24.14,44818
24.29,33991
24.45,26448
24.28,18621
24.36,9265
24.25,10009
24.24,13410
24.28,8151
24.28,14153
24.34,16619
24.28,29689
24.34,29824
24.34,85542
24.56,32406
24.41,17537
24.23,10625
24.3,5595
24.39,10559
24.3,6713
24.4,6495
24.35,5619
24.47,6438
24.51,8811
24.5,13335
24.46,18205
24.35,52539
25.09,100081
26.06,49509
26.12,44277
26.34,60381
26.51,25936
26.33,16396
26.28,21783
26.3,16805
26.17,19071
26.28,15357
26.46,22825
26.48,35879
26.5,78438
26.92,62274
26.86,39648
27.16,38197
27.25,29574
27.39,35822
27.54,35704
27.82,33572
27.92,38452
27.62,46259
27.44,36273
27.62,31040
27.62,17314
27.54,131167
27.26,57534
27.87,48342
27.84,34202
27.76,22054
27.55,18620
27.62,18271
27.73,19027
27.74,11815
27.87,9508
27.84,10334
27.73,13686
27.51,27231
27.48,117497
27.62,32130
27.59,28920
27.35,33090
27.05,22759
26.98,19927
26.96,22434
26.93,22473
27.06,10554
27.02,13875
27.02,16634
27.03,18434
27.11,21170
27.23,87958
27.46,38070
27.74,24105
27.53,23615
27.4,21542
27.37,13548
27.38,7449
27.39,10145
27.39,14123
27.31,15784
27.32,13163
27.38,12052
27.27,15632
27.24,96995
27.18,34363
27.03,26405
27.62,23959
27.58,36877
27.35,21938
27.53,16891
27.51,16381
27.45,36741
27.46,23075
27.47,16333
27.48,27506
27.43,54943
27.41,78163
27.61,48365
27.4,18174
27.5,9000
27.36,13484
27.15,23693
27.06,13387
27.06,12693
27.11,12616
27.06,12389
27,10258
27.06,17787
26.89,30902
26.7,142938
27.27,43019
27.02,14802
26.85,38325
26.82,22139
26.94,7146
26.9,56110
26.7,11025
26.81,12898
26.78,10240
26.84,12288
26.84,12164
26.79,14526
26.7,44899
26.78,61447
26.64,13866
26.55,27544
26.79,14834
26.74,8780
26.69,7457
26.67,9233
26.76,12845
26.83,9100
26.78,7142
26.78,21224
26.82,24344
26.7,54493
26.9,40929
27.51,29387
27.4,22729
27.31,16105
27.15,15424
26.94,10211
26.78,5765
26.71,11566
26.59,7236
26.47,24195
26.31,59644
26.62,30942
26.48,69596
26.77,23187
27.24,62041
27.06,39879
27.2,12254
27.14,13786
26.93,28152
27.1,20045
27.22,11010
27.21,17913
27.21,25933
27.25,23058
27.22,26536
27.28,57613
27.11,32953
26.87,21486
27.16,33820
27.54,14345
27.66,79873
28.05,82511
27.92,32548
27.59,45060
27.35,63959
27.84,126806
27.9,131300
28.22,76681
28.65,154928
28.4,58065
28.14,102513
27.94,78780
27.63,74517
27.15,87990
26.5,99804
26.24,97726
26.56,31070
26.59,64555
26.85,56726
26.88,47716
26.54,48200
26.58,126454
26.45,121900
26.78,45525
26.79,33032
26.84,31284
26.84,24890
26.79,38841
26.7,18756
26.4,21876
26.32,13387
26.48,16514
26.47,35649
26.17,40706
26.33,119633
26.49,52547
26.8,39707
27.39,15942
27.18,32553
27.23,15533
27.35,15840
27.48,19290
27.39,15495
27.47,26528
27.55,21573
27.69,22921
27.69,25685
27.67,97335
27.48,64532
27.65,29081
27.72,17784
27.88,24679
27.68,18452
27.55,13126
27.58,14980
27.74,21283
27.78,3876
27.79,13096
27.89,15197
28,26505
28.13,92144
28.76,110730
29.47,45298
29.33,21821
29.37,28572
29.46,30401
29.42,12678
29.49,24568
29.15,14863
29.1,16606
29.3,45320
29.27,18351
29.3,16810
29.22,92373
28.77,75984
28.77,40014
29.18,26478
29.22,14666
29.38,16570
29.46,9783
29.51,12885
29.58,11108
29.5,12211
29.54,17293
29.61,23038
29.75,14098
29.59,133536
29.93,38230
30.03,29066
29.85,16704
30.05,71625
30.41,70885
30.26,29282
30.46,13476
30.49,16867
30.33,24699
30.45,23340
30.59,28211
30.77,32978
30.91,89907
30.61,93476
29.73,40242
29.41,49405
29.65,45097
29.5,36507
29.28,53370
29.24,11896
29.41,28157
29.18,19284
29.34,17794
29.49,17210
29.37,17424
29.4,53662
29.54,50927
29.91,33714
30.14,20538
30.22,15157
30.33,82516
30.22,23850
29.92,22296
29.75,10208
29.91,13410
29.66,32727
29.36,34135
29.31,25165
29.37,67644
29.77,29426
29.89,20730
29.66,21738
29.37,12883
29.32,16605
29.49,10405
29.56,28023
29.48,40177
29.5,28967
29.24,35913
29.35,22206
29.34,9895
29.34,63045
30.82,87488
30.81,38311
30.96,33898
30.44,35075
30.36,42935
30.56,34970
30.63,33052
30.83,32570
31.08,22021
30.8,28665
30.79,18952
30.86,17577
30.77,116535
30.47,48468
30.56,24058
30.53,14866
30.59,14091
30.79,24153
30.59,17087
30.55,11923
30.68,4044
30.65,5502
30.57,6907
30.58,11591
30.74,11901
30.76,57023
30.51,58751
29.67,27188
29.2,27680
29.11,23132
29.13,37130
29,16339
28.8,15376
28.6,17405
28.93,14133
28.99,12247
28.91,13734
28.87,22608
28.71,65317
28.91,56024
28.22,37402
27.34,37144
27.5,38820
27.74,24243
27.78,20694
27.93,12143
27.98,13929
27.82,13652
27.76,11354
27.81,12027
27.89,10705
27.86,66517
26.76,40006
27.3,19776
27.51,14016
27.49,10941
27.79,13242
28.02,5956
27.91,13133
27.94,8322
27.81,10687
27.69,14912
27.67,10042
27.67,6358
27.81,41009
28.35,32651
28.24,47940
28.38,32257
28.22,12207
28.3,7061
28.27,8870
28.22,7110
28.29,20512
28.27,7694
28.23,8116
28.29,14155
28.32,18659
28.37,39717
27.8,30282
28.25,18083
28.3,19589
28.15,11988
28.2,11427
28.24,11179
28.12,11505
28.13,8858
28.17,10009
28.14,17058
28.26,17676
28.33,25248
28.42,76447
27.9,17254
27.99,21739
27.79,21369
27.98,18373
27.9,19230
28.11,11895
28.11,31141
28.08,25266
28.14,24438
28.35,35017
28.36,17067
28.3,12161
28.29,33382
28.34,54324
27.92,32427
27.84,20489
27.39,22242
27.16,51111
26.57,21672
26.7,19422
26.68,19411
26.62,11174
26.65,45715
26.48,24761
26.37,29725
26.15,104299
25.87,48858
26.28,20614
25.84,23922
25.94,18874
26.04,14516
26.15,16702
26.08,13768
25.89,18766
25.7,33237
25.35,11091
25.56,23710
25.44,20142
25.39,43710
25.76,29974
25.34,26958
24.76,37604
24.96,18469
25.1,23295
25.11,26271
24.93,9956
24.94,16782
24.75,25881
24.57,20980
24.49,29725
24.42,15386
24.38,59876
22.86,107864
22.6,45453
22.55,33956
22.8,32699
23.09,44968
23.23,22255
23.07,19647
22.96,20567
23.08,34707
23.01,25509
23.13,25603
23.12,37147
23.12,98160
23.3,45338
23.68,45275
24.12,25596
24.11,32850
24.01,21262
24.15,19937
23.96,12859
23.98,18574
23.71,12925
23.82,15320
23.72,14661
23.83,17269
23.92,64138
24.3,52589
25.13,49029
25.08,41078
25.23,23782
25.28,36758
25.74,20918
25.73,19598
25.73,20606
25.73,21388
25.56,21548
25.54,18447
25.48,18062
25.57,79123
25.31,28915
25.14,17384
25.24,12681
25.07,14332
25.08,14405
25.21,10507
25.33,17631
25.44,11775
25.55,14610
25.63,13675
25.62,13806
25.54,15561
25.58,36771
25.34,19032
24.83,14304
24.79,13047
24.96,15277
24.84,18378
24.74,9456
24.77,10244
24.67,5419
24.76,6616
24.83,5631
24.92,9878
24.95,11983
24.98,27916
25.08,28455
25.6,17715
25.67,23105
25.32,10899
25.47,13058
25.37,13311
25.32,8294
25.27,7291
25.37,29353
25.33,23373
25.33,28001
25.32,19608
25.35,60497
25.06,19577
24.62,12586
24.76,26486
24.86,9969
24.73,8757
24.73,23843
24.48,24950
24.4,15183
24.34,11842
24.41,32869
24.65,15829
24.64,13378
24.64,45466
25.05,15041
24.68,16928
24.64,15208
24.6,9662
24.87,12376
24.93,7164
24.94,5362
25.02,6665
25.07,9582
24.99,10607
25.08,28237
25.39,16654
25.37,20536
25.66,24323
25.23,16577
25.27,10495
25.31,10760
25.44,9706
25.52,7501
25.48,5992
25.48,7478
25.47,11574
25.28,9399
25.33,6060
25.23,12633
25.16,34446
24.88,16727
24.92,29730
24.75,12913
24.6,18874
24.63,17169
24.59,8653
24.55,7749
24.44,11727
24.37,14096
24.43,8548
24.49,9059
24.51,29665
24.52,87040
24.49,30479
25.24,56548
24.84,36696
24.68,31050
24.46,32444
24.28,16882
24.41,20184
24.51,18749
24.5,20729
24.51,22995
24.69,26668
24.73,101893
24.48,101140
23.96,26231
23.84,43738
24.28,20539
24.02,13782
24.55,11285
24.57,8709
24.54,2591
24.63,4560
24.41,19839
24.48,108784
24.57,37682
24.56,17956
24.72,41477
24.4,81721
24.09,36957
25.07,57956
24.74,16468
25.17,100499
24.6,15421
24.64,19546
24.56,12145
24.56,16446
24.44,29992
24.26,38053
24.33,34036
24.18,116940
24.35,44206
24.71,25108
24.95,24321
25.05,34292
25.07,20143
25.02,7550
24.96,20272
24.82,8358
24.84,13301
24.87,9687
24.83,14440
24.65,19278
24.6,38188
24.98,53730
24.95,26747
24.82,17438
24.88,25896
24.97,9064
25,7469
25.01,9326
25.01,16235
24.98,21363
24.88,11983
24.77,22294
24.76,40279
24.76,57124
24.01,28749
24.38,29019
23.88,18369
24.03,27891
24.26,21386
24.31,14357
24.32,19640
24.18,10231
24.24,5958
24.12,11705
24.11,8771
24.14,7878
24.16,39753
24.18,37596
24.47,37010
24.62,21039
24.57,11104
24.76,15336
24.62,10159
24.77,18309
24.7,17781
24.76,10913
24.63,19201
24.6,12401
24.61,18272
24.64,24126
24.71,37281
24.54,37278
24.85,17072
24.75,12841
24.62,15569
24.86,43736
24.92,16720
25.11,17020
25.11,22022
24.95,25970
25,19804
25.06,33968
25.13,58357
25.21,10526
24.99,17143
24.85,21408
24.81,23716
24.95,10970
24.97,15269
25.09,6999
25.09,6526
24.96,5440
25.03,7439
25.1,7083
25.12,14479
25.17,40240
25.04,21387
24.76,19325
24.72,12526
24.69,7772
24.67,10077
24.59,4793
24.55,5241
24.47,2906
24.49,8683
24.41,17164
24.38,35434
24.35,35933
24.34,42912
23.69,43444
23.04,29233
23.03,19553
23.12,24696
23.28,27541
23.39,13634
23.19,13131
23.23,5814
23.27,10646
23.3,24607
23.32,18597
23.36,21654
23.36,56894
22.9,24732
22.95,22994
23.28,31909
23.11,20851
22.91,25113
22.77,20482
22.81,32268
22.45,23355
22.58,7230
22.58,11875
22.55,7466
22.66,12182
22.64,31705
22.8,49389
22.57,15670
22.5,19070
22.85,12542
22.98,17090
22.98,9994
22.73,8653
22.79,10645
22.77,5755
22.79,12342
22.7,10245
22.57,24441
22.34,60233
21.47,47329
21.21,37933
21.01,41423
20.87,17103
20.84,16910
20.88,13020
20.75,20267
20.78,11196
20.68,14415
20.64,18468
20.54,22968
20.58,30132
20.83,66075
20.4,37295
20.65,24944
20.48,40447
20.61,16339
20.7,22456
20.67,16889
20.69,19974
20.61,15553
20.52,11270
20.52,17953
20.57,15878
20.53,20623
20.58,164671
21.45,34418
21.93,36562
21.94,21706
22.06,14728
22.05,9636
21.93,3834
21.93,4750
22.02,8760
22.03,8445
21.96,12813
21.97,13405
21.98,11525
21.9,42314
22.47,42727
23.19,27997
22.96,10312
22.86,8990
22.79,10345
22.67,2803
22.71,13580
22.83,8855
22.83,9312
22.85,9525
22.89,23007
22.93,16508
22.87,51598
22.83,27162
22.93,14003
22.72,11525
22.93,9450
22.96,14205
23.1,16851
23.07,8927
23.08,7260
23.2,8412
23.25,6369
23.21,4431
23.18,8134
23.06,17802
22.81,29605
23.13,6134
23.09,7319
22.68,4192
22.76,5805
22.9,2779
22.87,3822
22.88,7816
22.66,5872
22.72,12824
22.74,10474
22.57,33768
22.57,39239
23.02,39791
23.63,36566
23.79,13129
24.03,11062
23.98,11359
24.09,7362
24.12,13559
24.16,9127
24.17,6983
24.18,6899
24.11,5978
24.03,15562
24.01,39716
24.17,33255
24.24,11707
23.96,4906
23.93,6772
23.97,9234
24.14,6117
24.05,4728
23.97,4341
24,4434
23.98,6208
23.95,5537
23.99,6722
23.94,25733
23.88,48315
23.88,22179
23.96,21979
24.25,14676
24.13,12157
24.1,4317
24.17,10145
24.18,8352
24.31,5947
24.39,3196
24.31,7378
24.32,11738
24.15,42582
23.98,27499
23.82,15907
23.97,15553
23.82,18157
23.59,12380
23.47,21998
23.53,9525
23.64,8385
23.57,12800
23.58,14643
23.47,12673
23.5,18880
23.55,38214
23.99,50199
24.36,31536
24.75,23190
24.89,24696
25.04,38564
25.12,15784
25.19,17075
25.23,12773
25.06,11061
24.97,9405
24.88,7406
24.97,20077
24.92,40943
24.79,48155
24.86,13012
24.64,24880
24.54,11803
24.36,10306
24.4,13025
24.38,5953
24.36,16356
24.38,9847
24.31,21634
24.42,16519
24.34,25987
24.22,77765
24.09,28083
24.47,12826
24.18,11908
24.14,10924
24.18,7465
23.99,9046
24.07,6682
24.05,6638
24.11,2668
24.18,3369
24.17,9642
24.05,10470
24.07,25578
24.35,22511
24.18,24609
23.8,32978
23.34,13686
23.43,14590
23.37,11031
23.61,6064
23.57,4835
23.45,4989
23.43,8451
23.48,5961
23.5,6614
23.52,25716
23.2,25564
23.61,18502
23.79,18585
23.92,12895
23.74,9010
23.73,18485
23.52,13734
23.53,10281
23.36,6724
23.4,8670
23.37,11508
23.39,10035
23.37,59082
23.99,33857
23.71,40600
23.6,47890
23.51,30057
23.64,29595
23.71,20371
23.79,34132
23.68,35290
23.63,29370
23.64,17799
23.59,24593
23.57,27443
23.5,61820
23.86,42598
24.48,33741
24.79,32299
24.8,13673
24.72,17150
24.87,28520
25.02,12793
25.05,32886
24.96,17773
25.05,25472
24.97,25310
25.04,31911
25.03,126048
25.49,46238
25.07,24564
24.89,17324
24.75,13271
24.92,13641
24.9,9537
24.95,8097
24.85,12428
24.85,11965
24.89,8306
24.71,12443
24.67,16645
24.45,60287
25.48,77230
26.2,36811
26.13,52199
26.19,25915
26.18,12420
25.96,20456
25.9,33530
25.89,23086
25.82,26002
25.86,31674
26.03,27722
26,37656
26.01,112826
25.92,33430
25.81,28603
25.8,30770
25.73,30887
25.55,17943
25.56,17691
25.57,15315
25.63,10047
25.68,24525
25.83,18131
25.86,20584
25.91,22979
25.8,49246
25.6,26486
25.43,19764
25.43,31028
25.39,20940
25.3,18715
25.29,13657
25.37,9268
25.37,9008
25.35,32555
25.27,48453
25.18,35736
25.17,38112
25.29,208118
24.17,80222
24.11,29674
23.78,16560
23.99,19897
23.95,17129
23.81,23305
23.78,13907
23.65,9893
23.73,19371
23.8,12228
23.51,19843
23.49,19129
23.7,77657
24.24,21257
23.9,19357
23.78,27964
23.61,20026
23.68,22841
23.86,13882
23.99,13876
23.97,17138
24,21810
24.03,16162
23.96,17935
24.07,16078
24.14,35575
24.67,27904
25.16,26447
24.91,17754
25.04,17469
25.04,31770
25.37,16882
25.34,12106
25.38,8371
25.38,10641
25.31,31412
25.5,37414
25.23,49715
25.34,205402
25.23,34617
25.52,31669
25.65,36750
25.85,37600
25.92,34062
26.1,28833
26.31,19776
26.32,20068
26.39,10974
26.35,13779
26.37,28550
26.2,24203
26.21,34219
25.96,35504
26.35,23182
26.65,26429
26.52,19382
26.37,21580
26.56,16548
26.6,10802
26.62,9524
26.58,10101
26.42,11585
26.45,12011
26.48,18868
26.5,79085
27.26,76085
28.05,53725
28,35610
27.91,42630
28.12,35175
28.25,37918
28.39,48790
28.37,29408
28.28,34714
28.42,21338
28.3,22821
28.28,39752
28.33,84718
28.77,88344
28.46,59188
27.95,38282
28.29,36015
27.96,23069
27.89,29931
27.91,40977
27.96,18391
28.29,14728
28.21,26644
28.39,46266
28.49,35290
28.16,63518
28.34,64847
27.98,28743
28.11,24963
28.46,17479
28.4,13956
28.38,11668
28.18,6970
28.26,9137
28.26,16283
28.26,22739
28.25,15985
28.23,18858
28.25,81629
28.01,37221
27.78,31805
27.57,27067
27.49,34179
28.22,60979
27.96,28766
27.8,11932
27.85,23714
27.7,19994
27.81,12197
27.84,13127
27.88,24968
27.94,98989
28.01,48097
28.65,57267
28.8,31277
28.73,21874
28.71,15790
28.75,14798
28.91,15346
28.97,15339
29.03,36180
29.08,18723
29.18,9102
29.06,17414
29.08,78086
29.74,87750
29.97,46838
29.79,61584
30.28,47919
30.38,33799
30.29,40994
30.18,21323
30.05,28632
30.13,13421
30.11,73396
29.87,22656
29.82,19878
29.8,126504
30.33,85420
30.86,83246
31.35,54490
31.07,24211
31.03,50540
30.94,56391
30.45,22522
30.7,24680
30.7,22439
30.75,118072
30.68,30971
30.92,35534
30.9,88303
29.86,82691
29.86,69876
29.76,36411
29.7,26412
29.87,18284
30.18,18642
29.87,13861
30.09,11402
30.08,13023
30.18,26313
30.26,22292
30.16,25873
30.07,97789
29.99,36070
29.77,54274
29.84,34534
29.81,30972
30.12,46654
29.98,31135
30.02,33762
30.1,34495
30.26,65822
30.42,38597
30.52,38693
30.44,35909
30.56,56693
31.16,63490
31.4,45202
31.72,39819
31.62,40393
31.72,29949
31.46,23325
31.18,29842
31.52,40703
31.46,23971
31.59,17316
31.64,22343
31.63,31352
31.62,80283
32.16,71670
32.32,61435
32.38,89455
32.29,54885
32.25,29820
32.17,45130
31.9,20002
31.63,19246
31.46,15837
31.42,13642
31.24,33419
31.51,33467
31.55,83824
31.19,33996
31.79,27557
31.33,9421
31.28,26373
31.24,15204
31.18,25697
30.96,25483
30.77,24585
30.82,72286
30.92,26430
31.21,19576
31.22,16802
31.02,46433
30.32,31443
30.54,26580
30.4,20209
30.66,57085
30.68,20647
30.67,19879
30.59,6000
30.6,21333
30.44,11146
30.35,16341
30.48,12420
30.49,38529
30.41,74081
30.83,82876
30.27,57523
30.24,43817
30.17,25932
29.98,22257
30.11,5740
30.04,19017
30,16983
29.97,21384
30.01,14655
29.98,16188
30.02,30992
29.88,57372
30.66,77933
30.37,42025
30.26,79259
30.28,16832
30.31,13214
30.39,12147
30.2,4533
30.28,7796
30.18,5948
30.25,13991
30.22,22259
30.1,41788
29.94,129759
30.92,148468
31.38,66200
31.64,52476
31.5,23841
31.14,22720
31.24,67494
31.44,27690
31.12,61207
31.14,37822
30.76,38241
30.82,28737
30.87,21739
30.78,69607
30.95,21534
30.83,20374
30.84,34668
31.13,40812
31.28,9012
31.3,17627
31.22,34426
31.35,17845
31.31,5939
31.12,12354
30.86,11613
30.79,15795
30.85,48329
30.46,62681
30.5,108942
30.68,44813
30.89,22072
30.87,22864
31.01,24718
31.24,43051
31.14,13529
31,21152
30.95,16799
31.14,12567
31.3,15891
31.34,68923
31.08,39386
31.4,14461
31.23,18099
30.92,45338
30.52,30261
30.77,10990
30.82,9167
30.86,8077
30.71,11248
30.57,13657
30.77,4114
30.68,9157
30.75,40241
30.91,24195
31.28,51702
31.31,31219
31.26,40524
31.23,24997
31.04,16693
31.22,13744
31.19,17238
31.33,25660
31.46,23585
31.5,28909
31.62,19606
31.65,78493
31.65,0
31.65,0
31.65,0
31.65,0
31.65,0
31.65,0
31.65,0
31.65,0
31.65,0
31.65,0
31.65,0
31.65,0
31.65,0
33.33,48697
33.22,44046
33.32,40822
33.44,56278
33.27,32536
33.2,16684
33.14,23541
33.03,20056
33.12,13699
33.3,15460
33.44,20314
33.48,17163
33.36,33827
32.7,42808
32.6,17524
32.47,30339
32.31,21814
32.24,27106
32.08,50142
31.83,21249
31.83,14836
31.73,10834
31.71,10412
31.67,8452
31.54,18174
31.39,61678
31.3,70648
31.51,31123
31.58,36477
31.52,15657
31.31,13386
31.47,12707
31.38,14734
31.35,29764
31.33,7077
31.43,10115
31.61,26121
31.59,19471
31.58,34268
31.83,93489
31.68,46195
31.17,17790
31.45,6993
31.58,8809
31.53,7862
31.56,6839
31.41,14440
31.41,12577
31.43,13636
31.38,14228
31.45,15182
31.41,58814
32.14,45616
31.88,24727
32.3,22289
32.19,9691
32.22,9751
32.27,13607
32.43,21212
32.57,19680
32.49,17772
32.53,19214
32.41,18008
32.7,9659
32.62,36443
32.28,50917
32.95,25337
32.74,20005
32.48,6454
32.54,9683
32.21,8506
32.38,8475
32.25,12000
32.3,8013
32.27,7673
32.14,11329
32.24,14460
32.35,34383
31.72,31287
32.02,23870
32.3,16088
32.13,18163
31.98,8431
31.86,5772
31.69,6654
31.88,8863
31.79,14190
31.66,25169
31.87,26556
31.72,16905
31.91,51261
32.71,80361
32.38,38388
31.97,59788
31.76,39480
31.62,33813
31.78,13182
31.61,13635
31.48,11720
31.64,18667
31.45,20884
31.25,13526
31.25,17775
31.47,74409
32.02,57284
30.93,31900
31.16,29425
30.95,32464
31.33,94400
31.58,107801
31.72,50038
31.85,43539
31.62,36293
31.55,14167
31.43,11173
31.63,30400
31.3,123430
31.87,95817
32.62,29827
32.65,26845
32.72,18995
32.58,17241
32.56,8943
32.55,12371
32.53,11938
32.4,10044
32.26,15260
32.24,34158
32.22,6393
32.16,19767
32.11,35562
31.7,28631
31.53,12251
31.49,10494
31.51,19120
31.08,23703
31.21,13394
31.29,10168
31.27,9800
31.26,30903
31.51,5838
31.64,11979
31.68,42748
31.44,14134
31.24,24673
30.9,18042
30.61,21816
30.69,28411
30.73,24714
30.55,14247
30.46,23859
30.31,19282
29.9,14081
29.74,22840
29.85,22760
30.07,72687
30.12,22352
30.19,13122
29.94,20554
30.33,20779
30.35,29359
30.34,6898
30.43,10045
30.33,9074
30.32,6988
30.3,6235
30.2,5490
30.17,10129
30.2,38454
29.68,22658
30.21,15918
30.12,16223
30,9743
29.89,10268
30.03,6354
29.97,5735
29.94,6874
29.96,4586
29.88,7530
29.92,3507
29.92,21029
30.02,97443
29.72,14861
29.61,12552
29.72,10586
29.87,7489
30.02,11088
29.86,7502
29.88,9761
30.1,4952
30.25,7740
30.29,6033
30.26,20591
30.26,8176
30.14,31656
30.09,20413
29.83,52822
29.7,17334
29.86,15633
29.92,13739
30.11,23835
30.3,20416
30.22,16258
30.21,11709
30.19,13118
30.18,22862
30.09,19112
30.01,51429
29.62,21762
29.68,18915
29.72,19484
29.72,15579
29.45,14847
29.54,18647
29.22,13899
29.31,15946
29.24,17236
29.22,28610
29.03,24937
28.94,26657
28.82,65659
28.95,61402
28.62,20226
28.26,21294
28.64,16948
28.98,19566
29.01,9961
29.08,7320
28.89,11523
28.98,8290
28.95,11408
28.74,34760
28.89,11355
28.88,35115
27.71,54809
27.33,45638
27.29,32544
27.34,43322
27.29,27473
27.25,11903
27.34,9396
27.33,24160
27.23,20792
27.21,25204
27.3,24047
27.15,35700
27.17,136715
27.28,30990
27.7,38634
27.99,51521
28.01,35044
28.21,32865
28.02,21385
28.19,14244
28.15,14470
28.43,16254
28.56,18456
28.7,12611
28.73,14976
28.57,51755
28.75,117947
29.44,51971
29.69,69944
29.55,23815
29.72,38527
29.93,25143
30.21,32179
30.15,24662
30.17,15936
30.03,15351
29.89,36870
29.92,46728
29.82,62011
29.49,29849
30.22,49192
30.31,29727
30.26,9530
30.15,10329
30.07,10524
30.08,11813
30.16,17493
30.2,33565
30.03,15493
29.92,14808
29.97,11420
30.03,37078
27.57,112701
26.63,106662
26.57,66606
26.71,35723
26.76,31050
26.98,39640
27.66,128302
27.66,0
27.66,0
28.92,37294
28.25,52817
28.11,24952
28.16,13925
28.05,32358
28.14,22006
28.43,13364
28.55,14046
28.38,13166
28.49,22572
28.43,14715
28.35,10741
28.45,44999
27.32,158448
27.69,39285
27.82,27832
27.77,19184
27.78,63021
27.57,43392
27.61,47587
27.63,43305
27.51,35933
27.78,19820
27.95,30395
27.95,42756
27.82,99981
28.81,37695
28.48,17184
28.62,32097
28.75,38937
28.66,23360
28.18,50232
28.44,10839
27.97,26591
27.99,54765
27.73,40135
27.59,30630
27.48,47388
27.26,103086
26.84,102307
27.41,52118
27.44,81009
27.56,55830
27.73,20091
27.72,28761
27.77,22267
27.52,21454
27.34,24260
27.66,42779
27.75,21334
27.81,27887
27.86,46379
28.41,21689
27.88,9864
27.9,15147
27.49,13484
27.48,16128
27.17,11256
27.33,16362
27.26,9749
27.28,21504
27.22,17303
27.24,13143
27.04,27152
27.3,49880
27.88,24140
27.57,21381
27.75,21026
28.03,16384
27.96,8069
27.81,8342
27.94,7030
28.07,10966
28.18,29605
28.38,16068
28.35,11649
28.26,14589
28.3,46192
28.53,33618
29.2,47071
29.4,28054
29.52,27721
29.34,25405
29.36,35394
29.35,25521
29.42,21649
29.36,31175
29.32,31337
29.37,43609
29.37,42689
29.23,71075
29.41,38496
29.07,57733
28.91,26474
29.13,25191
29.2,23085
29.27,18256
29.18,14410
29.06,6383
28.99,15348
29.03,23481
28.95,24491
28.91,23219
28.97,38597
28.68,29851
28.64,31755
28.55,33540
28.49,12813
28.49,15705
28.39,8158
28.43,10388
28.57,7506
28.45,9071
28.5,6273
28.46,8606
28.43,11653
28.49,30277
28.82,17259
28.09,23467
28.14,16397
28.2,14415
28.06,12596
28.2,9869
28.17,5608
28.11,4164
28.02,6520
28.18,8069
28.44,13217
28.49,15074
28.65,76032
28.41,64516
28.08,41827
27.71,28599
27.59,25429
27.34,18625
27.41,26789
27.64,16974
27.58,19631
27.56,13211
27.51,22977
27.56,28760
27.5,22207
27.7,61369
27.15,25554
27.59,11136
27.67,21416
27.47,18547
27.33,13647
27.18,9861
27.32,9444
27.24,9197
27.33,7711
27.24,11473
27.26,15396
27.18,18264
27.19,97151
26.95,34446
25.94,79750
25.75,84310
25.82,54086
25.8,67514
25.72,24721
25.98,8185
26.06,6788
26.14,13335
26.12,25276
26.37,19987
26.43,21791
26.91,52002
27.25,37075
27.43,11187
27.69,17087
27.84,30780
27.83,15181
27.54,10590
27.43,11422
27.18,12731
27.33,7727
27.22,14692
26.91,24694
26.68,38423
26.79,46450
26.31,34107
26.02,54519
26.12,20912
26.52,30317
26.67,14949
26.49,9305
26.42,8343
26.45,7203
26.41,5583
26.37,9562
26.34,13533
26.23,18038
26.33,109915
25.24,75673
24.96,32799
25.17,24430
25.01,20387
25.02,14487
25.17,9716
25.31,9747
25.28,31512
25.22,43878
25.22,35434
25.24,46815
25.24,44735
25.28,101475
25.92,40049
26.15,25637
26.4,31601
26.24,10778
26.4,11785
26.46,19515
26.5,6301
26.62,7353
26.55,9463
26.64,19228
26.67,24739
26.73,17347
26.77,54215
26.76,20130
26.78,9324
27.02,14938
27.22,6521
27.18,12130
27.17,18302
27.4,10371
27.45,4982
27.36,3704
27.33,4939
27.21,2147
27.21,9098
27.15,41714
27.36,15647
27.29,21995
27.33,15941
27.38,8774
27.35,3426
27.31,4055
27.39,4862
27.37,7917
27.24,4433
27.28,3203
27.31,7807
27.26,12259
27.18,54928
26.91,41532
26.94,12162
27.23,10260
27.49,6221
27.47,10364
27.67,5767
27.67,1569
27.66,7311
27.64,4139
27.73,5407
27.74,6585
27.81,14597
27.74,44233
27.94,60707
28.19,12479
28.01,9222
27.72,9780
27.73,20362
27.77,9592
27.61,8468
27.67,5306
27.73,6646
27.8,9378
27.79,8667
27.74,7595
27.87,30740
27.49,19432
27.42,10884
27.57,12677
27.79,24630
27.38,28985
27.46,5812
27.39,6114
27.56,5097
27.63,8749
27.55,3114
27.5,10430
27.51,16324
27.54,54673
27.54,17033
27.57,17929
27.6,10172
27.53,7272
27.45,26033
27.49,7333
27.4,11393
27.5,4673
27.5,1542
27.5,6249
27.49,10546
27.38,16462
27.32,36995
27.04,24653
27.29,18260
27.18,8640
27.12,10893
27.23,7355
27.19,7134
27.1,13705
27.21,8119
27.25,8291
27.33,4034
27.3,5428
27.25,11430
27.36,58277
27.41,35270
28.55,41303
28.82,25651
28.8,15477
28.88,12471
28.89,13211
28.83,12449
28.91,23646
28.95,15120
28.91,15143
29.02,24439
29.13,25527
29.12,111547
29.65,125897
30.82,122976
31.31,98690
31.32,40240
31.13,43102
31.51,29200
31.57,30928
31.51,34870
31.36,44284
31.19,39765
31.18,29038
31.29,37677
31.29,111825
31.18,54223
31.67,41078
31.47,34973
31.2,14349
31.19,14141
31.04,27349
31.35,23596
31.05,18517
30.85,17693
30.8,26019
30.45,18206
30.27,31327
30.01,56572
31.06,65328
30.6,21066
30.5,32321
30.19,42632
30.28,22369
30.66,14316
30.65,9477
30.53,16743
30.46,13470
30.59,14817
30.58,17673
30.8,16739
30.8,64469
31.01,90987
31.09,20850
31.11,38611
31.13,21531
31.11,15323
31.26,19824
31.23,5898
31.24,12417
31.23,12564
31.22,15374
31.1,11845
31.04,17236
31.12,71801
31.09,41220
30.37,21005
30.37,30712
30.26,27087
30.48,49362
30.3,11684
30.22,17996
30.16,11897
30.26,9436
30.36,32390
30.49,19667
30.41,30157
30.18,110864
31,100309
30.91,95607
31.5,70648
31.12,55946
31.6,44603
31.91,91470
32.16,47522
32.34,15104
32.38,28401
32.51,21278
32.45,15904
32.58,30357
32.72,121543
32.87,49901
32.87,35151
32.61,62705
32.37,26637
32.39,20539
32.59,15597
32.48,19511
32.47,35939
32.72,17715
32.55,16164
32.55,16054
32.6,21879
32.54,50962
32.58,65150
32.97,54431
32.67,55636
32.23,29448
32.61,28736
32.58,31595
32.26,33876
32.42,19926
32.48,11436
32.57,14453
32.5,19063
32.44,21246
32.12,81137
32.16,49077
32.93,31242
32.91,29843
32.64,24804
32.69,5610
32.52,14550
32.39,7626
32.42,3737
32.48,7515
32.66,9379
32.5,35725
32.76,45687
32.97,216772
33.81,74591
34.5,38364
34.47,35687
33.97,32127
33.65,24089
33.39,21056
33.18,14696
33.02,14093
33.07,45574
33.52,16526
33.72,30420
33.99,51455
33.96,140764
34.44,117611
34.39,33495
33.62,30274
33.96,26277
33.97,23389
34.15,40773
34.09,25504
33.97,30013
33.8,47963
34.12,33758
33.78,56162
33.89,36076
34,79963
33.01,59057
33.43,40100
33.62,38096
33.78,31585
33.83,32287
33.96,21434
33.8,23577
34.19,21212
33.93,15569
33.98,20106
33.73,26832
33.7,27401
33.33,97522
32.44,47766
31.69,30710
31.32,40725
32.12,12108
32.39,16863
32.05,18643
32.01,15407
32.09,41393
32.02,18876
32.18,15340
31.96,16583
31.69,56044
31.47,86575
30.62,77576
30.24,85369
29.89,20036
29.89,0
29.89,0
29.89,0
29.89,0
29.89,0
29.89,0
29.89,0
29.89,0
29.89,0
29.89,0
31.66,41982
31.47,46442
32.23,57226
32.47,42936
32.95,59588
33.22,44363
33.67,32591
33.51,34042
33.83,37891
34.24,26318
34.35,53022
34.66,80876
34.47,220330
35.09,129171
35.62,49520
35.24,56290
35.35,33736
35.55,19517
35.62,17149
35.65,21530
35.9,30178
35.72,22332
35.66,28205
35.83,55123
35.09,83484
34.69,167574
35.73,104251
35.97,46000
35.34,46340
35.39,50027
35.16,31260
35.26,19687
34.96,33689
34.66,29252
34.19,43568
34.55,32697
34.71,68065
34.72,46202
34.83,100612
35.19,63889
35.49,33892
35.31,28330
34.89,16839
35.33,13953
35.41,20441
35.15,22309
34.67,25098
35,36228
35.13,26986
34.49,43594
34.88,33206
34.97,86178
35.37,36754
34.48,66114
35.69,62799
35.58,30265
35.06,27405
35.15,29092
35.01,23220
35.41,15197
35.36,14326
35.32,15414
35.32,15359
35.36,18960
35.25,57189
34.97,47423
36.21,54228
36.75,51222
37.01,31633
36.76,46012
36.8,23807
36.37,20773
36.67,17902
36.47,16202
36.45,19912
36.76,42735
36.73,121867
36.77,361739
36.67,45475
36.3,35136
36.52,28411
36.96,60000
36.47,18776
36.78,24429
36.89,13985
36.8,21097
36.86,13025
36.98,20001
37.06,25701
37.18,23619
37.33,58071
36.89,48722
36.86,40166
37.12,48313
37.34,20985
37.07,32734
36.97,25217
36.97,30218
36.84,51813
37.08,21934
37.37,98205
37.91,85837
37.61,41399
37.67,121687
38.01,115660
39.37,68139
39.35,37551
38.47,42302
38.64,31760
38.59,42562
38.46,34410
38.22,17220
38.4,22855
38.56,20025
38.49,11572
38.63,20298
38.8,80306
38.03,65712
38.35,23585
38.58,22947
38.63,25708
38.83,13879
38.55,13370
38.5,11395
38.54,21207
38.42,36142
38.45,11543
38.62,28572
38.63,38765
38.85,124020
38.32,50368
37.15,48206
37.33,91621
37.08,71458
37.02,49879
36.91,49721
36.85,32180
36.9,12967
37.06,16895
37.25,20910
37.04,37649
36.85,32626
36.84,96297
37.3,66727
38.29,38468
38.27,34019
38.06,36456
38.17,55402
37.84,24466
37.93,18583
37.81,29002
37.7,34055
37.71,18649
37.78,26461
37.81,21416
37.76,56320
37.63,67300
38.67,30360
38.87,18875
38.85,16762
38.83,17057
39.31,15296
39.2,22745
38.88,28845
38.53,21441
38.26,15696
38.34,39823
38.18,23537
38.22,71301
38.51,40849
38.96,30684
39.25,43418
39.04,51635
39.22,31170
39.26,24605
39.43,30079
39.47,28839
39.32,61332
39.93,125145
39.82,52877
39.8,71657
40.3,218684
40.05,48504
39.59,49095
39.24,58519
38.74,45787
39.04,30236
39.23,19165
38.8,27658
38.78,26731
38.66,61928
38.91,56176
39.14,40505
38.83,49234
38.62,139921
37.38,164997
36.66,52715
37.24,51230
37.39,25394
37.77,40593
37.46,58741
37.37,68917
37.23,50007
37.19,52709
37.3,29157
37.34,31351
37.32,33340
37.35,124941
37.94,85886
38.39,40660
38.4,28411
38.46,30395
38.16,42346
38.05,30728
37.97,26688
37.96,15398
37.87,15275
37.84,25983
38.18,17561
37.79,54505
37.09,75284
37.29,73360
37.35,29204
37.01,16646
37.08,16480
37.52,13109
37.53,12795
37.79,27771
37.57,18538
37.4,23639
37.35,30195
37.31,18492
37.37,7227
37.49,48320
36.77,49146
37.48,48836
37.49,61334
37.28,48110
37.44,41332
36.9,36918
37.09,35334
37.25,30283
37.24,28098
37.24,22958
37.45,36179
37.45,39799
37.12,125200
38.51,78469
37.51,43860
37,35645
37.01,25141
36.84,32429
36.49,41051
36.24,30628
36.16,23640
36.11,30988
35.69,28015
36.07,23469
36.55,34678
36.23,98388
36.29,82307
36.64,34693
36.35,28663
36.4,27742
36.26,26761
36.24,21867
36.65,18966
36.35,26857
36.16,30894
36.33,39149
36.35,32321
36.17,42800
36.44,126733
37.34,249977
36.47,66066
35.97,37092
36.04,45836
36.31,44945
35.73,61825
35.74,27612
35.64,22220
35.45,212062
37.1,145614
35.64,84998
36.3,77735
36.26,151840
36.76,235643
37.33,177669
37.53,111518
36.44,89494
36.68,67674
36.69,43413
36.33,51633
36.56,51624
36.68,53525
36.26,85976
36.5,90547
36.36,138962
36.19,205675
36.19,357576
38.32,223744
39.13,162437
39.9,259680
39.73,112954
40.16,148760
40.17,109401
40,85187
40.25,88993
40.56,99944
40.23,116533
40.42,152638
40.55,533507
41.54,708217
43.42,449135
44.28,382431
43.88,330056
43.76,286126
43.05,297822
43.7,331516
43.58,239934
43.33,204731
43.89,113394
44.42,278064
44.24,429232
43.88,643960
45.62,901699
44.7,359382
44.49,212812
44.86,154429
45.05,203301
45.73,128066
45.83,122343
45.9,144068
45.92,126903
45.93,119948
46.17,153968
45.96,167520
46.02,578140
44.85,506484
44.56,261124
45.17,220878
44.86,107100
45.1,120587
45.11,172984
45.2,185281
45.58,135542
45.55,171335
45.47,110350
45.54,112514
45.19,233656
45.12,550630
45.47,567858
47.93,299642
48.96,303157
48.33,279575
48.87,359006
47.99,269170
48.46,291484
49.41,288587
50.53,363541
51.1,464438
52.52,418311
52.05,382821
52.57,650721
54.12,376062
54.54,152687
53.35,126805
52.39,107763
52.86,151211
50.44,88114
49.76,67197
50.8,72686
51.64,60378
51.38,62695
51.19,111058
51.88,120056
51.82,133410
51.82,0
51.82,0
51.82,0
51.82,0
51.82,0
51.82,0
51.82,0
51.82,0
51.82,0
51.82,0
51.82,0
51.82,0
51.82,0
48.56,341293
50.56,171740
50.14,76628
50.88,188461
52.25,508267
54.06,251824
54.07,675967
52.94,434374
52.71,308002
52.57,393637
53.63,340997
54.05,459128
53.94,597570
54.17,247146
55.06,208042
54.16,104745
54.23,121513
55.2,92511
54.21,55632
54.38,55374
54.05,60089
54.38,44836
54.58,77783
54.72,57956
54.96,70321
55.3,164662
53.42,98913
53.78,60877
54.01,74344
54.18,69683
53.64,48170
53.72,45772
54.19,42412
54.13,67280
54.59,58820
54.47,57064
54.43,43822
54.22,81243
54.19,289761
52.52,126657
51.13,124693
52.34,81779
51.84,71604
51.66,118469
52.25,138494
52.22,44120
52.24,87650
52.21,140304
52.24,125542
52.15,139317
52.11,128872
51.97,230570
49.83,196693
50.1,190941
50.25,143933
50.05,115670
50.13,125936
50.85,62679
51.31,63042
51.57,58597
51.27,69592
51.34,49625
51.28,38190
50.87,83245
51.05,311323
50.92,164693
51.37,207305
50.65,151814
50.62,142605
50.39,135158
50.62,121895
50.64,119141
50.88,102325
51.02,128695
50.95,96627
50.43,102864
50.01,71618
50.09,122128
52.61,309764
52.8,239278
53.56,137533
54.11,66152
53.79,65625
54.47,44108
53.98,36481
53.6,42848
53.51,54925
53.59,61951
54.1,101350
54.69,84896
54.59,206902
54.5,174189
54.19,82422
53.57,57647
53.8,41908
53.72,45415
53.71,43273
53.8,38390
53.32,44732
53.72,22905
53.67,21876
53.39,30467
53.1,41334
53.35,113999
54.58,148821
57.81,155383
58.66,79375
57.96,56444
57.13,59133
57.29,48975
57.45,41869
56.75,37792
56.84,32145
57.07,35539
57.38,33015
57.09,62557
57.87,119087
56.48,103930
56.66,48150
56.38,35403
56.24,24018
55.78,32242
55.36,22512
55.6,24694
55.81,34945
56.58,29412
56.71,28439
56.61,15166
56.4,22983
56.31,59746
58.3,129013
58.04,53963
57.75,42451
57.69,42269
57.55,25568
57.1,35507
57.06,26170
56.82,26820
56.4,34645
56.6,25677
57.08,22049
56.54,30611
56.79,66697
56.24,59973
56.06,38655
55.59,59048
55.88,27969
55.46,41121
54.78,40355
54.68,22672
54.89,18299
54.87,12574
54.63,14400
54.39,39639
54.18,24049
54.43,47366
54.01,58839
54.48,47671
55.69,34188
55.8,51203
56.83,47900
56.21,25409
56.1,17243
55.58,27820
55.3,22907
55.27,27829
55.11,53807
55.22,101385
55.27,89516
53.54,73174
52.77,59859
53.84,29896
53.55,25855
53.93,26382
53.71,25406
53.73,14697
53.42,21226
53.15,11011
53.28,15183
53.38,18435
53.34,31122
52.87,87067
52.05,139472
52.05,66719
52.46,75919
53.02,56237
52.63,38352
52.48,32353
52.52,26201
52.57,23166
52.72,16924
53.11,19330
53.25,20799
53.12,22880
53.4,47618
54.93,114107
55.29,53229
54.5,40086
54.54,39442
54.26,23681
54.55,31930
54.32,24259
54.04,18769
53.88,19953
54,19409
53.96,28267
54.15,24474
54.01,67286
53.5,115152
55.01,54425
54.47,40680
55.2,26503
55.36,26631
55.31,26318
55.21,20959
54.95,17935
55.06,32939
55.05,40754
54.51,41022
54.13,31705
54.07,126530
53.47,134824
54.09,55148
53.73,30057
53.66,16835
54.15,16911
53.77,13418
53.73,17182
53.97,12481
53.8,20056
53.96,30679
54.17,29721
54.43,29183
54.57,64219
55.32,75857
54.7,30175
54.4,20171
53.81,35639
53.75,32060
53.81,37486
53.59,12754
53.62,19700
53.77,15192
54.03,13746
54.26,12259
54.35,10101
54.44,60912
55.01,82118
54.77,45968
53.84,29280
53.54,24743
53.68,17144
53.47,13449
53.34,13957
53.42,28811
53.56,22269
53.22,24315
53.11,15189
53.1,20232
52.86,102328
53.85,50604
53.32,36829
54.15,51020
54.51,55399
53.39,34866
53.35,21000
53.42,14844
53.43,14119
53.09,18136
52.85,29023
52.68,21996
52.9,13644
52.66,35804
53.35,67947
53.58,32285
53.25,19690
53.11,16303
52.73,52890
52.44,27851
52.01,20302
52.43,21509
52.92,24685
53,14916
53.28,15877
53.53,29177
53.99,81938
54.4,76322
56.1,43216
55.65,49927
56.83,65758
57.16,65580
57.08,38298
57.7,24974
57.71,26380
57.52,31674
57.91,40659
57.82,37880
58.06,64517
58.35,149058
56.95,102659
55.43,57338
55.12,63250
54.97,27404
54.82,25136
54.61,39268
54.32,30063
54.37,25650
54.63,29623
54.85,17411
54.55,20561
54.97,20615
54.92,72400
55.56,132434
56.88,46079
56.93,30642
57.3,30031
56.78,15412
56.82,19627
56.63,11707
56.72,10159
56.65,41506
56.03,36328
56.1,35857
55.98,61332
55.49,75613
56.63,77384
55.56,41021
55.04,38983
55.59,53200
55.88,23071
56.39,12799
56.33,21187
56.37,24709
56.54,23336
56.33,18370
56.12,21318
55.99,21747
56,63962
55.77,42285
56.15,17449
55.36,24511
55.42,11070
55.56,6953
55.53,20451
56.18,19450
56.61,20993
56.57,14653
56.59,25774
56.48,38063
56.28,21559
56.29,76599
56.71,140959
59.21,92208
57.57,31005
57.11,25937
57.94,17647
57.5,12406
58.23,11825
58.5,14404
58.37,13938
58.39,19541
58.03,31595
58,34541
57.78,99554
56.7,55151
57.59,22544
57.69,31257
57.27,17196
56.53,20575
57.02,15510
57.3,13751
57.25,11151
57.35,12717
57.48,15967
57.37,18988
57.13,16924
57.13,42211
57.35,45252
57.18,23405
56.42,24810
57.31,14916
57.36,15050
56.97,9399
57.05,15896
57.5,10248
57.49,20263
57.81,21461
57.91,48057
57.7,23289
58.01,52780
58.38,95451
59.03,47097
59.47,69297
58.87,22844
58.56,20907
58.15,15586
57.61,14349
56.83,24321
56.87,69067
56.05,34696
56.32,23874
55.82,54967
55.42,77754
55.63,51762
55.4,27108
55.33,18079
54.8,56105
54.2,27775
53.62,16215
54.16,14880
53.98,11483
53.83,20277
53.51,34099
53.84,20864
53.31,28365
53.74,69592
51.34,128812
50.54,71325
50.76,54875
49.69,62642
49.52,66754
49.19,22138
49.74,15517
49.89,18992
49.9,39319
50.46,20115
51.27,29835
51.57,42784
51.72,85343
52.66,44413
52.08,38238
51.94,38962
52.19,32374
52.97,38893
52.86,22258
52.9,13057
53.2,12594
52.72,19598
52.45,17301
52.16,20530
51.9,21344
51.74,53062
51.48,47450
51.95,26843
51.48,24738
52.05,21459
52.23,16953
52.63,15295
52.57,14753
52.64,28131
52.57,16561
52.89,18436
52.93,19677
52.34,17709
52.47,50331
52.58,37662
51.49,41475
51.3,29394
52.21,15406
52.22,8952
52.22,14131
52.85,15887
52.96,20011
53.21,29070
53.27,17705
53.32,22152
53.61,41751
53.93,109793
53.87,35330
54.04,27457
53.78,18296
53.52,18879
53.41,16715
53.36,22739
53.19,34881
53.16,12280
53.43,13355
52.92,32880
52.57,17034
52.12,35550
51.64,86315
51.33,62358
52.21,125117
54.09,110369
53.23,89769
53.04,91559
53.95,57772
53.95,55420
53.56,64803
53.4,37475
53.27,81093
53.23,60394
53.33,74298
54.58,202113
54.54,68632
56.44,53848
56.38,59727
56.7,38068
56.58,27197
56.82,16777
56.19,35229
56.19,26451
55.91,29570
55.92,44102
55.5,69665
55.73,75156
55.46,98579
57.15,71371
56.12,67116
55.6,45458
55.94,38649
55.85,23014
56.1,22435
56.15,25392
56.02,18867
56.2,16537
56.2,27032
56.85,65222
57.49,33983
57.78,108118
59.68,108162
60.25,72267
59.36,100719
59.22,55718
57.85,47891
57.18,22946
57.55,52063
58.29,19339
58.49,37229
58.48,16090
58.57,40437
58.74,46268
57.73,73688
59.43,100053
57.97,80835
58.95,61426
59.64,47062
59.78,44142
59.16,27014
59.86,35426
60.26,31847
60.15,37333
59.97,36400
60.02,44868
60.54,45590
60.37,105091
59.36,109513
57.59,136899
57.21,75342
55.61,48697
54.94,56312
56.24,28715
56.52,60770
55.45,56735
55.2,71261
55.15,65361
54.36,92596
54.6,101332
53.97,185201
55.89,69075
55.91,77662
56.61,61922
55.6,57776
54.51,48020
54.2,51851
53.91,63161
53.9,30390
54.2,57921
54.89,50132
54.38,46986
55.05,45077
55.26,131418
56.48,125654
57.35,223656
57.85,71109
58.62,61547
59.03,67663
58.88,71131
57.55,62239
56.9,63747
56.73,61512
56.29,39932
57.34,71265
57.27,51602
57.57,133915
56.58,111779
54.19,87711
54.99,95835
55.6,89663
55.89,75686
55.14,37915
55.91,22107
55.37,33313
55.02,38612
54.78,29069
54.57,43018
54.6,41322
54.65,127578
57.29,84753
58.52,76645
59.48,52908
60.04,49595
59.83,46116
59.76,60129
59.58,31494
60.46,25008
60.43,17685
59.48,20392
59.81,38597
60.2,22834
60.23,124454
60.82,147284
63.02,35555
63.19,34421
63.28,31946
63.21,26558
63.37,19582
63.55,20439
63.87,30445
64.39,21100
64.13,24574
64.58,25980
64.3,26022
64,66359
64.95,105408
64.56,67725
64.67,64741
64.31,19519
64.61,26518
64.04,26693
63.91,23257
64.2,11027
64.16,12868
64.43,29609
63.57,19192
63.67,15340
64,65000
64.45,58581
63.63,23810
63.23,32125
62.86,34981
61.63,23382
61.31,28001
60.77,15475
61.24,36893
60.62,18275
60.13,42701
60.54,28306
59.73,30771
59.86,81070
59.26,96758
59.78,53657
60.09,35973
59.35,27783
60.3,66448
60.89,51268
61.17,39934
60.45,27885
60.71,40632
60.82,49032
60.88,43556
61.63,36755
60.46,96133
60.95,55100
61.23,24258
60.63,29634
59.75,44086
59.73,21770
59.73,22289
59.36,15121
58.91,14905
57.91,18043
58.97,10906
58.68,18043
59.13,17862
59.33,77881
59.95,41802
59.46,39896
60.04,42065
59.45,29583
59.93,21839
59.59,34740
59.55,36008
59.68,22954
59.98,22384
60.79,33555
61.39,34568
61.57,31267
61.59,92315
60.58,50946
62.06,67757
60.54,65053
59.87,39588
59.67,37784
60.01,24847
60.24,34939
60.41,14053
60.39,12691
60.5,20729
60.96,14900
60.8,20053
61.03,59249
61.55,53400
62.44,57424
62.47,53574
61.88,29625
61.74,23146
61.86,15596
61.81,15049
62.19,20144
62.13,47034
61.62,49768
62.23,38973
61.96,39994
62.51,80473
62.97,51388
63.36,26305
63.68,18627
64.41,21660
64.64,34509
64.63,26395
65.09,31502
64.94,16374
64.1,11532
64.36,24606
64.82,33267
64.96,24134
64.68,84287
64.52,51620
64.59,19520
64.96,13101
65.04,17033
65.26,16662
65.74,34515
66.24,28744
66.83,28496
66.47,19453
66.66,52111
66.95,112216
66.88,47382
66.87,93490
68.81,135634
68.32,51822
68.25,32776
68.56,18722
67.59,22773
68.35,14067
68.12,15422
67.99,13471
67.63,25521
66.98,26450
66.25,49133
65.57,42792
65.42,120829
66.5,63995
66.36,30926
65.48,47409
65.39,37095
64.89,18255
64.3,25255
64.59,31008
65.27,22513
66.22,18455
66.17,33299
66.25,17769
66.3,37392
66.74,76833
65.59,57001
65.94,44264
65.64,36843
65.44,42063
66,26682
66.23,31170
66.44,22519
66.16,18848
66.17,22491
65.65,23407
65.28,53539
64.76,52766
65.27,96372
65.42,56211
66.79,21865
66.69,56366
65.97,45683
65.84,27016
65.86,8959
66.23,16603
66.42,21747
66.48,12690
65.89,19106
66.13,19464
66.13,18581
66.33,67144
66.21,61062
65.14,49881
64.9,56361
65.51,30491
65.2,32387
65.68,26865
65.41,18761
65.6,15292
65.48,30774
66.01,33586
65.59,19481
65.77,22622
65.67,85712
64.73,73111
65.71,51758
65.97,36286
65.42,26941
65.16,19441
65.7,38635
66.51,37866
66.98,33253
66.45,22397
66.29,25285
66.47,23847
66.32,30692
66.45,77026
66.46,68277
65.39,55960
64.72,49632
65.55,41129
65.8,18600
65.94,25546
66.08,22699
65.56,18273
65.01,48206
64.81,27016
64.51,30938
64.63,37479
65.02,77054
64.16,64100
63.5,30631
63.95,23411
63.26,25076
62.99,20586
63.51,23081
63.24,16876
63.68,11537
63.22,14931
63.6,11925
63.48,18742
63.11,20635
62.59,130812
61.02,78384
62.26,44540
60.87,67692
60.21,27011
60.53,26212
60.23,15306
59.71,28833
59.6,14135
59.89,11467
59.78,15801
60.04,19155
60.6,28874
60.76,82284
57.78,140718
57.28,97836
55.98,65274
55.62,84179
56.53,43839
57.39,35000
57.51,29400
57.24,20233
56.99,26555
57.67,31204
57.32,34271
57.17,71688
56.48,162693
58.5,115175
59.61,83013
59.6,36751
60.04,28222
60.2,27936
60.16,29151
60.1,17791
59.8,44435
58.82,38188
59.07,29289
58.65,50021
58.31,60081
57.97,110894
57.85,38788
58.21,32913
57.72,49685
57.06,25670
57.53,21368
57.86,19656
58.1,22784
57.6,17844
57.42,21849
57.27,55569
56.38,79573
56.51,53546
57.2,160455
55.2,73051
54.38,70267
54.66,58386
53.67,49845
53.89,40807
54.32,57622
53.53,28591
54.14,43344
54.29,31020
53.43,34009
52.85,47712
53.31,62538
53.18,156307
53.46,60418
53.25,101682
52.16,130269
51.88,93713
51.7,144174
51.9,116573
52.26,137251
51.62,65726
51.88,83102
52.32,176126
52.61,153603
52.91,106361
53.22,261798
54.93,72182
54.71,99311
54.58,45980
54.97,42667
54.37,41754
53.43,47452
54.37,33788
55.04,43273
54.73,42762
54.46,57551
54.23,41746
54.39,39938
54.6,168311
51.91,217136
51.99,138325
52.69,81102
52.74,95238
52.52,69919
52.36,81911
52.84,47539
52.9,45464
53.13,46907
53.45,45145
53.1,48635
53,65252
52.9,193088
54.77,107997
54.11,80056
54.03,54002
53.26,52941
52.78,50502
52.13,52769
52.17,42006
52.21,58528
52.33,56443
52.58,47094
52.51,65587
52.33,92207
53.15,230078
54.47,132332
53.91,124331
55.57,40243
56.38,37071
56.09,26762
55.62,46610
55.18,29985
55.12,34298
54.88,29981
54.87,36580
54.89,38080
54.49,50020
54.59,164652
54.97,43587
55.78,70567
56.01,50877
56.46,23795
56.07,27687
55.55,23797
55.14,31265
55.69,27514
55.73,29510
55.41,40031
55.43,33022
55.14,56869
55.71,105190
57.68,154635
58.94,93688
58.39,50747
58.45,41833
57.5,43078
57.15,61254
57.64,43322
57.46,33873
57.12,40140
57.27,39494
57.15,40734
57.53,70353
58.15,148183
58.7,72929
57.93,57567
57.3,60606
56.25,53308
55.32,45898
55.6,58443
55.45,53032
55.84,47759
55.87,66812
56.07,52811
55.87,64578
55.87,59844
56.13,120558
54.61,73616
55.5,87583
55.46,73551
55.33,30237
55.58,46771
55.63,32655
56.04,38807
55.8,33454
55.8,29470
55.66,63655
55.24,41357
55.11,61116
55.6,103307
55.96,63757
55.22,120013
54.25,136227
54.49,49837
54.77,31472
54.97,29997
55.74,25961
55.64,19658
55.91,31082
55.74,25528
55.97,46440
56.14,92769
56.36,214399
55.81,123571
55.04,66906
54.62,56176
54,134134
53.77,183560
54.61,82109
54.78,79919
54.2,76985
54.36,106319
53.99,186581
54.6,78619
54.7,77949
55.22,209261
55.21,111754
55.03,104170
54.76,108624
53.86,52727
54.52,60075
54.71,43001
55.22,63373
55.52,27616
55.66,27207
56.24,39233
56.01,22570
55.88,29063
55.95,72633
57.57,49924
58.36,31066
58.21,26369
57.9,18017
58.29,12190
58.24,14087
58.38,18525
58.17,13683
57.88,21645
57.77,16055
57.67,37152
58.09,25236
58.03,92852
59.5,85064
57.7,72574
58.07,36615
58.12,21509
58.09,21151
58.01,20820
57.62,20617
57.3,33411
57.23,14947
57.36,20132
57.77,15661
57.93,20822
57.81,67598
56.29,78833
56.38,61921
55.77,42994
55.55,39066
55.93,47591
55.95,23810
55.76,36384
56.07,23812
56.27,21670
56.15,17820
55.98,12868
56,15302
56.19,50673
54.2,85351
53.29,57477
53.21,36980
53.53,26605
54.1,22762
54.24,18652
54.21,23319
54.16,33336
54.22,36754
54.28,39880
54.18,47664
53.77,99184
53.66,91885
53.65,75261
55.63,53983
54.39,54158
55.46,25898
54.86,27526
54.57,24114
54.62,22224
55.1,22121
55.04,20705
55.42,29688
55.63,24171
55.67,31397
55.27,81248
53.39,56412
53.26,69563
53.61,36294
53.47,34734
53.33,31744
53.89,34345
53.49,31098
53.08,60544
53.17,27135
53.28,26687
53.42,29040
53.74,108989
54.07,204086
54.79,38119
54.26,27205
55.02,18283
54.65,10991
54.82,17731
54.54,10327
54.63,12989
54.75,10923
54.84,11926
54.78,16075
54.77,14866
54.84,12312
54.94,102594
56.72,55195
57.69,35852
57.22,29963
57.3,20992
57.18,19229
57.15,16266
56.93,11797
56.98,30581
57.37,28287
56.85,31309
56.69,25697
56.91,51073
56.56,90575
56.73,54139
57.35,31493
57.69,13212
57.33,22679
57.46,15223
57.87,21259
58.24,19225
58.71,28349
59.06,17158
59.14,21853
58.92,23954
58.84,28992
58.77,65211
57.81,55633
59.06,24446
58.87,17480
59.73,11834
59.42,9469
59.49,7990
59.7,14074
59.84,13239
59.6,13402
59.38,9144
59.64,8689
59.87,20734
60.06,77789
58.19,39025
58.19,40177
56.87,32165
57.85,15620
57.82,13047
58.04,12420
58.14,8079
58.35,7381
58.1,9066
57.94,17592
57.95,12685
57.88,24747
58.08,67436
58.48,25455
58.41,19634
58.56,9733
58.7,5845
58.86,5745
58.52,8527
58.3,9949
58.08,28875
57.83,11832
57.7,20680
57.27,9162
57.42,13921
57.59,59667
58.43,27714
58.69,24978
58.87,24428
59.14,23621
59.73,21940
59.99,35391
59.96,17077
60.09,12827
60.21,13052
60.13,23378
60.46,16427
60.62,23192
60.5,72186
62.14,50554
61.19,43941
60.69,20904
60.3,92149
59.55,69988
59.14,65147
58.41,91598
58.55,68699
58.94,42087
58.94,40354
58.52,53117
58.53,68694
58.74,142173
59.15,28536
58.41,13763
58.43,15627
59.33,13815
59.04,10409
59.03,11888
58.68,16443
58.61,12973
58.78,15793
58.71,24180
58.54,51385
59,58306
59.11,135035
59.84,32216
59.4,39918
58.36,24908
58.69,16241
59.23,12170
59.33,9596
59.25,10755
59.19,8854
58.8,10080
59.03,12702
58.71,17905
59.04,14212
59.17,55749
60.49,60740
61.03,58223
61.7,63231
61.6,22899
61.24,13154
61.2,19011
61.37,13873
61.44,15393
61.37,15609
61.6,18724
61.71,29622
62.02,30069
62.06,94821
61.35,66411
60.55,47817
60.37,34036
60.9,14852
60.8,13067
60.92,10944
61.11,15837
61.1,7527
60.54,8307
60.6,12604
61.22,11882
61.54,23199
61.68,70600
61.59,66081
61.14,63765
60.72,27063
60.79,21704
61.31,16037
61.51,17040
61.73,13383
61.69,14727
61.64,12217
61.41,18056
61.68,22375
61.96,31180
61.95,105386
61.03,78617
59.6,71873
60.22,38248
58.83,33877
59.27,13183
58.89,24388
58.5,37215
58.62,40986
58.19,27420
58.77,25863
58.38,22951
58.56,37530
59.03,217281
56.6,119023
55.18,98348
55.89,51095
55.23,74915
55.18,52656
55.17,68899
55.15,44159
55.33,44477
55.43,52444
55.27,42053
55.68,50352
55.31,257251
54.63,303658
53.66,145632
55.87,34768
56.07,28094
55.99,33503
55.27,30129
55.73,20865
55.57,25640
55.86,14095
55.89,19354
55.99,19222
55.94,20917
55.96,32837
55.82,80296
55.14,29072
56.27,32261
55.99,24696
56.64,26849
56.95,21896
56.68,18217
56.51,20954
56.45,22983
56.69,15911
56.95,32594
57.07,22711
56.71,24786
56.8,93504
58.14,34242
59.15,65165
59.41,70804
59.57,30075
59.19,25242
58.59,16404
58.59,11616
58.29,9100
58.85,7555
59.03,18175
58.81,19662
58.69,22064
58.93,38644
58.41,35598
58.45,20970
58.22,20329
58.93,10716
59.32,6781
59.57,11045
59.6,7522
59.65,9836
59.64,9809
59.69,10930
59.06,13064
58.92,19524
59.15,48828
60.68,48777
61.08,26380
61.1,29850
61.34,25821
61.03,17264
61.17,19359
61.53,23963
61.58,19607
61.81,17603
61.95,26685
62.28,40724
62.01,36257
62.07,93230
61.28,26016
61.85,19488
61.5,7547
61.68,10784
61.37,11551
61.41,8729
61.64,12094
61.84,6472
61.68,6649
61.92,7772
61.93,7578
61.85,9520
61.98,89337
59.81,50936
59.5,34797
59.7,37784
60.26,22083
60.47,10582
60.93,9752
61.18,12366
61.31,12898
61.09,13886
60.58,14968
60.67,7325
60.55,23187
60.94,61463
61.16,41473
61.4,17810
60.9,36592
59.79,23843
59.73,32235
60.18,11948
60.54,10712
60.27,10869
60.04,12445
60.19,29695
60.43,23363
59.94,37486
60.28,75114
59.92,35919
59.73,27595
60.35,21975
60.21,10702
59.82,11278
59.55,11699
59.76,5534
59.89,8129
60.12,15302
59.74,19661
59.9,15548
59.54,17624
59.59,57749
60.13,13729
60.73,18999
61.07,31718
60.86,12649
60.58,12918
60.95,13791
60.57,8747
60.69,33790
61.1,24320
61.39,27161
61.28,11791
61.45,17369
61.28,49358
60.56,21449
60.71,32680
61.06,41578
61.86,38736
61.87,30951
62.35,19470
62.02,33844
62.56,307076
64.51,276365
65.9,346089
66.98,374317
66.97,155481
66.68,288541
64.69,166896
63.83,68192
64.16,61229
64.26,51087
65.9,75745
65.22,34790
65.36,33441
65.92,31695
64.61,28827
64.85,29455
65.12,28965
64.94,38806
65.17,106935
66.95,115536
68.35,115993
68.99,115307
70.15,108195
69.9,83175
69.73,45270
69.42,70837
70.28,113091
69.77,44567
69.74,35898
69.42,49873
69.49,66131
69.65,133423
69.97,76224
70.76,46267
71.2,51442
70.71,51677
70.6,49579
70.47,30076
71.06,25495
70.27,16824
70.22,17178
70.22,16432
70.38,14278
70.17,65760
70.16,80839
71.33,41247
71.67,35680
70.98,36171
70.38,33866
70.59,21023
70.38,21069
70.32,24242
70.13,19726
70.1,25494
69.57,46562
69.49,40783
69.97,53088
70.06,127565
70.17,25867
70.43,36684
70.21,25658
70.02,27185
69.57,25944
70.43,24681
70.03,14937
69.97,13288
70.22,19149
70.43,18068
70.27,25705
69.99,35870
69.91,83052
69.02,51453
71.59,56997
72.14,38684
71.71,34393
71.64,18571
71.75,16515
72.05,14096
72.02,9791
72.17,12260
72.42,13231
71.93,15440
71.65,38502
71.29,48645
69.42,51497
68.07,101118
68.62,82191
67.56,21028
67.82,27191
67.91,20816
67.58,24830
67.62,11378
67.77,16222
68.09,13740
67.99,14917
67.61,12497
68.06,43098
66.44,49430
66.55,19854
67.34,21388
67.33,17746
67.33,11219
68.13,16089
67.59,16314
67.61,11412
67.78,16138
67.32,14161
67.06,23537
67.02,26442
67.2,115174
65.27,33697
64.78,34486
64.93,20885
64.53,20857
64.36,24282
64.87,21710
64.71,13252
64.45,18445
64.72,16674
64.38,18214
65.01,27679
64.67,21691
64.6,66558
66.7,28695
65.22,32387
65.76,21180
65.44,19057
65.44,34669
65.83,14976
65.41,14627
64.92,25014
64.76,17398
64.49,13105
64.67,15401
64.91,24999
65.07,40663
65.08,69993
64.07,63599
63.13,54731
63.49,55575
63.32,36879
64.05,28023
63.71,14475
63.66,22153
63.3,13530
63.01,41205
63.43,27300
63.12,29849
63.2,78559
61.54,60857
61.47,49335
61.77,28375
61.79,25743
61.77,11875
61.76,14946
61.54,14431
61.36,21424
61.69,13669
62.02,12663
61.99,22080
61.71,34781
62.16,74429
62.32,44426
62.02,50837
60.87,27387
60.67,35967
60.8,28713
61.16,28079
60.64,23254
61.2,11917
61.04,16445
61.17,19340
61.19,11531
60.96,16445
60.88,106623
61.89,28035
61.47,43913
61.24,34205
60.91,34432
61,28083
61.16,24587
61.22,31963
61.65,22087
61.66,20709
61.75,30965
61.95,34340
61.87,40318
62.2,72678
63.26,116157
63.52,60498
63.94,41953
63.49,34677
63.34,30690
63.23,28129
62.9,21108
63.17,27323
63.43,47049
63.25,30456
63.1,30623
63.06,47215
63.02,99516
62.12,60456
62.38,26087
61.93,49521
61.27,27156
61.38,25909
61.32,21633
61.49,36387
61.71,33718
61.79,32653
62.06,36236
61.82,28471
62.02,31930
61.9,91863
62.74,100633
63.73,74124
63.03,68027
63.44,76507
63.15,63675
63.57,52805
63.76,58238
63.87,62294
63.73,58294
63.09,60404
62.75,55207
62.95,82048
62.79,149068
62.19,94025
62.14,74104
61.85,41552
61.6,42336
62.11,34747
61.67,35782
61.73,22821
62.02,22476
62.3,26119
62.06,29988
61.98,27873
61.6,44597
61.49,72502
61.33,63005
59.82,75493
60.26,42538
60.53,45560
60.82,39026
60.63,44362
60,38400
60.23,59211
60.34,66600
60.27,76910
60.47,127061
60.68,75082
60.69,183047
59.13,61445
60.73,28836
61.01,18545
60.8,15173
60.68,11148
60.81,7586
61.23,12991
60.97,9495
61.02,18584
60.94,27714
60.6,14255
60.71,35659
61.13,45767
60.58,27244
60.09,35517
60.06,26045
60.08,18712
60.14,12475
60.25,10515
60.26,9311
60.7,11243
60.64,16102
60.7,11394
60.56,12537
60.53,13496
60.66,53571
62.02,34689
61.04,21025
61.19,14296
60.58,11062
60.37,13520
60.72,19452
60.46,24056
60.53,19864
60.44,20112
60.19,46373
59.85,48321
60.68,24112
59.79,75222
60.16,36584
59.42,33579
59.47,41985
59.04,20453
59.35,18771
59.16,18229
59.06,14238
59.12,10720
59.09,16209
58.8,27813
58.75,24505
58.97,49300
58.99,66773
56.37,192355
55.37,44600
55.66,34848
55.12,62223
56.03,57276
55.64,29340
55.4,25109
55.65,37081
55.9,25605
55.68,32269
55.49,30893
55.01,81046
55.19,96535
55.17,130451
55.2,42285
55.65,28820
55.46,36566
54.76,37016
54.6,18067
54.46,41409
54.75,47410
54.52,33294
54.71,39631
54.84,27257
54.79,31975
54.88,99470
55.66,42289
55.52,54795
55.7,39635
55.88,41243
55.51,24747
55.07,49310
55.03,45980
55.03,46886
54.99,29144
55.2,24960
55.12,18218
55.38,23181
55.25,108550
55.75,91575
56.18,41206
56.59,59869
56.63,20384
57.11,32440
57.14,16881
57.08,15535
56.95,30451
57.11,25882
57.15,20302
57.23,26743
57.26,57016
57.88,163088
57.67,44378
58.26,34352
57.62,33582
58.55,21593
58.76,31736
59.32,15019
59.13,22366
59.25,15362
58.83,20628
58.28,26491
58.11,19542
57.83,39568
58.41,75762
57.53,68610
57.91,41056
57.92,32565
58.31,15212
58.52,9881
58.46,10615
58.24,12510
58.61,7305
58.5,12976
58.36,15730
58.21,15053
58.11,18721
58.29,113660
60.14,68840
60.77,41372
61.27,43045
61.23,53245
61.11,23408
61.12,28850
60.66,15896
60.64,16772
60.66,18586
60.58,20177
60.86,22799
60.95,35533
61.01,120403
61.86,33036
62.01,13388
62.06,79213
63.36,38702
62.79,25022
62.57,29643
62.43,20837
62.15,31273
62.4,12449
62.56,18367
62.43,10582
62.49,16576
62.15,68496
62.9,54809
63.6,51748
62.65,32078
63.37,14698
63.55,14937
63.56,9598
63.56,11830
63.85,19411
64.1,10289
63.99,11771
63.81,11297
64.17,20578
64.21,69720
63.89,46739
65.31,16621
64.49,13473
64.96,18538
65.17,19597
65.13,28613
65.76,27823
66.14,29123
66.48,18501
66.81,13007
66.67,18112
66.72,36483
66.73,97416
67.06,68092
67.09,34486
67.28,20406
67.29,14770
67.64,21945
67.73,10480
67.64,16099
67.23,21902
67.42,8864
67.1,21121
67.05,23221
66.73,62800
65.51,91148
65.26,42109
65.07,29216
65.13,32721
63.66,20668
63.58,9540
63.69,11987
63.42,22375
63.53,13521
63,11915
63.48,21532
62.35,20788
62.34,33751
62.34,68943
60.59,38392
60.14,34498
59.61,23510
60.05,18386
60.56,14700
60.97,11267
61.35,14557
61.62,23925
61.81,21272
61.59,14911
61.16,28471
60.23,26197
60.51,79422
60.09,28618
60.18,16783
59.68,23547
60.22,25894
60.47,24591
60.65,9773
60.6,10053
61.22,18630
61.63,16244
61.88,18779
62.06,23253
61.77,25678
61.81,63541
60.3,46771
61.88,25311
61.88,65718
63.12,43446
64.01,33730
64.35,19357
63.52,29890
64.18,34611
64.56,16725
64.05,15283
63.9,22908
64.44,32056
64.11,59652
63.7,51220
64.12,78302
63,19772
63.17,16647
63.68,12751
63.62,15286
63.01,22689
63.21,16938
63.14,14576
63.37,19782
63.03,18649
63.22,27594
63.15,66966
64.35,37273
65.05,18538
65.38,23714
64.58,19688
64.69,12418
64.72,15612
64.75,12126
64.88,11055
64.71,10100
64.31,14674
64.09,11590
63.94,18865
63.88,52716
64.15,30012
63.37,17828
63.3,19860
62.98,27756
62.59,22400
62.91,26774
63.13,24494
63.86,22062
64.31,26985
64.12,25012
63.79,26925
63.62,28011
63.76,57648
64.18,38486
64.45,26432
64.89,17890
64.08,19265
64.13,11428
64.04,7386
64.26,7394
64.15,9983
64.28,18778
65,24084
64.77,10808
64.68,16083
64.7,37438
65.75,27234
65.8,30157
66.16,17579
66.36,17213
66.19,14282
65.53,17598
65.33,33328
65.36,7584
65.19,8312
65,8453
64.55,14205
65.14,26355
65.32,31751
65.97,27233
65.77,14356
65.95,15318
65.93,12115
66.47,15873
66.98,23610
67.29,18776
67.51,11861
67.22,10852
67.26,12282
67.14,12213
67.11,22065
67.11,54102
66.63,26377
68.09,20074
67.47,25598
67.51,19519
67.26,7948
67.22,4608
67.21,3318
67.22,7678
67.02,7480
67.04,10387
66.89,14205
66.88,17136
67.11,31343
66.9,32950
67.24,24766
67.58,21450
67.12,35916
67.13,15639
67.15,14318
66.87,12401
67.21,13412
66.91,14177
67.04,14913
67.11,14532
66.89,17519
67.24,66940
67.65,24225
68.29,37608
68.26,16376
68.58,20813
68.99,24389
69.17,15394
69.09,24361
68.84,18581
68.51,14405
68.61,12648
68.6,17382
68.43,22436
68.58,35207
69.63,33615
69.22,31502
69.54,38679
69.42,24243
69.44,33500
69.2,32450
68.85,11499
69.12,11571
69.11,5435
69.04,18088
68.66,28229
68.26,11994
68.23,34864
68.57,47273
68.21,15064
67.46,19480
66.95,8771
66.58,14902
67.03,22831
67.42,11515
67.41,6187
67.45,6607
67.86,7204
67.9,25984
68.27,17642
68.11,59000
67.55,28814
68.81,14003
69.32,15118
69.71,29169
69.75,16722
69.25,23179
68.79,12601
68.72,9614
68.84,10675
68.83,12330
68.93,11999
68.98,10110
68.94,35889
69.99,24188
69.8,12537
69.76,9978
69.5,12810
69.97,13074
69.81,18598
70.2,17987
70.11,12996
70.01,15027
69.98,9368
69.88,13723
70.09,27016
69.78,60846
69.27,29527
67.75,17374
67.51,25002
67.86,28359
68.54,16599
68.84,16968
68.52,14162
68.36,17168
68.15,16407
68.59,28233
69.3,28823
68.25,25995
67.36,60088
66.54,59907
67.09,34202
67.09,34200
67.81,25741
67.68,14235
67.88,18433
68.31,15940
68.21,14654
67.94,17982
67.76,22100
68.12,13090
68.51,24390
68.46,63139
70.05,58430
70.52,14076
70.81,24386
70.42,25794
69.8,30315
69.09,14820
69.23,7635
69.19,10772
69.46,13361
69.36,18016
69.41,10768
69.47,15089
69.31,49375
69.98,31294
70.1,43162
71.03,32672
71.51,31538
71.72,31641
71.7,14998
71.76,15523
71.48,15090
71.42,11263
71.39,14622
71.53,16566
71.7,29432
71.83,65955
71.43,60501
70.72,36568
71.04,36521
71.27,30872
70.85,34649
70.91,17773
70.95,15233
70.93,18196
70.32,25484
70.38,18419
69.99,20297
70.49,28209
70.79,78932
68.74,95764
68.23,41214
68.19,41204
67.5,32926
68.2,42756
68.28,34919
67.51,33063
67.37,21683
66.6,58864
65.76,46918
64.81,59056
64.11,74417
63.92,318482
65.48,72106
65.12,54984
65.56,30294
66.05,27020
65.87,16780
66.24,24642
65.4,68902
65.28,29384
65.83,17054
65.94,12739
65.91,22207
65.9,28499
66.06,89886
67.49,54350
68.39,48052
69.84,51369
69.76,28317
69.25,26756
68.67,19181
69.14,24114
69.79,34303
70.37,27009
70.54,28416
70.57,30044
70.41,50031
70.49,83370
69.75,43367
69.69,29771
71.09,34228
71.17,20948
70.52,22123
69.99,14347
70.16,14352
69.9,13351
70.13,9310
70.26,15981
70.53,22840
70.27,22609
69.93,55147
69.54,69318
69.27,19449
69.38,18106
69.1,10177
69.84,10789
69.74,10573
70,12294
70.24,17791
69.96,30878
70.11,17513
70.22,17505
70.12,22906
70.49,37244
69.22,30510
69.16,13057
69.34,14137
69.2,12572
68.99,7273
68.75,18046
68.4,14485
68.55,9197
68.15,13205
68.38,11499
68.61,15047
68.57,38244
68.2,57897
66.81,27320
66.53,7586
66.69,5445
66.4,15188
66.15,27160
66.48,14508
66.42,12015
66.7,3811
66.89,5206
66.88,6290
66.8,6008
66.96,5935
66.91,31115
65.23,73587
66.26,63589
66.53,26264
66.42,12914
66.46,14922
66.14,19714
66.41,10949
66.91,14441
66.95,19822
66.8,9723
67.27,11708
67.12,19398
67.31,74192
65.31,55982
64.34,30335
63.9,27453
63.55,22888
63.51,15343
63.54,29476
64.81,19611
65.71,20598
65.83,12238
65.65,14972
65.72,16424
65.49,9843
65.46,32431
66.8,38258
66.77,17940
67.23,10585
67.79,15392
67.74,11057
68.29,10725
68.62,16544
68.28,17235
68.52,11713
68.27,10087
68.3,7375
68.26,25736
68.59,81812
67.16,25062
66.83,32046
67.25,22160
67.16,10668
67.29,15211
66.78,17945
66.41,10030
66.57,7689
66.81,7413
67,15503
67.17,10723
67.21,15535
67.21,30999
67.26,14890
67.16,20387
67.03,16879
66.91,10980
66.79,12245
67.05,10661
66.63,24313
66.63,0
64.03,51730
64.57,43977
64.99,34211
64.57,13639
64.9,12453
65.4,13106
65.28,8927
65.36,8544
65.12,16564
65.03,11755
65.01,17190
65.2,12939
64.88,57401
65.63,32372
65.16,21584
65.64,19978
66,18455
64.98,21464
65.31,13260
65.04,13253
65.06,17283
65.24,14577
65.52,16193
64.92,11942
65.21,17404
65.41,42472
66.56,41810
65.6,17711
65.34,22564
65.43,19352
65.59,17531
65.46,16480
65.03,11998
65.25,11445
65.31,15851
65.87,16878
65.95,14125
65.74,17198
65.9,67885
66.36,33037
65.76,25599
65.74,24968
65.99,12460
65.8,30025
65.42,21032
65.34,20960
65.41,15661
65.29,24646
65.13,26551
65.13,18785
65.13,11755
65.06,37106
64.6,68552
65.11,48820
64.68,51518
64.81,24177
65,24136
64.93,22986
64.73,10283
64.36,12221
64.3,10723
64.28,5783
64.33,16990
64.59,47540
64.47,47434
65.49,38222
65.08,22352
65.03,18902
64.14,15824
63.82,6512
63.64,10146
63.66,10901
63.46,7076
62.91,9089
62.85,10772
62.62,10197
62.55,26519
62.64,47383
62.39,37550
63.09,22816
62.16,16662
61.76,29390
61.59,25274
61.74,9718
61.71,17692
60.93,14451
60.88,13212
61.04,21566
60.87,28736
60.45,46163
60.29,96486
60.7,26383
60.84,24863
61.15,28859
60.96,24212
60.61,12133
60.65,8690
60.88,7621
60.5,9613
60.67,15517
60.19,21557
60.56,22455
60.69,21499
60.48,55353
62.24,27972
61.59,22416
60.76,27588
60.16,18032
59.96,16971
60.16,15151
60,11822
59.88,8687
60.04,9909
59.99,10097
59.79,16647
59.73,24282
59.86,56362
60.29,13605
60.05,10348
59.95,11690
59.95,13025
60.2,11957
60.42,11097
59.88,18117
59.62,7089
59.44,6701
59.5,9280
59.71,9106
59.61,17280
59.41,27098
59.68,32495
60.42,19479
60.84,19316
61.01,26723
60.85,13845
60.59,15535
60.28,26434
60.19,21755
59.96,9049
60.11,16631
60.28,23223
60.54,29961
60.64,39995
61.88,34167
61.68,28567
60.79,40786
60.54,12494
61.09,10925
61.34,9087
61.22,7534
61.11,7194
61.32,7060
61.36,11960
60.91,18764
60.82,14210
60.99,31716
61.37,11754
60.89,31570
60.14,48172
60.16,18373
60.78,14658
60.57,4718
60.64,2839
60.63,5613
60.92,11242
60.78,12580
60.66,14724
60.51,13773
60.55,49156
59.78,13164
59.17,18403
59.25,18631
59.61,20395
59,30213
59.13,3493
59.46,8448
59.7,10925
59.52,4977
59.67,7288
59.47,10527
59.73,7404
59.8,26419
58.57,36498
59,16563
58.34,26321
58.21,7564
58.44,7449
58.48,9748
58.41,16923
58.3,7080
58.41,4949
58.47,16063
58.6,13080
58.71,12312
58.98,53727
59.59,17296
58.88,8460
59,6642
58.85,8927
59.21,6422
59.11,6880
59.13,8294
59.05,4211
59.11,7811
59.14,19020
58.55,11717
58.56,8136
58.75,56065
58.95,16931
59.53,17328
59.68,17414
59.6,12617
59.09,9112
59.31,16746
59.08,10740
59.31,10868
59.52,14363
59.56,9256
59.34,12738
59.18,10061
59.17,34177
60.33,17590
59.29,23300
59.68,9730
60.31,6623
60.09,4329
60.09,5575
60.26,7823
60.34,7146
60.19,2849
60.33,8503
60.18,19858
60.3,19559
60.35,36478
60.39,20053
59.26,8650
58.7,6249
58.48,7422
59,7257
58.84,10205
58.37,9795
57.92,15175
57.64,18468
57.5,19380
57.83,15445
58.46,18671
58.85,31699
59.38,23893
59.43,21174
60.39,25036
59.83,10199
59.77,6618
59.84,8551
59.76,6426
59.62,5116
59.95,6682
60.12,6676
60.13,10501
60.29,12578
60.24,26244
61.1,21019
60.9,15486
61.14,13995
60.58,4679
60.91,7657
61.36,6207
61.1,6502
61.14,9640
61.06,12816
61.07,9299
60.6,13834
60.91,17216
60.94,33868
60.47,10501
59.63,22915
58.86,10991
59.01,11660
59,11393
58.66,15544
58.76,7191
59.16,9728
58.96,3442
59.07,3763
58.98,6538
59.05,10156
58.6,47297
58.21,44702
58.62,18879
58.77,14626
58.81,15354
58.88,13549
59.03,6587
58.9,11474
59.09,8110
59.03,5199
59.1,6728
59.26,5683
59.29,9353
59.29,21573
58.81,21346
59.02,11664
59.34,8832
59.24,6269
59.3,4436
59.31,5115
59.21,5797
59.33,9774
59.2,4007
59.15,6861
59.27,6531
59.35,7433
59.33,36704
59.02,22095
58.85,43966
58.29,25933
58.81,9239
57.98,16891
57.74,8873
58.04,15226
57.99,10347
57.77,14452
57.67,22498
57.12,10850
57.35,27900
57.59,89641
56.72,69123
57.55,38772
57.93,16612
57.95,19202
58.09,11427
58.2,12728
58.09,10158
58.02,10450
57.93,7263
58.02,20588
57.39,45075
57.7,16125
57.76,38832
57.98,26141
58.38,17202
58.61,18373
58.83,22616
58.84,14682
58.89,7855
58.87,6401
59,7233
59.17,4998
59,7500
58.83,7498
58.91,14015
58.82,31340
59.98,64651
60.12,29168
60.84,27387
61.09,12820
60.84,14352
61.01,12605
60.55,7599
60.36,8155
60.22,14244
60.25,11081
60.5,18918
60.56,19502
60.61,51280
61.54,72931
62.59,82298
61.77,26460
61.98,14618
61.77,8636
61.57,8812
61.3,9481
61.02,8699
60.92,7115
61,13343
60.95,8264
61.05,8984
60.67,31588
61.02,11026
60.3,8269
60.19,10739
59.99,4541
60.07,7737
60.28,8119
60.47,15096
60.3,8548
60.57,6753
60.68,10489
60.8,7224
60.86,8900
60.65,28019
61.51,14131
60.8,10602
60.81,19168
60.26,4137
60.98,11341
61.18,3131
61.01,5925
60.87,5379
60.72,3365
60.73,3525
60.86,5617
60.8,6556
60.79,32860
61.03,22883
60.98,55806
61.93,17088
62.05,19668
62.34,10688
62.37,13807
62.61,35839
62.87,26162
62.16,15151
62.33,25663
62.21,11224
62.39,12179
62.38,31003
62.56,18455
61.44,18008
62.03,16237
61.86,9596
61.86,10889
61.86,7464
61.65,8289
61.76,10264
61.5,9150
62.01,4574
61.86,9100
61.88,32309
61.92,41024
61.99,20312
61.86,14637
61.97,17695
61.91,10745
61.66,7307
61.46,4386
61.37,13066
61.24,12117
61.27,10590
61.36,11634
61.45,10412
61.37,14504
61.21,29490
61.91,62815
63.09,45537
63.35,28032
63.34,25632
62.45,23618
62.15,29344
61.3,23327
61.01,16980
61.08,17298
61.43,11511
61.53,13814
61.04,27326
61.1,54858
60.51,25266
60.69,16055
60.89,13491
60.72,14691
60.75,12362
61.1,17373
61.76,16516
61.71,10466
61.72,16001
62.4,11342
62.4,16624
62.35,24820
62.43,53175
62.55,34227
62.68,21145
62.96,30889
62.86,40969
63.36,31170
62.94,26269
63.12,19477
63.14,23196
63.12,8565
63.28,14065
63.25,5279
63.31,22773
63.49,67644
63.74,17396
63.52,11577
63.61,13650
63.62,8649
63.46,4851
63.51,7995
63.47,7511
63.64,5607
63.51,8051
63.43,11041
63.2,14493
63.2,14980
62.97,26782
58.23,21104
61.47,34480
61.38,16024
61.5,9300
61.32,6953
61.29,8464
61.39,6527
61.22,9735
61.2,7434
61.16,6907
61.01,7017
61.16,12464
61.14,46208
60.78,18925
59.57,59125
59.91,7104
60.32,7151
60.36,6716
60.25,4128
60.18,3895
60.33,4470
60.59,5401
60.53,5339
60.48,8498
60.66,15231
60.87,37882
61.99,21976
61.54,22387
62.35,12510
62.27,8708
62.19,5799
62.47,9379
62.66,13512
62.76,13985
62.93,8658
62.88,11854
62.8,11257
62.9,33005
63.33,69525
63.74,17864
63.78,16201
63.79,15639
63.52,9250
63.51,5293
63.51,17219
63.22,5777
63.42,6097
63.29,10441
63.35,8214
63.23,11046
63.22,12041
63.33,30030
62.3,19399
61.94,6798
62.03,5951
61.89,12739
61.78,11348
61.49,11607
61.33,7170
61.15,15566
61.14,12770
61.25,15053
61.13,13034
60.86,24769
60.73,49068
60.87,15712
60.56,12299
60.64,18080
60.96,9603
60.91,17114
60.51,12663
60.58,11798
60.73,15785
61.25,21725
60.9,14687
60.89,19134
61.01,24772
60.94,49676
60.83,11047
60.91,14156
60.83,11344
60.35,13424
60.24,9801
59.52,22642
59.19,16025
59.32,15916
59.75,11268
59.62,17863
59.58,14651
60.03,16689
60.26,60332
59.84,10459
59.11,26941
59.19,13127
59.81,6266
59.57,7836
59.51,10082
59.69,6681
59.49,9057
59.23,18086
58.88,28866
58.4,35341
58.43,17139
58.51,55665
59.45,33592
59.66,32741
60.17,20483
60.02,16277
59.42,20957
58.8,20580
59.06,16817
58.71,14648
58.63,7505
58.77,11370
58.31,9097
58.24,38781
58.15,82707
58.32,15413
57.74,37400
57.34,30730
57.64,16889
58.15,23384
58.15,19530
57.98,41860
57.98,54086
58.23,5124
58.19,6367
58.08,8042
58.14,15065
57.89,25945
58.82,20766
59.31,21343
58.91,14515
59.32,10290
59.68,12404
59.89,15198
59.75,15466
60.35,19096
59.47,7341
59.87,10181
60.32,12019
60.53,16501
60.83,38856
61.06,12719
61.02,6327
60.56,18424
60.91,18533
60.6,9598
60.8,11387
60.78,8786
60.83,5995
60.93,5013
60.72,3616
60.87,6981
60.85,13045
60.7,39059
60.63,9941
60.09,5722
60.41,20509
60.24,6392
60.41,6798
60.47,17534
60.67,9813
60.39,5560
60.31,3195
60.33,10443
60.09,7000
60.03,9231
59.88,36505
60.89,35438
61.51,18614
61.58,16296
61.58,27739
61.94,23017
61.98,21955
61.64,18899
61.88,15451
61.79,17950
61.65,10310
61.62,12005
61.91,40639
61.98,96877
61.61,16986
61.4,6886
61.19,4994
61.15,8167
61.07,7287
61.3,11535
61.57,11421
61.83,6038
61.85,6282
61.77,6269
61.75,6659
61.68,12681
61.28,32404
61.58,41899
62.69,33769
62.85,25475
62.04,9643
61.88,13272
62.03,7367
62.24,9535
62.44,7940
62.57,5872
62.44,7318
62.38,7606
62.66,11165
62.71,33512
61.82,38501
60.93,22788
60.72,22675
60.62,22570
60.38,24388
60.04,31307
59.47,42110
59.75,61133
59.85,40535
59.79,58924
59.65,35099
59.66,30213
59.65,124519
59.29,47261
59.84,35186
59.56,12938
60.08,12732
59.86,13911
60.06,8806
60.16,10908
60.29,7628
59.67,6974
59.96,16385
59.86,11134
59.57,20870
59.21,79925
58.09,46127
57.61,46518
57.68,34658
57.36,19826
57.28,23113
57.28,21837
57.32,26133
56.97,37944
57.08,32361
57.11,36968
57.08,55755
57.39,65387
57.09,150568
57.65,27034
57.58,12547
57.04,12981
57.24,21107
57.06,27462
56.55,27792
57,22735
57.15,19568
56.78,21256
56.81,28398
56.7,19678
56.87,17700
56.82,76220
56.07,54782
56.36,61870
55.24,35465
55.3,21508
55.26,17730
55.35,16701
55.25,14725
55.36,18915
55.72,15999
55.62,20249
55.32,21649
55.07,36373
55.07,76038
56.37,35647
56.22,14225
56.4,12111
56.31,10194
55.94,13932
55.5,8811
55.8,12047
55.91,9735
55.94,9711
55.98,17430
56.23,14131
56.25,15374
56.45,26736
55.68,19115
55.18,11610
55.12,9570
55.4,18706
55.64,31591
55.77,30254
55.25,21851
55.02,31574
55.2,33935
55.41,34038
55.57,31007
55.64,46103
55.8,150307
56.24,36720
55.7,32330
55.73,22542
56.15,11303
55.81,13102
55.62,6850
55.87,8946
56.03,18154
56.04,17161
55.96,10099
56.05,25474
55.97,24327
55.96,64928
56.48,81226
56.6,45748
57.29,37297
56.62,24079
56.51,25835
56.18,21957
56.1,23744
56.1,24711
56.12,18458
56.23,28748
56.05,30026
55.96,35840
55.7,88339
55.42,45660
55.85,35499
56.06,24238
56.68,28194
56.44,17523
56.59,25522
56.81,16954
56.62,19217
56.57,16427
56.54,21158
56.68,13690
56.63,23828
56.8,59242
56.26,26910
56.58,25276
56.82,12346
56.84,12516
56.83,9666
56.94,13172
56.59,9680
57.12,6724
57.03,17837
57.04,12787
57.27,29373
57.16,39918
57.25,140302
56.47,70307
57.13,35225
57.03,32901
57.45,30725
57.55,36022
57.79,25090
57.73,15465
58.23,54952
58.08,31577
58.09,29200
58.24,33160
58.28,55597
58.11,113370
57.83,56235
58.07,42570
58.29,38246
58.11,41348
58.32,34192
58.55,29481
58.62,21913
58.3,26597
58.26,30385
58.42,27857
58.6,32587
58.59,42670
58.25,89701
58.02,50510
58,61366
57.79,62379
57.65,34696
57.8,33842
57.87,29471
58.14,24314
58.11,24025
57.92,31908
57.66,30607
57.57,43059
57.4,46224
57.56,94675
58.66,106217
59.94,57446
59.06,34166
58.52,42436
58.35,41351
57.93,21604
57.91,32007
58.47,28584
58.3,16548
58.51,15547
58.7,15879
58.63,26822
58.25,82657
59.2,35221
59.51,25485
58.9,19144
58.82,8593
58.96,8102
58.81,5926
58.7,11496
58.47,10044
58.2,7567
57.9,18147
57.91,9865
57.73,15464
57.54,58897
57.4,29304
57.64,13598
57.26,11032
57.28,17601
57.91,17594
57.32,6647
57.32,14709
57.14,19945
56.8,20810
56.76,20854
56.76,21773
57.11,20270
56.92,44840
55.34,101493
55.69,110950
55.77,84675
56.9,52954
56.85,56606
56.9,38579
56.58,45324
56.37,49019
56.27,57783
56.61,27995
56.4,42225
56.37,61376
55.9,112467
56.42,137482
57.42,76443
57.36,69651
57.51,34094
58.23,43555
58.34,47464
57.96,44897
57.82,42303
57.64,35232
57.57,52128
57.13,37055
56.6,49999
56.59,87399
55.14,64428
54.48,18520
54.57,36912
54.33,44516
54.28,28399
53.83,29627
53.25,24066
52.88,37852
53.59,33214
53.8,54040
54.1,61445
54.4,67165
53.96,140049
53.56,98712
55.03,88573
54.12,103217
55.03,30043
54.89,18041
55.02,19830
55.13,25719
55.7,26753
55.73,20039
55.77,17943
55.47,18461
55.69,22304
55.82,63718
56.13,49455
55.9,49323
55.47,40434
55.49,37127
55.58,19156
55.69,10980
55.95,13754
55.67,10177
55.57,9973
55.58,20723
55.4,24947
55.39,45313
55.62,85430
55.58,44297
56.01,19722
56.26,26857
56.1,25723
56.34,25144
56.26,25281
56,20647
56.22,18616
56.37,17981
56.25,25990
56.26,29614
56.22,20534
56.16,62944
56.96,55745
57.58,44143
56.73,26079
56.87,18500
57,23599
56.66,19898
56.84,30404
56.82,19651
57.07,21404
57.08,14518
57.35,22818
57.41,19374
57.31,60049
57.31,18318
56.89,16421
56.7,8886
57.04,5983
56.83,8471
56.47,8420
56.52,5245
56.56,14418
56.62,9097
56.58,23565
56.83,33121
56.72,29983
56.71,39795
56.06,50510
56.08,40413
56.25,41938
56.42,25529
56.33,21720
56.14,20971
55.94,32333
55.83,29963
55.45,17856
55.42,19708
55.26,36585
55.17,53648
55.04,85876
54.9,47915
54.77,34494
54.83,10433
54.5,16308
54.87,19071
55.26,28595
55.22,15683
55.18,12421
55.18,7650
55.19,9421
55.28,15065
55.39,11409
55.49,45992
55.69,21289
55.56,26862
55.41,24036
55.5,12739
55.65,10715
56.07,20524
56.49,21310
56.41,20356
56.61,13295
56.83,16581
56.73,18449
56.7,13465
56.72,74806
57.64,55866
57.77,32221
58.25,38338
58.55,10280
58.33,19205
58.82,25933
58.99,12539
59.06,19917
59.08,14699
58.84,19459
58.76,12750
58.92,18823
58.96,48650
59.69,61586
59.07,15387
59,17797
59.04,10510
58.72,14303
58.67,4943
58.91,6702
58.91,6866
58.89,5317
58.84,9150
58.98,12678
59.09,17185
59.01,48424
59.65,17133
58.97,13551
58.88,15949
58.81,8246
58.91,3991
58.85,4103
58.9,5249
59,6816
58.92,8178
58.96,4855
59.05,12591
59.14,14844
59.17,46681
59.31,18315
59.12,11149
59.21,6221
59.19,5675
59.38,6442
59.6,5448
59.5,6093
59.38,5826
59.33,2636
59.44,6359
59.31,3591
59.36,11670
59.42,42473
62.46,107535
62.88,55218
62.77,45839
61.8,20044
61.81,23953
61.84,13092
62.08,23672
61.89,14437
62.18,10856
61.87,22537
61.99,33126
62.04,26796
62.26,99783
62.51,37122
61.97,38904
61.87,28721
61.54,18921
61.34,15332
61.04,14358
61.12,6991
61.14,8772
61.48,11227
61.39,9470
61.43,7691
61.46,14367
61.16,60549
61.18,25046
61.41,20868
60.96,17087
60.6,11813
60.56,10801
61.11,11137
60.95,8350
60.93,20031
61.2,11003
61.1,19456
61.08,7547
61.2,10550
61.15,67468
60.78,16692
60.34,8058
60.22,8982
60.14,7327
60.05,12781
60.17,8025
60.02,6219
60.12,7173
60.32,5877
60.25,7335
60.29,12352
60.21,12743
59.94,38815
60.2,41502
60.91,28848
60.7,12733
60.16,8593
60.6,5939
60.19,7446
60.28,7190
60.31,7235
60.36,9285
60.63,2850
60.66,6226
60.71,6368
60.71,16032
61.17,13904
60.83,8315
61.12,6839
61.2,8167
61.11,5777
61.51,2845
61.4,5915
61.56,6186
61.4,7388
61.26,2111
61.3,3917
61.18,4504
61.26,45137
61.52,18247
61.21,12227
61.4,9204
61.3,6439
61.3,9425
61.34,6176
61.58,8622
61.69,9970
61.78,4000
61.71,8379
61.4,8980
61.58,10297
61.51,44198
61.47,10423
61.57,7836
61.81,10224
61.65,4161
61.66,4471
61.6,2866
61.59,1537
61.53,2213
61.53,7998
61.63,14822
61.55,6272
61.64,9685
61.63,30985
61.48,12027
61.54,12056
61.01,13894
60.94,8753
60.99,5282
61.03,9098
61.11,5667
61.18,4910
60.99,5236
60.88,3943
60.99,6323
60.99,3960
61.06,18419
61.12,10622
60.66,9166
60.5,8352
60.35,6169
60.09,12739
60.25,7937
60.12,7769
59.99,10877
60.02,13217
59.86,17434
59.86,7920
59.98,13105
60.02,47429
59.59,7807
59.58,18627
59.52,7811
59.41,4518
59.5,5540
59.76,6919
59.9,2618
59.67,4076
59.92,3034
59.75,4072
59.68,9681
59.6,2850
59.7,20559
58.89,14871
58.53,13735
58.58,10823
59.04,6838
58.88,7372
58.83,6219
59,5108
59.25,4478
59.25,3102
59.37,2209
59.25,3698
59.27,4119
59.22,21779
58.58,10727
58.63,9500
58.84,6077
59.11,3577
58.75,3703
58.67,4276
58.84,5329
58.77,5158
58.78,6654
58.74,9724
58.71,16381
58.61,11287
58.44,46043
59.09,9039
58.72,2189
59.19,4478
58.73,4391
58.65,1605
58.82,2673
58.55,2263
58.49,2021
58.44,1986
58.68,3099
58.57,2232
58.57,5437
58.6,21718
58.88,7021
59.18,6106
59.22,9877
58.83,12237
58.96,6103
59.18,9225
59.38,3422
59.44,3610
59.52,3026
59.57,3822
59.65,6752
59.76,8909
59.81,26303
58.64,22685
58.18,54513
57.85,42192
57.77,12383
57.96,14746
58.04,6330
58.13,10400
58.01,5524
57.85,13758
58,8913
58.34,13656
58.02,19000
58.19,36992
58.18,8701
57.57,8119
57.36,14457
57.63,15146
57.74,10655
57.87,7364
57.79,4322
57.89,2639
57.58,5769
57.23,11861
57.21,18759
57.11,9634
57.06,35974
57.28,14099
57.47,12988
57.21,4636
57.11,8654
57.38,10477
57.28,16942
57.27,7315
57.37,6321
57.53,12643
57.46,14752
57.54,23258
57.6,34030
57.71,97260
57.55,10562
57.69,10763
58.38,15220
58.21,9976
58.66,7556
58.83,11772
58.95,7483
58.86,5673
58.96,9951
58.91,10544
58.8,5755
58.69,8149
58.76,92889
57.77,16307
58.55,7101
58.44,5727
58.36,4696
58.26,7843
58.15,3270
58.28,3618
58.22,2997
57.91,3996
58.19,3913
58.21,6404
58.2,2989
58.07,18089
57.51,25248
56.63,23390
56.52,43200
56.25,36143
56.4,19139
56.64,12288
56.48,14043
56.57,6666
56.69,10272
56.83,9669
56.91,10316
56.99,11521
57.26,43983
56.25,20384
56.78,14076
56.52,19836
56.67,13251
56.32,7374
56.45,18130
56.71,4812
56.78,6833
56.86,8399
56.96,9407
56.52,11106
56.67,11758
56.18,69034
56.21,32313
56.42,12542
55.68,18156
55.85,16379
55.85,18781
55.48,10130
55.55,6941
55.79,10382
55.91,7250
55.87,7101
55.74,10360
56.08,13744
55.93,61732
57.12,58247
57.58,27780
57.58,14220
57.43,30752
57.31,8171
57.4,5308
57.62,10067
57.59,24917
57.59,23919
57.72,19195
57.84,16560
57.91,16829
57.78,64372
57.68,68697
56.74,21704
56.41,25427
56.54,24948
56.57,13599
56.6,14467
56.54,21483
56.65,18320
56.73,23778
56.56,25689
56.3,23230
56.39,26775
56.07,68191
55.74,37699
56.43,44447
56.08,37630
56.26,29738
55.95,38961
56.05,14207
56.07,12596
56.32,13496
56.29,13164
56.5,11042
56.52,11414
56.51,12519
56.31,82615
55.36,170012
54.47,92794
53.91,84404
53.87,67686
54.03,32184
53.99,37325
54.52,38903
54.01,21036
53.76,37200
53.99,38874
54.17,28365
54.17,40443
54.21,79534
53.52,68794
54.6,43484
54.37,21769
54.34,45391
54.64,27712
54.63,22686
54.68,18556
54.72,16445
54.78,24972
54.63,17101
54.71,11174
54.87,23601
54.88,94738
55.18,11440
55.27,17248
55.15,13764
55.44,20213
55.22,19899
54.91,25730
55.05,18892
54.98,11321
55.15,13309
54.96,13919
55.05,31937
55.09,20407
55.09,49319
55.55,15129
55.57,17553
55.67,7259
55.59,4943
55.58,7217
55.56,5340
55.69,7211
55.83,12287
55.68,8733
55.5,6503
55.39,2683
55.55,4886
55.51,50564
55.7,44886
55.32,43698
55.39,21569
55.14,20292
55.3,20402
55.22,61890
55.23,26492
55.39,14945
55.39,11850
55.41,21463
55.34,30300
55.27,25049
55.2,49747
55.77,24677
55.47,18114
55.61,24713
55.4,21631
55.56,10413
55.67,17834
55.96,12564
56.11,10758
56.11,7484
56.12,6084
55.93,5278
55.93,9296
55.96,49309
55.82,15283
55.09,50115
55.33,12920
55.42,24433
55.18,34837
55.15,43120
55.13,31761
55.32,33186
55.15,30649
55.16,17014
55.31,10171
55.35,16373
55.35,37868
56.07,36308
56.92,29556
56.79,14082
56.58,12855
56.34,10145
56.18,5573
56.29,9466
56.49,8724
56.26,3842
56.16,5336
56.14,3784
56.26,5587
56.12,35072
56.13,15078
55.88,17928
56.13,10362
56.13,14675
56.23,24909
56.39,7177
56.36,7411
56.34,10159
56.4,6435
56.47,4693
56.46,16008
56.48,11973
56.26,38091
56.67,32710
57.01,21989
56.89,19021
56.8,11129
57.04,9275
56.99,13020
57.18,16417
57.06,11998
57.08,12973
57.12,25198
57.02,11822
57.1,13124
56.9,43488
57.18,10415
56.41,7455
56.58,17609
57.09,11221
57.11,13144
57.2,6120
57.04,6096
56.7,8346
56.45,5484
56.5,4483
56.39,8765
56.22,5561
56.39,22912
55.47,23484
55.79,13624
55.7,14622
55.98,8449
55.84,8196
55.65,8291
56.06,5433
55.98,4143
56.01,3375
55.99,4271
55.79,9435
55.62,15394
55.76,82098
56.07,25781
55.82,43917
56.01,35383
55.78,36509
55.81,36388
55.76,22766
55.95,19421
55.95,19336
55.9,13700
55.87,12753
55.88,15728
55.92,22102
55.85,49744
55.3,75206
55.32,39389
55.19,44027
55.19,33601
55.33,29220
55.39,20185
55.4,18260
55.32,26544
55.17,43202
55.11,23576
55.22,25065
55.18,35013
55.36,93879
55.3,24577
54.98,7795
55.04,10315
55.05,11594
54.97,8790
54.92,5774
54.9,6824
54.88,4406
54.86,13541
54.89,11112
54.8,11348
54.68,17333
54.74,47812
54.85,9390
54.91,15382
55.09,27265
55.38,14926
55.61,10626
55.62,22817
55.87,6117
55.91,14085
55.93,7526
55.97,9616
55.91,8598
55.67,20223
55.42,37268
56.13,25261
56,19351
56.11,13384
56.13,9120
56.17,7460
56.37,10366
56.5,9372
56.55,7618
56.74,10333
56.83,14212
56.84,11540
56.9,20031
56.93,43085
57.73,23406
57.32,19792
56.89,15153
56.87,5540
56.78,13233
57.04,1996
57.18,4837
57.13,6258
56.92,2455
56.84,4147
56.73,8163
56.69,9055
56.54,25974
55.58,16325
55.8,5929
56.24,4732
56.45,4661
56.49,6506
56.2,4971
56.15,3090
56.18,6402
56.23,5051
56.13,6881
56.2,6203
56.26,7188
56.4,36317
56.75,19116
57.41,20576
57.29,11934
57.5,15434
57.44,12580
57.49,7931
57.46,5226
57.33,7525
57.23,7275
57.11,9384
57.15,9881
57.05,22192
56.99,27458
56.95,19993
56.53,12510
56.75,9255
56.61,6596
56.67,10410
55.81,34027
56.34,26006
56.47,10558
56.52,3500
56.7,10539
56.72,10418
56.68,5928
56.65,40043
56.9,13073
56.56,8078
56.94,6947
57.1,4562
56.7,4299
56.67,5212
56.56,2085
56.61,2171
56.58,4356
56.42,8310
56.36,6573
56.44,4425
56.5,19880
55.9,11629
56.41,14302
56,12496
56.21,4578
56.25,6764
56.21,3681
56.2,3888
56.21,6909
56.13,1542
56.17,4787
56.14,7389
56.16,5031
56.28,26554
56.79,20492
56.99,17157
57.2,8331
56.85,13434
56.7,3797
56.56,5072
56.66,5126
56.76,12919
56.75,6232
56.69,13404
56.34,18510
56.18,6502
56.31,34390
56.51,34732
56.39,7293
56.1,15144
55.99,5761
55.87,4490
55.75,4566
55.71,4094
55.83,4332
55.79,7758
55.65,20542
55.41,14731
55.61,14406
55.72,50346
55.73,15870
56.04,7730
55.8,12473
55.92,6551
56.04,35433
56.03,8197
55.98,7970
55.78,15228
55.64,35153
55.85,5874
55.81,7084
55.9,11151
55.71,25712
55.93,7420
55.87,5259
55.91,3101
55.81,4519
55.64,2516
55.68,3578
55.78,16806
55.85,6226
55.7,9679
55.69,10816
55.67,12142
55.47,22684
55.35,39043
55.33,13198
54.65,11819
54.25,19205
54.41,9011
54.29,4698
54.3,10271
54.32,5245
54.37,10054
54.47,4076
54.4,5665
54.54,11471
54.4,12075
54.43,46118
54.28,13670
54.71,13993
54.89,15561
54.93,19540
54.98,11148
55.05,4349
54.97,4328
54.91,6962
54.92,5646
54.91,9194
54.89,12572
54.89,6909
54.86,30658
54.27,29535
54.26,9813
54.36,5069
54.29,11067
54.1,10985
53.93,15599
53.91,10908
53.93,7346
53.86,8697
53.88,6366
53.92,6619
53.97,10821
53.85,58196
53.45,24952
53.48,19548
53.43,21493
53.32,9847
53.37,7124
53.49,6855
53.43,4315
53.44,4623
53.51,11663
53.54,16824
53.52,12233
53.35,12771
53.4,42630
53.44,9736
54.22,7897
54.06,5177
54.06,2879
54.2,5020
54.3,7638
54.31,11337
54.36,12683
54.6,9860
54.62,15444
54.67,38926
54.75,35899
54.8,72051
54.56,25528
54.5,16105
54.8,13857
54.81,13597
54.54,19641
54.43,23820
54.5,16308
54.54,4960
54.54,11308
54.51,6556
54.35,11765
54.43,11030
54.52,33717
54.5,10895
54.3,8292
54.32,4843
54.54,3759
54.87,10371
54.79,5277
54.9,11320
54.86,6662
55.15,4582
55,4125
55.02,6624
54.87,19495
54.82,53735
55.4,21295
55.23,8098
55.48,13659
55.25,6509
55.1,4681
55.19,7407
55.31,12857
55.64,6877
55.5,8924
55.51,5385
55.52,5564
55.5,7740
55.54,31974
56.25,9603
56.18,14356
56.49,17065
56.41,19008
56.44,13401
56.55,11904
56.43,5785
56.46,11329
56.49,9257
56.53,17184
56.58,18205
56.46,15405
56.45,59695
56.24,10066
56.09,5606
56.35,6832
56.55,8254
56.52,2938
56.59,4220
56.41,18077
56.41,0
56.72,18936
56.31,10724
56.43,16728
56.21,19206
56.3,13910
56.33,13253
56.22,15151
56.24,12617
56.1,14224
56.11,15059
55.94,16386
55.95,16966
55.92,41720
55.53,11838
55.21,7675
54.62,13068
54.77,5150
54.51,12418
54.67,9888
54.56,6230
54.73,7327
54.6,13355
54.63,6945
54.78,8712
54.88,6307
54.85,67457
54.79,19416
55.25,31976
55.26,18634
55.36,31097
55.52,18621
55.66,13196
55.83,21218
56.2,31177
56.35,14288
56.23,14930
56.2,10669
56.22,21286
56.34,73561
55.73,10698
56.11,12337
55.94,15738
56.17,4593
56.08,6762
56.16,7032
55.99,11121
55.74,10520
55.82,8468
55.94,8433
55.93,4893
55.89,21783
55.84,59400
56.09,14665
56.62,13860
56.54,16292
56.79,28061
57.16,47457
57.13,11414
57.26,14722
57.47,21783
57.52,22368
57.8,24071
57.86,27619
57.8,15757
57.6,69312
58.27,22836
58.86,9499
58.56,14142
58.6,10666
58.3,6081
58.31,7831
58.33,3505
58.36,4611
58.43,5028
58.36,3687
58.44,10826
58.34,8598
58.28,37275
58.62,17057
58.75,10918
58.7,13364
58.91,23313
58.72,17236
58.62,10069
58.52,17057
58.38,8510
58.31,10602
58.27,9408
58.52,6146
58.63,12355
58.47,23193
58.19,10673
57.4,8277
56.95,11532
57.05,7126
56.99,3227
56.85,5313
56.88,5699
56.74,10132
56.64,4000
56.73,3347
56.8,4986
56.61,12064
56.59,43661
56.35,14828
56.24,12392
56.3,4289
56.46,4046
56.39,4517
56.27,3363
56.3,3437
56.35,7852
56.45,3963
56.57,2731
56.68,4549
56.6,6862
56.53,14367
56.34,31270
57.61,11309
57.73,12383
57.66,10503
57.81,13197
57.92,9686
57.88,9911
57.68,7285
57.72,6918
57.68,7399
57.51,9132
57.28,14864
57.32,25838
57.38,7520
57.7,12006
57.64,3140
57.43,5530
57.57,3822
57.55,7019
57.28,5513
57.33,5067
57.32,4854
57.14,9433
57.26,3151
57.25,4298
57.29,32281
57.73,7484
57.81,6961
57.58,4318
57.77,2236
57.58,5581
57.47,3161
57.58,2016
57.54,11557
57.52,3135
57.56,3506
57.59,5791
57.68,9130
57.54,23298
57.71,13500
57.49,6598
57.66,3540
57.71,3809
57.69,4240
57.82,5015
57.82,2397
57.77,3211
57.65,4705
57.61,4952
57.71,24763
57.8,9883
57.73,30377
58.22,37248
58.98,16986
58.96,26851
59.21,26178
59.52,18258
59.71,10466
59.64,20536
59.79,21065
59.98,25589
59.91,7287
59.65,11898
59.48,16670
59.14,46264
59.43,8652
59.28,9088
59.72,20625
59.89,15537
60.13,16118
60.23,30138
60.4,17821
60.6,12316
60.8,6117
60.81,11004
60.83,6559
60.54,11234
60.52,59543
59.63,28208
59.69,21628
59.73,9160
59.94,9537
59.82,8395
59.9,3231
59.85,3831
59.82,9213
59.83,10225
59.78,17726
59.83,21560
59.95,19846
59.77,43854
60.28,22600
59.63,8148
59.97,14118
59.81,8691
59.74,8594
59.95,7822
59.9,9015
60.06,10428
59.7,7154
59.52,12861
59.22,14107
59.17,18847
58.91,66983
59.11,7588
58.96,9370
58.9,9234
58.93,7091
58.99,8563
58.89,6027
58.94,5016
58.87,4869
58.9,6987
58.92,5378
58.94,6666
58.91,11755
59.03,40401
59.63,16784
59.79,10408
59.84,19752
59.89,17564
59.99,10516
60.02,17196
59.95,28580
60.01,15519
59.92,8097
59.99,11840
60.05,10196
60.14,20418
60.23,115607
59.63,16874
59.8,17844
59.38,9868
59.38,13091
59.34,6262
59.27,7155
59.19,6892
59.27,6666
59.43,4651
59.57,5496
59.58,3957
59.57,4260
59.64,18227
59.04,11333
58.96,15015
58.99,16706
57.91,32405
58.05,12853
58.06,6243
57.88,13597
58.02,11923
58.12,14329
58.24,5173
58.39,9069
58.53,24606
58.5,50118
57.32,81525
57.95,38815
58.37,35984
58.63,24246
59.08,20635
59.26,24862
58.93,17471
59.09,15581
58.86,19528
58.89,18095
59.14,28361
59.41,35079
59.23,65007
59.6,35080
60.54,31199
60.7,16612
60.83,18066
60.98,14102
61.1,15269
61.43,18413
61.44,15862
61.36,10499
61.18,27620
60.95,16487
60.73,16794
60.74,37598
60.83,20614
60.87,20935
60.83,29580
60.67,22623
60.81,11210
60.82,6743
60.73,23462
60.93,9349
60.95,7342
60.97,8817
60.73,11497
60.85,20810
60.71,66822
59.99,19705
60,11671
60.04,10736
60.21,10672
60.41,10251
60.42,5784
60.5,6293
60.43,10654
60.57,5074
60.58,5097
60.77,16190
60.72,20953
60.81,22925
61.2,33842
61.89,27936
61.5,21275
61.35,21864
61.26,35030
61,19530
60.71,15034
61.04,14853
61.11,23743
60.95,23806
61.13,26140
61.15,24111
61.15,100821
60.88,19404
61.49,22952
61.51,12699
61.04,16876
60.98,13476
61.2,4653
60.8,4518
60.67,4388
60.56,4474
60.31,7162
60.66,7941
60.72,5890
60.61,20820
60.99,67636
61.62,30868
62.07,22683
62.13,18767
62.66,18831
62.59,21709
62.57,15938
62.39,22701
62.28,18074
62.48,22847
62.7,29467
62.79,14339
62.82,94842
62.52,27704
61.54,10393
61.87,7990
61.8,8301
62,6691
62.1,4652
62,5175
62.15,4295
62.06,8457
62.1,10538
62.04,7786
61.92,11633
61.94,25689
61.77,19501
61.35,20696
60.74,12290
60.94,14010
61.04,11569
60.93,7564
60.74,9446
60.79,7768
60.81,8110
60.71,6591
60.73,6606
60.8,10418
60.43,42710
60.84,34449
61.01,18964
60.87,9989
60.92,12305
60.91,4515
60.75,7105
60.43,6838
60.17,11908
59.99,9471
60.14,23547
60.3,8195
60.06,21810
59.63,82463
60.37,21886
60.69,9752
60.95,10852
60.86,6163
60.8,12046
60.71,4084
60.84,8908
60.85,8907
60.67,8815
60.63,6752
60.53,8697
60.22,11577
60.22,24704
59.56,22805
60.44,21047
60.45,17201
60.47,16434
60.83,13944
60.87,10522
61.04,7666
61.12,9247
61.04,10678
60.85,11040
60.86,16081
60.84,14187
60.85,62388
61.61,11160
61.29,13576
60.77,4826
60.82,6065
60.82,3823
60.68,5389
60.57,8111
60.49,4984
60.51,11387
60.56,11938
60.53,4606
60.64,5781
60.74,22102
60.72,7586
60.76,7474
60.37,12661
60.23,9874
60.25,3098
60.19,4670
60.38,3093
60.2,3448
60.03,5935
60.02,7185
60.05,6078
60.05,9196
60.06,28049
59.1,36700
58.43,19003
58.47,18784
58.69,10039
58.77,11370
58.61,12193
58.78,26798
58.95,21679
59.04,9899
59.02,6562
58.94,13949
58.81,12872
58.73,56319
58.43,17673
58.94,18571
58.76,6563
58.66,9719
58.68,3704
58.58,4218
58.83,8689
58.67,7050
58.42,12602
58.46,9455
58.6,11081
58.55,7151
58.59,25478
58.93,14731
58.83,10973
58.49,4327
58.36,12302
58.65,7338
58.74,7018
59.02,6440
58.86,9011
58.42,7814
58.7,3987
59.03,18591
59.04,5010
59.07,31595
59.24,23389
59.71,24834
59.59,21314
59.5,17558
59.35,9224
59.3,4538
59.23,3390
59.3,4824
59.27,7582
59.09,5279
59.1,2648
59.12,4752
59.13,16762
59.35,15039
59.19,12120
59.07,7896
59.02,5192
59.14,5668
59.15,3303
59.22,4425
59.25,9022
59.47,4495
59.4,11681
59.37,23170
59.41,4434
59.44,25815
59.63,12369
59.8,5782
59.56,8260
59.68,8613
59.61,5959
59.68,8614
59.75,7264
59.78,10208
59.69,6123
59.68,9041
59.63,9864
59.75,6747
59.81,34042
59.88,22257
59.67,20850
59.67,26181
59.74,18046
59.63,20364
59.53,10138
59.59,8849
59.63,7545
60,7423
60,31610
60.03,41863
59.77,22271
59.75,52449
60.62,18155
61.07,20892
61.15,33893
61.05,32543
61.05,8981
61.22,9502
61.51,7883
61.48,13015
61.66,7505
61.66,9438
61.66,10445
61.77,11762
61.6,49384
62.24,36929
62.8,29444
62.95,28320
62.72,21697
63.22,18467
63.57,15171
63.68,12996
63.51,20773
63.68,28728
63.58,18572
63.34,8450
63.23,10767
63.02,43521
62.71,18527
62.86,21595
62.56,16078
62.07,10543
62.27,17532
62.32,10695
62.2,15120
61.94,13966
62.16,8679
62.26,11809
62.21,11476
62.45,14058
62.54,38896
62.39,23431
62.23,16917
61.92,14034
61.99,11333
61.95,10171
61.92,11200
61.79,11641
61.66,9026
61.81,8977
61.75,6601
61.7,9433
61.71,10811
61.64,35146
61.96,17570
62.27,17931
62.46,5516
62.57,10501
62.74,7409
62.69,10918
62.8,6503
62.76,7274
62.74,7668
62.7,8086
62.61,5688
62.5,8463
62.45,36005
62.81,18315
61.7,23952
62.07,8569
61.65,7792
61.22,12951
61.09,5656
61.28,5706
61.05,8406
61.03,6951
60.99,7802
60.84,7014
60.87,8426
60.82,33088
61.58,37216
62.5,28711
62.45,32348
62.73,9500
62.95,13893
63.21,9830
62.97,9340
63.08,14739
63.38,13809
63.41,36283
63.45,17565
63.32,18611
63.35,57102
63.58,22385
63.41,8540
63.24,4966
63.59,6637
63.31,6446
63.06,9034
63.21,10128
63.29,5090
63.13,8167
63.1,7587
63.27,13225
63.09,16470
62.99,39059
63.92,46267
64.47,13603
64.43,47796
64.33,11879
64.42,8513
64.37,10121
64.43,7523
64.47,7900
64.43,9524
64.37,6987
64.31,9186
64.31,12603
64.37,41674
63.77,18002
64.02,13633
63.85,6812
63.57,5258
63.81,5788
63.61,9375
63.38,8821
63.25,8424
63.15,2863
63.35,4904
63.27,3980
63.31,8754
63.18,76539
64.05,9988
63.12,15136
63.39,6765
63.39,4110
63.14,3559
63.2,4665
63.11,3729
62.79,7694
62.63,8033
62.72,6813
62.88,8064
63.06,13232
63.32,32670
64.12,15494
63.48,9394
63.26,9630
63.14,12910
63.17,6007
63.03,4742
62.79,12015
62.59,4562
62.61,5714
62.65,6441
62.5,13124
62.52,13115
62.57,74778
62.36,12382
62.72,13865
62.64,6429
62.5,6783
62.6,10137
62.25,3970
62.38,4416
62.34,3631
62.27,7620
62.18,7316
62.2,10900
61.99,11135
61.8,36372
61.55,18123
61.01,17907
60.87,23494
60.14,12315
60.2,15343
59.97,12624
60.15,7156
60.03,10146
60.22,6638
60.32,13169
60.2,15554
60.17,24886
59.81,88924
60.37,10402
60.36,14441
60.5,9956
60.4,4694
60.22,4729
59.87,5246
59.82,2573
59.98,6867
59.87,3246
59.96,5403
59.98,6941
60.07,9598
60.36,23249
59.83,4852
60.31,8482
60.13,4204
59.94,8093
60.38,4008
60.34,5334
60.41,8344
60.29,5308
60.39,3529
60.41,3153
60.23,3813
60.34,7521
60.32,23449
59.8,11452
60.35,8610
60.2,15199
60.41,8722
60.36,6504
60.52,2062
60.62,2625
60.71,3297
60.45,2114
60.45,2511
60.24,1598
60.2,4646
60.12,20205
61.67,21822
61.96,20517
62.15,26964
62.24,24765
62.45,7051
62.7,8063
62.46,15932
62.73,22587
62.3,23786
62.61,6349
62.62,10045
62.78,9093
62.85,64741
62.42,12498
62.94,7217
62.92,4277
62.94,4046
63.32,10639
63.01,2435
63.06,2555
62.93,7551
62.38,8378
62.49,6539
62.78,4108
62.92,5277
62.86,25100
62.95,11829
62.87,10512
62.26,17642
62.24,5508
62.51,4293
62.43,3993
62.62,7725
62.39,11834
62.24,7862
61.95,9117
62.04,5662
62.2,7447
62,30063
62.12,16352
60.62,18465
60.29,9599
60.2,7365
59.94,12305
59.79,3121
59.8,8272
59.67,7065
59.64,5064
59.41,8708
59.32,11761
59.05,12966
59.08,51049
59.25,16367
59.35,13353
59.57,2501
59.46,2126
59.53,3491
59.46,10535
59.87,9929
59.82,4074
59.68,3591
59.44,5066
59.46,5498
59.55,15110
59.6,44582
58.65,48302
57.89,15557
57.21,14507
57.06,14081
57.45,10190
57.25,6457
57.34,6732
57.16,8839
56.9,20102
56.72,15441
56.97,13708
57.08,16772
57.2,69516
57.05,20114
57.41,8028
57.46,7619
57.28,6152
56.89,6825
56.63,5007
56.89,6207
56.6,6202
56.74,5942
56.91,8012
56.78,10873
56.77,13293
56.8,43962
57.11,26887
57.27,20954
57.59,24178
57.41,10371
57.77,27980
58.37,17619
58.5,12812
58.34,12661
58.69,15949
58.82,13130
59.03,7798
58.97,14083
58.83,59271
60.7,54535
60.5,17159
60.94,18062
61.06,17755
61.33,24812
61.15,14947
60.76,8821
60.76,11160
60.97,30166
61.01,16066
61.3,11143
61.34,20910
61.25,75189
61.01,30087
61.11,17974
60.99,31800
61.13,13215
61.27,9202
61.37,5863
61.34,8230
61.28,4137
61.34,5672
61.28,4524
61.23,18174
61.27,6507
61.21,23748
60.58,56291
60.68,35668
60.61,25910
60.52,38065
60.31,32666
60.33,17211
60.5,15097
60.5,13901
60.46,8832
60.52,10893
60.52,14312
60.53,11037
60.53,56522
60.94,19277
60.61,13572
60.67,15571
60.59,17184
60.59,7645
60.55,10583
60.46,8990
60.22,17695
59.98,15466
59.97,12262
60.2,14602
60.31,20040
60.44,37860
61.54,38095
61,42064
61.3,28299
61.42,25421
61.38,19599
61.42,22048
61.65,29364
61.62,28479
61.39,47235
61.56,39475
61.76,40142
61.71,39995
61.7,137963
61.6,7346
61.43,12482
61.68,9403
61.86,4620
62.1,9214
62.32,11737
62.15,7293
62.18,8755
62.1,13352
62.23,4147
62.27,7481
62.45,15161
62.52,42340
62.19,17621
62.43,14834
62.58,14739
62.57,7769
62.32,9363
62.47,8831
62.28,5551
62.17,4128
62.25,7632
62.43,8364
62.69,9302
62.33,6931
62.48,27019
62.8,23193
63.53,13497
63.85,7526
63.66,27863
63.7,46652
63.52,24795
63.24,24393
63.28,20040
63.49,15611
63.41,20122
63.42,16046
63.34,18028
63.34,54768
62.96,11437
62.99,13402
62.97,9313
63.27,9150
63.71,2554
63.54,8624
63.72,7439
63.68,9443
63.84,5456
63.61,9441
63.45,18991
63.41,6203
63.62,29137
63.31,16684
63.15,11128
62.54,30443
62.61,9007
62.68,13397
62.66,11036
62.56,12714
62.34,20590
62.53,6598
62.66,19784
62.38,16388
62.39,12475
62.41,41116
61.28,149598
59.67,38635
59.65,36616
59.88,27272
60.46,14384
60.24,30984
59.98,37919
60.11,34033
59.94,23150
60.08,38100
59.93,41562
60.11,51183
59.92,144856
60.29,54992
60.07,32875
60.15,36570
60.04,21374
59.83,20050
59.78,24125
59.72,23266
59.71,19873
59.84,15654
59.86,16715
59.92,21207
59.99,31671
59.95,79844
59.95,43731
60.12,31001
60.06,42372
60.01,25158
60.05,16329
60.1,15726
60.15,16330
60.08,27691
60.13,17806
60.11,16500
60.29,18146
60.37,16406
60.33,83261
60.1,43957
60.5,16403
60.53,11794
60.56,12293
60.41,9356
60.61,5591
60.35,5719
60.33,9620
60.2,8122
60.29,3258
60.44,7709
60.72,5202
60.6,21414
60.8,13978
59.46,27017
59.36,15091
59.23,5817
59.23,4281
59.45,5277
59.26,6984
59.59,11433
59.21,10299
59.45,21501
59.58,6615
59.34,17528
59.36,37564
59.38,9529
59.37,15695
59.07,12041
58.9,4646
58.78,8048
58.8,8471
58.9,6773
58.81,5455
58.75,24456
58.93,27104
58.69,26733
58.67,32051
58.91,80515
58.89,14214
58.68,9587
58.92,4751
59.02,3396
59.12,3917
59.07,6442
58.9,3982
59.03,5508
58.84,5058
58.88,5820
58.73,3487
58.91,4411
58.93,26985
59.38,9881
59.31,4477
59.48,5029
59.49,5363
59.39,5351
59.42,2893
59.32,4152
59.22,4351
59.1,4444
59.07,8330
59,8990
58.81,9792
58.97,43800
58.73,15623
59.64,27025
59.42,9861
59.88,10320
59.85,5839
59.95,8798
59.95,8009
60.14,6058
60.23,9883
60.33,6064
60.16,10666
60.02,8415
60.16,39868
60.1,7606
60.48,13606
59.78,12933
59.54,13467
59.75,12543
60.04,8601
60.03,14924
60.08,18508
59.86,13357
59.85,17398
59.81,14023
59.97,26033
59.99,49244
60.47,67470
59.78,52485
59.84,8789
59.52,8273
59.43,8725
59.47,7427
59.29,6595
59.25,8983
59.06,10337
59,18326
59.08,19034
59.13,14985
59.07,49569
58.02,82419
57.42,45390
57.47,53947
57.68,30474
57.5,16317
57.53,6589
57.48,9557
57.56,15609
57.73,13214
57.76,23398
57.78,23066
57.53,19788
57.54,86165
58.27,44986
59.04,28825
58.65,25087
58.7,18189
58.96,11327
58.77,14147
58.8,12454
58.57,12267
58.69,13895
58.85,16950
58.86,20418
58.74,24347
58.53,83906
58.8,8357
58.67,18750
58.55,15430
58.6,6765
58.4,6603
58.1,6776
58.3,8088
58.35,8852
58.12,6689
58.01,10476
58.08,37363
57.96,25840
58.01,73960
58.48,20204
57.83,10968
57.96,9017
57.64,6585
57.71,14981
57.75,7111
57.77,6886
58.16,11173
58.26,10092
58.14,14136
58.12,9290
58.14,11606
58.28,27073
58.32,16075
58.51,11665
58.45,12175
58.5,5523
58.56,4889
58.54,6500
58.49,6556
58.51,3758
58.53,4140
58.6,4966
58.53,7513
58.64,8832
58.78,38187
59.02,17084
59.1,9772
59.2,14344
59.3,9695
59.2,7243
59.23,6628
58.95,5281
58.83,5526
58.99,7257
59.07,16667
59.06,12750
59.15,12138
59.09,36920
59.11,7450
58.87,4198
59.24,4001
59.31,22661
59.28,7290
59.31,7978
59.33,6135
59.38,8264
59.39,5563
59.17,7048
59.08,9276
58.91,9480
58.82,38640
57.97,20275
57.67,23291
57.57,22994
57.32,22412
57.34,14093
57.15,14890
57.16,14605
57.12,14253
57.21,8648
57.23,14451
57.3,13412
57.34,10001
57.48,57219
58.11,31059
58.03,16383
58.08,6656
58.2,8918
58.21,6048
58.23,9617
58.41,14680
58.49,13241
58.62,27258
58.8,8294
58.71,12584
58.77,11200
58.62,51074
58.59,12460
58.86,7506
59.17,3572
58.96,8486
58.76,4296
58.73,3740
58.83,3650
58.78,5330
58.75,3430
58.72,26667
58.65,13822
58.7,8813
58.66,19945
58.2,12250
57.74,16454
57.89,7678
58.25,8104
58.2,13009
58.26,2488
58.21,2598
58.26,3612
58.2,4001
58.28,13685
58.38,16063
58.18,9816
58.1,24428
56.9,46948
57.16,39286
57.02,25126
57.23,22917
57.38,18653
57.41,9708
57.43,8239
57.36,7142
57.33,6874
57.38,20916
57.6,14876
57.44,8281
57.59,34119
57.32,8645
57.91,13736
57.69,13599
57.83,11435
57.89,8128
57.61,4955
57.64,11977
57.64,0
57.32,14204
57.12,6928
57.13,9121
57.01,9629
57.01,4370
56.92,8189
56.82,22704
56.89,15698
56.93,4979
56.96,9566
57,4058
57.02,6355
57.07,61714
57.07,9870
57.27,2181
57.15,8277
57.56,8442
57.54,8599
57.53,10556
57.54,11656
57.57,12066
57.54,6162
57.49,9375
57.39,4832
57.41,10256
57.41,29290
57.6,11955
57.6,4691
57.39,6557
57.35,5169
57.28,2678
57.33,4116
57.41,7936
57.42,4304
57.51,4870
57.56,5173
57.53,10138
57.53,15644
57.43,38750
57.94,31472
57.75,43235
57.7,40337
56.77,33616
56.53,18375
56.45,13284
56.44,26426
56.57,9474
56.57,6032
56.65,9876
56.68,15108
56.59,14715
56.47,100958
56.45,31670
56.58,35781
56.67,15557
56.58,16350
56.77,15336
56.78,17654
56.78,9467
56.84,21065
56.48,10345
56.43,12573
56.3,7450
56.38,13714
56.37,86643
55.73,20786
55.58,14130
55.86,9194
55.72,5914
55.55,10887
55.55,13702
55.53,9822
55.59,11134
55.48,27073
55.25,25691
55.3,15190
55.38,21361
55.29,62542
55.38,17529
55.21,8400
55.21,7835
55.02,9155
54.96,7548
55.06,10710
54.85,8451
54.94,4156
54.97,5556
54.91,10573
54.93,11172
54.99,16375
54.86,64589
54.36,34771
54.61,10600
54.42,11752
54.23,17427
54.12,19280
54.18,33538
53.87,22558
54.03,17057
54.12,19975
54.26,17577
54.14,13093
54.15,15258
53.97,76807
54.37,25031
54.38,9814
54.38,19368
54.15,19167
53.89,13943
53.88,18006
53.68,21055
53.69,10846
53.91,15140
53.81,19228
53.83,9670
53.9,26509
54.08,52913
54.46,34891
54.3,21414
54.45,23675
54.3,15601
54.24,8239
54.15,7716
54.09,9042
54.02,5815
54.18,7535
54.15,5146
54.13,8618
54.1,13090
54.07,44162
54.02,61130
54.61,49839
54.76,31204
54.64,37058
54.59,28532
54.62,50469
54.29,33336
54.33,30246
54.5,61372
54.54,48774
54.53,55792
54.56,59191
54.58,141831
54.24,157341
53.56,146351
53.44,42413
53.54,85833
53.3,107738
53.27,78181
53.24,122988
52.86,49501
52.88,46000
52.88,31763
52.97,29288
53.07,44695
53.25,265073
53.35,70990
53.78,37258
53.61,41714
53.96,37310
53.86,30386
53.85,27722
53.76,30120
53.99,23731
53.67,35834
54.13,48114
54.31,31316
54.57,39647
54.57,128059
56.35,143139
56.68,34353
56.72,35258
56.56,27492
56.58,37658
56.63,37945
56.5,28130
56.56,28175
56.68,27419
56.36,26039
56.37,29522
56.3,36262
56.32,120864
56.09,18930
56.11,18361
55.74,33378
55.97,13407
55.79,12594
55.76,12376
55.9,8635
55.94,14871
55.9,13716
55.77,13989
55.78,20682
55.8,20339
55.94,57194
57.22,24643
57.32,16584
56.91,9788
56.75,11755
56.93,8692
56.86,6635
57.01,8470
56.88,7057
56.94,7759
56.84,11106
56.81,11781
56.8,9764
56.64,28184
56.67,155338
56.56,43732
56.68,42168
56.89,29973
57.1,30498
57.2,35336
57.23,28291
57.37,27467
57.37,33983
57.39,49726
57.58,33053
57.73,52057
57.63,100937
57.95,61565
58.25,38148
58.41,37593
58.16,25284
58.32,30925
58.27,43749
58.23,42304
58.17,36714
58.13,65539
58.11,31220
58.17,56486
57.65,42726
57.73,117219
57.57,36780
57.68,30460
57.62,27827
57.79,27248
57.93,17037
57.7,30476
57.58,20989
57.61,11644
57.78,7337
57.77,14946
57.95,18866
57.76,24180
57.81,90926
58.78,38194
59.06,28549
59.29,45091
58.77,37861
58.61,28140
58.49,34095
58.62,22575
58.81,20643
58.66,21498
58.59,24206
58.34,16237
58.48,31837
58.38,46342
58.81,23556
58.78,13295
58.79,12062
58.9,15005
58.79,18705
58.99,12746
59.07,10219
59.05,5524
59.08,8685
59.08,11781
59.01,6613
58.95,9827
59.03,49323
58.91,27022
59.01,11954
58.85,4661
58.89,10136
58.69,9839
58.64,4279
58.62,4679
58.65,6291
58.76,2189
58.59,6243
58.48,6084
58.55,8010
58.54,21140
58.25,12367
58.3,5175
58.15,9626
58.06,7704
58.04,4151
57.97,3495
57.98,2654
57.97,5480
57.89,12720
57.8,22270
57.78,18620
57.61,15876
57.67,51013
57.5,6384
57.53,8291
57.34,6222
57.27,3838
57.28,5865
57.12,5262
57.2,6525
57.19,5266
57.15,2188
57.15,5784
57.12,6060
57.13,5943
57.19,18319
57.73,14361
57.76,12150
57.95,21451
58.2,6134
58.11,6689
58.19,7111
58.2,6915
58.18,6652
58.07,4577
57.93,6983
57.85,6296
57.75,11758
57.58,61154
57.17,19168
57.21,20949
57.56,13490
57.71,17026
57.78,14992
57.72,6988
57.74,10744
57.84,8997
58.03,8509
58.06,12172
58.16,11579
58.12,18263
58.17,48846
58.34,26637
57.85,18161
57.62,10169
57.5,16265
57.35,15046
57.11,14867
57.12,8912
57.14,9016
57.17,11304
57.14,15132
57.03,13006
56.98,51323
56.69,87742
56.98,13964
56.95,14558
56.84,13571
56.85,9794
56.8,7295
56.61,11165
56.42,7616
56.33,5309
56.37,6466
56.5,11300
56.47,20403
56.2,15492
56.32,37831
55.43,31379
55.1,14409
54.96,18363
55.3,13316
55.42,20710
55.38,11943
55.42,13224
55.44,12459
55.41,7178
55.54,14257
55.62,17660
55.74,13183
55.67,55039
55.83,23094
55.2,10980
55.08,10098
54.97,9075
55.1,15120
55.14,8906
55.19,9452
55.26,10301
55.12,10603
55.18,7591
55.01,9393
55.07,7034
55.04,109720
54.94,56202
54.65,42926
54.66,22687
54.44,11340
54.55,5655
54.54,11641
54.48,12352
54.37,20009
54.38,8125
54.4,13404
54.48,13941
54.52,40497
54.39,80722
54.89,41170
55.01,38382
55.21,24549
55.21,20835
55.08,14626
55.06,17346
54.79,5828
54.8,5388
54.77,7859
54.85,14780
54.8,17680
54.82,15703
54.72,51126
55.76,25784
55.36,35434
55.49,30620
55.33,11049
55.21,7463
55.39,7610
55.33,23301
55.24,3704
55.27,7698
55.38,11387
55.45,18507
55.54,22071
55.56,62320
55.41,89267
54.78,30875
54.68,56692
54.55,46019
54.66,27030
54.59,23336
54.48,14119
54.57,15959
54.62,15963
54.66,20992
54.75,25374
54.65,14486
54.51,66907
53.72,42703
54.17,29962
54.05,27650
54.01,13391
54.02,10963
54.04,7634
53.97,10033
53.87,9723
53.82,9873
53.89,6236
53.95,9351
53.89,9738
53.81,33238
53.63,28796
53.57,22136
53.54,20829
53.44,43690
53.51,8822
53.76,15255
53.76,7760
53.93,8644
53.73,10734
53.74,9307
53.82,8836
53.92,7631
54.11,28828
53.83,32118
53.9,21084
53.77,5937
53.78,9456
53.7,8634
53.62,7370
53.67,9324
53.67,15684
53.7,8383
53.68,9147
53.84,10225
53.9,9899
54.01,30178
53.92,16960
54.02,35739
54.31,18506
54.45,18401
54.21,9503
54.24,11135
54.22,6639
54.41,11083
54.45,6976
54.45,5927
54.32,6180
54.24,6233
54.37,26114
54.17,15871
54.41,18716
54.63,9131
54.32,4789
54.36,2868
54.38,3650
54.25,3142
54.33,2632
54.27,2968
54.2,2515
54.25,5025
54.33,10205
54.42,37062
54.7,20030
54.52,12076
54.56,12677
54.76,10059
54.88,13034
54.97,7125
54.77,10381
54.71,23222
54.49,12048
54.63,16055
54.69,14899
54.76,28106
54.82,60193
55.38,25183
54.97,15493
54.78,16323
54.77,9896
54.89,12618
54.88,9509
54.84,6467
55.08,13622
55.25,7331
55.26,18709
55.42,15029
55.47,23124
55.46,48060
55.8,19865
55.73,14998
55.85,10362
55.69,13424
55.39,5173
55.24,7014
55.29,7857
55.35,6136
55.57,7819
55.62,7151
55.71,8234
55.84,14079
55.82,39130
55.97,28190
55.54,22775
55.44,24600
55.53,13818
55.6,11951
55.58,17296
55.59,12894
55.35,10361
55.5,5944
55.5,14311
55.43,12752
55.49,18631
55.66,34124
55.38,10408
55.72,18492
55.49,9615
56.03,10710
56.03,38467
56.06,9975
56.08,8029
56.08,5846
56.18,5791
56.25,7526
56.3,10446
56.33,39695
56.51,81085
56.4,8961
55.67,11072
55.81,10199
55.85,6164
55.74,11191
55.58,5408
55.57,8257
55.57,8005
55.5,4801
55.64,8313
55.45,18819
55.39,17190
55.46,45742
55.42,13706
55.45,10831
55.51,22856
55.26,46786
55.56,8254
55.51,5902
55.58,48688
54.63,16600
55.02,35840
55.12,13765
54.79,9499
54.94,14867
54.85,49995
54.88,14081
54.45,24300
55.04,33315
54.9,7529
54.94,13929
54.82,2476
54.97,23271
54.8,12082
54.71,11109
54.78,10238
54.77,21062
54.82,24025
54.89,73872
54.38,18312
53.98,16552
53.9,19148
54.14,12854
54.36,15462
54.41,24958
54.54,32113
54.86,34844
54.84,12494
54.76,18396
54.55,18065
54.66,15484
54.65,32632
54.94,15848
55.19,25005
55.42,22444
55.32,10160
55.41,11192
55.57,25262
55.7,11218
55.68,9155
55.72,7218
55.79,20281
55.53,8681
55.42,13261
55.25,43184
55.33,39487
54.87,16565
54.97,12904
55.05,20661
55.07,5161
55.12,3951
55.15,5615
55.1,5371
55.29,14349
55.1,12222
55.16,5455
55.02,24168
55.07,23562
55.29,10449
55.39,11586
55.51,6521
55.49,8449
55.51,11477
55.64,8746
55.61,9674
55.65,6961
55.5,10262
55.53,13075
55.62,10969
55.66,16171
55.74,34080
55.74,14170
55.72,19493
55.58,16079
55.28,16203
55.18,11631
55.26,6378
55.24,12235
55.05,5404
55.15,5429
55.06,11511
55.14,15018
55.02,20040
55.06,29798
55.25,16143
55.59,18005
55.45,13561
55.33,14272
55.49,16646
55.68,23718
55.82,11585
55.85,11323
55.98,15252
55.94,5828
55.81,9169
55.82,20193
55.71,33337
55.55,35394
54.96,38632
54.76,21878
55.06,19793
55.07,15822
55.18,11881
55.21,20593
55.35,9798
55.24,9027
55.1,10339
55.02,7909
54.82,14307
54.88,51445
55.29,29692
55.73,15679
55,22311
55.04,32586
55.05,20181
54.89,20085
54.98,9123
55.01,8186
54.9,8586
54.88,13047
54.99,20144
55.02,26717
54.9,60517
55.06,60055
55.86,44384
56.54,41030
56.55,35114
56.76,48100
57.01,22790
57.18,19382
57.12,19188
57.22,27946
57.25,28120
57.36,33010
57.56,24687
57.47,118993
57.87,26077
57.68,25646
57.82,31814
57.91,22346
57.83,16355
58,21259
58.01,20012
58.18,9676
58.01,11711
57.98,20420
58.23,16643
58.16,18123
58.27,42518
57.89,20462
57.33,12918
57.39,16184
56.79,12869
57.01,13104
56.96,70586
57.48,18771
57.09,26045
57,25806
56.92,15283
56.89,19031
56.95,32407
56.76,59845
57.23,25894
57.35,19315
57.4,12842
57.41,8471
57.58,11044
57.46,14499
57.38,7155
57.53,10171
57.81,15326
57.71,14307
57.73,11526
57.73,20380
57.7,48079
57.67,23369
57.65,22000
57.87,14260
58.24,16817
58.26,13626
58.08,10830
57.99,9743
58.17,9871
58.04,11136
57.98,11165
58.15,10479
57.92,11387
57.92,38991
57.47,15265
57.29,12215
57.24,12046
57.58,4631
57.49,7770
57.37,6831
57.35,15255
57.47,9015
57.43,14938
57.6,12131
57.53,6897
57.64,10330
57.66,38579
57.24,18119
58.14,12823
58.05,13747
57.87,5548
57.94,12641
57.92,8183
57.88,11964
57.98,5625
57.93,7015
57.85,5286
58.06,8442
58.12,8100
58.18,44841
58.35,36232
58.13,11639
57.98,12539
57.89,6343
58.13,5259
58.18,7324
58.23,5337
58.21,5890
58.25,6646
58.24,6384
58.08,5325
58.1,7050
58.13,31643
57.91,18725
58.52,8055
58.41,11223
58.26,8822
57.82,14498
58,5189
57.84,9941
57.77,6214
57.9,5964
57.85,17098
57.95,13192
57.95,24078
57.93,57543
57.91,7605
57.88,6140
57.82,6559
57.94,18529
58.1,12970
58.24,4509
58.05,6226
58.04,3982
58.04,5438
58.06,6240
57.93,9342
57.95,13393
58.02,47372
58.41,17561
58.57,6795
58.69,31846
58.84,9252
58.7,11310
58.96,11146
58.81,7596
58.74,3842
58.72,4911
58.74,5014
58.81,5485
58.92,19058
58.82,24953
58.89,16009
58.54,8295
58.52,10430
58.37,5187
58.35,7275
58.39,8487
58.17,3637
58.27,3666
58.22,5689
58.15,5736
58.21,6423
58.24,6135
58.15,23290
57.86,13391
58.36,9898
58.15,27195
58.51,3438
58.44,6280
58.46,5796
58.55,3695
58.5,6580
58.5,3357
58.38,2476
58.46,4650
58.23,9958
58.05,32363
58.66,8679
58.41,3798
58.5,9132
58.81,8161
58.83,8570
58.62,8757
58.79,10556
58.93,37822
59.02,32433
58.78,34490
58.72,17207
58.86,11518
58.65,36100
58.43,22674
58.9,18512
58.72,7582
58.79,17333
58.58,15208
58.64,8914
58.56,16821
58.57,4581
58.59,15715
58.6,8381
58.52,6159
58.51,12016
58.52,28472
58.63,9161
58.76,5467
58.49,5630
58.58,9658
58.66,10235
58.66,4864
58.76,5928
58.66,3803
58.6,8509
58.42,6497
58.56,6796
58.5,15549
58.5,42504
58.42,7992
58.32,7503
58.19,6027
58.25,10948
58.52,6398
58.74,10657
58.82,7467
58.81,5829
58.77,23193
58.86,18750
58.91,10915
58.99,13211
59.11,76280
59.01,13747
58.84,8567
58.89,6037
58.99,5848
58.89,8635
59.05,8300
58.92,4395
58.79,3903
58.79,4237
58.8,12086
58.75,18401
58.99,10009
59.01,29127
59.25,8330
59.68,15473
59.49,10649
59.35,31213
59.65,5659
59.68,6920
59.66,7654
59.63,7995
59.71,3426
59.79,8494
59.94,10685
59.85,13743
59.7,24076
59.85,13626
60.02,8181
60.13,8668
60.03,4158
60.13,5439
60.35,5685
60.25,7653
60.35,6372
60.25,10273
60.15,5267
60.17,12431
60.12,6731
59.93,28596
60.15,9141
60.34,5568
60.32,7696
60.33,3939
60.31,4142
60.15,5406
60.08,3964
59.93,3814
59.88,4028
60.02,2059
59.93,6784
59.97,4675
60.12,26978
60.48,7661
60.39,3821
60.39,2924
60.26,4946
60.46,5783
60.53,4891
60.62,5693
60.82,4002
60.89,3914
60.76,3735
60.84,4039
60.84,5703
60.99,36719
60.74,11518
61.05,7284
61.31,8590
61.29,5997
61.16,4619
61.3,7279
61.39,7535
61.41,9817
61.46,6045
61.43,6989
61.41,3479
61.4,7766
61.45,29916
61.51,12271
61.4,14856
61.53,12906
61.48,6796
61.4,6550
61.35,4836
61.27,2497
61.29,6358
61.23,4254
61.47,10713
61.35,19358
61.55,9582
61.52,28313
61.36,6566
61.75,8797
61.67,6227
61.51,5725
61.42,2558
61.42,4202
61.43,1868
61.47,4027
61.47,3204
61.48,5838
61.52,5723
61.5,6933
61.55,15016
61.58,6148
61.54,3895
61.49,6801
61.42,6990
61.5,1899
61.43,4795
61.36,4348
61.21,10484
61.18,5349
61.29,6103
61.25,2777
61.3,3805
61.33,16563
61.83,14254
62.14,13326
61.94,11511
62.15,20308
62.23,5771
62.29,4136
62.37,6078
62.26,5727
62.15,6555
62.06,4852
62.14,5572
62.12,13668
62.09,33911
62.13,7397
61.85,8103
61.56,11486
61.46,5819
61.41,19317
61.34,8694
61.36,10994
61.3,4882
61.37,2827
61.36,2309
61.37,6098
61.27,8878
61.17,31169
60.63,53714
61.19,9185
61.4,8612
61.4,4465
61.52,4424
61.38,2768
61.31,3690
61.24,3669
61.22,3568
61.28,3305
61.42,2455
61.44,8044
61.49,46992
62.23,7392
61.96,4821
62.09,7651
62.27,4953
62.29,10055
62.27,7259
62.36,8572
62.47,8362
62.49,4996
62.56,6623
62.61,5184
62.49,7734
62.55,27879
62.79,11043
62.55,5987
62.79,7535
63.03,6916
63.33,12004
63.33,4313
63.28,17557
63.45,21829
63.59,15934
63.78,20323
63.92,17602
63.93,7496
63.88,33702
64.27,50545
65.32,24802
64.66,22200
64.46,12851
64.37,9636
64.32,8168
64.3,11912
64.11,7412
64.07,9231
64.28,8778
64.36,16238
64.47,17944
64.35,87805
64.93,21842
64.78,9178
64.6,12726
64.79,17600
65.07,8833
65.13,17605
65.13,6553
65.11,7356
65.24,3369
65.16,4706
64.99,6913
64.99,8262
64.96,39929
65.24,13379
65.27,4631
65.29,4148
65.21,9245
65.07,4366
65.07,7428
64.93,6435
64.98,7098
64.95,5942
65.05,11104
65.19,9732
65.2,9263
65,53470
65.41,21563
65.11,7860
65.24,7912
65.38,19020
65.7,19165
66.01,34807
66.45,7619
66.4,14857
66.2,22180
66.23,17471
66.34,24294
66.42,49374
66.8,53672
66.48,17332
65.75,21705
65.52,17580
66,15361
65.94,9074
65.89,8749
66.09,5940
66.17,6783
66.18,7329
66.17,9950
66.23,6354
66.25,9919
66.38,39596
66.43,7146
66.02,6543
65.94,9747
65.61,4109
65.68,3540
65.98,3420
65.99,2335
65.79,1504
65.82,3240
65.71,8661
65.69,2174
65.76,5362
65.85,24331
65.65,29830
66.58,24852
66.45,17787
66.09,12232
65.98,8853
65.99,3767
65.92,9334
65.86,11256
65.76,26728
66.19,8005
66.26,8004
66.22,6155
66.34,20072
66.58,14097
66.39,15762
65.93,14893
65.79,9816
65.82,15239
65.86,9513
66.06,9169
66.02,8611
66.25,8091
66.33,6354
66.36,11182
66.44,12278
66.69,25542
67.34,81000
67.56,29721
68.09,36158
68.25,30708
67.98,23424
67.68,15713
67.52,15274
67.21,15874
66.91,15739
66.94,11277
66.59,21305
66.23,16025
66.18,29769
66.62,19315
66.52,27336
66.21,22935
66.06,7629
65.97,21589
66.4,21165
66.2,11408
66.16,24110
65.77,15692
66.06,11714
65.83,14170
65.81,27428
65.65,74903
65.29,17858
64.26,31301
63.57,67927
63.73,26797
63.81,44540
64.13,32456
64.05,21723
64.11,9485
64.12,13634
64.13,7206
64.19,7016
64.59,11074
64.54,35200
64.03,20503
64.36,9837
64.33,7400
64.13,12716
63.99,7761
63.82,17309
63.11,14943
63.48,5443
63.72,5556
63.75,3735
63.71,7152
63.55,11613
63.47,61680
63.67,13438
63.49,9002
63.6,11498
63.64,10343
63.73,11765
63.67,11446
63.72,14538
63.53,10640
63.48,18247
63.34,15434
63.29,19876
63.28,15586
63.53,20243
63.73,15774
64.56,14667
65.03,13545
64.46,15639
64.36,13688
64.34,9897
64.14,8532
64.44,11365
64.35,6995
64.13,15455
64.14,13662
64.17,10736
64.12,32245
63.58,15384
64.07,8928
64.39,10149
64.42,5293
64.24,3770
64.3,3439
64.29,4409
64.49,4574
64.67,9055
64.88,5495
64.96,9285
64.91,11607
64.76,21610
64.03,6020
64.35,9685
64.35,8730
64.51,10637
64.47,10612
64.52,10218
64.69,6536
64.75,6748
64.83,4993
64.77,9163
64.73,7829
64.75,15637
64.69,47610
64.47,14287
64.53,14278
64.73,10955
64.58,11218
64.68,12639
64.66,13493
64.68,9499
64.52,9921
64.67,11339
64.76,9146
64.67,15779
64.66,13061
64.79,31181
64.88,12715
64.63,16057
64.57,7152
64.51,13639
64.82,13313
64.98,17868
65.04,14922
64.92,11354
64.94,9790
65.04,16053
64.95,11059
65.23,12328
65.37,32648
65.09,13572
64.47,14307
64.79,7224
64.64,6843
64.82,4855
64.91,9781
65.11,10348
65.14,3268
65.11,2026
65.13,4890
65.29,4294
65.4,3081
65.28,16860
64.79,8482
65.3,13622
65.37,21382
65.11,8771
65.28,8467
65.58,6591
65.74,6938
65.68,5378
65.67,8699
65.54,9931
65.57,10908
65.54,12752
65.57,13810
65.41,5156
65,7909
64.75,8373
64.62,14958
64.53,8311
64.29,6153
64.22,6902
63.9,5792
64.05,5578
64.42,4342
64.44,3427
64.18,6139
64.05,42090
63.17,18676
63.01,10434
62.65,18703
62.19,11046
61.86,6562
61.77,5725
61.72,8372
61.6,10499
61.56,5151
61.5,6486
61.64,11525
62.1,7653
61.97,28321
62.58,18484
61.77,9507
62.07,5414
62.12,7802
61.92,4126
61.88,4356
61.88,9590
62.23,8103
62.45,4465
62.35,10391
62.32,4543
62.47,8626
62.36,21186
62.34,5613
62.31,11254
61.82,36169
61.49,30254
61.6,9134
61.58,5357
61.8,6642
61.91,4822
61.88,3921
61.87,3432
61.81,8247
61.73,8690
61.81,40340
62.37,13385
62.9,19070
63.13,8197
62.99,5500
62.86,6616
63.02,8100
63.13,10858
62.73,4894
62.54,6274
62.49,14769
62.49,13872
62.48,15585
62.6,53547
62.44,7738
62.65,10616
62.65,7026
62.6,10637
62.71,4544
62.69,7038
62.85,6291
62.8,7955
62.92,9845
62.72,5700
62.76,9837
62.73,25388
62.63,40632
61.32,52644
61.78,33042
61.69,12721
61.95,6461
62.04,7740
62,13055
61.66,7288
61.56,11108
61.59,15140
61.29,15731
61.21,11564
61.08,11438
61.27,44919
61.47,15133
61.79,6617
62.05,3804
62.03,2352
61.81,3786
61.73,1829
61.76,3184
61.64,2107
61.77,3723
61.71,3623
61.74,6172
61.88,6953
61.85,27973
61.97,4592
61.76,4903
61.66,2947
61.74,2456
61.74,10754
61.48,3002
61.36,4169
61.38,2694
61.39,10209
61.24,10414
61.12,11250
61.04,17431
61.12,27185
61.3,3951
61.15,2716
60.99,5447
60.84,5232
60.63,8928
60.7,2715
60.69,10747
60.51,10583
60.31,8114
60.27,3119
60.4,6119
60.56,9147
60.38,35611
60.54,5536
60.77,4603
60.45,6397
60.65,2854
60.56,2733
60.54,5465
60.36,6503
60.43,5519
60.41,3065
60.32,3317
60.46,5810
60.58,8906
60.55,32784
60.51,8473
59.87,2161
60.04,6557
60.25,5509
60.63,11987
60.78,5110
60.79,733
60.9,1496
60.89,1520
60.71,1030
60.67,838
60.66,4447
60.75,21156
61.01,5179
60.49,3137
60.75,2190
60.83,3816
60.52,2259
60.58,2460
60.49,4261
60.5,3972
60.53,5401
60.49,15060
60.41,8194
60.49,16364
60.56,45239
60.66,5438
60.58,6610
60.76,1533
60.82,3549
60.65,2541
60.58,3149
60.56,7051
60.73,5769
60.78,8237
60.78,4360
60.96,5045
60.96,7092
61.01,28626
61.2,26365
61.01,5382
61.08,5870
61.25,2845
61.16,6596
61.2,3686
61.08,2666
60.94,2223
60.77,3834
60.84,1437
60.93,2330
60.88,5881
60.96,16526
61.08,3461
61.13,3760
61.53,4168
61.37,2208
61.21,4386
60.93,1434
61.03,1010
61.11,466
61.02,2416
61.06,1609
61.01,3712
60.89,2410
60.97,15083
60.57,2488
60.17,4918
60.27,5795
60.39,4080
60.25,4536
60.29,1406
60.49,2397
60.53,3925
60.32,3320
60.28,6241
60.01,5465
59.88,4877
60.04,33437
60.41,4690
60.39,3619
60.07,5759
59.92,9017
59.94,4421
60.02,4865
60.18,1438
59.94,3443
59.85,4039
59.61,21799
59.42,23515
59.38,24654
59.53,30778
59.95,19453
59.8,4549
59.91,10721
59.79,3761
59.87,4997
59.98,2807
59.9,3448
59.86,3747
59.82,5069
59.63,3191
59.52,2751
59.49,3813
59.42,16515
60.05,10203
60.03,8963
59.92,4778
59.85,5561
60.02,2043
60.18,5722
59.9,3924
59.56,2801
59.57,5221
59.56,5067
59.63,10476
59.65,10994
59.76,26049
59.69,50530
58.54,8883
59.15,5927
59.16,11695
58.95,18622
58.88,7922
58.96,12169
58.93,2689
58.93,4600
58.84,18618
58.84,5277
58.76,7801
58.77,31325
58.96,1413
59.06,1440
58.95,2813
58.99,1477
58.96,2199
59,1900
59.01,1555
59.08,1807
58.93,4924
58.9,5391
58.84,1836
58.92,1432
58.84,15904
59.15,5627
59.35,17781
59.67,8052
59.61,2616
59.49,3331
59.46,2346
59.66,4727
59.67,5959
59.84,2873
59.95,3614
59.98,3078
59.99,4776
59.82,34416
59.77,12557
59.03,4205
58.76,6544
58.75,5620
58.55,2745
58.42,1047
58.19,8809
58.03,3274
57.98,8062
58.03,5671
58.37,4890
58.34,4938
58.32,20971
57.55,24413
57.09,6358
57.49,8619
57.24,3135
57.46,2194
57.19,1899
57.18,591
57.21,3622
57.33,6438
57.25,2148
57.32,4262
57.23,2749
57.35,16031
57.61,2823
57.38,4868
57.42,3313
57.26,2190
57.35,2663
57.38,1708
57.48,2035
57.41,2742
57.39,3465
57.47,2833
57.42,2209
57.46,3709
57.42,26895
57.32,4949
57.66,4637
57.47,2405
57.42,5228
57.76,3911
57.76,2583
57.66,3088
57.54,2403
57.66,1489
57.59,4676
57.57,2026
57.74,2875
57.69,17078
57.43,3333
57.4,6335
57.85,3501
57.8,3383
57.56,2894
57.33,56640
57.45,1576
57.38,5207
57.49,2927
57.46,3006
57.37,4974
57.33,6767
57.23,29633
57.94,20091
58.18,5195
58.08,8303
58.13,4841
58.25,4421
58.37,2506
58.22,840
58.14,1367
58.27,4439
58.26,5648
58.2,6000
58.29,4475
58.15,27441
58,3316
58.21,2475
58.33,649
58.16,2821
58.44,1759
58.42,633
58.39,1824
58.4,2764
58.37,596
58.44,1806
58.4,2461
58.41,2057
58.37,22171
59.05,6184
58.52,9807
58.71,13148
58.06,5800
58.2,4523
58.32,2897
58.32,2785
58.27,4215
58.05,4856
58.17,3182
58.2,3260
58.1,3466
58.01,27593
58.13,12478
57.66,12733
57.69,14252
57.66,15572
57.56,13133
57.44,15182
57.46,11316
57.52,17510
57.73,11886
57.77,6810
57.78,4746
57.8,4673
57.73,33094
57.7,27292
57.36,18344
57.26,24481
57.38,9424
57.43,15840
57.39,6982
57.35,6378
57.44,7016
57.45,8877
57.35,8386
57.44,7412
57.51,6034
57.58,39106
57.79,7463
57.77,9164
57.62,4081
57.59,2708
57.65,2834
57.8,9668
58.03,11420
58.1,3459
58.04,8629
58.03,4628
58.14,3898
58.11,6385
58.22,33526
58.95,41068
59.21,15218
59.37,9213
59.01,12828
58.92,7687
59.01,3984
58.91,7163
58.87,4915
58.95,8225
59.12,9018
59.17,6175
59.11,5923
59.11,40168
59.65,14090
60.25,26504
60.24,7218
60.17,9046
60.24,8912
60.21,7456
60.42,16767
60.65,20780
60.57,11495
60.6,5255
60.42,6106
60.62,6411
60.45,31111
60.5,3246
60.21,7359
60.18,13867
60.2,5396
60.15,4577
60.04,5002
59.9,12518
59.92,4489
59.92,2778
59.87,4480
59.74,9558
59.65,18870
59.46,147120
59.44,14225
60.08,10076
60.23,10100
60.29,7126
60.66,4554
60.67,2500
60.87,6370
60.92,2810
60.93,13559
61.06,8667
61.09,9847
61.29,12890
61.31,45955
60.68,5019
60.64,7699
60.89,4941
60.9,4938
60.65,3071
60.67,7930
60.5,3481
60.64,2129
60.82,1208
60.75,7003
60.85,3966
60.8,2567
60.87,43570
60.82,4895
60.46,4310
60.31,6714
60.2,2460
60.17,3399
60.34,6867
60.43,2367
60.53,2008
60.68,5983
60.65,12940
60.65,17025
60.72,12448
60.69,99990
61.17,4742
61.01,4839
60.7,1807
60.68,2274
60.7,3654
60.53,5024
60.42,1899
60.48,783
60.47,2220
60.41,4049
60.4,4379
60.44,5763
60.49,64331
61.04,5289
60.79,3674
60.79,6958
60.9,2409
60.9,7176
60.96,4116
61.03,5336
61.14,3282
61.07,3998
61.09,4168
60.86,1823
60.77,5121
60.89,52883
60.97,8576
61.11,16975
60.47,7947
60.47,9890
60.76,13538
60.88,8664
60.82,6679
60.71,3600
60.91,7600
60.83,5825
60.73,4855
60.78,3582
60.72,20449
61.03,6483
61.17,10522
60.95,8776
60.47,7887
60.5,6065
60.15,3703
60.03,6578
59.92,4707
59.91,4307
59.86,4350
59.82,12875
59.7,8422
60.18,42233
60.3,3065
60.07,6245
60.21,6170
59.91,5355
59.75,3193
59.77,7258
59.96,8138
59.96,0
59.9,9050
59.76,11551
59.69,5021
59.72,8270
59.89,4942
59.65,2741
59.56,3824
59.66,3601
59.55,7738
59.43,13904
59.4,8834
59.49,5591
59.55,22261
59.26,6293
59.75,5454
59.29,7725
59.36,5049
59.08,11358
58.94,6721
59.09,6054
59.07,8659
58.92,12487
58.92,12597
58.88,13944
58.95,33744
58.92,46857
58.48,24768
58.64,10622
58.78,8691
59.06,2368
58.82,4843
58.89,4358
59.02,3716
59.3,4399
59.2,7145
59.09,7006
59.03,7087
58.96,6870
58.96,31888
58.86,3949
58.98,5762
59.06,12815
58.93,1943
59.1,3593
59.06,9231
59.03,2279
59.01,2256
58.99,5163
59.01,6759
59.11,5337
59.2,13458
59.07,19361
59.02,8462
59.07,5138
59.19,12897
59.42,3479
59.31,9770
59.02,5423
58.95,6721
59.06,5513
59.07,7828
59.34,5042
59.37,4189
59.35,1652
59.37,27271
59.72,3082
59.08,2632
59.3,7115
59.11,7427
59.21,2709
59.17,4614
59.25,2357
59.19,1950
59.27,3179
59.35,9099
59.12,6955
59.24,5418
59.27,32926
59.3,4607
59.4,15808
59.55,3969
59.76,7480
59.75,3151
60.01,3409
60,3011
59.94,1125
59.84,1094
59.83,3038
60.2,12526
60.39,5748
60.26,25616
59.2,5898
59.62,4163
59.77,6341
60.19,3178
60.09,4324
59.92,1908
60.05,4402
60.09,2712
60.02,5298
60.07,3313
59.76,2873
60,4216
60.14,16037
60.4,7163
61,8571
60.81,5389
60.83,3750
60.76,8547
61.16,11646
60.96,9291
60.98,6145
60.74,5815
60.76,10546
60.76,8120
60.84,9049
60.95,37467
61.31,14040
61.67,21405
62.15,10904
61.74,8811
61.92,20383
62.27,9295
62.28,9293
62.12,8761
62.22,13292
62.15,8335
61.57,10115
61.71,20060
61.45,32871
61.11,6302
61.77,13656
61.34,16715
61.44,24753
61.38,17431
61.51,24203
61.14,20580
61.28,10376
61.38,9368
61.52,11384
61.2,10226
61.03,6834
60.89,85823
60.34,4914
59.46,14915
59.87,16241
59.97,10274
60.03,9800
59.82,8790
59.68,8835
59.61,5214
59.8,8150
59.56,11917
59.3,11443
59.26,12138
59.14,53397
58.95,19016
58.46,25690
58.41,31176
58.15,29831
57.97,20976
57.98,6509
57.92,12668
58.02,5332
58.14,7012
58.14,6090
58.18,9014
58.26,9863
58.3,41013
58.71,4332
58.13,11289
58.34,6992
58.27,5896
58.4,8171
58.46,10333
58.25,4215
58.18,2065
58.22,2092
58.17,1672
58.21,4530
58.22,5601
58.08,30298
57.75,5010
58.04,5913
58.25,4842
58.37,5612
58.36,8791
58.57,4203
58.69,7988
58.85,10142
58.69,12818
58.57,8381
58.69,8723
58.5,14992
58.8,39322
58.43,3627
58.5,10971
58.01,12843
58.03,10535
58,4116
58.38,9453
58.43,5085
58.5,9406
58.42,5273
58.45,9175
58.36,13720
58.44,14513
58.41,19309
58.63,5088
58.11,13681
57.85,7701
57.66,8611
57.68,3743
57.77,1427
57.66,3885
57.72,1583
57.74,3251
57.87,1584
57.82,2622
57.86,8516
57.95,29800
58.06,6592
57.94,8999
57.99,10282
57.92,11469
57.84,7722
57.8,5883
58.04,6164
58.12,6207
58.08,2976
58.12,2390
57.95,2625
58,4194
58.19,24644
59.07,8997
58.95,7482
59.13,5035
58.97,3536
58.98,6250
58.87,1925
58.96,8687
58.9,6783
58.83,7845
58.82,6547
58.9,4786
59.1,6560
58.95,26554
58.74,8618
58.12,12557
57.86,17659
57.66,12474
57.74,15103
57.58,11458
57.54,7969
57.38,9022
57.07,15222
56.89,12895
56.79,14189
56.95,14826
57.05,58190
56.62,31085
55.43,23633
54.94,57794
54.71,37802
54.73,36782
55.08,25032
55.15,11480
55.24,9466
55.17,12690
55.02,18934
55.28,15174
55.29,14212
55.53,50824
53.55,32150
53.7,24254
53.68,23787
53.85,18864
53.97,14138
54.54,19036
54.6,17043
54.47,9428
54.37,9088
54.32,8273
54.36,10648
54.24,29190
54.28,60280
54.45,21564
54.38,24602
54.21,13916
54.45,25819
54.14,13929
54.34,12915
54.31,9225
54.34,8256
54.46,13877
54.43,14217
54.44,10413
54.35,17818
54.46,55662
55.12,29460
55,16202
54.54,10888
54.84,17251
54.91,20376
54.92,6364
54.86,6665
54.64,6879
54.66,11724
54.49,17856
54.38,12841
54.41,19904
54.42,48884
55.31,37530
55.86,20923
56.17,29817
56.35,35829
56.4,25823
56.3,8971
56.56,8160
56.74,12763
56.98,35196
57.07,33957
56.87,37933
56.86,65889
56.82,91799
56.53,11358
55.94,22499
55.88,11934
55.94,9758
56.1,9958
56.21,4411
56.37,4713
56.46,3895
56.47,8436
56.18,11481
56.3,16454
56.46,14370
56.46,55770
56.79,6998
56.58,9814
56.45,9133
56.78,8159
56.64,13729
56.87,8081
56.94,7163
56.77,6246
56.77,2778
56.9,3752
56.88,8197
56.95,4951
56.98,26609
55.6,119225
55.31,47077
55.38,57427
55.77,25371
55.64,62039
55.76,29091
55.79,14681
55.69,13291
55.67,20139
55.76,26798
55.84,26290
55.72,89386
55.56,210049
55.57,22070
55.56,18318
55.19,41157
54.76,33440
54.92,22612
54.94,23876
55.05,20400
54.96,16012
55.06,21964
55.1,24693
55.06,41189
55.31,49766
55.15,74173
55.28,25450
55.65,19954
55.52,21347
55.83,20535
55.88,14440
55.87,13570
55.88,16820
55.8,9104
55.85,5975
55.84,11302
55.84,16423
55.67,11307
55.75,45232
55.33,12974
55.69,10942
55.61,12524
55.51,9078
55.54,11250
55.59,8975
55.64,6665
55.74,6443
55.76,12703
55.83,10200
55.73,7888
55.72,9765
55.68,68411
55.9,14992
55.66,20769
55.86,27730
56.14,16727
56.1,17814
55.79,12561
55.75,11266
55.69,10100
55.68,12018
55.59,12613
55.56,15408
55.52,15499
55.44,54516
55.28,27123
54.96,43386
54.62,20116
54.5,31746
54.3,33900
54.48,17782
54.36,14563
54.38,8881
54.38,19997
54.29,20634
54.33,10850
54.38,11110
54.45,59964
54.64,51741
54.32,22073
54.56,19974
54.44,11583
54.43,14941
54.24,17293
54.23,22410
54.2,20623
54.1,36801
53.88,19933
54.02,23727
53.96,17823
54.07,43782
54.08,29535
54.24,13324
54.27,12918
54.32,16214
54.38,25102
54.41,13946
54.43,15536
54.36,11384
54.3,9272
54.17,9526
54.22,7786
54.19,9184
54.19,29702
54.6,20580
54.49,26266
54.96,19229
54.94,14580
54.95,26241
54.75,28674
54.73,22447
55.12,11890
55.14,25635
55.17,10845
55.17,13474
55.15,19896
55.16,81765
56.15,49100
56.12,35383
55.93,13118
55.64,13394
55.32,9901
55.37,7154
55.43,14001
55.47,8269
55.48,14331
55.48,8633
55.42,11418
55.45,11245
55.41,47514
55.33,32207
55.15,10888
55.01,13866
55.01,8433
54.95,11482
54.84,8974
54.72,8214
54.62,5532
54.62,8383
54.68,6176
54.71,11866
54.79,7419
54.92,44985
54.52,26561
54.64,12165
54.36,13586
54.74,24039
54.72,10462
54.61,8921
54.5,5155
54.63,8696
54.53,11456
54.47,8544
54.4,7368
54.6,11116
54.73,31234
55,21314
54.73,28122
55.2,12364
55.05,11490
55.16,24782
55.16,12318
55.43,11824
55.51,9767
55.52,7075
55.45,12206
55.19,12689
55.17,8755
55.37,31537
55.13,32785
54.51,29161
54.53,16737
54.69,7497
54.71,10115
54.61,28530
54.74,11284
54.63,6237
54.68,6581
54.73,9416
54.76,16742
54.72,9683
54.78,78337
54.2,38938
53.8,29080
53.69,28663
53.67,16384
53.75,18567
53.68,14477
53.73,21734
53.66,12761
53.69,20638
53.67,17313
53.6,8642
53.6,17591
53.57,124175
53.46,15513
53.58,16533
53.3,15970
53.58,8673
53.37,10664
53.3,5640
53.33,6742
53.3,9841
53.16,10471
53.15,7652
53.19,8423
53.1,15807
53,61452
53.11,27898
52.36,37920
52.34,7756
52.49,68849
52.14,62068
51.86,27577
51.95,10242
51.97,26411
51.89,19714
51.97,13132
51.93,11555
51.94,29491
51.93,71917
51.75,18374
51.98,46686
51.64,35468
51.09,36764
50.81,23670
50.7,20296
50.45,15331
50.43,24036
50.57,22110
50.25,21888
50.06,13716
50.16,31422
50.25,144685
50.31,22941
50.35,24810
50.42,13915
50.45,11983
50.39,15733
50.6,9611
50.77,7922
50.89,9347
50.73,15859
50.68,15473
50.57,13640
50.6,12567
50.62,81203
50.66,14196
49.87,16989
49.35,19396
49.8,12211
49.95,16870
49.51,16616
49.49,14849
49.51,6357
49.47,15805
49.54,8516
49.71,12724
49.78,10630
49.83,71593
49.87,21086
49.31,19616
48.96,36962
48.6,18181
48.73,30581
48.68,21423
48.61,8403
48.97,13210
48.92,22468
49.02,8914
49.1,12717
48.98,12063
49.12,62856
49.34,14243
49.01,11935
49.17,7843
49.52,23492
49.85,15232
49.51,8034
49.45,10589
49.52,4437
49.53,8393
49.5,13097
49.55,9910
49.44,8352
49.46,73015
49.61,24955
49.98,23571
50.02,21681
50.13,21505
49.73,13069
49.93,14010
49.84,15082
49.79,16646
49.65,7798
49.71,17863
49.49,12018
49.52,13693
49.56,90792
49.85,28668
50.09,11146
49.67,8669
49.52,12342
49.44,37378
49.64,6307
49.51,8412
49.47,8383
49.47,8728
49.5,4471
49.55,20772
49.55,8781
49.62,30329
49.69,32532
49.88,26464
50.19,34849
50.19,20790
50.2,22686
50.42,12568
50.36,16022
50.39,14548
50.34,6917
50.26,11968
50.38,12064
50.45,8860
50.52,66646
50.24,13730
50.29,8415
50.25,7898
50.1,6143
50.26,15372
50.22,6578
50.26,6138
50.36,5809
50.44,22994
50.43,15057
50.65,17095
50.23,12569
50.46,37982
51.01,16524
50.52,19537
50.89,21311
50.66,22512
50.82,29846
50.81,9302
50.85,12917
50.81,14887
50.95,11193
51.01,6022
50.86,7040
50.84,11029
50.72,77868
50.22,48782
49.52,18919
49.63,18962
49.63,17298
49.69,14347
49.78,7773
49.77,6381
49.86,14729
50.05,13745
49.96,16320
49.77,11257
49.85,10306
49.93,81675
50.21,16890
50.98,20776
51.14,15327
51.1,12962
50.75,19622
50.41,11269
50.22,7827
50.37,9934
50.51,5350
50.51,11650
50.53,5264
50.58,4809
50.6,52396
51.38,39379
51.17,34749
51.1,28083
51.15,9923
51.03,9454
50.94,7501
50.9,4508
51,8130
50.86,6472
50.81,7149
50.76,9747
50.83,13731
50.85,87790
50.38,16817
50.42,15269
50.41,13154
50.25,19347
50.32,11717
50.08,23838
49.92,19855
49.69,12398
49.73,14253
49.71,15340
49.73,16276
49.69,17866
49.63,108639
48.67,98703
48.74,65118
48.95,28337
48.63,39902
48.61,28252
48.76,19214
48.81,29379
48.74,11351
48.58,27527
48.46,14971
48.48,48090
48.37,20140
48.4,57738
48.55,56516
48.97,40973
49.1,30995
49.19,15181
49.08,19461
49.14,21033
49.01,20267
48.98,35297
48.78,21404
48.81,13934
49.01,12053
49.14,19555
49.22,102544
49.57,72642
49.72,50124
50.04,24625
50.19,91996
49.11,42748
49.35,33601
49.64,14089
49.62,10440
49.71,8043
49.66,13037
49.56,18251
49.79,13933
49.7,73191
49.7,50705
50.81,48264
50.96,49402
51.4,52867
51.5,46831
51.26,20402
51.36,29576
51.73,72053
51.82,51388
51.74,23100
51.55,36952
51.75,50684
51.73,72281
52.36,106606
52.06,48736
51.84,35810
51.18,19739
51,16950
51.14,10055
50.99,11915
50.83,13241
51.13,9068
51.22,12770
51.32,12097
51.53,17506
51.62,84686
51.9,26735
52.08,51960
52.63,39808
52.34,28959
52.38,25761
52.57,18832
52.66,19609
52.84,14892
52.78,9067
52.87,30138
52.99,13912
53.06,18110
53.14,57952
53.53,62725
53.3,32339
53.53,36409
53.57,28008
53.37,23357
53.77,29761
54.01,25790
54,17685
54.01,35960
53.91,23670
53.49,27308
53.76,14147
53.72,56793
54.21,54312
54.45,47520
54.02,14795
54.15,12016
54.31,18013
54.39,10017
54.31,7131
54.29,6858
54.32,8480
54.16,10801
54.1,10158
54.12,7978
54.14,55388
53.18,48115
52.31,33416
52.32,37300
52.44,22469
52.5,24912
52.54,10355
52.46,10575
52.52,24985
52.77,9896
52.55,12975
52.5,9902
52.55,19399
52.53,39356
52.17,33188
52.21,37636
52.17,18235
52.31,15630
52.45,26356
52.49,10977
52.57,8339
52.48,6129
52.51,6386
52.6,12288
52.47,27953
52.43,11941
52.43,53582
52.62,13641
52.69,14397
52.84,11276
52.96,12515
52.66,19625
52.98,9348
53.03,9689
53.05,4406
53.09,6620
53.12,7542
53.11,4774
53.04,13826
52.93,67034
52.68,10558
52.84,13854
53.22,16165
53.18,15702
53.17,14629
53.17,9675
53.2,7701
53.22,7245
53.28,6094
53.3,10016
53.34,24571
53.47,19931
53.36,61711
52.51,22137
52.21,10699
52.2,19981
52.52,13041
52.57,15892
52.6,5962
52.56,7833
52.69,5489
52.66,7565
52.56,6676
52.51,15624
52.56,32248
52.07,70771
50.76,80457
50.55,81762
50.56,23310
50.37,42838
50.44,48625
50.42,15415
50.53,13677
50.5,21783
50.41,25204
50.26,18485
50.16,9582
50.27,16783
50.11,51560
50.3,14933
50.11,18693
50,10982
50.05,9692
49.95,14281
49.95,8039
49.85,5734
49.88,12335
49.95,15173
49.79,9815
49.84,16938
49.75,10441
49.73,35106
49.7,12368
49.87,10776
49.68,4000
49.68,24374
49.58,12332
49.67,8633
49.76,11570
49.89,8328
49.93,6975
49.93,6295
49.93,6392
49.96,11025
50.08,51921
50.22,11634
49.95,22400
49.72,15187
49.63,7539
49.68,6624
49.82,9151
50.18,8257
50.02,5562
50.13,6990
50.13,5422
50.08,4428
50.18,8620
50.12,44962
50.53,28991
50.34,22750
50.22,16270
50.2,9841
50.07,10114
50.02,9181
50.05,10846
50.1,8844
50.31,7805
50.22,6817
50.2,18000
50.32,13596
50.42,48883
50.55,25466
50.63,12469
50.55,9494
50.78,8098
50.77,8305
50.68,5197
50.85,13659
50.85,7552
50.78,6058
50.72,9903
50.68,7277
50.61,7563
50.62,59189
50.39,17050
50.32,9012
50.2,17338
49.92,9167
49.85,12781
49.94,9233
49.92,11142
49.85,12277
49.81,12178
49.76,9317
49.68,7326
49.73,7987
49.67,90481
49.76,12025
49.9,12211
49.82,17344
49.93,10490
49.9,8350
49.77,5481
49.68,7247
49.66,11004
49.71,13346
49.69,8365
49.78,7708
49.78,7174
49.83,35733
49.98,33730
50.01,10821
50.15,6279
50.06,10321
50.12,6995
49.96,7212
49.86,6238
49.81,7195
49.71,4208
49.75,8977
50.02,13614
49.96,14303
49.95,68698
48.89,38607
49.12,18341
49.16,26627
49.28,24569
49.22,10334
49.23,8062
49.24,22503
49.25,10488
49.25,11287
49.29,15712
49.14,14013
49.21,14512
49.12,39488
49,13991
48.92,10294
49.01,8975
48.97,13386
48.69,26520
48.62,8967
48.53,16379
48.54,10837
48.54,12619
48.59,5386
48.57,9090
48.52,10596
48.56,45694
48.63,19148
48.81,6840
48.7,7195
48.69,6313
48.82,4658
48.78,9236
48.63,6685
48.62,2654
48.59,3681
48.67,2566
48.78,6179
48.66,19196
48.69,35328
48.83,9563
48.8,17442
48.64,10031
48.52,14815
48.56,10760
48.35,9196
48.3,9804
48.34,8198
48.3,13117
48.28,5480
48.39,14419
48.74,28390
48.98,75297
48.9,29975
48.81,14117
48.77,12360
48.45,15256
48.36,7674
48.49,6964
48.38,16917
48.34,5919
48.26,8970
48.14,4262
48.16,18222
48.19,16515
48.13,67957
48.39,30858
48.76,15940
48.84,18141
48.79,19007
48.6,11613
48.44,7151
48.72,5380
48.66,7229
48.69,13461
48.84,18160
48.9,18773
49,21495
49.1,61696
49.12,20601
48.9,15465
48.88,15506
48.94,13573
48.87,8974
48.91,8414
48.9,7101
48.79,20836
48.72,9405
48.64,7149
48.63,11182
48.57,14282
48.7,59352
49.64,73387
49.68,53718
49.99,49602
50.26,18362
50.05,26383
49.9,18684
50.09,22943
49.98,31736
49.95,17066
50.16,19155
50.15,40089
50.28,16991
50.2,64568
49.9,27010
49.71,22330
49.59,10406
49.58,16023
49.63,8839
49.65,8081
49.79,8560
49.77,2541
49.71,4295
49.73,12004
49.67,6567
49.73,23012
49.86,46080
49.46,28699
48.93,15847
48.89,4334
48.93,9831
48.84,25845
48.57,12887
48.58,7916
48.57,5115
48.54,16508
48.56,6329
48.6,5555
48.75,5168
48.82,71572
48.79,30706
49.33,16081
49.25,10498
49.29,13051
49.32,13176
49.36,12145
49.42,8201
49.46,18766
49.33,19981
49.29,19559
49.31,17234
49.37,12377
49.32,63514
49.53,40430
49.48,33753
49.32,17670
49.16,20365
49.14,14102
49.03,5718
48.99,7617
48.92,14116
48.86,15550
48.88,16200
49,21403
49.02,28022
48.95,95034
49,154765
47.54,70592
47.44,54551
47.48,55894
47.94,29863
47.96,26645
48.16,28000
48.63,30926
49.25,64511
49.73,47208
49.64,37585
49.56,33135
49.72,92806
49.98,97514
49.74,22295
49.72,16247
49.63,28695
49.44,26893
48.99,16977
48.86,9923
48.73,11444
48.56,19389
48.53,21009
48.62,23307
48.67,18211
48.8,79231
48.91,13337
48.87,14270
48.84,22184
48.7,14167
48.54,17041
48.63,16619
48.43,17463
48.49,15357
48.45,11604
48.34,14719
48.38,24148
48.3,26064
48.24,101639
48.76,35651
49.12,32110
49.09,41423
49,23452
49.11,22867
49.24,17812
49.46,33842
49.67,13683
49.62,13909
49.63,17448
49.52,15946
49.49,16314
49.42,72963
49.01,13966
49.38,7260
49.08,10341
48.89,9414
48.74,11617
48.89,5764
48.88,7514
48.87,8177
48.74,10688
48.71,8400
48.65,10517
48.58,13386
48.72,77941
48.89,16696
49.21,27980
49.21,18531
49.06,14553
49.03,15149
49.17,15140
49.04,22710
49.05,25449
49.1,23947
49.01,22213
49.09,10863
49.1,24540
49.17,40693
49.49,28998
49.61,18056
49.95,31361
50.1,13790
49.99,14411
50,7427
49.96,6074
50.01,7767
50.04,15383
50.09,14518
49.99,9699
50.08,25660
50.21,57198
49.97,19023
50.33,17916
50.34,6415
50.54,11315
50.42,8057
50.35,4979
50.45,14266
50.5,5148
50.4,5366
50.28,5045
50.28,7914
50.3,12377
50.22,34004
50.34,32267
50.05,23257
49.7,31291
49.46,33483
49.27,32935
49.16,17905
49.21,18479
49.03,23888
48.97,22653
49.15,11791
49.06,18302
49,31582
49.06,58648
48.7,33776
48.49,15486
48.36,14768
48.32,17934
48.25,10935
48.16,11326
48.11,7650
48.18,9921
48.3,6341
48.34,19996
48.32,8570
48.26,16438
48.22,45656
48.45,25669
48.75,26551
48.8,19996
48.99,13346
48.99,11155
48.85,7107
48.96,10501
48.83,4455
48.86,4354
48.92,6980
48.95,6774
48.98,6034
48.95,33656
48.86,14198
49.03,5326
49.07,5174
49.08,2898
49.05,5215
48.86,4586
49,14108
49,0
49.11,18478
48.82,12603
48.99,14535
48.59,10042
48.51,11569
48.49,7036
48.61,4589
48.78,4563
48.75,7907
48.81,6969
48.87,7181
48.84,11178
48.92,36294
49.3,5821
48.62,15415
48.77,7350
48.77,10437
48.75,7795
48.67,3451
48.69,18790
48.91,8063
48.9,7747
48.95,7192
48.92,11120
48.95,5705
48.93,37130
48.83,13066
48.3,21095
47.98,17651
48.01,17330
47.81,18153
47.76,18546
47.68,17609
47.72,14858
47.56,11496
47.48,10545
47.42,19194
47.36,27762
47.27,65445
47.65,20248
47.62,19155
47.3,11992
47.32,7290
47.32,11202
47.31,7135
47.21,3994
47.24,11007
47.16,6988
47.18,6710
47.12,8144
47.12,14728
47.12,57205
46.89,63436
45.89,30086
45.95,20415
46.05,33061
46.15,30349
45.98,25007
45.91,20010
45.91,20059
46,10297
46.1,9570
45.93,12764
45.88,19511
45.94,90077
46.6,50221
46.8,34315
47.05,28123
47.2,22743
47.15,22818
47.4,16999
47.29,14243
47.41,20164
47.34,29250
47.52,16889
47.51,9665
47.37,11816
47.44,54160
47.47,28035
46.41,25211
46.71,38864
47.14,23512
47.18,11966
47.17,7575
47.13,8688
47.18,13089
47.06,18449
47.04,9803
47.04,13874
47.22,25813
46.95,108392
46.8,31440
47,11076
47.26,10996
46.96,11509
47.07,9746
47.14,6135
47.19,13564
47.14,7550
47.21,8936
47.06,10838
47.16,12297
47.17,9573
47.2,31785
47.02,30900
46.94,41374
46.78,14102
46.81,18952
46.77,17487
46.74,20385
47.12,10041
47.08,14580
47.16,10039
47.13,13950
47.01,14718
46.99,11206
47.05,42835
46.83,30453
46.2,21345
46.33,23356
46.43,18644
46.35,19962
46.6,5204
46.59,5948
46.57,9626
46.52,5630
46.47,5879
46.43,9007
46.43,9193
46.37,44886
46.06,23655
46.16,24780
45.94,12868
45.99,21215
45.67,14792
45.73,6369
45.78,6991
45.68,18727
45.43,24253
45.39,27988
45.38,19626
45.42,33728
45.33,56712
44.9,33561
45,24318
44.82,20870
44.7,12579
44.84,29308
45.01,17039
44.82,16529
44.92,11007
44.96,16611
45.07,21598
45.13,39257
45.18,15581
45.25,160493
45.08,14135
45.4,20890
45.45,21579
45.65,32826
45.89,27304
45.73,22166
45.78,22114
45.7,22126
45.77,9593
45.75,20881
45.52,30324
45.34,38474
45.26,89725
45.16,129742
44.94,54757
44.78,39125
44.51,42693
44.62,36389
44.4,22398
44.37,15305
44.26,21447
44.29,16332
44.34,26303
44.11,13761
44.21,27107
44.12,86106
44.8,118289
45.7,45238
45.96,77988
46.46,32142
46.33,43211
46.37,23910
46.24,14827
46.42,20494
46.2,28891
46.03,43886
45.97,28778
46.08,19833
46.05,66843
46.6,52073
45.83,27533
46.67,22807
46.24,16042
47.02,13775
47.02,18941
46.94,12757
46.91,7910
46.96,22989
46.96,0
46.96,0
46.84,22270
46.95,41832
46.4,15701
46.93,6625
46.85,4646
46.99,6532
46.85,5135
46.86,2685
46.89,14422
46.8,6059
46.79,5491
46.75,5458
46.81,22977
46.9,27989
47.51,23055
47.39,14846
47.58,9271
47.37,10851
47.23,14159
47.1,7827
47.02,7275
47.07,12665
47.16,15120
47.23,10452
47.36,12133
47.17,30554
47.64,25172
47.26,19476
47.26,17809
47.49,12837
47.44,17181
47.53,15627
47.7,25310
47.61,6795
47.61,9710
47.56,6427
47.41,9212
47.36,8590
47.4,47927
47.26,20232
47.82,18366
48.09,17087
48.13,12115
48.06,7773
48,14996
48.04,6604
48.19,17818
48.03,10682
48.18,5431
48.08,9215
48.18,13982
48.21,104561
48.73,73965
49.09,34156
49.1,48133
49.23,28279
49.02,19608
49,14505
48.93,18601
48.85,14615
48.39,16832
48.37,10162
48.49,12165
48.47,11276
48.58,42959
48.68,27128
48.41,23338
48.66,13075
48.76,26640
48.75,17032
48.77,4070
48.75,4655
48.8,16943
48.98,36262
48.97,35953
49.14,16733
49.1,18938
49.14,59482
49.76,44044
50.33,33857
50.4,11713
49.89,27848
49.87,11082
49.89,7387
49.75,14410
49.62,12053
49.61,9442
49.6,9602
49.5,8935
49.42,18733
49.4,41190
49.84,14367
49.7,17320
50.31,14472
50.28,12355
50.11,14364
50.15,12450
50.23,10330
50.19,7196
50.33,21228
50.44,10196
50.45,12135
50.2,6192
50.12,45454
49.67,20748
49.35,23616
49.48,12899
49.68,12372
49.65,14174
49.63,9615
49.46,8983
49.4,9824
49.37,8031
49.33,9655
49.52,5607
49.56,6501
49.68,36225
50.78,45204
50.8,49687
50.72,16779
50.26,11723
50.26,7020
50.43,6889
50.36,10844
50.18,9511
50.26,12440
50.36,23700
50.33,12377
50.13,14300
49.89,73391
50.22,102978
50.94,42534
51.12,30408
51.41,70730
51.72,13545
51.23,11017
50.95,6908
51.23,7251
51.36,10676
51.38,15843
51.36,10961
51.19,15265
51.25,44223
50.98,27575
50.88,15800
50.72,29043
50.8,11011
50.73,16640
50.55,8004
50.61,8112
50.72,5939
50.75,9249
50.79,10568
50.67,12953
50.59,10396
50.61,40134
50.83,36107
50.64,22654
50.58,25432
50.44,17447
50.68,20122
50.7,11549
50.47,6789
50.61,6414
50.85,14448
51.06,29924
51.25,11740
51.29,24710
51.24,67864
50.94,15117
51.25,11914
51.07,15384
51,25751
50.79,15003
50.73,11034
50.89,10001
50.88,8845
50.9,13083
50.93,7483
51.04,16325
51.11,6850
51.03,26346
50.8,24714
50.71,9580
50.8,10938
50.74,11398
50.65,22339
50.78,7030
50.68,6430
50.63,10903
50.61,7910
50.54,8441
50.43,7636
50.48,5752
50.58,27824
50.18,57793
49.33,37455
49.04,17064
49.37,16179
49.51,20188
49.65,8522
49.61,15354
49.5,18747
49.4,16593
49.29,15111
49.26,20745
49.33,22714
49.08,74843
49.02,37371
48.85,20168
49.08,18751
49.26,18734
49.41,9678
49.42,5136
49.52,5040
49.28,11603
49.32,7026
49.2,7368
49.15,8527
49.13,7285
49.2,38629
49.27,24832
49.72,15115
49.75,10128
49.61,23171
48.91,15487
49.07,5415
49.19,4646
49.21,19210
49.09,15651
49.11,7034
49.11,13806
48.98,11155
48.91,38034
49.2,24923
48.57,37979
48.49,12841
48.59,9142
48.74,20734
48.67,9976
48.62,20182
48.37,69842
48.18,32378
48.32,45197
48.26,42931
48.23,24116
48.04,65112
48.07,40154
48.3,24918
48.37,16986
48.02,15207
48.01,30013
47.94,13350
48.07,9452
47.87,15045
48.14,10919
48.06,12293
48.15,20842
48.18,10910
48.33,39713
48.27,13441
48.16,10786
47.93,7156
47.9,7065
47.7,6859
47.61,6464
47.5,6754
47.46,4429
47.51,7869
47.65,3261
47.55,5396
47.6,8416
47.78,49061
47.45,10592
47.65,10531
47.61,8370
47.79,3237
47.8,5235
47.87,4087
47.74,3756
47.66,2016
47.73,3298
47.61,6289
47.49,8290
47.6,9758
47.56,31201
47.79,12165
47.52,8876
47.67,9910
47.64,9218
47.61,9802
47.37,8618
47.42,5400
47.44,6436
47.6,7343
47.54,3522
47.54,6206
47.55,6642
47.61,47968
46.93,83572
45.76,47120
45.99,38315
46.28,14107
46.36,19908
46.17,9228
45.98,7336
46.14,8767
46.06,11969
45.8,21743
45.65,21633
45.63,14202
45.56,81317
45.46,50876
44.88,41012
45.25,35591
45.14,17724
45.26,28775
45.23,14161
45.02,20695
44.94,9943
45,20788
44.99,28138
45.22,39763
45.21,19439
45.16,81909
44.93,28483
45.78,32231
46.26,18273
46.26,13355
46.28,20581
46.38,11394
46.19,9904
46.16,7252
46.15,4763
46.09,4172
46.19,7302
46.21,8191
46.24,38355
46.19,22502
45.99,13706
45.92,13118
45.94,17749
45.95,15305
45.9,8340
45.93,9216
45.96,8140
46.03,13178
46.02,10275
46.1,5777
46.14,7548
46.08,36727
46.57,24478
46.05,45345
45.95,9162
45.85,8768
45.77,9368
45.88,11546
45.69,7571
45.78,8335
45.82,7029
45.75,8971
45.57,8746
45.57,9207
45.67,39827
45.8,19999
45.69,12896
45.69,10135
45.64,6638
45.66,6201
45.54,5542
45.58,4851
45.77,6065
45.79,4627
45.72,3786
45.75,7915
45.65,5499
45.53,33392
45.91,23625
46.33,19589
46.5,17282
46.54,36161
46.74,24289
46.79,13659
46.82,7167
46.88,9436
46.82,20873
46.89,15979
46.9,29364
47.01,17748
47.07,109639
47.47,23779
47.4,12241
47.39,19454
47.63,25875
47.73,22945
47.92,22703
47.98,20524
47.87,30935
47.86,17040
47.8,12568
47.68,12995
47.51,10482
47.39,54358
47.65,35660
47.46,16621
47.67,21779
47.41,11990
47.34,14441
47.37,19318
47.1,22422
47.18,21824
46.87,15445
46.73,30560
46.58,17796
46.52,32588
46.38,54312
46.57,24614
46.71,20474
46.59,31065
46.69,19312
46.78,15323
46.67,12562
46.59,19000
46.59,8607
46.61,17111
46.51,32547
46.71,19754
46.68,19900
46.57,43671
46.93,49533
47.47,22517
47.03,17848
47.1,18460
47.1,17088
47.25,11073
47.14,7419
47.05,11964
47.06,10023
46.94,7330
46.84,15035
46.96,20172
46.97,81102
47.37,47671
47.14,30083
47.39,20184
47.31,26197
47.4,33524
47.55,16912
47.56,16847
47.66,13276
47.7,15168
47.78,15613
47.69,19774
47.68,30668
47.69,105870
48.28,165875
49.61,128746
50.63,92104
50.16,86325
50.18,58766
50.49,29336
50.38,16184
50.3,30003
50.43,41824
49.67,51178
49.67,26329
49.7,22020
49.77,64733
49.66,40367
49.88,34317
50.42,24939
50.27,24934
50.53,21039
50.64,30696
50.85,20450
50.89,9113
51.09,16579
51.17,14743
50.96,14213
50.79,11665
50.75,61393
50.48,37213
50.32,29724
50.14,26058
50.16,5872
50.23,9540
50.31,7529
50.23,13385
49.87,13820
49.61,11161
49.33,19310
49.37,23937
49.22,9414
49.14,54720
48.81,33374
48.45,28403
48.44,14047
48.7,15213
48.79,15850
48.92,11778
48.93,6132
48.86,8873
48.85,11848
48.84,19158
48.66,14683
48.71,18836
48.61,106700
48.52,28240
48.12,41166
47.75,20161
47.57,21402
47.56,23378
47.6,15892
47.77,10754
47.77,7259
47.67,8356
47.74,10181
47.37,8562
47.5,12738
47.72,69157
47.59,25507
47.64,9797
47.45,7682
47.5,15936
47.71,19586
47.63,13269
47.57,9992
47.46,11474
47.31,6032
47.23,6347
47.29,8620
47.25,15384
47.06,56021
47.6,48468
47.76,39626
47.97,34095
47.64,21198
47.68,17686
47.68,10923
47.67,29014
47.89,13079
47.86,19505
47.94,18042
47.73,16595
47.6,9246
47.45,58440
47.19,38229
47.16,25739
47.17,11068
47.32,10954
47.1,9081
47.17,10751
47.15,8855
47,15011
47.21,30377
47.37,18316
47.32,31431
47.36,29959
47.41,94865
47.91,62024
47.44,34402
47.22,25857
47.41,18354
47.19,14367
47.29,23268
47.56,13919
47.48,53933
45.81,54183
45.91,57166
45.77,66555
45.03,35041
44.99,116766
44.74,60249
44.13,44390
44.38,32921
44.38,29849
44.77,46756
45.51,15345
45.39,18981
45.56,11262
45.66,20970
45.78,15177
45.75,22705
45.87,16036
45.98,70369
44.74,40406
44.19,35479
44.12,38240
43.91,29883
43.77,20077
43.82,16182
44.03,15781
44.05,11803
43.96,21472
44.13,27409
44.3,32613
44.42,21905
44.42,84162
43.98,23159
43.85,18062
44.02,9328
44.15,14470
44.32,8045
43.91,11559
44.07,9841
44.01,12890
44.18,8189
44.08,10445
44.31,13328
44.47,8413
44.52,49278
45.14,32000
45.69,34703
46.08,34842
45.83,14932
45.41,20223
45.58,9856
45.61,11251
45.73,11154
45.73,9534
45.91,19579
45.94,24143
45.98,18753
46.07,91959
46.44,41792
46.14,34658
45.97,28078
45.6,24374
45.87,11000
45.98,10488
45.85,9673
45.58,15376
45.48,19674
45.13,35608
45.29,30432
45.54,39213
45.43,77278
45.2,18668
45.31,27433
44.9,14365
45.06,11154
45.09,23887
45.21,10310
45.16,21313
45.03,18844
45.31,4061
45.36,5317
45.47,5564
45.43,5043
45.28,27632
44.82,32194
45.35,34226
45.32,27991
45.11,15728
44.95,16492
44.75,10610
44.81,16135
44.55,10913
44.38,16241
44.06,13713
44.27,10014
44.3,11918
44.17,68801
44.89,29689
44.98,16272
45.1,9628
45.17,11411
45.35,15155
45.48,9450
45.36,12287
45.43,16393
45.54,10838
45.51,22039
45.49,22023
45.47,30099
45.46,85339
45.54,38935
46.09,15686
45.97,11961
45.94,8790
46.08,15106
46.13,15242
46.44,11780
46.2,5223
46.28,7962
46.37,13648
46.42,9367
46.42,6609
46.36,79150
46.64,37667
46.42,12747
46.35,7662
46.42,5300
46.57,7051
46.2,3985
46.28,3898
46.08,10454
46.18,6033
46.39,5796
46.39,8895
46.39,7915
46.31,55081
46.67,25605
47.01,10922
46.98,9772
47.12,12350
47.17,4702
47.07,13327
47.15,19909
47.34,9415
47.22,7695
47.09,6955
47.12,9429
47.28,12070
47.23,57809
46.58,23428
46.63,34208
46.7,15597
46.78,13421
46.62,8383
46.6,6290
46.62,12449
46.68,11811
46.75,4741
46.86,2335
46.86,5637
46.91,7947
46.97,56085
46.75,21669
46.87,22295
46.68,14173
46.68,6704
46.62,4816
46.55,7481
46.71,5295
46.72,4270
46.57,13531
46.82,15321
46.91,13461
46.82,8988
46.71,283300
46.69,21097
47.13,21738
47.21,25720
47.37,5719
47.33,4453
47.5,9152
47.16,12907
46.91,9979
46.87,9652
46.85,9766
46.76,11982
46.78,18374
46.84,53377
47.25,59117
47.92,19947
47.92,13797
47.68,18619
47.72,16406
47.97,13127
47.82,17492
47.7,6993
47.71,9922
47.69,18263
47.76,26011
47.86,23092
47.99,85348
48.43,30825
49.08,50682
49.1,22878
49.09,26228
49.01,23946
49.01,9869
48.88,25673
48.74,17897
48.69,10519
48.54,9203
48.71,10759
48.69,12707
48.73,60174
48.57,22216
48.57,24536
48.8,24833
48.79,15271
48.74,17392
48.71,8972
48.92,8213
48.63,7063
48.5,13268
48.32,8068
48.28,8810
48.19,20050
48.44,67024
48.38,13108
47.81,15473
48.04,10664
47.96,19966
47.89,17937
47.66,28805
47.41,20226
47.24,17942
47.25,12380
47.49,15107
47.57,13338
47.67,13889
47.61,49552
47.47,18429
48.4,23551
48.37,23983
48.48,18354
48.51,19461
48.41,19780
48.43,10303
48.36,8374
48.17,3963
48.06,4336
48.32,6430
48.36,19069
48.32,60506
48.16,11648
47.93,10311
47.57,13352
47.85,10606
47.97,15672
47.98,9776
47.98,8985
47.98,8951
47.84,13801
48,8057
47.88,8931
47.88,14047
48.04,70505
47.63,24408
47.86,17921
47.99,8783
48.12,17747
48.21,27536
48.14,10551
48.23,15922
48.23,13686
48.21,17007
48.04,12859
48,10376
48.05,25045
48.19,56297
45.56,80561
44.75,56280
44.45,26374
44.22,32185
44.13,40235
44.07,28881
43.97,24267
43.72,40518
43.47,22302
43.48,30970
43.22,35944
43.22,52307
43.17,180200
41.5,89566
39.85,93512
39.16,124037
39.13,83073
39.75,89622
39.43,76019
39.73,45755
40.01,42876
39.52,30830
40,41520
39.8,45820
39.81,38200
39.97,233334
38.06,56689
38.37,98975
37.95,39040
38.3,48804
37.28,35829
37.59,23050
37.58,24585
37.41,41104
38.29,47372
38.42,41382
37.99,23543
37.87,49925
37.85,134201
38.92,55261
38.16,37065
38.3,46225
37.54,35676
37.14,27027
37.4,15949
37.25,25939
36.41,34213
35.9,34328
36.31,13286
36.03,31100
35.76,46704
35.32,134210
34.88,126825
34.64,58432
34.38,41812
34.26,36261
35.14,31245
35.17,29565
35.33,16355
35.22,95298
37.46,104528
39.06,92337
39.54,88500
38.77,34883
39.65,132861
37.78,103495
36.11,51632
36.11,37727
35.88,12077
35.83,27288
35.85,37413
35.32,46102
35.71,42247
35.71,34310
35.92,61645
36.09,28679
35.79,34208
35.37,128308
35.83,78645
35.34,58727
34.93,58846
35.07,29252
35.2,32499
35.58,28626
35.58,31663
36.11,28444
36.22,28927
36.73,22792
36.5,13978
36.67,37595
37.01,168191
37.88,49675
37.23,23752
37.38,16722
37.4,22646
37,28577
36.71,11571
36.9,7189
37.03,16277
37.06,6923
37.23,8965
37.29,9355
37.25,18054
37.17,79653
36.92,19819
37.45,15610
37.38,17857
37.09,6551
37.22,11836
37.17,5074
37.23,6442
37.16,8812
36.99,4277
36.99,6865
36.94,8014
37.08,18287
37.02,67149
37.17,48801
37.69,47363
38.15,15750
38.11,19603
38.25,11764
38.18,14103
38.13,6937
38.21,11574
38.34,18393
37.71,17803
37.87,11657
37.75,14194
37.45,59074
38.25,28077
38.81,15738
38.76,12898
38.79,42745
39.13,30064
39.25,23388
39.6,20682
39.48,25041
39.15,31276
39.25,11972
39.28,42394
39.14,71795
39.14,99303
38.27,33621
37.88,21264
37.86,14928
37.9,11885
37.95,10728
37.64,7591
37.81,14554
37.75,11548
37.77,8336
37.77,12601
37.9,18676
37.83,23899
37.9,88160
38.77,21741
38.53,14031
38.73,7823
38.98,14735
39.07,7158
39.23,6453
39.51,5423
39.33,9287
38.88,5486
38.88,6405
39.12,3891
39.22,12044
39.09,47842
39.85,69174
39.87,78298
39.47,17454
39.47,62850
38.88,37065
38.8,28946
38.9,29597
38.97,15674
39.02,28041
39.06,16797
38.94,15730
38.95,17681
38.79,51862
39.34,16659
39.29,22528
39.24,23089
39.47,10115
39.4,13719
39.38,7882
39.57,10333
39.62,4326
39.57,8595
39.67,8394
39.5,4571
39.51,13047
39.46,53684
39.11,8400
39.18,11052
39.19,7077
39.38,6402
39.42,6823
39.4,5595
39.47,5932
39.46,4465
39.48,12242
39.21,6951
39.4,5297
39.44,7583
39.45,32386
39.39,13545
39.57,7424
39.74,7373
39.9,4954
39.53,4214
39.57,7138
39.52,2110
39.46,3903
39.38,6504
39.51,5275
39.57,4631
39.6,6562
39.66,46046
39.02,15542
39.24,18055
39.2,6011
39.61,7237
39.59,14571
39.51,6989
39.52,6841
39.41,5553
39.48,11464
39.57,9212
39.42,12989
39.38,16626
39.44,48765
38.75,23099
38.2,27155
38.57,15030
38.5,13098
38.65,75504
38.38,15543
38.11,9413
38.31,7396
38.48,7540
38.46,22006
38.52,6619
38.5,17949
38.37,97604
38.48,44337
39.45,46312
39.67,15137
39.68,16112
39.67,8792
39.15,18908
39.11,11516
39.08,24215
39.34,12134
39.38,27487
39.79,15653
39.71,20450
39.84,60826
40.08,31551
39.31,48831
39.43,15546
39.45,19474
39.19,13374
39.32,22337
39.56,13693
39.44,18993
39.43,14836
39.54,22072
39.72,22121
39.58,18013
39.68,78817
38.86,124295
38.18,37928
38.4,63295
38.49,37198
38.5,24676
38.51,12681
38.51,18142
38.55,34511
38.3,23062
38.31,18073
38.32,18630
38.3,23709
38.18,118251
38.44,41794
38.47,36859
38.62,18050
38.7,25735
38.81,15717
38.83,9635
38.79,10929
38.52,9168
38.55,7966
38.4,9062
38.54,7209
38.62,13890
38.61,66362
38.65,32927
38.39,20016
38.11,19708
38.06,34657
38.28,16109
38.41,17960
38.28,15734
38.4,29218
38.37,21329
38.18,14640
38.02,18904
38.27,41789
38.09,98796
39.25,143423
39.84,69071
40.23,51653
39.95,35052
40.14,43894
40.48,42497
40.64,33864
40.64,50434
40.7,42363
40.33,27944
40.58,30491
40.57,33377
40.82,123328
41.12,32846
40.94,31235
40.61,18073
40.79,30460
40.98,25460
41.11,21664
41.13,12808
41.15,13192
41.34,10293
41.4,5981
41.35,8345
41.32,14035
41.26,78585
43.17,182679
43.33,83126
43.47,101329
43.45,41706
42.96,28167
42.88,17801
42.81,18220
43.05,24275
43.02,12525
43.01,19668
42.97,34529
43.03,30753
43.11,107686
43,48776
42.92,36548
43.1,32539
42.8,26894
43.04,30673
43.18,35430
43.32,21358
43.32,22061
43.45,23713
43.36,29580
43.57,41170
43.57,27964
43.56,225754
42.96,47160
42.94,28130
42.87,24397
42.85,28693
43,15298
42.97,13207
42.97,12368
42.86,17246
42.85,12281
42.77,15969
42.75,17373
42.88,30605
42.9,86458
42.09,60212
41.69,40478
41.55,16845
41.68,14524
41.86,11088
41.93,14802
41.98,17093
41.97,18516
42.01,24393
42.02,28046
42.13,25700
42.23,38612
42.31,102403
42.78,31407
42.05,18896
41.91,19842
41.9,7952
41.82,9708
41.96,14528
42.08,6595
42.12,15800
42.19,8476
42.2,12074
42.15,8929
42.19,16533
42.18,57973
41.63,36709
41.15,29651
41.37,15361
41.36,13002
41.45,11523
41.57,7290
41.44,9603
41.39,16239
41.49,17191
41.28,16232
41.3,12605
41.27,25370
41.32,68058
41.43,10698
41.25,14798
41.24,7778
41.19,7716
41.25,9798
41.17,11352
41.17,5317
41.24,12298
41.14,6974
41.06,16563
40.86,7660
40.9,20868
40.87,51551
41.05,23795
40.86,30211
40.82,22981
40.67,24104
40.81,17132
40.7,24146
40.74,11735
40.86,13743
40.52,16672
40.61,15961
40.53,8130
40.45,22637
40.4,80849
39.96,46273
39.5,16834
39.56,22507
39.56,16240
39.59,18487
39.85,23355
39.95,9171
39.87,9144
40.06,9766
40.15,9006
40.24,12719
40.23,19107
40.4,85405
39.72,30917
40.07,24181
40.12,16719
39.96,17478
40.09,9102
40.08,9508
40.01,6827
40.1,6655
40.23,10027
40.26,8491
40.39,7364
40.43,14393
40.4,43407
40.66,22415
40.24,31003
40.47,18802
40.44,14306
40.53,15312
40.57,10413
40.65,9956
40.65,10193
40.6,5771
40.7,7037
40.64,7301
40.7,12669
40.68,39550
40.94,23149
40.69,10218
40.64,7455
40.58,10297
40.4,8788
40.56,16730
40.62,11867
40.69,7787
40.69,6442
40.63,8928
40.44,12253
40.4,15557
40.31,51886
40.51,30149
40.43,11234
40.3,11640
40.39,14217
40.36,10819
40.1,6136
40.22,9380
40.36,12850
40.42,8536
40.41,9737
40.45,11241
40.52,14764
40.46,50640
40.14,17478
40.1,14582
40.23,19425
40.16,15378
40.09,16801
39.86,9151
39.7,16634
39.78,18078
39.94,12216
39.82,16237
39.93,11227
39.97,19569
40.03,95647
40.9,38471
40.25,7717
40.44,17610
40.64,9543
40.42,10031
40.64,10119
40.72,8182
40.75,9583
40.68,8235
40.59,13440
40.48,7539
40.53,16161
40.55,62152
40.58,41691
40.82,25778
41.32,24953
41.6,66137
41.94,38599
42.02,17623
42.01,13555
42,9904
41.9,14532
41.81,21131
41.88,19130
41.89,20165
41.81,81839
41.76,46643
42.06,32368
42.16,31694
41.68,90535
41.08,53892
40.98,43922
40.94,28279
40.99,18101
40.96,21893
41,16034
41.1,30128
41.08,32086
41.12,88678
41.37,46993
41.16,22819
40.93,14689
41.14,14337
41.32,16910
41.32,21430
41.29,18590
41.09,12166
41.2,23311
41.31,20402
41.09,15875
41.13,23712
40.91,73170
41.24,19201
41.62,14788
41.72,25536
41.68,35892
41.7,25697
41.91,25928
41.83,35553
41.73,15537
41.62,12864
41.63,22996
41.68,23324
41.75,26158
41.7,63038
41.96,26325
42.15,24452
42.39,17009
42.38,19896
42.25,10892
42.33,10606
42.39,11084
42.52,19773
42.59,15693
42.59,20081
42.58,15501
42.67,19633
42.61,69947
42.76,28761
42.99,28343
43.31,30765
43.43,18118
43.68,38884
43.56,9157
43.55,14130
43.48,18220
43.53,19916
43.42,11451
43.24,13773
43.25,16259
43.14,76071
43.67,16465
43.34,11850
43.33,12746
43.22,12265
43.31,7004
43.32,6017
43.25,5077
43.32,6630
43.39,9422
43.53,30202
44.1,45013
43.99,27599
44.08,81161
43.67,30775
43.81,21488
43.88,13377
43.81,24113
43.84,55458
43.93,19874
43.93,21830
43.88,26388
43.94,17855
43.92,19890
43.8,21423
43.81,28264
43.89,123636
45.83,182873
44.92,77878
45.52,103892
45.18,26408
45.42,27700
45.45,23669
45.21,22253
45.39,21464
45.35,17971
45.49,38593
45.47,36156
45.66,70959
45.66,120063
45.32,77908
44.89,75216
44.74,59058
44.65,65666
44.38,49452
44.44,27489
44.57,18416
44.64,34479
44.81,16277
44.71,31665
44.77,40253
44.64,51861
44.58,122549
45.23,52036
45.58,28042
45.48,13606
45.28,13965
45.26,14410
45.29,18748
45.31,17041
45.32,17554
45.66,55564
45.67,17032
45.76,20851
45.83,25037
45.45,93940
45.53,89113
46.02,45272
45.09,27864
44.82,31853
44.74,31066
44.74,42076
44.72,24130
44.72,24939
44.86,20390
44.73,19666
44.85,27782
44.56,47043
44.59,103840
44.86,47025
44.92,31143
45.02,24486
44.87,24145
44.76,18171
44.9,16749
44.89,18034
44.91,26086
44.87,15988
44.91,14809
44.98,26887
44.81,29750
44.93,144503
46.08,124297
45.38,42873
44.91,26830
44.62,33753
44.59,29578
44.98,34302
45.02,61736
44.19,34912
43.89,62135
43.35,74177
42.97,46514
43.23,45058
43.27,134369
41.94,93757
42.42,36161
42.5,28430
42.63,34152
42.31,22251
42,35791
42.15,47240
42.02,28414
41.94,27631
41.82,34234
41.6,34403
41.61,58465
41.82,136412
41.76,34876
41.82,17827
41.9,20167
41.8,15492
41.76,20718
42,16505
42.15,7469
41.9,12297
41.95,17633
41.73,17523
41.76,16503
41.87,23906
41.95,66335
41.91,35266
41.8,100841
42.01,19047
42.06,44478
42.19,17215
42.22,11764
42.33,15993
42.45,20693
42.3,6253
42.24,21469
42.29,25859
42.26,23526
42.35,110433
42.52,26983
42.33,28517
42.2,20373
42.25,17602
42.16,26798
41.97,22030
42.03,10889
42.03,12964
42.05,15671
41.91,30201
41.87,24771
41.75,18562
41.81,111182
41.68,36488
41.38,41169
41.58,18150
41.63,21047
41.67,15111
41.56,14750
41.51,8985
41.53,13830
41.43,19060
41.35,20528
41.31,31294
41.44,32166
41.44,126818
41.4,37372
41.05,20847
41.32,20750
41.59,32198
41.94,13431
42.22,14117
42.49,12031
42.01,9927
42.3,9167
42.23,4780
42.24,5815
42.33,20574
42.45,55159
42.69,49442
42.28,35802
42.18,25045
42.35,14970
42.76,16931
42.76,9151
42.73,8831
42.76,16981
42.93,17176
42.98,25340
43.08,39419
43.12,42033
43.12,87693
43.06,42369
43.1,26772
43.1,27694
43.22,24950
43.08,17641
43.08,17019
43.11,55993
43.1,230
43.1,0
42.72,34223
43.05,31594
43.18,21835
43.07,23873
42.67,15056
42.6,14986
42.47,19352
42.34,12762
42.32,19506
42.3,31373
42.25,24321
42.43,21882
42.52,91424
42.72,51243
43.51,57270
44,128102
44.55,73367
44.41,37325
44.69,33487
44.9,49450
44.97,48642
45.01,38127
44.96,30330
45.01,24750
44.93,43962
44.89,173998
44.87,49841
44.72,26975
44.68,21404
44.6,20270
44.77,15970
44.86,19712
44.85,22019
44.76,15986
44.61,11133
44.64,10311
44.65,14154
44.74,25845
44.77,84000
44.51,36930
44.51,30993
45.17,25668
44.98,23102
45.04,21476
44.81,11849
45.02,12706
45,11050
45.05,12662
45.06,13200
45.05,18024
44.93,22133
44.9,93121
44.98,36001
44.95,37546
45.42,22319
45.44,22444
45.38,21870
45.54,18002
45.49,20036
45.38,16019
45.32,25701
45.52,17359
45.39,26955
45.62,22654
45.61,61013
45.02,29647
44.51,25672
44.32,41371
44.18,49519
44.15,22053
44.13,22776
44.24,25404
44.3,31522
44.31,23788
44.32,34017
44.44,36716
44.41,32775
44.36,96183
44.27,56576
43.81,47856
43.84,25949
43.41,49305
43.07,33198
43.08,26945
42.94,22061
42.94,16056
43.02,39038
42.57,36494
42.71,51898
42.33,73134
42.08,146378
42.16,42896
42.08,39908
41.8,51295
41.66,38267
41.51,38402
41.68,24240
41.86,16119
42.05,18962
42.04,13517
42.06,40333
42.04,29894
42.22,39608
42.03,87090
41.81,27924
42.22,28851
42.25,36085
42.68,25583
42.68,18040
42.8,26018
42.79,16230
42.84,24258
42.68,12999
42.75,22222
42.83,28152
42.74,35321
42.79,97665
43.35,84490
43.54,45670
43.51,19723
43.33,25345
43.09,22104
43.02,26126
42.68,13494
42.7,20810
42.83,34648
42.91,30379
42.87,20979
42.99,26141
43.09,74492
43.08,31486
42.99,11073
42.76,26553
42.65,18603
42.64,13151
42.58,9458
42.44,13982
42.49,8511
42.54,4208
42.47,5518
42.52,8257
42.41,18693
42.36,69320
42.44,36325
42.96,41921
42.76,18584
42.74,15484
42.76,10802
42.78,9999
42.88,5124
42.97,6242
43.05,14280
43.01,17278
42.81,18713
42.94,25554
42.92,58086
43.13,29946
43.11,22827
43.26,20162
43.35,20274
43.39,18837
43.54,17443
43.66,10451
43.53,7724
43.68,8855
43.64,9839
43.64,12178
43.7,25614
43.67,72389
43.55,38412
43.85,14174
43.97,13518
44.13,13470
43.95,9089
44.01,8206
43.94,31405
43.48,13876
43.6,11065
43.6,11585
43.69,12068
43.75,12057
43.86,44437
43.98,19056
43.77,15944
43.75,12269
43.94,12072
43.97,13381
44.06,8799
44.08,12329
44.12,16584
44.23,7189
44.25,8170
44.12,10842
44.13,14855
44.05,56213
44.4,25470
44.49,22749
44.46,9679
44.57,10669
44.72,25180
44.78,5794
44.77,7366
44.7,6894
44.58,7042
44.7,9599
44.75,8058
44.77,9278
44.71,47424
44.76,37926
44.39,20256
44.46,18377
44.26,24033
43.99,29189
44.1,24819
44.15,17691
43.96,20449
44.01,57104
44.55,49372
44.71,26848
44.81,17899
44.71,57398
44.51,18408
44.39,22799
44.13,18278
44.04,13736
44.02,25187
44.15,9240
44.21,15575
44.28,18470
44.24,11612
44.28,16694
44.1,21889
43.72,39885
43.46,82806
43.29,40690
43.76,37768
44.01,36971
43.68,20955
43.37,27346
43.47,10120
43.59,26853
43.64,26256
43.43,20301
43.46,25067
43.44,18282
43.54,30166
43.36,89609
42.85,29277
42.29,42223
42.13,53595
42.11,30099
42.3,33722
42.57,24818
42.61,17114
42.56,11034
42.61,22475
42.58,12960
42.53,15245
42.64,37449
42.67,121192
42.23,26841
42.22,46557
42.48,59213
42.52,17347
42.43,29981
42.23,17324
42.2,17338
42.13,25801
42.21,33504
42.01,12542
42.21,22264
42.22,21270
42.25,59514
42.33,14346
42.29,18935
41.83,14461
41.86,15728
42.18,17204
42.32,14185
42.38,31895
42.01,17233
41.89,32282
41.97,24858
42.12,13069
42.26,18095
42.35,51658
42.7,21805
42.99,30510
42.63,28979
42.8,36827
42.94,32156
42.49,20002
42.43,18726
42.54,22738
42.3,14518
42.14,53512
42.09,54450
41.92,28807
41.78,92462
43.17,126642
43.31,58460
43.21,42553
43.24,26522
43.24,35248
43.61,20839
43.92,16224
43.65,17724
43.47,15366
43.66,17426
43.6,12979
43.47,21720
43.32,94474
43.03,49629
43.89,42040
43.1,26175
43.04,38691
43.34,22915
43.19,16317
43.32,12784
43.41,19794
43.54,18468
43.63,15123
43.63,17843
43.48,19862
43.59,89048
43.38,59153
43.65,31548
43.2,41330
42.99,23551
43.17,14776
43.12,14863
43.13,17827
43.11,8795
43.14,12949
43.13,21324
43.08,10358
43.07,20253
43.21,70040
43.18,31065
43.47,48579
43.83,18411
43.76,16820
43.73,15225
43.69,8687
43.67,7723
43.68,7719
43.59,8481
43.55,7965
43.5,8533
43.45,21198
43.51,82155
43.27,41987
43.61,27403
43.74,20534
43.45,33670
43.73,14762
43.32,15388
43.47,14844
43.64,12826
43.63,13095
43.6,14823
43.71,8677
43.62,17174
43.91,63373
43.85,39095
43.36,23013
43.44,18250
43.56,15462
43.59,12773
43.63,7937
43.64,9506
43.62,8328
43.75,11683
43.86,12038
43.76,7036
43.81,11318
43.98,91139
43.97,33402
43.99,21685
43.93,24033
44.17,27305
44.04,13383
44.14,17110
44.28,16196
44.17,12617
44.22,19447
44.17,26738
43.92,10797
44.01,15309
43.97,54327
43.28,42195
43.24,31923
43.11,27133
43.46,28758
43.63,32063
43.81,17329
43.82,14066
43.74,13087
43.82,10843
43.71,18388
43.57,34454
43.5,32852
43.47,99517
43.41,32052
43.45,18281
43.7,26191
43.52,19150
43.51,26882
43.28,17459
43.33,17932
43.25,18082
43.23,18162
43.14,17772
43.07,19185
43.23,29359
43.29,102990
43.38,12872
43.4,27925
43.21,13639
43.03,16917
43.26,20003
43.41,18416
43.45,22118
43.46,17356
43.46,15396
43.61,10048
43.55,20198
43.63,21798
43.64,62003
43.37,34629
43.38,22794
43.4,19434
43.42,20531
43.57,14861
43.64,15066
43.76,16959
43.82,26254
43.89,15245
44.03,14568
44.08,17078
44.17,13847
43.91,65639
44.09,42660
44.81,76891
45.09,35453
45.06,35026
45.04,42623
45.19,28872
45.13,30453
45.13,26359
44.93,28942
45.02,31442
45.04,15392
45.18,26667
45.2,146149
44.94,26419
45.1,36053
45.14,22082
45.22,23358
45.29,20728
45.37,11852
45.43,15567
45.47,14656
45.53,12946
45.61,19324
45.45,32641
45.62,32919
45.61,109408
45.37,15131
45.4,12950
45.36,14330
45.15,18039
44.92,17177
44.9,12907
44.89,12442
44.93,10901
45.08,8482
45.01,16526
45.12,19401
45.08,34534
45.13,99280
45.17,45984
46.11,44442
45.91,20707
45.95,22717
45.84,21314
46.03,20969
46.09,16826
46.11,28649
46.24,31878
46.2,27982
46.17,35361
46.16,30433
46.29,144031
46.26,26544
46.2,39080
46.22,24983
46.29,20036
46.17,15199
46.38,15814
46.32,8178
46.29,16051
46.26,34715
46.62,28226
46.75,25562
46.63,23794
46.73,96283
46.8,18201
47.12,27578
46.85,16266
46.82,13845
46.78,10634
46.92,5352
46.89,7804
46.86,6108
46.94,12472
46.95,5311
46.81,9269
46.81,8017
46.79,48160
46.76,38194
46.94,22107
46.9,40434
46.78,25764
46.78,29520
47.09,36307
47.17,15249
47.21,26277
47.27,23012
47.29,21724
47.3,20184
47.21,25376
47.24,73217
46.8,53501
46.52,56718
45.69,35080
45.67,20192
45.77,19264
46,18593
45.84,11238
45.87,19368
45.89,22507
45.71,14720
45.84,28371
45.52,64955
45.45,80721
45.34,34772
45.27,33301
45.39,58246
45.55,28956
45.64,13001
45.76,17218
45.95,10750
45.97,13803
45.97,9131
45.96,22195
45.91,30010
45.97,44925
45.89,73631
45.37,95787
45.32,87680
45.15,31016
44.87,44598
44.59,31962
44.83,14993
44.83,10163
44.97,27951
44.83,22610
44.8,19818
44.85,22909
44.95,27378
44.95,124532
45.32,97515
44.27,45764
44.26,16734
44.49,24281
44.54,20056
44.43,8665
44.42,7128
44.43,16357
44.45,10154
44.31,15644
44.44,19165
44.53,38184
44.47,88077
45.01,27739
45.4,30047
45.18,19444
45.14,38594
45.17,20178
45.02,15972
45,6784
44.99,13679
44.92,13248
44.98,12056
45,13964
44.95,22415
44.78,72402
44.61,31728
45.52,19910
45.04,20015
44.76,40572
44.95,14371
45.28,20469
45.31,10419
45.37,17300
45.41,18136
45.47,21758
45.49,17239
45.64,37969
45.64,62809
45.21,20008
45.67,14628
45.64,20477
45.34,20720
45.58,9451
45.64,6912
45.6,10689
45.68,6832
45.61,14360
45.56,9441
45.47,14055
45.53,24499
45.47,56404
45.78,20246
45.61,21678
45.63,27969
45.59,23270
45.69,23208
45.72,20590
45.54,16248
45.42,13938
45.39,23214
45.31,11242
45.3,20674
45.25,21048
45.26,63087
45.22,22970
45.13,12357
45.36,12014
45.21,12868
44.99,15566
44.91,17909
45,11181
45.01,11979
45.04,11657
44.95,10164
45.04,18424
44.96,31987
45.02,100434
45.28,58309
45.88,33397
46,38039
46.12,57255
46.58,54695
46.99,49246
46.9,58245
46.81,43720
47.21,60456
47.22,41189
47.22,43817
47.26,60916
47.3,176267
46.76,84354
47.1,27906
46.87,42592
47.06,48723
46.79,35490
47.12,16705
47.05,16747
47.14,16999
47.14,25462
47.25,40379
47.26,61083
46.77,62001
46.85,149721
46.77,70879
46.89,49659
46.97,49533
46.8,58649
46.66,16421
46.86,16791
46.76,25873
46.69,26547
46.59,22125
46.55,30581
46.67,29725
46.88,53400
46.95,108852
46.73,23185
46.32,30980
46.06,27615
45.95,40703
45.65,32127
45.74,28021
45.61,24988
45.6,23785
45.64,14880
45.68,13644
45.69,27662
45.77,26796
45.87,86151
45.29,38803
45.27,31084
45.08,28481
45.4,26018
45.4,20176
45.37,22182
45.24,16222
45.26,21948
45.36,16656
45.35,12490
45.42,20741
45.48,43245
45.71,100546
45.65,66756
46.5,77095
46.58,44181
46.53,27848
46.45,27434
46.26,20580
46.3,23606
46.36,21355
46.18,20262
45.98,19866
45.91,19975
45.96,43940
45.99,90517
46.38,64003
46.76,34007
46.59,28734
46.66,25309
46.73,31614
46.77,29164
46.71,18159
46.58,36038
46.68,15317
46.56,22133
46.46,17845
46.26,22162
46.29,76776
46.31,20329
46.2,17723
46.32,22617
46.52,15610
46.52,17277
46.63,11329
46.5,7970
46.42,14037
46.47,8227
46.3,12937
46.47,14527
46.47,22620
46.35,87921
46.74,10334
47.5,37131
47.75,42794
47.58,28710
47.65,18223
47.78,17100
47.69,12659
47.67,16806
47.32,17049
47.2,13096
47.29,12867
47.18,13962
47.11,75146
47.75,153192
47.52,64632
47.67,88018
47.87,56283
47.91,56450
47.9,60028
47.86,47288
47.72,76950
47.65,62303
47.45,59244
47.61,70379
47.36,85345
47.38,261784
46.71,35985
46.47,30929
46.19,52176
46,25542
46.07,44768
46.36,18226
46.35,19507
46.16,11956
46.08,16628
46.12,22803
46.17,10075
46.3,25426
46.53,209687
46.84,45939
46.89,33917
46.78,27795
46.91,21945
47.15,23341
47.21,26896
47.36,24935
47.06,15417
47.04,15616
46.86,16168
46.88,37483
47.21,30573
47.28,66681
47.23,251409
45.33,258644
44.75,116497
44.41,136366
44.31,166736
44.31,131930
43.81,88143
43.59,78500
43.7,76633
43.54,48013
43.74,63930
43.88,89145
43.9,270875
44.49,140728
44.41,62335
44.62,50294
44.57,47557
44.39,28457
44.34,36891
44.31,20084
44.4,23019
44.44,28074
44.48,23036
44.37,26815
44.33,28352
44.41,94155
44.44,34242
44.87,45499
44.96,31920
44.72,39077
45.2,42224
45.31,29577
45.49,27949
45.38,24490
45.25,26742
45.22,26227
45.1,23776
45,37298
44.92,84532
44.75,31437
44.78,26349
44.41,27828
44.68,24464
44.7,25737
44.48,13378
44.55,17750
44.61,24807
44.49,23004
44.43,18740
44.59,16068
44.7,28307
44.73,76669
44.92,32537
44.22,27061
44.62,25384
44.71,35086
44.91,17809
44.66,16672
44.63,9449
44.71,13380
44.78,13944
44.6,22347
44.57,37982
44.51,35342
44.56,76572
44.76,29315
44.81,34860
44.53,51020
44.23,46107
44.39,28492
44.61,14959
44.54,25297
44.33,20936
44.26,17544
44.22,34413
44.04,14639
44.01,22609
43.99,73963
43.59,40284
43.2,15156
43.24,26090
42.99,74761
42.58,112031
42.45,36233
42.5,15482
42.34,15962
42.19,21153
42.36,28127
42.29,23684
42.12,40083
41.95,105066
42.33,42996
42.09,28532
41.88,34023
41.8,40459
41.94,26935
41.77,21890
41.83,14167
41.85,15116
41.87,19486
41.89,22200
42.02,27516
41.85,34186
41.96,102499
41.28,37057
41.39,46596
41.5,47904
41.66,27554
41.66,26793
41.88,22170
41.94,13337
41.95,9206
41.95,18287
42.07,17748
42.04,29665
42.01,36645
41.95,63234
42.09,18330
41.88,29463
41.87,23764
41.7,18742
41.68,17341
41.58,22674
41.44,9335
41.48,22315
41.3,13562
41.32,14297
41.34,17806
41.5,21045
41.49,86348
41.59,19480
41.27,17097
41.39,28671
41.34,42431
41.16,35464
41.14,39597
40.99,48852
40.92,45738
40.79,59591
40.51,44970
40.15,33702
40.25,40602
40.36,165872
40.47,23612
40.27,25062
40.21,22599
40.12,44625
40.21,75258
40.46,21952
40.36,12191
40.26,9605
40.25,16504
40.36,17491
40.4,16983
40.47,18094
40.38,105482
40.48,29919
40.78,36618
40.68,55166
40.66,35526
40.6,23379
40.54,17911
40.63,21021
40.54,24790
40.5,20463
40.62,18040
40.65,25949
40.58,44403
40.55,100124
40.62,22111
40.26,29673
40.45,24657
40.57,32771
40.5,19587
40.48,17852
40.58,33432
40.44,23296
40.52,13381
40.5,19994
40.46,38874
40.36,54363
40.41,120104
40.77,31402
40.91,45768
41.14,32696
40.87,37279
40.99,30867
40.98,25865
40.71,37044
40.75,15388
40.67,13380
40.6,11921
40.68,37271
40.68,47012
41.11,164550
42.66,120191
42.59,63810
42.64,66338
42.69,51351
42.52,42081
42.71,20357
42.52,19196
42.58,18548
42.52,23671
42.66,19063
42.67,28377
42.69,58166
42.59,116261
42.5,24476
42.6,22296
42.38,22266
42.17,17710
42.32,21448
42.31,17621
42.17,14878
42.2,14358
42.16,22289
42.17,16548
42.15,15831
42.21,30011
42.16,117035
42.45,21038
42.12,22453
42.12,19435
42.02,17481
42.04,20457
42.04,22314
41.95,15186
41.96,15537
41.85,18527
41.78,16401
41.77,8821
41.8,25232
41.82,59816
41.61,45145
40.88,43671
41.07,40584
40.86,50527
40.84,37805
40.7,29584
40.73,41163
40.83,26890
40.79,39008
40.71,44593
40.65,39932
40.59,59001
40.43,133155
40.37,43604
40.33,36081
40.42,21568
40.68,18129
40.54,17090
40.39,23558
40.5,30875
40.39,47055
40.42,26217
40.53,66728
40.29,80390
40.38,69482
40.17,174158
39.82,24024
39.79,27758
40.03,28716
40.08,33760
40.22,28523
40.32,29714
40.53,36496
40.69,30615
40.75,33679
40.73,26114
40.75,15233
40.63,41297
40.53,57925
40.34,29130
40.76,34229
40.49,28013
40.62,20160
40.69,26248
40.61,14929
40.63,14016
40.71,11514
40.75,12893
40.68,11211
40.77,17999
40.8,22109
40.87,120873
40.62,18732
40.38,18989
39.97,23333
40.28,23039
40.47,17527
40.45,13867
40.53,11158
40.53,17088
40.41,20276
40.42,18822
40.47,20295
40.5,35037
40.51,72875
39.83,25938
39.68,25273
39.66,17727
39.72,14189
39.66,16759
39.78,26561
39.74,24247
39.63,17113
39.73,23521
39.78,27010
39.71,31907
39.62,24253
39.66,61422
39.62,17955
39.71,33736
39.86,40998
39.84,18349
39.86,21189
39.89,17237
39.89,8645
39.78,13028
39.87,20038
39.71,20797
39.57,50867
39.45,27954
39.5,77119
39.57,27506
40.19,58128
40.12,41408
39.84,46303
40.08,33947
39.65,32587
39.53,20782
39.6,18382
39.83,22946
39.73,26250
39.74,24304
39.75,29910
39.86,96009
40,45171
40.72,36685
40.61,28738
40.36,26743
40.21,21693
40.2,18309
40.34,18069
40.28,15808
40.26,17991
40.37,25463
40.47,33635
40.72,31122
40.63,135240
41.25,53851
40.46,34100
40.52,48123
40.62,41040
40.65,27353
40.73,32692
40.91,22297
40.98,23585
41.01,26970
40.95,36225
41.08,36676
41.2,43092
41.22,153784
41.98,141107
42.6,55803
42.38,50847
42.45,34330
42.51,32644
42.61,27970
42.41,26403
42.16,48322
42.17,95468
41.63,65487
41.66,26010
41.81,44687
41.52,131973
40.94,31402
41.22,27756
41.66,57163
41.39,32615
41.41,39219
41.5,50124
41.55,25841
41.67,25464
41.44,25803
41.54,28021
41.47,17827
41.44,22641
41.54,144892
41.82,28666
41.54,25474
41.74,19460
41.8,21719
41.78,31664
41.69,26326
41.64,25894
41.66,35320
41.56,31322
41.41,22022
41.4,28633
41.31,41453
41.33,120755
41.69,18091
41.73,26106
41.87,31583
42.26,28816
42.37,50364
42.59,44430
42.39,19753
42.39,24738
42.43,26090
42.42,19622
42.29,14746
42.38,26033
42.32,86587
42.12,52565
42,55527
41.86,48182
42.04,41116
42.14,32579
42.13,34579
42.19,24531
42.01,21335
41.96,27700
41.79,35017
41.58,52292
41.26,50123
41.29,120146
40.91,20544
40.97,45197
41.14,24743
41.07,40445
41.21,37174
41.42,68648
41.35,43952
42,44903
42.04,34931
42.03,24212
41.9,30025
42.01,49505
42.13,117352
40.78,41538
40.85,31183
40.96,30691
41.04,27508
41.02,26348
41,27373
41.09,26001
41.1,29004
41.2,26768
41.19,36634
41.01,47681
41.07,40885
41.13,99887
41.22,34238
41.66,35394
41.93,33209
41.97,63617
41.69,51208
41.37,57213
41.11,37615
41.02,32678
41.25,43920
40.93,45634
41.07,41215
41.12,38370
41.09,119598
40.61,27535
40.23,45406
40.34,40840
40.41,30271
40.72,38518
40.98,43080
41.02,35168
40.99,34753
40.74,34991
40.89,39859
40.91,32950
40.83,43150
40.75,147402
40.77,26425
40.43,27841
40.71,23345
40.89,36614
40.85,35006
40.94,19192
40.95,20088
41.06,14595
41.03,14972
41.11,22835
40.97,26785
40.96,29729
41.05,68752
40.74,33619
40.83,31331
40.62,40102
40.82,19623
40.88,26113
40.96,24449
40.93,22913
40.98,23686
41,17254
41.04,27309
41.06,32075
41.05,25276
41.06,65051
40.95,17772
41.07,25406
41.26,47002
41.3,31291
41.42,19420
41.51,20495
41.44,23218
41.36,38264
41.21,25799
41.11,11956
41.29,38402
41.24,65165
41.23,61940
41.01,25174
41.56,27164
41.6,27214
41.76,26280
41.8,28589
41.79,33822
41.78,87403
41.78,0
41.78,0
41.38,29784
42.25,45175
42.06,33017
42.2,33559
42.08,20861
42,18038
42.05,16670
42.05,25917
42.08,23898
42.2,23002
42.07,26750
42.06,27123
42.03,90932
41.74,23009
41.01,33637
41.23,31472
41.49,81224
41.59,24628
41.39,18774
41.4,18599
41.37,17645
41.51,12396
41.53,16032
41.46,16779
41.5,31695
41.49,61439
41.85,24444
42.01,31623
41.88,20977
42.11,42876
42.32,31955
42.23,18508
42.41,17355
42.27,13177
42.3,14402
42.28,26133
42.24,19329
42.22,18092
42.1,92706
42.08,22231
42.11,26561
42.08,32190
42.07,24668
42.2,17061
42.24,10862
42.2,13101
42.17,8111
42.25,7840
42.2,13091
42.09,14223
42.09,15529
42.17,60347
42.07,28703
42.34,27604
42.41,33164
42.67,24571
42.6,31475
42.39,25462
42.48,20301
42.39,17311
42.43,18692
42.34,19741
42.33,15370
42.4,32026
42.34,111727
41.34,90385
41.41,30502
41.33,33440
41.24,33613
41.41,15847
41.36,27514
41.11,24097
40.99,27393
40.83,26025
40.83,16471
40.92,21949
40.97,22829
40.93,119782
40.72,43841
41.05,32699
40.97,24195
41.01,26693
41.06,26895
41.2,27481
41.29,27530
41.28,27555
41.2,25457
41.2,10868
41.17,11824
41.26,23744
41.26,83554
41.17,32056
41.01,24132
41.13,24047
41.3,26659
41.25,22208
41.18,17690
41.29,25041
41.2,37085
41.13,46132
41.11,64647
41.29,97247
41.42,86112
41.4,169763
40.85,35080
41.21,29249
41.38,20750
41.36,21441
41.17,22661
41.27,21064
41.33,16841
41.17,25409
41.06,15908
41.01,15143
40.84,34582
40.77,20040
40.77,88237
41.27,23950
41.02,33661
40.83,30713
40.84,35765
40.84,27487
40.93,36221
40.87,28804
40.93,22901
40.87,20094
40.78,22289
40.76,17131
40.78,34784
40.92,115142
40.84,27830
40.18,31149
40.07,27795
39.97,18874
39.92,27493
39.76,28347
39.68,21954
39.74,23088
39.66,27327
39.63,23122
39.78,16490
39.84,28171
39.87,111427
39.6,57721
38.95,45733
38.71,49137
38.74,47281
38.78,41943
38.88,30026
38.82,21100
38.73,24085
38.78,27466
38.9,32663
38.84,36900
38.78,54235
38.83,105429
39.15,83118
39.44,26336
39.46,42976
39.61,70725
39.75,55910
39.88,35418
39.92,32021
39.96,49664
39.85,76738
39.99,45622
40.12,35936
40.29,96715
40.58,203205
40.28,30853
40.05,22074
39.8,26527
39.75,23764
39.81,22008
39.68,26043
39.45,11852
39.5,12170
39.5,11924
39.48,16898
39.45,20501
39.4,20624
39.52,100042
39.6,20932
39.87,25637
39.85,50348
39.72,46710
39.7,47895
39.68,31642
39.64,29214
39.55,27529
39.54,41210
39.49,21708
39.51,28670
39.46,33214
39.5,105788
39.72,28944
40.02,29400
40.1,19856
39.96,22549
39.97,21120
39.95,8059
39.88,11395
39.94,9558
39.93,14639
39.9,12773
39.93,16423
39.96,25808
40.1,69473
40.14,45160
39.86,21952
39.76,21107
39.66,18043
39.63,14834
39.57,15048
39.57,12562
39.7,12078
39.88,7704
39.89,10308
39.94,13589
39.99,18531
39.94,75157
39.92,22890
39.92,23857
39.97,20883
39.94,37069
39.89,16066
39.87,17078
39.93,51178
39.93,0
39.72,35450
39.76,13631
39.68,13992
39.56,15828
39.48,20217
39.48,31817
39.36,13181
39.38,23779
39.32,12886
39.33,11269
39.27,10385
39.37,20788
39.52,69110
39.9,43773
39.97,33511
40.05,26349
40.11,26177
40.11,32381
40.16,16682
40.13,19165
40.06,15990
40.06,16798
40.05,25915
40.14,14112
40.12,41589
40.22,60349
40.31,37050
40.79,44853
40.97,20239
41,23569
41.14,30306
41.21,16977
41.15,16771
41.21,13176
41.15,14400
41.22,23727
41.3,15142
41.24,20923
41.36,87587
41.28,27858
41.18,18736
40.94,14372
40.9,8909
40.9,10264
40.85,10620
40.87,6849
40.89,9184
40.86,10951
40.97,14074
40.97,13068
40.94,11702
40.94,45239
41.01,22439
40.96,38264
41.5,26358
41.68,31458
41.65,33927
41.68,27778
41.95,23905
42.1,14854
42.17,21208
42.29,18453
42.41,19404
42.5,17188
42.38,92716
42.84,192105
40.71,124809
40.44,75574
40.37,52581
40.61,40020
40.96,23323
40.98,21928
41.1,20164
41.14,23398
41.26,13785
41.48,16358
41.26,23068
41.22,129386
41.2,59095
41.64,96003
41.75,31069
41.76,34985
41.84,32189
41.57,29103
41.43,28913
41.38,13630
41.2,32653
41.21,20463
41.62,20593
41.57,26030
41.47,100735
41.33,67826
40.98,41946
40.84,46955
40.83,31280
41.05,16961
40.84,22120
40.64,23534
40.59,19858
40.57,31892
40.93,26861
40.97,29911
41.14,35680
40.96,192565
40.95,24611
41.12,31535
41.13,41486
41.51,22632
41.53,23751
41.55,18312
41.74,27638
42.07,42503
42.48,51631
42.92,101329
43.27,57559
43.36,72962
43.16,109875
43.29,57646
43.55,53212
43.17,50774
42.91,34206
42.86,46406
42.98,31720
42.86,25667
42.63,24517
42.54,19988
42.59,21243
42.6,28319
42.64,21701
42.6,90528
42.85,65966
42.36,35610
42.21,35802
42.41,20345
42.49,18632
42.44,10577
42.5,9808
42.52,7877
42.42,5965
42.46,13034
42.27,21193
42.36,18988
42.45,48027
43.16,97450
43.31,33590
43.32,59503
43.58,46424
43.16,29406
42.98,26947
43.32,20562
43.37,17966
43.62,30495
43.82,42519
43.44,32843
43.32,36394
43.22,113232
43.25,46485
44.28,39066
44.29,45272
44.2,30548
44.47,32847
44.43,21360
44.48,23165
44.35,24532
44.41,21355
44.44,34042
44.64,33076
44.89,107090
44.2,170817
43.29,57559
43.2,78537
43.24,50153
43.49,40200
43.68,25230
43.66,35766
43.35,50415
43.03,40530
43.05,28971
42.95,37194
42.86,35887
42.91,45901
42.93,99368
42.92,31038
42.78,48500
42.8,29075
42.54,23840
42.68,25621
42.57,12241
42.74,37149
42.61,16876
42.63,38697
42.55,23608
42.5,20182
42.62,28088
42.62,103107
42.53,45080
42.37,29982
42.64,20418
42.5,19148
42.53,17607
42.47,15995
42.4,16276
42.28,11003
42.36,11828
42.08,19499
42.12,18710
41.96,21187
41.89,71242
42.61,52244
43.44,39767
43.35,36118
43.26,27098
43.31,23441
43.18,19165
43.18,17594
43.23,20737
43.32,20542
43.35,21683
43.46,53175
43.27,32661
43.18,109885
43.06,30077
42.48,28920
42.33,26670
42.26,24876
42.4,20620
42.4,20832
42.67,23873
42.6,17173
42.62,22666
42.79,21231
42.89,17171
42.88,31666
42.91,61653
43.63,54274
44.25,38643
43.93,45663
43.62,31998
43.95,30745
43.99,28487
43.95,16783
43.91,16349
43.95,23320
44.01,31648
43.98,27385
44.08,57983
44.13,158100
44.43,33855
43.68,26157
43.66,17077
43.49,24108
43.51,19640
43.68,11459
43.73,24979
43.76,12038
43.7,12529
43.76,18218
43.72,15744
43.68,22485
43.82,91827
43.95,28072
44.1,34567
43.82,24357
43.76,23338
43.83,23164
43.9,12688
44.04,15626
44.08,19655
44.17,6014
44.07,16783
44.22,20450
44.19,21085
44.27,72758
44.84,37517
44.87,31710
44.68,43906
44.75,29119
44.68,31370
44.62,19390
44.75,33627
44.3,22627
44.59,29579
44.47,20048
44.37,65775
44.5,50236
44.55,109444
45.98,121514
46.38,112347
45.69,66607
45.54,67108
45.8,62089
45.56,41174
45.55,24635
45.44,35395
45.79,30476
45.55,25244
45.89,53241
45.16,40819
45.44,112876
45.02,25722
44.7,23526
44.55,29926
45.06,20738
45.17,18103
45.05,36553
44.24,50004
44.36,35831
44.38,30441
44.49,25302
44.73,47835
44.78,34004
45.02,123450
43.67,53669
43.65,39703
43.83,28309
44.13,32793
44.17,42110
43.99,45873
43.94,47433
43.86,55654
43.95,33591
43.86,37343
44.14,59115
43.79,68187
43.74,120917
43.69,41157
44.06,27988
44.26,24174
44.33,18939
44.14,20836
44.23,37962
44.29,21886
44.29,28405
44.13,21892
44.02,31957
44.1,41249
44.3,57484
45,99077
45.18,64412
45.73,138433
45.62,84165
46.01,46232
45.85,50599
45.78,75500
45.95,99755
46.29,77964
46.07,68786
46.06,71854
46.43,105797
46.17,68988
46.38,136971
45.56,54777
45.3,41116
44.9,59471
44.71,37651
44.72,30878
44.99,19248
45.19,21945
45.28,22488
45.22,23276
45.06,22621
45.27,29900
45.4,26915
45.28,89797
44.71,19510
45.76,28258
46,33144
45.96,19894
45.74,18403
45.85,19526
45.92,15108
45.82,18180
45.87,13209
45.85,13372
45.83,15885
45.84,27423
45.82,106316
46.09,20378
46.06,18279
46.12,13899
46.07,13880
46.26,14734
46.32,11235
46.46,18748
46.57,14124
46.49,12468
46.45,15143
46.43,11397
46.47,18457
46.47,55890
46.48,43551
46.06,29358
46.02,23749
46.14,20604
46.04,27314
45.99,10323
46,11987
46.05,14015
46.14,27387
46.17,17935
46.22,16771
46.34,24615
46.23,92257
46.74,35817
47,26331
46.73,19822
46.97,33242
47.23,23798
47.36,20974
47.3,23088
47.33,23620
47.35,36861
47.1,49875
47.02,46018
47.05,39065
46.92,89655
46.78,32498
46.49,33799
46.32,29512
46.34,30752
45.81,39305
45.34,51587
45.05,34700
44.77,35795
44.75,35948
45.06,29103
45.17,32362
45.28,39665
45.25,111438
45.15,23702
45.58,17198
45.75,21313
45.78,21650
46.26,29526
46.08,16965
45.88,22516
45.95,25569
45.89,21812
45.94,19426
46.03,26717
45.98,36682
45.92,97333
46.22,30234
44.99,34460
44.97,29750
45.07,31171
45.3,23253
45.41,14999
45.2,15104
45.26,10995
45.26,20026
45.31,19442
45.36,20523
45.51,28992
45.62,102054
46.58,45136
46.3,58441
46.31,39168
46.61,40839
46.59,49784
46.67,32652
46.68,37749
46.96,38377
46.88,37517
46.94,31175
46.91,35846
47.02,45362
46.88,152696
49.58,225048
50.61,126040
50.09,95472
50.98,71233
50.77,62893
50.72,39835
51.03,29637
51.01,51533
50.92,73534
51.44,46368
51.13,51044
51.34,83042
51.63,198408
51.3,71093
51.53,44717
51.45,36237
50.56,50245
50.46,60238
50.46,47080
50.57,41528
50.84,36319
51.05,39265
50.95,32907
50.88,24606
50.99,31234
51.21,96130
52.01,55437
52.71,61459
52.63,37854
52.53,29748
52.45,31895
52.37,18161
52.01,27834
52.08,29792
52.07,15703
51.89,58324
51.93,43784
51.99,40809
52,100204
52.09,52635
51.27,41102
51.4,34613
51.2,27534
51.18,20271
51.38,19653
51.52,17313
51.38,14077
51.55,18179
51.57,16631
51.63,16679
51.76,27062
51.91,64693
51.82,40172
50.65,34346
50.72,36050
50.64,17655
50.55,14666
50.75,10875
50.54,32161
50.46,38143
50.61,56060
50.62,32854
50.56,41890
50.48,49352
50.48,109026
49.88,49897
50.08,50993
50.89,38965
51.28,38191
51.68,35316
51.3,34849
50.98,21498
51.26,25304
51.32,36737
50.93,31371
50.92,30313
51.07,25164
51.08,86377
52.39,57907
51.99,31482
51.86,32218
51.82,20652
51.99,23046
52.19,16709
52.35,21975
52.47,18053
52.34,20310
52.58,25526
52.52,29270
52.51,46796
52.73,159761
55.91,149092
54,110345
53.86,118144
54.05,119494
54.19,102760
53.85,63907
53.49,38599
53.3,39594
53.55,37994
53.43,55886
53.64,36610
53.51,84492
53.6,130735
54.74,78760
53.1,54596
53.82,71973
54.31,114730
54.72,108219
54.34,28101
54.31,36976
54.1,29882
54.16,48294
53.68,56624
53.81,61591
53.1,55818
53.3,96717
52.13,47423
52.45,39903
53.14,40177
53.31,41404
53.08,32213
53.18,29967
52.96,23690
53.17,24184
53.14,30475
52.9,28616
53.11,20024
52.98,21508
53.11,83711
53.71,43337
54.07,34233
54.1,35050
53.88,27543
53.71,37978
53.72,24477
53.76,19646
53.36,18728
53.55,44669
53.39,34882
53.39,27611
53.33,41003
52.97,95257
53.96,129962
53.43,71933
53.71,146454
53.38,80632
53.52,47142
53.55,24906
53.94,32585
53.85,23659
53.91,21451
53.91,30354
54.16,27967
54.17,30816
53.95,98441
54.14,103224
54.77,105755
55.33,61525
55.77,75412
55.24,52268
54.85,48260
54.82,27149
55.06,23712
54.74,25653
54.86,33511
55.03,51973
55.28,96293
55.08,256754
53.24,98449
53.13,54792
53.92,51652
53.76,54833
53.31,50837
53.19,59464
53.14,42671
53.07,75447
52.39,77194
52.515,62722
52.7,40133
52.97,59120
53.16,163770
53.6,68014
54.39,87244
54.35,54287
54.39,56222
54.25,31028
54.27,81473
54.73,41056
54.79,29691
54.785,42394
54.95,29890
55,25547
55.29,60105
55.275,137416
56.82,129881
57.565,121581
58.025,199433
58.04,132594
58.85,105451
58.68,86927
58.81,60281
58.61,72012
58.9,74739
58.82,78038
58.84,138925
58.72,93433
58.54,154991
57.65,92492
57.71,60555
57.51,38383
57.135,27138
57.4,31678
57.52,27949
57.795,28481
57.92,41725
58.005,38151
57.88,34199
58.015,13582
58.14,22402
57.92,86579
57.41,72392
57.32,113504
57.68,60624
57.8,46013
57.69,36713
57.36,25925
57.465,31530
57.33,40915
57.355,33577
57.53,26653
57.53,25956
57.34,35720
57.405,115988
57.53,63827
58.06,35828
58.08,46640
57.845,37416
57.8,29426
57.865,36509
57.485,54873
58.17,40658
58.035,37983
57.86,41914
57.915,12045
57.62,20930
57.51,73376
58.185,55705
58.35,39380
58.26,57944
58.4,41111
58.1,29534
58.295,24266
58.375,21805
58.485,15257
58.41,36860
58.35,26013
58.435,28702
58.545,59556
58.545,114812
59,138668
59.66,114174
60.345,69832
60.39,48223
59.665,73922
60.13,55088
60.055,47862
59.69,36646
59.725,54829
59.655,36628
59.565,56263
60.125,78134
59.535,163621
59.74,87819
60.66,75760
60.53,45212
60.88,33066
61.16,60124
61.27,39356
61.12,27105
61.12,22474
61.06,30163
60.95,29861
60.84,46698
60.97,44381
60.975,173138
58.33,158533
60.07,66359
60.315,62761
60.17,101005
59.23,90311
59.56,47781
59.865,38664
60.115,35464
60.31,41112
60.495,39607
60.54,46877
60.5,61948
60.17,106171
60.6,81734
61.405,49254
61.86,44741
61.45,37710
61.31,49999
61.685,28296
61.72,28083
61.66,31839
61.64,37028
61.5,21853
61.39,21731
61.19,34448
61.075,80879
60.26,56753
61.36,41189
61.27,38822
61.37,24362
61.64,21584
61.58,19093
61.38,20647
61.665,17111
61.53,20661
61.68,22538
61.76,20418
61.83,46578
62.06,96846
62.3,57293
62.535,57568
62.72,55951
62.735,32788
63.16,50045
63.39,34540
63.65,27529
63.625,35814
63.76,23887
63.66,32504
63.48,223450
64.185,107480
64.09,180496
64.44,70196
64.94,66034
65.49,41784
65.635,56414
65.595,29461
65.5,25731
65.735,27933
65.9,55565
65.425,40664
65.32,24895
65.36,35712
65.33,51456
65.285,131350
65.8,53906
66.46,93566
66.41,77488
66.81,107029
66.715,79575
66.86,94904
66.76,53594
66.62,81375
66.32,45283
66.47,64116
66.125,83266
65.96,101989
66.03,118370
65.9,70834
66.445,87255
66.81,68429
67.28,54409
67.02,34575
67.2,25226
67.33,126122
65.535,370308
63.78,128974
63.94,70338
63.83,84142
64.38,101457
64.84,132391
64.58,135748
62.5,136109
62.26,89760
62.03,80319
62.2,109751
61.995,78670
61.98,52409
61.84,55642
61.43,49116
61.62,70963
62.12,38088
62.21,42177
62.32,107338
64.27,165935
64.84,85586
63.61,103572
63.12,52227
63.135,31860
62.79,29163
63.06,29350
62.91,28924
62.83,44960
62.75,40504
62.72,22354
62.895,37023
62.78,130437
63.19,63734
62.63,52472
62.45,36286
62.56,27067
62.7,20142
62.61,20872
62.79,24667
63.17,35008
63.07,35937
63.08,35829
63.06,18849
63.08,18144
63,92590
63.56,69639
63.87,63970
63.5,28222
63.81,20703
63.27,40704
62.895,22405
62.69,24229
62.57,22475
62.875,25238
62.795,30730
62.935,14784
63.12,22380
63.295,104470
57.24,173506
57.9,161746
58.085,56167
58.74,60409
58.8,39397
58.985,51755
58.835,32115
58.875,40647
59.075,31556
59.11,44537
59.17,33211
59.615,125227
59.93,226246
60.09,72946
60.58,45074
60.38,83945
60.48,85513
60.23,104231
59.13,81651
58.8,49101
58.835,27345
58.6,38204
58.42,25978
58.735,22176
58.765,24448
58.845,133803
57.895,35930
58.34,30800
57.89,28301
57.955,30796
58.13,32880
58.38,22250
58.29,16902
58.175,18658
58.185,24439
58.105,29506
58.025,31225
58.075,46219
57.895,144819
58.61,79813
58.32,33099
58.45,25125
58.36,18443
58.6,14880
58.82,31653
58.5,35071
58.15,16089
58.065,9499
58,21285
57.745,20274
57.68,33663
57.585,110652
56.935,104858
56.26,73987
55.625,113294
55.33,93258
55.51,31546
55.4,28328
55.38,28660
55.215,25530
55.31,44961
55.25,39911
55.14,35493
55.47,43918
55.525,103587
55.46,62546
55.61,68975
55.79,59558
56.135,46247
56.075,26277
55.93,42219
55.94,29511
56.11,38374
56.215,38752
56.375,49031
56.155,41101
56.135,49904
55.91,169942
55.76,57043
56.91,29560
56.52,47430
56.68,39800
56.515,30018
56.7,16825
56.64,20417
56.91,36921
56.94,14765
56.91,20144
56.795,18076
56.625,22233
56.84,102032
53.815,267134
53.03,114832
52.875,154035
52.38,98332
52.615,75243
52.325,56923
52.735,32817
53.13,65721
53.63,50901
53.28,57481
53.665,34325
53.825,30325
53.885,165551
54.06,56536
54.64,33386
54.535,51119
54.715,58417
54.45,19264
54.5,15056
54.685,46944
54.685,32825
54.8,24284
54.83,32375
54.785,19528
54.71,32568
54.47,97784
54.715,32757
54.65,36096
54.905,25588
55.21,43387
55.44,27533
55.415,15968
55.6,17811
55.74,85865
56.175,78703
55.955,10240
56.13,30351
56.17,50486
56.19,97448
56.7,50006
56.54,30430
56.255,41564
56.38,19403
56.435,17602
56.78,13557
56.55,12823
56.65,14588
56.78,9804
56.72,5013
56.83,9989
56.94,13125
57.05,76149
57.51,36070
57.48,31407
57.065,26775
57.04,25956
57.045,26251
57.245,12100
57.265,9403
57.175,23287
57.685,26876
57.51,15524
57.83,17930
57.765,14708
57.72,66817
57.595,59206
57.31,27972
57.34,22042
57.245,31013
57.03,40756
56.71,17777
56.63,12346
56.595,12787
56.63,12705
56.61,12459
56.825,16193
57.01,18040
57.025,66462
57.355,67495
57.56,48273
57.42,31176
57.22,30390
57.365,12846
57.03,14522
57.115,9627
57.12,18351
57.22,9628
57.19,18338
57.41,11897
57.535,15387
57.415,58526
58.45,62823
58.205,64101
58.12,51726
58.29,41038
58.625,36222
58.685,64769
58.88,35276
58.9,40275
58.725,34926
58.415,22588
58.565,30962
58.5,52181
58.57,114651
59.24,65455
59.32,28824
59.11,28719
59.2,81243
59.53,91801
60.28,66327
60.555,64680
60.49,43878
60.365,22450
60.255,32688
60.22,34086
60.16,30043
60.585,113309
59.43,70283
59.76,76329
59.64,126825
59.955,36896
60.355,32345
60.285,25299
60.53,20704
60.54,24197
60.275,15283
60.1,22469
60.25,23265
60.39,39057
60.3,105597
60.02,98614
58.51,103792
58.69,47702
58.97,38292
58.84,32765
58.78,36373
59.07,14893
58.85,24729
58.76,28879
58.62,23673
58.85,23698
58.89,60356
59.03,273871
59.4,62309
59.13,47941
59.41,37788
59.42,40179
59.69,27949
59.73,35774
59.925,19086
60.03,28710
59.75,18146
59.77,21632
59.97,33258
59.935,58943
59.98,110447
59.7,46652
59.57,53578
59.34,41287
59.375,25620
59.555,19701
59.735,22123
59.915,22820
59.67,20734
59.595,13963
59.77,22772
59.93,29801
59.86,28427
59.79,126877
54.92,89451
56.08,64788
55.93,48169
55.76,45104
55.61,42410
55.36,34937
55.38,26794
55.6,31039
55.37,32962
55.435,38303
55.295,70948
55.265,68739
54.93,187951
53.81,74765
53.63,72155
53.345,59383
53.435,86632
53.59,65285
53.91,68727
53.77,66519
53.97,81608
54.14,45169
54.09,39851
54.23,59071
54.04,76173
54.13,226388
53.91,47807
53.69,43876
54.155,53459
54.07,39805
53.95,57218
53.865,39471
53.79,27593
53.765,33489
53.54,36173
53.6,45382
53.585,35340
53.44,74844
53.24,228754
54.01,55323
54.72,91323
54.77,102821
54.93,92326
55.11,94780
55.215,61061
55.125,40100
55.18,32085
55.04,35991
55.14,29761
55.235,55020
55.34,108483
55.075,157771
55.81,53852
55.36,39407
55.825,43924
55.89,38035
55.92,28774
56.06,26934
56.15,20833
56.16,22312
56.21,18978
56.23,27958
56.345,30395
56.33,31061
56.215,98305
56.35,32686
55.94,40415
56.07,30869
55.93,27067
55.75,18641
55.79,24356
55.56,24623
55.89,17731
56.03,16333
55.88,24222
55.935,24885
55.93,28374
56.145,73349