217.96,2235
217.71,4323
218.58,4122
219.43,3707
219.38,3497
219.56,2261
220.18,860
220.3,3464
220.05,1888
220.06,2160
221.2,2093
221.61,5758
221.55,6707
219.92,2431
220.3,1804
220.63,1489
221.37,2996
220.96,1583
220.58,472
220.84,900
220.65,1288
220.94,1348
220.76,820
220.55,1124
220.51,2143
220.63,3864
221.19,1200
221.64,1701
220.42,400
221.09,1600
220.85,1600
222.25,1200
223.01,600
223.16,400
223.15,2300
222.61,1200
222.92,1333
222.59,1400
222.25,10965
221.19,1700
221.4,1795
221.15,2424
221.74,4514
221.58,997
221.41,1100
221.61,800
221.64,1000
221.36,1325
221.84,900
221.43,1100
221.69,704
222.08,6358
220.63,1800
220.01,1200
218.76,1000
217.82,600
218.49,1720
219.64,600
219.34,1510
219.83,500
220.05,2100
220.41,1100
220.05,2747
220.08,3150
221.25,17526
221.92,2952
224.26,1406
224.27,1190
223.77,400
223.23,900
224.03,1980
224.49,2924
224.88,2986
224.56,2380
224.58,2184
224.55,2627
224.5,2321
225.38,14157
224.26,1300
223.86,1600
223.53,900
223.53,1300
223.36,600
222.62,2100
222.11,600
222.05,1916
222.12,1000
222.09,900
222.78,600
222.85,1500
222.9,4092
223.31,1100
223.31,1210
223.73,800
223.64,1000
223.63,1022
223.5,600
224.19,400
224.73,400
224.79,700
224.72,300
224.93,1106
224.93,0
224.97,3986
223.07,1520
224.2,600
223.85,600
224.48,700
224.87,1200
224.71,1512
225.21,900
225.14,200
225.22,601
225.47,900
225.43,3700
225.06,804
225.38,6489
224.28,8303
225.62,2190
226.73,1000
226.39,800
226.42,1000
226.58,700
226.46,933
226.76,1240
226.25,954
226,927
226.08,2200
225.84,4168
225.47,5246
224,1455
224.23,1200
224.67,3700
224.72,1302
224.66,1400
225.18,2100
225.4,2225
225.4,1000
225.8,700
225.72,2133
225.47,1000
225.43,733
225.43,8699
226.68,800
227.48,563
227.37,1509
226.62,800
227.01,1400
227.19,2743
227.12,1200
226.88,500
227.14,645
227.66,1200
227.58,1201
227.77,4310
227.26,26009
228.3,1400
228.49,1000
228.25,1210
229.11,1100
228.95,1000
228.62,400
228.78,100
228.4,2111
228.08,1400
228.04,1398
228.79,1500
229.31,1933
229.79,3294
231.14,2920
230.35,2261
230.33,1995
230.71,1537
231.55,1200
232.04,1321
232.72,1820
232.67,2900
233.04,1100
233.02,1489
232.38,1701
232.21,2327
232.04,6240
232.01,1536
231.46,700
231.31,1100
231.33,2898
231.55,341
231.33,300
231.55,600
231.88,1701
232.63,1400
232.53,903
232.96,1305
232.55,708
232.62,4335
233.73,1300
233.03,903
232.52,1407
232.51,1605
232.33,600
232.38,200
232.17,300
231.94,300
231.71,607
232.12,900
232.62,500
232.6,1000
232.67,1412
233.09,1300
233.29,2608
233.37,4712
233.93,930
234.13,1302
234.75,1025
235.18,1033
235.72,1433
235.05,400
235.31,300
235.49,1800
235.03,5432
234.96,7714
234.71,1761
235.77,900
236.14,900
236.48,400
236.3,600
236.39,1000
236.71,3256
236.04,2200
236.07,1900
236.04,5697
236.51,5973
236.21,2009
236.38,6545
236.88,1012
236.56,400
236.62,400
237.26,500
237.2,433
237.55,200
237.25,400
237.18,2317
237.42,3209
237.21,4200
237.33,2989
237.22,5013
236.92,9707
236.18,3633
237.11,3205
237.38,3830
236.76,2100
237.73,800
237.78,1310
237.83,2605
237.84,2853
237.23,2661
237.45,2302
237.78,3761
237.54,4227
237.53,12843
236.66,1000
237,866
236.59,1100
236.67,500
236.79,800
237.69,4153
238,2221
238.32,3330
238,1200
237.91,600
237.81,1300
237.53,900
237.48,4246
238.31,2335
237.37,1012
237.03,1384
237.83,1105
238.04,235
237.98,1114
237.81,707
238,836
238.3,860
238.21,1169
237.89,268
237.93,1108
238.04,4933
237.98,1713
237.14,1771
237.87,438
237.67,1046
238.03,845
237.92,234
238.08,439
238.06,159
238.12,351
238.12,517
238.12,991
238.06,573
237.88,1692
238.3,523
238.2,797
238.65,1646
238.92,604
238.94,819
239.3,900
239.36,300
239.26,1569
239.27,1686
238.29,3469
237.66,2340
238.13,1235
237.91,9364
236.25,962
236.42,900
236.71,206
237.76,204
237.65,548
237.7,403
237.26,1282
237.71,3604
237.96,1008
236.9,981
237.82,450
237.91,2293
238.57,10431
241,1814
241.34,6201
240.34,2901
240.52,2702
241.44,4204
242.88,2009
242.55,2676
242.38,2731
242.04,1262
241.69,2543
241.72,2882
242.23,3297
242.56,11411
242.56,2261
244.64,463
245.31,2178
245.18,1988
245.59,1769
246.22,3238
245.75,2258
245.17,1457
244.98,1830
245.4,1378
245.44,930
246.32,1921
246.64,4614
246.17,814
246.35,790
247.36,794
247.02,1525
246.95,927
246.64,580
246.23,903
246.1,1444
246.41,1920
246.24,358
245.88,972
245.4,1392
245.63,5255
244.72,980
244.69,233
245.25,234
245.06,2133
245.55,461
245.52,920
246.47,606
246.56,1903
246.72,439
246.51,774
246.94,749
246.52,1126
246.61,8184
246.17,1834
246.47,1079
245.33,753
244.49,893
244.52,2284
243.88,549
244.28,1042
244.59,3136
244.61,2106
244.09,2605
244.19,541
243.98,804
244.18,2897
244.34,1258
244.59,1521
245.92,934
245.71,598
245.66,605
246.39,845
246.36,804
246.2,1165
246.49,833
246.09,736
246.24,608
246.11,922
246.73,9320
246.22,1532
246.47,1870
246.85,373
247.11,1156
246.97,2295
246.85,835
246.18,2343
245.91,400
246.57,514
246.54,1060
246.34,869
246.54,1078
246.64,1760
246.48,1722
247.66,1201
247.42,133
247.33,334
246.98,737
246.89,811
246.96,1083
246.78,1869
246.41,1067
246.4,783
246.3,1541
246.82,3093
246.3,5698
245.81,1715
246.21,1049
245.67,431
245.97,599
245.67,1799
244.64,949
244.64,700
244.27,1442
244.15,3626
244.47,1345
243.92,931
244.08,1336
243.6,10059
243.79,1578
243.1,1347
243.08,2318
243.78,2065
244.2,1538
244.73,1564
244.94,1847
245.32,1382
245.3,1565
244.78,1626
244.63,1537
244.72,2083
244.66,11505
245.03,4526
244.08,1921
243.15,3402
243.61,980
244.17,1995
243.9,1542
243.96,3418
244.72,1921
244.81,2734
245.16,1877
244.98,2132
244.86,1205
244.55,11633
244.89,1173
244.77,1694
245.78,1732
246.77,1499
247.22,1497
247.9,741
248.25,1238
248.17,1520
247.8,905
248.11,896
248.36,4379
247.81,5468
248.1,14781
248.55,5885
249.32,6117
249.53,4375
250.17,2861
249.78,501
249.06,1056
250.17,3130
250.31,1384
250.12,1624
250.21,1821
250.74,3597
250.75,4858
250.9,16940
248.82,2069
251.28,1602
250.39,1605
249.82,2515
249.1,4139
249.31,921
249.03,1241
248.96,915
248.95,1142
248.62,723
248.5,3271
248.93,3894
248.61,7783
249.78,1494
249.73,1604
249.94,3368
249.27,667
249.33,2480
248.9,4440
250.75,1961
250.29,2053
250.37,1344
250.73,1014
251.3,1063
251.89,1443
252.12,4899
254.14,444
253.7,1669
254.14,960
253.64,2102
253.47,1653
254.41,540
254.28,1290
254.76,875
254.47,304
253.9,2806
254.43,2289
254.28,1934
254.32,3239
253.88,400
254.2,501
254.13,1807
254.2,2851
253.55,1578
254.13,1688
254.64,2288
254.07,2104
253.12,2303
252.84,1346
252.21,1553
252.4,1650
251.58,7762
252.53,3377
251.75,6288
252.42,5265
253.79,522
253.79,0
254.84,324
254.87,1232
254.41,2005
254.53,2030
254.8,1740
254.49,1964
254.47,2160
254.48,5229
253.83,2661
254.34,5265
254.15,4186
253.29,4254
252.95,2865
253.83,336
253.81,308
253.76,1505
254.42,1164
254.63,2645
254.87,1484
254.56,3338
254.81,10542
254.58,1973
254.61,3766
255.78,1409
255.42,986
255.65,1002
256.04,1614
255.56,2435
256.03,983
255.68,1948
255.12,1490
255.23,1559
255.33,2520
255.06,4061
253.3,4624
252.41,4035
251.84,1371
251.67,3039
250.88,1006
250.46,1601
250.17,2745
249.24,3280
248.46,1438
248.92,2086
248.95,1943
248.12,4566
248.36,9599
252.21,3856
253.83,7402
252.99,2995
252.84,1994
253.06,710
252.32,799
253.48,834
253.73,2134
252.79,1624
253.18,2676
252.96,2566
253.43,1637
253.47,5778
252.14,794
251.32,1842
251.4,3889
252.05,1573
251.11,1344
251.01,856
251.3,679
251.44,458
251.45,1959
251.55,2354
251.43,1727
251.26,3844
251.1,7141
250.2,1928
249.71,3475
250.06,1639
250.94,1416
250.25,656
250.28,100
249.74,1948
249.94,4195
250.56,576
250.14,1764
250.81,737
251.01,1126
250.77,6865
251.27,574
253.01,3174
253.08,2726
253.66,2330
254.06,731
253.75,2097
254.44,100
254.29,506
254.49,929
254.34,520
254.44,1370
254.54,1783
254.42,5400
254.49,201
252.62,868
253.13,666
253.83,2755
254.17,1626
254.12,983
253.28,347
253.51,421
253.77,1441
253.57,334
253.54,441
253.63,309
253.85,4748
253.03,3829
254.23,1935
254.28,2288
253.97,3348
254.58,1465
254.84,1355
254.99,4969
254.75,1983
254.21,1606
254.3,1500
254.74,1538
254.64,1359
254.62,7593
254.78,912
255.52,1140
256,1266
254.31,3157
253.23,887
253.55,4377
252.87,882
254.04,669
253.33,937
253.66,1434
253.79,1556
254.04,421
254.18,6334
254.74,942
255.01,1364
254.58,1626
254.59,1309
253.94,1007
253.38,441
253.77,203
254.55,100
254.45,300
253.88,2343
253.76,2728
253.76,1287
253.8,4000
253.3,3171
255.72,2116
256.08,3960
255.34,2810
255.05,3959
254.33,4346
254.2,1796
254.6,1804
254.17,3240
253.79,2213
253.51,1469
253.68,3012
254.26,15778
254.33,4742
253.93,1078
254.11,1987
253.9,5098
253.89,4717
253.21,2525
253.04,1312
253.6,1107
253.61,3344
252.69,4055
252.98,9535
253.03,5809
252.9,11796
252.74,1968
252.25,4890
250.76,2474
251.97,6111
250.63,8315
250.55,2650
249.17,1274
249.31,4612
249.31,3859
250.23,3478
249.7,3143
250.54,7705
249.73,18090
252.22,3925
251.98,8716
250.33,5633
249.26,9480
248.5,5815
248.56,4345
247.26,5236
248.18,3342
248.31,5040
248.32,5225
247.93,7468
247.92,6765
247.88,36873
249.83,6017
249.22,3481
248.12,3137
247.84,13318
247.34,2485
247.94,1366
247.16,2566
247.85,4538
248.19,5394
248.92,3560
248.68,5810
248.62,6742
248.93,14463
251.08,1781
251.84,1589
248.77,2936
249.26,1805
248.97,1275
248.81,1380
248.35,952
247.81,887
248.7,1547
247.72,3056
247.6,106
247.73,2560
247.56,7830
246.78,1620
247.7,520
248.96,478
248.9,804
247.78,1922
248.29,4088
248.93,1381
249.73,2648
250.15,4481
250.67,2123
251.14,2662
251.19,3530
251.12,4343
252.68,3705
254.32,986
255.14,2838
254.54,1464
254.94,1146
254.56,805
254.58,3038
254.53,400
254.07,1607
253.08,1127
252.96,100
252.6,1303
251.75,5041
252.4,1150
253.13,1124
253.71,781
253.73,584
253.07,515
252.77,300
252.38,1286
252.69,2001
252.6,730
253.14,928
253.21,320
253.06,1902
252.63,5863
253.21,1727
254.21,3068
254.69,1524
254.91,2356
255.07,2345
254.96,2138
255.52,1345
254.69,1724
254.13,2548
254.21,1087
254.4,1549
254.7,1642
254.81,3614
255.39,408
256.06,1489
254.71,120
254.07,892
254.3,577
254.96,850
255.03,1530
254.95,727
255.04,782
254.71,1415
254.96,624
255.53,2203
254.68,5323
255.48,719
256.51,1618
257.03,957
256.34,1485
255.41,1266
255.46,1529
255.89,100
255.68,1037
255.81,434
256.49,1878
257.45,3290
257.14,3873
257.84,14307
257.32,1197
257.36,804
257.59,1604
258.56,1601
258.53,584
256.64,2768
257.77,3529
257.96,454
256.81,308
257.75,498
257.55,403
257.67,6010
259.34,7047
258.36,1830
259.04,2837
260.19,1424
258.56,5790
258.65,2074
258.04,862
258.13,4635
258.75,4356
258.7,211
258.89,1593
258.8,3180
259.44,2007
259.6,14932
259.84,836
262.25,1281
261.96,700
261.61,9016
261.69,5721
261.83,1824
260.71,869
261.15,1374
260.67,2990
260.42,2248
260.87,4970
261.58,414
261.51,1307
260.18,2989
261.99,1173
262.39,1671
262.15,272
262.5,200
262.7,210
262.63,144
262.62,100
263.02,3032
263.26,1793
264.32,1009
264.03,1588
264.26,5832
263.43,1639
263.15,586
263.23,1918
261.39,139
261.23,1075
260.73,910
260.45,846
261.03,253
260.39,985
260.44,1695
260.95,1362
260.98,2088
261.31,5362
259.88,3073
256.89,1744
256.06,1875
256.03,1792
255.71,265
255.95,1198
255.93,780
256.18,383
256.18,233
256.9,1368
257.66,941
257.96,539
258.27,5776
256.96,1333
256.7,2549
256.56,3830
256.85,2980
256.77,2092
256.69,1514
256.68,3756
256.84,636
257.84,453
258.06,697
257.96,645
258.18,773
257.91,13453
256.61,1026
257.98,1715
257.01,980
257.4,434
258.07,516
258.11,212
258.07,426
258.18,533
258.4,760
257.89,406
258.18,616
258.06,2340
257.15,12966
257.56,636
256.33,1809
256.76,2435
256.06,1152
257.1,1513
257.6,1236
257.69,1872
258.28,2168
258.09,2336
257.96,1069
257.78,1922
257.69,1372
257.69,6047
257.53,100
259.05,201
259.02,501
259.22,306
259.46,625
258.07,645
257.92,278
257.96,223
258.41,300
258.34,812
258.69,457
258.66,1225
258.73,5889
259.05,4140
258.79,904
260.18,1919
261.91,890
262.38,756
262.04,1127
261.84,1301
262.46,1948
262.21,786
262.58,1487
262,4083
261.56,3537
262.11,4361
262.74,4199
263.02,1309
262.56,2087
263.25,2897
264.71,2477
265.06,1586
264.9,2756
265.56,841
265.71,1737
266.18,1826
266.26,797
266.03,1416
266.29,8770
268.22,2171
267.26,1607
265.46,445
265.99,1325
266.4,408
266.28,1042
266.24,959
266.13,366
266.23,316
266.34,872
266.77,724
266.99,733
267.21,4305
267.13,1202
265.73,207
264.49,220
265.52,823
266.42,800
267.09,202
266.71,300
266.87,1475
266.95,200
267.22,233
267.46,400
267.82,440
267.71,3480
268.5,2295
264.95,1624
264.95,0
264.94,308
263.56,777
264.18,795
264.5,1407
264.47,846
264.65,400
265.04,650
264.46,1397
265.21,402
264.76,13461
264.43,2102
266.92,1843
266.89,1297
269.44,1381
268.5,1403
267.33,313
267.4,722
267.32,434
267.19,510
266.98,788
266.95,535
267.19,304
267.22,1391
266.5,2081
267.18,4307
266.66,1450
265.76,1362
266.55,1531
266.4,604
266.3,2094
266.53,1550
265.41,1390
265.12,712
264.78,500
265.2,696
264.09,6919
262.51,1313
263.13,585
263.43,202
264.26,1568
264,367
264.06,843
264.5,598
264.09,812
264.52,1126
264.07,1145
264.4,1240
264.33,2242
263.8,5077
262.56,504
263.76,404
264.15,549
264.68,748
264.69,1075
264,604
262.63,1248
262.11,400
262.01,737
261.99,300
260.94,562
260.55,1997
261.35,5423
259.99,1452
260.57,944
260.23,1218
259.56,1375
259.44,629
259.52,463
259.09,101
258.99,136
258.57,839
258.23,471
257.25,116
257.38,1170
258.49,3191
259.27,1483
259.47,742
260.13,100
260.32,1109
261.19,896
261.55,371
261.62,755
262.58,400
262.58,0
261.89,1063
261.62,400
261.3,2122
261.81,2998
261.97,348
259.94,2661
257.99,1855
259.47,100
258.72,313
258.41,312
258.65,201
258.86,699
257.97,313
259.03,979
259.25,1070
259.65,100
259.21,3058
256.69,766
258.4,300
257.8,100
258.35,1136
257.08,531
256.16,200
255.9,548
256.53,301
257.07,646
256.37,2047
255.61,904
254.99,1384
254.69,7445
252.39,1462
255.36,101
256.06,493
256.88,805
256.33,1442
255.53,619
254.96,306
254.85,1475
254.57,427
254.27,609
253.84,445
252.03,920
253.64,5347
256.32,1201
257.31,1086
256.36,920
255.85,551
256.49,312
256.85,429
256.51,1092
255.8,598
255.4,973
255.27,522
255.39,789
256.46,622
256.08,987
254.56,5470
253.45,336
253.18,1017
253.32,667
253.25,2773
252.29,1248
251.94,2147
251.9,1175
251.4,1663
252.04,1208
252.26,1929
251.34,881
251.37,5130
251.36,1317
251.33,819
251.68,1261
249.65,3274
249,1102
249.78,823
249.32,1645
249.9,2632
250.21,3011
250.28,2957
249.99,2266
250.33,4320
250.04,5195
249.21,339
248.8,1008
247.97,248
247.99,928
248.07,241
248.12,1945
246.95,1436
247.16,1017
247.06,1667
247.73,1116
248.23,601
248.27,477
249.11,2694
247.38,2015
247.95,1500
248.56,1146
247.36,1336
245.61,477
245.23,1531
245.1,1592
244.25,369
243.56,826
243.68,693
243.81,420
243.74,2043
243.02,8001
240.11,2265
240.91,3223
243.09,2207
244.02,1581
244.52,1667
243.03,124
243.75,1135
243.79,1355
244.06,659
244.37,934
244.24,948
244.99,725
244.95,6781
244.38,1926
245.7,1587
246.18,721
246.18,628
246.49,401
246.18,1057
247.26,1489
247.26,333
246.94,516
246.83,1104
247.35,1301
247.91,1552
247.87,8342
247.5,651
245.32,1076
246.39,827
244.36,303
243.44,1832
242.92,1303
242.06,463
242.89,1429
243.07,1349
243.52,2614
244.21,436
244.92,4351
244.73,15215
242.74,1112
242.99,3384
240.66,1629
240.34,336
242.09,218
242.86,580
242.93,1421
243.23,2189
243,1378
243.15,932
243.18,1370
243.88,332
243.33,5065
243.29,602
243.25,853
242.07,2896
242.54,2342
241.93,439
241.42,660
241.79,410
241.76,822
242.25,2608
242.26,3721
242.24,5049
242.41,5519
243.09,22040
242.77,1835
241.86,2992
243.31,1360
242.09,1193
241.96,203
242.09,100
242.09,635
241.49,439
241.9,734
241.85,503
242.28,1223
241.73,403
241.59,9216
240.9,1171
240.65,2344
242.41,2448
241.79,522
240.17,782
240.02,1855
240.73,210
240.71,563
241.77,1048
242.32,534
243.35,633
243.5,1534
245,5728
247.82,1144
247.71,2311
247.35,856
245.66,2015
246.48,500
246.67,323
246.77,745
246.77,0
246.99,100
246.4,574
246.4,0
245.18,417
246.41,5860
245.24,400
245.68,1509
245.63,100
245.87,493
245.87,0
246.4,103
246.12,320
245.67,457
245.99,538
246.14,338
246.32,391
245.5,2040
245.4,3190
244.26,956
244.81,644
246,100
246.29,149
246.5,436
245.87,103
246.14,184
245.93,354
246.25,450
246.47,338
246.44,100
246.23,113
246.36,6871
248.12,755
249.58,1317
251.65,1571
252.02,2120
252.43,2532
252.7,1345
252.71,667
252.72,332
253.8,3456
254.25,1130
254.8,2233
254.65,3995
254.65,4638
253.34,827
254.2,933
254.03,1248
255.34,109
255.72,300
255.89,853
256.7,333
256.54,451
257.54,601
258.11,1145
258.37,936
258.06,1695
258.25,7320
259.39,912
261.29,3964
261.93,1484
262.33,766
262.59,782
263.38,471
263.44,1211
263.46,648
263.94,230
264.02,1929
264.5,1752
264.59,2380
265.33,11313
265.43,7328
264.22,4035
264.1,889
264.22,920
263.55,911
264.17,767
263.86,200
264.66,1627
264.32,2202
261.71,1739
260.56,3025
259.45,3930
259.28,19826
260.04,1886
263.05,1035
262.52,801
263.06,692
263.06,0
263.83,102
263.18,511
263.18,342
263.27,324
263.27,0
263.56,901
263.73,1352
263.67,10275
263.99,1900
262.04,961
262.37,733
262.67,1279
262.35,1049
262.91,508
263.37,802
264,1723
262.85,514
262.7,1413
263.3,1911
263.2,230
262.67,4449
262.63,707
262.78,304
262.34,2133
262.01,1396
262.56,809
262.58,744
262.67,704
263.14,778
263.13,2500
262.87,927
262.63,2241
262.28,3454
261.7,15488
262.62,977
262.49,2613
261.98,2088
262.8,1928
262.73,800
262.5,230
262.62,233
262.7,2985
263.41,856
263.36,1767
263.46,133
263.6,660
263.18,2864
264.11,670
264.11,0
265.43,200
264.97,100
265.06,462
265.23,241
265.58,533
265.48,1116
265.7,868
265.62,408
266.31,512
266.21,1356
266.65,1531
266.65,0
266.65,0
266.65,0
266.65,0
266.65,0
266.65,0
266.65,0
266.65,0
266.65,0
266.65,0
266.65,0
266.65,0
266.65,0
267.26,519
266.16,3345
265.26,1725
266.73,771
265.43,1754
266.09,563
266.52,309
266.79,1220
266.34,1795
266.35,1208
266.79,1702
267.23,671
267.74,3424
267.34,1077
266.48,502
263.56,902
265.27,561
265.07,622
264.18,1541
263.56,658
263.55,865
262.96,646
263.2,516
263.67,921
264.15,211
263.06,2280
265.32,3076
270.22,937
268.97,1597
269.68,1033
270.2,1823
269.97,1099
270.42,951
268.61,248
268.65,413
268.36,725
269.29,1523
269.51,572
268.33,11653
270.06,635
271.7,2409
272.77,2527
273.76,739
272.13,400
271.21,447
271.01,300
271.34,200
270.95,1505
271.54,1075
271.26,1211
271.65,16599
271.36,19790
272.33,1094
266.45,910
265.65,1741
264.54,1371
266.06,235
265.9,2812
266.67,1579
267.63,1165
268.45,1310
268.09,1080
268.87,2580
269.71,910
269.44,9344
272.05,1548
276.44,3322
276.58,4943
275.91,4186
275.76,4906
275.67,3923
275.38,5312
274.83,7763
275.78,6269
275.8,2253
277.01,1509
277.33,9982
275.55,8108
276.95,1129
271.4,5227
270.75,660
269.38,223
270.05,598
270.04,451
270.75,678
270.89,239
271.22,371
270.71,1392
270.44,1256
270.69,3019
270.67,5750
270.18,310
272.68,3154
274.03,4238
274.23,957
274.9,513
273.63,258
273.27,2133
273.71,912
272.72,365
271.6,222
271.15,410
271.39,1196
270.52,9134
271.34,200
270.62,1108
268.07,6395
264.74,3330
263.22,2091
262.1,1735
262.53,2339
262.24,918
261.65,4605
261.39,3601
262.83,3820
262.19,5021
262.49,15587
260.9,624
262.02,1542
264.45,3244
263.84,631
264.33,233
264.37,550
263.76,202
263,687
262.88,121
262.91,300
262.91,0
263.11,100
262.58,2203
264.5,2520
266.44,1331
264.6,640
264.74,1594
265.02,1533
265.18,303
265.63,943
264.85,1506
264.99,321
265.28,903
264.88,789
265.1,1525
264.2,4070
266.37,651
267.89,603
267.34,431
267.41,827
267.1,100
266.81,611
267.11,989
267.42,1930
267.45,937
267.46,1026
267.39,926
267.98,971
267.59,6854
265.9,103
266.1,125
266.83,313
266.17,310
266.54,271
266.88,448
267.28,259
267.05,200
267.32,323
267.32,0
267.73,221
268.28,623
267.83,2208
268.62,673
265.94,669
266.3,152
267.66,351
268.2,439
268.2,0
268.2,0
267.18,428
267.58,100
267.38,735
268.17,375
269.08,1483
269.84,8464
268.35,1170
266.23,799
267.63,459
268.4,505
269.56,303
268.93,100
269.56,158
269.56,0
269.56,0
269.63,200
269.52,201
269.52,0
268.66,3165
270.72,764
270.14,343
271.04,121
270.39,963
268.74,414
268.03,330
267.08,218
267.81,930
267.81,0
268.16,679
268.33,540
268.33,0
267.57,1956
265.12,1567
264.04,910
265.51,918
266.02,419
267.6,100
267.6,0
267.6,0
269.17,1261
270.72,607
270.78,250
270.78,0
272.19,1216
272.25,6709
271.98,1819
270.38,1049
270.48,108
269.51,718
270.95,1007
272.76,438
273.42,839
273.43,308
273.97,900
273.78,617
274.56,755
275.15,1228
274.59,6602
273.87,826
273.33,330
272.28,312
273.7,651
273.77,1324
272.37,460
273.17,209
272.23,100
271.4,300
271.51,981
271.91,649
271.66,855
271.77,7215
271.7,3010
268.97,2372
270.81,5059
271.67,1374
271.28,1415
270.47,830
270.68,826
271.15,1153
270.19,587
270.65,1236
270.86,1141
271.04,1217
270.52,4581
267.62,643
269.9,309
269.33,207
269.33,0
268.76,100
268.76,0
269.98,438
269.03,1023
269.03,0
269.75,608
269.74,300
270.25,540
269.8,3894
269.31,435
270.75,733
271.13,716
270.9,889
271.12,324
271.66,135
272.43,363
273.7,1665
273.7,0
273.7,0
272.77,101
272.77,0
273.76,1179
271.3,1565
271.33,926
272.85,1280
269.86,241
268.73,300
268.83,580
269.22,1579
269.22,0
269.22,0
269.49,520
269.86,1417
270.81,1114
269.5,438
270.9,1475
271.35,904
271.96,981
273.15,304
272.48,628
272.33,603
271.83,668
271.97,831
272.01,5402
269.34,849
271.01,1283
270.49,1239
268.71,2854
271.02,4163
270.32,2260
271.08,1933
270.79,1892
270.41,1889
271.08,2458
270.95,2312
269.6,4587
269.13,12562
266.86,642
268.24,938
270.39,908
272.41,100
273.25,965
273.8,978
273.68,803
273.68,0
271.97,721
269.95,453
271.09,613
269.58,1922
268.94,5793
269.26,2086
272.06,1116
271.74,818
272.72,318
272.21,730
273.34,946
274.66,251
274.44,448
274.41,1039
274.82,1929
275.69,1736
274.98,1663
274.11,16633
272.63,371
273.31,2681
273.58,4119
271.24,1789
271.38,4985
270.51,1331
273.09,2692
272.34,2631
273.52,1828
272.72,2388
272.03,6068
271.83,3672
272.58,11167
275.16,3728
274.1,3066
274.94,1466
277.7,1898
277.64,2360
275.6,1023
276.55,2766
277.08,2424
276.34,2266
276.2,1913
276.29,888
276.67,3948
276.27,10885
277.92,1287
279.71,6744
278.44,441
278.85,376
280.12,200
279.74,686
278.51,110
279.11,243
278.26,713
277.2,228
277.33,995
277.82,1938
277.55,10590
276.58,1594
277.64,1872
276.77,1386
276.19,601
277.35,897
278.01,532
278.48,1387
279.3,26938
279.53,1164
279.46,7325
279.17,763
279.72,785
280.03,15373
280.59,2225
280.35,2330
279.75,1808
279.69,1724
279.65,3851
279.12,2721
280.8,1574
281.08,1891
280.51,1477
281.07,1121
280.79,811
281.37,3922
280.35,18264
280.02,1663
281.89,419
281.65,1331
282.03,1869
282.99,1931
283,1283
283.39,900
283.86,1158
284.02,932
283.64,1632
283.59,1999
282.69,1024
283.39,6751
284.42,1484
288.55,1879
286.15,2303
288.19,1393
289.78,3541
290.78,1188
290.53,1204
289.96,536
291.08,532
290.89,408
291.02,368
290.29,1738
290.55,6283
292.35,8947
287.36,19630
288.38,5043
287.36,4632
287.37,4209
286.98,2798
285.97,3436
285.17,3279
285.89,5790
287.55,3265
287.56,2736
289.14,2607
289.74,8735
293.78,3086
295.29,1180
293.97,1798
294.35,1461
294.01,2244
295.09,1242
294.6,3606
294.32,2847
294.3,1513
295.6,752
295.89,7800
296.9,6879
296.92,6259
294.93,720
296.96,1905
297.1,1915
298.57,4813
297.39,3871
297.37,940
297.8,2327
297.63,421
296.51,1557
296.31,1219
296.82,2982
296.87,1303
296.45,3458
297.61,2001
301.07,1404
299.05,3812
300.01,4931
299.4,2439
298.82,3017
299.68,1677
299.61,6067
301.06,2679
301.07,2967
300.18,2313
300.08,2660
299,13198
297.92,696
297.42,1356
297.18,1434
295.94,1114
298,1378
298.69,1145
298.45,205
298.36,2160
300.05,615
299.9,1743
299.49,2237
299.51,1715
300.2,2743
301.63,385
298.15,547
299.26,375
298.69,1900
296.8,965
298.42,411
298.52,178
298.24,353
297.84,585
297.26,428
296.72,3303
296.53,1187
296.83,6793
299.73,436
299.06,459
297.85,100
299.7,318
299.06,494
298.83,125
299.45,617
300.03,333
299.17,1000
298.31,155
298.1,2094
298.63,694
299.33,3872
298.03,2191
298.67,1352
297.61,1257
298.27,2601
297.6,1852
297.06,510
296.75,1863
296.39,2346
295.43,701
296.77,100
297.57,422
297.61,1202
297.92,2815
297.85,1313
298.55,3436
298.07,743
298.06,277
298.37,1632
298.41,3263
297.87,2046
298.78,4383
298.99,4157
299.02,1009
299.64,1087
299.56,200
300.9,4356
302.53,3788
301.9,556
301.63,339
302.37,730
302.97,344
303.12,1312
302.31,1778
302.99,553
303.32,669
304.09,404
303.25,849
303.67,934
303.59,5748
304.69,4287
303.32,1234
303.86,941
302.97,133
304.26,200
304.02,958
303.77,306
304.4,300
304.4,0
304.78,415
304.59,211
304.8,285
305.73,2499
304.93,319
304.55,477
304.77,618
305.85,519
305.55,784
304.59,238
304.74,775
303.58,102
304.08,2841
305.14,5771
305.59,559
306.14,1387
306.27,5711
306.28,100
306.13,300
306.76,200
306.96,333
306.71,203
307.5,201
307.93,100
308.52,100
308.97,186
309.14,215
309.14,0
308.73,936
309.35,2438
306.11,1899
301.92,2416
300.29,2473
295.61,1016
296.88,2733
298.55,2666
298.89,2112
298.03,479
297.83,846
299.38,3458
298.85,5782
298.32,823
298.58,7589
299.7,3150
299.99,2523
300.05,3009
301.19,4318
300.84,1676
300.55,2822
299.88,972
299.58,4366
300.07,1579
298.48,1880
299.54,2260
298.91,721
299.33,5746
298.8,2854
294.06,2564
296.85,1028
298.6,1881
299.43,798
299.28,401
298.93,620
299.13,300
299.41,639
299.12,1605
298.79,418
298.3,1517
298.01,5985
299.42,2711
295.67,3144
299.3,1461
299.08,2522
298.64,854
300.35,942
300.48,814
300.2,974
299.63,1121
299.64,2050
299.33,4091
300.64,1196
299.95,7554
298.4,1350
297.55,2218
296.95,2761
295.78,2896
296.69,3692
295.5,1494
294.17,2691
293.71,1148
293.3,1246
292.96,1986
292.27,103
293.01,999
292.62,6731
292.25,1587
294.18,2296
295.67,2814
295.42,3217
293.23,1955
293.46,1671
293.87,2114
293.66,964
293.74,984
294.51,958
294.69,436
294.5,2162
294.15,5017
295.43,1236
293.53,3292
294.52,1375
295.1,845
295.35,313
295.53,1330
295.69,1995
296.62,1543
297.74,2887
297.64,2702
297.04,752
297.2,2591
298.21,10383
297.53,675
299.47,1681
301.29,1719
302.16,1186
302.01,2820
302.19,2630
300.7,1726
301.22,1451
301.1,1095
301.17,1301
301.57,974
300.76,975
301.33,6899
301.25,550
301.35,250
300.94,1501
300.61,438
300.9,846
300.73,3015
301.81,1019
301.07,2396
301.11,4852
300.12,760
298.72,613
298.47,1320
299.57,5619
297.97,1119
297.18,701
297.96,1678
295.59,1153
294.44,3357
296.04,1850
296.29,1857
295.41,918
295.43,702
294.73,819
295.67,355
296.38,2545
297.32,5605
295.72,514
292.61,3768
294.58,646
294.41,1694
294.35,838
293.03,1957
294.2,1606
293.26,816
295.1,1373
295.53,1263
295.69,732
295.45,2118
295.18,9423
297.97,3009
297.73,3189
296.83,3857
297.04,1991
297.73,3424
297.16,3371
297.97,992
298.17,580
296.39,778
295.52,2811
295.19,3310
295.64,1462
295.1,3195
295.1,0
297.25,3879
297.18,1849
296.62,2357
296.58,1276
295.85,1337
295.35,904
294.28,1656
294.91,1860
294.56,671
294.11,603
293.81,1707
292.27,7750
290.96,3695
288.48,2895
288.21,962
290.77,2032
290.46,5157
290.5,608
290.77,346
291.5,922
292.17,1514
291.28,426
291.2,1313
289.82,2307
289.8,12789
288.65,2099
283.62,1882
283,1646
283,0
283,0
283,0
283,0
283,0
283,0
283,0
283,0
283,0
283,0
286.82,3325
284.78,4689
286.75,3446
286.01,1408
286.06,2456
285.76,931
285.97,1395
285.7,528
286.6,3599
287.54,2517
289.12,2220
291.06,7886
289.12,11735
290.32,2496
291.43,11611
290.29,10643
290.47,1704
290.6,5647
289.37,1636
288.98,2182
288.04,3181
288.51,15242
289.85,7468
288.02,2086
286.88,4254
283.96,3274
286.63,14456
289.05,39441
287.63,33598
287.59,9989
287.28,1040
287.26,2442
284.43,3144
284.13,2874
282.88,1412
284.52,1751
283.42,527
283.89,1047
285.16,12756
284.39,1990
281.22,1191
284.31,1356
285.13,1677
285.84,1462
286.58,2104
286.19,1912
286.81,2711
287.59,1825
288.67,7075
287.71,4536
291.56,2667
292.45,17803
295.38,5806
296.16,6064
294.46,3710
293.57,2228
292.89,2945
293.53,3382
292.93,4135
292.61,2998
293.4,3489
293.3,3395
294.05,3403
293.28,5600
292.95,7536
293.99,3697
290.69,1988
288.01,7280
290.88,5194
289.47,2184
291.14,2858
290.87,1041
290.01,1134
291.04,989
292.54,2912
293.47,2960
292.57,1864
293.22,7289
292.09,874
296.59,1372
299.18,1483
300.11,4176
301.48,5562
299.62,2475
300.93,2684
301.22,918
300.8,741
301.78,1725
302.64,2032
302.92,3976
302.72,12292
300.9,2237
301.3,1252
301.66,675
302.53,2224
302.46,1688
302.3,430
302.46,1477
301.86,633
302.85,100
302.9,103
302.34,1387
302.46,1391
302.72,5859
300.14,1168
300.18,2846
299.44,2293
296.82,1997
298.87,1459
299.01,2033
298.86,1143
299.68,3606
299.87,1125
299.75,1898
298.51,10051
299.98,974
300.58,6511
297.68,1296
297.22,558
297.25,234
296.13,1268
296.4,441
296.76,2137
296.85,4034
298.5,2404
298.39,1704
298.06,902
297.99,534
298.42,1500
298.02,7323
298.01,733
297.01,1637
297.14,838
299.01,1718
299.62,1131
299.8,502
299.1,644
297.82,406
298.28,1008
298.28,0
297.95,368
297.78,829
299.29,5549
301.23,743
301.62,1382
300.76,1066
300.06,322
299.53,204
299.53,0
300.01,387
300.07,845
299.87,643
299.93,1495
301.57,1042
301.09,1534
302.22,5674
297.1,2586
298.66,745
298.9,948
299,970
300.35,479
301.06,103
299.84,761
297.16,1563
296.81,1447
296.96,2000
296.29,2290
294.85,3135
294.85,10177
295.17,514
296.13,1563
294.8,961
294.32,509
293.32,2531
293.68,351
291.72,648
292.75,516
292.18,1495
291.36,1213
291.87,1700
292.75,2740
293.9,7530
293.08,784
294.57,1015
293.17,406
291.1,1000
292.66,571
292.66,411
293.79,838
293.9,1976
293.04,1004
292.19,1635
291.99,863
291.88,3416
293.17,7446
292.89,768
292.26,644
291.56,315
291.56,0
289.36,963
289.23,589
289.53,1265
289.72,1078
290.75,356
290.74,216
289.69,343
289.41,1237
288.8,5118
289.72,1758
287.97,1953
286.37,1191
284.75,921
285.79,2057
287.14,260
287.41,546
286.83,187
286.01,615
286.21,1865
288.48,100
288.91,357
288.94,2542
287.62,525
285.83,1348
286.39,1808
287.13,1463
285.48,802
286.53,1090
286.33,989
286.2,100
286.77,1152
285.78,207
285.04,974
285.11,706
284.47,6547
283.76,1367
283.88,204
284.4,1162
283.59,2048
283.47,3500
283.26,409
282.91,435
283.04,435
282.91,348
283.61,636
283.79,955
283.51,775
282.21,3810
282.47,3856
282.05,1783
282.41,707
282.87,1086
282.56,815
282.72,2421
281.59,940
280.26,372
279.37,2342
280.15,1064
279.77,739
280.82,2511
281.22,6083
301.43,4788
293.16,3014
294.63,3650
293.44,3305
290.59,16352
291.9,2785
292.73,5295
290.74,11231
290.38,8325
290.29,8676
289.72,8568
290.78,1687
290.6,14083
286.13,6894
286.67,9551
282.14,8083
283.1,5281
283.7,13289
284.73,4052
283.37,4015
285,4230
286.79,6224
286.5,4633
289.28,3608
288.15,1744
287.05,10117
290.22,1678
290.61,2548
292.27,1735
291.91,1932
294.1,1533
293.76,1315
295.4,710
294.74,3258
294.82,2164
294.83,1024
296.66,571
295.22,3435
296.28,7342
293.83,2193
294.2,3415
291.91,2269
290.76,2062
294,3242
293.45,2889
290.69,674
292.02,586
291.94,503
290.94,542
290.42,468
289.92,1749
290.75,14028
294.07,2618
293.9,2543
295.21,2498
296.34,1874
296.14,2766
293.42,933
293.67,1598
292.97,2690
291.38,662
292.21,1170
294.17,1028
295.43,1692
294.31,11010
295.35,1447
296.48,1788
298.58,1626
299.67,2288
299.86,1620
299.15,889
298.62,1666
298.92,1683
298.37,845
299.01,2203
299.12,3683
298.85,2155
299.31,9353
302.14,5571
301.75,1513
301.9,957
301.12,3100
301.84,1728
302.7,678
303.47,406
303.28,2227
305.14,3654
305.82,943
306.56,2486
305.8,3607
305.42,11834
304.31,1139
305.68,1659
307.05,1426
307.11,600
307.18,910
308.78,4589
310.39,3743
310.69,4538
311.06,1446
310.34,1904
310.74,3782
309.35,2629
308.95,8488
307.55,3350
311.08,2571
309.87,3215
309.84,1268
309.18,1286
309.21,452
308.83,1610
309.15,2535
310.53,8858
310.1,2020
309.73,4671
309.54,3717
309.32,8487
309.32,0
309.32,0
309.32,0
309.32,0
309.32,0
309.32,0
309.32,0
309.32,0
309.32,0
309.32,0
309.32,0
309.32,0
309.32,0
303.91,3255
302.71,2006
300.75,1733
300.87,1884
303.24,1034
302.87,1043
304.25,1306
302.93,987
302.97,2070
302.9,1481
304.08,1737
304.25,1127
305.89,8256
302.42,1713
302.22,1491
302.3,1961
300.92,954
301.35,1609
304.04,753
303.42,890
303.06,983
302.42,411
302.67,1008
302.85,303
303.5,1186
302.45,6242
305.59,1729
302.83,1403
301.15,1877
303.35,454
302.68,200
301.77,1761
301.55,2221
301.55,0
301.5,311
301.39,409
300.89,109
300.29,519
300.35,3643
300.86,2248
300.76,2045
300.74,1147
301.83,359
302.35,2087
301.52,2416
298.51,3256
296.31,6225
296.55,5169
295.49,4286
295.86,3298
295.54,8536
294.94,15897
299.19,3438
296.22,14636
295.28,4278
292.74,508
293.75,3713
292.52,3396
292.72,3810
292.1,2870
290.76,2173
291.22,4651
290.59,3346
293.46,5042
293.19,11966
294.1,8370
295.47,6866
294.81,2877
293.94,2371
293.71,5878
293.89,8454
295.6,9369
294.35,5451
294.21,4341
292.38,1626
290.46,1784
293.16,6392
294.5,32653
298.04,3504
298.61,2981
299.2,1740
299.62,3865
300.6,1852
301.15,2445
302.28,922
302.16,3250
300.84,1818
301.48,2248
300.9,1609
300.61,1215
300.68,7343
306.53,1887
304.6,532
302,1007
302.66,519
301.16,1515
301.93,1157
303.13,1137
302.3,1079
302.73,1105
301.32,1081
301.01,2913
301.5,1762
302.14,8084
303.53,699
304.54,3008
303.97,7128
302.85,5744
302.84,625
302.85,455
302.33,637
302.04,200
301.65,552
302.35,841
302.8,6121
302.51,7807
303.99,26746
304.97,5386
302.52,3839
303.63,7487
302.35,1705
303.06,793
303.92,2342
304.06,1347
304.55,5706
304.79,1537
304.54,1082
304.54,0
304.36,857
304.65,8290
304.18,1446
303.7,5049
304.17,1511
304.7,3358
303.94,1262
304.48,1067
305.32,2105
304.77,1173
304.85,1693
304.32,1493
304.5,1536
304.17,7542
304.59,8220
304.57,4818
304.54,4924
304.31,10367
305.48,1100
304.9,8946
306.25,1061
304.53,4557
303.96,4670
305.17,5049
304.86,917
305.59,1310
305.44,2507
306.96,13266
307.76,1635
307.8,6591
307.09,13755
306.25,5847
307.27,5892
307.97,6056
307.59,2493
307.83,10164
307.8,3229
308.02,9225
309.53,1239
309.73,8937
309.74,5751
313.29,1073
313.15,2097
314.44,2837
315.02,2034
315.97,3096
316.36,1385
316.93,924
316.84,613
316.12,1201
316.62,1594
316.83,2281
317.34,3421
316.81,9889
321.46,3456
317.66,2978
322.17,4002
322.33,1636
323.45,3809
323.18,1200
322.66,1626
323.39,1478
323.87,2466
324.13,921
326.18,2726
326.9,5117
327.18,11549
326.05,1155
326.92,136
326.17,1695
326.2,524
325.8,710
326.04,201
326.57,133
325.43,1180
325.44,1110
326.08,1725
326.85,900
326.34,1491
325.3,4412
328.33,3796
329.4,3463
329.84,654
328.56,261
328.4,412
327.15,2474
327.84,947
327.59,100
328.06,308
326.88,1734
327.15,2033
326.33,744
325.36,15670
322.93,2613
326.04,1342
324.48,2136
323.39,1087
325.87,1169
325.49,500
325.38,1245
326.41,772
326.89,1745
327.03,850
327.66,473
327.24,1319
327.32,19336
326.35,468
326.05,1479
322.88,1383
321.32,1463
322.66,1835
322.72,1545
323.35,1053
322.1,2200
322.6,1610
323.84,3040
324.94,1877
324.26,3254
323.55,7042
324.36,3869
328.94,4013
328.04,3437
329.87,1291
329.5,2337
327.66,1521
330.26,457
329.18,1313
328.84,3029
329.4,3160
329.97,3136
329.16,3342
327.46,10468
326.87,2447
329.73,2568
332.09,774
331.78,2172
332.34,4614
334.34,3422
334.41,2530
334.32,3685
335.41,4150
334.74,7279
334.94,5580
336.07,12740
335.12,18005
332.7,5443
335.71,2152
335.32,2753
334.12,3771
334.37,1270
335.72,1169
335.61,1119
335.91,2128
335.3,986
336.57,3348
336.64,2937
338.08,1406
337.69,5170
338.25,3604
339.02,6484
337.94,1275
338.52,1342
339.19,1717
337.99,264
337.33,1450
338.55,830
338.62,631
338.52,1083
338.46,2629
338.32,901
338.5,7106
339.02,3160
329.22,3064
331.06,2393
333.7,2608
332.87,934
331.07,563
331.22,382
330.96,910
331.66,790
331.91,2167
332.96,1319
332.92,2210
330.9,4149
330.22,1753
330.04,1810
332.7,3639
334.85,692
335.66,115
336.01,528
334.42,631
334.29,1325
334.47,1010
332.52,1689
334.71,4425
335.2,2136
335.01,15255
336.38,1337
334.93,7183
334.49,796
334.92,950
335.45,1961
334.15,1619
334.85,2943
334.14,2173
334.25,605
333.11,5632
332.81,1738
334.43,457
334.53,5444
337.02,301
335.41,2487
334.32,949
336.34,480
336.06,1654
337.27,983
337.89,1194
337.94,3006
337.68,2014
338.74,1134
338.21,2693
337.53,3302
337.49,8530
338,1487
338.24,2065
338.16,2369
338.62,492
338.73,1802
339.01,893
338.53,1342
337.87,3485
338.15,1872
337.64,1960
336.81,914
336.81,2388
336.37,8324
340.96,1144
343.13,964
343.04,863
342.39,1934
341.57,1110
340.61,404
340.05,1123
339.89,500
339.94,478
339.92,919
339.93,2402
340.41,3141
341.2,6355
341.76,584
344.35,1120
345.36,716
344.78,872
346.95,2279
346.95,416
347.32,636
347.3,1546
347.09,623
347.14,215
347.44,986
347.44,0
347,7383
347.11,2093
347.15,1665
345.34,533
345.31,678
345.73,107
344.04,1339
344.41,516
343.97,606
344.76,434
343.65,1241
343.38,1155
341.22,1934
342.27,4207
338.8,1558
336.9,536
337.5,203
335.98,1930
337.23,2893
337.11,1267
337.67,2697
336.35,2695
336.3,2862
336.01,326
335.7,1749
334.85,1903
335.02,4633
332.89,2882
327.76,5582
325.81,838
326.88,581
326.01,1208
325.58,1868
325.67,2201
326.77,1881
326.62,2396
326.7,2823
328.17,2506
326.79,3524
328.77,18388
331.08,1790
331.19,2182
329.09,3252
330.58,1632
331.31,2345
330.68,1900
330.37,1482
329.64,1252
327.58,1651
327.62,1074
326.85,4445
327.3,2351
325.11,13066
325.76,1274
329.07,1904
327.15,1781
325.24,973
327.05,183
327.37,918
326.31,1365
328.22,708
327.91,1116
327.38,994
326.29,2564
326.18,4000
325.78,10277
325,1292
324.64,682
323.59,801
323.17,1553
324.24,3429
324.42,586
325.33,1511
326.31,1438
327.99,2232
327.57,952
326.62,1032
328.7,3325
329.26,6919
322.99,4568
317.99,1473
316.49,1281
315.57,2496
314.92,970
315.59,954
314.47,4562
313.77,4193
314.15,2368
313.89,5061
313.86,3734
312.14,1413
309.62,20329
306.01,3418
301.64,6511
305.98,8749
302.03,3812
299.79,7053
298.27,2145
297.85,3860
296.48,2598
296.41,3625
294.05,3673
293.71,5507
291.49,5538
296.97,17206
296.38,6598
293.54,15130
295.35,3802
296.19,1402
297.26,1626
294.98,1534
294.62,1157
294.84,447
294.4,532
293.5,2410
293.43,4398
294.4,1767
293.71,6318
286.85,4243
287.77,2903
291.08,2392
290.48,5278
288.87,4430
288.15,2088
287.85,1331
288.44,3281
286.86,3372
287.42,2791
286.39,7434
289.49,5246
290.42,20010
293.5,1145
289.33,2362
288.62,3113
286.85,7609
288.7,7327
289.22,4607
292.04,5640
291.25,2950
289.29,1527
288.32,1877
287.19,2254
287.07,4160
287.08,11208
286.16,1055
282.93,3916
282.4,1945
283.19,2306
281.28,2786
280.42,137
279.65,1577
280.52,1853
280.52,0
278.32,1449
275.45,1231
276.16,2407
276.95,10480
271.55,7462
268.28,6101
265.88,7957
265.53,4385
264.5,5685
264.49,2326
264.6,1551
263.38,700
263.22,1468
263.27,3074
262.49,6326
261.36,4157
260.75,9593
262.85,8270
263.54,5134
262.41,3166
261.14,3980
259.12,2962
260.23,1363
258.8,1470
259.7,3383
259.73,2009
260.64,1528
259.37,1485
258.42,7981
257.54,13277
259.94,8109
261.59,7084
263.08,5622
260.85,2424
261.58,4478
261.27,2112
260.08,3661
260.32,2882
259.42,2120
258.5,2427
260.38,4339
260.08,3763
259.53,20092
259.05,4345
255.95,3645
257.14,4427
258.59,4090
257.79,3623
255.72,1500
256.66,2836
256.48,2117
257.23,3489
257.62,2865
256.89,1019
256.35,3348
257.13,9389
261.4,9816
260.08,3112
262.41,1453
262.95,1257
261.19,2710
261.51,655
261.16,1532
261.14,913
260,2630
259.79,2282
259.93,1805
260.97,1911
262.34,8648
263.45,1268
261,2077
262.72,2094
262.49,722
263.07,1020
262.65,448
262.45,954
263.06,620
263.21,1557
263.03,2277
264.02,7148
264.32,8934
264.02,15206
261.27,4641
261.86,2433
262.83,2408
263.84,308
262.72,1136
261.89,2382
261.4,2731
260.64,1442
260.51,1267
259.91,1312
258.24,1979
258.61,6452
259.52,10273
260.73,1778
256.32,2664
257.73,1441
257.64,1582
257.91,2785
258.9,1778
256.88,3327
255.06,519
255.96,2071
255.34,1023
254.52,1676
254.03,3182
252.77,11664
253.05,5897
251.99,1855
253.79,1377
254.35,2037
254.03,386
255.5,1866
255.5,1479
255.5,2334
256.16,2209
256.51,1570
255.68,1162
257.34,2077
255.63,17900
255.69,1559
256.53,2801
255.89,4252
256.06,1405
256.4,2441
256.63,1542
256.32,3683
255.68,852
255.4,2112
256.16,1321
255.95,1571
256.42,1417
256.37,7232
262.04,1749
256.84,320
259.02,1292
259.16,1180
260.56,1012
260.03,939
260.06,574
261.11,748
261.3,2340
262.74,2056
263.02,1627
262.99,5610
262.79,16285
264.03,3280
264.5,6457
264.32,2443
264.62,2693
264.46,2981
265.07,3656
263.92,1395
265.17,659
265.07,430
265.48,3501
266.23,2674
266.6,1419
268.42,13178
266.46,1821
264.78,3393
264.22,5984
265.86,2296
266.5,3527
266.75,743
266,1309
266.35,2550
266.74,1325
266.67,2453
267.93,4330
268.45,4618
268.96,14328
269.76,1200
269.33,247
270.09,432
270.5,236
269.81,1630
270.25,1297
270.68,281
270.97,140
270.55,660
270.08,2020
269.42,2557
269.27,2786
269.92,10675
273.09,1469
274.81,1442
275.36,1384
274.89,1640
275.15,1808
275.54,2179
275.55,464
275.6,1197
276.18,1464
275.92,966
276.79,791
277.18,1178
277.63,5373
273.23,1991
274.18,2310
273.95,1432
273.99,1583
272.58,1303
273.77,389
272.77,492
273.87,561
274.74,206
275.21,1315
274.92,1205
274.13,1445
273.99,12062
274.37,1316
269.79,1882
268.57,1578
270.83,890
271.06,1783
271.05,983
272.16,6457
273.18,4429
275.42,3505
275.69,834
275.05,111
273.83,1943
273.73,6615
271.45,1991
267.43,3430
267.58,4122
270.67,1869
270.97,1056
271.45,203
272.15,226
271.82,1055
272.69,422
272.15,229
272.71,566
273.28,1253
273.63,7927
273.97,2186
271.92,1910
273.86,279
274.58,1542
273.34,1572
273.76,293
274.41,694
275.64,2618
275.51,3366
274.26,460
274.3,723
274.5,989
273.47,7029
273.59,1638
270.98,1001
271.14,959
272.49,3299
271.09,827
269.11,452
267.94,1719
268.73,1055
269.18,312
268.79,403
268.18,421
267.48,908
266.73,12588
265.49,403
265.22,1279
266.81,227
266.37,1860
266.09,3772
265.41,351
265.23,1126
264.97,350
267.44,517
267.57,1304
268.3,3017
270.04,145
270.62,15079
270.05,423
269.27,201
266.91,109
267.24,236
266.89,114
267.21,101
266.43,4758
266.43,0
263.09,881
262.4,1050
261.21,1450
261.13,1634
262.5,10675
261.58,373
263.11,2289
261.16,533
261.48,511
261.11,2063
261.45,237
260.86,565
261.11,801
259.27,492
260.12,102
260.05,1330
259.67,9619
258.52,8733
252.94,2736
251.97,5261
252.68,4936
251.87,16603
253.96,10889
256.76,4729
255.5,1238
253.74,2755
253.6,6376
254.41,2070
255.53,953
255.5,2118
255.45,23723
248.94,2292
249.63,2663
249.1,3269
246.82,752
246.59,1246
247.67,459
247.82,666
247.54,2848
248.57,1429
247.82,1525
247.13,1315
246.79,4428
245.38,17108
245.22,2595
246.57,4658
246.04,7260
247.61,885
247.32,1952
247.83,1196
247.36,1037
248.16,4822
247.65,1792
247.47,1576
246.27,1705
245.94,816
247.15,10914
249.75,6011
253.23,2404
254.09,1934
252.76,3333
253.13,5178
251.91,675
251.09,1162
251.32,1680
252.1,5593
252.54,5450
251.2,3695
254.39,1819
256.05,9109
248.17,3995
250.91,2121
252.89,1658
251.89,2965
253.43,3179
253.42,412
252.57,717
252.37,1193
252.41,2327
251.35,1144
251.11,2440
250.63,2174
250.9,10584
252.67,1614
253.59,1475
247.96,2048
249.2,1301
250.1,1855
248.93,629
248.87,1472
249.3,1662
248.6,1119
246.79,1610
247.87,310
248.74,1515
248.56,8140
250.07,2391
252.12,3120
253.41,1518
252.73,1210
253.19,3488
252.81,900
252.17,1854
252.24,2522
252.64,429
252.32,243
252.89,1219
251.3,551
251.6,6067
251.28,649
251.66,1105
252.35,1544
252.58,1996
254.01,1978
254.04,1673
255.03,4034
255.31,2654
255.79,2927
256.57,5440
256.89,1276
256.79,3093
255.76,9277
257.49,1672
256.92,5228
254.89,8300
255.73,4006
255.78,608
255.33,1141
254.63,5140
254.29,9170
254.09,3438
253.84,1626
254.61,871
254.12,12155
255.11,8740
256.97,1452
257.09,1226
258.16,2399
258.04,2291
258.79,4178
259.8,603
260.16,901
259.92,1637
260.94,1068
260.71,1881
260.56,2176
260.22,2915
260.19,10683
259.87,2402
259.86,2245
261.87,1814
260.19,2524
261.63,2305
262.34,100
261.39,1823
261.53,1473
260.79,665
260.41,4944
259.94,3733
260.01,2997
260.7,7878
264.07,4891
262.96,3203
262.46,3436
261.91,4065
260.18,6724
260.25,4541
262.05,2771
260.74,1491
260.63,1521
261.23,778
259.63,1331
259.24,1093
259.21,9432
257.87,3175
258.18,5643
258.56,3087
259.83,4528
257.63,2714
257.87,1489
257.72,2461
257.81,2275
257.19,791
258.72,673
258.19,2480
257.77,2520
258.68,12841
257.79,3667
258.06,3195
257.65,1232
257.34,4387
259.02,5189
260.8,1519
261.05,1645
261.63,2680
261.98,2518
262.31,1253
261.54,2099
260.98,2538
260.37,12817
261.14,2710
261.64,973
261.35,547
262.18,904
262.14,1053
260.86,473
260.37,1553
260.04,1271
260.63,1436
262.01,1133
262.4,852
262.36,1156
264.01,4897
261.54,1497
257.98,1622
258.54,1122
255.77,1213
257.15,2650
258.26,1688
257.02,216
257.49,506
256.57,1536
257.2,3240
258.95,3027
259.93,4409
261.22,9958
263.66,1395
266.01,1163
265.22,3189
261.74,1241
261.84,4855
262.05,1518
262.56,1528
263.46,1159
263.77,306
264.29,1609
264.29,0
264.29,675
264.85,6571
265.44,1790
264.58,1694
263.55,2138
263.95,1175
263.08,4239
262.35,831
263,503
262.84,881
262.48,1848
261.09,650
260.39,1576
259.99,5344
261.81,4057
259.62,2185
259.62,0
262.26,452
262.35,670
261.68,1248
261.65,1337
261.68,1770
261.53,274
262.06,749
262.15,1848
262.75,2469
263.53,1458
262.86,3723
261.78,368
260.76,633
262.03,1267
262.78,2318
262.7,2855
261.39,436
261.3,1243
262.23,2060
262.77,1283
263.04,3895
262.4,1878
262.33,4217
261.1,9849
260.06,1214
259.88,3210
258.17,961
258.18,516
257.84,2295
255.95,1353
255.9,2179
258.09,1180
257.87,555
257.63,2060
256.73,1015
255.22,673
253.75,8995
253.42,2278
251.83,2064
252.81,3309
253.69,4135
254.05,4214
254.72,1226
254.96,1890
255.67,970
256.23,655
253.93,1041
254.69,1334
254.4,1160
253.91,8489
250.8,1519
252.3,886
251.61,3719
253.9,1169
253.66,3058
254.55,812
253.41,249
253.16,106
253.91,899
253.94,1384
254.97,1743
255.24,1096
255.12,6014
257.54,1986
257.77,1237
257.28,936
258.4,1034
258.85,4811
260.2,1391
259.14,1355
258.48,514
258.89,1726
258.34,1779
258.16,1664
258.36,2414
258.31,13635
260.79,908
258.6,1403
260.62,1615
259.31,1547
259.14,1396
257.93,1021
257.72,304
257.62,754
258.23,560
258.8,1931
258.16,1448
257.42,1378
256.27,6382
257.98,1545
257.96,4004
258.8,1392
258.81,2151
259.07,1547
258.09,1104
258.33,935
259.06,1482
259.17,2521
260.12,2403
261.2,300
261.67,539
262.47,6146
261.89,205
260.58,1354
262.82,427
263.12,127
262.92,1600
263.26,1365
262.49,1556
261.64,4364
261.43,504
261.25,1055
263.16,1343
264.11,628
264.03,5609
262.28,1384
261.46,722
261.69,1194
262.96,157
263.67,970
263.24,304
263.62,106
263.16,101
263.05,957
262.87,991
263.82,688
263.6,1018
264.23,5875
266.93,507
267.61,342
268.8,300
268.8,0
267.19,2182
266.64,320
266.53,422
266.53,0
266,106
264.82,100
264.32,1396
264.06,2259
264.87,10149
271.66,2981
268.47,729
267.92,163
267.28,794
268.56,568
269.37,340
268.44,554
267.47,300
267.59,1550
267.61,1085
268.15,653
268.12,2877
267.56,5113
268.31,5126
270.06,4560
269.24,2863
268.97,1401
269.78,2255
270.66,573
270.53,103
270.83,788
270.88,3925
271.07,3192
271.2,923
271.71,2694
271.45,4655
270.84,794
269.31,1116
269.03,1013
269.49,936
270.36,961
270.82,3004
270.18,209
269.05,1466
269.64,703
269.01,125
269.1,1189
270.41,1606
271.05,7541
272.17,1321
273.31,1593
274.1,2331
275.93,2711
277.04,1809
276.82,1014
277.95,1381
278.55,1735
278.88,1885
279.38,2043
279.46,2536
279.54,2024
278.62,6472
280.05,3946
281.44,1093
281.84,1661
280.81,1510
281.83,2026
281.92,2598
282.46,1700
284.08,1237
283.18,2376
282.66,1102
282.94,1402
282.91,1051
283.85,7111
280.48,7781
280.87,1797
280.24,552
281.88,910
281.76,1579
281.76,0
281.51,224
282.14,538
280.73,1595
281.13,1663
281.46,2151
281.14,4505
280.52,5818
280.88,1136
281.52,1993
280.89,1817
281.05,1565
280.62,1427
281.65,1314
282.89,1027
282.37,1177
281.11,1578
280.93,1675
280.1,1009
278.61,1285
278.11,13493
281.7,2940
283.86,4154
286.13,5059
286.29,3111
284.71,4217
284.96,1160
284.25,731
285.07,1755
284.95,2635
285.68,3175
284.08,2287
283.61,5412
283.13,19391
284.59,3091
286.06,3550
285.42,2372
287.45,2541
286.93,3216
285.3,1290
283.64,1843
282.97,2131
283.96,2886
284.72,5550
285.21,2245
284.96,3850
284.88,11949
280.81,4399
281.78,2759
282.1,1092
283.2,2502
282.02,4115
283.04,1546
282.41,8443
283.47,6452
284.25,4881
283.77,4734
282.86,3173
283.56,3911
284.48,13947
289.11,1719
287.71,5381
288.9,3635
291.57,1322
291.91,1553
288.27,1580
288.27,0
288.82,711
288.9,200
289.18,1622
289.41,2454
289.95,1153
290.43,2927
290.92,1215
292.53,2712
293.03,2218
293.95,2436
294.46,5509
295.46,4834
295.59,1800
295.67,1843
295.93,1669
295.34,2225
295.51,2270
296.39,3428
296.62,12110
298.95,2177
299.28,2648
299.6,4556
298.43,3717
297.29,3500
295.85,1636
297.14,950
297.83,1192
298.66,2243
298.55,1338
298.65,727
298.8,1498
298.9,8822
298.36,901
300.74,967
301.52,795
302.49,1099
302.36,5185
301.12,581
301.12,492
301.54,1641
301.64,1239
301.24,600
299.89,1031
299.68,937
299.28,5073
301.66,1320
300.87,100
301.2,189
301.65,451
301.25,405
301.13,100
301.48,801
301.49,320
301.57,255
301.83,433
302.8,262
303.11,975
302.98,7202
304.87,3636
304.48,1015
306.62,851
305.92,845
304.88,1093
304.96,445
305.25,1164
304.71,267
304.8,343
304.74,203
306.37,560
306.92,1379
306.4,8514
304.66,1373
305.5,2657
305.35,4104
306.79,1679
306.89,6410
305.85,3373
307.1,1433
305.58,2480
304.89,2150
305.24,1654
305.6,1866
304.18,835
304.76,6956
302.41,1959
303.08,1500
304.36,3877
305.56,720
305.66,1151
304.87,4529
306.1,2914
306.49,5483
307.1,3674
306.67,1141
307.51,105
306.87,324
306.55,2946
307.55,4128
308.24,2553
305.9,1370
305.18,705
305.29,1449
305.39,1763
304.26,733
303.91,2875
304.38,3916
303.66,1403
304.7,2166
304.7,2562
305.01,8638
303.99,2135
303.74,954
303.65,1813
304.76,1416
304.77,3312
304.78,1900
304.78,1188
305.27,1811
305.13,899
304.9,1459
305.29,1679
303.84,1711
303.12,13491
302.51,2211
300.4,1590
301.48,1067
300.48,1704
300.88,3479
301.85,520
300.52,628
299.91,529
298.84,701
298.36,1020
299.12,2385
299.52,3785
299.88,5244
297.83,1105
297.77,2352
297.73,1757
295.94,2300
295.53,3246
295.55,2207
295.09,715
296.47,876
295.62,854
294.04,1629
294.29,1170
294.46,1939
295.51,8220
295.9,2609
297.63,1341
298.11,2247
297.95,5378
299.04,1563
298.64,331
297.69,2811
295.84,7318
297.85,3785
297.55,2547
297.34,2885
296.95,4604
296.93,12788
299.47,1228
300.25,2516
301.51,781
301.32,2542
299.98,1457
300.15,834
299.58,525
299.9,1775
301,134
301.21,768
301.64,1789
301.49,599
301.73,4746
301.39,1440
302.36,1895
301.48,609
300.88,1127
300.67,692
300.17,426
299.83,713
300.01,677
300.06,533
299.95,757
299.88,967
298.1,1480
298.18,3294
296.2,2126
295.93,197
295.77,366
295.27,831
296.24,2239
296.23,1015
295.59,100
296.33,639
296.85,726
297.27,203
296.63,636
296.56,701
296.38,2665
296.38,0
294.15,587
291.33,201
292.47,210
292.08,1354
291.57,590
291.42,100
290.45,221
289.65,811
289.41,1973
288.37,270
289.57,1029
288.36,10755
288.32,1002
288.28,840
288.33,707
288.58,1194
287.48,2254
288.39,691
286.94,494
287.23,710
286.71,251
285.36,716
285.4,727
286.52,2812
287.41,8638
284.74,605
285.19,774
284.86,1034
283.66,1798
285.27,2752
287.14,1755
287.37,1260
286.8,2541
288.86,1906
289.34,1490
289.67,1044
290.23,2941
290.03,8153
292.97,443
292.33,1643
292.56,739
292.52,349
293.08,3222
292.84,1651
291.07,505
290.38,1053
288.81,1509
289.54,904
289.64,300
289.31,509
287.28,5632
288.81,9844
290.63,4501
293.61,2281
295.95,4247
294,2312
294.53,1582
293.11,1453
293.5,1145
292.98,553
293.59,643
294.19,1264
294.01,1729
293.01,4745
292.7,2914
291.45,1679
292.33,1403
293.08,2190
293.49,4017
293.2,2847
293.45,4306
294.82,3171
294.22,3417
296.43,5431
296.03,4831
296.32,824
296.13,5299
294.34,2194
295.21,3178
294.25,1616
295.83,1119
294.54,2138
293.17,3374
291.75,1465
292.28,2245
293.15,1187
294.35,1226
294.64,818
293.49,1752
294.02,8598
293.51,2620
294.95,3117
295.4,4324
295.15,1854
294.49,631
293.2,1100
292.85,700
293.33,3672
293.27,1758
293.39,3765
293.69,927
294.07,2660
293.83,5471
293.63,1534
293.07,3269
292.28,3134
292.67,3446
292.93,1918
292.69,1509
292.42,2191
293.71,1007
293.72,315
293.55,988
293,1350
293.04,623
292.5,4110
289.7,1781
287.39,3895
287.28,2068
286.8,1369
285.43,4056
287.33,404
286.83,811
286.7,2084
286.14,3564
286.54,2197
286.69,2665
286.18,1620
285.39,10713
283.84,3540
284.26,3993
283.41,3911
283.07,1610
282.09,3072
281.68,632
281,1148
282.89,1770
283.17,1311
282.16,681
282.33,576
281.68,2336
281.05,4266
280.33,3200
279.09,1513
279.71,1450
277.5,2907
278.43,6959
276.22,1833
274.37,2077
275.86,1793
276.53,2927
274.77,2415
275.24,1353
274.1,1045
273.83,3665
270.7,4973
270.87,3259
269.66,2590
270.35,2823
270.44,3280
270.73,1879
270.23,1357
270.74,1943
270.74,3106
271.31,7749
271.57,6220
270.88,7721
270.96,14219
270.68,1688
267.57,2090
269.45,5860
269.16,4785
269.74,2671
270.28,2125
270.1,2685
270.24,766
271.13,400
270.94,1039
270.83,994
270.72,1102
271.18,8063
268.84,1622
264.85,2753
264.19,2415
266.28,1328
265.43,1742
267.42,595
265.92,761
266.04,1945
265.85,1989
264.83,5654
265.82,2888
265.91,1621
265.74,12957
266.96,865
267.69,300
268.37,110
268.08,407
267.96,1176
268.54,100
268.52,300
268.39,323
268.11,518
267.38,1796
264.36,2553
266.79,1700
263.61,7364
260.94,817
258.71,5257
259.65,4261
257.64,3751
258.31,3394
258.54,1094
258.69,808
258.91,1070
258.85,916
259.92,1016
259.11,2176
259.98,3620
260.23,11036
256.44,3830
257.61,8862
259.19,3767
256.74,1320
256.5,2495
257.09,1559
256.75,316
257.46,566
257.11,857
257.03,814
254.5,303
254.06,1882
256.02,8678
254.38,2192
251.46,3904
254.74,936
254.3,2239
253.46,2680
252.09,1243
251.35,1578
251.31,2766
250.03,6928
250.16,1844
251,1522
252.89,2738
252.78,7283
255.52,2300
252.36,1254
252.78,1365
252.92,1329
252.05,681
251.97,1421
251.58,100
250.74,530
250.86,1107
249.22,1518
249.39,1644
250.94,1967
250.37,5378
251.97,1723
252.24,901
253.31,2183
252.66,567
253.28,2246
253.24,1567
254.31,673
255.36,573
255.02,531
254.35,532
253.98,461
254.33,2584
255.01,6344
252.58,2877
248.77,1854
247.54,1089
248.23,3496
250.09,423
250.95,3299
250.42,1589
249.33,608
249.58,3614
249.34,806
249.4,1495
249.15,3810
250.05,5523
253.26,3173
252.75,4629
252.83,4048
252.52,2660
254.6,3628
253.32,3295
253.94,1755
254.04,2909
254.17,2417
253.77,1747
254.84,2274
254.5,4213
254.99,17640
256.92,1174
255.58,2381
256.78,3966
257.78,9946
255.62,3977
253.77,3058
253.92,1021
254.92,2807
256.36,5032
257.21,1619
256.95,3733
256.67,2694
256.71,8821
256.61,1809
259.68,1233
259.8,2843
259.11,2353
258,2503
258.02,678
258.65,1055
257.47,705
257.83,2702
257.68,997
256.78,303
257.63,2490
257.77,11017
254.89,1142
254.43,2258
252.38,1017
252.19,1175
252.05,3080
252.82,902
252.79,205
252.86,1375
254.19,900
254.24,1656
255.55,768
256.91,507
256.51,8789
255.7,2058
254.56,5057
255.61,3714
255.27,1084
253.79,471
252.86,337
253.54,714
253.36,2194
252.73,401
251.78,2283
252.36,704
251.33,3012
251.01,8312
248.16,3186
248.86,2521
247.81,4899
248.65,3353
248.85,6380
247.39,1737
247.38,1657
246.72,1334
246.66,642
246.86,496
246.19,2879
246.25,1978
244.56,20892
247.63,3684
248.65,3611
249.92,2463
248.45,3782
249.87,4047
251.32,2890
251.08,664
250.32,2505
251.21,1137
251.92,1543
250.55,1902
249.51,3390
250.49,7116
250.08,2469
248.93,5434
250.62,2497
250.99,2777
251.07,2903
251.39,7012
251.2,2345
250.78,1554
249.85,957
251.15,1046
252.03,854
250.35,1494
251.1,8758
250.71,6162
251.07,1673
250.39,1188
251.23,820
250.91,2380
251.54,1180
251.39,1367
252.5,200
251.29,724
251.08,440
251.63,1356
250.9,854
251.15,6762
245.17,3566
246.74,3232
247.54,2256
246.57,14284
248.08,4538
250.58,1037
250.31,1102
251.54,1457
251.78,2140
251.85,2864
251.04,2539
252.52,3224
251.21,17322
253.85,1839
254.44,7531
250.61,2795
250.48,2123
248.78,1099
247.41,2511
247.61,1302
247.11,344
246.89,693
246.97,5183
247.72,5149
246.7,6974
246.34,18495
250.91,1573
252.72,3130
253.86,1918
254.58,2277
254.02,2561
253.98,665
253.02,163
252.78,2002
253.79,3061
253.99,2062
252.99,5642
253.16,9173
253.3,16209
258.64,1777
259.58,3783
260.06,1732
259.06,3322
258.11,6085
257.75,4403
258.07,1325
257.96,1445
259.31,1995
259.81,3778
258.99,3280
256.66,5983
257.77,14180
255.31,3322
257.09,2019
256.8,1687
256.37,5336
255.45,2684
254.7,1050
254.33,725
253.93,1217
253.25,1858
253.73,2646
254.12,933
254.17,2454
253.52,8848
254.18,1474
256.25,1240
256.52,1183
256.37,3138
255.27,3669
254.33,3480
253.99,2393
254.6,4101
254.9,2953
254.7,2190
254.43,2438
255.5,3525
254.83,7557
254.23,2903
253.87,3961
253.14,2819
250.83,4309
251.38,2055
251.59,2494
252.16,2838
252.85,2034
252.56,829
253.16,6789
252.69,2930
253.37,1750
254.15,11074
257.73,1816
255.12,3661
254.65,3035
254.87,1267
254.11,721
254.26,308
254.68,2499
254.8,4095
253.57,964
253.11,2038
253.69,1514
254.72,1136
254.48,8237
256.54,2748
257.66,2092
259.01,2612
258.36,1823
259.22,927
258.98,1807
260.14,1977
259.29,1286
260.13,584
259.55,1631
260.09,1157
259.85,2708
260.57,15695
263.03,2048
260.24,1840
258.2,2261
258.84,1919
261.39,1641
260.73,1737
260.46,2524
261,2130
260.15,1093
260.45,889
259.58,803
258.83,1018
259.51,8392
260.01,1404
259.84,853
260.31,838
258.87,4386
258.02,1392
258.33,1465
258.54,1146
259.11,830
259.38,2024
259.9,633
259.72,782
259.14,951
260.17,11445
256.69,1042
264.74,9104
265.65,1239
267.04,1927
266.16,1078
267.27,830
268.47,1174
269.01,3520
270.52,1026
270.74,1354
271,1389
271.65,2122
271,10628
267.95,4213
270.87,3284
270.72,3471
271.44,1565
271.38,4073
270.06,3062
270.36,3241
270.57,4200
270.64,1549
270.04,1246
270.51,2327
269.94,2610
270.12,17871
269.75,4295
266.56,2488
267.55,3278
267.47,1822
267.24,3021
267.29,1939
268.21,2117
266.99,941
266.6,973
267.45,3083
267.74,1875
267.37,5379
267.54,12501
263.31,10907
252.53,7150
250.63,16139
252.47,5363
249.24,2903
249.55,7457
250.27,6490
251.13,2570
252.81,7415
253.11,6612
255.09,7799
250.17,4488
248.39,17712
242.66,7000
242.59,2756
242.52,2279
242.69,1532
241.98,7547
240.44,4812
240.85,6137
242.27,4554
241.98,9750
240.84,9709
242.59,1911
240.85,5632
241.34,14923
241.92,6836
238.49,3935
239.9,6677
240.48,4388
240.19,3909
238.02,5884
238.52,3009
236.88,4038
238.38,2741
238.26,3377
239.68,2962
241.14,4867
240.39,16410
245.25,2590
242.79,4928
240.62,1725
239.09,2075
238.35,1903
236.61,1302
235.97,1091
237.19,1536
237.56,638
238.24,2030
238.22,3788
238.58,5058
238.89,8993
239.14,2168
241.62,3784
244.24,6187
246.43,4914
246.72,1121
247.76,2694
248.48,3013
250.01,3598
247.53,8239
248.55,3204
247,5656
248.41,9896
250.14,25834
249.51,3455
250.52,10282
253.14,4107
251.96,3101
253.3,1475
253.18,2893
254.21,1474
253.9,3030
253.88,1858
253.21,2246
251.64,2564
250.25,3279
249.78,21605
258.41,8700
258.91,8017
257.78,23163
260.17,7829
259.48,5128
261.25,3015
262.45,1631
261.58,5989
260.58,9707
259.98,945
260.51,487
261.26,2564
263.04,8901
264.11,1268
262.35,1424
261.1,215
257.43,2740
254.93,5080
256.07,2688
254.72,957
256.16,1495
256.04,1271
256.8,1288
257.56,2299
257.74,2844
257.37,10525
256.1,4407
256.55,1128
257.07,3487
255.57,4201
253.21,3086
254.6,2090
255.02,1540
255.33,1578
256.14,4096
254.1,1777
254.46,3936
254.72,6884
254.38,15553
256.31,1730
255.35,4155
254.18,4223
252.36,1411
252.7,2639
250.89,2973
251.46,2608
250.86,2099
249.59,9289
250.16,5255
251.11,2760
251.22,1474
250.32,7877
252.23,3759
253.96,1668
255.21,402
254.56,1225
255.25,643
256.3,530
256.82,1556
257.01,1463
256.08,4310
254.8,2553
253.3,3091
253.38,3478
253.69,12415
251.38,917
250.58,1115
251.93,2372
252.12,863
253.1,2259
253.32,1691
252.76,1017
253.07,805
254.14,2372
253.82,2015
251.62,844
250.75,1466
250.23,8410
255.46,1325
253.83,1887
252.76,787
252.05,2608
252.75,3026
252.5,3019
253.16,889
253.02,1203
253.26,931
253.67,587
253.98,1335
254.45,2294
255.24,4697
256.78,1302
257.65,342
255.05,614
254.82,858
254.72,1379
255.33,1059
255.95,828
255.92,1040
256.08,588
256.36,2823
257.02,2404
257.05,2364
257.95,7793
259.97,7121
259.89,3163
258.05,4383
257.4,4976
258.13,3358
258.07,2857
257.83,2362
258.29,684
258.69,772
258.61,810
258.45,1384
259.38,2397
259.3,3924
260.27,5279
259.25,2677
259.4,4270
258.89,1469
258.1,3052
257.3,2220
257.52,1714
257.06,2733
257.1,2043
256.76,4521
257.52,2826
257.66,1889
258.29,10832
260.88,3649
261.04,4175
259.93,5776
259.39,1902
259.04,663
258.13,755
258.12,8280
258.12,0
258.24,2335
257.99,5084
256.57,4096
257.17,2633
256.03,1919
255.03,2500
255.49,2757
254.1,3390
253.42,1488
252.72,2092
252.27,2597
251.62,4550
251.12,16600
251.25,2414
250.92,2205
251.72,6709
252.25,8755
250.45,5781
250.49,2299
250.79,3427
251.07,3297
251.12,3490
252.26,1309
251.34,3337
251.94,4884
252.13,14084
252.18,1611
251.13,4502
251.07,1846
251.4,531
252.38,1982
252.77,804
252.56,883
253.6,940
253.37,2486
257.28,1588
256.72,4159
257.91,2073
257.92,10658
260.36,2754
260.74,3802
257.01,1151
257.26,1728
255.65,1437
255.75,615
256.2,989
255.93,1690
254.74,1543
255.73,518
256.44,557
256.21,2037
256.5,10061
254.18,1064
254.54,1319
256.07,732
256.26,6018
255.94,1924
256.29,301
256.82,1835
256.1,628
256.52,1813
256.35,1335
256.82,1929
257.72,2984
257.78,6434
253.71,4732
254.9,2832
254.7,1838
256.3,2408
255.03,1653
253.29,1334
253.88,2886
252.76,2320
253.05,4713
252.52,4520
252.15,4421
252.85,5025
252.73,6777
251.78,4421
251.22,6144
249.78,2006
249.9,2544
250.79,2078
249.76,4587
249.41,2558
249.54,1701
248.94,2226
250.13,2941
249.55,7360
249.89,2167
249.58,19187
252.58,2578
254.99,9080
257.52,4046
257.85,7211
256.38,2554
256.06,2598
255.9,1402
257,1333
256.93,2881
256.55,4090
256.12,6217
256.19,1924
256.81,24936
259.69,6529
263.99,4805
265.64,8300
265.29,5552
265.21,2671
265.04,4194
264.44,1489
265.08,1826
264.47,2332
264.15,5715
263.18,4257
263.32,11776
263.98,35917
263.18,1342
262.44,2459
262.43,1230
262.04,5177
262.02,2434
262.84,992
262.18,1041
262.08,1339
261.15,2027
261.18,998
261.67,3027
261.83,4797
260.79,8178
258.37,541
257.97,364
258.88,2819
260.37,1217
260.26,3006
260.25,6692
260.16,5450
260.03,7934
259.31,7572
258.89,5425
258.79,13548
260.22,9119
261.02,11798
268.86,8003
268.65,5562
266.29,8446
266.47,5434
266.7,7643
265.06,3970
264.64,3010
263.45,1564
264.42,1164
264.85,2967
264.04,2214
263.06,4342
264.02,9402
265.27,12670
267.73,5712
268.37,5593
268.02,3982
267.08,2805
267.16,2583
266.97,1426
268.42,1614
268.36,2653
264.75,4584
263.97,3023
263.52,4557
262.05,13145
259.72,3039
258.67,2916
259.63,1471
258.01,5440
261.08,7104
262.3,6048
262.89,2095
260.08,5552
261.16,777
262.63,1168
262.59,1353
263.74,1300
263.2,13303
255.16,1404
254.16,7908
253.66,2038
252.84,3160
251.6,5849
250.91,2304
250.77,1982
251.09,1154
251.09,2552
249.38,1099
248.98,2299
250.27,8720
253.14,23169
249.46,7362
249.34,1383
248.85,6564
248.46,2181
249.1,2713
249.94,681
249.13,747
250.24,1706
249.71,1051
248.71,1326
247.78,1451
248.1,3858
247.55,13964
247.37,1483
246.57,2183
246.5,1502
247.37,2868
248.25,2014
249.93,412
250.11,6492
249.57,1025
248.99,1164
248.59,2124
248.01,3303
246.87,747
248.02,8676
249.35,3015
248.91,2317
251.06,482
251.53,400
251,2137
250.8,710
250.75,422
250.57,606
251.11,102
251.18,230
249.64,307
249.13,873
248.36,4123
246.61,987
247.61,831
246.72,1364
246.48,1086
246.95,1255
246.59,878
244.36,200
243.34,824
242.86,208
242.61,1514
243.58,246
245.06,339
245.69,4273
243.21,1786
243.76,845
247.02,568
246.85,1041
247.02,526
247.53,988
248.15,794
248.54,2061
247.93,744
246.25,1880
246.46,601
247.09,1738
246.99,6345
247.29,758
246.42,1200
247.65,1891
247.14,1984
247.16,1613
247.58,2471
247.54,754
247.18,1084
246.38,1784
245.9,1431
246.25,1509
247.18,1634
247.98,5190
248.35,3366
248.64,1029
246.88,403
247.01,1006
246.91,1928
246.68,1727
245.2,277
246.24,589
245.71,527
244.88,330
244.74,1511
244.95,2445
243.75,10052
244.63,1215
246.48,1329
247.68,1509
247.5,2103
246.29,914
247.55,1551
248.45,2008
247.3,1810
246.59,1429
247.72,435
246.61,1354
247.13,2265
247.35,7719
246.47,339
245.68,311
245.28,426
245.39,1625
245.49,1007
245.22,474
245.14,573
244.97,236
244.41,402
243.34,435
243.23,1034
242.8,800
244.77,1946
245.81,1671
243.89,851
240.79,1282
240.69,3209
237.62,9383
237.53,1398
237.99,3833
237.15,819
238.63,1169
239.19,2807
238.54,4414
239.38,1894
239.44,6884
242.4,3589
243.93,3435
243.78,2936
244.31,3530
243.16,1708
244.5,1564
244.68,2352
245.2,1812
244.57,1434
244.67,4135
242.55,2726
243.18,1821
242.74,11479
240.5,3947
240.12,2176
237.9,2956
237.43,3347
237.78,1511
236.99,759
237.6,2339
236.44,1180
238.14,1249
237.43,656
236.82,3852
238.36,2589
237.57,10934
237.77,5277
239.34,2322
240.31,4625
241.11,4404
239.34,3244
240.01,3987
240.03,2679
239.72,1589
240.11,2759
241.22,6308
240.65,4340
241.94,4857
241.54,27222
241.69,6095
246.68,3533
246.13,3220
246.2,10656
248.71,3952
248.82,2345
247.39,4149
247.71,3328
246.99,1483
247.09,1544
247.33,6318
246.68,3182
246.73,23496
246.5,4436
247.5,3074
245.41,3687
244.85,1871
244.94,1786
245.7,6240
244.69,4788
246.91,4427
246.34,1712
245.95,1440
246.38,2251
246.08,4116
246.11,9927
248.94,1613
251.54,1820
253.41,2317
253.69,3710
254.24,6781
254.62,2333
253.57,716
253.97,2000
254.72,2768
254.83,1111
255.94,1304
255.97,3054
256.43,11687
257.8,18449
255.94,5153
256.62,2195
255.82,2069
254.98,627
258.46,540
258.35,397
259.11,1299
258.97,1691
259.55,1160
259.57,950
259.34,1926
259.34,9813
256.09,1510
257.12,1036
257.67,2799
256.98,2124
254.42,3576
253.45,1828
253.62,2352
255.18,1842
254.77,1299
255.04,1327
255.44,1394
255.75,4971
255.51,9566
256.34,6319
255.45,5401
255.67,995
255.45,4514
254.53,2375
254.87,3796
254.22,3099
254.76,2782
255.02,1422
255.77,1771
254.81,1469
255.04,9016
255.02,21825
255.63,4103
254.81,4618
254.11,6392
253,4873
251.02,2123
250.53,4484
249.68,3841
250.24,5761
249.86,2835
250.29,3287
250.7,8359
250.06,5379
250.18,19451
250.13,7493
252.06,5222
252.62,3618
251.59,1814
251.94,2070
251.06,2650
251.59,3446
252.02,4218
251.66,1748
252.32,2238
252.57,5166
252.73,4899
251.94,18866
251.26,7381
249,3914
250.74,4085
251.32,4988
251.93,4769
251.92,2960
251.44,6678
251.77,3541
251.95,2127
252.55,4923
253.13,3955
253.23,4240
252.77,23877
252.91,5257
253.48,3056
252.85,4078
253.34,2065
254.17,866
254.46,2547
253.84,2781
253.78,1350
253.86,5607
254.44,6495
253.73,6087
253.58,3859
254.42,10513
251.86,5088
255.35,2869
256.26,1706
257.93,1652
256.78,2027
256.16,1939
256.49,2049
256.39,2279
256.3,3515
257.39,1455
257.86,5335
257.72,1438
258.07,7367
256.74,2094
254.31,4147
255.58,6081
255.25,3690
255.63,4678
255.19,6815
254.56,4810
254.38,5848
255.53,1537
256.04,2202
256.05,4617
256.06,2540
255.95,26497
257.2,1669
256.07,5978
257.17,3844
256.65,2930
259.16,1293
259.67,3078
260.78,1199
259.32,100
259.37,1539
259.6,502
259.51,2033
259.04,761
259.33,6332
261.43,365
261.92,1412
261.52,1519
260.71,2737
260.69,2015
262.08,2568
261.62,1351
260.72,551
261.05,1250
261.36,2167
261.92,5537
262.42,3245
262.04,16008
261.7,1645
262.97,4656
261.99,1367
261.34,4741
262.58,4629
261.7,5016
261.6,2605
261.98,2023
261.93,1907
262.12,3199
261.38,5376
261.75,7624
261.55,23391
261.23,3535
264.13,4671
265.09,3423
267.36,1878
266.09,3109
265.97,3167
265.05,929
264.94,925
265.1,1449
265.66,2678
265.24,2976
265.62,2262
265.39,13746
264.65,1306
266.09,3176
265.5,819
263.87,1661
263.4,713
263.3,1835
263.84,1323
263.35,1059
263.94,1115
263.43,1570
263.64,5653
266.16,2602
266.81,19838
270.63,1170
272.01,1174
273.62,1195
274.41,1307
275.27,3210
275.35,1135
275.59,419
273.71,1214
272.31,4135
272.31,0
271.25,1482
271.49,1825
272.36,6045
269.19,1470
266.53,2900
266.96,1751
266.94,2800
267.96,2989
266.85,723
268.33,1821
267.33,2607
266.82,4172
267.17,3428
268.25,3580
267.53,2431
269,9157
264.27,88741
266.78,76786
268.44,25412
271.47,75715
272,43899
271.13,39218
270.51,13212
269.52,11539
270.08,25377
269.26,21247
269.13,24135
269.02,21623
269.24,64099
266.07,4674
263.88,3314
263.94,2331
263.38,1793
262.39,2698
262.65,816
262.13,8549
265.61,4083
263.36,7095
263.05,3571
265,3132
265.47,14877
265.41,58610
263.5,9365
263.69,6649
263.35,4009
264.14,8679
263.23,5579
263.07,3551
262.66,935
263.38,1731
263.14,1504
263.51,3940
263.73,1634
264.04,23504
263.82,37549
264.88,32132
265.82,21225
264.39,6772
264.16,3809
263.57,3096
262.5,2696
263.11,1928
262.24,6066
261.13,4636
261.63,18263
261.54,16946
262.56,23156
261.35,125910
259.3,69195
259.28,89095
261.04,43289
260.9,14068
261.3,26685
260.83,60094
260.95,1344
260.78,772
260.84,16695
260.92,14087
261.6,36683
262.65,42196
262.95,10938
263.87,1007
264.33,4428
263.71,3511
264.22,757
263.66,1839
264.83,1091
265.23,1111
265.29,3285
264.57,3385
264.36,4250
264.14,4030
264.02,3135
264.32,23703
264.21,6330
264.32,3432
264.27,7192
264.78,3664
263.95,11104
262.22,7671
261.84,10040
262.25,1778
262.5,4524
260.99,6374
262.02,4369
262.88,3532
262.98,31003
261.46,2008
260.54,2822
261.17,1856
261.24,2819
261.97,9988
260.97,2107
261.32,2020
261.54,3028
262.57,5799
262.34,5941
262.8,6975
262.68,8220
263.22,17984
260.11,4615
259.52,3891
259.19,5482
260.88,9460
262.04,11706
262.82,9834
262.43,1311
262.96,1820
262.5,1097
262.46,5302
262.77,3203
262.55,4933
261.26,28508
261.24,9026
259.5,17518
261.1,10456
260.79,10227
260.73,2495
259.94,5005
260.74,6624
260.96,1620
260.85,1633
260.03,4845
260.57,1976
261.11,3159
260.43,15451
260.76,2943
260.43,22111
261.16,25685
260.81,24020
260.14,23117
260.8,7463
260.81,3678
261.34,5105
260.88,3351
260.36,9793
260.83,4266
260.71,21033
261.5,10574
259.12,19695
257.46,53092
254.71,46936
254.71,27690
254.68,12889
255.34,31929
255.52,31034
255.52,11363
256.4,8404
256.33,5241
255.66,33726
255.5,71786
255.29,61216
257.55,5744
255.74,3985
256.45,1131
257.45,3214
256.39,5515
255.62,3774
255.23,1429
255.41,2628
255.9,1714
255.51,1983
256.51,1697
256.79,4177
256.89,14642
255.64,6091
255.78,1386
256.52,1058
255.74,1860
256.75,1182
256.5,1479
256.21,8011
255.74,4239
256.57,1479
257.55,2081
257.41,2730
258.53,4534
257.17,24716
258.01,1242
259.82,5479
260.72,9726
259.07,18449
257.61,4282
258,7405
257.86,6609
257.7,2530
258.41,3837
258.94,4160
258.27,3191
258.18,3896
257.83,11151
259.45,1958
261.32,2539
261.61,3105
263.44,1941
264.01,2498
263.91,403
264.17,2015
264.01,1537
264.42,1599
264.3,3997
262.91,6275
262.48,6628
262.32,23789
258.81,5847
259.06,10370
259.04,7038
257.99,8442
258.04,10030
256.67,6021
258.07,3732
256.42,9167
257.48,4627
258.15,6195
258.46,5371
258.64,11204
258.54,42619
257.06,7214
256.84,9384
258.15,2182
258.86,6027
259.47,9885
259.33,5640
260.52,3200
259.78,3142
259.88,5017
261.23,5172
262.11,5478
262.53,5702
262.7,16119
267.21,3906
267.1,1709
266.97,4760
266.19,3182
267.08,2269
266.93,2552
267.1,2780
266.84,2938
267.36,1956
266.64,2083
266.56,2880
266.46,4187
266.63,29396
267.63,1838
266.39,688
267.02,150
266.97,655
266.78,4496
267.18,2395
267.36,990
266.42,2337
267.35,2622
266.89,1467
267.07,580
266.92,3798
267.01,14172
267.56,2187
265.94,4094
267.21,1692
265.92,1163
265.19,3295
265.5,1457
265.2,924
264.34,1180
264.06,1130
264.2,2140
264.94,1466
265.34,1198
265.42,7506
264.27,2459
265.11,9178
264.81,6684
265.79,3898
266.25,2296
266.98,961
265.82,2108
265.03,565
264.62,1975
264.62,1467
263.42,4784
262.77,11538
263.06,12458
263.8,1648
265.69,1905
265.46,1844
264.78,2181
263.68,1541
263.24,1302
264.55,556
264.2,334
263.09,254
261.83,493
260.68,1439
260.02,12197
258.72,8462
258.61,4863
253.1,5234
251.49,13161
251.86,6359
253.11,5889
251.38,2516
250.67,3418
248.94,8441
249.28,9249
247.58,1975
247.12,3855
247.78,1335
247.7,14327
245.62,7826
254.25,9807
255.01,5432
257.48,2092
257.76,16888
258.62,4726
255.62,2198
255.44,3068
256.55,6654
256.11,2154
255.6,5817
255.56,3971
254.11,12132
257.13,1808
253.08,8379
256.38,7021
255.82,1887
255.85,745
254.25,450
254.4,2817
253.99,2267
252.6,1361
252.76,2734
252.27,2009
252.35,3564
251.75,7285
253.98,3108
253.54,2520
253.74,2479
253.62,2915
253.81,2538
252.31,1638
252.66,13383
252.34,4629
253.59,1879
253.06,8411
254.99,8834
254.78,15941
254.33,15154
253.63,7186
254.17,10751
254.51,7139
257.29,6382
259.5,3951
258.13,11134
257.93,2900
258.73,708
258.81,1487
259.29,2526
258.76,5536
260.07,6184
260.07,21588
260.35,2229
261.87,2761
262.13,7087
262.05,3895
263.59,1637
263.18,1833
264.03,3419
263.64,5431
263.38,4116
263.32,10080
260.03,23093
260.45,9654
261.03,23856
261.1,10941
259.97,9507
259.97,2829
261.49,4590
261.94,4828
262.36,4873
261.66,2509
262.83,1508
263.85,6054
263.29,7798
264.23,6016
264.21,7722
264.48,16858
264.18,5272
261.82,8785
258.06,7196
258.8,3594
257.57,14100
256.63,2314
257.25,7312
256.17,6137
256.56,5328
256.83,3054
255.86,3240
257.07,6487
257.98,29651
256.54,2661
255.05,1892
256.85,2557
256.85,1287
255.23,2265
255.59,8162
258.46,7797
257.69,4867
258,2836
257.39,7463
257.94,2695
256.73,4626
256.71,18057
253.1,1492
253.59,3251
252.99,1439
254.78,1620
255.03,479
255.16,2000
254.75,2902
252.92,2208
251.82,2426
251.64,2096
251.18,1237
250.92,1398
249.66,10821
249.74,2710
251.3,2367
252.03,1443
252.42,758
251.87,882
252.21,971
252.1,1385
253,391
252.88,477
252.58,976
252.64,2875
253.1,1938
253.46,4935
255.1,1572
255.26,1068
254.66,760
253.62,1678
255.23,646
254.76,541
254.7,626
254.87,561
255.32,564
254.85,1080
254.32,1781
253.86,538
253.62,5078
252.08,1102
253.16,1470
251.6,1284
251.4,731
250.99,3627
250.69,1172
251.27,741
250.58,3281
249.7,3473
248.9,3395
249.45,2271
249.5,809
249.35,5823
251.8,1270
253.38,1436
253.93,1379
253.4,2050
254.47,2036
254.47,2152
254.89,923
255,400
255.35,2026
254.55,2274
254.91,1037
255.32,3727
255.63,16730
258.9,1994
260.71,2721
259.76,1482
259.74,1702
259.86,2177
260.12,864
259.61,1122
260.01,1412
259.05,1368
259.46,613
260,676
259.91,603
259.93,33018
261.89,15569
264.06,15479
263.07,12912
262.09,21369
263.48,24477
263.91,8302
263.53,7012
263.09,4603
262.47,6112
263.87,8541
264.14,7719
264.87,2216
265.45,11354
271.37,65725
276.51,51583
277.59,35110
273.98,11904
275.21,23416
277.35,14537
276.53,7758
274.77,14804
275,9166
273.91,24212
273.5,18902
273.2,15725
272.85,32033
271.01,7601
276.33,11519
275.76,5925
274.21,15126
272.4,28512
272.48,4669
272.85,6684
273.23,5306
275.3,6897
273.03,3067
272.92,1695
272.8,13343
272.18,37828
272.25,17051
270.66,8224
272.47,2487
271.48,4592
271.51,4758
270.88,7677
270.63,4667
270.7,2909
272.07,8581
271.8,5115
271.47,1896
270.93,4736
270.7,14435
273.79,1367
273.37,2774
272.08,2256
271.79,4330
272.28,3990
272.62,4502
272.5,5553
273.47,13696
273.36,1084
272.72,2617
272.98,11196
272.91,6746
273.04,14308
272.63,2738
273.15,2091
273.14,3621
273.49,1474
273.27,1174
273.6,3571
273.6,2059
273.88,1426
273.74,11261
273.72,5519
274.5,2893
274.33,2879
274.66,18903
275.48,11561
275.45,6138
276.9,1332
276.31,2027
276.36,2691
276.35,1263
276.68,3964
277.37,5368
277.28,2842
277.77,13530
277.8,5253
278.19,12760
278.08,39827
277.46,1784
278.29,4606
278.89,1798
278.66,4818
278.78,4331
278.09,4901
278.25,5844
278.52,2228
278.84,2795
279.76,5917
278.15,3282
278.16,8368
276.89,12237
275.2,6110
269.04,14510
269.63,2408
269.01,6935
268.85,3171
269.2,2267
268.87,1965
268.84,2418
269.51,3352
271.17,2666
270.55,4470
270.76,5786
269.09,32770
269.86,4948
270.45,13169
267.87,7530
265.73,5267
263.73,5349
261.87,7384
260.92,4101
260.83,3155
259.67,3968
258.75,5301
258.56,4519
257.79,5588
256.08,17545
255.77,5321
256.61,3629
258.35,2032
258.75,2617
258.16,3351
256.49,7230
257.22,3892
257.41,4490
257.1,4979
256.91,3071
257.01,2510
258.44,2692
258.34,20182
259.02,6718
260.23,4612
260.86,2104
259.61,2449
257.9,10117
256.76,3143
257.26,4444
256.69,3476
256.81,4093
257.58,3220
257.81,24972
258.54,4808
258.33,20580
256.46,3813
256.81,5396
256.32,5941
255.89,5268
256.57,5102
256.76,6157
257.38,1440
257.33,3263
256.73,5180
256.96,7169
257.97,1625
256.93,4166
256.55,29559
255.14,4623
253.07,8873
253.48,3712
253.64,6231
253.22,8999
253.31,2251
253.4,1362
253.63,4218
255.66,1374
255.03,2425
255.04,2370
255,9309
254.16,26890
256.04,2345
254.85,5805
255.59,2613
254.45,5835
255.32,1853
255.02,2670
254.97,1590
254.82,781
254.9,10889
256.45,5366
255.86,1792
256.13,1557
255.12,12605
255.99,2094
254.87,3720
254.61,1547
253.48,2806
253.18,3112
253.98,2387
254.62,2456
255.06,2157
256.01,2210
255.62,3976
255.16,13878
254.62,9732
254.08,24598
254.36,4197
254.93,5421
254.15,3684
256.62,1278
256.34,5821
256.76,1811
256.2,1664
255.95,2676
255.63,3987
256.04,6017
256.46,5006
256.42,3716
256.41,24448
257.08,1154
256.97,4672
257.17,3858
257.31,3688
257.09,6794
257.24,3514
257.27,5983
256.18,3250
256.69,5939
255.98,9330
255.78,12762
254.93,3322
254.73,23386
256.77,2278
256.47,3309
256.35,2143
256.35,1534
256.97,1679
256.72,1920
257.12,1740
257.37,1689
257.45,3766
257.13,13385
257.71,2656
258.22,22657
257.77,17454
258.88,1107
258.84,2745
260.03,3472
259.84,6159
260.65,4714
261.06,2566
261.07,2653
260.76,2663
260.74,5458
260.03,5126
260.41,5627
260.3,4058
260.6,7286
260.8,4211
259.87,6177
260.01,2550
260.3,1580
258.57,4041
258.99,2438
259.06,4043
258.72,647
258.46,3960
259.01,13609
258.38,2602
258.07,3311
258.26,14804
258.45,31832
258.84,14386
257.42,10330
256.01,14197
253.37,11966
253.29,1251
253.55,1563
253.29,519
253.63,921
253.68,884
254.29,3739
254.92,1785
254.74,9274
254.74,4298
249.88,18185
249.33,11929
251.15,4033
252.4,7603
251.94,7802
251.61,3548
251.18,12907
252.72,10547
253.29,4795
252.77,7227
252.11,5102
250.07,21421
250.3,7891
253.17,6557
253.12,3112
252.84,7166
253.88,5003
254.18,7695
255.61,5124
255.93,2838
257.67,3179
257.04,5842
256.71,2642
256.49,6429
256.32,17559
258.76,1680
260.02,2900
260.32,1078
260.5,2028
261.37,1357
262.47,1757
261.63,1702
261.16,2033
261.46,1733
261.35,2495
261.68,5111
261.8,4049
261.53,24317
260.83,2324
262.73,1942
261.17,3476
261.82,1286
261.69,5257
262.28,3154
262.21,4732
261.71,3064
261.34,4183
261.3,4864
262.38,5350
261.9,7252
261.75,21798
262.65,1284
261.56,1657
260.77,2350
260.7,1508
262.03,3334
262.87,2291
263.48,2068
263.75,3168
264.33,502
264.12,611
264.19,1077
264.22,1622
264.32,6794
266.49,1700
264.48,1613
263.19,225
263.52,2683
264.74,1115
265.51,4057
265.15,3319
265.09,2398
264.58,882
264.2,754
265.06,1615
265.32,1850
265.8,5592
264.69,1096
261.01,1993
260.98,1015
260.94,2292
262.21,2028
261.91,1050
261.48,306
261.42,3550
260.93,3045
261.52,1151
261.49,1452
261.65,4210
261.93,7637
261.17,423
259.91,3564
259.8,842
259.21,713
258.59,1766
259.17,1346
259.17,0
258.81,548
259.01,2485
258.98,1145
259.69,2577
260.19,2196
261.2,4309
262.58,1102
261.24,786
261.52,1157
261.71,1273
260.79,1613
260.47,1025
261.02,663
261.56,687
260.01,1681
259.96,2244
258.91,1845
258.92,1226
258.57,6578
258.2,2162
259.71,911
258.35,732
256.43,2412
256.29,2431
257.37,542
256.7,249
256.49,687
256.15,402
256.86,606
256.54,834
256.11,751
256.15,6394
254.9,1401
253.54,2977
255.51,2263
254.91,2541
253.94,764
253.31,723
254.45,776
255.62,931
255.13,1066
254.16,201
254.09,1376
253.82,2545
253.2,10439
253.2,0
253.44,1495
253.29,686
253.28,713
253,2174
252.22,1990
252.42,671
251.84,570
252.11,200
251.73,1041
251.84,1082
251.04,1958
251.22,4407
253.8,897
254.27,925
254.19,310
254.21,881
251.77,644
251.23,746
250.74,1070
252,680
251.71,711
251.59,243
251.91,949
252.16,412
252.12,2546
252.81,2094
250.1,1610
251.24,904
252.07,1763
252.85,1229
252.81,2950
251.93,752
252.55,1744
252.47,721
252.45,685
252.14,1809
252.25,643
251.6,4967
250.99,2058
251.91,1178
253.4,2697
254.5,11756
255.87,17570
255.95,32723
254.28,5026
254.47,7145
254.33,9919
255.12,4125
255.17,1796
254.84,11276
255.61,38358
254.87,2337
253.95,4688
252.17,8264
251.39,1565
251.25,2826
250.13,3177
250.27,2091
250.63,4925
251.12,937
251.43,1546
250.52,2662
250.23,4592
251.63,16659
249.11,5147
249.99,2513
250.08,1910
248.83,4653
248.46,2569
249.07,1663
248.97,1950
249.94,2090
251.17,778
251.17,411
250.15,2925
250.34,2992
250.75,15152
249.78,4298
251.66,2173
252.62,2255
252.18,787
251.8,2099
251.75,6264
252,3532
251.8,18403
251.83,6260
252.2,3531
252.91,2358
253.25,3922
253.08,10913
256.46,1269
257.38,1419
256.95,3263
254.93,1975
256.18,4529
257.63,8147
257.31,3095
256.62,2350
255.61,2466
255.08,4391
255.93,12242
255.66,15329
255.07,41636
255.28,3136
252.54,33906
252.01,6992
252.56,9405
253.57,9634
253.44,14746
253.26,4514
253.4,2393
251.88,3631
253.89,6010
252.57,5258
252.16,6524
251.97,21669
250.2,3304
250.05,1385
249.97,2148
251.41,3256
250.89,6165
251.4,11287
251.75,8775
251.59,5955
250.35,4841
251.54,6147
250.72,6857
251.2,14728
251.04,26120
252.25,2831
250.79,2920
251.72,5409
252.39,2562
254.4,1884
253.47,1529
253.76,1298
254.71,2954
254.89,3432
255.19,1619
254.84,767
254.57,1424
254.93,9547
255.3,897
254,2267
252.94,1124
252.63,3722
252.5,1846
252.55,2063
252.78,1764
252.54,1415
251.58,2461
251.99,3084
250.34,1480
250.48,3615
250.93,14934
250.3,1905
248.6,2780
249.61,2174
248.11,5823
248.19,2559
247.82,3243
247.09,3036
247.36,1526
247.66,2371
247.93,4741
248.62,4023
247.89,4939
247.59,17851
247.58,11056
249.96,5243
251.94,5134
254.32,1808
253.32,3196
253.8,2621
255.4,1332
256.36,2686
256.09,1856
256.23,1525
256.25,2482
256.62,4679
257.65,20342
257.32,1478
255.88,7326
257.61,3795
257.84,4104
256.36,1800
256.66,1260
256.28,1979
256.09,1331
256.67,2791
256.24,3501
256.31,2074
256.66,2962
256.62,13009
254.91,1148
254.83,500
255.08,1068
255.16,4250
254.38,1858
254.43,2510
254.72,2407
255.16,2259
255.07,2033
254.83,1169
254.74,2430
254.86,2710
254.16,5649
253.2,3483
252.02,3033
251.91,1871
251.01,2328
254,3246
251.75,358
251.96,700
252.57,2156
251.95,1894
252.67,298
252.86,5086
253.94,6842
254.61,10810
253.21,1809
252.88,2154
253.7,2174
254.49,3880
254.52,846
253.53,1570
254.41,1167
255.44,1484
255.45,673
255.96,1851
255.36,3579
255.85,3869
255.97,6578
255.51,1501
255.25,1054
255.23,945
255.7,100
255.18,275
254.17,1238
254.15,632
253.85,200
253.87,585
252.96,914
252.92,805
253.52,705
254.15,10364
253.97,250
255.26,1571
256.2,1023
256.52,1335
257.19,775
257.09,510
257.85,501
256.43,201
257.16,823
256.9,149
257.18,100
257.49,272
257.17,5268
259.38,3374
260.98,3682
259.95,3649
258.79,1428
258.26,4283
259.48,3089
259.4,1986
259.33,2025
259.24,1986
259.02,656
258.2,3503
257.88,3094
257.51,11696
255.76,3026
251.65,5706
253.98,6099
254.05,2601
253.92,2510
253.62,1315
253.65,2734
254.03,2338
253.76,2543
254.45,1865
254.79,6365
255.51,2274
254.92,6161
255.71,1132
254.75,610
255.49,244
256.01,3068
256.02,3226
256.99,1227
257.33,2893
256.92,3474
256.94,431
257.4,1912
257.52,2274
257.45,1665
256.26,10018
257.22,13433
252.81,6805
252.28,800
252.85,473
252.87,2169
252.82,2741
252.89,112
252.73,925
252.9,2239
252.65,1463
253.23,1223
253.99,1610
253.86,6514
253.8,3130
255.22,4087
254.64,2106
254.37,5290
254.22,1983
254.51,2504
253.81,2575
254.19,3713
252.94,6167
252.94,1560
252.59,3379
252.12,2940
252.1,31389
254.31,2185
253.53,2696
253.98,1340
254.41,1270
254.73,1264
255.43,2388
255.58,4210
256.28,3789
256.52,465
256.53,1170
256.27,1225
257.09,4436
257.62,5904
259.5,11307
257.74,10286
258.53,12419
258.83,6335
259.74,1691
259.73,1325
259.4,1046
259.85,632
259.77,664
259.6,983
258.97,1650
259.33,1396
260.04,22931
257.81,7988
258.64,5183
257.61,9760
258.34,1690
258.95,897
258.69,1085
259.02,1707
258.34,3668
257.51,770
257.81,1639
257.4,3535
256.21,3717
256.25,7130
256.54,1489
256.42,1159
254.38,3820
255.63,2470
255.32,1005
256.23,1272
256.41,507
256.01,605
256.35,1170
256.13,551
256.79,528
257.3,405
257.17,5169
259.48,402
260.29,845
258.86,2062
257.1,2273
256.64,992
257.92,3230
257.81,1503
257.76,2317
256.87,2294
257.02,917
256.77,1443
256.75,2416
257.22,15952
258.92,5578
261.93,2193
262.19,1499
261.92,1036
263.38,107
262.1,1476
261.19,2768
261.19,0
260.28,3309
259.1,2164
258.26,2019
260.55,2392
261.23,743
261.28,709
261.43,1752
261.75,1059
261.88,914
261.9,2056
261.66,584
262.24,959
262.47,5048
258.96,7055
257.41,1853
257.37,981
257.45,4006
258.1,1179
258.45,2408
258.95,1825
259.58,604
259.95,1320
259.05,1301
259.02,1583
259.18,4699
260.34,8875
255.92,1357
257.24,1868
257.61,1344
258.46,300
258.34,332
257.67,852
256.9,727
257.76,1401
257.35,639
257.05,2402
257.18,1636
256.7,1124
256.55,8679
256.62,3214
256.54,2905
255.22,3070
254.87,1138
255.23,3362
256.09,940
256.09,1677
256.67,940
256.58,1825
258.18,888
258.96,1506
259.48,2639
259.34,9105
260.33,2113
259.16,5964
259.03,1045
260.66,1069
261.23,808
261.46,1060
261.58,1312
261.47,704
261.27,759
261.29,548
261.2,366
261.7,888
261.93,5556
264.09,3755
265.22,3412
264.16,2487
264.34,3884
264.7,4072
265.53,2378
266.59,3727
267.76,3345
267.27,2529
267.46,2587
267.15,1533
267,3907
265.93,15563
264.31,1966
263.9,1059
264.71,1638
265.04,844
265.31,960
265.4,326
266,572
265.23,377
265.46,737
265.61,861
265.67,784
265.58,937
266.19,4440
266.32,1122
267.69,2503
266.95,1204
267.75,1943
268.78,1662
267.58,2409
267.98,1482
268.15,1595
268.38,1090
268.8,1634
268.98,1289
269.09,2336
269.67,6270
269.14,1257
270.06,2915
269.31,814
269.27,2741
269.13,1123
269.2,621
269.48,816
269.42,340
269.87,1470
269.9,987
269.16,493
269.2,1258
268.96,4769
267.42,3196
266.4,11726
267.2,8459
266.41,6136
265.45,4729
264.14,5914
263.86,4625
263.14,3627
262.64,3153
262.67,2525
262.56,3212
262.22,2219
262.11,14668
265.65,1246
266.05,913
264.43,3210
263.9,783
263.51,938
262.97,2409
263.03,696
263.38,1152
263.44,896
263.18,649
263.03,367
263.34,1332
262.74,4052
258.39,4964
257.82,3538
257.42,3184
257.94,1059
258.38,1353
258.96,1174
259.48,1009
259.25,1845
258.05,5096
257.89,1810
257.57,1076
258.83,940
258.19,7871
258.86,4302
258.63,3546
259.47,625
259.77,2072
259.5,1592
260.88,421
260.36,2304
259.86,2285
259.19,3837
259.44,1657
260.24,1480
260.05,3202
259.96,9335
263.29,672
262.43,3973
262.23,2941
261.94,1255
261.9,2113
262.52,1532
262.66,922
262.66,1749
263.29,2993
262.89,3998
262.99,1288
263.16,921
262.91,15100
264.08,710
262.17,2051
261.55,4056
261.76,3788
262.23,2218
262.45,3025
261.95,2757
262.22,2994
261.55,1342
262.68,733
263.41,774
262.95,3284
262.87,11585
262.85,1946
264.57,923
264.32,1448
266.3,1125
265.95,4706
266.32,725
266.21,5806
264.83,4556
264.51,734
264.51,1490
263.92,1487
264.83,1189
263.03,4684
264.58,328
263.37,235
261.53,1061
259.61,762
258.01,3243
260.03,2196
259.42,2401
259.66,2494
259.96,2030
258.85,2042
258.64,416
257.92,2232
258.56,4467
257.65,2311
256.29,7755
255.49,13249
255.49,3948
254.23,2737
253.66,1924
253.63,2094
253.57,862
252.29,1429
252.57,1513
252.61,2165
252.96,2396
252.41,9499
251.94,8786
253.38,4496
253.52,1950
252.9,4334
252.88,5278
252.88,1286
252.94,346
253,1618
253.03,3503
252.94,2576
252.25,1176
251.73,1210
251.85,10298
253.63,865
252.62,2187
251.37,2301
250.6,2037
250.14,1472
249.71,1129
249.48,1178
249.8,1316
250.18,1879
250.11,1522
250.51,2710
250.52,1437
250.18,9541
248.57,1379
248.66,3816
247.58,5387
247.49,10716
248.02,4957
248.44,2603
249.28,3213
250.12,2350
249.37,2923
248.45,10820
249.05,11626
249.01,3458
248.65,50859
253.13,8139
251.11,6362
252.93,3725
251.91,3367
251.5,3966
251.76,2788
253.84,6569
255.13,2168
254.08,2421
254.17,5416
255.15,3948
256.77,5576
256.77,76511
253.38,14821
249.83,15993
250.27,21351
250.59,9055
250.64,7525
251.15,7425
250.32,4191
251.62,4642
250.58,15441
247.2,9299
245.8,10352
244.91,3753
244.7,17243
248.01,1649
249.68,2600
252.13,1454
251.62,1043
251.05,1403
249.81,10594
251.42,2775
252.44,1271
252.36,1998
253.23,1223
252.75,2021
252.74,3009
252.73,8452
250.68,2061
250.55,7457
249.23,9663
249.75,6773
250.17,3485
251.1,3800
251.37,3335
251.86,2451
252,7657
252.09,316
252.37,1553
253.18,1219
253.36,7183
249.43,1719
252.88,2333
253.5,764
254.77,2950
254.62,2346
255.07,234
255.51,1300
255.49,668
256.26,2303
256.48,1573
257.07,1568
256.72,1961
256.77,6652
256.57,3446
255.76,6782
255.63,1972
256.77,3106
257.56,2370
257.02,1457
255.99,2013
256.19,1704
254.83,700
254.19,2493
253.72,2318
254.84,1602
254.07,9129
253.75,942
254.08,3541
253.82,3979
255.38,2543
254.66,3005
255.58,914
254.8,1958
255.1,1481
256.05,1320
255.69,4077
255.92,3988
256.2,3689
256.78,18844
257.36,1525
255.19,1353
254.09,1952
254.33,1014
253.22,1716
252.92,1610
254.05,683
254.23,1929
254.2,770
253.16,504
252.54,1697
252.71,1947
253.43,16275
250.56,2630
251.69,2442
250.93,2157
250.88,1599
250.83,2853
251.13,688
250.62,879
250.59,1895
250.2,2218
249.86,2816
249.25,3276
250.62,646
249.87,4969
249.99,2868
250.68,5024
250.39,3419
250.85,2544
250.41,4165
250.59,764
250.72,2200
250.48,3641
249.51,1349
249.51,0
250.68,715
250.16,1052
249.51,10118
249.65,1682
249.43,1981
249.6,1422
248.86,3338
248.21,1156
246.9,2713
247.34,423
246.74,2336
246.57,1763
246.53,1228
245.57,5086
245.16,3839
245.45,12136
241.81,5595
243.97,1288
244.63,2286
245.81,981
246.01,2166
245.82,2196
245.65,827
245.9,573
245.28,2828
245.05,1765
244.38,1008
243.83,856
243.69,12256
243.71,1207
243.48,1368
243.48,0
242.73,763
241.61,1450
241.18,438
241.37,1531
241.55,7505
242.2,3963
242.93,5890
243.06,3773
243.68,1795
243.87,28058
245.04,593
243.6,1332
243.52,361
243.71,644
244.45,842
244.8,1304
244.71,306
244.38,100
244.27,673
244.06,111
244.6,1346
244.4,412
243.87,13532
245.98,1285
247.68,1182
247.45,2055
248,5798
247.86,462
247.33,931
247.32,519
247.33,915
246.82,1291
246.68,1633
246.67,1155
245.98,2276
245.54,11868
247.6,1078
248.47,3009
248.72,1356
247.79,1842
247.88,1907
247.88,0
245.83,410
245.38,913
245.44,4071
245.17,350
244.18,200
244.38,2733
244.21,9675
245.98,508
246.14,2297
245.9,5005
245.04,3019
246.46,1703
246.47,599
247.2,521
247.08,1291
246.55,767
246.54,312
247.11,2227
247.57,1737
247.56,6734
247.96,1396
249.7,818
249.21,1516
248.82,2735
248.51,983
248.95,1473
248.35,1841
249.19,1093
248.95,1893
248.57,1228
248.4,1270
248.8,2437
247.99,9497
247.46,417
247.8,544
247.96,1554
247.31,425
247.63,616
247.85,1906
248.55,848
248.42,499
248.75,407
248.34,1175
247.75,794
247.91,2268
248.52,10570
249.69,1217
250.75,2303
249.47,366
249.95,2506
250,1196
250.48,980
250.34,774
250.17,639
250.34,1029
250.55,1160
250.44,448
250.7,2579
250.52,7288
250.69,310
249.02,2346
249.86,232
249.56,1342
249.17,6122
248.7,595
248.38,778
247.89,623
247.6,5767
247.9,460
247.35,5838
247.34,2893
247.15,6798
248.01,3049
248.13,2968
247.07,3080
246.46,3496
246.35,965
245.86,1611
246.22,985
246.08,1672
245.86,2649
246.09,3014
245.77,1607
246.06,1729
246.59,8426
245.3,2992
244.83,836
244.03,381
245.18,577
244.22,626
244.49,627
244.12,535
243.75,101
243.32,694
243.35,1287
243.54,681
243.15,3381
243.22,9668
242.95,1180
242.09,2137
240.43,9087
241.04,1080
240.37,226
240.55,1004
239.3,360
239.02,3160
238.72,2326
238.55,1413
238.39,3007
238.33,3116
239.61,9050
241.02,2451
241.02,1337
241.14,314
242.47,182
242.45,702
243.99,1657
244.01,1406
243.29,721
242.82,3046
243.06,271
243.12,913
243.45,1063
243.41,7035
244.52,1371
245.09,371
245.97,221
246.16,1160
245.7,2137
245.33,1440
245.47,1324
245.74,3485
245.25,2836
245.29,1290
245.05,1161
245.14,3254
245.1,9564
245.02,895
243.85,2895
245.87,271
245.2,229
245.25,1000
245.41,703
245.64,524
245.85,873
246.06,2244
246.53,1404
246.92,1789
247.32,1127
246.98,2114
247.35,2693
245.79,4589
245.59,2368
244.94,1671
245.5,674
245.84,309
245.84,0
245.84,0
246.35,107
246.21,769
246.31,573
245.95,1219
246.21,9164
245.67,728
245.18,2104
245.56,2611
245.3,2208
245.25,2411
245.04,832
244.74,2589
244.93,2265
245.62,2665
245.51,2628
246.21,1489
245.55,2167
246.02,7839
248.04,3826
247.65,2628
249.39,2090
248.79,1291
249.21,1173
249.61,1906
249.01,700
249.18,1947
248.65,370
249.11,470
249.7,770
249.82,533
249.64,2959
247.48,550
248.37,5856
248.85,1920
249.03,1257
250.29,920
250.29,1071
249.55,770
248.45,2056
248,3277
247.71,1642
248.09,2476
248.47,2298
248.07,6323
246.18,2518
245.17,4950
245.78,2004
245.65,1347
244.98,1159
244.7,207
244.78,1557
244.61,2086
244.48,2543
244.49,1450
243.47,3980
243.82,2595
243.67,9086
245.14,6352
246.11,5852
245.22,3605
246.23,913
245.95,2692
244.29,1764
244.69,3630
244.6,830
244.34,2207
244.8,3516
244.36,2582
244.51,3160
245.23,5521
245.25,2297
245.18,2636
246.03,6331
245.35,5043
245.48,11024
246.33,3777
246.21,2920
246.67,1739
246.62,168
246.04,1306
244.81,460
246.13,669
244.72,1325
243.38,4211
241.81,1513
240.63,525
240.45,724
239.34,681
239.48,383
239.84,423
239.04,200
239.16,512
239.19,1362
239.04,723
239.3,604
237.8,7961
238.2,1661
239.44,552
239.3,2583
240.12,3710
241.34,661
239.96,428
240.41,365
240.98,452
240.36,829
240.45,943
240.6,1338
240.37,1819
239.78,6025
237.52,503
237.82,600
236.02,10269
236.92,7777
236.94,5337
237.02,100
237.52,940
237.67,561
237.89,485
238.37,464
238.57,1391
238.45,446
238.07,5519
236.33,2403
238.37,1187
238.41,757
238.64,1049
238.33,857
238.45,541
237.49,1181
238.06,1359
238.26,563
238.16,675
238.13,961
237.98,3117
237.84,4630
243.56,10049
244.64,5161
243.79,1343
242.53,2534
242.19,2650
241.81,1336
242.11,1507
241.78,1243
240.79,1568
241.66,2770
242.65,1913
242.64,2663
241.76,10390
240.92,1481
242.55,1059
239.92,557
239.98,682
240.16,837
240.61,448
241.15,648
240.29,577
239.56,346
239.65,742
239.14,1388
239.47,2296
239.9,4869
241.45,738
239.63,376
238.99,994
238.81,310
237.9,659
238.11,211
237.95,1835
237.69,1291
237.41,1091
237.49,546
237.73,449
238.95,1913
237.98,6058
238.88,2050
238.78,6433
237.42,1900
237.65,2576
236.72,1817
234.78,1419
234.46,479
234.38,907
234.22,733
234.31,863
234.47,1778
234.33,1674
235.29,4843
233.56,842
233.7,833
232.2,951
231.97,665
231.38,407
231.83,200
232.27,550
232.35,224
231.83,395
231.68,500
231.9,998
231.36,6706
230.67,4624
233.05,2273
233.19,470
231.62,2275
230.41,2804
232.8,1698
233,602
233.51,600
232.79,705
233.08,553
232.93,1522
232.8,4431
232.64,2374
233.22,10389
232.74,1289
233.58,763
233.59,1621
232.99,810
232.57,1461
233.1,696
233.94,898
233.42,1127
233.54,2060
234.09,1138
234.53,572
234.37,2086
234.49,5094
232.85,2929
233.66,2799
234.03,1163
233.51,1012
235.87,827
237.86,1222
237.04,1368
236.49,1910
237.36,300
237.95,614
238.28,1424
238.75,3430
238.59,10632
239.15,506
239.19,2303
240.43,416
240.77,698
242.09,101
241.83,637
241.45,621
241.64,484
243.03,1320
243.03,1754
243.87,1366
243.81,1074
243.84,3287
243.75,1362
244.49,100
244.77,1510
244.78,673
245.95,485
246.97,915
246.9,940
246.44,2063
245.72,647
245.38,2012
244.05,1284
244.63,1098
244.64,5591
248.64,899
247.77,1760
247.14,1549
247.75,728
247.91,1152
247.78,1258
247.58,1119
247.1,203
247.1,0
247.37,712
248.53,100
248.51,622
248.56,4170
248.04,501
247.34,1283
247.71,969
247.63,1475
248.84,1778
248.86,630
248.94,804
247.53,1192
247.27,1319
246.37,830
246.64,334
246.95,642
246.88,6738
247.88,3396
245.31,2161
247.01,1772
245.2,1773
245.01,1851
243.97,1424
244.73,374
244.59,2266
245.58,628
245.75,900
245.33,300
245.6,818
245.11,4707
247.72,1431
245.79,6045
247.72,4827
249.08,3291
248.18,2183
248.06,6164
248.2,2716
247.98,2640
248.58,3444
248.93,2007
248.24,2354
248.66,3052
249.16,9219
248.14,6456
247.84,9349
248.36,1284
247.97,2950
247.96,4027
248.62,2845
248.46,1359
247.06,2924
246.73,2248
246.31,2540
246.18,2548
245.47,2006
246.21,3628
245.93,3430
243.22,2796
243.24,1846
242.94,1944
242.4,575
242.24,500
241.9,822
242.79,219
241.57,468
242.17,703
242.59,1492
242.28,2549
242.08,10019
239.37,5067
239.7,1778
238.46,2046
238.19,996
239.3,595
239.23,1711
238.57,2624
239.65,2386
238.76,953
237.32,968
236.37,1339
235.56,2741
233.98,13618
234.69,320
233.13,1360
232.53,2946
232.46,1201
231.04,1605
231.06,2384
231.32,419
230.29,4444
230.1,2076
230.15,1107
229.68,2625
228.83,1584
228.15,9959
225.67,3076
226.7,2258
226.14,4231
226.3,2323
227.02,2398
226.31,4211
226.07,1171
227.31,2668
226.25,2811
226.34,4107
226.29,5427
226.55,4896
224.39,11850
223.77,1338
223.11,4017
222.91,4617
222.47,4022
220.82,5923
219.78,6041
219.26,4970
219.43,3477
219.42,4372
219.14,2138
218.65,4503
218.55,11167
219.4,19472
218.57,8852
217.93,1086
216.76,4414
216.52,5238
217.01,1976
216,2619
215.61,1464
215.51,4932
215.76,5865
215.35,1927
213.98,1974
213.51,3506
214.21,11550
215.97,29637
216.36,41450
217.5,24048
217.75,22936
217.2,7422
217,9517
216.89,5554
216.71,9171
216.53,7669
216.86,7337
216.1,15412
216.55,21169
215.95,11983
213.93,2151
213.8,3208
214.57,2307
216.06,2272
216.62,1708
216.88,797
216.74,2055
215.23,2313
216.23,2293
216.76,1248
216.25,410
215.35,2610
216.08,4724
215.99,4410
213.29,3969
213.78,1436
213.24,3565
211.88,3248
213,2937
213.16,3824
213.31,2092
214.9,3700
215.17,2544
214.25,2796
214.59,6205
214.98,20332
221.22,9925
213,6345
212.27,5021
214.24,2924
214.57,8501
215.01,29730
215.78,2578
215.99,6376
216.17,3513
215.1,5651
213.62,4092
214.54,3327
215.57,11902
217.17,15630
215.11,871
214.09,386
212.71,1339
213.27,1878
212.74,6220
214.16,1728
213.38,753
214.65,951
215.59,2590
216.29,3040
218.87,4783
219.07,6871
222.39,2261
223.95,4201
224.08,1945
225.01,2990
226.33,2633
226.36,2434
226.18,5965
226.69,3235
226.94,3675
225.37,1247
224.89,1320
224.2,1847
224.29,6643
228.98,4037
232.2,10350
231.23,10668
232.1,7038
232.31,8298
233.08,5093
233.94,2478
232.94,1476
231.73,2371
232.1,4769
230.92,3782
231.26,2442
230.06,18944
229.16,2763
226.34,5022
225.54,2595
225.04,2318
224.19,12586
224.78,2229
224.65,1809
224.82,3238
224.99,3669
224.92,709
224.9,1321
224.76,6387
224.17,21922
224.76,2046
223.16,3290
223.95,1271
223.38,1959
223.24,3668
223.19,1327
222.73,1620
222.96,1248
222.62,3296
223.33,1337
223.03,4679
223.14,4903
223.4,35583
226.92,16808
227.47,17856
226.91,5185
226.6,1502
226.65,2627
225.97,6278
225.61,3692
226.08,8545
226.64,7813
226.14,10256
226.79,7425
226.3,11986
227.44,38684
227.62,18812
227.02,2251
225.83,4860
225.28,6082
224.61,1200
224.9,1251
224.9,1140
224.91,4546
223.76,3005
223.63,2121
223.54,2387
223.14,3142
223.53,16427
224.48,7345
222.36,3630
222.04,1834
222,1630
222.22,2076
222.24,648
221.69,1049
221.91,3540
221.85,2410
221.68,1906
221.48,1666
221.33,3276
221.54,13600
220.42,4162
218.93,2394
219.61,1793
219.82,3679
221.47,3162
221.88,4707
221.88,1671
222.37,2265
222.67,3016
222.97,2472
222.94,3125
222.98,3661
223.04,13132
229.16,9946
230.19,7749
231.67,5905
234.84,10580
235.72,4600
235.05,2525
234.6,1895
232.94,2127
234.69,2354
235.52,6454
235.78,10289
235.43,11509
235.94,39897
235.22,6282
235.97,8973
235.08,4601
235.4,4048
234.75,1488
234.51,2530
235.99,1454
236.29,6358
236.49,1690
236.26,1091
236.38,2792
235.99,1430
235.88,11279
236.72,1724
235.63,4343
236.19,6769
235.68,13795
236.75,7863
236.72,7542
236.03,9928
236.09,7373
235.95,6795
236.16,7842
236.06,16226
236.23,10814
235.86,11778
236.29,2800
234.92,2899
234.39,2143
233.99,1870
233.11,1052
233.94,2032
233.73,1094
233.16,1785
234.07,1146
233.44,1681
233.15,1999
233.25,1938
233.77,12738
232.49,5034
233.71,6304
233.95,1621
233.84,1337
233.92,1441
233.09,4984
232.34,609
232.94,4477
232.95,1696
232.97,915
233.07,1782
233.18,1195
233.36,10328
231.47,1832
232.24,4220
232.31,514
231.88,100
231.86,936
231.57,634
232.43,643
232.87,784
233.24,1540
232.76,5096
232.05,1385
232.37,618
231.96,6237
233.54,1606
231.26,1241
232.06,1013
231.79,1699
231.08,1611
230.74,1552
230.15,739
230.27,647
230.1,423
229.77,399
229.59,785
229.64,1006
229.85,5849
227.95,2294
229.63,2843
229.49,1313
229.86,1070
230.09,1327
230.02,1558
229.88,6389
229.88,0
229.73,4530
229.58,4248
230.58,1742
230.33,3273
230.94,4952
231.57,5104
232.51,3003
232.32,897
232.73,1342
233.07,2141
232.85,2815
232.48,1712
232.04,24902
230.85,5223
230.57,1813
231.07,1055
232.27,3560
232.09,2199
231.99,1933
231.97,6043
231.96,2189
231.8,2935
231.81,1062
231.37,1003
231.55,4817
231.5,27242
233.74,8251
233.53,2610
233.19,983
233.17,1414
233.95,2545
233.71,2013
233.48,1313
233.64,1578
233.68,638
233.19,663
233.54,1488
233.51,1958
233.55,28480
232.07,1186
232.84,3493
233.91,22204
233.8,7014
234.22,1823
233.7,467
233.05,854
232.99,2101
233.71,585
233.71,924
233.88,513
233.7,1145
232.73,6929
232.93,3776
236.03,3565
235.63,406
236.03,3902
237.51,2535
238,1585
238.2,10614
238.16,1478
237.63,3426
238.53,13213
239.36,3105
239.67,2846
239.9,7767
239.61,5354
240.55,6402
241.56,3899
240.71,8950
240.95,2166
241.48,1268
241.61,2205
241.66,1556
241.39,4046
242.1,7480
242.37,3915
242.57,3085
242.15,11788
242.91,4915
243.47,1759
242.77,825
243.17,862
242.75,703
242.24,1626
242.27,640
242.82,409
242.79,1201
242.76,1059
242.89,721
242.95,5939
243.12,7063
242.81,8365
242.84,2758
243,3542
242.73,5481
242.31,10449
243.02,2254
242.19,2009
241.8,1474
241.94,6862
242.65,3610
243.17,4975
243.48,8939
243.04,11206
245.3,873
246.15,1048
246.87,2934
248,869
247,1242
247.57,854
247.37,1583
247,200
246.81,958
247.31,1622
247.33,1547
246.61,1490
246.51,9293
246.05,2703
247.82,1596
247.55,2320
246.74,239
246.17,792
245.72,1307
246.19,1034
245.98,1515
246.09,1975
245.91,2553
246.93,1851
247.16,525
247.05,5581
247.58,1844
247.05,2447
246.7,1804
247.93,2963
248.22,2097
248.93,1434
249.35,2217
249.45,687
249.24,674
249.33,818
249.31,3980
249.7,390
249.68,5032
248.28,957
249.4,244
249.68,300
249.22,1233
249.3,1266
249.02,791
250.1,1190
249.86,1160
249.41,1206
249.27,1362
249.14,1121
249.35,2669
249.54,8013
249.45,3504
249.35,1677
250.83,1277
251.39,1709
251.97,1768
251.63,1671
251.78,209
251.1,2207
250.86,3697
250.57,11645
254.11,3574
258.51,4276
259.34,24865
263.02,7340
265.77,16691
265.98,10366
264.94,4921
265.2,1599
266.35,6376
265.77,674
265.09,1218
264.91,7274
265.18,1745
265.39,4976
264.69,5345
264.7,13628
265.2,11596
263.12,2072
263.54,1685
265.58,11615
263.74,3216
263.61,2409
262.78,2380
262.18,7890
262.94,894
262.65,1113
263.11,1740
263.1,1981
264.01,9279
264.91,1551
264.09,1157
264.84,449
264.4,1247
264.32,904
264.52,1113
264.58,562
264.4,102
264.72,1306
264.84,763
265,1100
264.09,1249
264.42,8331
265.57,4184
265.72,3266
266.98,1391
267.84,1567
269,1916
268.33,3865
269.16,1512
269.24,2506
269.41,433
269.42,778
269.7,1630
270,742
270.37,6281
269.14,2469
271.87,732
270.95,827
270.95,109
271.53,886
271.59,681
271.59,0
272.58,213
272.17,220
271.58,240
271.84,213
267.98,1421
269.15,5287
268.47,511
271.11,2249
270.4,1674
269.28,414
269.06,774
268.1,1387
268.77,965
268.57,2251
268.66,274
269.31,1273
269.29,2141
269.11,1001
269.78,11181
271.96,1275
273.03,1396
274.54,781
273.65,788
273.05,255
272.38,1144
272.33,1816
272.25,789
272.25,0
271.05,766
270.84,493
271.62,1419
272.05,2147
272.77,101
274.72,1988
274.86,783
274.86,0
275.02,276
275.23,101
275.36,2025
275.67,515
275.69,136
275.62,375
275.62,0
276.15,896
276.28,1732
275.75,1661
278.58,973
277.82,372
277.46,730
277.46,0
278.01,361
277.18,100
277.74,675
277.69,149
277.63,458
277.49,347
277.66,460
278.11,4033
280.01,136
280.46,266
280.34,864
279.29,667
279.58,491
280.13,666
280.06,104
279.61,361
279.76,728
279.76,0
280.73,810
280.87,769
281.08,4510
281.08,0
280.96,613
280.64,422
279.64,107
279.75,685
278.79,206
278.97,2009
279.13,100
279.13,0
279.53,691
279.91,618
280.23,1360
280.04,2405
278.18,1813
282.55,1841
282.48,914
283.91,1110
283.5,1530
283.96,863
284.56,1509
284.39,200
284.14,473
284.06,593
284.14,1225
283.86,1811
283.95,5920
280.47,2086
279.57,1772
279.23,1028
279.8,591
279.71,1504
279.86,648
279.45,2294
279.86,1341
280.27,781
280.12,1286
279.87,527
278.8,2657
277.99,4332
274.87,1173
276.27,685
276.23,603
276.46,1673
276.72,2395
275.18,1208
274.47,809
274.33,899
274.33,0
274.33,0
274.54,337
275.21,524
275.73,6291
271.48,1476
273.17,1586
275.39,1380
274.3,709
272.39,206
271.95,206
271.55,606
271.38,346
272.91,647
273.81,339
273.05,1110
272.36,1170
272.44,8032
271.65,200
273.62,1191
272.96,1751
272.24,2248
272.85,1592
272.83,3403
271.94,2525
272.24,3605
272.02,1715
272.42,2710
272.82,7629
273.5,3520
273.36,20038
271.53,202
270.91,2039
271.46,1585
270.58,1138
271.32,501
271.58,100
271.47,668
271.43,456
270.4,1334
270.65,100
270.21,1169
270.76,2693
271.27,11045
269.56,3216
270.39,3992
269.65,6669
269.11,7286
269.06,3882
270.54,9188
270.3,1643
270.41,862
270.19,3524
270.43,5973
270.4,10810
270.95,8439
270,18741
266.96,3748
266.2,1792
265.76,7708
265.85,1050
264.48,2877
264.68,2794
265.12,2956
265.56,4951
265.18,1963
265.47,1882
265.85,1590
265.94,6599
264.81,10100
265.86,1492
267.67,2433
266.18,653
265.28,1007
266.88,2582
266.21,2137
267.28,1873
267.9,102
268.16,425
268.97,808
268.85,3633
269.48,1800
269.9,8047
267.08,379
267.15,2474
268.17,1958
268.35,2882
268.49,1065
267.77,808
267.75,756
268.45,601
268.88,425
267.89,598
266.73,1326
267.76,2441
267.65,11358
266.72,1257
269.15,2049
269.29,2192
268.88,2995
267.76,3040
268.06,2418
267.78,1132
267.54,1554
266.39,3727
267.4,2209
267.41,3135
267.57,4725
268.57,8699
268.68,1834
266.75,1094
267.36,2608
263.35,1133
263.72,2370
263.63,2909
263.66,2629
262.86,2252
263.76,1421
264.13,2965
264.86,3283
264.78,1791
265.57,11399
265.09,804
266.83,2181
265.67,929
264.76,2383
265.49,1435
266.14,852
266.5,895
266.15,729
266.88,1043
267.23,1448
267.54,2092
267.34,1408
267.15,5100
267.48,1165
269.25,1240
269.05,1320
269.02,620
268.07,770
267.95,538
268.1,351
267.84,1723
267.97,431
268.56,936
268.74,462
268.74,1294
269.49,5442
269.4,295
269.85,1620
268.98,1817
266.82,734
266.22,2235
266.05,826
265.36,1482
265.03,1557
264.62,543
265.67,1090
265.31,915
266.78,3623
267.23,5572
269.47,1215
268.56,2358
265.85,1057
266.08,622
265.74,1163
265.89,1151
266.02,1126
265.39,360
264.7,1263
265.08,832
264.51,448
264.94,1273
264.4,4414
265.1,1990
268.19,1583
267.33,110
267.01,1567
267.08,1070
266.39,467
265.57,508
265.73,1465
265.43,664
265.39,1031
264.75,1464
265.01,850
264.51,3983
267.62,719
266.25,1113
264.59,200
265.31,232
264.89,201
264.89,0
265.09,1714
264.85,1019
264.75,1806
264.16,829
264.54,261
264.59,368
264.14,962
264.49,327
264.15,219
263.55,1291
263.77,777
263.76,292
263.82,854
263.48,129
263.4,351
263.24,480
262.58,100
262.46,100
262.76,1445
264.4,4095
261.28,690
261.45,853
261.53,1096
262.77,752
263.54,4961
263.86,935
263.65,1380
263.19,1311
263.21,1230
263.19,1322
263.53,1054
261.72,737
260.9,6963
262.29,805
261,1538
263.07,863
262.79,303
261.24,200
261.29,3234
261.22,534
261.03,336
261.27,456
261.25,589
258.67,328
258.98,1361
257.78,4789
258.15,3551
257.25,2472
257.49,1186
257.4,6255
258.48,756
259.3,2072
259.63,1219
260.57,850
260.8,826
260.76,834
260.09,275
260.66,786
261.02,4634
258.28,1730
253.95,2352
254.49,1860
254.86,902
255.96,425
255.42,302
255.42,354
255.29,676
255.07,996
255.63,899
256.68,569
257.22,1787
257.64,2745
253.53,1537
250.94,1775
250.53,1431
250.77,1560
251.02,303
250.49,329
250.98,376
250.84,567
250.86,1300
252.12,113
252.49,1141
252.07,1655
252.52,3323
250.23,492
251.06,2680
252.16,754
252.61,688
253.72,363
253.99,420
254.06,2307
254.5,890
255.06,1064
255.06,0
254.63,212
254.64,855
254.62,2683
254.44,513
255.34,1337
257.15,400
256,310
255.73,348
256.53,582
256.82,811
257.77,223
258.12,407
259.1,953
258.65,858
258.53,1122
257.64,6367
257.49,1542
258.22,739
258.94,561
258.86,701
258.95,457
259.15,539
259.07,602
259.07,0
259.23,620
260.01,332
260.12,208
260.57,1245
260.12,3620
259.99,1413
258.46,293
258.15,1090
258.15,0
256.87,784
257.23,1111
257.67,1414
257.67,108
257.72,551
257.98,312
258.34,713
257.95,741
257.97,5532
260.94,956
260.12,1012
259.01,1622
258.63,1642
259.54,100
258.55,718
258.49,882
258.4,308
257.9,209
258.4,107
257.6,391
257.84,170
257.58,904
252.51,1840
250.45,1994
250.98,1497
252.23,103
252.04,383
252.15,204
252.12,317
251.56,104
251.61,317
251.4,122
251.31,623
250.47,1386
250.68,4198
253.36,1521
253.06,370
253.06,0
253.87,1188
254.21,100
254.21,0
254.21,0
255.17,1065
256.12,316
256.29,1873
256.69,322
257.22,808
257.19,11377
259.3,4462
260.19,1064
259.42,831
259.41,2397
258.85,1481
259.03,839
259.59,211
260.01,662
261.14,1235
260.94,1057
260.81,816
261.46,2001
261.56,15954
258.92,2123
257.62,4169
259.25,1732
260.39,1338
260.25,453
259.88,500
259.2,520
258.92,200
258.92,652
258.81,878
258.68,702
258.12,1746
258.19,4789
255.93,1582
257.08,3660
258.92,3710
258,3517
258.22,4055
258.51,4663
258.25,2753
258.59,4920
257.78,2471
258.75,2631
259.65,5217
260.62,6486
259.75,8749
268.31,6763
267.01,4149
265.74,2058
263.9,2132
262.83,1255
261.41,538
261.81,1553
263.17,2151
263.29,3654
262.71,2486
262.13,3372
262.79,3486
262.34,10542
264.55,4713
265.14,2672
263.27,949
263.09,2025
262.88,1844
262.92,1539
262.7,1958
261.71,2882
262.53,833
261.9,787
261.26,749
261.64,1515
261.46,5253
260.03,848
261.91,516
261.91,0
260.5,709
259.95,2017
259.97,913
260.77,751
260.65,556
260.77,861
260.84,728
260.96,301
260.98,1223
260.42,7024
259.15,1030
258.63,431
257.86,415
256.9,413
256.8,229
256.99,500
255.9,334
256.51,777
256.2,670
255.81,413
255.9,1287
256.17,1853
255.43,7798
255.98,600
257.28,991
255.79,4168
256.01,500
256.44,246
256.74,476
256.95,309
256.95,0
256.59,605
256,100
256.3,301
257.03,554
256.4,6674
254.66,15672
250.81,7432
253.02,4621
254.41,5457
254.26,4965
254.37,4129
254.86,4632
255.29,386
256.58,1480
256.77,1525
256.7,2888
257.03,1204
256.38,7984
257.51,1494
259.02,1585
259.21,410
258.51,315
259.58,352
258.23,211
259.41,393
260.23,685
260.73,852
260.44,674
260.9,1454
260.18,2062
259.44,7259
256.59,11049
257.58,3062
258.67,1272
259.6,2774
259.01,4228
257.69,1461
256.79,973
256.28,1548
257.04,100
256.88,916
256.66,1618
256.95,1569
256.96,4948
256.58,1258
254.74,1061
255.57,7261
256.41,790
257.13,358
257.88,417
258.88,1193
258.66,733
258.7,1112
259.01,603
259.19,508
260.1,764
259.97,4938
259.89,2098
259.52,1946
258.69,1733
257.68,776
257.46,606
256.65,480
256.47,395
256.69,1066
256.76,1283
255.83,108
255.83,0
254.93,1032
254.59,1588
256.91,248
256.91,558
256.34,1990
256.57,511
256.62,419
257.97,100
257.61,1307
257.44,3310
257.16,909
256.79,4278
257.4,1134
258.19,1516
258.56,4645
258.43,1236
258.2,1221
261.1,1749
260.64,1514
260.46,1774
260.1,979
260.01,2714
260.24,677
260.14,621
260.39,944
259.2,1205
259.65,1090
260.67,4940
262.81,3744
264.96,2646
265.04,2888
262.77,1238
264.17,2615
264.71,4524
264.59,545
264.74,973
265.7,1649
265.63,2944
266.42,2200
266.78,4712
267.18,14903
268.68,731
267.48,976
267.78,2468
268.74,698
267.48,1107
268.68,1465
268.75,723
268.21,923
268.67,2104
267.14,1053
266.88,217
266.94,3088
267.57,6576
265.79,1231
266.38,813
267.13,1583
267.91,487
267.48,656
267.17,1818
265.97,123
264.91,233
265.29,122
266.11,839
266.65,396
266.11,832
266.82,8661
268.65,2835
268.78,592
266.23,140
266.39,747
267.65,201
267.06,103
267.12,394
266.94,7018
267.93,2208
268.8,1066
268.01,1167
266.8,1515
265.7,4249
266.09,1174
261.84,1029
261.05,540
261.92,880
260.53,1105
260.34,970
259.75,634
258.86,320
257.68,1224
258.69,1617
258.18,1071
257.2,500
257.12,7198
258.72,756
256.88,877
256.1,314
256.42,1466
255.62,1888
255.64,600
255.02,488
254.47,1395
254.05,663
254.61,756
254.4,2284
255.6,2614
256.34,10797
256.32,1519
256.45,1050
256.3,430
256.31,1254
257.1,893
256.61,342
256.93,998
256.78,216
256.85,527
256.62,605
256.21,564
256.21,0
256.21,3304
257.01,940
258.43,1150
256.82,759
255.92,394
255.42,754
257.03,100
256.51,140
256.17,118
255.92,128
256.1,540
255.74,1684
255.67,858
255.34,2279
255.65,1626
259.42,1411
258.52,468
258.33,811
257.9,406
257.6,753
257.12,985
258.11,873
258.22,939
258.33,2089
258,514
259.5,524
260.57,6337
261.67,2430
261.62,100
261.75,1547
260.49,504
260.06,475
259.41,751
259.41,0
259.13,539
258.74,610
259.46,314
259.94,469
260.92,1480
260.25,7482
260.63,1024
259.96,478
258.37,1507
257.5,717
257.08,551
256.46,223
256.59,200
256.05,1758
256.88,100
257.12,427
257.05,851
257.93,100
257.89,2592
258.44,1460
256.58,125
255.85,127
255.93,443
255.98,480
255.32,204
255.38,305
255.59,422
255.09,1271
255.48,100
255.55,300
254.96,471
255.5,1294
254.25,785
254.64,150
255,486
255.19,253
255.35,400
254.71,1058
255.48,420
255.48,2347
255.24,1073
255.38,470
255.54,304
255.67,714
255.68,4498
258.38,1012
259.94,1761
261.43,483
259.55,1941
260.59,404
260.72,640
261.38,775
261.58,867
262.03,832
261.68,633
262.42,1422
263.07,439
264.11,5440
267.93,1714
268.41,598
267.21,4588
266.6,2820
267.01,5808
268.15,400
267.84,1249
267.97,851
267.66,606
267.58,700
267.58,308
268.06,735
267.78,7840
268.58,200
266.35,1028
265.26,349
266.33,727
264.39,266
264.85,334
265.82,100
265.45,200
265.87,114
265.97,641
265.15,212
265.45,736
265.13,3332
265.13,0
260.45,329
261.4,130
261.88,554
261.92,1597
260.56,437
261.54,100
261.23,509
260.73,610
260.73,1456
261.25,1383
260.89,1792
261.44,10073
262.24,2257
259.54,2306
258.51,1057
257.81,1041
257.18,466
258.28,837
257.94,2703
258.39,638
258.26,531
258.43,1452
258.58,1286
258.11,3522
258.5,7344
260.24,410
262.68,949
262.96,658
263.25,1209
263.76,1671
264.2,720
263.54,324
262.43,562
262.62,206
261.46,1974
259.1,402
258.99,405
258.31,2921
259.29,101
258.54,1248
258.22,287
259.37,481
259.34,542
259.34,514
259.86,110
260.41,100
260.19,1591
259.81,1078
259.81,0
260.26,626
260.26,2909
262.49,100
261.85,937
262.31,755
262.31,0
262.31,0
262.31,0
263.96,100
263.9,206
264.46,270
264.18,513
263.78,278
263.79,1229
264.01,5738
267.9,1503
268.82,1077
270.44,1245
268.25,428
270.45,101
270.27,841
270.11,765
268.93,584
268.3,541
268.61,880
269.34,720
269.17,2030
271.06,11234
262.08,1584
261.56,5361
260.01,1046
256.65,6116
253.96,3895
253.87,415
254.84,968
254.69,1315
254.15,2280
254.41,1303
254.06,299
254.7,463
254.7,6389
255.89,1669
252.75,1123
252.15,622
251,1272
251.78,729
253.07,369
253.07,0
254.02,644
254.93,612
255.06,300
255.39,452
254.89,340
254.6,1393
252.39,622
252.26,514
253.08,602
254.02,1023
254.07,1252
254.1,238
252.06,615
252.44,343
251.33,213
251.56,346
251.17,995
250.95,693
251.02,4500
252.99,500
250.16,437
248.17,875
247.47,863
247.82,410
247.82,0
246.79,626
247.13,706
246.34,103
246.66,1056
245.22,1247
245.08,1177
244.47,6747
243.21,1079
241.12,1374
242.46,2691
241.6,982
243.61,2446
244.02,737
244.59,103
244.42,102
243.91,374
243.41,447
242.99,752
243.39,248
242.51,3299
243.27,1499
243.09,827
242.95,1001
243.19,1315
242.33,466
242.68,110
242.81,1205
243.32,2156
243.58,2089
244.97,426
243.9,812
242.48,728
242.7,5345
241.42,416
241.73,1380
240.96,937
241.3,1072
240.76,535
240.54,1579
239.94,1631
239.39,1744
239.68,2757
239.68,1854
239.18,776
239.96,2124
240.88,5556
240.09,1334
240.08,506
241.08,481
240.64,256
240.79,225
240.8,2386
240.62,1056
240.38,809
240.45,413
240.41,583
239.37,1207
239.59,411
240.12,4380
240.31,207
240.89,1309
240.03,1854
239.51,1649
239.84,2932
238.59,3272
239.11,1349
239.22,1169
239.75,850
240.53,4200
240.82,5482
240.59,1755
239.8,6447
242.58,198
242.81,473
242.64,1566
242.13,413
241.97,300
241.97,0
243.19,225
242.5,619
241.96,340
242.44,1497
242.1,655
242.44,340
242.5,2604
238,1629
239.5,4465
240.1,4072
239.83,3003
241.23,922
242.12,248
242.4,113
242.62,207
242.36,759
242.54,588
242.41,530
242.06,2364
241.89,5414
239.37,2401
239.46,2745
239.77,1351
239.22,350
239.12,570
239.01,225
239.31,100
239.21,119
239.49,308
238.87,345
238.85,207
239.21,111
239.08,3598
239.85,1526
239.42,1889
239.71,508
238.7,451
238.54,893
239.68,273
239.28,730
239.01,697
238.51,320
238.58,505
238.23,1109
238.57,843
238.01,2628
241.45,385
241.74,657
241.16,778
242.31,501
242.46,987
242.32,1685
243.43,800
243.19,507
242.59,208
242.41,201
242.45,265
242.25,705
242.04,5580
241.46,1300
241.58,611
240.35,738
240.63,810
240.69,1609
241.23,2405
241.58,455
240.84,1647
241,427
241.84,1915
241.48,1740
240.35,1483
238.97,7378
237.18,5242
243.52,3097
241.45,2730
241.29,1121
240.38,372
240.38,0
239.98,504
239.45,1493
239.39,1046
238.84,1572
240.47,2723
244.81,3614
243.69,18483
241.78,3829
241.93,3801
243.29,2995
243.46,731
242.77,1242
242.92,1399
242.83,998
243.43,694
244.65,1505
243.32,995
244.01,450
244,950
243.81,4922
247.97,4022
248.14,3605
246.78,1163
245.56,885
246.27,1201
246.66,400
246.31,325
245.78,1825
245.14,234
245.04,310
245.09,627
244.66,724
244.66,3153
245.75,1004
246.67,3972
247.75,3368
247.35,1732
245.99,473
246.36,4688
246.66,3597
246.75,1154
246.52,908
246.52,635
246.54,732
246.76,511
246.64,3149
251.33,1447
251.79,2202
252.52,1637
252.29,546
252.69,964
252.83,1980
252.8,1375
251.99,544
251.95,681
251.55,100
251.45,841
251.45,0
252.16,2707
250.55,1175
249.24,430
249.74,227
250.4,1264
250.21,400
249.48,224
248.33,234
248.11,278
248.11,0
248.06,521
248.14,456
247.81,567
248.09,8685
249.89,483
252.03,100
251.9,105
251.91,209
251.43,100
251.75,258
252.15,100
252.52,200
252.97,100
252.78,1159
253.21,100
253.6,243
254.02,2781
254.24,531
254.19,762
254.5,300
254.29,636
253.91,208
253.85,151
253.91,407
253.12,113
253.35,200
253.88,100
254.5,653
254.14,440
254.7,1449
256.35,201
255.98,991
255.98,0
254.91,110
253.96,129
254.18,389
254.84,200
254.91,413
254.95,100
254.84,157
255.09,604
254.83,306
254.78,3896
258.18,734
258.44,1552
258.44,0
259.03,483
259.37,208
258.39,744
258.36,5526
257.2,726
257.75,235
257.5,279
258.13,690
258.75,1060
258.33,2952
262.34,2560
262.93,2399
262.75,1493
263.19,1017
264.19,1004
265.15,200
264.77,200
265.14,913
264.17,671
264.87,489
264.89,1963
264.89,2166
264.74,3492
266.46,1097
265.08,870
266.79,124
266.84,240
266.84,0
267.36,200
267.28,106
267.28,829
266.33,100
266.33,0
266.33,0
266.33,0
265.28,1384
266.38,1306
267.14,688
267.2,461
268.07,125
267.12,1061
267.2,491
267.22,400
267.3,974
266.76,1873
266.21,1072
266.05,1830
266.56,942
267.12,4010
264.14,925
265.28,676
265.74,617
266.29,433
266.42,213
265.59,1225
265.61,884
265.32,360
265.03,962
264.16,1079
264.08,282
263.6,1090
263.55,1104
263.05,2109
263.04,905
263.32,628
262.29,228
262.81,626
261.97,103
262,331
262.05,316
261.49,207
261.42,255
260.71,306
260.43,140
260.28,2742
259.79,1809
262.1,1328
262.1,0
263,443
262.71,405
262.54,874
262.74,552
263.33,211
262.33,111
261.79,130
260.65,443
260.84,301
260.77,1746
259.1,1194
257.72,1945
257.05,1314
256.33,6205
256.65,2254
256.58,640
256.58,0
256.58,0
254.79,687
254.26,833
254.35,300
254.48,2384
254.33,5541
253.41,1149
252.29,981
252.6,1028
252.4,1280
252.75,672
252.23,1379
252.63,1956
252.26,1016
252.46,706
251.98,545
251.66,404
251.7,1248
252.07,3198
253,867
254.05,1742
251.68,352
250.94,330
251.2,707
251.19,438
250.84,756
251.22,680
250.92,1044
250.69,236
250.45,206
250.58,1415
250.07,4552
250.07,0
245.54,650
244.49,476
244.71,344
245.06,1241
244.61,1466
244.8,2006
243.75,1462
243.88,1224
243.84,645
243.31,1861
243.35,1587
243.65,12038
244.76,5244
246,839
246.2,531
246.76,131
246.4,507
246.65,158
246.88,202
247,358
246.97,119
246.81,628
246.85,970
246.9,2390
246.71,5547
248.89,1132
250.14,1320
250.76,747
250.95,1078
250.92,308
250.52,1496
250.6,598
251.27,852
251.65,538
252.35,1114
252.68,837
252.25,670
251.79,11817
252.65,627
251.91,1044
253.01,1968
252.61,202
252.35,1279
252.45,748
251.77,387
251.8,689
252.43,432
252.37,304
252.49,1047
253.04,214
252.62,2215
253.96,934
257.22,315
258.64,2895
259.48,830
259.42,624
258.96,726
259.32,502
259.52,1010
259.27,1117
258.88,852
258.68,479
258.46,307
258.65,4267
258.13,2192
256.01,855
256.58,2604
256.7,752
256.89,496
255.91,481
255.86,420
255.8,467
255.87,573
256,891
256.58,860
256.25,667
255.9,6533
254.4,1794
255.57,812
254.1,908
254.56,981
255.2,621
254.68,721
254.91,269
254.86,319
255.92,493
254.56,438
255.16,1001
254.81,490
254.93,2997
251.07,2845
249.43,1092
250.57,819
251.85,659
253.08,1359
253.81,2531
253.39,587
253.25,831
253.77,2169
253.25,2882
253.71,1585
253.64,2242
253.56,5077
251.66,2091
251.94,922
251.49,2340
251.59,2586
252.15,2468
251.99,1274
252.22,2948
252.07,2861
252.56,1082
253.2,771
253.85,598
253.81,5381
253.35,9103
250.26,4161
251.06,1297
253.05,2393
253.55,1611
253.94,652
253.8,1119
253.93,2786
253.59,1319
253.45,1606
253.94,1582
254.25,1364
254.2,3312
253.52,11112
259.11,1657
262.7,2734
262.11,1945
261.38,2365
260.98,1460
261.56,2959
261.25,1293
259.94,2078
260.3,6046
258.63,1770
260.3,562
260.34,705
258.5,6331
259.05,2987
258.16,1079
257.96,534
259.75,1147
260.3,1015
260.58,609
260.94,1226
262.58,1502
263.53,2944
263.2,16119
263.26,3085
262.98,1184
263.18,6148
262.74,943
263.74,1960
263.08,641
263.87,626
264.36,550
264.51,643
264.74,723
265.05,949
264.45,1137
264.89,2690
265.06,1576
264.53,480
264.01,8189
261.87,538
260,1500
261.07,549
260.58,1154
260.71,1166
260.86,510
261.56,100
261.25,1367
261.51,310
262.49,1702
263.38,1482
262.85,1863
264.2,12075
266.17,1419
264.66,2794
266.27,8494
268.53,2736
268.74,1131
269.29,2113
268.94,1845
269.24,1448
269.79,1820
270.48,601
269.95,1622
270.6,2775
271.08,7722
269.96,1769
269.6,293
270.16,2532
269.56,665
269.79,756
270.15,1067
271.34,657
272.26,2085
271.78,1422
271.76,1230
272.03,5817
272.53,5342
273.08,4979
273.29,800
271.4,1636
272.45,442
271.63,328
272.04,959
272.22,407
272.28,1399
272.33,388
272.64,400
272.54,493
272.59,1237
272.29,741
271.14,10017
270.38,2524
273.46,856
274.96,1220
275.26,973
274.45,205
272.7,1070
273.43,1691
273.32,1111
273.57,1299
273.37,983
274.12,662
273.46,580
273.19,3686
271.2,1309
270.05,1408
268.96,1513
268.01,592
267.26,687
267.4,295
267.95,1149
268.59,270
268.71,548
269.57,1237
269.87,1204
270.25,1169
270.12,6554
268.76,1212
267.77,696
268.6,130
268.6,0
270,287
269.64,585
269.55,410
269.68,1163
268.96,243
268.85,205
269.05,201
268.51,420
268.71,3314
270.62,1836
269.97,2748
268.5,870
268.89,366
268.8,293
267.9,135
267.21,764
265.99,408
265.33,1395
265.64,929
264.76,885
265.31,510
264.82,10264
268.18,897
267.64,725
267.95,490
267.53,132
267.1,963
266.14,116
265.6,1052
265.6,0
265.52,570
265.87,239
266.08,639
266.18,2307
267.32,4295
265.58,2857
267.27,1224
264.37,1805
262.22,1212
262.38,845
262.66,1224
263.32,1757
263.32,0
263.71,109
263.41,890
263.61,907
263.26,1877
262.91,2762
265.66,1294
265.26,1953
266.38,2002
265.98,820
265.48,1218
265.63,1252
264.77,214
264.19,1072
264.12,304
264.36,117
264.6,1554
265.16,1279
265.48,11381
265.95,1367
269.95,1568
269.23,1119
268.89,941
268.65,101
267.94,487
267.71,4311
267.71,0
268.83,1369
268.02,652
267.98,1845
268.88,878
269.51,344
269.22,472
269.22,0
269.72,819
269.72,0
270.65,350
270.19,100
270.16,4311
269.62,2272
271.3,1276
271.65,802
269.26,1604
270.5,1317
270.2,1105
270.13,405
270.36,585
270.31,388
270.72,434
270.81,786
270.84,1744
270.62,2756
270.96,5582
270.43,1171
268.61,5595
267.39,448
268.89,552
268.46,805
268.95,330
268.95,0
270.43,696
270.25,645
269.66,662
269.47,126
269.47,872
269.72,5780
270.64,445
270.31,707
269.28,260
269.83,776
269.1,534
268.71,648
268.67,500
268.72,375
268.22,446
268.79,636
268.17,4663
267.21,2361
267.09,4848
272.26,2716
274.79,1350
274.13,375
275.03,1460
276.5,820
276.43,1013
277.02,925
277.13,1276
276.59,617
277.82,455
276.7,1007
276.36,785
276.49,2491
281.05,1425
281.65,3539
281.65,0
282.51,1576
281.27,581
281.33,961
281.54,1037
282.48,896
283.15,729
284.6,826
284.99,1673
284.52,1411
284.32,6865
283.79,1629
281.67,404
279.6,543
281.2,543
282,1777
283.08,1841
282.91,424
282.89,267
283.37,222
283.11,633
283.09,941
283.05,555
282.36,13003
282.96,1684
283.47,2428
283.39,1503
283.46,594
284.49,574
285.12,586
284.74,104
284.61,768
284.17,586
285.57,595
284.82,506
285.49,775
285,10302
285.65,200
288.28,1778
287.22,603
286.34,100
286.34,0
287,113
286.27,1281
285.74,416
285.7,100
286.39,302
287.28,373
287.26,763
287.49,20714
289.28,1302
293.56,1778
293.04,2376
292.24,1574
292.68,831
292.55,1160
289.95,304
290.12,610
288.94,300
287.3,1132
285.69,1857
284.49,201
284.04,6311
284.96,403
283.09,1300
283.24,695
282.35,350
281.79,203
281.42,475
281.8,305
281.26,316
281.7,300
282.36,100
281.96,760
282.01,583
281.52,2077
282.52,557
278.59,471
279.78,2050
281.74,203
281.03,906
280.88,222
281.04,500
282.04,602
282.79,1122
282.24,1684
282.76,1913
284.8,1122
285.15,2557
283.43,1062
283.69,617
282.61,211
282.64,521
283.05,304
283.41,653
282.81,100
281.83,800
281.94,4258
281.94,0
282.21,2232
281.82,1669
281.75,7316
283.02,2079
280.07,3985
280.48,1965
281.31,2889
280.86,2874
281.23,395
280.96,2161
280.75,1259
279.48,1419
279.58,1495
278.84,1744
277.42,1216
277.22,5741
277.57,405
280.04,1816
279.39,340
278.3,471
278.32,238
278.11,337
278.11,0
277.4,100
275.98,661
275.3,707
274.66,1254
274.56,1207
276.18,3669
277.16,666
278.58,200
278.58,0
279.2,601
279.38,556
280.28,920
280.05,227
280.62,307
280.2,445
279.58,676
279.65,664
280.46,804
280.51,6659
279.95,1479
279.78,480
279.01,1666
280.62,1182
281.23,1054
282.83,1606
281.18,1404
281.05,324
280.69,321
280.82,315
281.54,404
281.99,606
281.81,6385
282.51,1347
282.86,1369
281.9,2412
282.5,1569
283.53,1276
283.39,577
283.65,1305
283.29,889
283.52,1464
283.55,300
283.11,817
283.22,1449
283.11,5449
271.69,6314
273.92,3593
278.44,4217
280.47,2538
280.56,2097
281.26,1433
281.89,4350
280.99,4463
279.04,1382
278.01,2340
278.9,7620
280.72,5644
277.94,15820
277.39,3352
278.46,3192
278.87,3227
278.98,4251
277.05,883
278.26,812
278.87,346
279.2,1074
278.87,225
278.68,973
278.46,2072
277.5,2532
278.78,6297
279.34,8133
286.71,4294
285.23,4755
284.93,4980
283.74,4010
286.99,3778
287.89,6083
289.01,4163
288.15,1439
288.64,6034
289.8,7285
290.51,10303
291.16,29273
285.52,4874
289.67,7898
288.36,5215
290.62,6443
290.79,6657
289.28,2447
288.67,4003
288.39,2705
288.13,2608
286.69,1248
287.68,6927
286.98,1458
285.46,17679
284.59,1827
288.04,2679
289.63,2318
288.33,882
288.54,761
290.41,964
290.09,2766
288.78,1766
290.67,1758
291.58,201
293.46,1905
293.54,7713
293.48,14110
292.72,1569
295.28,2431
294.04,642
295.64,2730
295.12,1573
294.68,1018
295,1017
293.45,3875
293.37,1332
291.01,3119
290.23,4285
290.08,2591
290.43,11767
288.22,2504
289.5,1046
291.06,333
291.72,525
291.49,514
291.09,1003
291.38,881
291.2,1681
292.13,1825
291.24,324
291.67,1404
291.51,1995
291.44,4044
291.78,587
291.57,970
292.91,783
293.53,100
293.72,322
294.21,721
293.99,1233
294.5,1093
295.74,778
295.16,2380
295.18,2163
295.46,1479
296.56,5433
293.91,847
292.91,939
293.08,1372
293.71,496
292.88,1707
292.25,595
292.2,1398
291.91,1757
291.78,1408
290.64,2537
291.76,1289
292,1762
292.41,5906
294.63,431
292.5,1273
293.71,2582
294.27,1736
294.07,779
294.57,617
295.22,1634
295.78,1316
294.63,1533
294.51,1171
294.79,699
294.87,821
295.11,4674
295.39,4105
297.02,2619
298.37,416
300.33,976
299.55,556
300.13,661
299.33,707
299.2,834
299.32,1104
299.31,1252
300.67,2443
300.72,4751
300.37,16188
294.92,1844
295.82,14756
298.2,1514
297.95,1850
296.63,2931
296.56,2310
296.7,2281
295.98,1067
295.6,613
295.82,826
296.83,1457
298.03,2359
298.27,8828
296.25,4020
297.8,618
295.82,716
295.41,649
295.35,659
295.05,522
295.05,0
295.6,1538
295.88,1039
296.86,1773
297.27,2214
297.87,2467
297.44,9466
298.54,449
300.74,1318
300.31,732
300.55,881
300.47,1539
300.15,200
300.52,534
299.95,1602
299.84,701
299.68,1019
299.98,351
300.09,1745
300.16,10070
301.79,1948
302.54,348
302.61,793
302.1,521
301.71,328
302.01,1763
302.23,1458
303.09,857
302.78,1639
303.09,433
303.49,1322
303.43,2676
303.85,12011
303.85,0
302.35,1450
301.75,1278
302.02,1694
302.65,927
302.33,642
303.1,1039
303.65,1692
304.32,631
304.15,1329
306.35,2400
306.48,2947
306.49,7534
306.97,1578
305.82,948
306.97,310
307.53,1582
307.89,2191
308.61,1760
309.75,2040
308.98,2235
308.97,2124
309.22,1756
310.38,3174
309.6,3918
310.29,14217
312.27,2202
312.8,2251
314.49,1116
316.29,538
317.12,1066
316.29,801
315.71,981
316.98,1575
317.2,398
317.57,1625
318.32,354
317.69,4218
318.29,6823
318.85,1737
317.18,1124
318.33,909
317.62,1165
317.15,1106
317.77,3366
317.68,544
317.64,330
317.51,3105
316.68,871
316.23,656
316.93,1321
316.55,7809
316.81,100
316.98,1415
316.96,2433
317.71,900
317.82,4168
318.87,925
318.21,2932
318.21,2787
318.13,3112
319.5,1937
319.76,2874
319.92,2267
319.78,9621
319.11,300
319.21,974
318.7,841
319.02,791
319.05,625
318.09,2124
317.26,1594
317.34,908
316.84,512
315.07,1163
315.16,301
316.31,1004
316.41,11084
316.26,652
316.33,2395
316.73,906
314.91,1380
314.59,1283
315.48,1443
316.23,1005
317.34,880
317.41,865
318.57,353
318.21,3318
318.18,2260
319.12,8424
321.1,152
320.71,1703
320.22,200
318.89,203
317.31,401
317.28,1240
316.49,862
317.26,498
317.73,315
317.73,1442
317.19,3326
317.54,2530
318.97,27488
319.05,581
319.6,1674
319.93,966
321.39,912
321.37,703
321.57,1049
321.49,556
320.41,1505
320.91,1309
321.01,1807
321.22,822
319.97,2151
320.18,6731
319.46,5068
322.65,2515
321.18,1420
319.73,805
318.4,1673
317.96,2372
318.72,848
318.72,0
318.44,110
319.43,300
319.32,482
318.73,1071
319.65,9872
321.24,2410
323.75,1543
323.97,1669
321.61,1094
321.25,757
320.26,342
320.38,955
319.43,1496
319.28,1518
319.87,441
319.85,915
320.46,1413
319.64,4693
319.06,1381
319.3,3749
318.1,2272
317.65,6153
318.5,810
319.41,1079
319.82,977
319.68,1601
320.21,5131
320.54,4861
321.02,3151
321.02,3273
322.18,10263
322.7,2132
324.7,1311
326.59,4252
327.18,3032
327.82,2969
328.4,1643
328.77,3447
329.04,1567
328.74,1286
327.92,1050
327.92,0
326.49,1327
327.63,8090
328.01,2863
331.07,1464
330.07,610
330.86,521
331.65,202
331.99,480
331.42,1001
331.39,292
332.71,125
332.44,352
333.93,2315
335.34,2696
336.13,7183
330.02,800
328.83,808
328.28,612
330.11,344
330.41,1122
330.83,142
332.43,305
332.41,370
333.5,566
333.47,887
333.41,274
333.74,1183
334.29,5735
335.5,2257
333.09,2995
333.59,924
332.43,1932
333.15,853
332.78,704
333.23,1027
333.58,2698
333.66,1272
333.75,1030
333.95,3279
333.3,2993
333.56,10747
336.48,2007
336.22,3799
335.61,1471
334.71,312
335.19,886
336.59,1542
336.58,248
336.21,456
335.63,553
335.77,1116
335.28,518
335.24,524
335.56,9818
337.69,674
340.33,475
339.66,106
339.4,877
339.32,2190
339.02,1787
338.74,885
340.65,1467
341.65,1615
342.36,1412
342.92,3269
341.54,4038
341.51,15167
340.98,2568
340.46,1706
341.35,1087
339.59,487
339.56,1213
339.38,2018
340.48,807
340.36,1543
339.68,645
339.98,629
340.23,114
338.34,1372
337.32,8763
337.71,3231
342.21,1018
341.09,2393
339.73,13984
338.46,2559
339.2,1238
340.38,655
340.41,973
340.95,560
344.59,2703
340.91,1618
339.15,1975
340.4,8396
341.21,2770
338.29,927
336.18,1212
335.53,920
335.89,2710
334.84,1163
334.65,2180
334.64,1371
336.11,2818
336.87,1084
337.61,1650
337.37,2211
338.28,11675
335.19,1311
337.42,1877
337.32,1967
336.79,2336
336.89,692
337.03,202
336.74,1058
337.44,116
337.22,904
336.89,1445
337.07,1884
337.43,2343
337.86,13214
342.73,1998
341.65,1454
341.65,0
342.32,1948
342.52,825
342.26,568
342.54,665
342.05,488
342.17,400
341.96,572
342.05,526
341.96,487
342.15,3166
340.81,1160
340.87,1027
342.71,1627
342.43,1505
341.01,780
341.04,929
341.09,372
341.34,506
341.12,831
340.95,2124
341.09,346
340.68,3095
341.11,9476
340.75,100
340.41,653
340.77,264
340.95,903
340.83,1028
341.64,119
340.76,1116
339.77,1071
338.04,2704
338.61,145
338.29,100
338.63,573
338.26,8260
337.27,1154
336.56,2946
336.59,1063
337.13,970
336.03,3028
335.87,3490
335.04,633
335.48,685
336.69,203
336.79,209
336.15,1007
336.38,3195
335.81,9797
337.22,1578
335.2,1255
335.4,678
335.38,571
333.94,3382
334.72,1067
334.3,3948
334.43,1153
334.55,557
334.43,822
334.3,2637
334.91,1161
334.58,11288
334.94,924
336.78,1033
337.57,1441
338.15,940
337.68,1297
339.12,565
339.47,235
339.55,685
340.4,509
339.62,3970
338.27,1249
337.56,536
337.54,13692
347.01,2704
338.62,811
341.78,1250
341.82,118
341.77,104
340.57,1447
340.52,2346
339.51,569
339.24,4997
339.46,3232
340.18,7616
340.27,3891
340.24,9742
335.87,4375
334.34,1000
334.3,2776
334.88,3935
333.94,715
334.31,1019
334,985
333.38,288
333.88,883
334.11,310
334.94,1991
334.5,854
334.15,5098
334.41,3853
333.01,820
332.1,1299
330.72,672
330.76,469
331.59,295
332.2,210
331.13,667
331.24,1002
331.66,1264
331.54,946
331.23,1377
331.97,8788
327.46,3484
326.76,832
323.5,4785
324.81,1463
324.27,1987
324.99,426
323.6,3054
325.36,161
325.24,1587
324.7,1256
325.05,793
324.47,1485
324.56,7299
321.83,2636
322.53,2034
322.16,2277
321.73,130
322.46,1118
321.67,1841
323.07,218
323.07,0
324.4,410
324.15,100
323.53,1501
324.51,1631
325.09,9304
326.41,3596
327.32,3360
327.49,2518
326.73,649
326.97,307
327.56,311
327.56,631
326.85,723
326.1,305
326.41,1090
326.16,556
326.44,524
326.61,5980
326.6,779
327.48,904
326.66,1042
326.69,542
326.58,714
326.69,2319
324.92,1043
325.31,823
325.09,263
324.5,799
324.48,483
325.42,900
326,5775
326.15,3866
326.39,1532
323.75,2366
324.23,321
323.79,713
323.37,757
323.31,1119
322.63,101
322.28,100
322.22,373
321.7,590
321.54,696
321.02,11359
323.49,213
323.63,422
323.2,3549
322.71,240
323.08,742
322.67,400
322.09,835
322.28,672
322.17,1688
321.69,856
321.89,2563
321.84,966
322.4,3446
321.58,644
321.34,502
323,100
324.22,360
324.55,289
324.55,0
323.97,538
324.28,444
323.67,241
323.67,0
324.33,223
324.29,419
324.24,7231
324.98,4774
326.82,5520
328.89,3046
328.34,3415
329.15,1439
328.52,1593
328.53,1548
327.88,1259
328.14,2995
327.8,1857
326.52,1955
326.55,4036
325.91,14842
324.7,720
327.73,441
326.51,304
327.8,636
328.33,244
328.26,389
328.07,1380
327.72,331
327.72,0
327.99,200
328.24,405
327.03,2587
328.14,5781
326.04,1817
325.4,1205
323.5,817
324.45,1047
323.97,422
324.74,730
324.17,503
324.44,914
324.37,230
325.08,1479
324.78,151
324.46,892
325.32,7457
326.12,1535
325.14,229
324.35,511
325.1,276
324.87,138
325.13,252
325.13,0
324.91,1288
324.91,0
324.67,129
325.09,575
325.21,309
324.7,2435
323.56,906
321.12,1512
317.19,561
316.86,1897
316.28,1240
314.64,1696
314.47,2125
315.44,808
314.44,2879
314.01,4624
313.1,4072
313.35,4618
312.39,8046
311.77,853
313.73,1885
312.85,1445
313.2,700
313.43,476
313.22,1038
314.13,660
314.05,572
314.36,2462
314.37,1854
314.22,674
315.29,925
315.12,8802
315.28,2232
318.79,605
318.22,300
318.71,3390
318.88,1988
320.4,2114
321.42,4137
320.8,1520
320.24,4067
321.4,3356
321.64,2219
321.59,9612
320.14,10351
319.64,1146
319.97,400
320.64,582
320.13,257
318.71,445
318.87,520
319.23,327
319.5,388
319.66,104
318.98,831
318.98,0
319.09,336
318.98,5337
319.68,1739
318.19,3073
318.78,2879
317.86,1561
316.29,1680
316.52,2044
315.2,962
315.94,3689
315.49,361
315.4,316
315.26,1873
316.15,1199
316.29,17527
318.49,1935
319.88,920
319.06,1645
318.18,1091
317.33,1445
316.77,1499
316.15,301
316.15,0
315.08,448
315.25,1979
315.66,544
315.98,1256
315.83,4890
315.73,3510
315.32,1737
315.23,470
314.87,853
314.71,200
313.18,2000
312.55,978
313.06,900
312.97,722
313.13,1577
312.61,3957
313.23,4331
312.7,16688
312.35,7783
315.63,4923
315.46,3629
314.28,2807
315.04,2062
316.19,4803
315.85,2662
315.77,5341
315.94,4450
313.93,1206
314.93,3662
315.06,4820
313.94,26013
309.14,2136
314.22,3504
316.5,5582
314.56,5605
316.89,819
315.99,2072
315.04,1233
314.17,2191
316.12,2706
315.3,4899
314.82,4423
313.95,6013
311.83,15959
308.35,3594
309.54,4906
308.49,8399
308.38,5057
308.57,3513
307.71,3300
307.28,3078
305.46,2355
305.1,507
305.9,2588
305.86,2112
305.11,3924
305.36,6672
307.38,868
308.78,1191
309.63,2195
308.5,2673
306.83,1071
306.13,739
307.8,2864
307.67,1308
307.42,1451
308.23,4455
309.54,5145
309.38,1295
310.26,19390
310.97,1418
311.84,2107
313.08,912
314.11,1196
314.35,1547
315.17,1079
316.08,635
316.79,464
317.11,1193
317.4,2117
317.99,1512
318.33,1532
319.24,5147
317.31,12616
301.07,7442
302.18,5621
303.15,4662
301.4,3404
299.32,2864
299.89,1250
299.89,0
300.25,2720
301.62,2826
302.98,3049
303.53,1783
305.78,7900
308.66,1242
309.1,2187
311.67,2831
313.22,1596
313.2,1703
312.2,946
312.37,956
312.64,1608
311.73,1301
310.82,3443
310.17,4360
312.09,1865
313,8214
316.1,100
316.61,4759
320.09,1306
320.87,725
319.65,863
319.47,1333
318.94,404
319.54,235
319.54,0
320.53,510
321.39,637
320.28,506
320.14,5238
318.59,3743
319.68,3189
319.6,594
320.44,658
320.01,496
318.45,1027
318.3,2845
318.3,0
317.24,103
317.11,522
316.88,789
316.97,1147
316.84,8086
315.74,859
315.07,1983
314.61,4929
314.26,1041
312.78,642
311.83,2119
311.28,865
310.58,1145
310.94,795
312.67,1076
312.28,1007
312.19,1353
311.15,1701
314.46,751
315.39,2189
314.74,2260
315.04,1646
314.58,549
314.71,651
314.08,1265
313.76,1559
313.47,214
313.34,526
313.68,781
313.65,2147
315.51,4858
315.35,5837
314.21,1484
312.33,793
311.59,1345
313.42,1491
312.62,613
313.29,501
312.92,1395
312.69,891
312.65,2940
313.92,2355
313.84,1792
311.86,9073
312.28,552
310.6,2320
312.96,1554
314.33,800
315.03,925
314.31,2114
314.78,1305
315.13,986
315.53,1174
315.61,335
315.27,742
315.43,651
314.32,6690
316.69,925
314.57,1370
314.69,1101
315.52,809
316.95,305
317.71,289
317.97,561
317.46,1318
316.9,628
316.11,300
316.63,613
317.25,736
316.68,2982
316.22,851
316.47,1912
316.18,1358
316.65,2330
316.87,365
317.59,719
317.59,665
317.01,302
317.01,0
316.95,1788
316.06,100
316.14,1518
315.35,7704
312.33,582
312.49,2233
314.04,607
312.37,772
312.61,479
312.25,201
312.24,910
312.94,100
312.72,893
312.64,501
312.32,1698
312.32,1900
313.28,10744
311.82,1007
313.77,573
314.74,1151
315.53,603
316.38,1308
317.61,825
318.38,1582
318.65,436
318.32,438
318.3,1670
318.15,2803
317.28,2239
317.41,3109
317.03,2663
317.74,1637
317.06,402
317.25,456
316.99,552
316.74,460
317.12,821
317.6,233
317.18,1238
317.76,1104
317.43,868
317.86,556
317.6,1398
321.25,1438
325.67,4983
330.9,2894
329.88,3877
329.58,3507
327.56,12485
327.09,685
328.06,483
327.63,117
328.04,4666
323.93,826
325.14,458
326.29,10438
327.15,4108
324.65,971
325.32,1931
326.05,1624
326.9,1004
327.54,1198
327.13,857
327.42,1533
327.47,3225
328.85,1556
329.26,1792
329.57,3209
330.29,6984
332.51,162
333.42,2372
334.68,1722
332.9,2267
332.2,1456
332.18,1959
332.55,1076
332.26,1894
332.16,3095
332.51,916
332.57,1813
332.69,1378
332.25,5036
329.74,2105
329.82,3617
331.5,889
330.13,2196
330.28,2419
331.21,2288
330.56,6777
330.56,0
325.18,2932
325.63,2501
325.63,0
327,270
326.74,100
326.32,300
325.77,1087
325.26,400
324.25,125
323.63,210
321.77,391
322.05,600
322.32,4709
320.39,106
321.24,1908
318.48,778
318.05,300
318.18,1389
317.51,544
318.22,328
318.94,200
318.38,265
317.67,103
317.75,504
317.33,200
316.3,2628
315.8,1497
314.54,312
313.8,539
314.1,871
314.71,460
314.71,0
314.49,911
314.9,725
314.95,654
314.25,580
314.52,1350
314.69,798
315.11,3501
313.93,620
313.8,1003
313.48,1704
312.2,1352
312.26,1145
313.58,747
313.73,687
314.4,1040
314.6,1191
314.04,707
314.13,241
313.27,755
313.6,6741
313.92,1239
314.39,1014
314.33,408
314.33,0
312.59,100
312.88,1256
313.36,312
312.83,479
312.55,302
312.42,527
313.03,355
312.92,222
313.16,2026
313.16,0
315.7,1191
315.35,236
314.77,226
314.77,0
313.9,300
314.05,120
313.81,889
314.71,613
314.39,103
314.87,2848
315.53,1503
316.34,7389
312.77,688
312.84,2095
311.2,1569
310.43,2034
310.36,819
309.55,724
311.03,1708
310.26,500
309.47,1766
309.28,100
310.08,1431
310.17,1363
308.77,13543
309.11,980
307.16,1033
306.78,103
305.76,676
305.05,1624
305.13,844
305.09,312
305.12,743
304.86,1072
304.37,2294
304.5,705
304.17,1180
304.44,9076
304.66,702
303.55,1011
305.53,1926
307.14,337
304.99,510
303.75,309
303.07,329
302.35,670
302.35,0
303.05,549
302.76,519
302.81,698
303.1,4982
301.32,740
302.12,318
303.3,389
303.83,878
302.93,711
303.23,394
302.72,249
302.21,275
302.18,251
302.06,726
302.06,0
301.81,419
301.9,4850
301.84,399
302.2,155
302.06,592
302.42,314
302.77,669
302.68,658
302.73,188
302.73,111
303.42,100
303.11,1207
301.99,581
300.9,1048
299.12,3986
296.32,200
300.23,746
300.9,385
300.9,315
301.07,108
301.44,561
300.68,395
300.78,101
300.91,256
300.48,205
300.16,316
298.46,295
298.04,6102
296.54,728
296.65,1274
296.34,2197
296.34,0
296.16,100
295.86,583
296,416
296.13,947
295.5,968
295.97,346
292.18,1366
288.55,2617
287.92,9041
284.96,2771
283.79,2532
281.96,1928
279.88,565
278.37,415
279.07,1504
279,1903
279.28,1229
279.66,514
279.78,1883
279.71,1701
278.32,879
277.51,4394
280.21,847
281.56,3721
283.83,2394
285.58,2732
286.61,1892
286.91,764
285.11,3321
285.22,1312
285.12,723
285.13,1109
285.15,1478
284.48,1657
283.97,15010
283.97,0
283.97,0
284.18,962
283.73,115
283.9,211
283.15,387
284.47,848
284.8,1657
286.31,4421
286.31,0
286.31,0
285.63,125
286.09,125
285.21,303
285.71,200
285.71,0
286.74,201
285.92,416
285.92,0
285.73,623
286.16,200
286.3,300
286.06,596
286.01,4891
286.01,0
286.01,0
285.82,831
285.08,300
284.44,202
283.27,209
283.15,100
283.59,100
283.93,166
283.55,318
284.02,266
284.02,0
283.19,7498
281.74,252
278.57,300
278.98,100
279.41,442
280.3,375
279.08,649
278.48,632
279.91,104
280.06,960
280.35,1057
280.27,413
279.84,1355
280.13,9623
282.17,984
282.17,0
282.72,100
283.45,956
282.9,802
282.46,1913
282.2,815
281.69,753
281.65,343
281.58,957
281.44,300
282.88,746
283.38,5073
284.22,707
282.98,1133
283.07,483
283,585
283.39,100
283.39,0
281.56,162
281.49,637
280.11,493
280.46,2307
280.8,1535
281.66,100
281.04,8151
282.36,120
282.48,533
282.69,274
282.74,177
283.65,224
284.09,593
284.09,0
285.01,200
285.36,242
285.23,604
285.63,200
285.4,369
285.52,5807
283.65,1521
284.25,1924
284.26,779
283.3,110
283.29,410
284.21,200
283.89,397
282.72,573
282.85,1872
283.34,992
283.24,107
282.77,2032
282.12,6420
284.56,600
284.35,997
281.59,2634
282.98,1118
283.95,257
283.63,830
282.8,100
283.2,500
283.38,781
283.76,883
283.53,201
283.2,202
282.89,6080
281.79,2689
278.81,1863
279.76,1085
279.83,1043
279.53,539
279.53,0
278.47,100
279.53,120
279.62,1871
277.59,510
278.42,538
279.31,798
279.48,2583
275.37,5738
277.2,442
276.68,200
276.68,0
276.67,2345
274.84,1317
274.22,1723
273.57,2872
274.83,2675
275.25,401
273.96,403
274.61,1156
274.24,4205
274.33,119
274.49,397
274.15,256
274.05,1275
272.93,475
274.13,125
273.94,163
274.18,275
274.45,655
275.07,331
274.71,263
275.65,1431
275.3,7223
277.75,284
276.97,541
276.68,2405
276.62,701
276.64,1934
275.54,1733
275.42,1168
275.67,1863
276.1,315
276.47,1923
276.16,1008
275.17,933
275.89,7994
282.74,12605
280.92,865
279.62,1185
277.82,1116
278.1,2115
277.75,1083
277.51,175
276.46,771
277.08,863
277.31,624
277.12,908
276.59,1537
276.23,8025
276.23,0
275.37,733
278.81,289
280.18,100
280.82,102
281.56,201
281.56,0
281.56,0
281.03,276
281.15,752
281.15,0
281.15,0
282.91,2213
283,732
282.72,1462
283.29,1143
283.61,316
283.09,230
283.17,197
282.6,149
282.59,300
282.5,688
282.21,689
282.62,1146
281.85,324
282.07,5285
283.09,1512
283.09,0
282.02,716
283.49,331
283.31,723
283.38,643
284.06,1121
284.33,507
284.41,392
284.97,316
284.37,450
283.65,4125
282.96,13560
280.17,959
279.24,1298
279.08,196
279.2,300
278.83,300
278.41,347
278.37,1090
277.27,621
277.58,2332
276.81,839
276.75,1305
276.69,1548
276.91,3598
276.73,659
274.64,2119
273.96,1656
274.92,936
275.84,761
275.61,1058
275.39,1490
275.52,1564
275.45,1304
275.51,1160
275.85,2066
276.09,4973
276.02,20103
276.42,1230
277.14,400
277.62,478
277.62,0
278.97,1571
278.66,275
278.39,296
278.38,935
278.36,322
278.18,1877
278.18,0
278.24,527
277.47,3704
280.87,3582
283.36,3192
283.09,1121
281.6,1023
282.69,2460
282.45,1260
283.1,2031
283.08,13316
282.93,1356
282.64,1328
282.37,7825
283.21,8967
282.57,21073
280.5,395
281.01,2782
280.68,7090
281.47,3122
281.73,3207
282.22,1691
280.87,1228
280.78,479
280.98,330
281.17,725
280.75,1274
281.38,639
281.96,6337
282.94,450
283.26,1073
283.02,524
283.02,0
280.97,1357
281.35,505
281.83,767
281.81,200
281.99,1429
281.99,1199
278.08,3004
278.71,2798
279.61,5048
283.32,1569
284.33,1844
286.26,708
287.61,2063
286.38,846
284.37,411
284.37,0
284.51,200
285.42,1056
284.41,314
284.56,843
284.95,246
284.08,4209
282.94,322
282.94,0
285.72,104
285.5,564
286.29,537
285.98,160
285.95,101
285.83,554
284.49,486
283.95,929
283.79,2226
282.44,183
283.22,2445
281.46,1251
277.79,2072
281.57,100
281.82,311
282.25,490
281.08,564
281.67,427
281.34,422
281.49,361
281.77,870
281.47,2153
280.82,1406
280.44,6159
279.31,396
278.81,2551
280.46,171
280.79,788
281.55,193
280.83,201
281.01,148
281.01,0
280.17,411
279.85,508
280.97,102
280.81,809
281.18,5743
285.78,300
283.51,1649
284.48,1281
284.37,710
285.67,1175
286.01,103
286.15,200
286.71,105
286.96,1211
287.42,409
287.37,760
287.06,474
286.33,2270
288.3,788
288.19,831
288.06,661
287.27,403
288.04,891
287.4,446
287.38,783
287.62,664
287.13,122
287.13,0
286.39,1086
286.63,1060
286.72,4975
286.77,590
287.94,264
286.36,442
285.8,993
285.43,314
286.07,944
286.57,456
287.46,330
287.37,1184
286.69,204
286.61,604
286.81,469
287.12,6463
285.74,972
285.71,237
287.96,1239
287.19,140
287.19,0
287.14,222
288.03,368
287.98,210
288.39,407
288.39,1934
288.61,290
288.61,0
288.34,3207
287.93,191
288.09,461
287.62,100
287.9,103
288.51,100
289.15,326
288.53,398
288.53,0
288.53,0
289.09,398
289.09,0
289.04,286
289.71,2990
284.25,2620
283.76,1007
285.28,100
284.58,200
284.55,1470
285.37,231
286.12,852
286.03,618
285.79,232
285.19,209
285.56,742
285.71,1681
285,1033
285.89,303
286.24,3899
286.83,587
286.3,235
286.19,533
286.8,106
286.8,0
286.18,344
286.13,349
286.13,0
285.63,387
286.07,101
286.35,2560
288.34,200
287.43,573
287.08,747
286.45,305
285.35,157
285.05,354
284.83,474
284.45,126
284.45,0
284.75,1248
284.84,784
284.67,422
283.95,5304
281.06,1934
283.57,2445
283.64,1869
283.67,548
282.49,1390
282.21,1528
281.79,1099
281.31,790
281.22,1183
281.19,1466
282.21,623
281.52,262
281.71,4382
280.72,354
280.8,1701
280.75,1932
281.75,136
282.34,869
282.12,739
281.29,657
281.5,891
282.41,367
282.29,200
282.29,0
282.28,1160
282.6,4283
283.02,1298
283.45,1122
284.37,745
284.43,349
285.48,985
284.83,1354
285.45,837
285.23,638
284.98,1483
286.36,901
287.54,2124
288.32,1300
288.31,4954
288.69,418
288.45,841
286.96,327
286.6,141
286.8,747
287.08,358
287.08,0
286.91,200
285.92,564
285.92,1192
285.95,1326
286.99,582
289.03,2995
286.28,200
289.42,1176
290.12,3697
290.01,3237
290.43,938
290.51,827
290.68,1283
290.51,1695
291.38,1878
289.44,3907
288.35,4108
288.84,2822
288.87,13185
289.56,9310
291.36,5934
291.44,1301
290.23,2373
294.6,1595
295.25,1077
296.46,412
296.46,1992
296.25,805
295.86,496
294.22,2129
294.88,1446
295.26,5556
294.08,1550
289.93,2466
289.3,3612
290.83,2253
291.02,314
290.02,1802
288.96,1709
287.71,1325
288.17,2864
286.81,2182
288.5,2823
289.26,3704
289.04,15139
288.31,326
291.98,753
292.1,1099
292.6,614
292.42,876
291.45,1624
291.02,1145
290.78,600
291.23,489
291.51,501
290.68,1310
290.04,1894
289.94,9065
291.44,1241
286.29,368
287.04,940
286.54,562
287.41,1041
287.74,1028
286.45,804
285.72,200
284.31,1306
285.21,923
285.65,1274
286.49,1225
286.95,3755
288.85,1291
287.54,601
291.81,309
292.05,513
292.48,286
293.41,100
293.57,474
293.93,100
293.75,906
293.88,409
293.95,466
292.99,799
293.4,6588
299.25,2204
299.63,1743
296.15,3058
293.24,2022
291.79,4042
291.06,2703
290.36,1666
290.75,702
291.08,1472
291.58,1720
292.51,1851
292.59,2685
293.05,11580
291.65,110
291.57,601
291.32,513
290,1767
288.98,387
291.23,105
291.54,676
291.91,1326
292.06,207
293.28,1638
293.28,0
295.46,877
295.9,4631
293.77,308
289.23,5364
290.58,500
291.55,210
292.25,676
290.58,581
290.54,680
290.4,726
290.59,830
291.16,3985
293.2,1019
294,712
294.41,6165
294.18,201
295,1302
297.04,2524
294.83,1431
293.73,2897
293.17,2501
293.82,1677
295.65,2024
297.67,3446
298.33,3707
298.5,1517
297.71,3759
298.01,16922
298.18,1887
294.55,3540
296.74,2542
294.16,940
294.53,560
295.04,4516
293.75,2828
292.81,1231
291.69,2176
291.18,3986
292.79,3755
293.75,4293
293.07,8546
292.52,1084
289.25,335
289.34,722
287.44,570
287.58,458
288.39,350
288.11,589
287.8,217
288.05,172
289.17,258
289.34,1742
290.5,1584
289.36,4284
288.62,940
288.64,1302
288.05,1762
286.87,790
283.09,1739
281.72,2925
281.91,880
283.81,401
283.24,908
284.91,1088
284.26,1778
283.88,1698
282.33,5241
283.03,663
280.94,1340
281.28,745
283.03,861
284.96,606
284.35,356
283.74,1298
284.15,211
283.98,1328
283.62,110
284.31,1341
284.17,1251
285.66,7326
286.85,1030
288.32,874
288.32,0
288.32,0
288.52,102
288.45,329
287.49,740
287.62,333
288.37,201
288.37,0
289.39,300
289.23,1031
288.68,4244
287.58,418
287.83,110
289.39,100
289.39,0
286.05,267
286.23,150
286.45,111
286.4,940
287.43,508
286.34,1307
286.14,439
285.37,1759
286.3,11643
285.95,1035
284.55,1585
284.14,1245
282.78,324
281.45,2382
282.19,477
282.06,1219
282.3,184
282.15,910
282.5,1176
284.48,3132
284.35,1590
284.65,6729
283.21,1016
284.34,1490
285.72,1003
284.08,271
283.65,1033
283.92,2105
284.12,779
284.16,822
284.48,563
284.32,100
284.09,1046
283.81,4688
284.13,5761
283.87,402
280.76,1799
280.66,868
282.6,1187
280.97,583
280.7,301
281.19,123
281.19,0
281.48,1633
282.62,511
280.62,302
280.28,967
280.83,9670
281.74,725
282.31,292
281.36,644
282.63,550
282.56,3224
282.9,2144
282.53,1801
282.81,2204
283.23,341
282.55,1704
282.54,219
282.41,1270
282.96,4373
282.04,401
280.43,711
280.41,100
281.59,341
279.71,496
279.15,1612
277.75,925
278.24,1746
278.98,100
278.39,788
278.33,211
277.65,256
277.33,6528
279.2,1042
280.53,354
279.59,147
279.84,393
278.64,281
279.53,128
279.97,100
280,252
279.53,443
279.75,316
279.67,288
279.48,455
279.93,3839
280.71,729
283.18,1550
283.56,754
283.8,112
281,275
280.98,1100
281.41,182
281.41,0
281.41,0
281.41,0
280.27,250
280.27,0
281.29,4477
281.4,871
279,746
279.95,961
280.12,819
281.14,216
281.69,460
281.03,217
280.97,111
281.07,1277
281.45,316
280.39,865
281.9,591
281.44,3920
287.15,411
286.7,688
287.19,1197
288.37,675
286.97,659
286.57,1208
285.99,386
285.04,127
285.04,0
285.43,414
287.38,1667
287.56,1491
288.16,3722
286.89,968
285.53,660
283.6,2064
285.67,401
286.13,1591
285.89,1559
284.7,2189
284.52,2250
283.48,1235
283.59,619
283.91,293
283.74,2079
285.42,7493
286.03,525
284.36,281
284.28,525
283.91,1909
282.91,1251
282.12,100
282.66,1109
283.19,628
283.11,721
282.85,510
282.57,783
283.02,1436
284.15,3639
283.87,2352
283.01,1491
283.42,3827
287.31,2896
288.02,3681
287.53,2848
285.3,300
284.1,1322
284.43,316
284.2,714
283.9,1478
284.31,766
282.59,5483
279.13,6514
285.55,5821
283.01,7233
284,1558
281.56,1730
281.32,534
280.77,591
278.2,1097
278.85,1775
280.32,2787
275.86,1454
276.05,2942
276.64,14232
269.58,520
264.4,2562
265.45,1762
269.3,1139
264.97,531
264.63,2659
265.12,1654
265.09,988
266.03,1442
268.03,6007
266.42,3084
266.02,4384
264.4,8757
268.63,5376
269.22,4858
268,2761
266.37,2443
264.91,1943
267.98,1868
266.33,1304
263.78,1461
259.69,1034
261.39,1098
260.17,2656
259.62,2697
258.29,5647
253.61,8316
255.2,3249
256.4,9064
256.12,3623
255.19,3107
252.81,1759
254.61,3220
256.2,7586
266.06,1429
270.92,5311
268.49,10843
265.17,6756
270.24,17808
270.11,825
271.48,7814
268.95,1113
267.11,1954
264.74,3143
262.49,2813
261.33,4694
264.33,2550
263.84,727
266.01,3544
269.35,3061
266.67,9039
266.6,15845
265.16,1708
264.89,1838
262.02,3755
261.82,4340
262.34,924
264,2209
265.65,2003
265.46,254
264.98,1231
268.56,3961
268.22,1912
268.7,2071
268.75,4853
268.75,0
271.94,769
272.23,1214
273.95,2377
273.05,2087
273.13,4649
275,865
275.41,2298
275.19,2308
276.31,278
276.49,2678
277.03,3578
276.71,11318
277.33,2203
279.79,634
279.99,243
278.91,659
278.61,3621
278.64,3683
279.18,2372
278.85,520
277.94,683
277.35,1449
277.6,654
278.16,1428
277.86,3302
278.36,223
278.53,3881
277.25,321
279.33,726
279.43,1081
279.87,103
279.32,200
279.9,455
280.03,3661
278.15,124
278.18,273
277.72,1888
276.97,3831
280.8,1019
283.41,375
283.06,2828
284.11,4599
284.19,1892
285.11,3527
286.15,1305
284.21,200
283.98,339
284.67,3269
285.47,406
283.54,441
284.19,4495
281.93,2454
280.99,1544
280.32,640
278.27,1652
277.13,439
275.38,512
275.38,0
274.11,331
274.12,499
272.74,428
274.14,765
273.88,1158
274.2,8017
281.72,1929
280.46,1913
282.94,483
284.09,558
283.87,2562
285.32,2627
285.21,1024
284.23,2012
281.03,1024
281.99,1549
284.22,779
284.66,2121
284.31,11670
286.18,788
286.36,1250
286.46,927
283.71,1983
283.86,763
282.71,851
282.98,637
283.54,459
283.62,682
283.45,590
283.2,1102
282.17,1106
282.36,6702
282.69,200
281.53,437
282.17,637
282.89,1216
283.31,541
282.76,1178
283.95,685
283.46,100
283.59,959
283.37,476
282.4,493
282.56,491
282.26,9890
281.73,1840
277.01,1625
276.85,2968
278.46,2075
277.94,3234
278.25,3894
279.04,1865
278.07,1078
278.16,2516
277.7,3491
279.44,4226
278.58,6100
278.09,17728
280.11,1112
278.68,922
279.96,614
281.07,1014
280.11,800
279.29,248
279.43,768
279.06,1064
278.3,1133
279.35,509
280.03,572
279.77,3556
279.75,13723
280.34,1389
279.87,660
278.17,593
279.1,789
280.06,2592
279.35,2472
280.43,2155
279.81,463
281.24,528
281.69,1311
280.84,819
280.87,1578
281.45,9791
280.84,2100
280.74,1707
283.08,938
285.38,2169
285.46,642
285.23,596
284.54,301
285.46,223
286.4,699
286.3,1349
284.82,115
284.33,945
284.65,7526
290.46,5049
289.2,1111
289.95,3071
291.52,2278
289.54,896
289.43,1207
288.07,2160
287.83,1415
288.75,760
287.82,2887
288.53,1678
288.85,2501
288.57,6906
291.17,20768
288.43,771
289.25,1866
288.88,1573
287.5,2630
287.96,637
287.9,5170
287.82,5269
288.01,5029
288.09,3524
288.25,6577
288.24,14087
288.22,8081
286.96,1040
285.91,1154
288.81,751
288.44,933
288.41,4671
288.8,1423
288.73,3354
288.78,610
288.31,3362
288.78,5880
289.44,8951
289.37,3481
288.99,19819
283.58,929
286.82,887
288.79,1085
288.29,200
287.74,665
287.09,977
287.82,503
287,427
287,0
286.26,426
286.8,100
287.31,1814
286.99,5476
286.2,4555
288.3,3595
287.52,332
288.18,1744
288.54,970
288.73,4719
288.59,5294
289.02,2731
288.68,1061
287.49,548
287.6,2807
288.2,1882
287.43,12868
288.76,658
287.31,433
287.38,893
286.28,1059
287.8,635
290.62,200
289.58,1113
289.74,1294
289.4,943
290.31,1041
289.93,1781
289.29,834
289.66,6583
289.41,204
289.48,578
291.45,120
291.41,660
291.12,442
290.77,536
290.53,309
291.19,100
291.23,616
291.46,481
291.63,349
292.44,596
291.75,2339
292.49,973
288.53,1625
288.58,1736
289.93,2849
290.2,2100
289.71,1820
290.48,479
292.69,600
291.98,642
292.32,1973
292.7,1239
292.79,1952
292.82,8648
294.53,3866
290.06,1487
288.39,1201
289,269
290.28,1096
288.28,950
288.28,1119
288.8,581
289.95,846
290.15,208
289.36,534
289.1,610
289.57,3191
286.75,889
287.75,359
286.79,510
284.93,327
286.31,454
286.52,449
286.23,419
286.03,100
286.03,0
286.03,0
286.83,100
286.85,473
286.63,3396
288.44,550
288.18,482
288.31,710
288.13,2241
288.67,403
289.55,623
288.95,294
289.57,495
289.27,853
289.46,871
291.2,499
291.95,2540
292.31,5711
293.31,311
293.64,387
293.52,1448
293.53,834
293.66,1356
293.88,1063
294.83,1738
295.22,442
294.95,300
295.04,382
295.26,1099
295.7,1663
296.17,4840
293.97,225
294.96,1658
296.01,100
296.01,0
296.01,0
296.01,0
296.01,0
296.37,100
296.37,0
296.57,334
296.72,739
296.54,608
296.48,3925
296.49,561
296.52,1670
295.89,412
296.13,326
296.66,105
295.49,247
295.06,154
295.28,812
295.28,0
295.66,867
294.94,2014
294.88,1554
295.42,4635
293.49,3944
290.94,989
288.94,853
287.86,2242
288.75,2199
288.84,1732
288.82,287
288.64,509
286.2,1664
285.8,798
284.65,3628
283.96,2986
284.23,3316
282.77,881
282.9,801
280.64,2531
281.78,2263
282.56,1142
282.78,462
283.15,832
282.29,316
283.56,102
283.97,224
284.05,810
284.33,5212
285.15,5625
285.07,1906
284.45,870
283.13,692
283.3,115
283.52,541
283.92,1438
283.6,101
283.6,0
283.6,0
284.34,547
284.56,1030
284.47,100
284.95,1608
286.73,2341
285.66,5403
286.72,660
288.01,2279
288.51,2085
287.06,281
287.13,201
287.45,369
287.32,968
288.14,900
288.8,1245
288.73,2184
288.26,9779
288.55,1471
287.43,825
288.78,1066
288.64,2631
288.06,1213
288.06,426
289.24,1145
290.14,501
289.7,315
289.6,732
289.15,813
289.04,747
289.47,3975
290.93,1810
294.09,4148
293.54,2229
293,100
291.12,744
292.7,573
291.88,214
291.88,0
292.59,742
292.56,297
293.23,475
292.91,1238
293.1,3158
293.22,1307
293.06,498
293.06,0
292.71,396
292.37,364
292.87,423
292.32,2858
293.33,1513
293.52,1297
293.14,2085
293.36,426
294.96,1155
296.08,2394
294.11,1802
291.48,2594
293.81,2343
294.94,1846
294.53,1641
295.71,1807
295.19,772
295.45,104
294.98,319
295.42,588
296.09,406
296.6,3075
296.93,4573
295.43,3431
291.42,4914
292.15,4851
292.03,1986
291.58,825
293.57,328
292.94,497
293.52,748
293.29,626
292.08,1546
291.25,5425
291.84,4156
291.38,6257
289.07,3805
289.6,3434
291.05,1747
291.57,915
291.93,2055
292.13,1150
291.86,1341
291.99,724
292.35,1389
292.49,2651
292.29,2061
291.46,1892
291.87,7178
291.87,0
289.27,2811
289.8,3947
289.08,1093
289.76,819
290.08,1112
290.08,0
290.14,120
290.16,625
289.36,1712
290.02,1168
289.92,2558
288.69,5622
289.98,1594
290.74,1785
290.31,743
290.56,357
289.18,1914
288.93,1971
289.25,2191
288.64,1376
288.88,1494
289.45,1690
290.18,610
290.25,4268
290.27,16300
290.41,626
291.68,472
289.9,469
290.12,994
290.89,391
291.23,120
291.23,0
292.65,594
293.07,1110
293.49,481
293.28,1134
292.45,1809
291.48,3315
289.82,1829
290.22,748
289.47,1299
290.67,505
291.09,402
290.46,203
290.46,0
291.37,328
291.4,540
290.7,1380
291.49,2267
291.78,1203
290.82,1505
292.6,100
291.85,630
292.15,469
292.01,1139
291.82,215
291.31,100
290.76,470
291.08,100
291.16,213
288.59,469
288.59,0
288.91,343
287.32,3434
289,554
288.47,1036
288.51,2916
287.5,246
287.89,954
287.66,2528
287.46,829
286.89,6210
287.23,886
287.33,389
287.35,1909
287.07,1863
286.78,12063
286.15,2659
284.72,1009
285.58,536
285.85,597
286.29,694
285.39,212
285.37,200
285.63,517
285.47,115
285.47,0
284.34,437
284.45,595
285.17,6326
287.33,936
287.02,2021
287.85,4281
288.05,3884
287,5100
286.45,4450
286.93,1289
285.18,723
286.07,546
284.73,3863
284.9,604
284.93,7932
284.27,24477
284.99,2488
287.02,1543
286.46,1547
287.01,1154
286.05,2264
286.26,939
286.32,163
286.23,221
284.71,417
284.6,1209
283.9,948
283.79,418
284.32,5973
283.62,974
282.81,2077
283.19,914
283.97,3888
282.74,3054
283.9,225
283.59,1613
283.37,1159
283.34,2268
284.5,2187
284.04,1091
283.07,507
282.28,18753
282.02,3425
283.62,1303
281.62,1545
281.39,1961
281.74,832
280.07,8322
279.96,2413
280.14,560
281.01,2113
281.37,853
281.75,3093
281.54,1244
280.91,17933
282.33,2114
284.45,535
284.26,1150
285.13,451
284.86,950
284.06,384
284.06,0
284.21,100
284.88,189
284.51,100
284.51,0
284.9,101
285.5,19381
286.04,3904
283.35,2654
284.37,2081
284.81,2210
284.29,640
284.46,100
284.46,0
285.22,523
286.75,1628
286.96,1403
287.06,740
287.21,378
287.27,4911
283.29,4065
283.44,821
282.68,326
281.05,321
281.88,319
282.28,453
281.69,627
281.9,205
281.44,901
281.97,142
281.66,212
283.23,625
281.73,1598
279.66,2445
276.66,2365
278.28,3173
278.53,3149
277.51,4225
277.93,2301
277.93,0
278.07,1664
277.75,1227
277.59,2190
277.44,2030
278.1,1206
279.24,6164
281.1,1935
283.17,4503
283.24,12063
283.66,572
283.27,100
283.54,445
285.16,437
284.03,200
283.62,408
282.87,1435
281.39,1886
280.12,2090
280.36,9026
277.66,968
279.27,1791
279.81,569
280.72,356
279.59,1016
280.2,124
280.35,2663
282.43,3029
282.74,5638
283.06,8184
283.18,2133
283.81,3160
284.36,14107
283.48,1057
283.52,241
287.07,1418
288.05,1130
289.07,576
290.38,638
290.45,899
288.86,100
289.21,1782
288.99,604
289.08,3417
289.1,955
289.19,5685
288.14,837
288.69,210
288.93,1366
287.51,242
288.51,1181
287.85,730
287.36,708
287.36,0
287.69,345
287.77,100
288.76,2709
289.19,995
288.21,10659
287.88,2419
286.99,1526
286.98,1765
288.37,5803
288.85,1763
288.32,1115
288.8,11331
288.8,0
288.8,0
289.21,1134
285.19,1198
285,5262
284.84,2365
283.84,1323
283.56,621
282.6,404
282.6,0
282.96,100
283.25,1748
281.77,1619
282.6,1065
282.11,3015
282.88,682
281.67,3532
284.35,5082
284.31,2919
283.99,2993
283.89,146
284.16,135
282.51,692
282.27,202
282.66,383
282.56,1673
282.77,1779
283.16,6314
281.79,356
279.55,2026
278.43,4726
279.01,2843
278.81,1499
279.12,3382
279.13,2250
279.11,3453
279.65,3149
279.9,4971
279.9,1514
280.43,2400
280.21,4677
279.39,742
282.08,1429
282.16,834
282.89,2983
281.91,574
282.5,451
281.71,6212
282.21,1417
282.13,140
282.33,1561
281.67,341
281.21,441
280.6,5708
279.87,1181
277.57,2851
278.53,4404
279.11,2054
278.61,3120
278.35,3452
278.52,4527
278.83,10245
279.75,1361
279.86,1941
279.69,2736
279.36,1518
280.14,7005
279.77,2345
279.89,6326
279.89,0
278.69,774
279.8,5126
279.66,1122
279.48,1420
279.57,909
279.25,2832
279.36,2678
279.2,1576
279.27,2021
279.05,23001
279.75,1136
280.41,1575
278.54,730
278.81,2827
277.49,2294
276.68,440
276.25,967
275.84,7332
277.22,12227
277.03,9539
277.17,939
276.73,1548
276.32,6357
276.97,1646
275.84,2841
276.55,1167
276.14,1603
274.31,1410
275.12,716
275.46,223
275.72,333
275.15,2408
275.1,2520
275.59,4982
275.46,3392
275.97,6329
276.29,2922
277.49,2259
275.94,1567
275.84,2294
275.63,2954
276.07,1688
275.37,2327
275.06,3732
274.75,6547
274.14,6147
275.48,5565
275.4,6489
275.23,12019
275.01,2346
273.91,1499
272.88,1500
272.81,1864
273.13,1114
273.22,1071
272.96,1482
273.47,327
273.84,1628
274.54,1584
275.05,1782
275.08,757
274.72,6458
276,170
276.87,3110
276.95,1249
277.11,3799
277.43,3316
277.9,3513
278.18,1273
277.66,490
277.58,1184
277.69,2336
277.49,1660
276.43,309
275.83,8374
280.85,895
281.76,1219
280.06,1104
279.06,1100
279.41,1211
278.88,350
278.99,1348
278.69,984
279.8,500
279.64,1961
280.03,1654
280.62,1282
280.87,7465
280.9,1077
281.61,1959
281.76,1070
281.75,837
281.46,1827
281.76,1282
280.68,1328
279.78,2638
280.42,507
279.77,518
280.19,320
279.91,1616
279.96,8858
280.61,673
279.65,613
279.71,453
279.71,581
279.83,911
280.76,775
279.68,424
279.76,596
279.78,200
279.66,929
279.63,1032
279.09,1193
279.13,5892
278.42,1473
276.1,2066
276.2,1051
277.14,921
277.44,1109
277.36,1689
277.42,1261
278,1842
277.93,1622
278.05,337
277.94,2664
277.89,4054
278.42,8331
278.64,1688
278.19,816
279.5,623
279.5,0
280.23,646
280.2,1561
279.46,169
279.13,1113
278.08,619
277.7,1204
277.89,1293
277.63,2151
277.73,9497
277.84,452
278.33,976
279.71,735
279.68,502
281.24,627
280.48,404
280.93,402
281.32,269
281.24,319
280.68,1072
281.04,526
282.18,354
283.19,2914
282.7,1236
282.07,445
282.46,498
282.44,2403
281.15,3334
281.65,1179
282.31,1299
282.41,3008
281.7,1324
282.76,4074
282.81,2049
280.1,3230
278.71,7087
277.86,2250
270.78,3752
271.62,5463
269.5,3348
267.5,5178
266.56,4894
266.68,4400
266.78,2379
264.74,2541
264.04,5382
265.07,7941
264.38,3698
263.76,7386
267.62,6481
266.02,1806
264.21,2439
264.09,3563
266.42,3249
268.29,3011
269.36,3091
268.76,2706
269.53,4703
268.58,1703
270.12,3050
270.19,6837
270.12,11502
269.25,3018
270.13,1978
272.26,845
272.49,632
272.64,133
272.94,1039
272.47,1184
272.67,601
271.15,1457
271.17,790
272.22,2241
272.23,1110
272.36,9917
271.15,1035
271.05,1794
271.8,2370
273.37,1379
272.95,559
272.5,579
273.08,753
273.25,1057
273.61,739
272.62,2016
271.94,4426
271.87,5940
273,10283
274.22,3387
272.37,3496
273.82,2454
275.08,1380
274.88,2338
274.7,3165
274.35,2121
273.29,773
273.61,1215
273.21,2033
272.66,1175
272.43,3491
273.35,6017
274.14,575
273.85,525
272.37,372
272.68,969
272.21,1196
273.09,830
274.25,1000
273.57,941
273.75,209
274.29,742
274.38,790
274.84,963
274.88,3666
275.54,318
275.33,1427
275.59,530
273.89,537
273.95,438
274.09,730
274.23,266
274.19,101
274.4,1088
274.03,1404
273.83,3819
273.72,310
273.46,2630
272.97,536
271.12,1398
270.18,7401
271.32,207
271.43,785
272.55,625
272.07,781
271.38,1021
270.71,2256
271.72,1054
271.86,5643
272.12,1127
272.03,11977
270.74,2417
271.14,1966
269.6,2030
270.71,1735
270.23,565
270.27,489
270.38,830
270.33,268
271.04,558
270.92,589
270.87,572
271.17,1377
271,7401
272.27,596
271.79,780
272.35,833
271.43,1812
273.79,1498
272.17,817
273.06,1449
273.86,673
272.91,291
272.76,2182
273.36,1558
272.81,2398
273.56,8013
271.9,598
271.18,2847
271.71,1164
271.49,1121
271.57,1358
271.19,854
270.94,2430
271.14,1318
271.13,1466
272.17,313
272.1,846
271.84,922
272.72,3163
272.55,852
274.28,257
274.27,487
274.12,670
274.73,423
274.34,381
274.75,466
275.02,714
275.14,1902
275.07,1000
275.32,809
274.87,2482
274.05,5999
273.99,222
273.72,1519
272.81,1206
272.65,889
272.62,214
272.76,386
272.95,262
273.02,462
273.09,110
272.92,270
272.37,645
272.37,1225
271.92,7734
271.92,0
275.34,2433
277.2,705
277.04,2331
276.73,1166
276.02,1294
275.98,712
276.5,449
276.94,790
275.76,101
275.78,933
276.77,881
278.13,6170
279.31,3114
280.78,2489
279.17,2918
278.88,1634
278.12,3362
278.39,760
278.44,406
279.2,734
278.78,837
278.06,388
278.52,1219
278.37,1852
278.65,8234
276.09,2828
277.5,1576
277.39,301
276.45,480
277.64,146
276.88,768
276.95,405
276.71,110
277.45,432
277.4,252
277.14,594
277.5,1146
277.56,4751
280.8,391
283.56,459
284.84,548
286.47,1426
286.69,318
286.93,338
286.74,484
285.73,348
285.25,443
285.16,583
284.9,432
284.74,830
284.92,3446
283.59,455
282.8,360
282.18,533
281.46,606
281.46,380
281.3,891
281.3,0
282.27,374
282.44,347
282.44,0
281.56,433
281.05,111
280.9,5372
280.9,0
282.59,1645
281.24,1205
280.73,436
279.85,321
280.01,932
279.91,583
280.54,109
280.93,437
280.71,775
280.57,920
280.39,1119
280.64,3648
282.35,319
281.28,197
281.29,629
281.93,200
281.87,100
282.02,831
282.5,614
282.27,600
282.44,140
282.56,1347
282.21,3379
282.45,2759
282.8,6547
281.08,488
282.31,100
282.18,1087
282.29,473
282.5,217
282.7,557
282.53,222
282.91,334
282.36,592
281.91,778
282.19,169
282.6,833
282.81,4830
283.54,514
284.32,234
284.97,255
285.32,1589
284.83,754
285.28,904
285.25,576
284.49,207
284.55,332
284.47,201
284.4,745
284.45,1417
284.97,2938
283.21,6889
282.79,1382
282.69,888
282.13,995
282.68,3006
282.84,1206
282.02,1803
282.35,107
281.87,349
280.71,455
280.29,586
279.69,1150
279.82,6243
279.82,0
279.54,600
279.54,0
282.34,407
281.94,310
281.95,100
281.21,503
281.48,508
282.28,935
281.97,212
281.97,0
281.97,0
282.33,2482
283.63,770
284.56,206
282.93,2396
282,2494
281.58,227
280.87,969
280.87,0
280.87,0
280.32,820
281.48,10916
281.39,150
282.11,738
283.11,6364
289.72,256
288.88,762
286.61,1339
286.77,431
288.08,455
288.08,0
287.61,687
288.36,416
288.4,228
287.89,104
288.38,439
288.38,0
289.09,4044
285.16,4110
283.74,1174
283.75,1613
285.05,761
285.57,944
286.02,849
285.56,2274
285.24,433
284.62,120
284.28,1235
284.45,2287
283.76,742
283.86,8932
283.3,1214
283.63,1429
283.3,2093
282.7,1021
283.31,2650
282.48,1332
282.18,521
282.48,460
282.98,1096
282.72,2617
282.17,1957
280.94,712
280.44,9424
280.98,1961
280.87,2236
280.87,1344
280.81,2583
281.85,2136
281.97,1280
281.52,1423
280.57,2767
280.42,1840
280.92,1887
280.89,629
280.82,2075
280.05,16413
280.72,599
283.51,1239
282.69,385
284.33,448
284.94,1565
286.38,770
286.38,0
285.39,639
285.55,103
285.92,1566
285.51,1444
285.66,823
286.04,1923
285.41,1170
285.71,944
285.44,2253
284.46,1411
283.51,1186
283.34,646
283.3,326
283.28,404
283.63,869
283.63,0
284.81,792
284.55,1117
283.91,3008
285.35,865
284.09,1596
284.17,1474
283.73,857
282.32,1095
282.46,751
281.02,1048
281.35,849
281.35,0
281.48,1184
280.92,342
280.78,2395
281.27,13951
280.57,2115
280.66,1856
280.37,1493
280.85,3506
280.05,3308
280.94,3454
279.09,255
279.01,1254
278.81,808
278.19,1316
279.68,1568
280.06,1093
279.56,12686
282.17,230
281.34,611
281.34,0
281.76,509
281.76,127
281.87,201
281.57,546
281.23,644
281.09,492
283.7,680
283.11,1161
279.63,882
279.87,5856
278.52,1098
277.99,735
278.28,772
276.42,495
277.11,689
277.25,792
278.84,246
278.22,1474
279.06,1154
279.06,200
278.71,708
278.79,688
277.61,5178
278.08,789
277.91,747
277.56,1819
277.57,689
276.93,766
276.8,269
276.34,993
275.98,818
275.96,651
275.86,593
275.05,625
275.7,1185
275.44,10558
273.2,940
273.1,2161
273.31,1465
273.42,920
274.04,933
273.9,2106
273.9,347
274.28,934
274.68,273
275.04,2414
275.04,0
275.07,813
274.26,4392
275.68,146
276.02,3611
275.69,1336
276.16,1267
275.89,1282
276.15,1550
276.22,1426
276.17,437
276.04,1156
276.6,1449
276.12,1867
275.77,2246
275.99,13600
276.11,1387
274.35,945
274.31,350
275.14,186
275.47,963
275.78,437
275.7,457
275.09,238
274.84,391
274.09,187
274.5,359
274.61,277
274.88,4707
276.37,1894
275.93,2302
275.66,1714
274.44,498
274.82,510
275.47,149
275.78,228
275.62,1499
275.54,1817
275.06,519
275.02,1475
275.39,1034
274.69,9120
275.36,2910
279.23,5744
280.41,14480
280.45,9477
277.99,3072
277.6,1357
278.47,1713
279.35,1685
279.38,1408
279.29,981
279.95,2268
280.45,2951
280.02,13861
280.11,1044
280.22,1416
280.95,493
280.78,700
281.6,860
281.26,1079
281.46,1206
280.99,370
280.99,0
281.76,993
282.31,652
281.92,706
282.52,7710
282.11,770
281.94,1287
280.8,1344
280.23,3701
281.29,1212
281.46,768
281.51,1090
280.63,522
280.65,451
280.44,1471
281.01,664
281.63,1011
282.56,1707
283.68,1309
284.09,500
285.08,829
285.82,1115
286.49,2265
284.62,548
284.77,819
284.26,352
284.5,308
284.67,257
285.59,542
285.28,688
285.25,2766
283.92,201
283.97,443
282.11,100
282.69,513
282.51,484
282.61,1062
282.61,0
282.61,0
282.55,301
282.95,610
283.54,643
283.09,460
283.07,8525
283.41,652
287.79,423
288.59,256
286.68,115
286.68,0
286.98,1304
286.4,1074
286.36,211
286.51,1299
286.28,241
286.28,0
287.7,5554
288.19,1376
287.55,1297
286.16,819
286.59,1334
286.17,1181
286,1882
286.07,1423
286.56,1959
286.03,2778
286.58,2685
286.36,1398
285.25,2155
285.11,1570
284.69,5907
284.54,307
284.43,1418
284.38,3194
285.91,927
287.26,522
286.48,217
286.32,329
286.93,519
286.31,273
286.07,1029
286.01,226
285.78,1084
286.89,4087
286.45,1384
285.15,1586
286.11,131
287.19,631
286.63,1290
286.36,489
286.02,365
286.75,727
286.89,809
286.88,1816
286.27,1277
286.19,1494
286.45,7051
287.55,2369
288.84,864
288.72,204
289.46,179
289.52,2958
288.4,890
288.29,230
288.28,1424
287.7,220
287.62,2001
286.79,788
287.27,2766
287.41,7628
289.01,311
288.35,526
289.33,587
288.01,2751
289.14,209
288.13,657
289.16,1437
288.54,899
288.54,0
289.87,217
288.9,3456
288.65,1334
287.77,4758
289.57,4131
290.89,2750
291.19,410
290.64,1087
291.55,1243
291.33,1810
291.53,1203
291.77,2425
291.75,4232
292.16,260
292.76,2258
291.92,516
292.9,7651
295.9,733
295.89,7218
294.79,7104
294.44,2852
294.12,2182
295.31,1938
295.57,1134
296.75,2769
296.87,464
297.66,969
297.08,2326
297.57,2905
296.66,9937
297.94,5196
299.91,2272
299.52,1723
299.92,1092
298.42,1419
297.19,2771
298.16,1814
296.84,361
296.27,1182
296.63,2470
296.83,3599
294.56,3567
293.98,8133
294.88,884
296.68,1706
297.56,944
299.07,2647
299.19,775
299.78,2849
301.14,6512
302.12,2008
303,9348
301.99,7307
302.45,3299
304.02,12127
302.78,53192
302.18,2502
299.25,9471
300.52,4040
301.22,3283
301.08,16698
301.73,2396
302.55,4559
301.04,6540
301.67,5853
301.6,5540
302.47,3355
302.73,5862
302.87,8883
303.45,1936
303.49,4919
302.56,2271
302.28,2514
302.37,2174
302.27,1960
303.81,1028
303.86,1615
304.14,2297
304.14,3291
304.42,1240
304.7,5564
304.75,26453
305.04,1230
303.7,3489
305.23,2466
305.61,1381
305.77,1953
305.11,1826
304.89,1684
302.94,10879
303.55,1447
303.77,2706
303.49,5186
302.87,4381
301.77,30368
302.14,1239
301.27,561
303.77,567
303.18,1069
304.36,309
303.69,1004
302.63,581
303.8,537
303.8,0
303.8,0
303.88,380
303.58,1072
304.13,13434
304.1,1633
301.61,3536
299.36,602
299.61,945
299.61,0
299.67,127
298.61,477
298.61,0
298.62,140
299.28,1738
300.33,604
301.09,750
301.32,13317
300.03,1019
301.14,1030
299.31,761
299.83,100
299.68,634
299.15,2195
298.52,661
298.35,1066
298.13,781
298.59,1020
298.32,542
298.41,2963
297.47,9369
295.45,2743
295.88,610
294.99,2690
293.85,3111
293.25,1080
293.93,644
293.84,937
294.1,2616
294.28,3921
294.72,1389
293.78,1067
293.82,882
294.27,9437
290.8,1049
290.83,1379
292.5,3610
293.21,3126
293.65,2626
292.93,6214
293.12,6154
293.59,2761
293.23,1563
292.75,3544
292.45,2773
291.77,3163
291.68,37026
290.9,1827
288.08,1744
287.66,2548
287.98,4551
288.52,2954
288.05,2141
287.69,4988
287.58,9612
287.41,3877
286.89,5211
286.44,13949
285.41,7100
284.08,19507
288.58,14327
280.13,4441
278.69,7146
278.47,4192
278.1,3610
277.88,7727
278.05,18824
276.22,1614
274.97,8836
276.76,2963
277.91,4719
276.07,4481
276.01,12277
272.93,669
273.9,3185
274.25,3034
273.78,4123
270.86,6295
271.42,2324
271.66,2560
272.4,5616
272.57,8682
273.2,2788
273.53,1972
274.28,1739
273.59,19629
270.38,1710
269.74,2419
268.54,5239
268.72,4121
270.52,4310
269.06,4962
269.12,2412
269.8,3199
269.65,3192
269.84,4320
270.26,5773
270.45,23404
270.98,71761
272.46,1815
268.17,4334
271.34,4213
271.76,2167
269.63,2496
269.62,1809
269.75,965
269.1,3403
268.57,1976
269.01,1996
269.79,1844
270.76,4340
271.63,27310
271.09,5243
269.74,9265
271.56,4214
269.85,866
270.22,450
270.53,1603
270.84,2238
271.34,1297
272.03,2593
271.8,2168
272.33,3544
272.93,2511
273.38,13636
272.27,1062
271.21,2835
270.85,884
271.82,1175
270.95,2934
269.23,755
269.74,1289
269.03,689
269.09,1362
268.76,786
269.29,1651
269.55,1972
269.54,12460
269.21,1084
270.01,2135
270.53,1240
270.72,1850
271.99,1162
271.38,1414
270.51,657
270.29,716
270.39,1360
270.59,1872
270.52,1668
271,3159
271.02,12336
269.22,1014
267.16,3998
266.62,3976
265.93,2631
265.03,2739
265.37,4114
265.85,1987
265.81,1724
265.92,877
266.16,1431
266.13,978
266.36,1955
267.13,11366
269.38,1824
270.58,2743
271.05,4120
270.13,1773
270.63,1150
270.64,1342
270.59,1344
271.29,1357
271.83,3330
271.26,1397
271.85,1785
272.01,2490
271.51,6218
270.16,686
269.97,634
268.62,963
270.68,738
270.07,747
271.22,1853
271.65,1513
271.74,1692
270.96,1192
270.59,1686
270.81,1976
271.08,1402
271.63,10056
268.65,1676
270.25,3915
270.86,2421
270.44,2127
269.96,2150
269.92,2123
269.8,3187
269.62,2519
270.71,1952
270.85,2103
269.73,2139
269.85,2350
269.23,9674
269.28,1014
268.01,1817
268.89,2113
268.85,3518
268.71,2035
269.55,1383
268.97,1146
268.63,1448
268.13,2234
267.86,689
268.59,640
269.17,1546
268.82,4298
268.38,368
268.03,1631
268.35,1442
267.82,1448
267.51,772
268.37,1148
268.37,1317
267.9,1720
267.24,2998
266.09,1406
266.01,2918
264.04,1603
264.41,7276
263.7,423
265.96,949
264.95,2296
262.45,1269
263.63,1289
262.66,1135
261.5,1472
262.57,673
263.6,3920
264.27,1446
264.11,3853
264.61,3332
264.58,13778
266.08,1108
264.08,1762
262.6,1958
262.39,4000
261.74,1968
262.17,2463
262.93,2643
262.68,1260
261.94,3328
261.23,3216
260.13,7779
260,11722
261.23,17011
261.67,4557
259.06,3266
259.2,3663
259.3,4578
259.22,8446
259.6,7093
260.08,4523
260.02,6306
260.99,1520
260.75,1877
261.23,1802
261.39,4125
261.46,15776
262.16,1184
263.52,1865
265.73,4250
265.42,1767
264.72,1174
266.17,1774
265.98,547
265.86,852
266.25,226
266.49,847
265.88,1567
265.11,2544
263.62,15679
263.7,2013
262.68,4806
261.61,4057
263.81,4621
263.52,5157
263.32,4666
262.62,1888
263.41,1960
263.97,3994
263.43,3411
263.04,4770
262.76,8577
261.72,21204
265.5,1707
266.77,2507
268.1,1850
268.65,2525
268.76,898
268.69,1438
269.32,1007
268.49,581
268.37,424
268.1,1079
267.96,2142
267.41,1347
267.83,9158
266.81,834
268.02,767
268.84,942
269.44,720
269.16,300
269.44,752
269.71,2546
269.45,866
269.43,520
269.87,732
269.35,1074
269.37,1593
269.69,8160
268.16,437
269.45,850
269.54,2093
269.87,1305
269.8,1359
269.91,1250
269.11,5552
269.11,0
269.11,0
265.39,2401
267.36,2049
266.18,1441
267.5,1718
268.01,1973
268.74,1308
268.79,1237
268.95,1382
268.95,1343
268.97,1544
268.13,1558
267.87,3367
267.17,10063
267.51,1390
265.46,3797
264.92,3715
266.36,2108
266.72,2024
266.08,1683
265.61,1658
265.21,1578
265.66,1689
265.96,1650
266.7,2731
266.94,3036
267.18,10498
267.52,3143
269.97,5828
269.72,3963
270.49,4841
271.33,3627
271.35,3057
271.95,4236
272.54,2028
272.48,2863
272.31,2850
272.17,2237
272.16,5044
272.41,16536
272.56,1326
272.49,5150
272.25,1434
272.73,2792
272.22,2060
272.21,2504
271.88,3162
272.13,3084
272.7,2100
272.3,6234
271.93,4053
270.89,2450
271.26,12739
269.95,536
267.92,3489
269.32,2136
268.54,721
268.85,1366
267.12,1157
266.17,250
267.18,581
267.05,1745
267.23,1811
267.01,2308
266.46,3026
266.69,11184
265.82,880
265.81,3559
266.83,2476
267.37,1855
267.59,2005
267.45,1988
266.71,3483
266.57,807
265.78,4006
265.03,2483
265.48,3346
265.67,1568
264.97,9677
266.01,2569
264.2,2019
261.55,4723
260.42,3288
261.14,2814
261.77,5019
261.18,2058
261.13,2266
260.96,3353
260.96,1998
260.4,2081
259.37,3381
259.71,10891
260.34,1854
261.83,1374
261.43,2115
261.8,2264
261.68,1703
261.25,1950
261.38,2032
260.92,2822
260.57,2472
259.89,4717
260.22,6572
261.13,4033
262.19,27961
263.43,7043
267.21,6156
266.54,2227
267.58,2761
268.01,4339
268.08,2907
267.93,4681
267.87,3773
267.91,5630
267.83,4858
267.76,3616
268.19,5476
268.28,22316
270.17,4000
270.43,4181
270.08,4671
269.53,8434
269.51,13407
269.45,5851
269.26,5443
268.34,4892
269,6315
268.84,3768
268.72,2339
268.53,3981
269.01,18861
271.23,4559
272.34,2679
271.21,5781
271.02,6242
270.35,6575
270.14,3537
269.7,5025
269.22,5942
268.74,5481
268.94,5973
268.71,4293
268.97,4620
269.3,15426
269.54,8044
268.87,5225
269.18,2714
268.95,9808
267.88,4352
267.41,6715
267.18,8694
266.82,5019
265.85,3336
265.78,4766
265.69,2785
266.04,3943
265.92,14649
264.09,1348
265.67,1361
266.13,1822
266.28,1387
265.62,767
264.51,1561
264.26,705
263.75,6279
263.55,6309
262.85,7024
263.72,4584
264.81,6834
265.56,21286
264.94,807
263.53,1546
263.51,1895
263.73,1782
262.51,1782
262.14,2404
261.12,1323
261.14,1551
260.44,3420
259.39,1754
259.15,2708
259.14,5402
259.59,14104
258.1,2923
257.32,5310
256.34,2775
257.09,2665
257.73,1922
257.54,1687
257.18,2064
257.66,1467
257.74,1254
257.54,2197
257.06,1809
257.04,3420
257.18,14824
256.63,4869
255.77,1235
256.17,1793
256.29,1555
256.63,1968
256.8,1998
257.24,2077
258.08,2421
258.77,1948
257.42,2936
258.01,1448
257.67,2154
258.62,7562
258.37,1814
256.83,1688
257.15,1477
256.9,859
256.92,1179
257.45,1360
257.28,845
257.76,1383
257.85,1386
258.23,898
257.64,1242
257.77,1780
257.08,9211
256.95,317
257.91,762
258.59,1048
259.11,237
259.06,796
259.36,2320
259.21,4834
259.21,0
258.53,1824
259.38,599
258.66,1348
258.34,1055
257.77,879
257.86,842
257.81,899
257.91,2150
257.32,1070
257.47,1044
257.64,2540
257.52,4650
257.88,16304
258.59,1374
259.03,1403
258.35,2338
257.45,3819
256.73,2298
256.2,1773
256.22,1811
256.32,1887
256.54,2981
256.58,3213
256.21,3765
256.54,3253
256.69,9594
256.61,1056
256.84,609
257.03,1476
256.75,582
256.9,1084
256.77,1374
256.9,476
257.09,2134
257.38,2010
257.14,966
257.28,1834
256.95,4376
257.61,17482
257.79,1435
257.46,1452
256.5,1032
256.69,465
256.6,905
257.23,744
257.18,1919
257.73,1701
258.03,1205
258.1,1194
258.17,1931
257.65,1306
257.1,5702
256.45,1960
254.62,2110
255.02,2331
256.12,2364
256.18,1123
256.3,1752
255.91,1372
255.29,1713
255.86,3233
256.19,1029
256.26,1092
256.55,2377
256.05,9575
254.51,471
255.37,2733
255.84,4160
255.08,2421
255.32,2653
256.51,4520
257.28,3885
256.54,2029
256.87,1351
256.89,1986
258.17,2162
258.28,3631
258.47,13845
256.79,2305
259.86,3705
260.94,3352
261.27,4114
261.56,9057
264.36,9842
265.13,4701
266.39,8527
267.63,6805
268.43,6635
268.02,6697
268,3740
268.98,9544
268.81,3447
264.61,4206
262.66,5305
263.87,4398
263.57,1970
263.27,3071
263.63,2128
262.52,1391
262.32,3835
263.14,1974
264.1,3066
264.76,4286
263.03,17209
261.34,1673
265.09,2305
268.14,2850
269.53,3863
269.63,1424
269.88,1685
269.2,1460
269.09,1766
268.85,1158
269.25,1431
269.14,2444
269.08,1946
268.1,9540
267.82,2507
271.61,2171
271.89,1648
272.49,2744
272.52,6407
273.55,4795
274.57,5042
274.87,3424
275,3093
275.07,4293
275.09,2040
275.18,3686
276.23,20497
275.58,2586
278.36,4846
278.61,7585
278.04,11015
278.12,5169
277.76,6879
278.62,9138
278.39,22608
278.51,14838
278.13,14532
276.99,3056
276.61,7248
275.45,22037
277.13,4067
273.43,3592
274.77,3559
273.83,4047
272,2282
271.11,2521
272.56,1964
273.24,1067
273.47,2540
274.99,1911
275.66,2793
275.56,2891
276.7,16727
277.09,7852
280.72,9942
280.57,14897
281.2,2006
282.38,1411
281.53,16308
281.7,9899
282.75,2760
282.34,4620
282.37,1759
282.34,3481
282.89,9810
283.71,22990
285.44,8406
284.4,1105
287.07,564
287.49,854
289.14,1179
287.77,481
288.03,250
287.92,212
288.21,1202
288.12,2141
288.43,1103
289.08,3681
289.63,24859
289.69,622
288.89,2388
289.07,2049
290.07,1409
291.06,2405
290.51,3460
290.44,3228
290.51,1621
291.11,2487
291.22,2741
291.67,4164
292.24,4331
292.07,22694
287.85,10380
286.55,11697
286.5,28627
284.54,10238
284.8,14793
284.74,24407
283.81,14318
283.28,20289
283.14,24334
282.67,43299
282.71,10452
282.5,61435
282.1,42810
283.92,1395
283.39,3398
282.4,1428
282.74,1680
283.58,7293
285.36,12368
284.37,20622
285.34,8070
287.11,9631
286.01,10648
286.3,14328
287.09,4940
285.61,11718
286.98,599
285.8,1783
286.19,1229
285.13,988
283,1813
282.59,2143
282.98,1933
284.02,1312
283.92,3956
284.4,1392
283.42,3621
282.97,5021
283.51,18266
284.58,4351
283.56,2102
282.62,998
283.16,1755
282.72,2161
282.64,3490
282.89,3521
282.15,2401
281.17,2567
282.09,4967
282.21,1369
280.77,3491
280.81,8250
278.73,1117
278.7,1600
278.01,2368
278.11,1722
277.82,2998
276.67,2316
276.24,2486
277.28,1662
277.52,1668
275.83,4300
276.42,1654
277.13,2354
276.95,11638
276.39,964
276.67,3781
275.74,1165
275.52,1026
275.45,1124
275.52,1389
274.94,1863
275.46,758
275.12,1187
274.81,826
275.67,1809
276,1693
275.85,8258
276.81,209
274.7,573
275.52,1459
274.94,1571
275.26,1129
275.47,1090
275.34,2565
274.19,2080
273.78,1224
273.24,1732
271.19,5756
271.89,3122
272.11,13155
270.96,2136
273.14,2812
274.09,1861
275.91,3972
274.8,3339
274.26,2589
274.06,768
272.4,2434
273.53,2830
273.32,2906
274.58,3633
274.41,3322
275.02,8733
273.36,2316
272.1,1104
272.12,2156
271.88,1133
271.17,1356
271.59,1374
271.18,1908
270.39,3284
271.25,2283
271.59,3920
271.77,2622
271.35,3846
271.85,13488
272.9,693
272.31,921
271.54,2032
271.68,2360
271.75,2085
272.15,2058
271.72,1647
270.52,2354
269.91,1981
270.16,2015
270.52,1981
270.96,2387
270.68,7253
269.98,6907
273.12,2908
277.78,10919
276.53,7708
275.77,3381
275.81,2944
274.97,3824
276.49,3329
275.51,2876
275.12,3241
275.54,3455
276.11,5397
276.96,10640
280.15,2435
281.68,2390
284.17,4614
284.22,11323
285.13,3461
284.48,1905
284.5,1932
285.81,3543
285.22,2612
285.91,3361
286.94,5720
287.01,4891
286.39,11987
282.42,2365
279.98,2802
279.69,1614
279.73,2287
278.33,2189
278.52,1854
279.53,1708
278.57,1351
279.07,1563
277.85,3923
279.34,3382
280.37,3698
280.96,11766
283.37,403
282.97,1575
280.9,3762
281.45,4304
281.55,1796
283.01,2654
282.07,1712
282.16,963
282.73,1430
283.31,948
283.3,1080
283.71,2846
283.7,7365
284.88,1533
284.29,1863
284.7,2820
284.32,1423
284.5,1416
284.52,673
284.89,1353
285.15,702
285.07,1651
284.95,1130
285.44,621
286.11,1554
286.43,10494
286.63,3313
286.75,2451
285.69,5334
287.06,9636
287.71,6704
286.85,10525
288.45,6380
288.41,2408
289.13,1077
289.61,1983
290.53,2223
290.21,3272
289.93,7329
288.87,2353
288.46,10286
287.87,3287
287.83,3302
288.79,3659
290.73,5144
289.78,1411
290.07,1121
289.73,1691
289.82,1808
289.9,2609
289.69,4299
290.4,9367
291.11,9764
292.57,12727
293.24,9803
293.56,5687
293.41,8434
291.41,7172
289.56,6546
288.27,8093
289.08,4701
290.62,5908
290.83,6665
292.17,4100
291.73,27386
286.93,13741
282.96,9290
284.54,5734
287.61,3797
289.55,5876
291.07,2613
290.84,2345
293.23,3666
293.3,3024
293.72,7446
293.69,3862
292.38,4008
293.84,17207
299.6,3508
295.87,3456
296.1,1678
295.05,2756
296.78,1336
296.4,2428
298.1,3470
297.24,1561
297.57,2408
298.98,3212
299.32,3669
299.09,5974
299.93,24508
298.03,2656
297.25,3055
294.67,8815
295.96,3509
295.84,3441
296.83,3765
296.89,3032
295.43,2027
294.21,2392
294.57,1438
294.64,1113
295.78,3167
294.86,14117
295.33,1786
295.59,5613
293.59,3737
294.46,3811
293.26,3430
293.81,2401
294.22,3551
294.88,1659
295.18,1131
295.12,2373
295,3467
294.94,5259
294.78,28696
296.06,2061
297.45,1192
298.51,914
297.31,948
297.85,979
298.2,627
297.87,1640
298.71,2792
299.49,5214
300.34,1986
301.55,1664
302.34,2794
302.37,18796
301.98,4196
305.06,2402
303.4,4117
303.29,5476
302.28,2451
302.34,1538
301.4,3464
301.41,2625
302.58,2075
302.83,3877
301.52,3580
303.42,4175
303.05,9768
301.07,588
298.48,1174
299.34,1110
299.08,1659
300.25,1117
299.82,2532
301.2,1490
302.77,1196
303.88,676
302.73,1598
301.86,1373
302.48,2319
302.52,4753
299.39,321
296.15,430
295.91,1159
296.37,3911
297.28,1039
297.55,1007
296.82,636
296.18,980
294.87,1213
295.44,869
295.7,1465
296.32,1827
296.34,12340
297.88,868
295.55,2440
296.03,1613
298.69,1174
298.43,3077
298.49,826
298.89,845
298.17,3120
299.7,1575
299.83,1534
300.4,1971
299.86,2857
300.46,15851
299.59,1844
301.67,1696
302.49,1377
302.7,1988
303.43,2962
303.51,2551
305.74,3236
305.69,1600
305.64,5364
306.88,5181
305.02,5713
305.74,2227
304.16,11847
301.2,5246
307.09,4392
308.08,3208
307.28,511
307.01,1234
307.51,578
307.71,534
308.16,165
308.26,649
308.19,1328
309.16,937
309.44,1342
308.58,4478
304.9,2762
300.34,2544
300.94,2757
300.47,1289
301.63,411
302.29,627
302.69,1333
303.15,708
303.62,1017
304.12,1331
304.02,1374
303.45,2809
304.41,9518
301.76,3456
299.74,2703
301.68,2527
301.33,3084
301.47,1627
300.86,903
301.44,1147
302.78,1260
303.45,2010
303.28,3881
306.15,3236
306.39,2740
306.83,7789
304.33,2186
303.26,553
303.56,1212
303.95,1877
303.38,1419
303.34,405
303.09,401
302.6,1235
303.52,1621
304.14,1892
302.78,887
303.51,1707
303.65,10339
300.55,3112
299.44,2146
302.88,2301
303.61,4883
304.05,2200
303.24,1746
304.38,3187
304.16,4335
304.2,4777
305.33,2323
305.14,3181
305.6,2379
305.62,13981
300.3,9058
297.54,6437
294.6,6540
297.86,2837
297.81,1823
297.38,2522
298.4,2337
299.46,2660
298.8,2030
300.01,1708
301.01,3669
301.99,4001
302.97,23430
300.75,4959
300.97,1956
304.24,1184
305.86,1769
306.49,3533
307.14,1588
306.44,3073
307.33,679
306.88,4167
306.8,2721
305.97,3414
305.47,4466
304.6,13654
301.18,1590
297.96,2238
298.51,948
300.93,783
299.08,955
297.85,2689
298.64,1633
298.83,1556
298.8,7444
298.99,5425
297.57,2816
297.35,7780
297.09,30083
295.29,1710
296.41,2182
295.77,2917
296.27,1722
295.58,2157
293.75,2155
294.08,2305
293.66,2041
296.03,1469
296.31,1664
294.36,2338
294.04,1483
292.9,13086
297.44,2946
296.81,4879
296.22,2038
294.38,2293
295.63,2432
296.11,903
297.11,772
297.8,751
297.96,866
297.56,1785
297.04,1731
297.4,2936
296.06,20617
293.5,33645
287.22,24427
288.96,12727
291.46,12881
284.65,10437
281.78,10488
286.48,12378
287.75,11600
289.185,6324
288.04,9669
290.22,6619
289.66,5948
288.73,20329
294.43,3869
293.65,7250
291.49,4309
293.09,7325
290.545,4670
290.915,6105
293.05,3217
292.815,2969
290.86,3989
288.97,10010
286.98,9636
288.17,14038
288.16,24150
283.95,2780
284.84,1392
283.06,1829
283.54,1128
282.86,1446
281.96,2559
281.05,2769
281.04,4250
279.25,4080
280.6,4574
281.11,5598
279.63,4530
278.93,22597
277.32,2453
277.07,3302
276.215,3039
276.415,2100
277.425,2127
277,2332
277.45,1710
275.945,1894
276.48,1519
277.07,4504
275.96,3387
276.22,3608
276.96,15524
276.205,6795
274.59,922
274.89,2164
275.015,3104
270.86,2750
270.13,2619
270.13,11986
271.16,8493
272.79,2676
272.85,1871
271.08,4897
269.12,7872
267.81,24199
268.5,3225
268.485,1933
269.65,3451
273.08,2384
273.25,3267
273.1,1344
272.25,5128
273.43,4158
273.44,2511
273.48,1816
274.11,2107
273.72,8759
272.37,16739
269.06,7792
267.07,2784
268.74,2207
268.72,1025
268.875,1244
267.79,1713
269.32,1603
268.97,1578
268.84,755
268.98,1778
268.42,3297
268.345,3572
268.775,11981
269.495,1722
266.625,1599
264.64,2493
265.99,3320
266.62,1513
266.44,834
266.91,655
267.21,1141
268.08,1010
267.66,1938
266.86,1987
267.63,2384
268.31,11560
266.935,3830
269.54,4386
270.46,1316
270.88,1822
270.85,1135
270.87,7655
271.5,1271
272,7821
270.885,2004
270.66,3166
270.785,1085
269.47,6631
268.38,13237
266.545,577
267.39,1685
268.66,589
269.28,976
269.945,1537
267.81,1516
267.64,1043
266.68,820
266.77,4142
266.03,2513
264.81,1651
265.45,5341
265.92,8548
269.315,1410
269.04,1638
269.275,2233
270.23,4820
269.42,1183
268.69,1133
269.34,527
268.64,898
267.245,853
267.355,1805
266.455,3734
265.26,2743
264.275,15831
266.99,1370
266.25,2516
267.035,1464
265.955,1241
267.06,1242
268.19,1363
267.71,4233
269.6,4939
268.87,4067
269.15,8914
269.01,10216
269.9,15551
270.46,16598
270.225,3082
273.54,3433
274.77,2144
273.62,2846
274.74,2273
274.745,945
274.91,1412
274.955,610
275.435,928
275.3,2433
274.25,842
274.84,5136
275.755,14072
275.61,910
276.17,1834
278.32,767
278.88,2078
278.76,2892
278.51,1409
276.84,1258
277.42,1340
279.38,335
278.35,1165
278.49,2306
279.89,2442
279.955,15990
279.72,636
279.985,718
281.09,1137
281.28,1567
281.09,318
281.325,637
281.14,126
281.235,562
281.375,1033
281.37,467
281.94,572
281.75,674
281.8,13930
281.13,1772
280.195,2198
279.73,1720
281.115,5172
279.84,1159
280.19,3193
281.4,834
280.98,3269
280.51,2367
281.035,2008
281.67,2419
280.495,3157
281.94,5844
284.08,1753
286.41,1860
286.345,1977
286.95,9536
287.55,2136
289.6,1831
288.93,1405
289.49,1281
288.385,1819
289,3137
289,2361
288.32,5439
288.22,26913
289.06,1823
289.58,1295
289.47,3426
290.475,2442
291.76,1834
292.27,2193
292.71,1887
293.405,3133
293.97,2879
293.71,2413
293.47,1565
292.49,3279
293.505,25726
293.175,6898
295.95,2940
296.2,2515
295.255,4840
295.78,6126
293.54,3022
294.58,1724
294.13,1474
294.22,2315
293.75,1754
293.49,4350
293.48,4602
292.5,14834
293.62,1467
293.68,2496
292.64,2829
292.565,3121
291.385,3857
292.385,3326
292.445,1669
293,1801
293.34,3494
293.435,2498
294.195,5031
294.495,13270
294.78,38339
296.255,3570
299.7,1977
298.99,4903
299.99,4557
300.66,5414
300.38,4296
300.47,3207
299.895,3685
300.625,2668
300.815,5464
301.2,2440
301.745,4585
302.545,42032
302.46,2914
297.85,2872
298.03,2640
295.98,3636
296.41,1732
296.62,3229
296.33,2404
296.71,2551
297.415,2258
296.685,3330
297.26,3075
298.19,4471
298.265,27281
301.21,1030
301.57,994
299.86,1861
300.025,4369
301.545,1844
301.96,694
301.86,1053
301.97,720
302.28,1099
302.835,2000
302.85,2188
302.06,4946
301.81,12825
303.745,4409
306.775,1819
308.225,3216
310.255,3484
308.2,6089
310.325,1890
310.26,1901
309.905,2794
310.05,2868
309.565,1147
310.34,2617
309.945,5089
309.06,18514
309.96,241
309.06,453
309.46,835
310.235,771
311.105,966
311.63,1412
311.36,695
311.33,761
311.68,945
311.77,1699
310.6,2498
311,3806
310.55,10660
312.67,398
313.19,936
311.655,1083
309.58,2478
308.11,4124
308.76,2272
309.61,3392
309.04,2647
307.685,1490
309.91,902
309.36,2604
308.95,2462
310.72,6158
308.3,2251
308.86,1800
306.12,2708
306.74,652
306.43,1626
305.78,3850
305.41,1630
303.81,1786
304.7,3092
304.73,4077
303.4,4625
302.95,5059
303.18,34035
307.9,2215
308.285,1386
308.24,1391
308.28,1304
308.67,911
308.35,766
308.08,1165
308.745,1987
307.11,1483
307.49,1506
308.38,993
308.63,2572
309.66,6630
309.78,1655
309.52,1726
310.58,889
310.46,3055
309.685,3770
310.85,1178
310.48,527
310.865,1707
310.505,2380
309.475,4592
309.16,4874
309.415,4128
309.22,23020
307.99,7513
308.55,7692
307.86,3628
307.17,6282
306.755,1308
307.99,5827
306.84,3795
305.71,7731
305.64,3523
305.835,2360
306.35,6805
305.63,6487
305.185,31173
310.835,5696
301.38,5687
305.43,3314
305.68,6208
305.69,6538
307.25,6603
306.05,7374
303,4160
302.085,5281
300.89,4853
300.28,7536
299.23,11896
297.46,35535
295.945,2205
293.325,3427
293.7,3121
294.29,1748
294.745,2046
295.05,741
295.24,3125
297,3831
297.1,2127
296.57,3451
295.32,4637
294.48,3818
292.215,14637
295.89,2218
295.88,3770
299.325,1758
299.85,766
299.79,2105
300.28,2628
299.96,1415
300.06,2086
299.26,1623
299.47,2495
301.42,845
302.32,4121
301.77,20982
301.93,2865
301.64,1600
302.21,1472
301.265,1785
300.525,1414
300.555,848
299.895,863
299.71,1068
300.88,678
300.46,1664
299.75,2382
300.25,4455
301.815,11391
299.455,1067
299.59,622
301.805,1863
300.61,1355
299.79,1858
297.97,739
297.59,1095
296.4,1444
296.135,868
295.64,1218
295.22,575
294.98,1652
295.37,8507
295.93,480
296.655,932
295.73,655
296.22,144
296.85,319
297.42,823
298.64,783
298.91,1090
298.895,642
299.17,695
299.84,978
299.72,809
299.6,6558
302.47,1121
303.71,1430
305.34,1103
306.515,2767
307.97,941
309.1,3282
310.45,4057
311.64,2845
311.835,2012
310.07,1744
310.445,2470
309.05,3638
310.07,9022
307.91,353
306.38,1462
305.365,1191
306.865,2270
307.77,2275
305.445,1886
306.885,588
305.945,1425
305.91,786
305.84,863
307.91,1218
307.99,2274
308.64,13240
308.98,703
310.005,2568
311.3,2600
311.155,934
311.97,1166
312.56,875
311.38,1666
311.86,998
311.82,1300
312.9,540
312.37,4330
311.38,3957
310.875,15825
311.15,905
311.77,1335
311.39,1998
309.18,2050
310.23,1979
310.33,2173
310.43,956
311.445,2054
311.235,1794
310.8,1805
310.62,2589
310.25,3831
310.42,18134
311.9,1158
308.055,3406
308.7,2383
309.63,5043
309.39,3067
308.39,5792
307.62,4004
309.54,32051
310.45,20539
311.12,12308
310.68,6058
311.16,5240
310.9,16636
309.48,1659
307.875,4968
308.34,4039
308.26,501
309.19,2949
306.73,2584
305.43,2641
306.99,927
307.04,1447
307.49,4592
305.64,1994
305.135,5760
304.07,17635