383.06,256042
384.69,160685
382.6,95175
382.82,155566
381.82,161410
383.91,297694
387.48,176337
387.87,112952
387.99,121464
388.74,112429
388.94,174057
389.64,340571
387.45,119998
387.63,62005
386.68,64887
387.19,54909
386.68,85077
387.76,245003
387.67,175590
388.1,84201
387.43,53412
387.86,74300
387.6,117538
386.64,197725
380,191013
380.14,103392
381.08,78805
382.13,78774
382.37,207382
381.18,337779
385.84,108086
386.71,163427
388.1,122355
387.33,78065
387.81,89958
388.17,256947
390.55,92641
389.55,75999
388.45,135259
387.46,86134
388.32,102079
388.26,312751
390.59,253125
391.57,69621
391.53,70759
391.61,103375
392.06,215125
392.3,337906
391.59,49506
391.75,66426
391.22,37768
391.37,42708
390.95,110210
390.58,231842
390.35,93014
391.3,84385
391.56,44954
391.67,63313
391.06,71699
391.12,210841
392.39,101733
392.39,71774
392.6,50087
392.34,51015
391.96,187714
391.83,384525
393.05,82130
392.68,53891
393.14,60723
393.12,52623
392.9,83522
392.96,232145
393.46,119595
392.05,83426
392.36,45478
392.07,55775
391.86,58604
392.55,173071
392.6,64236
392.9,49929
393.04,40066
392.69,61161
392.07,81638
392.14,285599
389.52,111087
391.63,155606
391.7,52643
391.83,66692
391.79,38699
391.08,159217
393.46,102172
393.89,79968
393.74,51770
394.03,78088
394.27,191120
394.58,316736
394.3,144746
393.87,164025
393.67,102866
393.85,122389
393.41,64998
393.95,272793
393.86,112287
393.99,151348
394.12,33749
394.63,53357
394.34,55098
394.82,122816
394.91,53457
394.89,59905
394.57,38015
394.82,43307
394.75,48610
394.51,176664
396.33,97648
394.52,43479
395.47,65047
395.91,62190
396.06,55815
395.77,173731
396.11,62483
395.31,46059
395.41,70952
395.24,61474
395.51,67873
395.76,148700
395.99,126097
395.79,80506
395.44,43701
395.21,51229
395.37,79884
395.54,213416
396.7,68367
396.01,89954
395.94,74738
396.18,55875
396.65,77695
396.56,170192
396.3,44184
396.19,34955
396.24,45281
395.5,88996
395.16,327210
393.79,279457
393.97,134195
394.01,112036
393.4,188108
393.41,95341
394.34,105764
394.02,343486
391.01,219638
389.92,229954
390.36,115020
390.43,97175
390.38,134818
389.58,334212
391.56,263828
393.57,136737
393.76,93616
393.46,82719
394.28,160363
394.2,271026
393.89,107811
395.3,114848
395.46,105599
395.68,109667
395.81,111359
396.31,273932
396.94,104069
396.96,123178
396.6,82687
396.49,84034
396.84,57295
396.71,234851
398.18,104273
398.23,80474
398.01,66628
398.44,97865
398.38,106608
398.57,258904
399.01,136333
399.08,95651
399.43,116195
399.43,198722
399.39,159764
399.68,335826
399.8,52611
399.62,79490
399.66,44857
399.3,108430
399.67,115825
400.06,303397
401.26,87287
401.18,71833
401.03,48841
401.05,59016
400.89,125539
400.61,259044
400.65,97859
401.35,80428
401,93924
401.06,54366
400.89,172817
400.97,244977
402.24,102585
402.44,103807
402.51,71922
402.41,98232
402.81,163604
403.3,369161
404.57,136638
404.67,100351
405.21,90775
405.99,69403
406.01,102138
405.95,261884
405.6,154596
403.82,111212
403.93,80169
403.83,61328
404.52,84446
404.87,233525
406.39,171373
405.35,132192
406.45,71650
406.6,47085
406.6,173233
407.07,199070
402.37,188499
401.13,162188
403.74,163184
404.37,101614
403.74,196983
403.13,311781
406.27,265639
406.76,133593
407.35,101155
407.46,90703
407.58,144516
408.11,385567
408.48,136235
409.11,77723
409.1,52319
409.01,55514
409.05,193239
409.34,454343
409.38,130633
409.41,102302
410.16,66017
409.95,152988
408.69,175957
408.71,336063
409.54,76533
409.43,158293
407.57,126384
408.96,89301
409.03,108398
409.11,240494
407.95,183393
407.38,110742
407.32,93014
407.2,167654
405.5,220479
406.85,262968
407.79,297139
406.51,164808
406.33,181818
406.37,101159
405.86,187821
404.96,488509
397.42,315326
397.39,345627
398.12,283696
396.08,238371
395.6,302098
395.69,873510
401.24,222122
403.16,217751
403.98,242151
404.8,179163
403.95,338261
404.35,665110
406.3,151571
406.17,104029
406.67,194737
406.14,135981
406.59,118215
406.8,388405
407.07,153455
407.62,113753
407.19,117401
407.42,75959
407.75,122032
408.23,233074
409.5,123372
410.7,127044
411.16,88836
411.68,157238
412.07,216147
412.03,341637
412.25,121707
411.95,85504
412.93,70590
412.45,83753
412.57,155055
412.85,193889
411.45,102796
411.03,142461
409.46,109598
409.27,86870
408.83,197493
410.43,278080
410.98,132564
411.63,73497
411.57,85330
411.05,88287
410.57,254626
411.98,162322
412.87,101565
413.71,119751
413.42,67080
413.57,40177
413.71,87576
413.34,263210
411.75,117607
410.89,81683
410.71,63128
411.3,74172
411.23,319032
410.9,304709
412.47,120362
412.29,83822
411.12,122332
411.21,112646
410.85,80341
411.06,358396
408.93,228045
410.03,207777
412.08,99315
412.1,71349
412.5,85903
412.8,197548
412.25,112646
411.69,119734
411.71,156744
411.86,92029
412.22,108187
412.02,231223
413.04,85823
413.18,55921
413.11,69883
412.7,78335
413.2,141086
412.99,192448
414.19,84151
414.3,88638
414.67,49350
414.86,68035
414.78,103395
414.2,196779
413.91,109981
413.99,67143
414.48,54481
414.35,57439
414.38,95794
414.6,113572
415.02,132045
414.32,58864
415.13,65771
414.98,52847
415.06,90187
414.94,189851
415.67,92233
415.39,92478
414.88,77880
415.31,53758
415.44,88827
415.44,216244
415.17,182255
415.79,91222
415.93,88450
416.32,40372
416.38,86275
416.82,164342
417.42,85285
417.38,54029
417.46,57340
417.47,74269
417.61,77403
417.37,161147
415.42,175367
415.33,138110
416.23,77532
416.83,114768
417.57,138573
417.99,216842
415.55,175197
416.35,102723
415.14,203077
413.15,226380
414.39,125905
415.17,323819
416.12,119599
415.74,88636
415.45,70756
415.44,44091
415.38,222092
414.88,596805
410.92,272351
411.83,151808
413.18,92589
413.11,96997
411.37,171963
411.94,280786
413.98,176237
414.37,90309
414.56,76691
415.37,63135
414.9,114335
414.93,244223
418.24,127345
419.11,98657
419.58,112412
419.91,128789
419.51,75429
419.77,316312
419.76,82715
419.94,82020
419.79,52969
419.7,73860
419.99,144278
420.22,252812
420.09,74853
420.18,84459
420.8,45458
420.91,61471
420.77,84258
420.77,262951
419.94,248920
418.61,114522
419.43,89414
419.54,67539
419.26,109546
418.52,301782
419.6,293756
421.35,144762
421.58,108796
421.82,143355
421.97,106452
421.81,262824
423.01,127806
424.25,85391
424.39,84855
424.15,56385
424.39,77643
424.3,234683
422.72,87138
423.55,54623
423.84,61425
423.78,118404
423.38,155862
423.34,367341
423.62,147649
424.07,69902
423.86,75800
424.44,89191
424.49,111403
423.77,289793
424.87,80764
424.95,81724
424.9,52169
424.82,165933
423.8,125011
424.24,177032
423.94,111321
424,56115
424.05,56532
424.21,96971
424.85,90457
424.8,256571
423.26,152558
423.2,104819
422.86,63778
423.7,102031
423.76,65599
423.64,249049
422.84,176769
421.43,50319
420.87,136712
421.91,53590
421.95,55603
422.38,106500
423.3,81722
423.4,122048
422.81,79317
422.21,231816
420.95,117605
421.52,260530
421.29,208156
419.95,120441
419.58,116045
420.84,73490
420.35,104404
419.67,579717
418.98,341617
418.56,186417
417.27,157968
418.04,125651
416.9,182644
416.73,430080
417.97,199896
417.05,136795
417.93,86725
416.84,99258
416.94,166750
416.13,304221
417.09,165876
416.98,113605
417.3,185041
418.8,190432
419.21,279174
419.11,436768
417.99,349187
416.53,159520
417.23,159044
417.79,154323
418.63,146697
419.26,614825
416.87,313040
415.87,265994
415.8,155258
416.13,322037
414.99,265840
415.13,555791
409.43,435109
408.22,284658
406.92,295174
405.7,292301
406.19,620801
403.89,753902
410.25,267565
407.54,130035
409.83,101415
409.18,125936
408.29,144499
408.88,285184
410.66,186336
411.72,163841
412.52,133276
412.1,119216
411.35,260749
411.2,383674
415.79,227372
416.97,196535
417.12,114740
417.12,133294
418.16,145160
417.56,369183
417.15,94869
416.08,77140
416.61,72111
416.8,75380
416.37,57638
417.22,355998
416.25,131692
416.62,107919
416.14,119313
415.62,66250
416.84,106689
416.58,334332
411.49,419791
409.67,369687
408.45,250128
407.34,210257
407.73,328043
409.61,706394
410.11,186673
410.57,115300
409.52,119811
408.77,200228
408.79,176142
410.43,257941
409.63,304917
407.62,298019
406.19,418418
405.05,245849
405.94,310846
406.48,867082
403.77,490125
403.41,299944
405.54,180735
405.58,228344
407.38,247033
408.73,612213
406.74,665758
402.32,449389
402.66,292341
401.63,254574
401.79,296935
402.55,637424
405.44,343326
408.29,217117
408.46,182573
408.43,118587
408.89,164356
408.85,360922
403.05,458445
405.13,360284
405.21,272499
404.23,256184
406.72,528869
407.28,645373
414.27,227458
414.9,174752
414.87,123936
414.66,84949
414.11,128877
412.77,376590
412.05,210733
412.56,113658
411.99,117744
411.91,113529
411.79,125428
412.43,434449
413.1,135952
413.26,96077
413.28,148145
411.64,268166
410.21,187579
410.59,421723
408.07,294604
408.1,214896
409.23,262801
408.04,142956
408.05,207526
408.25,524554
407.03,258709
406.86,180008
407.67,155511
407.66,174067
408.64,235544
408.42,348170
413.26,275413
414.72,196303
415.24,158077
415.57,140159
415.7,133462
415.92,540002
418.55,317045
418.7,178885
418.12,96501
418.56,109299
418.85,304090
419.23,406690
418.56,133478
419.1,147942
419.99,115296
419.78,112843
419.87,146346
420.12,430691
421.7,278836
422.88,136469
423.19,85518
423.46,89601
423.38,169905
422.99,341405
424.45,184800
424.95,108996
425.35,66484
425.34,126215
424.67,168604
425.13,294488
424.96,140639
425.25,117396
424.83,67887
424.98,102926
424.82,109961
425.43,339649
426.73,128875
426.26,252935
424.68,122603
425.65,70849
425.4,121748
425.95,314176
426.52,110339
426.92,88690
427.59,111690
428.07,116135
428.01,141671
428.18,297300
429.98,194409
430.71,177481
429.74,289474
428.76,147264
429.23,186529
429.64,274611
429.72,270314
428.28,187354
428.61,79761
428.83,92795
429.52,133574
428.79,562685
429.37,147117
430.05,90988
429.71,73217
429.33,66692
429.91,128436
430.03,424892
429.66,148497
429.9,128811
430.51,113036
431.22,131552
431.17,211560
430.7,772663
431.71,198453
431.03,100079
431.91,98354
432.38,123531
431.33,157555
431.57,261578
433.57,112877
433.92,180653
433.66,126325
434.25,100596
433.96,136045
434.2,289814
433.74,99264
433.76,64465
433.71,61738
433.62,86981
433.44,324765
436.12,410011
438.41,220063
438.46,177411
438.25,84730
437.9,89374
438.34,122583
437.82,224212
442.02,146896
441.92,132376
441.15,115824
440.72,158899
440.03,77009
440.52,240720
441.32,88099
440.86,53880
440.45,46568
440.51,36972
440.9,77066
441.29,171789
438.88,235705
439.38,92083
438.41,143162
438.69,101640
438.19,97000
439,179598
439.06,128231
438.85,95651
438.81,109183
438.03,221026
436.32,455843
435.03,417710
437.12,129727
436.69,160752
436.9,53304
436.54,59970
436.51,66165
436.45,182337
436.44,126072
437.5,122070
439.11,102346
438.8,71339
438.95,87894
438.68,291330
440.41,83653
439.67,130780
438.8,116424
439.14,97106
439.04,152576
439.24,279637
440.42,143795
440.29,173648
441.5,120391
441.77,128596
442.15,123070
441.7,347443
439.45,150036
440.37,96047
440.96,137379
440.02,78106
440.57,85224
440.39,201504
440.35,229613
439.46,170255
440.95,135679
440.85,120751
441.08,127822
441.34,327641
441.92,184697
441.29,88209
441.77,103488
442.11,186558
441.38,167235
441.22,314929
444.42,197703
444.46,195987
441.84,197270
442.43,117058
442.48,99938
443.48,490024
440.51,266914
437.16,265174
438.18,142501
437.38,175473
438.29,273213
439.5,452498
438.18,264408
439.31,247354
439.95,111524
440.56,108500
440.35,136128
440.48,357259
433.66,591155
432.46,426911
431.53,919551
431.73,65447
435.71,362410
434.84,255826
436.66,220060
438.15,165296
438.28,158176
437.75,541518
434.69,365762
430.57,502514
429.63,224598
429.9,170747
431.37,253870
429.85,757809
433.78,285280
435.68,312817
434.91,328969
432.8,456110
431.56,532886
430.03,1148964
428.52,526628
427.59,260053
429.43,271528
430.24,201736
430.78,234737
430.35,653644
428.11,390954
424.88,267897
423.56,268007
424.58,129466
423.5,333178
422.81,941953
428.94,319629
430.82,202434
430.03,239239
432.05,319524
432.75,352363
431.31,634772
439.22,437052
440.42,219206
440.07,139811
440.41,179206
440.32,177226
440.06,820962
440.05,225942
439.1,138311
440,115473
440.18,127246
440.53,156197
440.96,422683
440.15,207429
439.95,112701
439.9,71117
440.8,115287
440.33,147044
439.41,418391
440.21,240885
439.9,205097
440.63,131249
440.73,105430
441.02,99797
440.53,335383
440.58,228291
439.67,210357
439.2,153115
439.51,84167
439.65,116841
440.14,510511
436.68,246031
433.83,271951
433.33,159016
433.01,125777
433.03,199913
434.8,456815
433.9,191448
434.32,162071
433.86,162887
434.44,191768
434.52,592445
437.08,1006341
442.57,367166
443.27,237042
441.23,193165
439.59,195562
440.21,286723
437.82,735347
434.17,333656
436.94,228548
435.16,183869
435.43,151257
437.31,196098
436.07,420894
428.26,275311
426.29,281931
427.14,119778
426.25,152482
427.65,277999
427.92,598862
431.52,234411
431.61,166160
433.74,170297
435.66,185670
435.95,194876
436.43,379675
437.23,207662
439.71,131702
440.09,108091
440.35,83374
439.42,137275
439.87,413317
443.53,138045
444.39,150990
444.53,101011
444.35,100872
444.6,181196
445.03,491471
446.28,120052
448.09,93536
448.3,84699
448.77,86895
449.15,166867
449.16,378929
451.31,114868
450.72,116827
450.97,159893
449.59,97122
450.08,134349
449.92,256307
450.51,130782
450.16,113611
449.55,53544
449.74,69065
450.08,87411
450.5,253183
451.1,171423
451,108022
451.12,137594
451.21,95454
451.09,95533
451.02,320648
448.71,76983
448.91,59371
448.26,95417
449.19,88335
449.28,153213
448.94,412990
448.02,113498
449.18,105979
448.26,70247
448.68,88026
449.69,140258
450.14,416643
452.4,250625
450.54,207177
450.36,141279
449.76,145332
448.72,245023
450.36,431965
450.16,116234
450.24,99648
449.48,156088
448.91,161207
448.79,622610
444.91,877852
440.48,429732
442.16,277068
442.47,196079
443.03,171187
442.43,178622
442.87,525122
441.89,252091
438.9,164364
441.16,69776
440.78,65363
440.45,146611
441.02,316570
433.23,430021
431.7,316350
433.32,220222
433.2,187056
435.62,205616
436.84,367524
436.56,264598
437.32,191393
440.93,87712
441.19,98814
441.85,87624
442.3,314818
445.9,199871
444.09,139565
444.19,60999
444.96,63145
443.66,70054
444.24,181551
445.64,190237
443.26,124658
444.09,215687
441.03,124202
441.97,169612
440.84,556015
438.04,255597
436.36,182550
436.66,101771
434.46,204883
435.84,135536
436.28,347151
432.08,204950
431.58,155988
432.18,114545
429.88,151725
431.43,148274
432.45,524883
433.43,250080
430.37,189694
430.84,146004
432.18,127288
430.54,215477
429.68,511809
430.87,201970
432.14,185152
431.61,172258
430.76,165566
429.57,274551
427.67,735469
418.48,624106
420.81,382765
419.26,244865
417.71,254853
417.33,296645
414.93,1085405
404.75,712330
404.28,395074
401.62,470387
401.23,323480
406.82,287293
405.9,824741
404.68,494091
406.53,290435
405.3,205998
406.96,263592
411.51,405540
414.64,809915
416.91,293204
414.2,217801
415.89,134072
416.88,180356
415.82,622161
411.36,998973
415.33,216539
414.52,195782
414.06,237753
409.35,337720
407.61,534253
406.61,488823
404.16,357001
408.94,413561
412.18,257240
409.93,174350
411.55,510230
411.36,817024
418.27,306580
419.96,156117
421.41,161310
421.74,188420
421.92,329543
422.66,865800
424.05,191696
424.44,162422
425.13,78078
424.91,75403
424.9,78800
424.73,484064
428.82,242004
429.27,132694
428.9,158664
430.92,288280
430.41,146391
431.11,390056
424.81,255174
426.33,157808
424.85,133906
424.32,106702
424.44,223397
422.85,592761
421.9,211168
419.32,180837
421.63,98195
423.25,125585
424.9,311781
425.52,428176
424.58,86831
424.19,99427
422.71,79012
422.3,60284
423.81,81127
424.26,399742
421.07,176880
422.51,148445
424.57,124474
425.04,130599
424.82,141920
423.18,258164
429.7,172283
430.87,167396
430.02,115000
430.68,84948
430.89,168538
430.76,528674
429.36,298571
429.67,204218
430.37,200186
427.88,436909
426.32,260859
424.43,562555
423.78,117473
423.62,161475
422.46,82074
421.49,287704
416.69,808121
415.87,860873
415.15,153355
412.98,122277
415.23,93509
416.02,244398
411.45,274006
413.48,293416
418.92,103542
420.18,78038
420.41,102496
418.72,75130
420.27,64310
420.12,394556
417.52,135305
417.92,43287
418.49,81259
417.72,81619
417.92,266760
421.34,255842
415.77,184944
415.89,97607
416.27,85339
416.2,73584
415.24,156391
413.52,708885
413.52,133823
410.76,196999
408.67,151427
407.96,135277
409.46,327904
412.04,554917
409.66,167381
407.32,221762
406.81,176463
405.22,267714
403,585524
406.66,850765
406.69,331218
403.6,229025
404.4,125785
403.66,124518
402.04,231570
399.6,813330
392.02,420032
393.35,274932
395.02,183895
392.71,207641
395.29,450862
399.35,470775
404.18,216587
408.68,221989
412,185124
411.2,184299
411.64,159087
411.27,520609
409.58,305489
411.14,269511
412.49,206614
409.01,160881
409.78,337864
408.38,543479
410.52,260801
408.04,229899
405.32,254716
406.82,160024
404.85,340427
405.43,673975
408.99,269230
409.84,274270
412.32,134285
413.16,126698
413.94,217423
413.13,377552
414.67,250757
410.43,167583
411.48,170394
413.01,97292
413.22,169141
411.4,447816
407.26,231893
404.22,228664
404.88,150816
407.61,137013
406.17,224605
404.98,363511
403.49,293758
401.41,237979
400.13,370431
399.05,203440
398.7,271258
397.96,916186
394.78,418460
395.64,296232
394.33,569594
401.15,595273
395.62,453151
397.57,714035
400.18,239378
402.47,278404
403.15,316520
404.03,194679
402.43,225561
403.07,691326
400.53,261582
397.76,370906
397.97,143622
397.55,188050
399.48,351705
401.41,571881
402.8,312107
402.75,244044
400.25,202507
399.89,236823
399.58,296264
399.07,545847
397.4,289453
400.43,219104
396.59,264493
394.19,376685
393.05,392503
393.47,692029
396.53,320837
397.95,351269
398.42,290214
399.61,120689
399.28,233531
400.51,974545
407.52,431558
408.65,90574
408.49,97689
407.2,236277
406.38,935587
405.56,744910
411.52,392311
410.05,198227
411.41,147789
412.86,175591
414.54,289471
414.38,571450
415.5,224806
415.9,196444
416.31,112156
417.73,107436
418.31,217640
418.75,687121
420.13,322650
420.97,190776
421.47,228423
418.49,265072
418.87,152738
418.13,457127
423.23,239766
424.82,119053
424.58,107952
424.8,98611
425.39,131369
424.82,480374
422.07,169639
423.18,138445
423.68,271256
422.77,174438
421.82,119550
421.41,372240
421.63,103837
422.35,247389
424.32,132891
423.68,75120
424.13,169289
424.08,316091
426.64,154090
428.07,186494
425.08,85049
425.8,118286
426.92,74647
427.6,348453
429.18,158442
428.92,145148
426.22,70222
427.37,51016
428.09,110697
429.97,319929
434.64,318930
434.54,155305
434.76,211020
433.67,148546
434.85,199543
435.8,664143
436.15,130810
435.1,145489
434.94,106932
435.16,115778
434,112149
433.27,378401
433.22,119142
433.81,71054
433.29,97543
432.12,78987
432.31,248825
432.05,958306
427.9,210639
427.67,143413
426.13,130975
425.85,91071
426.26,131619
427.65,385159
430.13,127643
430.31,138395
431.02,70221
430.45,76097
431.17,195016
431.53,417397
432.36,298983
430.64,152088
429.11,157394
429.15,156804
428.63,156827
428.28,728030
421.61,270977
421.04,233671
421.97,161941
421.32,216145
422.08,418481
423.92,741127
423,220876
421.69,189479
420.4,216225
420.31,192229
423.5,283277
425.09,681379
422.1,323373
425.53,170057
425.4,122312
425.85,168896
424.66,144370
424.35,470154
420.12,276195
418.52,193501
418.36,147457
418.26,148342
418.44,117527
418.66,681331
421.18,209738
418.76,92153
419.78,130771
418.26,217490
415.91,571490
415.14,885857
415.49,180024
416.16,107570
417.31,71884
418.33,132538
418.22,93368
419.03,374104
418.42,188454
417.71,92167
416.82,176164
416.39,158612
417.65,204799
415.72,492212
414.16,110723
414.92,85956
413.65,113061
413,124992
415.65,137874
414.94,462204
417.79,247925
419.24,234027
419.84,162953
419.54,157517
419.73,159500
419.92,474509
420.99,179548
422.89,133407
422.08,116165
422.33,105975
422.58,165078
420.14,401139
425.23,180634
423.17,219901
420.82,186808
418.85,222519
417.84,240515
415.53,480161
410.93,378478
409.4,202037
407.19,171210
407.28,258815
405.65,333545
404.48,900471
397.76,446300
398.08,372150
397.17,253086
399.38,209687
399.81,349327
402.59,578595
401.03,421966
398.3,454607
396.9,277609
399.53,299710
396.83,316341
398.2,998896
398.17,327709
395.57,165914
397.14,159484
399.38,216078
399.18,183672
396.07,528867
397.8,388766
396.78,265212
398.01,400830
402.76,451138
404.25,383778
405.51,849110
402.88,675968
398.12,230542
397.89,177235
395.18,155034
395.33,421083
393.28,1605758
390.14,499096
390.36,248271
389.45,264594
387.03,358790
385.63,536336
384.47,919754
393.21,261463
392.94,224466
395.41,211895
394.64,110692
394.94,285855
394.86,468260
393.66,298308
392.73,125621
393.02,183597
395.57,171277
395.91,797650
401.05,1220971
398.95,595236
394.33,415273
390.09,356787
392.35,327986
391.21,621055
390.57,1492549
384.49,556153
390.52,276412
387.84,230143
391.56,258074
388.02,352429
386.9,712198
383.19,401522
379.35,352452
380.26,227461
379.25,227483
378.97,337914
379.72,1148655
382.39,479154
377.43,431666
376.13,261407
374.67,498151
381.45,355394
379.91,485044
380.42,431856
379.89,220076
379.65,243464
375.59,313275
373.01,462109
374.04,788492
367.6,589999
372.84,365988
367.71,331522
369.45,219774
366.19,585058
365.02,1134226
377.35,475280
379.28,188443
380.01,198703
380.17,225741
377.83,308868
379.02,800256
377.15,395746
377.04,199662
379.97,184214
378.19,190831
380.45,285134
381.33,502453
383.55,254212
382.09,167882
383.7,173439
384.4,169442
384.52,428250
385.16,795152
379.57,237106
379.09,326643
375.15,174707
375.66,351489
371.91,376363
370.71,1068646
367.69,293670
368.28,236273
370.8,265031
368.96,204124
370.67,266940
371.72,672871
371.8,350528
366.87,317245
365.46,388054
362.38,392263
362.87,488172
362.88,1067142
371.08,331286
372.83,284134
375.16,184498
374.68,200703
375.46,143109
374.92,493575
369.79,345644
367.23,295190
369.23,285426
369.22,227360
370.49,298489
369.73,704950
373.29,272868
375.06,177985
373.94,141328
373.18,157877
373.35,286333
376.32,505054
380.98,283801
382.29,208428
382.64,243084
384.51,203003
384.38,233648
384.15,753199
388.95,395014
388.88,179761
390.38,140622
390.24,133354
390.08,233563
390.86,714651
389.02,305983
390.69,220500
392.32,277808
392.73,148811
393.78,268567
390.83,582761
392.71,432846
388.65,222861
385.76,172941
386.01,201513
387.76,210515
389.01,421310
386.14,335727
387.73,307423
390.23,271745
392.07,224478
392.67,212469
392.36,514502
390.98,295796
389.15,246875
388.36,167992
390.01,165374
388.45,147943
389.48,532363
392.92,266154
393.79,230091
391.42,188620
390.21,199539
391.56,215306
389.57,308520
387.68,214820
390.84,157524
389.66,114896
390.37,136945
390.87,210253
391.79,464084
393.03,193307
391.8,113736
392.39,227886
390.53,195325
389.43,213230
389.03,474217
389.57,235482
387.25,177136
387.34,174115
388.34,152555
387.41,209514
384.7,785841
372.19,447370
369.79,272204
370.01,241673
369.57,314267
370.56,231640
371.96,796199
359.46,549261
355.93,534792
358.02,301394
357.87,270424
358.88,439760
356.67,1312094
356.99,310088
355,214766
354.46,156152
353.98,234867
353.12,208966
352.13,592314
358.25,385481
357.01,227709
357.04,218662
355.93,311104
357.72,900324
357.88,909898
348.93,467259
346.34,292274
348.09,272534
347.89,240284
346.15,488581
345.16,1079200
350.21,407715
345.41,292006
346.6,185324
347.55,211632
348.96,284275
349.19,721042
356.23,272762
357.38,193233
355.62,99129
356.9,76314
356.12,196281
357.45,415710
354.99,258697
357.98,260149
356.03,127836
357.82,144289
358.42,160682
358.52,351642
358.26,192383
359.07,134986
356.49,212349
354.91,128889
356.24,164734
357.29,354543
364.73,364643
367.3,335569
367.83,154793
367.98,200347
367.74,125515
368.59,650510
368.76,264346
371.01,160810
371.18,117323
370.45,105581
369.08,128877
369.11,360614
372.44,225787
369.38,189296
365,135272
365.41,109929
363.92,169910
362.63,412925
362.12,303140
361.91,182329
361.61,166673
360.65,119641
361.89,100579
361.17,304202
354.78,313976
357.04,223428
359.54,282342
360.83,205368
360.96,203986
358.49,673073
359.87,244200
356.48,170073
356.84,107980
357.13,142277
359.43,141537
361.12,395230
355.15,221455
355.45,118955
356.62,119989
356.78,128196
358.72,138076
361.02,301161
362.94,207908
362.61,147615
361.79,86815
362.03,148168
362.92,236006
365.43,355803
368.07,145097
368.13,94995
368.62,136314
368.75,133925
369.12,155948
369.56,376280
366.85,139873
370.19,105127
370.61,139851
367.94,116268
369.18,125042
370.65,242606
365.36,170432
364.98,81293
365.48,91241
365.9,105939
367.23,71308
365.56,270112
364.62,141533
365.01,115960
365.21,100239
365.72,91242
365.35,98651
363.47,478728
358.77,287586
360.74,228535
359.96,102705
361.82,140354
361.7,213525
362.44,278990
353.75,202724
354.14,229839
357.17,104635
355.39,125531
356.96,249190
359.16,282497
362.54,262071
364.62,165448
364.91,124356
364.71,131311
365.11,145234
365.17,412127
368.99,160778
368.68,163751
369.07,100609
367.91,139608
365.36,217627
364.01,372766
367.67,314863
369.55,198850
370.3,146156
371.1,181890
372.13,174060
372.25,491777
372.01,248462
376.26,153373
376.09,163101
375.03,182866
373.38,140713
374.92,372885
375.35,188999
374.84,166311
375.77,96210
377.66,122288
376.79,92856
377.26,238004
378.17,158066
378.94,161416
376.58,161948
375.6,195669
374.43,170670
374.15,470473
375.84,96195
375.53,84683
376.11,87147
376.12,44940
374.8,90613
374.3,264017
373.66,110707
373.36,131664
371.2,123091
372.17,82906
371.83,79619
371.34,296952
375.57,240000
376.46,112165
376.97,59687
376.34,126265
376.68,395067
380.11,1177517
379.53,337142
381.62,258345
383.58,127205
384.02,158517
385.88,135102
386.07,309024
388.76,189549
389.02,103420
389.24,78600
390.08,97253
390.52,271060
391.42,524930
390.5,163258
392.63,115773
392.28,63704
391.39,132808
389.64,120091
390.95,353842
388.29,171186
390.14,117911
390.33,96941
392.12,181933
389.13,94694
389.3,275473
390.86,108164
391.16,138490
392.77,88641
393.79,76542
393.9,89624
394.2,308883
393.92,112996
393.45,88866
393.71,70700
392.68,54186
393.63,57351
393.59,199166
391.6,118953
392.4,140076
390.26,56953
392.03,94716
392.01,62930
391.61,368383
396.44,193895
395.9,120836
394.26,63845
392.79,42602
393.31,82130
392,213869
390.65,142212
390.89,109162
391,77944
390.48,90488
390.86,108964
390.61,245266
397.43,181846
398.25,217091
398.75,86174
398.12,94390
398.59,74208
397.66,341260
402.29,227371
402.54,154679
400.74,144076
401.48,91897
400.99,151608
399.25,317511
401.31,87737
401.43,56885
402.37,67125
403.1,92510
403.74,146261
404.56,414076
405.73,139924
404.6,115727
406.75,102760
407.49,115430
407.26,85121
407.64,375549
407.07,116330
406.4,145007
408.77,63255
408.47,61009
409.55,145004
407.77,276915
405.69,138008
404.36,147247
403.84,77482
405.32,70391
405.49,185586
406.45,197545
404.8,138102
405.64,108143
406.41,84570
405.23,152424
405.78,57840
406.34,229640
402.14,184798
401.62,123881
401.48,134749
402.29,142501
401.82,194975
400.81,365710
395.42,211659
393.77,126053
394.86,86721
394.56,144033
392.8,146626
392.35,605879
393.32,325431
392.38,107535
392.34,116930
392.51,75295
391.93,104749
392.33,273386
391.81,92489
392.59,103017
394.1,108755
392.53,55328
392.63,87539
392.83,264418
395.75,156959
396.34,91451
395.39,81014
394.77,71662
396.06,107977
395.93,353160
398.3,362835
392.13,158537
390.56,130988
389.85,138896
388.81,164238
387.19,553864
382.83,257721
381.56,246290
383.4,115460
384.55,152021
384.99,107459
384.58,353023
381.79,313783
378.59,202559
378.88,189204
378.22,155694
377.64,139020
377.61,481635
379.81,129917
378.48,145528
379.2,106052
377.93,89458
376.98,163585
376.19,684356
373.27,353492
370.93,173007
371.89,100383
371.26,158737
372.77,192195
374.65,489268
378.24,295306
380.54,173180
381.28,191849
376.64,261282
372.87,246375
373.06,713069
372.08,302674
373.42,102163
373.9,106777
372.11,118406
370.97,105158
371.18,269730
372.07,130488
373.22,92974
374.37,95503
375.15,139815
376.8,226226
378,374214
377.58,232418
380.04,244493
379.8,353672
378.15,183376
379.24,229685
378.86,282543
384.21,288826
385.84,120215
385.29,116687
385.81,118181
386.28,160885
386.46,465688
390.63,233842
390.09,126456
388.89,109620
389.83,67916
390.46,88643
389.83,256453
380.89,423480
378.63,292645
378.05,329085
378.53,185331
378.65,232769
376.26,1116579
375.5,206320
375.83,97295
375.08,64499
375.79,110555
373.58,122575
373.12,367748
375.6,254509
371.89,212734
371.52,127614
372.69,221585
373.23,137635
371.42,448556
365.02,190242
366.1,150151
366.76,103732
365.97,152474
365.24,248870
367.21,561600
367.26,132083
368.54,91522
367.23,59416
368.46,76467
367.87,71591
368.28,314104
366.28,137571
366.94,82613
368.09,130484
366.5,199206
363.95,331580
365.89,633144
368.54,89254
368.35,72334
368.32,68793
368.24,152569
369.44,823423
370.02,769938
357.72,238737
356.87,119593
357.3,122238
357.98,82784
358.25,120005
358.29,335668
350.89,228471
350.63,109959
350.03,214026
349.85,156556
349.34,310574
346.84,911321
351.69,231019
351.64,177629
350.06,192504
348.8,197890
346.6,278654
348.81,596869
351.67,203122
351.44,197991
347.31,259963
346.06,143177
345.07,169119
347.18,325501
347.65,352599
349.7,164277
351.5,298473
352.02,134272
351.89,130750
352.47,538836
346.59,328319
345.87,156294
347.31,123157
345.67,195493
344.01,247561
343.41,868808
346.67,388534
347.69,284206
346.35,174078
346.08,143818
344.36,450327
342.88,1066186
344.58,235215
347.67,134052
347.22,60731
347.6,106988
348.98,270020
351.31,613190
358.89,255773
359.98,149140
359.76,95503
358.95,170071
359.07,104989
359.83,456202
356.95,289938
354.33,196533
356.02,140772
358.02,174847
358.62,121855
360.5,352924
358.69,336356
359.26,132475
357.5,99346
358.35,148358
358.24,226968
356.3,391677
348.75,244033
349.72,151652
348.48,141307
347.14,171158
346.76,162659
346.27,664129
345.09,181775
343.63,127796
344.22,99841
341.93,257835
344.97,130094
344.2,232884
340.19,231036
341.14,182566
344.24,132734
345.56,129282
345.32,189166
340.9,575835
342.68,145742
341.41,105526
342.77,99293
342.13,120052
341.51,160232
341.26,333075
335.85,398635
337.43,801513
346.33,428637
346.43,219282
348.67,138474
349.97,554739
349.84,402195
345.5,167232
343.38,272213
342.89,110413
343.57,97749
342.12,535231
349.36,237285
348.72,166526
350.13,89063
349.81,90067
350.59,118120
349.94,435239
356.01,254294
354.36,160478
352.3,116182
353.57,102447
354.96,149989
352.47,281221
351.66,122802
352.73,73545
352.8,113676
350.32,157706
350.01,135049
350.38,177429
352.23,229250
354.94,155057
353.35,158063
351,171824
349.27,226005
348.91,433567
352.33,177137
349.97,92237
353.31,200494
354.44,80984
355.59,134326
355.83,695648
360.35,266198
359.38,92544
360.66,89984
360.41,78815
359.95,101817
362.06,509268
365.04,186932
364.76,112602
365.96,77904
365.55,99711
365.38,104114
366.08,454740
364.44,253515
367.43,161791
369.17,133166
366.67,155759
366.18,164315
364.86,476619
363.62,234236
364.7,170151
363.87,142747
364.16,166785
363.38,219871
362.68,415964
365.09,168440
368.12,163002
368.09,127090
369.51,116981
369.78,151887
371.09,581918
367.8,204132
368.38,189900
369.37,119098
368.63,97310
369.34,229821
369.17,681188
370.49,288442
366.25,123420
366.89,86861
367.1,92921
367.46,86319
367.66,397557
364.93,157788
365.22,94469
365.08,135059
364.97,182344
366.04,883592
362.84,856679
352.3,387557
356.31,172607
354.76,130893
356.74,142036
355.22,158535
356.43,311758
357.97,258322
359.71,273256
353.94,215384
354.16,115693
353.83,170800
356.85,416745
358.88,172269
360.31,117541
358.96,72402
359.78,94631
360.69,251859
361.97,414620
363,188354
365.55,180881
366.95,184382
366.88,261574
363.26,371831
363.15,422466
361.33,240612
361,86746
361.9,65020
361.11,155907
358.86,161827
357.66,413224
372.14,350376
372.56,287359
373.83,270157
371.32,127779
373.35,168198
374.26,857344
376.91,208951
378.34,133380
376.99,125239
378.03,143439
379.99,210202
380.97,427926
378.99,93051
380.25,91041
379.68,66123
380.35,87785
381.74,118072
380.57,405281
383.27,169550
381.93,201717
382.85,90544
381.69,354389
378.38,362933
380.3,440624
378.14,183126
377.43,134776
378.25,118637
378.51,117705
377.16,117185
377.97,396277
372.36,322977
372.67,221195
375.23,222237
376.26,130970
376.22,116958
375.18,237048
377.67,122356
376.51,99620
377.06,77842
375.8,152179
375.83,139446
376.64,429395
377.21,161591
375.86,106089
375.21,87554
375.88,105978
376.67,106309
376.41,228976
377.78,144921
379.45,140629
379.3,72069
379.27,95694
380.31,119600
380.63,339570
383.03,171458
383.74,169858
381.99,111109
381.48,85556
382.88,198962
383.7,170821
384.05,83041
384.24,62535
384.06,155683
383.79,1210
381.45,150157
380.27,72719
380.62,80719
379.43,89753
378.38,149611
377.86,329832
377.59,144910
378.16,168349
376.55,96146
376.87,80232
376.94,114158
376.64,207391
377.23,142540
376.2,184508
377.12,127325
376.24,249361
381.63,555749
384.72,878432
390.52,299728
388.96,133085
388.18,91839
388.68,96887
388.46,102232
389.21,376319
384.65,263118
385.52,136706
386.8,112311
386.15,90968
386.69,124493
387.98,273211
384.82,234574
385.01,237316
382.55,179546
382.02,135365
380.98,185293
380.69,459692
378.87,193698
377.33,118782
377,81785
375.92,158744
375.32,150659
374.53,373081
374.72,147294
377.16,109357
375.44,70364
375.69,82544
375.09,114427
374.89,265313
378.04,181609
378.44,107829
377.79,116692
377.77,87856
378.26,139659
377.19,303077
377.72,148938
379,124423
379.14,77594
378.35,103119
377.82,102235
377.74,348621
376.48,109257
376.46,105633
377.36,128520
377.64,87332
377.84,155321
378.67,296173
390.7,323317
385.93,267914
384.03,218821
381.68,151750
383.23,168154
383.07,282296
385.37,143220
385.76,130572
385.66,104734
385.06,133721
386.08,490838
380.53,528454
373.72,416950
372.81,283013
371.51,125260
371.08,199577
370.92,261572
372.32,636853
369.75,283932
367.2,123830
365.79,133897
365.5,107569
365.86,207229
367.02,645003
366.56,127124
365.78,92208
365.19,81583
365.67,88476
364.12,166741
363.07,324228
364.35,68172
365.51,89310
364.88,34907
365.59,43619
365.49,57122
364.95,195333
367.4,146616
370.62,72215
370,40260
370.41,43796
370.47,87666
370.1,227510
365.66,157819
363.36,104572
363,171813
360.82,152893
360.1,129380
363.01,628564
362.98,180051
365,81592
365.74,67099
366.11,46558
365.71,46444
366.7,153779
364.8,94189
366.26,44136
366.5,53838
366.44,46974
365.36,90873
365.56,142412
366.32,133668
363.63,127133
362.48,149944
363.62,102088
363.06,70147
362.75,230493
365.92,245147
367.25,151787
368.03,155722
367.93,91913
368.01,108261
367.65,220959
364.62,99805
364.58,59627
364.99,53428
365.21,150159
363.63,116498
363.41,357404
365.96,217382
366.32,114855
363.41,121459
362.97,98018
364.18,133806
364.23,282688
367.03,209538
367.21,180529
369.51,115090
368.41,136829
368.31,245035
367.52,309789
364.2,173468
363.66,120079
363.66,98161
363.68,157680
364.83,121255
364.94,219494
364.99,231921
369.34,184321
370.32,113650
369.54,120624
370.72,271659
372.47,506310
375.44,183212
376.41,85166
377.09,88042
376.08,129422
374.38,107200
372.77,235432
372.44,158339
372.35,59208
371.96,65161
372.62,119567
373.57,96676
373.33,256404
376.09,124990
375.38,89876
376.61,103306
376.91,112928
377.36,94112
377.98,349056
377.41,171854
379.09,92360
379.84,132637
381.28,153738
381.82,92043
380.79,254391
378.33,114309
380.12,66725
379.45,57942
380.31,118932
381.13,104705
381.22,259845
382.21,118328
381.94,78266
381.79,67440
381.59,77119
382.15,106409
381.66,314550
383,197328
380.64,199641
378.53,145806
377.11,242730
377.33,173690
376.85,571321
373.14,115674
371.9,128788
371.76,118487
372.52,182297
373.83,197870
374.44,356722
373.44,148350
374.6,191057
375.57,125687
375.66,108639
377.15,156788
378.05,403109
381.42,249538
383.51,192381
384.91,75438
384.88,115137
385.33,173946
382.99,314215
381.92,158036
383.92,92412
383.47,74788
383.37,86192
384.18,97140
384.3,173806
377.98,206811
378.56,170044
380.81,108365
380.81,135428
382.55,177888
383.28,261693
384.98,189279
383.62,121825
385.05,101942
385.54,84653
386.21,107333
386.79,271181
388.37,151620
387.41,100618
389.09,155786
389.64,76693
389.59,150111
390.67,417730
387.59,190658
386.3,142587
386.45,63512
385.37,67173
385.61,165734
384.68,465178
384.73,145594
386.32,74212
386.35,86195
387.03,72804
387.53,111145
387.72,498756
389.5,158766
387.31,120619
387.83,101896
387.39,129429
387.77,376492
392.41,448895
396.46,330476
399.28,169047
398.66,139471
399.48,158009
400.75,262140
396.73,392221
396.4,203971
398.59,88540
397.54,98895
396.89,172759
395.81,110836
394.7,304882
393.33,112306
393.27,103874
392.87,61398
393.01,53684
393.2,99787
393.23,213528
392.04,117682
391.85,80907
393.22,149414
397.24,328269
392.07,192022
396.54,357621
396.9,183237
395.24,219243
394.4,139872
394.86,100124
394.37,192114
394.29,546758
396.28,168837
395.91,109995
394.41,154182
393.09,110059
392.39,319859
391.55,581380
389.44,155941
389.8,85252
389.36,122213
390.05,195949
389.9,148037
390.57,266439
393.37,109306
394.41,114583
394.81,56904
395.11,48100
395.73,175148
394.69,325688
396.4,198871
393.4,165405
392.51,77156
394.05,124776
395.22,143756
396.1,285918
393.15,106261
393.68,104858
395.11,66393
394.43,86660
395.89,124681
395.38,207111
391.74,166414
394.27,90618
394.38,95386
395.12,103946
395.19,123812
395.07,475207
387.97,169686
388.12,147426
388.13,112145
387.69,106644
388.46,240673
390.29,321423
385.52,193152
384.73,144358
383.85,131443
384.27,198353
383.13,275572
383.17,434712
383.11,161123
382.59,103275
382.71,137508
383.55,125276
383.72,147789
381.1,379398
385.22,218436
382.66,227131
380.04,163507
381.05,105755
381.71,202224
383.58,330885
378.07,173240
377.78,128511
379.51,115908
378.25,144271
379.23,117968
380.41,387038
383.78,197153
382.82,101529
381.81,63616
382.26,64537
382.49,93082
381.4,252187
380.96,119189
380.92,63695
381.03,73374
382.33,80628
382.44,186787
381.25,357258
379.71,169899
379.39,135713
379.36,98241
379.23,121508
378.39,137487
377.7,265040
377.08,192189
377.95,139079
377.66,121983
378.07,103929
379.78,195226
380.41,412457
383.97,181810
384.28,135005
385.3,117427
386.23,127141
386.21,162969
387.12,430875
388.86,140733
389.82,122155
389.94,112950
388.95,114058
388.08,132351
387.92,277141
387.47,316503
383.82,107286
383.37,131487
383.72,168053
382.03,199761
381.27,380721
382.19,187391
381.97,128651
382.82,143830
381.48,166216
380.66,173853
380.9,253062
384.27,188102
383.37,171835
382.58,119836
381.43,249165
378.81,277224
377.22,746604
373.28,344821
374.97,291709
373.72,178206
371.76,255649
368.97,491504
371.45,704532
369.56,567336
371.58,365213
372.95,244175
370.37,239782
371.84,240870
372.2,636313
375,384390
375.87,196500
376.34,176447
375.24,334318
373.04,365838
372.88,1001583
369.52,279179
370.12,118405
369.97,196306
368.23,191248
370.52,319802
372.69,622876
372.46,367816
375.53,368738
377.55,208214
378.91,162842
378.57,144769
378.89,513013
378.18,334787
375.42,187624
375,186246
375.63,139033
376.37,248906
375.04,426892
377.33,194354
378.37,199721
377.66,170542
378.16,152145
378.24,203950
377.79,381572
382.92,315881
381.23,194923
380.95,143686
381.47,157587
381.32,188185
382.62,473921
383.57,205266
384.2,136858
383.86,151519
382.84,163822
383.55,614088
383.32,459491
380.99,311299
383.47,174201
383,141517
381.59,136726
380,245555
377.51,534151
376.88,219254
376.86,131020
378.38,148102
378.48,138138
378.87,157702
379.79,347519
383.16,151016
381.39,123182
380.94,182390
381.5,171221
381.85,166018
383.02,407879
380.55,188411
379.88,105003
381.16,90295
380.43,127709
378.98,133997
379.96,255117
384.87,247090
383.75,132994
384.83,150073
384.58,152946
384.47,154319
385.51,486138
388.85,271215
388.39,183925
387.86,175170
387.1,169567
387.17,146713
387.95,240493
390.25,281569
390.9,213661
391.76,153282
391.86,149782
391.78,151911
392.23,472186
394.7,271928
393.56,183501
394.03,120121
393.77,156393
393.78,123718
394.89,389096
395.91,302542
394.25,285727
392.95,164632
392.9,149503
393.21,162685
392.44,424949
393.17,272643
391.01,153699
391.75,133061
390.81,115178
391.8,134910
392.13,256956
390.82,238981
391.1,156823
392.73,221087
393.19,116419
393.44,164548
393.55,434428
390.84,230108
391.39,132765
391.63,145835
392.94,173124
393.22,101329
393.65,262663
394.07,143325
393.94,125072
394.61,107589
394.94,92183
395.34,115661
395.45,302125
395.23,230255
393.73,166648
394.85,122897
395.39,103418
395.33,120640
393.59,366926
393.73,269310
394.88,178018
395.5,159249
396,171575
397.14,283224
397.95,452786
398.93,225132
396.69,136363
396.16,148816
394.83,122782
395.55,138769
396.53,259748
397.34,155292
396.81,133828
396.17,85044
396.19,72789
395.8,199695
397.17,362682
399.04,209555
397.85,151874
397.61,115292
398.18,146807
398.33,163437
398.24,346308
396.74,217749
397.78,116916
398.16,115621
398.43,132548
398.92,119398
398.91,229176
396.17,154948
397.24,101848
396.75,83793
397.72,155513
397.58,244211
396.11,434241
395.42,127687
395.33,72095
396.24,66744
396.12,81373
396.7,141275
396.44,335464
397.15,126551
396.12,137166
395.37,92623
396.16,98659
396.65,114967
396.58,338918
394.75,201275
394.43,143976
393.56,127558
393.23,252293
391.64,302213
391.24,407404
391.5,318202
390.95,190119
392.03,153013
391.31,183384
389.97,232189
389.09,439554
392.25,310994
392.32,186510
393.78,185664
394.3,215973
395.28,325611
396.87,558839
396.88,380848
397.64,155041
399.11,143781
399.77,139861
399.29,168763
399.13,502138
400.4,136212
401.26,116659
400.63,90394
401.43,95266
401.28,148534
400.46,333883
398.24,391947
393.65,295713
393.29,144033
394.2,138767
395.36,161055
395.56,433476
396.7,121203
395.47,86569
395.93,69257
396.57,120194
396.5,204590
396.71,358626
390.29,294886
389.46,245902
389.21,178605
390.58,236142
390.82,210782
389.94,362423
394.7,253360
395.58,145405
395.52,91543
395.58,132708
396.31,193294
397.64,477422
396.65,188164
396.84,110822
397.07,60114
396.77,78315
397.25,126683
397.55,262790
396.12,149428
395.98,66887
395.43,81437
395.84,86045
396.32,109204
395.94,239511
397.2,232065
395.36,150133
396.15,115991
395.13,181840
394.74,185347
396.43,378085
394.82,266481
395.83,92966
396.35,85558
396.54,125033
395.81,87876
396.69,207613
396.98,156307
395.95,103212
396.01,103315
394.1,108920
393.78,131655
394.44,271193
395.35,157535
395.88,119743
396.45,82931
397.22,127791
396.81,86005
396.92,140209
396.11,119445
396.01,115269
396.38,121374
396.51,147095
396.35,147518
396.16,238925
395.26,121845
396.33,152113
397.04,175426
398.85,330638
400.12,163145
398.91,290194
399.51,169530
401.56,137987
401.28,118781
400.49,95126
399.93,104378
401.32,377460
404.69,138772
404.47,255265
402.64,119354
402.87,111310
402.23,135425
402.91,271404
403.22,177061
403.01,109424
403.53,75177
403.31,108618
403.34,119511
403.91,203742
402,113089
401.61,85310
401.97,124456
400.64,144002
400.02,198464
399.14,341278
395.57,184850
395.04,144904
394.95,113582
395.09,119663
395.68,113570
394.97,380848
397.58,169351
398.13,250917
397.66,163065
398.06,132612
399.33,182959
398.52,458178
401.23,284168
403.54,210605
403.23,184244
403.88,146240
403.84,140678
404.36,466239
405.38,172949
404.77,106551
404.82,93618
404.63,122033
403.17,186153
404.31,261991
402.42,337103
401.1,147960
401.08,96254
401.31,164389
402.55,213463
402.33,497407
401.49,166690
403.55,174692
405.17,187225
405.84,95671
406.13,155777
406.51,373008
408.34,246276
410.74,192389
411.35,140923
411.82,135760
412,124332
412.22,475761
412.24,175288
412.39,110616
412.8,87453
413.32,127095
412.36,161260
411.53,278864
410.59,203296
411.95,133449
412.02,96666
410.84,108745
410.76,129958
411.59,322208
413.09,306394
411.49,128923
410.78,111259
410.74,161025
410.61,131545
410.92,506018
410.38,148747
411.87,129114
411.84,108572
412.42,108525
412.08,97526
412.82,274445
414.75,178562
414.88,151733
413.22,78272
413.57,86995
414.35,111816
414.02,246128
414.72,101092
414.32,91360
414.84,84441
415.16,86759
415.5,80247
416.24,351234
419.3,135394
419.55,202529
419.58,265093
420.51,177969
420.35,134895
419.65,343001
421,112558
421.38,126698
421.7,74018
421.55,136962
420.44,386787
420.04,225888
422.18,273068
422.88,223956
424.13,142916
424.24,146663
425.08,280964
426.92,537785
426.2,181172
426.45,149299
426.18,130739
427.07,87818
426.23,88551
425.08,322114
422.26,360641
420.89,115719
421.18,173326
422.88,118193
422.45,66399
422.71,228279
420.51,159477
420.52,171514
420.23,79290
420.45,116359
421.03,150203
421.6,369144
419.96,185955
419.71,89216
420.53,68200
420.39,71233
420.81,102069
421.5,217090
418.57,124195
418.83,110496
419.04,93089
419.71,53527
419.72,221239
418.12,396095
419.42,158468
418.66,96327
418.4,131843
417.63,57143
417.4,100094
417.88,311838
417.86,100429
418.55,138384
419.35,126954
420.26,131221
421.32,171960
421.27,338744
420.16,184482
421.01,120790
421.7,115489
420.27,112874
420.52,77200
420.65,192305
421.81,86208
421.51,95962
422.79,87104
422.64,76722
422.13,116935
422.49,211670
427.28,170573
427.59,102300
427.33,77959
428.36,158326
428.61,118386
428.69,328006
428.43,61992
428.08,66883
428.46,188701
428.71,1200
428.12,94006
428.69,84642
428.13,82336
428,38769
428.25,108047
428.35,184093
423.23,238250
422.3,153709
423.19,121178
424.19,101441
424.71,91233
425.04,201258
425.08,98914
424.87,85649
425.34,222220
427.15,198161
426.71,93278
426.08,406773
424.06,177676
423.6,124616
423.42,111947
423.88,84218
423.98,91559
424.28,223358
425.35,110170
425.64,76456
426.4,69093
426.09,55630
426,59759
426.29,274706
431.71,187876
431.71,164128
429.93,108705
430.61,73587
431.11,113503
430.98,238587
433.1,159353
433.07,116897
433.16,139111
433.31,107056
433.37,133384
433.92,357725
435.55,172102
434.78,114129
435.09,86277
434.48,59553
434.5,71805
433.89,244652
434.31,119775
434.61,117375
435.29,63962
435.18,62873
435.39,85775
435.53,250250
436.14,180246
436.87,151124
437.72,117830
437.36,146692
437.99,164274
438.63,328144
440.48,163599
439.75,91204
440.4,134414
439.81,86846
439.53,148137
439.83,184322
439.35,252462
438.18,141060
438.55,108649
437.99,100921
437.89,117455
437.04,256189
437.35,172782
437.62,90825
438.16,85725
437.46,75705
438.6,87475
437.64,269494
437.71,121693
438.77,82895
438.91,51592
438.78,107931
439.25,84100
438.78,190146
439.31,104610
439.07,83116
439.8,84943
440.31,68870
440.22,105541
440.29,251298
439.27,104085
438.63,108774
439.39,59888
438.73,84676
438.64,163854
440.47,330083
443.33,190671
441.85,125981
441.82,107259
442.74,168112
440.38,368581
437.22,337099
440.64,227730
441.23,153992
442.04,104651
441.36,147286
440.66,146613
441.45,353413
441.4,118446
441.94,84240
441.33,59774
441.01,80582
441.28,66018
441.45,278465
441.19,242315
440.8,85718
440.59,97335
440.81,74946
440.85,122365
441.11,243660
437.5,286745
435.2,210615
434.92,143586
435.41,94361
435.2,106465
435.2,387314
433.21,200999
433.16,109250
433.85,95535
435.19,121302
434.14,118618
434.62,214099
434.95,204507
435.88,178460
436.4,191328
437.28,205852
435.32,293045
431.8,456294
433.16,165833
433.71,109212
434.17,92029
434.33,128392
434.91,74601
434.8,245743
431.03,132334
430.35,132398
430.42,123393
431.33,99088
431.97,91452
432.98,217675
433.01,113610
432.03,143720
430.06,110019
430.98,155110
432.21,121002
432.91,387133
435.89,251921
434.21,138532
432.37,235108
431.02,129413
429.79,136188
432.17,282132
429.33,158754
430.1,124679
430.13,99566
429.5,103855
429.72,119327
430.78,247872
429.97,150102
432,75428
431.88,65138
431.91,61602
431.86,86824
431.48,222427
429.96,280578
428.77,89624
429.93,76395
428.79,79474
428.9,67575
429.1,391046
428.36,97436
428.81,64184
427.37,92105
426.67,139017
427.2,146244
426.7,405597
425.33,128908
424.93,134165
424.56,84614
425.48,117341
423.82,148615
422.18,417260
419.38,199187
420.26,148810
421.44,102348
420.99,117166
421.01,126925
421.01,334997
423.78,183034
421.85,131516
420.72,120080
422.39,145823
423.11,130404
424.05,366953
424.62,136238
424.79,71582
423.69,67086
423.66,56967
423.16,59950
423.53,214569
425.41,191778
426.91,126148
427.17,75384
427.08,127374
428.34,106791
427.55,238484
429.84,172542
426.05,153832
424.12,97541
425.02,111855
424.34,99107
424.08,661071
424.08,223598
420.41,185336
422.09,108399
423.65,112592
423.59,220471
425.79,244844
427.53,145625
426.94,117100
426.35,72638
427.55,131298
426.01,116972
426.78,190323
428.92,309989
430.56,195977
432.34,150734
432.72,113859
432.76,116247
433.19,522950
435.78,215469
435.23,131869
435.63,123380
435.97,128835
435.33,131847
435.79,274301
436.93,150675
436.84,100021
436.44,132195
435.55,143962
436.04,244354
435.46,376819
436.85,149318
435.55,103131
434.48,78681
435.39,56741
435.28,92912
435.17,220911
434.09,280603
434.8,175995
434.8,126317
434.94,160109
434.66,89616
435.21,282584
432.27,250075
430.45,249822
430.28,230329
429.05,167160
430.04,247692
430.72,361851
428.24,208198
428.92,140483
428.78,107663
429.28,85420
429.9,189259
429.77,399020
430.65,206762
430.64,116160
430.94,92841
430.85,101462
430.68,174464
429.67,278884
431.71,175470
431.69,121411
431.64,97669
432.42,158113
433.08,106824
433.09,276875
432.32,161574
430.98,121208
431.84,108488
432.02,179838
431.74,184310
430.78,414655
431.69,177141
431.91,132192
431.99,70604
432.04,75391
432.14,163070
430.93,331096
433.63,190010
434.15,183382
434.52,213887
435.16,140257
434.73,109804
435.21,348882
432.83,366046
430.87,261335
431.44,110634
431.44,273439
430.32,292974
430.17,635951
429.42,141247
430.04,138546
430.98,116042
430.81,64389
430.65,112783
429.89,295040
428.6,240250
426.97,116877
427.27,102520
427.06,141053
428.56,180932
428.51,219638
430.47,88224
429.96,96097
430.07,85865
430.32,80256
429.12,237959
428.06,429157
420.91,282569
420.75,198862
420.59,195725
420.22,170772
421.09,256927
419.76,502786
419.17,234633
420.38,111735
419.57,78757
420.11,149436
418.37,122677
417.73,358590
417.35,119660
416.07,112684
417.99,85526
417.76,65282
418.18,96847
417.5,258046
415.47,283642
414.86,156179
413.99,128645
414.43,158952
413.57,183557
412.72,496266
413.79,151349
412.11,148851
411.81,220298
411.16,171385
410.26,449425
412.77,380040
413.76,158433
414.2,206882
416.24,173528
415.72,148259
415.02,157722
415.24,249375
418.14,184614
417.32,162368
416.03,122633
415.07,187058
413.19,572608
415.04,491313
413.46,203594
413.34,163954
412.7,148656
411.72,92926
412.38,119828
412.01,256716
413.18,338067
408.76,179033
408.25,159105
409.27,132897
407.94,179788
408.15,344220
409.37,262114
407.97,161115
410.9,151911
410.59,165051
409.15,157857
410.21,370338
411.09,177983
408.9,148258
409.05,108651
409.59,118820
411.09,180691
411.98,188138
408.87,275362
410.8,304105
415.75,232356
415.09,147228
416.53,181330
417.43,410952
415.71,112443
414.2,105788
415.84,96909
415.81,125195
418.85,154115
419.28,208163
420.43,227129
421.91,196839
423.54,135210
423.4,169491
422,129467
421.26,510595
422.06,123064
422.12,96610
421.12,89002
420.76,96758
420.46,113390
421.65,264433
422.02,115316
422.72,74982
423.14,84275
423.06,224341
419.12,430758
419.68,360341
422.3,180295
419.46,184750
418,106430
418.76,196474
418.12,258847
418.37,577527
420.98,343249
423.42,169638
422.55,135833
422.71,165988
423.03,100208
423.07,286093
419.35,180326
421.79,140381
423.76,172197
423.4,170129
421.49,133108
421.21,269081
420.49,230832
419.23,134128
419.17,121078
418.14,174307
419.24,111121
417.87,503177
417.47,154831
415.76,113377
416.78,397651
417.95,183579
416.24,224024
413.8,426004
411.95,267251
409.39,204057
410.38,139120
411.23,110289
411.16,467826
409.65,658071
407.66,195141
408.41,155453
409.83,153601
411.4,144706
409.82,110465
409.8,394107
410.81,118792
411.09,110407
410.36,159509
408.29,114707
409.16,100021
410.49,384650
406.93,243467
407.21,168171
406.57,137118
405.68,160690
404.94,113434
404.86,338301
402.44,245109
403.56,155303
401.75,198818
399.51,220714
400.91,476008
402.75,827500
400.55,158374
400.85,118350
400.69,143408
399.07,177962
397.76,361677
396.92,743779
402.13,195764
400.65,100235
401.24,85585
400.55,144442
402.89,203027
403.05,557396
401.99,180789
403.57,97445
403.63,86030
403.91,135784
405,241673
405.3,575678
406.89,212172
408.26,159054
407.76,168591
406.85,145292
407.44,251088
408.57,487786
414.36,207684
416.12,127057
415.56,143831
415.89,176916
417.06,140505
417.03,449151
421.52,192722
420.84,135173
421.64,168468
422.33,114822
422.24,114273
422.68,602744
422.14,155888
422.05,104044
422.17,104674
421.6,136068
420.94,135233
421.7,520629
422.17,194722
423.7,131295
423.45,105347
423.26,142336
423.8,97497
423.44,359254
424.28,116356
423.14,88084
422.68,106683
422.36,104956
423.05,82370
423.07,360317
424.49,110339
423.55,132580
424.32,100855
424.12,161809
421.94,192493
420.39,328201
422.04,155877
421.99,219554
423.36,196779
425.27,253034
425.99,165880
426.13,717213
425.31,162525
426.2,174731
427.46,111679
426.98,128119
426.98,124963
427.02,290605
434.2,307681
435.17,218083
434.6,221113
434.9,170029
434.45,336265
435.61,651753
436.1,284431
437.23,202362
435.99,172517
435.88,173620
436.4,187564
436.39,473836
436.58,172582
435.2,160539
434.93,126979
435.67,127560
435.13,128599
435.73,571779
436.3,138179
436.23,78502
436.34,100985
436.6,124383
437.18,176945
437.12,357141
438.26,257220
438.7,161057
438.83,109800
438.71,188557
440.02,228009
440.57,557788
438.94,182402
438.75,149397
438.95,125756
439.54,109373
439.32,128205
439.36,312764
440.94,260445
440.55,111282
441.52,114394
441.12,77198
441.38,141025
440.86,305556
441.27,108008
441.13,67026
440.96,175606
441.29,300
440.59,142919
440.77,91603
441.04,107133
441.18,118887
441.18,111841
440.71,330978
439.72,190190
441.18,214873
441.97,135870
440.91,136111
440.43,93610
440.81,213553
444.07,288443
442.5,168602
441.74,114121
442.28,137130
442.07,150677
441.52,600200
441.24,139903
440.92,151764
439.86,118002
440.14,102099
439.94,174124
441.14,781176
442.56,220605
442.28,223492
444.25,241088
445.34,212632
444.24,208141
444.91,493270
442.04,318980
440.57,212628
441.96,222286
442.63,189605
441.87,161992
441.97,345653
441.39,226235
443.33,223093
442.03,160659
442.2,138898
442.19,134452
442.58,500109
443.95,203824
443.13,206705
442.71,133022
441.82,101382
442.43,149117
441.78,541358
442.48,259456
443.81,220202
444.04,205993
444.05,158393
444.18,199405
443.9,404768
444.37,253873
445.93,170923
444.17,110888
444.93,147727
445.39,333723
446.2,491616
446.24,315582
446.63,192231
446.36,212707
446.77,191339
447.43,200055
447.35,487764
447.3,197234
448.44,202291
448.36,188818
448.35,168757
448.95,227404
449.32,439299
450.13,226178
450.87,202731
450.36,201170
450.21,209400
450.16,418151
455.34,718915
458.58,295085
458.06,204349
458.05,212103
457.49,395739
455.7,369397
457.03,963421
456.73,201255
457.75,166594
457.51,146693
456.71,195896
456.07,578527
456.41,1108610
458.73,249496
458.62,245675
459.34,217144
459.75,183828
459.81,212311
459.84,333019
460.8,210506
461.37,157674
461.12,145971
461.36,137536
461.47,162332
461.43,286296
461.88,189390
462.6,156847
462.43,156255
463.04,177852
462.26,412902
457.86,864810
458.79,252784
458.62,135701
457.9,201355
456.89,150591
457.92,185385
457.94,653791
462.32,211899
461.4,161523
461.35,137640
461.82,157599
461.44,214878
461.2,363754
461.95,162164
462.17,83452
462.31,101299
462.29,71960
462.44,116171
463,406140
463.26,158108
462.64,106492
463,123683
462.78,97796
463.24,191829
462.75,279578
464.39,75625
464.26,75568
464.04,74013
464.48,65995
464.21,104240
464.4,645359
463.98,616710
462.7,502872
461.47,423362
461.76,444760
462.31,760556
462.81,1689377
459.61,179119
459.04,196195
460.52,110213
459.91,134785
459.44,201302
458.31,1012584
457.32,299728
456.85,114057
456.67,110385
457.69,169741
457.47,198545
457.63,561289
456.2,225224
457.26,111154
457.11,138748
456.52,80068
456.51,260421
456.13,897534
455.62,254886
457.58,126958
456.19,149463
454.98,131663
455.87,148097
454.18,422834
457.19,275179
457.78,150632
458.41,130973
458.82,133583
459.42,329140
461.04,642851
459.49,141645
459.57,147833
461.5,122505
461.65,101988
461.62,91404
461.1,289002
461.97,112677
462.51,102095
462.13,103034
462.64,89020
463.01,150000
464.45,367434
463.54,134431
461.43,128368
459.97,109720
461.25,114123
463.17,141485
464.09,498705
464.05,179478
463,91110
462.92,108530
463.4,112496
464.14,109068
463.47,339975
461.79,223788
463.49,136889
462.38,133825
461.24,114382
461.34,497660
461.58,615674
458.48,175607
459.38,141936
459.51,136338
459.1,125558
458.03,172533
458.83,332182
461.17,151605
461.57,109104
461.74,181664
460.42,130782
461.29,200200
463.05,368437
465.33,140564
465.46,149873
466.06,126459
467.35,178862
468.75,223002
469.28,340993
472.01,217614
470.55,113887
471.11,108227
470.76,82035
470.93,99240
470.69,245541
471.01,191936
470.34,89969
470.57,62327
470.97,89017
471.04,98108
471.34,316046
474,169094
475.01,109752
475.22,107738
475.61,166434
474.28,129547
473.47,305741
474.3,199672
474.1,128856
474.63,147247
473.55,92411
472.84,113678
473.56,549976
474.6,130886
475.9,127557
475.65,146984
473.94,126754
473.93,125133
474.9,238578
474.94,101323
474.25,93714
475.04,122051
475.06,52287
475.07,127653
475.78,322513
477.8,112458
477.56,109930
478.14,125614
477.2,77212
477.58,90851
478.23,226219
474.61,182103
473.73,119112
473.83,85167
474.3,113438
474.36,373926
473.47,881937
471.58,236564
471.09,158353
472.69,160423
474.32,91056
474.28,202037
475.47,647577
477.46,281039
478.99,184209
480.41,148412
480.47,86078
481.04,126686
482.42,307188
479.85,229282
477.69,113004
478.91,148161
479.73,91021
479.89,106084
480.77,204958
479.78,127319
479.57,99011
479.18,75792
479.36,93335
480.29,96679
479.94,222206
482.58,260699
483.96,139047
484.28,115347
484.22,82413
484.75,101997
484.96,409874
484.7,137055
484.83,116432
484.47,71777
484.21,89477
484.81,75062
484.91,288438
486.16,212234
486.56,115066
486.19,117728
487.07,135736
487.28,150221
487.83,292087
487.99,130504
488.63,132396
489.8,93785
489.68,139820
488.59,139216
487.32,271305
480.56,259382
481.34,139022
481.72,129359
481.03,155420
480.24,568181
478.16,829909
483.69,257323
482.55,189306
482.03,146395
482.89,123357
483.21,148994
483.65,520637
486.33,143840
486.52,120042
486.4,121484
486.62,119109
488.03,144104
488.44,294341
486.12,166826
487.53,122540
488.73,79204
488.36,84436
488.92,233143
487.1,293367
483.31,285735
483.72,116947
482.32,170545
482.24,116922
482.6,120749
483.41,372693
481.98,89569
482.03,57786
482.74,80633
482.23,58282
481.78,125642
481.32,378820
491.65,167929
491.23,139710
491.68,127471
492.86,146863
493.58,479348
493.47,456088
496.08,115175
495.12,167502
494.86,105672
494.97,78926
494.9,152256
494.71,387820
494.62,142837
493.91,78289
493.73,84962
493.63,115594
493.3,117298
493.18,266370
492.51,85706
492.59,52360
492.36,85470
491.42,95251
492.27,104448
493.09,180374
491.77,175529
492.92,114219
492.97,100662
492.22,84860
493.06,160487
492.29,344552
494.97,143100
493.86,99803
493,71104
493.8,83185
494.18,122703
494.17,500683
495.82,182628
496.98,160384
497.34,102427
498.09,105871
498.89,233627
499.25,344182
498.77,184075
498.96,150007
498.95,108268
499.2,106756
498.98,158929
500.05,356068
496.07,172427
494.44,122802
494.19,84907
494.43,92319
493.13,233237
492.13,729290
496.08,112929
496.82,133161
497.67,88133
497.57,95948
496.32,134633
495.58,166125
499.6,110883
500.56,113559
500.85,76191
500.73,91909
501.88,102607
500.94,198726
503.89,105281
503.5,227073
500.21,117716
498.67,131616
497.96,122071
500.07,248771
495.77,132624
496.85,68049
497.12,109740
497.3,61950
497.39,71646
497.88,169866
499.71,186431
502.18,79468
502.05,97057
500.6,81725
501.86,203889
502.93,311195
502.18,153958
502.32,47632
502.52,46039
502.59,67772
503.18,60686
502.64,277673
500.04,145868
500.88,129549
501.22,90723
500.16,87388
500.78,180953
500.03,573632
497.46,142374
498.95,67410
497.54,107243
496.38,97481
497.77,113986
498.04,264819
501.74,107354
502.93,109672
501.95,76243
501.24,87236
501.59,102520
501.56,366115
499.44,97315
499.98,58070
500.96,87025
502.47,67560
502.67,79015
502.59,223823
503.17,85254
503.58,111079
503.63,64642
503.77,79541
503.55,233706
506.75,375329
510.89,124060
511.13,98659
511.25,94848
511.28,58354
510.3,106623
509.9,231924
509.38,87324
508.65,84173
509.28,118294
509.45,76511
510.07,89080
509.72,228943
507.86,74008
508.27,47846
508.21,124040
508.06,75808
508.28,102826
508.43,221556
508.87,127284
508.92,32425
508.99,58122
508.47,67730
508.26,71577
508.37,422621
508.48,178969
507.44,85614
507.12,52657
507.95,55630
507.78,100622
507.92,326355
510.86,195672
510.97,99632
511.13,83819
510.87,70735
510.88,135845
511.72,363981
511.27,173077
509.89,134619
508.66,50985
509.4,41195
509.35,53335
509.39,176223
505.3,114674
504.64,81278
504.81,72258
505.67,78470
505.44,60939
505.44,270956
506.39,118632
508.34,56298
507.78,85940
507.95,44930
508.16,75941
507.38,194422
510.43,73821
510.34,75752
510.8,61426
510.93,63717
509.41,250778
503.24,434733
503.67,94531
505.72,117060
507.12,93752
507.98,62545
505.47,181153
505.52,242827
506.42,70099
507.65,64961
506.35,57722
507.08,62405
507.01,40383
506.95,129398
506.58,209284
503.15,67696
504.67,55503
504.44,75960
504.17,65764
504.14,159293
501.55,161945
502.26,104372
501.15,113998
501.99,134184
501.66,73462
500.4,226565
502.4,102164
501,85439
503.13,74286
503.06,92402
505.62,145293
506.4,213560
503.12,137117
500.02,76891
501.07,137084
498.44,175297
498.29,118387
497.37,315458
502.63,141710
499.01,128040
500.06,114149
497.92,228383
494.22,126580
493.03,270013
492.44,108253
491.2,83516
491.92,53303
492.6,131522
491.88,179320
493.5,196058
493.32,120230
490.93,95075
489.76,170696
488.02,120732
490.4,71871
489.54,170141
489.38,114257
491.43,70279
491.05,61307
488.84,126868
487.65,80780
487.15,167301
487.78,158211
486.63,95940
485.42,144413
485.41,89328
485.33,117519
483.04,270688
485.81,83758
484.22,94617
485.58,86790
486.53,112808
489.54,118314
489.3,223955
491.14,126269
493.22,91591
492.36,53863
493.16,82439
493.93,54521
493.74,204767
494.19,88075
493.21,87270
491.76,62009
492.32,71898
494.29,37719
492.41,119606
486.31,149054
486.57,131856
488.3,105121
489.97,98213
491.53,104604
490.53,149376
495.88,92618
496.7,86576
496.5,54928
497.42,41718
497.12,55676
497.22,156470
497.41,42855
497.67,26465
497.54,36993
497.8,31307
497.98,43897
497.02,187752
497.2,52054
496.52,108881
494.51,102772
493.25,82942
494.06,103368
492.78,217712
488.91,69057
489.33,68437
488.27,61266
488.57,42804
489.66,306767
495.47,354565
490.03,60682
490.48,44106
490.85,45050
490.43,50483
491.84,47906
493.41,207729
499.81,173304
497.09,59961
498.4,77533
498.53,51568
499.17,57624
499.33,219607
501.97,119508
502.07,77985
502.11,79738
502.43,65396
502.63,70518
503.13,269535
504.92,101865
505.84,92756
505.72,53407
505.68,75212
504.75,77648
504.66,399184
504.13,71327
505.13,39850
504.5,28167
504.24,37409
504.78,32851
504.64,180232
505.26,124914
506.82,64055
506.12,55170
506.86,59934
506.8,56415
507.47,330985
509.92,129655
508.11,67343
507.88,103395
508.13,52466
508.35,57108
508.34,174968
509.28,77190
508.86,62625
508.69,49566
508.42,46511
508.17,54083
508.47,183383
508.85,91745
509.43,32099
508.64,90290
508.6,47198
508.85,117238
510.82,248467
513.21,121050
514.66,81027
515.28,81253
515.97,61596
516.33,83116
516.39,365797
517.54,68117
518.79,64637
518.14,48867
518.09,68510
517.44,55173
517.49,286455
516.13,92498
516.44,36264
516.26,37346
516.18,81243
516.06,60780
516.21,328075
518.51,67524
518.54,58499
518.37,36967
518.56,60253
517.62,71938
517.28,319227
516.99,61299
517.7,66877
517.35,106727
517.32,77891
518.13,37656
517.79,238563
518.62,51458
518.48,43125
518.06,34921
518.23,124489
517.01,86074
515.95,156703
517.25,83330
516.42,147668
518.44,47307
516.95,80255
514.04,160276
512.42,207201
514.87,69681
516.48,83540
516.85,46857
516.68,80033
516.92,73511
516.46,158882
516.66,75102
517.29,47608
517.42,45087
517.15,73142
516.14,107835
515.64,312121
513.66,111083
514.38,75962
513.97,92407
514.35,53050
514.48,61584
513.63,273153
512,114537
510.96,78298
511.25,57807
512.15,46699
512.18,60693
511.61,397195
510.74,188422
508.49,69409
507.3,109002
507.16,77925
508.45,62528
509.05,841322
515.35,152632
513.51,31023
513.72,35282
511.14,30105
512.73,35705
513.25,178417
514.1,108366
513.42,62658
512.83,74819
513.93,40303
514.27,104155
515.78,104719
517.09,167348
518.39,90839
519.36,78591
519.98,60003
520.54,103602
521.09,235994
521.64,114873
521.85,79054
521.44,74993
520.73,79523
521.46,86603
521.68,123932
521.35,144127
522.34,39116
522.3,54699
523.53,106768
523.09,75670
522.03,155526
520.42,111547
521.05,148846
521.92,30395
522.12,54892
522.56,55541
522.27,389029
520.06,72425
522.01,78491
521.02,34421
521.16,102801
522.39,46181
523.55,98719
529.76,136321
530.1,48465
529.9,47339
529.9,67219
528.64,133211
529.57,279813
529.22,79001
527.7,59773
528.07,72491
527.87,42022
528.75,66628
529.47,196891
528.22,124821
528.31,46438
528.42,70441
529.01,51673
528.87,54063
529.14,197172
529.2,76327
530.06,62318
530.85,73069
532.59,96089
534.38,88463
534.73,272092
534.47,50895
534.1,36356
534.74,41552
534.8,58403
535.05,59973
534.97,223323
536.52,103467
536.17,56760
535.27,133455
534.16,130196
533.98,67003
534.12,368619
532.74,100861
533.54,75611
534.32,79316
533.29,88060
532.73,83624
533.1,502147
534.34,211778
534.73,61669
534.86,41189
533.96,53122
532.72,60166
533.07,281488
532.21,33995
532.46,34669
533.05,28584
531.64,28375
532.76,56516
533.07,185238
532.87,52649
533.05,39073
533.91,34942
533.48,26857
533.56,27023
533.34,125649
534.88,34839
534.68,36087
533.99,40555
534.42,36210
534.51,36156
534.1,168061
536.76,166102
537.05,158642
536.39,119094
534.81,49396
534.71,68461
533.84,355719
533.98,148846
532.09,50207
533.1,89841
533.74,41770
533.67,94493
533.53,198813
533.94,39774
534.44,31438
534.34,14828
534.7,39713
536.02,39090
536.33,156451
538.34,134538
538.46,81477
539.03,263297
540.07,100
541.12,44732
541.01,54443
542.13,20527
542.06,30263
542.9,43671
542.93,180737
544.55,67023
543.73,71543
543.63,39379
543.33,46398
543.74,44647
543.49,182767
545.19,54591
544.85,32871
545.02,20931
545.14,39738
544.59,51465
544.35,150596
545.87,53226
545.5,56541
546.39,87455
547.76,34718
548.21,33761
548.43,238520
550.23,170174
546.92,117636
545.25,92580
544.99,69090
544.48,62879
545.65,307064
547.32,91762
549.56,77294
549.05,59216
549.94,74499
551.39,53642
551.6,250979
550.43,50167
551.97,63302
552.07,56667
550.84,46576
549.46,40520
550.57,212952
551.6,72501
551.59,36340
551.54,28772
551.76,50930
551.5,59272
552.83,207056
548.28,137280
546.67,108654
546.87,117460
546.42,74413
545.74,111874
545.94,308735
547.17,190231
545.32,134234
541.55,77252
542.85,45716
542.21,95625
540.95,275279
541.48,81888
539.85,108829
539.6,73565
537.94,98168
537.89,111789
537.77,396951
541.28,91411
542.34,108735
540.35,23204
542.17,40519
543.06,57018
543.23,158277
544.16,55743
543.44,45982
544.72,43782
543.16,17366
543.9,35793
543.57,91980
535.43,178986
534.41,85198
533.15,109527
532.65,91681
532.71,113808
531.3,426830
528.54,278684
531.58,110254
532.7,141097
534.99,82286
533.23,98282
529.84,202125
531.3,92216
532.11,36022
533.74,47619
535.55,53808
533.61,45404
532.29,286013
535.34,42970
533.01,53468
534.39,28303
534.83,41860
534.08,36555
533.66,216208
534.96,81484
532.5,137638
529.43,86219
527.81,88067
530.16,57488
530.2,217630
537.53,105735
539.2,60415
539.29,36635
538.76,98966
539.07,86658
541.68,489758
542.52,134114
536.25,125160
533.39,150286
532.43,133469
531.2,200751
528.78,312627
523.13,218693
518.37,282163
521.25,131367
520.58,88981
519.25,88194
520.15,290301
506.05,190379
505.83,197675
509.92,94457
508.47,72941
508.29,163815
505.36,421102
510.76,106114
514.29,60312
515.09,57595
516.75,66867
517.06,88517
516.59,289378
520.22,81652
519.81,61598
517.06,57557
514.12,74642
511.07,128443
508.98,285687
513.94,106238
517.26,56132
516.74,61858
516.97,66861
519.26,71713
519.17,412615
518.14,98965
520.69,30084
519.43,27274
520.73,47967
521.56,43938
521.56,156705
520.43,75008
524.19,85827
523.72,34989
521.63,41640
521.4,36087
522.16,172434
526.67,100145
527.22,74063
527.9,93298
529.85,77490
529.53,71364
530.19,318414
530.21,109308
531.25,77700
533.28,72566
531.65,25546
531.94,30419
532.98,232531
538.82,155450
539.54,98776
540.25,82706
540.49,58242
541.23,83975
541.45,409338
540.87,94511
540.75,83782
541.83,58444
543.42,42403
543.08,34860
543.09,136051
543.54,100736
545.04,45512
544.55,45926
545.73,64584
546,64661
546.63,251488
549.14,93515
546.9,64647
547.74,60723
546.43,67043
546.73,66609
547.53,141006
548.89,122735
547.61,56873
547.15,67050
548.7,53919
548.88,74452
549.19,202096
550.78,87251
549.07,78653
546.24,59644
545.97,58811
544.01,61949
544.79,387704
548.91,169403
548.53,75636
548.56,73149
547.77,49684
548.75,55796
549.14,208055
551.42,99653
549.56,72643
548.19,60450
549.89,60596
547.82,59150
549.13,249681
548.37,117725
550.05,51460
549.05,19010
549.22,23744
550.29,31783
549.98,151143
549.38,63198
548.04,203376
546.89,60376
547.02,47325
543.97,54868
546.64,161853
549.67,90360
550.62,61431
550.83,50160
551.48,49108
551.08,90893
546.89,212346
550.21,78142
548.39,258614
547.03,83411
547.6,25170
547.24,102185
549.06,316175
547.54,154872
543.88,73542
544.14,55430
543.47,58210
542.81,99565
541.37,301920
540.49,193013
542.68,81071
540.41,52985
540.89,53089
539.49,66718
538.64,245501
540.8,110869
539.07,85488
536.34,72352
537.39,51398
539.37,70482
538.74,188314
536.52,200416
531.03,189262
529.43,86244
529,76382
529.6,70552
529.36,347999
534.06,119851
532.11,74403
534.67,85697
536.28,53674
534.46,56185
533.73,175759
536.57,112729
535.09,82925
532.87,78449
533.88,107549
535.8,84785
536.88,202238
532.98,220642
529.78,143985
533.25,206510
536.12,125232
538.55,122507
540.14,325206
542.32,112009
542.92,79443
543.07,66225
545.6,118470
547.6,116089
547.04,338792
549.46,148391
550.25,91899
551.03,87372
550.56,73831
550.96,68007
549.62,142413
551.19,86143
549.02,39057
549.5,61448
549.92,46058
550.89,51552
551.03,136969
552.85,139159
553.44,67574
553.3,98650
550.29,71351
550.97,63221
550.44,244740
551.38,53928
551.19,31951
549.87,31727
551.98,57136
550.84,239003
552.11,211918
558.01,187606
558.17,95831
558.57,97988
559.7,92746
560.66,126238
560.2,302806
557.17,178625
556.31,123394
556.9,105326
558.11,110774
558.04,222306
557.47,262842
558.75,69881
559.81,48660
559.36,64837
558.6,51798
559.22,40011
559.38,164125
559.16,103627
559.44,71898
560.67,60545
560.37,44035
560.4,39955
560.37,265482
561.49,50962
561.13,59779
560.64,64595
559.91,98218
560.21,62120
559.89,160200
563.42,78259
561,63725
562.31,61690
560.89,45898
561.46,51781
562.12,236454
562.98,106782
563.52,39240
562.33,34582
562.16,49217
562.32,73023
562.09,242644
560.45,93847
561.18,53476
561.49,43952
561.39,74242
561.5,109167
560.36,383294
558.85,192069
558.02,133457
558.24,102948
558.31,223968
559.25,77653
560.36,168120
557.06,83049
558.21,40212
559.46,27518
557.84,45159
559.1,33952
558.82,85417
558.14,170598
556.65,57711
558.46,59384
556.28,93563
557.15,64583
556.48,232297
560.08,137266
560.04,66631
560.43,72807
560.97,81261
560.2,56210
561.28,171875
560.65,64483
561.14,49027
561.07,31547
560.57,51026
560.36,97195
556.82,235287
560.82,139718
561.77,57963
562.03,64996
561.87,55874
561.66,35859
562.58,198197
563.41,78914
564.81,82425
566.72,62845
565.71,41459
565.51,54832
565.92,184848
565.29,117899
565.2,56365
566.75,54120
565.99,75418
566.02,73838
565.2,148477
567.04,94243
568.9,44613
569.4,54434
568.67,39818
568.92,53241
569.37,157426
573.14,84616
572.53,47407
573.13,43644
573.5,33849
573.2,44429
573.91,275003
573.99,207490
571.65,61993
571.21,36382
571.49,44391
570.62,60694
569.8,350016
568.94,127256
569.94,52830
570.01,31706
571.25,30447
571.34,34377
572.09,95406
573.95,71876
572.85,71317
574.41,37097
574.16,25764
574.08,68036
573.05,183775
572.88,115374
573.11,72190
573.59,59586
574.34,45519
574.25,44857
574.44,121387
573.77,138907
572.26,113252
572.11,30227
572.61,40121
572.98,47879
572.05,139656
571.11,65931
571.7,40020
571.74,41574
572.3,35826
573.64,41593
572.66,92588
571.03,112559
570.24,75835
569.47,58552
567.8,103630
565.73,120491
566.91,223284
569.1,99654
568.63,80709
567.86,72128
568.63,55122
568.17,60597
568.52,185341
573.18,113026
573.36,88520
571.78,40991
571.71,119650
569.06,90206
569.85,241215
571.36,117931
571.71,64163
570.61,38792
570.82,31409
571.33,37729
570.63,242365
569.48,187336
571.02,42216
571.3,64625
571.78,54233
571.65,66300
572.16,281970
571.66,76710
572.08,79995
572.76,37461
571.7,104418
570.4,65627
570.85,365703
563.58,272913
561.01,128487
560.87,105418
561.27,87125
560.34,151448
560.65,339020
563.06,196328
564.25,64554
563.82,52765
563.02,73128
561.49,61832
562.1,280713
561.36,106431
561.59,110654
558.84,74816
560.36,40054
560.68,63490
560.33,211405
564.01,136692
563.95,84331
565.24,51788
565.86,72329
565.1,73686
564.66,265296
575.78,243608
576.62,127680
578.3,102793
578.75,119344
579.88,144981
580.09,399207
583.48,125307
584.38,112134
584.54,90111
584.83,102747
584.26,114213
585.43,310545
586.67,115394
587.19,90478
587.33,84133
587.54,62885
588.44,56162
588.35,269345
588.58,139199
589.13,105263
588.79,77307
587.57,83875
587.67,78730
587.68,285240
588.39,121073
586.73,66889
585.93,52164
584.15,94137
586.86,92819
587.45,252899
586.5,106760
586.63,90127
587.5,106973
588.57,80281
588.33,121261
586.66,306500
585.81,86238
585.63,36746
585.12,65679
584.51,59778
583.39,64286
584.77,249816
578.13,175083
575.98,155563
575.38,108899
575.13,92373
574.24,155932
574.62,186105
575.46,90435
577.8,101515
577.91,61086
578.25,60108
577.96,67627
577.75,196419
574.64,96988
577.36,59050
578.39,68856
578.68,51531
580.5,88028
579.21,159150
577.06,182906
577,85654
577.97,68377
576.82,38727
576.4,45542
577.05,248969
579.37,156905
581.3,70215
581.37,103794
583.28,67394
583.97,84142
584.24,167290
585.37,114908
585.31,62583
584.55,65250
585.17,61842
584.87,61535
584.86,189912
588.63,123359
587.33,107648
586.75,80475
585.94,63943
586.75,53095
586.35,203009
588.64,77388
588.67,64199
589.17,63052
589.48,74951
589.51,73219
589.37,268825
589.68,90135
588.28,91926
587.47,49672
587.78,50715
588.38,48575
588.17,133884
590.14,68050
591.22,84617
592,256243
591.96,480
592.34,78465
592.07,52244
593.07,47528
592.88,42113
593.1,54707
593.2,150438
592.58,87322
592.24,57434
591.94,33270
592.94,61774
592.73,82621
593.36,200071
595.16,71288
595.57,42096
595.64,53885
595.62,49721
595.31,84273
596.19,312190
597.05,100714
596.19,85712
597.03,97380
597.58,88622
596.61,75946
596.41,343062
598.23,88252
597.94,63913
597.09,49489
596.63,56619
597.28,156113
596.62,237032
596.73,154145
594.69,160870
595.29,61860
594.65,71343
595.3,97122
594.31,412997
594.45,135253
594.32,96132
593.86,63686
593.63,67998
593.38,78475
592.99,303190
595.91,111121
596.05,80411
597,72861
597.43,71849
597.08,99550
597.21,196886
595.5,142598
596.13,68050
595.11,78448
596.07,55654
595.03,106290
594.39,211809
595.47,113771
592.8,114464
593.13,82053
592.28,57979
593.43,53262
593.63,172654
595.6,77206
596.02,56560
596.22,64408
596.5,133992
596.88,107293
596.74,338052
593.62,179365
593.27,86904
594.26,89741
594,90032
593.57,161518
592.74,416871
593.93,98998
595.32,90836
595.08,100565
594.83,54799
593.81,272751
585.91,836612
580.21,198091
579.26,194800
579.41,118075
578.47,103190
580.73,160868
577.79,369899
574.22,331379
579.78,260685
585.81,123080
586,112768
583.57,109295
584.17,665944
581.56,25003
588.63,96097
590.55,64382
590.42,144099
592.48,2127
591.27,127563
592.29,36424
593.14,70894
592.37,44532
592.64,46808
593.1,82857
588.35,292722
585.38,139277
583.65,110312
583.57,86967
585.38,89611
586.71,355879
576.68,161916
578.52,86178
580.85,69102
581.91,62869
582.64,49436
582.42,143134
581.58,109426
580.13,74387
578.64,107896
578.81,94372
576.96,181504
577.73,560333
582.03,102045
579.31,65831
579.41,94953
574.37,98218
573.52,60646
573.81,188136
579.72,104874
580.73,43876
582.1,58658
582.09,54516
582.78,49896
583.41,187713
589.31,99473
590.29,104066
590.87,90644
589.17,87447
587.23,94228
585.69,202331
587.05,194754
584.95,96808
582.26,92418
582.43,66061
582.49,70615
581.58,327905
578.76,141298
579.94,97974
580.94,66788
578.77,62326
579.02,105629
580.12,172745
574.32,181000
572.96,112920
570.71,116233
573.15,110168
575.77,83268
573.73,311555
569.55,123769
569.76,71605
567.76,67206
571.11,87938
571.77,87563
572.13,192209
574.01,123691
573.35,137794
570.41,98444
571.85,90727
575.08,95924
572.35,235027
583.42,193581
583.05,139322
581.6,68818
582.64,56182
584.07,114939
584.89,342392
583.31,93012
584.89,138173
584.91,63307
584.41,82313
582.93,76410
584.37,178871
587.77,140552
589.46,77206
589.44,74257
590.3,64059
590.1,72203
589.64,287589
591.57,82061
591.66,70383
592.42,71561
593.79,78003
593.96,81089
593.54,181672
597.83,100932
597.84,70147
598.98,60941
598.57,60668
598.32,79176
598.8,335482
597.51,81708
598.2,162134
598.51,53576
598.99,62842
598.96,56331
598.99,180417
601.61,110195
600.42,60700
600.75,59441
599.85,90679
598.8,91114
598.65,188221
590.01,232816
589.43,95348
588.26,102934
587.68,65129
588.07,112634
588.44,390830
590.44,137241
594.56,96404
593.92,61910
595.29,82099
595.15,88744
596.42,242650
594.67,98898
594.16,60967
593.62,45046
593.47,77510
592.79,144798
593.66,157758
596.17,137024
592.79,110557
595.21,76201
594.67,77623
596.26,57775
596.99,312592
599.42,103852
600.73,72610
600.17,108401
600.3,205086
596.42,155870
594.84,351491
583.26,433059
589.17,161090
588.81,121392
588.65,118710
590.23,147133
591.14,283202
590.52,131792
591.98,109443
592.73,67475
592.36,43501
592.06,73280
592.89,211797
591.49,142112
592.01,167725
593.98,60957
594.03,50183
594.28,62637
594.41,193065
596.55,79725
595.96,62181
596.46,51385
596.99,57134
596.4,99249
595.06,242727
598.38,136829
594.87,94952
592.65,56638
593.48,39226
592.51,70028
592.48,164066
594.72,93917
596.4,72276
595.63,31544
595.91,43002
596.03,54713
596.25,149577
594.65,70506
596.06,72911
595.51,89133
595.03,67498
596.02,58143
596.8,211521
592.49,179671
593.8,132255
594.72,96046
595.78,60792
594.52,88785
595.31,171139
596.24,106127
598.45,69721
597.38,46113
597.47,65535
598.41,126856
600.17,260541
601.73,94526
601.78,82161
601.44,46375
601.19,46844
601.73,79468
601.38,182290
601.25,86602
601.77,59039
601.37,47885
601.59,60703
600.91,82140
601.02,135622
601.16,76225
601.4,57134
602.92,76456
602.77,96024
602.71,80941
604.18,208402
599.65,166093
598.62,82976
598.73,76986
599.28,51286
599.84,67461
601.13,193292
599.21,180269
598.21,84267
598.14,108100
595.07,226486
593.18,224206
591.37,330934
590.13,219523
589.11,142459
591.29,80566
592.03,55193
591.97,83824
591.22,443852
586.71,442475
583.87,196192
584.59,141058
586.31,126250
586.12,105898
586.74,213335
589.24,140226
590.4,116970
589.37,104720
587.01,181883
583.99,134637
584.31,257080
583.88,221824
584.84,68306
583.89,107478
585.2,77803
585.28,173599
580.77,510623
577.5,174723
580.56,124383
578.92,144985
575.13,222929
575.17,176694
579.57,521912
583.62,202138
584.18,153696
584.53,91374
583.4,306773
580.56,220313
577.61,830193
567.39,532759
565.74,199505
567.77,184497
568.23,167494
571.94,245713
574.45,649844
568.52,181752
568.33,148901
567.55,145661
572.39,130726
573.05,189503
574.63,300439
565.97,205470
570.54,158058
566.06,256067
564.85,179048
563.94,232958
562.37,339658
565.32,188660
562.39,197242
559.07,306606
562.21,104004
566.93,127104
566.85,304667
551.66,296975
546.38,115511
549.15,118998
546.4,171383
546.31,282675
553.17,466021
550.95,159211
547.86,230983
550.76,124984
550.89,95124
550.01,96645
552.98,264005
546.96,152863
548.68,113448
544.43,111597
544.75,138274
542.17,119672
545.77,266767
550.31,216951
552.26,190137
554.13,96609
553.87,127798
552.89,99173
553.48,418304
557.57,119560
555.89,112343
555.76,96184
556.5,134288
558.96,229106
560.94,307553
552.6,221610
552.75,121536
551.47,114138
552.81,79546
552.73,73971
553.11,242072
556.09,119207
555.29,89756
557.65,92589
556.72,90809
554.69,143884
560.03,385668
558.85,135026
561.35,87407
559.95,66585
557.93,55029
557.13,65667
556.61,287148
553.45,132025
555.3,86652
552.96,95232
556.94,67894
556.71,66815
555.85,314341
566.25,165061
567.01,101701
567.3,98429
566.53,76478
566.55,109195
566.98,302432
568.13,123747
569.49,56320
568.27,44155
568.44,74549
567.59,83041
567.44,212103
567.11,111274
566.94,80035
564.04,98584
563.08,95503
561.67,79630
560.92,260907
561.8,120650
564.36,137746
561.39,95547
560.25,85572
560.17,86353
561.13,324752
557.46,336857
552.28,171222
551.84,81829
550.17,128377
549.98,115254
549.82,334454
543.66,202600
545.44,123164
547.07,92810
546.84,94686
546.86,263844
550.06,488928
550.89,217348
553.17,130130
555.02,126222
554.3,110838
552.79,132719
551.18,279664
552.13,149135
554.92,130530
555.72,117956
559.25,149308
557.62,126281
555.17,271610
538.03,422826
533.93,319352
537.32,222807
537.27,142601
535.85,190480
535.3,795378
516.81,630664
509.45,537614
509.45,226351
506.22,333863
508.72,335428
502.23,706580
489.75,1371629
500.38,491683
493.6,167717
489.97,329952
503.4,188754
497.26,570061
516.65,356950
511.88,274477
510.73,298464
501.48,346916
500.88,266508
495.99,1155325
494.82,307921
487.61,153498
489.64,145869
495.8,1064918
529.44,658591
524.75,1039062
523.82,310489
520.31,254956
512.58,542930
513.8,405637
518.18,284268
519.94,651615
519.23,254842
518.57,117130
520.7,176028
525.71,156856
528.58,179127
526.23,355768
534.71,185189
536.3,181783
529.52,115778
531.01,90962
532.84,83538
534.88,260704
535.42,149532
534.53,86816
534.84,93714
532.54,126308
532.53,84725
532.48,233928
523.85,178732
526.33,149958
525.36,84836
524.44,205204
518.17,183423
516.91,578445
522.64,200347
519.16,112162
520.91,120414
524.01,79318
523.54,104281
522.52,302817
511.55,166037
508.9,108597
505.35,131897
505.51,136267
503.15,156084
502.97,341395
516.11,159253
518.68,254831
520.26,183247
521.54,210504
515.92,151331
520.84,343077
537.41,238766
536.52,190318
531.29,195999
532.09,86025
532.55,107267
530.79,270735
533.26,219217
536.25,107556
536.63,141567
539,73960
539.25,131762
539.84,376928
539.04,170600
540.32,112718
540.92,142668
542.82,180966
541.7,168208
543.51,290109
544.07,118923
544.32,140094
541.19,65988
540.27,79894
541.49,56726
542.51,160586
544.33,113522
546.71,52353
545.52,62180
544.84,81081
548.44,149368
547.98,240237
535.9,178279
540.84,86769
543.16,68466
543.4,88215
544.31,144348
543.83,433432
554.26,148538
556.98,121140
554.08,69830
553.3,59139
554.24,94910
555.41,296197
557.37,175254
559.36,146967
559.8,157703
560.83,89099
560.79,110876
560.6,428573
556.76,129240
558.58,119077
558.58,65117
559.14,55164
559.24,48113
559.29,255381
551.05,128734
554.42,90765
554.02,103273
552.97,72350
552.41,100831
554.67,309355
554.95,143373
553.11,102359
553.47,57647
554.7,83937
553.02,185349
553.94,356274
557.6,205115
556,248253
561.96,149409
563.56,65988
561.16,94922
561.82,453350
560.53,138191
558.1,62969
559.01,64773
556.88,79704
558.76,28330
558.5,162728
572.3,227753
572.35,160054
571.61,112051
574.52,97878
574.93,122356
574.94,408884
578.64,148329
580.42,133079
580.95,100990
581.34,89486
581.24,99917
581.89,210865
580.83,144805
580.93,116883
581.29,70240
580.78,113793
580.67,64699
580.8,317226
579.45,227935
579.9,169973
582.42,68865
583.45,69572
583.1,101158
583.03,294222
583.93,159514
583.89,90221
584.28,72018
585.42,61141
586.05,66905
586.81,245556
584.51,131003
585.3,57284
586.35,62262
587.79,87978
587.62,65295
587.77,245926
586.13,92449
586.01,62600
586.41,66000
586.62,74946
586.22,109529
584.16,292364
583.39,176391
584,160989
585.01,99236
584.95,543682
579.53,275557
577.51,567734
577.7,285439
576.39,196065
577.67,161289
576.5,139258
578.74,111755
579.17,400200
570.25,302953
570.57,213617
571.6,136061
572.27,122201
574.16,181756
573.99,311076
579.49,220501
581.37,148550
582.27,173452
583.24,102219
584.25,127030
583.65,454742
584.07,145224
582.61,97424
582.41,82409
583.29,91183
583,151869
583.09,405083
584.47,197749
584.21,140049
580.42,150858
583.05,102432
581.91,124956
582.12,348097
580.74,189522
582.04,111079
581.33,347405
577.56,169221
579.29,209561
582.01,545392
579.52,337761
582.73,195001
583.06,113590
583.34,77552
583.18,130111
585.12,364455
586,198663
587.62,144573
588.8,123524
589.7,119805
589.36,184904
589.56,309035
590.16,215924
590.78,105969
590.07,98843
590,94431
590.94,94654
590.24,228445
587.52,286348
590.53,171950
591.83,242915
587.94,170075
589.04,181644
588.61,654522
593.52,164642
592.45,176532
591.95,137448
590.75,77144
592.27,172504
592.84,358231
592.19,145375
592.73,66940
593,80014
593.89,50178
594.07,72455
594.17,245575
593.72,87512
594.25,140757
594.42,96541
595.3,76782
594.42,145194
595.53,307485
596.76,120273
597.9,90068
596.78,131791
596.62,87314
595.55,214778
593.95,282101
593.99,125067
595.82,115145
595.57,118977
595.55,80514
596.3,114424
596.45,179855
591.35,194392
592.4,107594
594.41,88043
594.14,134788
592.97,185962
590.4,261056
596.2,212193
597.06,183560
596.28,106776
595.87,136782
595.5,116490
595.64,347367
594.16,129210
593.63,104904
593.93,125545
592.91,162300
591.11,224525
591.34,330269
592.31,182060
594.02,108878
592.86,85883
592.59,102238
592.79,201352
590.44,340067
592.21,198623
589.24,131256
589.54,86180
590.23,124427
589.03,123704
588.55,337798
591.78,151053
591.38,113398
590.81,190397
588.53,181219
593.46,133712
593.41,317686
598.81,175547
599.89,119783
600.66,113200
601.49,113287
602.05,111400
602.18,326527
603.04,191648
602.61,176567
601.74,81577
601.59,132248
601.11,76045
601.28,270883
604.07,190403
605.21,130314
605.37,91638
605.47,108090
606.09,180086
606.33,524572
609.28,239275
609.58,118552
610.69,127319
610.74,202254
608.9,306198
605.97,399182
611.17,312749
610.82,209832
611.31,112712
611.51,153023
610.65,199414
611.73,694258
612.02,183514
611.26,181152
611.75,128781
611.9,84223
613.37,112777
612.73,295627
612.07,233719
613.59,140542
614.03,86605
614.38,111194
614.22,131275
614.62,326096
618.78,158835
620.01,146468
620.59,264970
620.32,800
618.33,152376
616.98,117854
616.61,141689
614.57,91325
614.76,151310
614.89,377155
615.41,212831
615.16,153241
615.85,159122
615.53,95726
615.84,98536
615.26,306127
618.96,194589
616.16,195195
616.66,120128
616.84,188066
617.19,144261
618.13,414114
618.1,188053
619.58,120942
620.4,123238
620.31,139701
621.29,177083
620.94,374281
617.95,119402
618.57,139952
618.51,101744
619.1,141799
619.29,195918
619.07,469817
617.5,95699
618.16,85512
618.66,74284
619.03,92693
619.38,87599
619.67,260706
620.24,167526
618.81,140289
619.54,146530
617.93,143805
619.29,183440
617.91,346163
616.87,189774
616.96,543203
616.63,120496
617.8,99614
617.73,150699
619.07,254813
620.47,176411
620.53,197685
621.91,142304
621.51,116409
622.13,147562
622.66,558829
623.67,167624
621.82,102006
622.79,136506
621.42,78080
621.79,103254
621.97,340889
625.47,137891
625.66,87557
625.82,110027
625.91,105764
625.81,141268
625.06,397684
621.4,154459
622.64,94426
622.35,94349
622.53,113227
623.2,146021
624.02,387106
624.65,95181
625.4,152685
626.64,88200
626.55,105974
627.2,186694
627.91,400002
629.66,145717
630.17,124459
630.14,119864
629.48,92894
629.88,180932
629.84,380331
629.9,151008
630.43,98334
630.53,124381
631.45,130654
631.75,124349
631.8,435806
632.06,178624
632.04,141464
631.99,90836
631.5,99242
630.7,175340
630.68,363245
632.58,126587
631.33,146040
630.49,65948
630.73,100469
630.2,73978
629.96,342548
630.32,167121
630.84,138266
630.8,112775
631.07,95328
631.25,279480
627.47,445151
633.97,217467
631.24,167951
632.16,103606
632.25,142795
628.08,185782
628.87,467935
616.13,471401
616.71,287002
618.63,369930
616.09,345331
615.45,342891
616.15,713095
623.82,167942
623.81,133186
624.61,89805
624.82,59591
624.44,92105
624.57,414466
626.5,221907
622.37,107675
622.82,82456
623.55,78471
624.79,122256
623.1,267951
623.68,111528
625.61,128202
627.34,78369
626.89,53922
626.85,86108
627.25,303041
631.31,290734
627.36,131070
626.52,148699
626.22,117165
625.5,111143
625.27,231631
630.5,109868
630.43,123984
630.95,81088
631.16,73237
631.85,104293
631.84,235057
632.28,98778
631.37,80020
632.44,115957
631.97,76229
631.44,100177
631.12,360668
631.96,132224
634.5,173948
635.71,77668
636.25,82381
636.7,113296
636.58,357767
640.14,183828
638.36,141966
638.06,75700
637.73,76797
638.09,81303
638.55,291870
638.6,85826
639.29,86948
638.56,61129
638.71,56693
639.2,84731
639.05,240346
638.26,104368
638.07,101676
637.93,106748
638.65,99902
639.26,135280
638.79,275518
637.43,117489
637.77,85816
637.33,68745
637.07,69580
637.31,86983
637.98,198979
637.48,182221
635.79,127070
635.31,85996
634.28,115563
634.39,97808
633.61,373042
629.92,248736
627.96,202793
629.79,148238
630.85,78693
631.78,202983
631.42,366721
629.84,117199
631.79,82517
630.19,62441
629.49,100178
630.46,92867
630.66,210788
633.29,457602
640.25,212227
639.97,109790
639.34,107377
640.37,126660
640.03,420468
639.01,135374
638.92,85244
639.46,70340
639.53,85105
639.09,79091
638.52,321487
637.24,139534
637.24,56811
637.34,56582
637.84,49201
637.37,83324
638.44,336432
639.87,146531
640.78,114760
641.06,89638
640.85,101577
641.27,155212
641.57,260998
640.44,155174
641.39,96381
641.6,116219
642.15,101480
642.9,181975
643.47,432486
640.11,337274
638.33,122484
638.32,116338
639.22,131134
639.2,112642
638.97,523046
633.6,117370
632.31,112869
630.02,105278
631.51,105921
632.93,103172
632.64,397314
636.62,176055
638.5,147333
637.05,93326
636.41,101383
635.52,138632
635.38,408273
639.49,194574
640.21,178137
640.71,84881
640.5,123711
641.74,248044
642.15,577407
645.39,342267
638.71,224027
640.28,125038
640.92,112554
639.71,130815
640.81,319275
642.84,175259
643.87,111643
643.88,109181
643.01,95737
642.13,98303
642.71,382638
643.7,185936
643.11,83831
642.83,108774
643.55,146993
644.3,152852
644.36,316157
648.02,240853
647.88,162978
647.76,87825
647.32,110873
646.81,181800
646.52,406524
650.05,256863
651.07,190832
651.65,148580
651.57,130594
652.02,188383
651.96,665693
652.16,197800
652.82,200777
652.06,201029
652.51,173713
652.82,221889
653.23,657378
655.09,165003
655.4,130103
655,120033
654.48,159686
655,131218
654.45,351160
654.54,191129
654.12,144565
654.08,97383
654.32,109142
654.53,102894
655.02,402990
654.35,224300
653.76,115101
653.72,96917
652.75,123927
654.63,434169
652.09,430700
656.45,338835
657.19,166687
656.96,132166
658.4,133832
657.19,148954
657.66,423767
658.35,239456
657.89,160380
657.79,139806
658.72,121239
658.9,167606
659.27,798616
659.64,276122
661.18,178578
660.79,255869
662.61,132334
662.56,204828
662.98,398577
663.1,222500
662.52,139311
661.78,181611
661.37,302073
659.38,183142
658.33,380699
659.18,169407
659.17,161216
656.62,161775
656.72,131331
656.78,153848
657.32,293309
652.04,246566
654.96,161109
655.17,97557
654.08,102660
651.87,204463
654.05,265536
658.06,231038
654.7,130776
654.95,126535
657.53,107076
657.54,141182
658.13,273722
660.85,202027
660.66,191088
659.55,155501
659.22,140696
659.16,174357
659.54,527909
659.26,177024
659.44,167753
659.25,107754
658.99,123736
658.65,159878
660.65,570129
659.94,199216
661.97,181164
663.24,107598
663.15,132400
664.15,179974
665.29,361303
665.41,220052
663.76,148550
664.51,84025
664.55,104673
665.11,124035
665.6,366683
666.97,234170
668.17,169354
668.66,115471
668.34,220498
665.33,200763
666.1,309453
666.14,191350
666.93,141202
667.99,114542
667.88,121949
668.38,134183
668.21,290673
668.26,158943
667.08,385541
664.44,177361
664.54,96502
664.49,98201
665.21,286446
666.47,157780
667.92,107061
668.95,84614
668.9,73612
668.9,90297
668.4,321100
667.99,155579
667.63,93629
667.51,70132
666.15,96515
666.36,93800
666.12,381585
669.32,164099
665.31,788563
657.68,201971
655.13,186138
655.92,186658
653.4,587496
659.05,269390
656.48,166189
659.25,175162
660.47,104759
659.48,163855
658.33,295753
653.02,240856
656.13,196047
658.7,172666
660.54,116490
661.4,109399
661.11,379589
664.56,178345
665.27,150417
661.4,108701
660.3,235976
660.49,95007
662,393019
662.86,208995
663.31,156329
660.64,261733
659.5,223262
658.01,267020
656.81,410692
656.84,219355
655.78,162327
657.95,127185
658.14,111883
659.2,137970
660.61,264563
664.94,142442
667.41,100428
666.74,82596
667.19,96880
667.95,126094
667.83,304408
666.8,148888
668.75,125711
668.43,138536
667.61,107140
668.37,115547
668.1,297722
667.44,157007
666.19,120200
665.15,169377
663.39,111371
660.93,142333
662.61,275709
666.26,119924
666.38,105470
666.35,121352
667.57,123688
668.57,89373
668.78,404995
673.42,111618
672.84,143317
674.12,118185
674.05,69334
674.2,88025
674.38,450364
679.23,152383
678.86,125846
679.5,136726
679.84,122939
680,144796
680.22,563296
681.78,166273
681.95,131311
681.67,139699
683.13,142795
683.7,162596
684.2,421497
685.73,302847
684.4,274570
684.08,89820
684.67,104906
684.17,408859
682.25,383254
680.96,149976
680.57,97278
679.48,79351
680.5,103965
680.47,171924
678.48,379836
679.51,133367
680.59,163859
678.22,175388
676.44,150373
676.95,146446
678.7,562349
678.56,140816
678.46,104052
679.47,97742
679.95,81777
679.7,94586
679.51,311048
674.93,175525
674.3,148648
674.31,164629
672.03,176124
672.23,177987
671.34,448226
673.17,128824
673.98,145029
675.54,134753
676.3,122718
676.72,103733
676.34,402335
670.24,375890
667.1,153562
665.56,163024
667.25,143445
667.57,169873
669.27,453307
662.49,277841
659.54,277678
658.24,200013
660.2,191376
661.65,281720
666.02,431304
674.67,190828
672.33,113275
672.76,138934
675.54,172085
675.98,131194
677.37,449955
676.79,98882
675.36,91222
675.83,83344
678.19,104209
679.22,111625
679.25,350930
679.73,168496
678.29,137101
677.93,121891
679.74,178296
679.79,171846
678.89,351155
674.87,232538
672.53,192506
671.28,156879
670.35,196890
668.99,201343
667.87,562152
664.75,240023
668.47,138067
670.84,117703
670.03,156110
669.39,147490
670.82,366959
668.95,125377
666.95,187041
669.16,99382
665.34,143170
662.79,260862
658.84,498167
654.78,308486
653.38,305564
657.41,245512
660.19,213218
659.24,244590
660.59,692320
661.93,214010
659.12,181196
658.67,202052
657.49,152321
658.96,190305
657.35,360648
671.23,202477
668.86,588824
656.33,768117
653.51,458310
651.3,311125
654.34,644099
651.21,430683
649.41,239105
656.97,132682
656.56,190459
658.7,137913
658.07,342946
660.33,222048
662.85,117749
663.93,103030
665.32,80760
665.57,141899
664.45,455772
665,211553
665.68,94542
668.06,75844
669.52,50204
670.13,61992
670.16,238282
673.32,94604
675.75,76674
677.46,52705
677.33,56617
676.54,55431
676.92,293397
677.37,182538
678.48,150795
678.86,275692
679.29,396
677.56,187747
677.79,68954
678.09,59388
678.12,58388
678.91,96486
676.31,418479
678.46,109046
679.58,99526
676.7,66729
676.13,61083
677.2,99436
678.6,255331
676.95,138459
678.5,58873
678.31,38636
679.99,44579
680,76467
680.71,363396
679.11,85334
679.5,59117
680.46,56750
680.38,52160
680.16,116062
679.3,215220
683.13,122344
682.91,117050
682.07,62208
682.41,46291
682.31,57125
682.28,361899
681.52,115814
679.77,79538
679.36,101945
680.18,85576
678.22,99865
678.5,312234
680.58,93634
680.61,105346
681.12,96787
680.34,101143
680.21,140115
679.74,401549
679.07,133704
678.28,123765
679.66,83331
679.93,111339
678.96,509018
684.22,515472
678.74,202784
681.8,118820
681.59,105713
683.3,84012
684.1,124343
684.91,455371
683.45,263832
677.81,251401
676.7,112959
678.69,118469
678.66,98524
678.08,320394
678.54,204373
677.29,127390
676.89,105996
676.61,85806
677.18,137047
677.77,418584
676.84,159389
675.16,148234
674.46,142762
671.72,179763
673.89,197698
674.05,625455
675.31,126240
670.59,104302
670.37,89045
670.38,111736
668.74,131000
669.34,401356
674.26,190625
676.07,132461
675.62,195054
674.42,124265
674.35,147338
671.85,449416
678.14,136396
677.08,162033
677.84,167890
678.72,110165
678.36,141644
678.7,706116
682.08,125343
681.84,103668
683.05,86517
683.32,114616
682.6,116761
682.91,399681
683.5,135206
684.43,81037
685,100903
685.05,89259
685.63,111984
685.93,294182
686.64,97613
687.55,92726
688.47,261392
688.36,260
688.87,74917
688.89,63991
687.99,25092
687.88,26587
688.26,31792
688.23,180528
685.6,98618
685.48,98399
685.18,75474
685.07,97151
685.31,152494
686.36,363889
686.17,137782
685.68,157344
685.3,107049
685.73,93442
685.84,109419
685.63,324343
684.06,104327
682.42,86369
683.41,67516
682.9,75456
683.92,170471
682.24,614749
684.3,226876
679.47,93278
679.27,74809
679.21,69811
678.69,152303
681.21,279813
685.17,180510
686.4,160349
687.07,107146
686.72,96110
686.67,123950
685.7,406432
688.2,228756
687.16,196659
687.5,156683
689.06,153445
689.8,193753
689.94,429057
690.69,205546
690.56,184597
691.6,125086
691.06,132391
690.87,159910
689.82,537094
686.3,265279
687.95,192656
687.99,153868
688.1,163594
686.95,161898
686.91,404581
689.66,275020
690.04,226413
691.98,178709
692.03,153673
692.62,170953
692.91,439762
691.76,224469
691.99,152837
692.62,124079
692.75,136424
693.28,176995
694.01,378834
692.24,218836
691.82,173572
692.94,145674
690.99,122036
690.97,157090
690.92,533081
686.33,296608
685.28,174061
684.65,124690
684.67,134478
686.14,183168
686.14,596097
691.62,235446
692.51,189040
693.08,171953
691.99,172808
692.77,234240
690.73,559457
689.95,214937
689.93,134350
690.71,81554
690.02,82344
690.72,178820
690.7,475027
680.11,135019
681.98,82666
681.74,72492
679.05,99686
676.95,151081
675.85,441587
680.7,188182
682.87,268181
678.15,255752
678.68,172042
679.08,431187
686.57,693401
685.81,134598
686.69,146321
687.68,88593
689.04,72728
688.12,135082
686.79,238727
687.02,176210
688.61,135178
687.79,159025
686.05,122005
687.02,142585
687.67,236106
690.3,183984
691.09,108814
691.13,85190
691.3,71343
691.65,142532
691.64,466977
693.24,178286
694.07,164087
694.08,129116
693.51,114540
694.08,100686
694.11,475569
695.18,148136
693.66,123432
692.81,85353
692.91,61973
693.21,132345
692.97,237189
689.62,245833
684.14,212918
686.86,178915
687.12,123470
688.65,170888
689.24,365586
689.82,146351
690.18,107970
688.77,120070
687.18,141017
689.44,200400
688.75,544712
690.65,311751
692.82,177422
693.79,156812
694.5,152467
694.55,196284
693.59,647801
691.48,241877
691.25,173643
688.73,273964
685.84,243505
682.93,297485
684.85,468317
686.06,246896
686.62,181107
684.61,217047
681.74,230269
682.73,265032
686.33,542770
678.7,289286
675.27,195382
679.36,161343
678.52,128340
676.26,123751
677.2,402374
682.92,212293
683.8,202758
685.51,190813
687.06,166850
687.14,196197
687.36,597354
688.42,166045
692.33,153520
693.45,92961
692.66,93664
692.76,113964
693.5,321551
693.84,113894
693.45,106729
692.85,68763
693.43,128048
691.79,103348
691.78,482361
692.23,182734
690.44,99605
690.1,120121
690.83,166978
690.82,85966
690.95,303604
690.85,157101
686.8,291793
682.58,130824
680.93,173081
682.96,188536
683.46,501884
678,287100
680.64,198746
682.88,203602
683.22,188775
682.83,240266
680.59,556368
674.55,166146
676.72,174727
680.55,65415
679.13,99943
682.16,102601
681.68,243129
684.3,257558
686.6,158149
685.65,127806
686.61,176701
685.02,251637
682.72,546641
683,162886
683.42,211863
681.66,175958
680.53,158555
681.84,193507
680.66,391311
682.99,328902
686.9,167467
686.7,150872
685.59,177835
687.36,104370
686.13,283927
684.57,183991
680.35,192915
680.07,131295
680.09,156885
680.18,213618
679.11,563484
681.23,196885
683.46,119571
684.6,114579
685.53,130024
685.6,126137
685.2,457362
689.45,89790
688.92,71816
690.1,40362
690.62,17300
690.67,50712
691.16,370410
688.79,240407
685.78,132239
684.34,85368
683.58,113385
685.41,117529
687.09,276200
680.92,352201
683.34,233233
682.95,217959
682.47,163653
682.05,296883
681.44,1157197
680.95,318353
682.32,247554
684.35,179649
685.32,179128
683.37,300270
686.27,747840
670.48,730652
670.09,527052
675.69,348876
675.59,337247
679.38,392496
679.43,533056
679.75,397701
683.96,451938
683.88,294430
684.29,327677
684.67,231593
684.94,620638
683.18,220876
680.23,208372
679.01,209231
674.46,152996
674.64,159517
675.22,776500
669.08,219152
673.05,133530
673.08,101129
671.17,126928
672.29,151320
673.12,844571
662.22,340815
665.93,192192
667.62,202009
669.32,191030
667.07,199729
668.28,669504
674.08,185928
679.21,122607
679.51,119927
679.56,154761
680.18,244222
676.8,396911
676.05,134102
676.25,92456
672.35,104735
674.34,84770
673.13,109880
673.5,252443
666.98,310925
666.58,288376
667.46,238233
666.97,220571
666.35,223873
665.45,414804
668.73,243018
663.55,272164
661.66,204988
661.58,199491
660.86,224508
662.33,612701
668.83,368549
667.97,191589
666.5,205939
666.58,177076
666.95,269879
667.75,673009
672.04,154236
671.16,128105
669.14,92880
669.19,108547
669.9,126574
669.23,309594
667.53,221052
665.28,183948
665.08,109133
664.7,164893
664.86,311681
661.58,690429
656.82,107397
655.96,135979
656.01,88001
655.4,99777
655.39,140746
656.59,350263
653.09,252973
652.15,143757
652.96,109829
652.815,137192
651.48,370972
648.13,991795
660.2,304542
661.22,376708
655.97,276989
655.71,196986
658.04,296766
658.98,612457
651.99,298637
653.95,200265
655,173101
655.12,279359
654.25,247098
654.89,415387
656.64,239660
658.71,256356
656.99,128672
657.74,141198
657.88,141793
656.425,313161
654.47,111802
652.31,76339
651.46,76807
649.66,91263
646.73,107356
647.455,313955
639.01,154954
640.25,172619
640.24,153525
638.7,177911
636.1,203824
635.37,597052
635.04,238167
637.5,238037
637.415,121878
635.36,195099
633.585,236473
631.76,553820
642.66,382673
638.68,212857
639.7,416804
646.63,343159
646.39,277592
648.6,974421
654.33,213127
656.43,158912
657.885,126081
657.8,135526
656.805,250092
654.38,439445
649.64,432447
655.47,198873
653.995,113970
653.54,79495
653.39,88886
654.505,335706
658.025,163808
657.505,85086
657.88,70341
657.95,109187
656.435,99721
658.32,597222
654.02,230864
652.6,149084
653.935,148131
655.96,123150
656.725,160455
653.92,898453
674.62,419373
672.88,207292
674.925,145304
676.08,167019
675.795,264697
672.9,628136
675.33,201061
675.275,257374
678.84,196236
679.92,123502
680.57,134782
679.03,354578
680.58,117648
681.37,125059
679.44,160912
679.29,81158
679.35,70886
679.345,286385
679.63,113794
680.52,122333
679.52,148096
682.42,95154
682.155,100088
683.285,633394
689.48,231766
691.54,184932
692.84,150189
693.02,145019
693.75,210079
692.735,443996
695.68,210795
696.75,174547
697.02,174002
696.57,155778
697.49,305578
699.64,493974
699.5,202370
699.97,242576
702.25,164185
700.81,135408
700.61,160899
700.71,330926
708.325,237988
710.49,221381
710.665,106521
711.91,132135
710.335,133895
709.66,295423
709.68,185179
707.29,178666
707.58,65784
707.64,63931
707.755,115123
708.28,276098
710.71,181909
707.69,165223
706.99,81577
705.62,194211
705.795,87946
706.37,468435
709.43,199591
710.07,110550
709.66,97350
708.91,104103
709.94,146688
709.66,320314
710.185,175884
711.72,131066
711.105,82875
710.89,397814
706.66,236848
707.16,336104
709.765,194554
711.47,126553
713.77,89958
713.61,89562
713.695,125562
713.59,333364
714.06,193234
713.66,153334
713.42,114359
714.18,148728
714.85,154944
714.855,369637
711.585,257215
710.53,117239
709.97,78828
710.13,108074
711.07,132406
711.52,322143
710.755,114115
711.46,133963
710.01,53902
709.72,65100
710.61,110370
710.6,307151
711.265,288280
714.13,138262
714.575,119152
714.34,167598
717.09,299308
718.355,792186
724.19,233951
722.66,155254
723.48,251154
721.88,120679
722.79,144616
721.17,330412
720.73,145090
720.92,234202
717.54,107092
716.54,83490
718.4,100251
717.53,277154
722.46,236632
723.14,116501
723.14,91056
723.45,110903
724.01,105262
724.33,481644
729.68,230063
732.15,120712
731.66,103263
731.01,99492
732.15,269531
732.96,781243
733.96,150127
736.09,91517
733.985,137666
732.09,193133
731.77,166755
731.1,382600
736.665,215370
737.04,146795
736.905,122567
736.85,137605
737.205,173618
736.37,510354
738.655,206160
739.67,218107
740.22,132625
739.5,94238
740.19,167095
738.59,327618
735.205,222141
733.785,241081
732.5,126561
732.22,187093
735.02,152536
736.02,416108
736.95,176077
738.87,112175
739.7,79826
742.17,69115
742.105,100175
742.67,369432